Timestamp,Scope,Name,CPU_m,MEM_MiB,Pods,CPU_pct,MEM_pct
2026-06-05 00:20:14,deployment,adservice,8,107,1,,
2026-06-05 00:20:14,deployment,cartservice,5,74,1,,
2026-06-05 00:20:14,deployment,checkoutservice,2,21,1,,
2026-06-05 00:20:14,deployment,currencyservice,40,62,1,,
2026-06-05 00:20:14,deployment,emailservice,8,61,1,,
2026-06-05 00:20:14,deployment,frontend,0,16,1,,
2026-06-05 00:20:14,deployment,paymentservice,4,75,1,,
2026-06-05 00:20:14,deployment,productcatalogservice,31,27,1,,
2026-06-05 00:20:14,deployment,recommendationservice,29,62,1,,
2026-06-05 00:20:14,deployment,redis-cart,7,36,1,,
2026-06-05 00:20:14,deployment,shippingservice,22,25,1,,
2026-06-05 00:20:14,node,master,382,1713,,19.1,44.6
2026-06-05 00:20:14,node,worker-1,66,822,,3.3,21.4
2026-06-05 00:20:14,node,worker-2,414,1059,,20.7,27.6
2026-06-05 00:20:14,node,worker-3,247,850,,12.3,22.1
2026-06-05 00:20:14,node,worker-4,392,2085,,19.6,54.3
2026-06-05 00:20:22,deployment,adservice,2,107,1,,
2026-06-05 00:20:22,deployment,cartservice,5,74,1,,
2026-06-05 00:20:22,deployment,checkoutservice,3,22,1,,
2026-06-05 00:20:22,deployment,currencyservice,4,62,1,,
2026-06-05 00:20:22,deployment,emailservice,6,61,1,,
2026-06-05 00:20:22,deployment,frontend,0,16,1,,
2026-06-05 00:20:22,deployment,paymentservice,4,75,1,,
2026-06-05 00:20:22,deployment,productcatalogservice,3,27,1,,
2026-06-05 00:20:22,deployment,recommendationservice,9,62,1,,
2026-06-05 00:20:22,deployment,redis-cart,2,36,1,,
2026-06-05 00:20:22,deployment,shippingservice,4,25,1,,
2026-06-05 00:20:22,node,master,404,1695,,20.2,44.2
2026-06-05 00:20:22,node,worker-1,918,1376,,45.9,35.8
2026-06-05 00:20:22,node,worker-2,707,1254,,35.4,32.7
2026-06-05 00:20:22,node,worker-3,141,849,,7.0,22.1
2026-06-05 00:20:22,node,worker-4,327,2097,,16.4,54.6
2026-06-05 00:20:28,deployment,adservice,2,107,1,,
2026-06-05 00:20:28,deployment,cartservice,5,74,1,,
2026-06-05 00:20:28,deployment,checkoutservice,3,22,1,,
2026-06-05 00:20:28,deployment,currencyservice,4,62,1,,
2026-06-05 00:20:28,deployment,emailservice,6,61,1,,
2026-06-05 00:20:28,deployment,frontend,0,16,1,,
2026-06-05 00:20:28,deployment,paymentservice,4,75,1,,
2026-06-05 00:20:28,deployment,productcatalogservice,3,27,1,,
2026-06-05 00:20:28,deployment,recommendationservice,9,62,1,,
2026-06-05 00:20:28,deployment,redis-cart,2,36,1,,
2026-06-05 00:20:28,deployment,shippingservice,4,25,1,,
2026-06-05 00:20:28,node,master,404,1695,,20.2,44.2
2026-06-05 00:20:28,node,worker-1,918,1376,,45.9,35.8
2026-06-05 00:20:28,node,worker-2,707,1254,,35.4,32.7
2026-06-05 00:20:28,node,worker-3,141,849,,7.0,22.1
2026-06-05 00:20:28,node,worker-4,327,2097,,16.4,54.6
2026-06-05 00:20:34,deployment,adservice,2,107,1,,
2026-06-05 00:20:34,deployment,cartservice,16,77,1,,
2026-06-05 00:20:34,deployment,checkoutservice,3,22,1,,
2026-06-05 00:20:34,deployment,currencyservice,29,37,1,,
2026-06-05 00:20:34,deployment,emailservice,7,61,1,,
2026-06-05 00:20:34,deployment,frontend,50,16,1,,
2026-06-05 00:20:34,deployment,paymentservice,2,74,1,,
2026-06-05 00:20:34,deployment,productcatalogservice,20,27,1,,
2026-06-05 00:20:34,deployment,recommendationservice,9,62,1,,
2026-06-05 00:20:34,deployment,redis-cart,3,36,1,,
2026-06-05 00:20:34,deployment,shippingservice,5,26,1,,
2026-06-05 00:20:34,node,master,251,1700,,12.6,44.3
2026-06-05 00:20:34,node,worker-1,45,1370,,2.2,35.7
2026-06-05 00:20:34,node,worker-2,332,1277,,16.6,33.3
2026-06-05 00:20:34,node,worker-3,100,850,,5.0,22.1
2026-06-05 00:20:34,node,worker-4,524,2036,,26.2,53.0
2026-06-05 00:20:42,deployment,adservice,6,108,1,,
2026-06-05 00:20:42,deployment,cartservice,16,77,1,,
2026-06-05 00:20:42,deployment,checkoutservice,3,22,1,,
2026-06-05 00:20:42,deployment,currencyservice,29,37,1,,
2026-06-05 00:20:42,deployment,emailservice,7,61,1,,
2026-06-05 00:20:42,deployment,frontend,50,16,1,,
2026-06-05 00:20:42,deployment,paymentservice,2,74,1,,
2026-06-05 00:20:42,deployment,productcatalogservice,20,27,1,,
2026-06-05 00:20:42,deployment,recommendationservice,9,62,1,,
2026-06-05 00:20:42,deployment,redis-cart,3,36,1,,
2026-06-05 00:20:42,deployment,shippingservice,5,26,1,,
2026-06-05 00:20:42,node,master,251,1700,,12.6,44.3
2026-06-05 00:20:42,node,worker-1,45,1370,,2.2,35.7
2026-06-05 00:20:42,node,worker-2,332,1277,,16.6,33.3
2026-06-05 00:20:42,node,worker-3,100,850,,5.0,22.1
2026-06-05 00:20:42,node,worker-4,524,2036,,26.2,53.0
2026-06-05 00:20:48,deployment,adservice,6,108,1,,
2026-06-05 00:20:48,deployment,cartservice,16,77,1,,
2026-06-05 00:20:48,deployment,checkoutservice,3,22,1,,
2026-06-05 00:20:48,deployment,currencyservice,29,37,1,,
2026-06-05 00:20:48,deployment,emailservice,7,61,1,,
2026-06-05 00:20:48,deployment,frontend,50,16,1,,
2026-06-05 00:20:48,deployment,paymentservice,2,74,1,,
2026-06-05 00:20:48,deployment,productcatalogservice,20,27,1,,
2026-06-05 00:20:48,deployment,recommendationservice,9,62,1,,
2026-06-05 00:20:48,deployment,redis-cart,3,36,1,,
2026-06-05 00:20:48,deployment,shippingservice,5,26,1,,
2026-06-05 00:20:48,node,master,251,1700,,12.6,44.3
2026-06-05 00:20:48,node,worker-1,45,1370,,2.2,35.7
2026-06-05 00:20:48,node,worker-2,332,1277,,16.6,33.3
2026-06-05 00:20:48,node,worker-3,100,850,,5.0,22.1
2026-06-05 00:20:48,node,worker-4,524,2036,,26.2,53.0
2026-06-05 00:20:54,deployment,adservice,6,108,1,,
2026-06-05 00:20:54,deployment,cartservice,20,74,1,,
2026-06-05 00:20:54,deployment,checkoutservice,4,21,1,,
2026-06-05 00:20:54,deployment,currencyservice,30,35,1,,
2026-06-05 00:20:54,deployment,emailservice,8,61,1,,
2026-06-05 00:20:54,deployment,frontend,55,16,1,,
2026-06-05 00:20:54,deployment,paymentservice,3,75,1,,
2026-06-05 00:20:54,deployment,productcatalogservice,29,27,1,,
2026-06-05 00:20:54,deployment,recommendationservice,21,62,1,,
2026-06-05 00:20:54,deployment,redis-cart,3,36,1,,
2026-06-05 00:20:54,deployment,shippingservice,6,26,1,,
2026-06-05 00:20:54,node,master,250,1699,,12.5,44.3
2026-06-05 00:20:54,node,worker-1,116,1369,,5.8,35.7
2026-06-05 00:20:54,node,worker-2,224,1278,,11.2,33.3
2026-06-05 00:20:54,node,worker-3,73,848,,3.6,22.1
2026-06-05 00:20:54,node,worker-4,522,2084,,26.1,54.3
2026-06-05 00:21:01,deployment,adservice,6,108,1,,
2026-06-05 00:21:01,deployment,cartservice,20,74,1,,
2026-06-05 00:21:01,deployment,checkoutservice,4,21,1,,
2026-06-05 00:21:01,deployment,currencyservice,30,35,1,,
2026-06-05 00:21:01,deployment,emailservice,8,61,1,,
2026-06-05 00:21:01,deployment,frontend,55,16,1,,
2026-06-05 00:21:01,deployment,paymentservice,3,75,1,,
2026-06-05 00:21:01,deployment,productcatalogservice,29,27,1,,
2026-06-05 00:21:01,deployment,recommendationservice,21,62,1,,
2026-06-05 00:21:01,deployment,redis-cart,3,36,1,,
2026-06-05 00:21:01,deployment,shippingservice,6,26,1,,
2026-06-05 00:21:01,node,master,250,1699,,12.5,44.3
2026-06-05 00:21:01,node,worker-1,116,1369,,5.8,35.7
2026-06-05 00:21:01,node,worker-2,224,1278,,11.2,33.3
2026-06-05 00:21:01,node,worker-3,73,848,,3.6,22.1
2026-06-05 00:21:01,node,worker-4,522,2084,,26.1,54.3
2026-06-05 00:21:07,deployment,adservice,6,108,1,,
2026-06-05 00:21:07,deployment,cartservice,20,74,1,,
2026-06-05 00:21:07,deployment,checkoutservice,5,21,1,,
2026-06-05 00:21:07,deployment,currencyservice,34,35,1,,
2026-06-05 00:21:07,deployment,emailservice,7,61,1,,
2026-06-05 00:21:07,deployment,frontend,54,16,1,,
2026-06-05 00:21:07,deployment,paymentservice,3,75,1,,
2026-06-05 00:21:07,deployment,productcatalogservice,27,27,1,,
2026-06-05 00:21:07,deployment,recommendationservice,21,62,1,,
2026-06-05 00:21:07,deployment,redis-cart,3,36,1,,
2026-06-05 00:21:07,deployment,shippingservice,7,26,1,,
2026-06-05 00:21:07,node,master,331,1701,,16.6,44.3
2026-06-05 00:21:07,node,worker-1,117,1372,,5.9,35.7
2026-06-05 00:21:07,node,worker-2,266,1276,,13.3,33.2
2026-06-05 00:21:07,node,worker-3,77,846,,3.9,22.0
2026-06-05 00:21:07,node,worker-4,506,2085,,25.3,54.3
2026-06-05 00:21:13,deployment,adservice,6,108,1,,
2026-06-05 00:21:13,deployment,cartservice,20,74,1,,
2026-06-05 00:21:13,deployment,checkoutservice,5,21,1,,
2026-06-05 00:21:13,deployment,currencyservice,34,35,1,,
2026-06-05 00:21:13,deployment,emailservice,7,61,1,,
2026-06-05 00:21:13,deployment,frontend,54,16,1,,
2026-06-05 00:21:13,deployment,paymentservice,3,75,1,,
2026-06-05 00:21:13,deployment,productcatalogservice,27,27,1,,
2026-06-05 00:21:13,deployment,recommendationservice,21,62,1,,
2026-06-05 00:21:13,deployment,redis-cart,3,36,1,,
2026-06-05 00:21:13,deployment,shippingservice,7,26,1,,
2026-06-05 00:21:13,node,master,331,1701,,16.6,44.3
2026-06-05 00:21:13,node,worker-1,117,1372,,5.9,35.7
2026-06-05 00:21:13,node,worker-2,266,1276,,13.3,33.2
2026-06-05 00:21:13,node,worker-3,77,846,,3.9,22.0
2026-06-05 00:21:13,node,worker-4,506,2085,,25.3,54.3
2026-06-05 00:21:19,deployment,adservice,6,107,1,,
2026-06-05 00:21:19,deployment,cartservice,20,74,1,,
2026-06-05 00:21:19,deployment,checkoutservice,5,21,1,,
2026-06-05 00:21:19,deployment,currencyservice,30,36,1,,
2026-06-05 00:21:19,deployment,emailservice,7,61,1,,
2026-06-05 00:21:19,deployment,frontend,55,16,1,,
2026-06-05 00:21:19,deployment,paymentservice,4,74,1,,
2026-06-05 00:21:19,deployment,productcatalogservice,31,27,1,,
2026-06-05 00:21:19,deployment,recommendationservice,21,62,1,,
2026-06-05 00:21:19,deployment,redis-cart,3,36,1,,
2026-06-05 00:21:19,deployment,shippingservice,6,25,1,,
2026-06-05 00:21:19,node,master,267,1698,,13.4,44.2
2026-06-05 00:21:19,node,worker-1,84,1370,,4.2,35.7
2026-06-05 00:21:19,node,worker-2,200,1275,,10.0,33.2
2026-06-05 00:21:19,node,worker-3,85,843,,4.2,22.0
2026-06-05 00:21:19,node,worker-4,499,2024,,24.9,52.7
2026-06-05 00:21:27,deployment,adservice,6,107,1,,
2026-06-05 00:21:27,deployment,cartservice,20,74,1,,
2026-06-05 00:21:27,deployment,checkoutservice,5,21,1,,
2026-06-05 00:21:27,deployment,currencyservice,30,36,1,,
2026-06-05 00:21:27,deployment,emailservice,7,61,1,,
2026-06-05 00:21:27,deployment,frontend,55,16,1,,
2026-06-05 00:21:27,deployment,paymentservice,4,74,1,,
2026-06-05 00:21:27,deployment,productcatalogservice,31,27,1,,
2026-06-05 00:21:27,deployment,recommendationservice,21,62,1,,
2026-06-05 00:21:27,deployment,redis-cart,3,36,1,,
2026-06-05 00:21:27,deployment,shippingservice,6,25,1,,
2026-06-05 00:21:27,node,master,267,1698,,13.4,44.2
2026-06-05 00:21:27,node,worker-1,84,1370,,4.2,35.7
2026-06-05 00:21:27,node,worker-2,200,1275,,10.0,33.2
2026-06-05 00:21:27,node,worker-3,85,843,,4.2,22.0
2026-06-05 00:21:27,node,worker-4,499,2024,,24.9,52.7
2026-06-05 00:21:33,deployment,adservice,6,107,1,,
2026-06-05 00:21:33,deployment,cartservice,20,74,1,,
2026-06-05 00:21:33,deployment,checkoutservice,5,21,1,,
2026-06-05 00:21:33,deployment,currencyservice,30,36,1,,
2026-06-05 00:21:33,deployment,emailservice,7,61,1,,
2026-06-05 00:21:33,deployment,frontend,55,16,1,,
2026-06-05 00:21:33,deployment,paymentservice,4,74,1,,
2026-06-05 00:21:33,deployment,productcatalogservice,31,27,1,,
2026-06-05 00:21:33,deployment,recommendationservice,21,62,1,,
2026-06-05 00:21:33,deployment,redis-cart,3,36,1,,
2026-06-05 00:21:33,deployment,shippingservice,6,25,1,,
2026-06-05 00:21:33,node,master,267,1698,,13.4,44.2
2026-06-05 00:21:33,node,worker-1,84,1370,,4.2,35.7
2026-06-05 00:21:33,node,worker-2,200,1275,,10.0,33.2
2026-06-05 00:21:33,node,worker-3,85,843,,4.2,22.0
2026-06-05 00:21:33,node,worker-4,499,2024,,24.9,52.7
2026-06-05 00:21:39,deployment,adservice,9,107,1,,
2026-06-05 00:21:39,deployment,cartservice,33,74,1,,
2026-06-05 00:21:39,deployment,checkoutservice,4,21,1,,
2026-06-05 00:21:39,deployment,currencyservice,49,39,1,,
2026-06-05 00:21:39,deployment,emailservice,7,61,1,,
2026-06-05 00:21:39,deployment,frontend,90,16,1,,
2026-06-05 00:21:39,deployment,paymentservice,5,75,1,,
2026-06-05 00:21:39,deployment,productcatalogservice,41,27,1,,
2026-06-05 00:21:39,deployment,recommendationservice,31,62,1,,
2026-06-05 00:21:39,deployment,redis-cart,4,36,1,,
2026-06-05 00:21:39,deployment,shippingservice,8,25,1,,
2026-06-05 00:21:39,node,master,350,1701,,17.5,44.3
2026-06-05 00:21:39,node,worker-1,131,1372,,6.6,35.7
2026-06-05 00:21:39,node,worker-2,316,1278,,15.8,33.3
2026-06-05 00:21:39,node,worker-3,90,847,,4.5,22.1
2026-06-05 00:21:39,node,worker-4,614,2091,,30.7,54.5
2026-06-05 00:21:46,deployment,adservice,9,107,1,,
2026-06-05 00:21:46,deployment,cartservice,33,74,1,,
2026-06-05 00:21:46,deployment,checkoutservice,4,21,1,,
2026-06-05 00:21:46,deployment,currencyservice,49,39,1,,
2026-06-05 00:21:46,deployment,emailservice,7,61,1,,
2026-06-05 00:21:46,deployment,frontend,90,16,1,,
2026-06-05 00:21:46,deployment,paymentservice,5,75,1,,
2026-06-05 00:21:46,deployment,productcatalogservice,41,27,1,,
2026-06-05 00:21:46,deployment,recommendationservice,31,62,1,,
2026-06-05 00:21:46,deployment,redis-cart,4,36,1,,
2026-06-05 00:21:46,deployment,shippingservice,8,25,1,,
2026-06-05 00:21:46,node,master,350,1701,,17.5,44.3
2026-06-05 00:21:46,node,worker-1,131,1372,,6.6,35.7
2026-06-05 00:21:46,node,worker-2,316,1278,,15.8,33.3
2026-06-05 00:21:46,node,worker-3,90,847,,4.5,22.1
2026-06-05 00:21:46,node,worker-4,614,2091,,30.7,54.5
2026-06-05 00:21:52,deployment,adservice,8,107,1,,
2026-06-05 00:21:52,deployment,cartservice,36,74,1,,
2026-06-05 00:21:52,deployment,checkoutservice,4,21,1,,
2026-06-05 00:21:52,deployment,currencyservice,54,39,1,,
2026-06-05 00:21:52,deployment,emailservice,8,61,1,,
2026-06-05 00:21:52,deployment,frontend,98,16,1,,
2026-06-05 00:21:52,deployment,paymentservice,2,75,1,,
2026-06-05 00:21:52,deployment,productcatalogservice,55,27,1,,
2026-06-05 00:21:52,deployment,recommendationservice,32,62,1,,
2026-06-05 00:21:52,deployment,redis-cart,4,36,1,,
2026-06-05 00:21:52,deployment,shippingservice,8,25,1,,
2026-06-05 00:21:52,node,master,370,1692,,18.5,44.1
2026-06-05 00:21:52,node,worker-1,91,1368,,4.5,35.6
2026-06-05 00:21:52,node,worker-2,294,1272,,14.7,33.1
2026-06-05 00:21:52,node,worker-3,91,844,,4.5,22.0
2026-06-05 00:21:52,node,worker-4,691,2010,,34.5,52.4
2026-06-05 00:21:58,deployment,adservice,8,107,1,,
2026-06-05 00:21:58,deployment,cartservice,36,74,1,,
2026-06-05 00:21:58,deployment,checkoutservice,4,21,1,,
2026-06-05 00:21:58,deployment,currencyservice,54,39,1,,
2026-06-05 00:21:58,deployment,emailservice,8,61,1,,
2026-06-05 00:21:58,deployment,frontend,98,16,1,,
2026-06-05 00:21:58,deployment,paymentservice,2,75,1,,
2026-06-05 00:21:58,deployment,productcatalogservice,55,27,1,,
2026-06-05 00:21:58,deployment,recommendationservice,32,62,1,,
2026-06-05 00:21:58,deployment,redis-cart,4,36,1,,
2026-06-05 00:21:58,deployment,shippingservice,8,25,1,,
2026-06-05 00:21:58,node,master,370,1692,,18.5,44.1
2026-06-05 00:21:58,node,worker-1,91,1368,,4.5,35.6
2026-06-05 00:21:58,node,worker-2,294,1272,,14.7,33.1
2026-06-05 00:21:58,node,worker-3,91,844,,4.5,22.0
2026-06-05 00:21:58,node,worker-4,691,2010,,34.5,52.4
2026-06-05 00:22:04,deployment,adservice,8,107,1,,
2026-06-05 00:22:04,deployment,cartservice,36,74,1,,
2026-06-05 00:22:04,deployment,checkoutservice,4,21,1,,
2026-06-05 00:22:04,deployment,currencyservice,54,39,1,,
2026-06-05 00:22:04,deployment,emailservice,8,61,1,,
2026-06-05 00:22:04,deployment,frontend,98,16,1,,
2026-06-05 00:22:04,deployment,paymentservice,2,75,1,,
2026-06-05 00:22:04,deployment,productcatalogservice,55,27,1,,
2026-06-05 00:22:04,deployment,recommendationservice,32,62,1,,
2026-06-05 00:22:04,deployment,redis-cart,4,36,1,,
2026-06-05 00:22:04,deployment,shippingservice,7,25,1,,
2026-06-05 00:22:04,node,master,347,1695,,17.3,44.2
2026-06-05 00:22:04,node,worker-1,108,1369,,5.4,35.7
2026-06-05 00:22:04,node,worker-2,308,1275,,15.4,33.2
2026-06-05 00:22:04,node,worker-3,104,847,,5.2,22.1
2026-06-05 00:22:04,node,worker-4,620,2098,,31.0,54.6
2026-06-05 00:22:11,deployment,adservice,9,107,1,,
2026-06-05 00:22:11,deployment,cartservice,45,74,1,,
2026-06-05 00:22:11,deployment,checkoutservice,6,21,1,,
2026-06-05 00:22:11,deployment,currencyservice,58,40,1,,
2026-06-05 00:22:11,deployment,emailservice,7,61,1,,
2026-06-05 00:22:11,deployment,frontend,96,16,1,,
2026-06-05 00:22:11,deployment,paymentservice,4,75,1,,
2026-06-05 00:22:11,deployment,productcatalogservice,49,27,1,,
2026-06-05 00:22:11,deployment,recommendationservice,37,62,1,,
2026-06-05 00:22:11,deployment,redis-cart,4,36,1,,
2026-06-05 00:22:11,deployment,shippingservice,7,25,1,,
2026-06-05 00:22:11,node,master,347,1695,,17.3,44.2
2026-06-05 00:22:11,node,worker-1,108,1369,,5.4,35.7
2026-06-05 00:22:11,node,worker-2,308,1275,,15.4,33.2
2026-06-05 00:22:11,node,worker-3,104,847,,5.2,22.1
2026-06-05 00:22:11,node,worker-4,620,2098,,31.0,54.6
2026-06-05 00:22:17,deployment,adservice,9,107,1,,
2026-06-05 00:22:17,deployment,cartservice,45,74,1,,
2026-06-05 00:22:17,deployment,checkoutservice,6,21,1,,
2026-06-05 00:22:17,deployment,currencyservice,58,40,1,,
2026-06-05 00:22:17,deployment,emailservice,7,61,1,,
2026-06-05 00:22:17,deployment,frontend,96,16,1,,
2026-06-05 00:22:17,deployment,paymentservice,4,75,1,,
2026-06-05 00:22:17,deployment,productcatalogservice,49,27,1,,
2026-06-05 00:22:17,deployment,recommendationservice,37,62,1,,
2026-06-05 00:22:17,deployment,redis-cart,4,36,1,,
2026-06-05 00:22:17,deployment,shippingservice,7,25,1,,
2026-06-05 00:22:17,node,master,347,1695,,17.3,44.2
2026-06-05 00:22:17,node,worker-1,108,1369,,5.4,35.7
2026-06-05 00:22:17,node,worker-2,308,1275,,15.4,33.2
2026-06-05 00:22:17,node,worker-3,104,847,,5.2,22.1
2026-06-05 00:22:17,node,worker-4,620,2098,,31.0,54.6
2026-06-05 00:22:22,deployment,adservice,9,107,1,,
2026-06-05 00:22:22,deployment,cartservice,38,74,1,,
2026-06-05 00:22:22,deployment,checkoutservice,6,21,1,,
2026-06-05 00:22:22,deployment,currencyservice,60,41,1,,
2026-06-05 00:22:22,deployment,emailservice,9,61,1,,
2026-06-05 00:22:22,deployment,frontend,96,16,1,,
2026-06-05 00:22:22,deployment,paymentservice,6,74,1,,
2026-06-05 00:22:22,deployment,productcatalogservice,51,27,1,,
2026-06-05 00:22:22,deployment,recommendationservice,35,62,1,,
2026-06-05 00:22:22,deployment,redis-cart,4,36,1,,
2026-06-05 00:22:22,deployment,shippingservice,7,25,1,,
2026-06-05 00:22:22,node,master,417,1694,,20.8,44.1
2026-06-05 00:22:22,node,worker-1,74,1367,,3.7,35.6
2026-06-05 00:22:22,node,worker-2,314,1271,,15.7,33.1
2026-06-05 00:22:22,node,worker-3,101,844,,5.1,22.0
2026-06-05 00:22:22,node,worker-4,710,2000,,35.5,52.1
2026-06-05 00:22:28,deployment,adservice,9,107,1,,
2026-06-05 00:22:28,deployment,cartservice,38,74,1,,
2026-06-05 00:22:28,deployment,checkoutservice,6,21,1,,
2026-06-05 00:22:28,deployment,currencyservice,60,41,1,,
2026-06-05 00:22:28,deployment,emailservice,9,61,1,,
2026-06-05 00:22:28,deployment,frontend,96,16,1,,
2026-06-05 00:22:28,deployment,paymentservice,6,74,1,,
2026-06-05 00:22:28,deployment,productcatalogservice,51,27,1,,
2026-06-05 00:22:28,deployment,recommendationservice,35,62,1,,
2026-06-05 00:22:28,deployment,redis-cart,4,36,1,,
2026-06-05 00:22:28,deployment,shippingservice,7,25,1,,
2026-06-05 00:22:28,node,master,417,1694,,20.8,44.1
2026-06-05 00:22:28,node,worker-1,74,1367,,3.7,35.6
2026-06-05 00:22:28,node,worker-2,314,1271,,15.7,33.1
2026-06-05 00:22:28,node,worker-3,101,844,,5.1,22.0
2026-06-05 00:22:28,node,worker-4,710,2000,,35.5,52.1
2026-06-05 00:22:34,deployment,adservice,11,108,1,,
2026-06-05 00:22:34,deployment,cartservice,54,74,1,,
2026-06-05 00:22:34,deployment,checkoutservice,5,21,1,,
2026-06-05 00:22:34,deployment,currencyservice,79,41,1,,
2026-06-05 00:22:34,deployment,emailservice,8,61,1,,
2026-06-05 00:22:34,deployment,frontend,113,16,1,,
2026-06-05 00:22:34,deployment,paymentservice,2,75,1,,
2026-06-05 00:22:34,deployment,productcatalogservice,63,27,1,,
2026-06-05 00:22:34,deployment,recommendationservice,41,62,1,,
2026-06-05 00:22:34,deployment,redis-cart,5,36,1,,
2026-06-05 00:22:34,deployment,shippingservice,9,25,1,,
2026-06-05 00:22:34,node,master,429,1696,,21.4,44.2
2026-06-05 00:22:34,node,worker-1,119,1369,,5.9,35.7
2026-06-05 00:22:34,node,worker-2,341,1275,,17.1,33.2
2026-06-05 00:22:34,node,worker-3,130,835,,6.5,21.8
2026-06-05 00:22:34,node,worker-4,716,2024,,35.8,52.7
2026-06-05 00:22:42,deployment,adservice,11,108,1,,
2026-06-05 00:22:42,deployment,cartservice,54,74,1,,
2026-06-05 00:22:42,deployment,checkoutservice,5,21,1,,
2026-06-05 00:22:42,deployment,currencyservice,79,41,1,,
2026-06-05 00:22:42,deployment,emailservice,8,61,1,,
2026-06-05 00:22:42,deployment,frontend,113,16,1,,
2026-06-05 00:22:42,deployment,paymentservice,2,75,1,,
2026-06-05 00:22:42,deployment,productcatalogservice,63,27,1,,
2026-06-05 00:22:42,deployment,recommendationservice,41,62,1,,
2026-06-05 00:22:42,deployment,redis-cart,5,36,1,,
2026-06-05 00:22:42,deployment,shippingservice,9,25,1,,
2026-06-05 00:22:42,node,master,429,1696,,21.4,44.2
2026-06-05 00:22:42,node,worker-1,119,1369,,5.9,35.7
2026-06-05 00:22:42,node,worker-2,341,1275,,17.1,33.2
2026-06-05 00:22:42,node,worker-3,130,835,,6.5,21.8
2026-06-05 00:22:42,node,worker-4,716,2024,,35.8,52.7
2026-06-05 00:22:48,deployment,adservice,11,108,1,,
2026-06-05 00:22:48,deployment,cartservice,54,74,1,,
2026-06-05 00:22:48,deployment,checkoutservice,5,21,1,,
2026-06-05 00:22:48,deployment,currencyservice,79,41,1,,
2026-06-05 00:22:48,deployment,emailservice,8,61,1,,
2026-06-05 00:22:48,deployment,frontend,113,16,1,,
2026-06-05 00:22:48,deployment,paymentservice,2,75,1,,
2026-06-05 00:22:48,deployment,productcatalogservice,63,27,1,,
2026-06-05 00:22:48,deployment,recommendationservice,41,62,1,,
2026-06-05 00:22:48,deployment,redis-cart,5,36,1,,
2026-06-05 00:22:48,deployment,shippingservice,9,25,1,,
2026-06-05 00:22:48,node,master,429,1696,,21.4,44.2
2026-06-05 00:22:48,node,worker-1,119,1369,,5.9,35.7
2026-06-05 00:22:48,node,worker-2,341,1275,,17.1,33.2
2026-06-05 00:22:48,node,worker-3,130,835,,6.5,21.8
2026-06-05 00:22:48,node,worker-4,716,2024,,35.8,52.7
2026-06-05 00:22:54,deployment,adservice,11,108,1,,
2026-06-05 00:22:54,deployment,cartservice,43,74,1,,
2026-06-05 00:22:54,deployment,checkoutservice,7,21,1,,
2026-06-05 00:22:54,deployment,currencyservice,84,42,1,,
2026-06-05 00:22:54,deployment,emailservice,8,61,1,,
2026-06-05 00:22:54,deployment,frontend,138,16,1,,
2026-06-05 00:22:54,deployment,paymentservice,5,75,1,,
2026-06-05 00:22:54,deployment,productcatalogservice,69,27,1,,
2026-06-05 00:22:54,deployment,recommendationservice,47,62,1,,
2026-06-05 00:22:54,deployment,redis-cart,5,36,1,,
2026-06-05 00:22:54,deployment,shippingservice,9,25,1,,
2026-06-05 00:22:54,node,master,420,1692,,21.0,44.1
2026-06-05 00:22:54,node,worker-1,87,1369,,4.3,35.7
2026-06-05 00:22:54,node,worker-2,390,1256,,19.5,32.7
2026-06-05 00:22:54,node,worker-3,109,832,,5.5,21.7
2026-06-05 00:22:54,node,worker-4,927,1989,,46.4,51.8
2026-06-05 00:23:01,deployment,adservice,11,108,1,,
2026-06-05 00:23:01,deployment,cartservice,43,74,1,,
2026-06-05 00:23:01,deployment,checkoutservice,7,21,1,,
2026-06-05 00:23:01,deployment,currencyservice,84,42,1,,
2026-06-05 00:23:01,deployment,emailservice,8,61,1,,
2026-06-05 00:23:01,deployment,frontend,138,16,1,,
2026-06-05 00:23:01,deployment,paymentservice,5,75,1,,
2026-06-05 00:23:01,deployment,productcatalogservice,69,27,1,,
2026-06-05 00:23:01,deployment,recommendationservice,47,62,1,,
2026-06-05 00:23:01,deployment,redis-cart,5,36,1,,
2026-06-05 00:23:01,deployment,shippingservice,9,25,1,,
2026-06-05 00:23:01,node,master,420,1692,,21.0,44.1
2026-06-05 00:23:01,node,worker-1,87,1369,,4.3,35.7
2026-06-05 00:23:01,node,worker-2,390,1256,,19.5,32.7
2026-06-05 00:23:01,node,worker-3,109,832,,5.5,21.7
2026-06-05 00:23:01,node,worker-4,927,1989,,46.4,51.8
2026-06-05 00:23:08,deployment,adservice,8,108,1,,
2026-06-05 00:23:08,deployment,cartservice,64,74,1,,
2026-06-05 00:23:08,deployment,checkoutservice,8,21,1,,
2026-06-05 00:23:08,deployment,currencyservice,80,45,1,,
2026-06-05 00:23:08,deployment,emailservice,8,61,1,,
2026-06-05 00:23:08,deployment,frontend,133,16,1,,
2026-06-05 00:23:08,deployment,paymentservice,3,75,1,,
2026-06-05 00:23:08,deployment,productcatalogservice,68,27,1,,
2026-06-05 00:23:08,deployment,recommendationservice,48,62,1,,
2026-06-05 00:23:08,deployment,redis-cart,5,36,1,,
2026-06-05 00:23:08,deployment,shippingservice,9,25,1,,
2026-06-05 00:23:08,node,master,435,1696,,21.8,44.2
2026-06-05 00:23:08,node,worker-1,146,1371,,7.3,35.7
2026-06-05 00:23:08,node,worker-2,361,1260,,18.1,32.8
2026-06-05 00:23:08,node,worker-3,117,836,,5.9,21.8
2026-06-05 00:23:08,node,worker-4,737,2047,,36.9,53.3
2026-06-05 00:23:14,deployment,adservice,8,108,1,,
2026-06-05 00:23:14,deployment,cartservice,64,74,1,,
2026-06-05 00:23:14,deployment,checkoutservice,8,21,1,,
2026-06-05 00:23:14,deployment,currencyservice,80,45,1,,
2026-06-05 00:23:14,deployment,emailservice,8,61,1,,
2026-06-05 00:23:14,deployment,frontend,133,16,1,,
2026-06-05 00:23:14,deployment,paymentservice,3,75,1,,
2026-06-05 00:23:14,deployment,productcatalogservice,68,27,1,,
2026-06-05 00:23:14,deployment,recommendationservice,48,62,1,,
2026-06-05 00:23:14,deployment,redis-cart,5,36,1,,
2026-06-05 00:23:14,deployment,shippingservice,9,25,1,,
2026-06-05 00:23:14,node,master,435,1696,,21.8,44.2
2026-06-05 00:23:14,node,worker-1,146,1371,,7.3,35.7
2026-06-05 00:23:14,node,worker-2,361,1260,,18.1,32.8
2026-06-05 00:23:14,node,worker-3,117,836,,5.9,21.8
2026-06-05 00:23:14,node,worker-4,737,2047,,36.9,53.3
2026-06-05 00:23:19,deployment,adservice,8,108,1,,
2026-06-05 00:23:19,deployment,cartservice,64,74,1,,
2026-06-05 00:23:19,deployment,checkoutservice,8,21,1,,
2026-06-05 00:23:19,deployment,currencyservice,80,45,1,,
2026-06-05 00:23:19,deployment,emailservice,8,61,1,,
2026-06-05 00:23:19,deployment,frontend,133,16,1,,
2026-06-05 00:23:19,deployment,paymentservice,3,75,1,,
2026-06-05 00:23:19,deployment,productcatalogservice,67,27,1,,
2026-06-05 00:23:19,deployment,recommendationservice,50,62,1,,
2026-06-05 00:23:19,deployment,redis-cart,5,36,1,,
2026-06-05 00:23:19,deployment,shippingservice,10,25,1,,
2026-06-05 00:23:19,node,master,420,1692,,21.0,44.1
2026-06-05 00:23:19,node,worker-1,71,1372,,3.5,35.7
2026-06-05 00:23:19,node,worker-2,362,1257,,18.1,32.7
2026-06-05 00:23:19,node,worker-3,125,833,,6.2,21.7
2026-06-05 00:23:19,node,worker-4,805,2075,,40.2,54.1
2026-06-05 00:23:26,deployment,adservice,12,108,1,,
2026-06-05 00:23:26,deployment,cartservice,49,74,1,,
2026-06-05 00:23:26,deployment,checkoutservice,10,21,1,,
2026-06-05 00:23:26,deployment,currencyservice,84,45,1,,
2026-06-05 00:23:26,deployment,emailservice,8,61,1,,
2026-06-05 00:23:26,deployment,frontend,139,16,1,,
2026-06-05 00:23:26,deployment,paymentservice,6,75,1,,
2026-06-05 00:23:26,deployment,productcatalogservice,67,27,1,,
2026-06-05 00:23:26,deployment,recommendationservice,50,62,1,,
2026-06-05 00:23:26,deployment,redis-cart,5,36,1,,
2026-06-05 00:23:26,deployment,shippingservice,10,25,1,,
2026-06-05 00:23:26,node,master,420,1692,,21.0,44.1
2026-06-05 00:23:26,node,worker-1,71,1372,,3.5,35.7
2026-06-05 00:23:26,node,worker-2,362,1257,,18.1,32.7
2026-06-05 00:23:26,node,worker-3,125,833,,6.2,21.7
2026-06-05 00:23:26,node,worker-4,805,2075,,40.2,54.1
2026-06-05 00:23:32,deployment,adservice,12,108,1,,
2026-06-05 00:23:32,deployment,cartservice,49,74,1,,
2026-06-05 00:23:32,deployment,checkoutservice,10,21,1,,
2026-06-05 00:23:32,deployment,currencyservice,84,45,1,,
2026-06-05 00:23:32,deployment,emailservice,8,61,1,,
2026-06-05 00:23:32,deployment,frontend,139,16,1,,
2026-06-05 00:23:32,deployment,paymentservice,6,75,1,,
2026-06-05 00:23:32,deployment,productcatalogservice,67,27,1,,
2026-06-05 00:23:32,deployment,recommendationservice,50,62,1,,
2026-06-05 00:23:32,deployment,redis-cart,5,36,1,,
2026-06-05 00:23:32,deployment,shippingservice,10,25,1,,
2026-06-05 00:23:32,node,master,420,1692,,21.0,44.1
2026-06-05 00:23:32,node,worker-1,71,1372,,3.5,35.7
2026-06-05 00:23:32,node,worker-2,362,1257,,18.1,32.7
2026-06-05 00:23:32,node,worker-3,125,833,,6.2,21.7
2026-06-05 00:23:32,node,worker-4,805,2075,,40.2,54.1
2026-06-05 00:23:38,deployment,adservice,12,108,1,,
2026-06-05 00:23:38,deployment,cartservice,84,74,1,,
2026-06-05 00:23:38,deployment,checkoutservice,8,21,1,,
2026-06-05 00:23:38,deployment,currencyservice,110,46,1,,
2026-06-05 00:23:38,deployment,emailservice,8,61,1,,
2026-06-05 00:23:38,deployment,frontend,177,16,1,,
2026-06-05 00:23:38,deployment,paymentservice,4,75,1,,
2026-06-05 00:23:38,deployment,productcatalogservice,67,27,1,,
2026-06-05 00:23:38,deployment,recommendationservice,61,62,1,,
2026-06-05 00:23:38,deployment,redis-cart,21,36,1,,
2026-06-05 00:23:38,deployment,shippingservice,10,25,1,,
2026-06-05 00:23:38,node,master,541,1696,,27.1,44.2
2026-06-05 00:23:38,node,worker-1,110,1372,,5.5,35.7
2026-06-05 00:23:38,node,worker-2,419,1260,,20.9,32.8
2026-06-05 00:23:38,node,worker-3,149,838,,7.4,21.8
2026-06-05 00:23:38,node,worker-4,928,2064,,46.4,53.8
2026-06-05 00:23:45,deployment,adservice,12,108,1,,
2026-06-05 00:23:45,deployment,cartservice,84,74,1,,
2026-06-05 00:23:45,deployment,checkoutservice,8,21,1,,
2026-06-05 00:23:45,deployment,currencyservice,110,46,1,,
2026-06-05 00:23:45,deployment,emailservice,8,61,1,,
2026-06-05 00:23:45,deployment,frontend,177,16,1,,
2026-06-05 00:23:45,deployment,paymentservice,4,75,1,,
2026-06-05 00:23:45,deployment,productcatalogservice,67,27,1,,
2026-06-05 00:23:45,deployment,recommendationservice,61,62,1,,
2026-06-05 00:23:45,deployment,redis-cart,21,36,1,,
2026-06-05 00:23:45,deployment,shippingservice,10,25,1,,
2026-06-05 00:23:45,node,master,541,1696,,27.1,44.2
2026-06-05 00:23:45,node,worker-1,110,1372,,5.5,35.7
2026-06-05 00:23:45,node,worker-2,419,1260,,20.9,32.8
2026-06-05 00:23:45,node,worker-3,149,838,,7.4,21.8
2026-06-05 00:23:45,node,worker-4,928,2064,,46.4,53.8
2026-06-05 00:23:52,deployment,adservice,15,108,1,,
2026-06-05 00:23:52,deployment,cartservice,93,74,1,,
2026-06-05 00:23:52,deployment,checkoutservice,8,21,1,,
2026-06-05 00:23:52,deployment,currencyservice,111,47,1,,
2026-06-05 00:23:52,deployment,emailservice,9,61,1,,
2026-06-05 00:23:52,deployment,frontend,179,16,1,,
2026-06-05 00:23:52,deployment,paymentservice,6,76,1,,
2026-06-05 00:23:52,deployment,productcatalogservice,92,27,1,,
2026-06-05 00:23:52,deployment,recommendationservice,61,62,1,,
2026-06-05 00:23:52,deployment,redis-cart,7,36,1,,
2026-06-05 00:23:52,deployment,shippingservice,10,25,1,,
2026-06-05 00:23:52,node,master,460,1695,,23.0,44.2
2026-06-05 00:23:52,node,worker-1,60,1373,,3.0,35.8
2026-06-05 00:23:52,node,worker-2,448,1258,,22.4,32.8
2026-06-05 00:23:52,node,worker-3,141,835,,7.0,21.8
2026-06-05 00:23:52,node,worker-4,987,2081,,49.4,54.2
2026-06-05 00:23:58,deployment,adservice,15,108,1,,
2026-06-05 00:23:58,deployment,cartservice,93,74,1,,
2026-06-05 00:23:58,deployment,checkoutservice,8,21,1,,
2026-06-05 00:23:58,deployment,currencyservice,111,47,1,,
2026-06-05 00:23:58,deployment,emailservice,9,61,1,,
2026-06-05 00:23:58,deployment,frontend,179,16,1,,
2026-06-05 00:23:58,deployment,paymentservice,6,76,1,,
2026-06-05 00:23:58,deployment,productcatalogservice,92,27,1,,
2026-06-05 00:23:58,deployment,recommendationservice,61,62,1,,
2026-06-05 00:23:58,deployment,redis-cart,7,36,1,,
2026-06-05 00:23:58,deployment,shippingservice,10,25,1,,
2026-06-05 00:23:58,node,master,460,1695,,23.0,44.2
2026-06-05 00:23:58,node,worker-1,60,1373,,3.0,35.8
2026-06-05 00:23:58,node,worker-2,448,1258,,22.4,32.8
2026-06-05 00:23:58,node,worker-3,141,835,,7.0,21.8
2026-06-05 00:23:58,node,worker-4,987,2081,,49.4,54.2
2026-06-05 00:24:07,deployment,adservice,13,108,1,,
2026-06-05 00:24:07,deployment,cartservice,59,74,1,,
2026-06-05 00:24:07,deployment,checkoutservice,13,21,1,,
2026-06-05 00:24:07,deployment,currencyservice,100,47,1,,
2026-06-05 00:24:07,deployment,emailservice,8,61,1,,
2026-06-05 00:24:07,deployment,frontend,156,16,1,,
2026-06-05 00:24:07,deployment,paymentservice,4,75,1,,
2026-06-05 00:24:07,deployment,productcatalogservice,82,27,1,,
2026-06-05 00:24:07,deployment,recommendationservice,62,62,1,,
2026-06-05 00:24:07,deployment,redis-cart,6,36,1,,
2026-06-05 00:24:07,deployment,shippingservice,12,25,1,,
2026-06-05 00:24:07,node,master,524,1694,,26.2,44.1
2026-06-05 00:24:07,node,worker-1,99,1374,,5.0,35.8
2026-06-05 00:24:07,node,worker-2,409,1261,,20.4,32.8
2026-06-05 00:24:07,node,worker-3,125,831,,6.2,21.6
2026-06-05 00:24:07,node,worker-4,842,2050,,42.1,53.4
2026-06-05 00:24:14,deployment,adservice,13,108,1,,
2026-06-05 00:24:14,deployment,cartservice,59,74,1,,
2026-06-05 00:24:14,deployment,checkoutservice,13,21,1,,
2026-06-05 00:24:14,deployment,currencyservice,100,47,1,,
2026-06-05 00:24:14,deployment,emailservice,8,61,1,,
2026-06-05 00:24:14,deployment,frontend,156,16,1,,
2026-06-05 00:24:14,deployment,paymentservice,4,75,1,,
2026-06-05 00:24:14,deployment,productcatalogservice,82,27,1,,
2026-06-05 00:24:14,deployment,recommendationservice,62,62,1,,
2026-06-05 00:24:14,deployment,redis-cart,6,36,1,,
2026-06-05 00:24:14,deployment,shippingservice,12,25,1,,
2026-06-05 00:24:14,node,master,524,1694,,26.2,44.1
2026-06-05 00:24:14,node,worker-1,99,1374,,5.0,35.8
2026-06-05 00:24:14,node,worker-2,409,1261,,20.4,32.8
2026-06-05 00:24:14,node,worker-3,125,831,,6.2,21.6
2026-06-05 00:24:14,node,worker-4,842,2050,,42.1,53.4
2026-06-05 00:24:21,deployment,adservice,12,108,1,,
2026-06-05 00:24:21,deployment,cartservice,65,74,1,,
2026-06-05 00:24:21,deployment,checkoutservice,11,21,1,,
2026-06-05 00:24:21,deployment,currencyservice,101,47,1,,
2026-06-05 00:24:21,deployment,emailservice,8,61,1,,
2026-06-05 00:24:21,deployment,frontend,156,16,1,,
2026-06-05 00:24:21,deployment,paymentservice,5,75,1,,
2026-06-05 00:24:21,deployment,productcatalogservice,82,27,1,,
2026-06-05 00:24:21,deployment,recommendationservice,64,64,1,,
2026-06-05 00:24:21,deployment,redis-cart,6,36,1,,
2026-06-05 00:24:21,deployment,shippingservice,12,25,1,,
2026-06-05 00:24:21,node,master,469,1694,,23.4,44.1
2026-06-05 00:24:21,node,worker-1,53,1375,,2.6,35.8
2026-06-05 00:24:21,node,worker-2,443,1257,,22.1,32.7
2026-06-05 00:24:21,node,worker-3,150,828,,7.5,21.6
2026-06-05 00:24:21,node,worker-4,953,2081,,47.6,54.2
2026-06-05 00:24:27,deployment,adservice,12,108,1,,
2026-06-05 00:24:27,deployment,cartservice,65,74,1,,
2026-06-05 00:24:27,deployment,checkoutservice,11,21,1,,
2026-06-05 00:24:27,deployment,currencyservice,101,47,1,,
2026-06-05 00:24:27,deployment,emailservice,8,61,1,,
2026-06-05 00:24:27,deployment,frontend,156,16,1,,
2026-06-05 00:24:27,deployment,paymentservice,5,75,1,,
2026-06-05 00:24:27,deployment,productcatalogservice,82,27,1,,
2026-06-05 00:24:27,deployment,recommendationservice,64,64,1,,
2026-06-05 00:24:27,deployment,redis-cart,6,36,1,,
2026-06-05 00:24:27,deployment,shippingservice,12,25,1,,
2026-06-05 00:24:27,node,master,469,1694,,23.4,44.1
2026-06-05 00:24:27,node,worker-1,53,1375,,2.6,35.8
2026-06-05 00:24:27,node,worker-2,443,1257,,22.1,32.7
2026-06-05 00:24:27,node,worker-3,150,828,,7.5,21.6
2026-06-05 00:24:27,node,worker-4,953,2081,,47.6,54.2
2026-06-05 00:24:35,deployment,adservice,17,108,1,,
2026-06-05 00:24:35,deployment,cartservice,82,74,1,,
2026-06-05 00:24:35,deployment,checkoutservice,12,21,1,,
2026-06-05 00:24:35,deployment,currencyservice,129,61,1,,
2026-06-05 00:24:35,deployment,emailservice,10,61,1,,
2026-06-05 00:24:35,deployment,frontend,188,16,1,,
2026-06-05 00:24:35,deployment,paymentservice,5,75,1,,
2026-06-05 00:24:35,deployment,productcatalogservice,97,27,1,,
2026-06-05 00:24:35,deployment,recommendationservice,79,62,1,,
2026-06-05 00:24:35,deployment,redis-cart,7,36,1,,
2026-06-05 00:24:35,deployment,shippingservice,13,25,1,,
2026-06-05 00:24:35,node,master,653,1701,,32.6,44.3
2026-06-05 00:24:35,node,worker-1,110,1370,,5.5,35.7
2026-06-05 00:24:35,node,worker-2,465,1260,,23.2,32.8
2026-06-05 00:24:35,node,worker-3,166,827,,8.3,21.5
2026-06-05 00:24:35,node,worker-4,1016,2019,,50.8,52.6
2026-06-05 00:24:41,deployment,adservice,17,108,1,,
2026-06-05 00:24:41,deployment,cartservice,82,74,1,,
2026-06-05 00:24:41,deployment,checkoutservice,12,21,1,,
2026-06-05 00:24:41,deployment,currencyservice,129,61,1,,
2026-06-05 00:24:41,deployment,emailservice,10,61,1,,
2026-06-05 00:24:41,deployment,frontend,188,16,1,,
2026-06-05 00:24:41,deployment,paymentservice,5,75,1,,
2026-06-05 00:24:41,deployment,productcatalogservice,97,27,1,,
2026-06-05 00:24:41,deployment,recommendationservice,79,62,1,,
2026-06-05 00:24:41,deployment,redis-cart,7,36,1,,
2026-06-05 00:24:41,deployment,shippingservice,13,25,1,,
2026-06-05 00:24:41,node,master,653,1701,,32.6,44.3
2026-06-05 00:24:41,node,worker-1,110,1370,,5.5,35.7
2026-06-05 00:24:41,node,worker-2,465,1260,,23.2,32.8
2026-06-05 00:24:41,node,worker-3,166,827,,8.3,21.5
2026-06-05 00:24:41,node,worker-4,1016,2019,,50.8,52.6
2026-06-05 00:24:49,deployment,adservice,17,108,1,,
2026-06-05 00:24:49,deployment,cartservice,82,74,1,,
2026-06-05 00:24:49,deployment,checkoutservice,12,21,1,,
2026-06-05 00:24:49,deployment,currencyservice,129,61,1,,
2026-06-05 00:24:49,deployment,emailservice,10,61,1,,
2026-06-05 00:24:49,deployment,frontend,188,16,1,,
2026-06-05 00:24:49,deployment,paymentservice,5,75,1,,
2026-06-05 00:24:49,deployment,productcatalogservice,97,27,1,,
2026-06-05 00:24:49,deployment,recommendationservice,79,62,1,,
2026-06-05 00:24:49,deployment,redis-cart,7,36,1,,
2026-06-05 00:24:49,deployment,shippingservice,13,25,1,,
2026-06-05 00:24:49,node,master,653,1701,,32.6,44.3
2026-06-05 00:24:49,node,worker-1,110,1370,,5.5,35.7
2026-06-05 00:24:49,node,worker-2,465,1260,,23.2,32.8
2026-06-05 00:24:49,node,worker-3,149,827,,7.4,21.5
2026-06-05 00:24:49,node,worker-4,1140,2094,,57.0,54.5
2026-06-05 00:24:55,deployment,adservice,16,108,1,,
2026-06-05 00:24:55,deployment,cartservice,94,74,2,,
2026-06-05 00:24:55,deployment,checkoutservice,13,21,1,,
2026-06-05 00:24:55,deployment,currencyservice,129,62,1,,
2026-06-05 00:24:55,deployment,emailservice,9,61,1,,
2026-06-05 00:24:55,deployment,frontend,221,16,1,,
2026-06-05 00:24:55,deployment,paymentservice,6,74,1,,
2026-06-05 00:24:55,deployment,productcatalogservice,111,27,1,,
2026-06-05 00:24:55,deployment,recommendationservice,76,62,1,,
2026-06-05 00:24:55,deployment,redis-cart,7,36,1,,
2026-06-05 00:24:55,deployment,shippingservice,14,25,1,,
2026-06-05 00:24:55,node,master,532,1698,,26.6,44.2
2026-06-05 00:24:55,node,worker-1,65,1369,,3.2,35.7
2026-06-05 00:24:55,node,worker-2,516,1252,,25.8,32.6
2026-06-05 00:24:55,node,worker-3,149,827,,7.4,21.5
2026-06-05 00:24:55,node,worker-4,1140,2094,,57.0,54.5
2026-06-05 00:25:01,deployment,adservice,16,108,1,,
2026-06-05 00:25:01,deployment,cartservice,94,74,2,,
2026-06-05 00:25:01,deployment,checkoutservice,13,21,1,,
2026-06-05 00:25:01,deployment,currencyservice,129,62,1,,
2026-06-05 00:25:01,deployment,emailservice,9,61,1,,
2026-06-05 00:25:01,deployment,frontend,221,16,1,,
2026-06-05 00:25:01,deployment,paymentservice,6,74,1,,
2026-06-05 00:25:01,deployment,productcatalogservice,111,27,1,,
2026-06-05 00:25:01,deployment,recommendationservice,76,62,1,,
2026-06-05 00:25:01,deployment,redis-cart,7,36,1,,
2026-06-05 00:25:01,deployment,shippingservice,14,25,1,,
2026-06-05 00:25:01,node,master,532,1698,,26.6,44.2
2026-06-05 00:25:01,node,worker-1,65,1369,,3.2,35.7
2026-06-05 00:25:01,node,worker-2,516,1252,,25.8,32.6
2026-06-05 00:25:01,node,worker-3,149,827,,7.4,21.5
2026-06-05 00:25:01,node,worker-4,1140,2094,,57.0,54.5
2026-06-05 00:25:08,deployment,adservice,16,108,1,,
2026-06-05 00:25:08,deployment,cartservice,135,88,2,,
2026-06-05 00:25:08,deployment,checkoutservice,11,21,1,,
2026-06-05 00:25:08,deployment,currencyservice,123,61,1,,
2026-06-05 00:25:08,deployment,emailservice,10,61,1,,
2026-06-05 00:25:08,deployment,frontend,194,15,1,,
2026-06-05 00:25:08,deployment,paymentservice,6,75,1,,
2026-06-05 00:25:08,deployment,productcatalogservice,96,27,1,,
2026-06-05 00:25:08,deployment,recommendationservice,78,62,1,,
2026-06-05 00:25:08,deployment,redis-cart,7,36,1,,
2026-06-05 00:25:08,deployment,shippingservice,14,25,1,,
2026-06-05 00:25:08,node,master,676,1666,,33.8,43.4
2026-06-05 00:25:08,node,worker-1,180,1390,,9.0,36.2
2026-06-05 00:25:08,node,worker-2,473,1261,,23.6,32.8
2026-06-05 00:25:08,node,worker-3,151,834,,7.5,21.7
2026-06-05 00:25:08,node,worker-4,1035,2027,,51.7,52.8
2026-06-05 00:25:15,deployment,adservice,16,108,1,,
2026-06-05 00:25:15,deployment,cartservice,135,88,2,,
2026-06-05 00:25:15,deployment,checkoutservice,11,21,1,,
2026-06-05 00:25:15,deployment,currencyservice,123,61,1,,
2026-06-05 00:25:15,deployment,emailservice,10,61,1,,
2026-06-05 00:25:15,deployment,frontend,194,15,1,,
2026-06-05 00:25:15,deployment,paymentservice,6,75,1,,
2026-06-05 00:25:15,deployment,productcatalogservice,96,27,1,,
2026-06-05 00:25:15,deployment,recommendationservice,78,62,1,,
2026-06-05 00:25:15,deployment,redis-cart,7,36,1,,
2026-06-05 00:25:15,deployment,shippingservice,14,25,1,,
2026-06-05 00:25:15,node,master,676,1666,,33.8,43.4
2026-06-05 00:25:15,node,worker-1,180,1390,,9.0,36.2
2026-06-05 00:25:15,node,worker-2,473,1261,,23.6,32.8
2026-06-05 00:25:15,node,worker-3,151,834,,7.5,21.7
2026-06-05 00:25:15,node,worker-4,1035,2027,,51.7,52.8
2026-06-05 00:25:21,deployment,adservice,16,108,1,,
2026-06-05 00:25:21,deployment,cartservice,85,90,2,,
2026-06-05 00:25:21,deployment,checkoutservice,9,21,1,,
2026-06-05 00:25:21,deployment,currencyservice,121,61,1,,
2026-06-05 00:25:21,deployment,emailservice,8,61,1,,
2026-06-05 00:25:21,deployment,frontend,199,16,1,,
2026-06-05 00:25:21,deployment,paymentservice,5,75,1,,
2026-06-05 00:25:21,deployment,productcatalogservice,96,27,1,,
2026-06-05 00:25:21,deployment,recommendationservice,78,62,1,,
2026-06-05 00:25:21,deployment,redis-cart,7,36,1,,
2026-06-05 00:25:21,deployment,shippingservice,13,25,1,,
2026-06-05 00:25:21,node,master,520,1664,,26.0,43.3
2026-06-05 00:25:21,node,worker-1,76,1391,,3.8,36.2
2026-06-05 00:25:21,node,worker-2,467,1260,,23.4,32.8
2026-06-05 00:25:21,node,worker-3,140,831,,7.0,21.6
2026-06-05 00:25:21,node,worker-4,1025,2034,,51.2,53.0
2026-06-05 00:25:27,deployment,adservice,16,108,1,,
2026-06-05 00:25:27,deployment,cartservice,85,90,2,,
2026-06-05 00:25:27,deployment,checkoutservice,9,21,1,,
2026-06-05 00:25:27,deployment,currencyservice,121,61,1,,
2026-06-05 00:25:27,deployment,emailservice,8,61,1,,
2026-06-05 00:25:27,deployment,frontend,199,16,1,,
2026-06-05 00:25:27,deployment,paymentservice,5,75,1,,
2026-06-05 00:25:27,deployment,productcatalogservice,96,27,1,,
2026-06-05 00:25:27,deployment,recommendationservice,78,62,1,,
2026-06-05 00:25:27,deployment,redis-cart,7,36,1,,
2026-06-05 00:25:27,deployment,shippingservice,13,25,1,,
2026-06-05 00:25:27,node,master,520,1664,,26.0,43.3
2026-06-05 00:25:27,node,worker-1,76,1391,,3.8,36.2
2026-06-05 00:25:27,node,worker-2,467,1260,,23.4,32.8
2026-06-05 00:25:27,node,worker-3,140,831,,7.0,21.6
2026-06-05 00:25:27,node,worker-4,1025,2034,,51.2,53.0
2026-06-05 00:25:35,deployment,adservice,18,108,1,,
2026-06-05 00:25:35,deployment,cartservice,172,105,2,,
2026-06-05 00:25:35,deployment,checkoutservice,13,21,1,,
2026-06-05 00:25:35,deployment,currencyservice,148,62,1,,
2026-06-05 00:25:35,deployment,emailservice,9,61,1,,
2026-06-05 00:25:35,deployment,frontend,199,16,1,,
2026-06-05 00:25:35,deployment,paymentservice,4,75,1,,
2026-06-05 00:25:35,deployment,productcatalogservice,100,27,1,,
2026-06-05 00:25:35,deployment,recommendationservice,77,62,1,,
2026-06-05 00:25:35,deployment,redis-cart,7,36,1,,
2026-06-05 00:25:35,deployment,shippingservice,14,25,1,,
2026-06-05 00:25:35,node,master,636,1667,,31.8,43.4
2026-06-05 00:25:35,node,worker-1,228,1407,,11.4,36.7
2026-06-05 00:25:35,node,worker-2,495,1262,,24.8,32.9
2026-06-05 00:25:35,node,worker-3,178,837,,8.9,21.8
2026-06-05 00:25:35,node,worker-4,1060,1999,,53.0,52.1
2026-06-05 00:25:42,deployment,adservice,18,108,1,,
2026-06-05 00:25:42,deployment,cartservice,172,105,3,,
2026-06-05 00:25:42,deployment,checkoutservice,13,21,1,,
2026-06-05 00:25:42,deployment,currencyservice,148,62,1,,
2026-06-05 00:25:42,deployment,emailservice,9,61,1,,
2026-06-05 00:25:42,deployment,frontend,199,16,1,,
2026-06-05 00:25:42,deployment,paymentservice,4,75,1,,
2026-06-05 00:25:42,deployment,productcatalogservice,100,27,1,,
2026-06-05 00:25:42,deployment,recommendationservice,77,62,1,,
2026-06-05 00:25:42,deployment,redis-cart,7,36,1,,
2026-06-05 00:25:42,deployment,shippingservice,14,25,1,,
2026-06-05 00:25:42,node,master,636,1667,,31.8,43.4
2026-06-05 00:25:42,node,worker-1,228,1407,,11.4,36.7
2026-06-05 00:25:42,node,worker-2,495,1262,,24.8,32.9
2026-06-05 00:25:42,node,worker-3,178,837,,8.9,21.8
2026-06-05 00:25:42,node,worker-4,1060,1999,,53.0,52.1
2026-06-05 00:25:49,deployment,adservice,20,108,1,,
2026-06-05 00:25:49,deployment,cartservice,132,107,3,,
2026-06-05 00:25:49,deployment,checkoutservice,14,21,1,,
2026-06-05 00:25:49,deployment,currencyservice,154,62,1,,
2026-06-05 00:25:49,deployment,emailservice,9,61,1,,
2026-06-05 00:25:49,deployment,frontend,231,16,1,,
2026-06-05 00:25:49,deployment,paymentservice,7,74,1,,
2026-06-05 00:25:49,deployment,productcatalogservice,115,27,1,,
2026-06-05 00:25:49,deployment,recommendationservice,88,62,1,,
2026-06-05 00:25:49,deployment,redis-cart,8,36,1,,
2026-06-05 00:25:49,deployment,shippingservice,14,25,1,,
2026-06-05 00:25:49,node,master,620,1668,,31.0,43.4
2026-06-05 00:25:49,node,worker-1,222,1409,,11.1,36.7
2026-06-05 00:25:49,node,worker-2,725,1277,,36.2,33.3
2026-06-05 00:25:49,node,worker-3,198,836,,9.9,21.8
2026-06-05 00:25:49,node,worker-4,1287,2005,,64.3,52.2
2026-06-05 00:25:57,deployment,adservice,20,108,1,,
2026-06-05 00:25:57,deployment,cartservice,132,107,3,,
2026-06-05 00:25:57,deployment,checkoutservice,14,21,1,,
2026-06-05 00:25:57,deployment,currencyservice,154,62,2,,
2026-06-05 00:25:57,deployment,emailservice,9,61,1,,
2026-06-05 00:25:57,deployment,frontend,231,16,1,,
2026-06-05 00:25:57,deployment,paymentservice,7,74,1,,
2026-06-05 00:25:57,deployment,productcatalogservice,115,27,1,,
2026-06-05 00:25:57,deployment,recommendationservice,88,62,2,,
2026-06-05 00:25:57,deployment,redis-cart,8,36,1,,
2026-06-05 00:25:57,deployment,shippingservice,14,25,1,,
2026-06-05 00:25:57,node,master,620,1668,,31.0,43.4
2026-06-05 00:25:57,node,worker-1,222,1409,,11.1,36.7
2026-06-05 00:25:57,node,worker-2,725,1277,,36.2,33.3
2026-06-05 00:25:57,node,worker-3,198,836,,9.9,21.8
2026-06-05 00:25:57,node,worker-4,1287,2005,,64.3,52.2
2026-06-05 00:26:04,deployment,adservice,20,108,1,,
2026-06-05 00:26:04,deployment,cartservice,132,107,3,,
2026-06-05 00:26:04,deployment,checkoutservice,14,21,1,,
2026-06-05 00:26:04,deployment,currencyservice,154,62,2,,
2026-06-05 00:26:04,deployment,emailservice,9,61,1,,
2026-06-05 00:26:04,deployment,frontend,230,16,1,,
2026-06-05 00:26:04,deployment,paymentservice,5,75,1,,
2026-06-05 00:26:04,deployment,productcatalogservice,118,27,1,,
2026-06-05 00:26:04,deployment,recommendationservice,92,62,2,,
2026-06-05 00:26:04,deployment,redis-cart,9,36,1,,
2026-06-05 00:26:04,deployment,shippingservice,15,25,1,,
2026-06-05 00:26:04,node,master,778,1711,,38.9,44.6
2026-06-05 00:26:04,node,worker-1,245,1438,,12.2,37.5
2026-06-05 00:26:04,node,worker-2,591,1296,,29.5,33.8
2026-06-05 00:26:04,node,worker-3,203,844,,10.2,22.0
2026-06-05 00:26:04,node,worker-4,1143,2028,,57.1,52.8
2026-06-05 00:26:11,deployment,adservice,19,108,1,,
2026-06-05 00:26:11,deployment,cartservice,110,122,3,,
2026-06-05 00:26:11,deployment,checkoutservice,13,21,1,,
2026-06-05 00:26:11,deployment,currencyservice,213,85,2,,
2026-06-05 00:26:11,deployment,emailservice,11,61,1,,
2026-06-05 00:26:11,deployment,frontend,230,16,1,,
2026-06-05 00:26:11,deployment,paymentservice,5,75,1,,
2026-06-05 00:26:11,deployment,productcatalogservice,118,27,1,,
2026-06-05 00:26:11,deployment,recommendationservice,92,62,2,,
2026-06-05 00:26:11,deployment,redis-cart,9,36,1,,
2026-06-05 00:26:11,deployment,shippingservice,15,25,1,,
2026-06-05 00:26:11,node,master,778,1711,,38.9,44.6
2026-06-05 00:26:11,node,worker-1,245,1438,,12.2,37.5
2026-06-05 00:26:11,node,worker-2,591,1296,,29.5,33.8
2026-06-05 00:26:11,node,worker-3,203,844,,10.2,22.0
2026-06-05 00:26:11,node,worker-4,1143,2028,,57.1,52.8
2026-06-05 00:26:18,deployment,adservice,19,108,1,,
2026-06-05 00:26:18,deployment,cartservice,110,122,3,,
2026-06-05 00:26:18,deployment,checkoutservice,13,21,1,,
2026-06-05 00:26:18,deployment,currencyservice,213,85,2,,
2026-06-05 00:26:18,deployment,emailservice,11,61,1,,
2026-06-05 00:26:18,deployment,frontend,230,16,1,,
2026-06-05 00:26:18,deployment,paymentservice,5,75,1,,
2026-06-05 00:26:18,deployment,productcatalogservice,118,27,1,,
2026-06-05 00:26:18,deployment,recommendationservice,92,62,2,,
2026-06-05 00:26:18,deployment,redis-cart,9,36,1,,
2026-06-05 00:26:18,deployment,shippingservice,15,25,1,,
2026-06-05 00:26:18,node,master,778,1711,,38.9,44.6
2026-06-05 00:26:18,node,worker-1,245,1438,,12.2,37.5
2026-06-05 00:26:18,node,worker-2,591,1296,,29.5,33.8
2026-06-05 00:26:18,node,worker-3,203,844,,10.2,22.0
2026-06-05 00:26:18,node,worker-4,1143,2028,,57.1,52.8
2026-06-05 00:26:23,deployment,adservice,19,108,1,,
2026-06-05 00:26:23,deployment,cartservice,211,136,3,,
2026-06-05 00:26:23,deployment,checkoutservice,13,21,1,,
2026-06-05 00:26:23,deployment,currencyservice,182,85,2,,
2026-06-05 00:26:23,deployment,emailservice,9,61,1,,
2026-06-05 00:26:23,deployment,frontend,230,16,1,,
2026-06-05 00:26:23,deployment,paymentservice,5,74,1,,
2026-06-05 00:26:23,deployment,productcatalogservice,115,27,1,,
2026-06-05 00:26:23,deployment,recommendationservice,146,99,2,,
2026-06-05 00:26:23,deployment,redis-cart,8,36,1,,
2026-06-05 00:26:23,deployment,shippingservice,15,25,1,,
2026-06-05 00:26:23,node,master,701,1712,,35.0,44.6
2026-06-05 00:26:23,node,worker-1,286,1438,,14.3,37.5
2026-06-05 00:26:23,node,worker-2,649,1295,,32.5,33.7
2026-06-05 00:26:23,node,worker-3,215,849,,10.8,22.1
2026-06-05 00:26:23,node,worker-4,1062,2019,,53.1,52.6
2026-06-05 00:26:30,deployment,adservice,19,108,1,,
2026-06-05 00:26:30,deployment,cartservice,211,136,3,,
2026-06-05 00:26:30,deployment,checkoutservice,13,21,1,,
2026-06-05 00:26:30,deployment,currencyservice,182,85,2,,
2026-06-05 00:26:30,deployment,emailservice,9,61,1,,
2026-06-05 00:26:30,deployment,frontend,230,16,1,,
2026-06-05 00:26:30,deployment,paymentservice,5,74,1,,
2026-06-05 00:26:30,deployment,productcatalogservice,115,27,1,,
2026-06-05 00:26:30,deployment,recommendationservice,146,99,2,,
2026-06-05 00:26:30,deployment,redis-cart,8,36,1,,
2026-06-05 00:26:30,deployment,shippingservice,15,25,1,,
2026-06-05 00:26:30,node,master,701,1712,,35.0,44.6
2026-06-05 00:26:30,node,worker-1,286,1438,,14.3,37.5
2026-06-05 00:26:30,node,worker-2,649,1295,,32.5,33.7
2026-06-05 00:26:30,node,worker-3,215,849,,10.8,22.1
2026-06-05 00:26:30,node,worker-4,1062,2019,,53.1,52.6
2026-06-05 00:26:38,deployment,adservice,22,108,1,,
2026-06-05 00:26:38,deployment,cartservice,208,141,3,,
2026-06-05 00:26:38,deployment,checkoutservice,14,21,1,,
2026-06-05 00:26:38,deployment,currencyservice,226,88,2,,
2026-06-05 00:26:38,deployment,emailservice,9,61,1,,
2026-06-05 00:26:38,deployment,frontend,249,16,1,,
2026-06-05 00:26:38,deployment,paymentservice,7,75,1,,
2026-06-05 00:26:38,deployment,productcatalogservice,130,27,1,,
2026-06-05 00:26:38,deployment,recommendationservice,124,100,2,,
2026-06-05 00:26:38,deployment,redis-cart,9,36,1,,
2026-06-05 00:26:38,deployment,shippingservice,16,25,1,,
2026-06-05 00:26:38,node,master,782,1713,,39.1,44.6
2026-06-05 00:26:38,node,worker-1,332,1448,,16.6,37.7
2026-06-05 00:26:38,node,worker-2,618,1300,,30.9,33.9
2026-06-05 00:26:38,node,worker-3,187,853,,9.3,22.2
2026-06-05 00:26:38,node,worker-4,1171,2016,,58.6,52.5
2026-06-05 00:26:44,deployment,adservice,22,108,1,,
2026-06-05 00:26:44,deployment,cartservice,208,141,3,,
2026-06-05 00:26:44,deployment,checkoutservice,14,21,1,,
2026-06-05 00:26:44,deployment,currencyservice,226,88,2,,
2026-06-05 00:26:44,deployment,emailservice,9,61,1,,
2026-06-05 00:26:44,deployment,frontend,249,16,1,,
2026-06-05 00:26:44,deployment,paymentservice,7,75,1,,
2026-06-05 00:26:44,deployment,productcatalogservice,130,27,1,,
2026-06-05 00:26:44,deployment,recommendationservice,124,100,2,,
2026-06-05 00:26:44,deployment,redis-cart,9,36,1,,
2026-06-05 00:26:44,deployment,shippingservice,16,25,1,,
2026-06-05 00:26:44,node,master,782,1713,,39.1,44.6
2026-06-05 00:26:44,node,worker-1,332,1448,,16.6,37.7
2026-06-05 00:26:44,node,worker-2,618,1300,,30.9,33.9
2026-06-05 00:26:44,node,worker-3,187,853,,9.3,22.2
2026-06-05 00:26:44,node,worker-4,1171,2016,,58.6,52.5
2026-06-05 00:26:50,deployment,adservice,22,108,1,,
2026-06-05 00:26:50,deployment,cartservice,173,146,3,,
2026-06-05 00:26:50,deployment,checkoutservice,16,21,1,,
2026-06-05 00:26:50,deployment,currencyservice,200,90,2,,
2026-06-05 00:26:50,deployment,emailservice,10,61,1,,
2026-06-05 00:26:50,deployment,frontend,275,16,1,,
2026-06-05 00:26:50,deployment,paymentservice,6,75,1,,
2026-06-05 00:26:50,deployment,productcatalogservice,131,27,1,,
2026-06-05 00:26:50,deployment,recommendationservice,119,100,2,,
2026-06-05 00:26:50,deployment,redis-cart,10,36,1,,
2026-06-05 00:26:50,deployment,shippingservice,18,25,1,,
2026-06-05 00:26:50,node,master,773,1711,,38.6,44.6
2026-06-05 00:26:50,node,worker-1,262,1451,,13.1,37.8
2026-06-05 00:26:50,node,worker-2,630,1298,,31.5,33.8
2026-06-05 00:26:50,node,worker-3,168,850,,8.4,22.1
2026-06-05 00:26:50,node,worker-4,1132,2053,,56.6,53.5
2026-06-05 00:26:56,deployment,adservice,22,108,1,,
2026-06-05 00:26:56,deployment,cartservice,173,146,3,,
2026-06-05 00:26:56,deployment,checkoutservice,16,21,1,,
2026-06-05 00:26:56,deployment,currencyservice,200,90,2,,
2026-06-05 00:26:56,deployment,emailservice,10,61,1,,
2026-06-05 00:26:56,deployment,frontend,275,16,1,,
2026-06-05 00:26:56,deployment,paymentservice,6,75,1,,
2026-06-05 00:26:56,deployment,productcatalogservice,131,27,1,,
2026-06-05 00:26:56,deployment,recommendationservice,119,100,2,,
2026-06-05 00:26:56,deployment,redis-cart,10,36,1,,
2026-06-05 00:26:56,deployment,shippingservice,18,25,1,,
2026-06-05 00:26:56,node,master,773,1711,,38.6,44.6
2026-06-05 00:26:56,node,worker-1,262,1451,,13.1,37.8
2026-06-05 00:26:56,node,worker-2,630,1298,,31.5,33.8
2026-06-05 00:26:56,node,worker-3,168,850,,8.4,22.1
2026-06-05 00:26:56,node,worker-4,1132,2053,,56.6,53.5
2026-06-05 00:27:04,deployment,adservice,22,108,1,,
2026-06-05 00:27:04,deployment,cartservice,173,146,3,,
2026-06-05 00:27:04,deployment,checkoutservice,16,21,1,,
2026-06-05 00:27:04,deployment,currencyservice,200,90,2,,
2026-06-05 00:27:04,deployment,emailservice,10,61,1,,
2026-06-05 00:27:04,deployment,frontend,275,16,1,,
2026-06-05 00:27:04,deployment,paymentservice,6,75,1,,
2026-06-05 00:27:04,deployment,productcatalogservice,131,27,1,,
2026-06-05 00:27:04,deployment,recommendationservice,119,100,2,,
2026-06-05 00:27:04,deployment,redis-cart,10,36,1,,
2026-06-05 00:27:04,deployment,shippingservice,18,25,1,,
2026-06-05 00:27:04,node,master,773,1711,,38.6,44.6
2026-06-05 00:27:04,node,worker-1,262,1451,,13.1,37.8
2026-06-05 00:27:04,node,worker-2,630,1298,,31.5,33.8
2026-06-05 00:27:04,node,worker-3,168,850,,8.4,22.1
2026-06-05 00:27:04,node,worker-4,1132,2053,,56.6,53.5
2026-06-05 00:27:10,deployment,adservice,21,108,1,,
2026-06-05 00:27:10,deployment,cartservice,160,151,3,,
2026-06-05 00:27:10,deployment,checkoutservice,17,21,1,,
2026-06-05 00:27:10,deployment,currencyservice,183,94,2,,
2026-06-05 00:27:10,deployment,emailservice,11,61,1,,
2026-06-05 00:27:10,deployment,frontend,275,16,1,,
2026-06-05 00:27:10,deployment,paymentservice,6,75,1,,
2026-06-05 00:27:10,deployment,productcatalogservice,133,27,1,,
2026-06-05 00:27:10,deployment,recommendationservice,122,100,2,,
2026-06-05 00:27:10,deployment,redis-cart,10,36,1,,
2026-06-05 00:27:10,deployment,shippingservice,17,25,1,,
2026-06-05 00:27:10,node,master,793,1712,,39.6,44.6
2026-06-05 00:27:10,node,worker-1,325,1457,,16.2,38.0
2026-06-05 00:27:10,node,worker-2,633,1304,,31.6,34.0
2026-06-05 00:27:10,node,worker-3,188,854,,9.4,22.2
2026-06-05 00:27:10,node,worker-4,1109,2038,,55.5,53.1
2026-06-05 00:27:16,deployment,adservice,21,108,1,,
2026-06-05 00:27:16,deployment,cartservice,113,117,2,,
2026-06-05 00:27:16,deployment,checkoutservice,17,21,1,,
2026-06-05 00:27:16,deployment,currencyservice,183,94,2,,
2026-06-05 00:27:16,deployment,emailservice,11,61,1,,
2026-06-05 00:27:16,deployment,frontend,275,16,1,,
2026-06-05 00:27:16,deployment,paymentservice,6,75,1,,
2026-06-05 00:27:16,deployment,productcatalogservice,133,27,1,,
2026-06-05 00:27:16,deployment,recommendationservice,122,100,2,,
2026-06-05 00:27:16,deployment,redis-cart,10,36,1,,
2026-06-05 00:27:16,deployment,shippingservice,17,25,1,,
2026-06-05 00:27:16,node,master,793,1712,,39.6,44.6
2026-06-05 00:27:16,node,worker-1,325,1457,,16.2,38.0
2026-06-05 00:27:16,node,worker-2,633,1304,,31.6,34.0
2026-06-05 00:27:16,node,worker-3,188,854,,9.4,22.2
2026-06-05 00:27:16,node,worker-4,1109,2038,,55.5,53.1
2026-06-05 00:27:23,deployment,adservice,22,108,1,,
2026-06-05 00:27:23,deployment,cartservice,100,117,2,,
2026-06-05 00:27:23,deployment,checkoutservice,14,21,1,,
2026-06-05 00:27:23,deployment,currencyservice,180,97,2,,
2026-06-05 00:27:23,deployment,emailservice,9,61,1,,
2026-06-05 00:27:23,deployment,frontend,271,16,1,,
2026-06-05 00:27:23,deployment,paymentservice,6,74,1,,
2026-06-05 00:27:23,deployment,productcatalogservice,135,27,1,,
2026-06-05 00:27:23,deployment,recommendationservice,130,100,2,,
2026-06-05 00:27:23,deployment,redis-cart,10,36,1,,
2026-06-05 00:27:23,deployment,shippingservice,15,25,1,,
2026-06-05 00:27:23,node,master,765,1711,,38.2,44.6
2026-06-05 00:27:23,node,worker-1,265,1459,,13.2,38.0
2026-06-05 00:27:23,node,worker-2,595,1302,,29.8,33.9
2026-06-05 00:27:23,node,worker-3,204,851,,10.2,22.2
2026-06-05 00:27:23,node,worker-4,1069,2052,,53.4,53.5
2026-06-05 00:27:30,deployment,adservice,22,108,1,,
2026-06-05 00:27:30,deployment,cartservice,100,117,2,,
2026-06-05 00:27:30,deployment,checkoutservice,14,21,1,,
2026-06-05 00:27:30,deployment,currencyservice,180,97,2,,
2026-06-05 00:27:30,deployment,emailservice,9,61,1,,
2026-06-05 00:27:30,deployment,frontend,271,16,1,,
2026-06-05 00:27:30,deployment,paymentservice,6,74,1,,
2026-06-05 00:27:30,deployment,productcatalogservice,135,27,1,,
2026-06-05 00:27:30,deployment,recommendationservice,130,100,2,,
2026-06-05 00:27:30,deployment,redis-cart,10,36,1,,
2026-06-05 00:27:30,deployment,shippingservice,15,25,1,,
2026-06-05 00:27:30,node,master,765,1711,,38.2,44.6
2026-06-05 00:27:30,node,worker-1,265,1459,,13.2,38.0
2026-06-05 00:27:30,node,worker-2,595,1302,,29.8,33.9
2026-06-05 00:27:30,node,worker-3,204,851,,10.2,22.2
2026-06-05 00:27:30,node,worker-4,1069,2052,,53.4,53.5
2026-06-05 00:27:36,deployment,adservice,24,107,1,,
2026-06-05 00:27:36,deployment,cartservice,133,117,2,,
2026-06-05 00:27:36,deployment,checkoutservice,14,21,1,,
2026-06-05 00:27:36,deployment,currencyservice,197,97,2,,
2026-06-05 00:27:36,deployment,emailservice,10,61,1,,
2026-06-05 00:27:36,deployment,frontend,271,16,1,,
2026-06-05 00:27:36,deployment,paymentservice,6,75,1,,
2026-06-05 00:27:36,deployment,productcatalogservice,137,27,1,,
2026-06-05 00:27:36,deployment,recommendationservice,124,101,2,,
2026-06-05 00:27:36,deployment,redis-cart,10,36,1,,
2026-06-05 00:27:36,deployment,shippingservice,17,25,1,,
2026-06-05 00:27:36,node,master,804,1714,,40.2,44.6
2026-06-05 00:27:36,node,worker-1,325,1456,,16.2,37.9
2026-06-05 00:27:36,node,worker-2,582,1266,,29.1,33.0
2026-06-05 00:27:36,node,worker-3,208,854,,10.4,22.2
2026-06-05 00:27:36,node,worker-4,1208,2036,,60.4,53.0
2026-06-05 00:27:43,deployment,adservice,24,107,1,,
2026-06-05 00:27:43,deployment,cartservice,133,117,2,,
2026-06-05 00:27:43,deployment,checkoutservice,14,21,1,,
2026-06-05 00:27:43,deployment,currencyservice,197,97,2,,
2026-06-05 00:27:43,deployment,emailservice,10,61,1,,
2026-06-05 00:27:43,deployment,frontend,271,16,1,,
2026-06-05 00:27:43,deployment,paymentservice,6,75,1,,
2026-06-05 00:27:43,deployment,productcatalogservice,137,27,1,,
2026-06-05 00:27:43,deployment,recommendationservice,124,101,2,,
2026-06-05 00:27:43,deployment,redis-cart,10,36,1,,
2026-06-05 00:27:43,deployment,shippingservice,17,25,1,,
2026-06-05 00:27:43,node,master,804,1714,,40.2,44.6
2026-06-05 00:27:43,node,worker-1,325,1456,,16.2,37.9
2026-06-05 00:27:43,node,worker-2,582,1266,,29.1,33.0
2026-06-05 00:27:43,node,worker-3,208,854,,10.4,22.2
2026-06-05 00:27:43,node,worker-4,1208,2036,,60.4,53.0
2026-06-05 00:27:50,deployment,adservice,24,107,1,,
2026-06-05 00:27:50,deployment,cartservice,129,118,2,,
2026-06-05 00:27:50,deployment,checkoutservice,14,21,1,,
2026-06-05 00:27:50,deployment,currencyservice,188,97,2,,
2026-06-05 00:27:50,deployment,emailservice,10,61,1,,
2026-06-05 00:27:50,deployment,frontend,291,16,1,,
2026-06-05 00:27:50,deployment,paymentservice,6,75,1,,
2026-06-05 00:27:50,deployment,productcatalogservice,143,27,1,,
2026-06-05 00:27:50,deployment,recommendationservice,135,101,2,,
2026-06-05 00:27:50,deployment,redis-cart,10,36,1,,
2026-06-05 00:27:50,deployment,shippingservice,19,25,1,,
2026-06-05 00:27:50,node,master,817,1728,,40.8,45.0
2026-06-05 00:27:50,node,worker-1,313,1458,,15.7,38.0
2026-06-05 00:27:50,node,worker-2,518,1264,,25.9,32.9
2026-06-05 00:27:50,node,worker-3,201,851,,10.1,22.2
2026-06-05 00:27:50,node,worker-4,1212,2034,,60.6,53.0
2026-06-05 00:27:57,deployment,adservice,24,107,1,,
2026-06-05 00:27:57,deployment,cartservice,129,118,2,,
2026-06-05 00:27:57,deployment,checkoutservice,14,21,1,,
2026-06-05 00:27:57,deployment,currencyservice,188,97,2,,
2026-06-05 00:27:57,deployment,emailservice,10,61,1,,
2026-06-05 00:27:57,deployment,frontend,291,16,1,,
2026-06-05 00:27:57,deployment,paymentservice,6,75,1,,
2026-06-05 00:27:57,deployment,productcatalogservice,143,27,1,,
2026-06-05 00:27:57,deployment,recommendationservice,135,101,2,,
2026-06-05 00:27:57,deployment,redis-cart,10,36,1,,
2026-06-05 00:27:57,deployment,shippingservice,19,25,1,,
2026-06-05 00:27:57,node,master,817,1728,,40.8,45.0
2026-06-05 00:27:57,node,worker-1,313,1458,,15.7,38.0
2026-06-05 00:27:57,node,worker-2,518,1264,,25.9,32.9
2026-06-05 00:27:57,node,worker-3,201,851,,10.1,22.2
2026-06-05 00:27:57,node,worker-4,1212,2034,,60.6,53.0
2026-06-05 00:28:04,deployment,adservice,24,107,1,,
2026-06-05 00:28:04,deployment,cartservice,129,118,2,,
2026-06-05 00:28:04,deployment,checkoutservice,14,21,1,,
2026-06-05 00:28:04,deployment,currencyservice,191,100,2,,
2026-06-05 00:28:04,deployment,emailservice,10,61,1,,
2026-06-05 00:28:04,deployment,frontend,300,16,1,,
2026-06-05 00:28:04,deployment,paymentservice,8,74,1,,
2026-06-05 00:28:04,deployment,productcatalogservice,140,27,1,,
2026-06-05 00:28:04,deployment,recommendationservice,136,101,2,,
2026-06-05 00:28:04,deployment,redis-cart,11,36,1,,
2026-06-05 00:28:04,deployment,shippingservice,17,25,1,,
2026-06-05 00:28:04,node,master,839,1730,,41.9,45.1
2026-06-05 00:28:04,node,worker-1,335,1460,,16.8,38.0
2026-06-05 00:28:04,node,worker-2,571,1264,,28.5,32.9
2026-06-05 00:28:04,node,worker-3,208,855,,10.4,22.3
2026-06-05 00:28:04,node,worker-4,1249,2042,,62.5,53.2
2026-06-05 00:28:11,deployment,adservice,23,108,1,,
2026-06-05 00:28:11,deployment,cartservice,151,117,2,,
2026-06-05 00:28:11,deployment,checkoutservice,18,21,1,,
2026-06-05 00:28:11,deployment,currencyservice,191,100,2,,
2026-06-05 00:28:11,deployment,emailservice,10,61,1,,
2026-06-05 00:28:11,deployment,frontend,300,16,1,,
2026-06-05 00:28:11,deployment,paymentservice,8,74,1,,
2026-06-05 00:28:11,deployment,productcatalogservice,140,27,1,,
2026-06-05 00:28:11,deployment,recommendationservice,136,101,2,,
2026-06-05 00:28:11,deployment,redis-cart,11,36,1,,
2026-06-05 00:28:11,deployment,shippingservice,17,25,1,,
2026-06-05 00:28:11,node,master,839,1730,,41.9,45.1
2026-06-05 00:28:11,node,worker-1,335,1460,,16.8,38.0
2026-06-05 00:28:11,node,worker-2,571,1264,,28.5,32.9
2026-06-05 00:28:11,node,worker-3,208,855,,10.4,22.3
2026-06-05 00:28:11,node,worker-4,1249,2042,,62.5,53.2
2026-06-05 00:28:17,deployment,adservice,23,108,1,,
2026-06-05 00:28:17,deployment,cartservice,151,117,2,,
2026-06-05 00:28:17,deployment,checkoutservice,18,21,1,,
2026-06-05 00:28:17,deployment,currencyservice,191,100,2,,
2026-06-05 00:28:17,deployment,emailservice,10,61,1,,
2026-06-05 00:28:17,deployment,frontend,300,16,1,,
2026-06-05 00:28:17,deployment,paymentservice,8,74,1,,
2026-06-05 00:28:17,deployment,productcatalogservice,140,27,1,,
2026-06-05 00:28:17,deployment,recommendationservice,136,101,2,,
2026-06-05 00:28:17,deployment,redis-cart,10,36,1,,
2026-06-05 00:28:17,deployment,shippingservice,18,25,1,,
2026-06-05 00:28:17,node,master,815,1727,,40.8,45.0
2026-06-05 00:28:17,node,worker-1,355,1462,,17.8,38.1
2026-06-05 00:28:17,node,worker-2,620,1271,,31.0,33.1
2026-06-05 00:28:17,node,worker-3,233,844,,11.7,22.0
2026-06-05 00:28:17,node,worker-4,1151,2116,,57.6,55.1
2026-06-05 00:28:26,deployment,adservice,24,108,1,,
2026-06-05 00:28:26,deployment,cartservice,138,118,2,,
2026-06-05 00:28:26,deployment,checkoutservice,18,21,1,,
2026-06-05 00:28:26,deployment,currencyservice,198,99,2,,
2026-06-05 00:28:26,deployment,emailservice,11,61,1,,
2026-06-05 00:28:26,deployment,frontend,298,16,1,,
2026-06-05 00:28:26,deployment,paymentservice,6,75,1,,
2026-06-05 00:28:26,deployment,productcatalogservice,140,27,1,,
2026-06-05 00:28:26,deployment,recommendationservice,140,101,2,,
2026-06-05 00:28:26,deployment,redis-cart,10,36,1,,
2026-06-05 00:28:26,deployment,shippingservice,18,25,1,,
2026-06-05 00:28:26,node,master,815,1727,,40.8,45.0
2026-06-05 00:28:26,node,worker-1,355,1462,,17.8,38.1
2026-06-05 00:28:26,node,worker-2,620,1271,,31.0,33.1
2026-06-05 00:28:26,node,worker-3,233,844,,11.7,22.0
2026-06-05 00:28:26,node,worker-4,1151,2116,,57.6,55.1
2026-06-05 00:28:32,deployment,adservice,24,108,1,,
2026-06-05 00:28:32,deployment,cartservice,138,118,2,,
2026-06-05 00:28:32,deployment,checkoutservice,18,21,1,,
2026-06-05 00:28:32,deployment,currencyservice,198,99,2,,
2026-06-05 00:28:32,deployment,emailservice,11,61,1,,
2026-06-05 00:28:32,deployment,frontend,298,16,1,,
2026-06-05 00:28:32,deployment,paymentservice,6,75,1,,
2026-06-05 00:28:32,deployment,productcatalogservice,140,27,1,,
2026-06-05 00:28:32,deployment,recommendationservice,140,101,2,,
2026-06-05 00:28:32,deployment,redis-cart,10,36,1,,
2026-06-05 00:28:32,deployment,shippingservice,18,25,1,,
2026-06-05 00:28:32,node,master,815,1727,,40.8,45.0
2026-06-05 00:28:32,node,worker-1,355,1462,,17.8,38.1
2026-06-05 00:28:32,node,worker-2,620,1271,,31.0,33.1
2026-06-05 00:28:32,node,worker-3,233,844,,11.7,22.0
2026-06-05 00:28:32,node,worker-4,1151,2116,,57.6,55.1
2026-06-05 00:28:38,deployment,adservice,26,108,1,,
2026-06-05 00:28:38,deployment,cartservice,131,118,2,,
2026-06-05 00:28:38,deployment,checkoutservice,18,21,1,,
2026-06-05 00:28:38,deployment,currencyservice,209,104,2,,
2026-06-05 00:28:38,deployment,emailservice,10,61,1,,
2026-06-05 00:28:38,deployment,frontend,311,16,1,,
2026-06-05 00:28:38,deployment,paymentservice,5,75,1,,
2026-06-05 00:28:38,deployment,productcatalogservice,141,27,1,,
2026-06-05 00:28:38,deployment,recommendationservice,145,101,2,,
2026-06-05 00:28:38,deployment,redis-cart,10,36,1,,
2026-06-05 00:28:38,deployment,shippingservice,18,25,1,,
2026-06-05 00:28:38,node,master,896,1738,,44.8,45.3
2026-06-05 00:28:38,node,worker-1,337,1467,,16.9,38.2
2026-06-05 00:28:38,node,worker-2,598,1265,,29.9,33.0
2026-06-05 00:28:38,node,worker-3,209,848,,10.4,22.1
2026-06-05 00:28:38,node,worker-4,1349,2178,,67.5,56.7
2026-06-05 00:28:45,deployment,adservice,26,108,1,,
2026-06-05 00:28:45,deployment,cartservice,131,118,2,,
2026-06-05 00:28:45,deployment,checkoutservice,18,21,1,,
2026-06-05 00:28:45,deployment,currencyservice,209,104,2,,
2026-06-05 00:28:45,deployment,emailservice,10,61,1,,
2026-06-05 00:28:45,deployment,frontend,311,16,1,,
2026-06-05 00:28:45,deployment,paymentservice,5,75,1,,
2026-06-05 00:28:45,deployment,productcatalogservice,141,27,1,,
2026-06-05 00:28:45,deployment,recommendationservice,145,101,2,,
2026-06-05 00:28:45,deployment,redis-cart,10,36,1,,
2026-06-05 00:28:45,deployment,shippingservice,18,25,1,,
2026-06-05 00:28:45,node,master,896,1738,,44.8,45.3
2026-06-05 00:28:45,node,worker-1,337,1467,,16.9,38.2
2026-06-05 00:28:45,node,worker-2,598,1265,,29.9,33.0
2026-06-05 00:28:45,node,worker-3,209,848,,10.4,22.1
2026-06-05 00:28:45,node,worker-4,1349,2178,,67.5,56.7
2026-06-05 00:28:51,deployment,adservice,26,108,1,,
2026-06-05 00:28:51,deployment,cartservice,130,118,2,,
2026-06-05 00:28:51,deployment,checkoutservice,18,21,1,,
2026-06-05 00:28:51,deployment,currencyservice,214,106,2,,
2026-06-05 00:28:51,deployment,emailservice,10,61,1,,
2026-06-05 00:28:51,deployment,frontend,311,16,1,,
2026-06-05 00:28:51,deployment,paymentservice,7,75,1,,
2026-06-05 00:28:51,deployment,productcatalogservice,152,27,1,,
2026-06-05 00:28:51,deployment,recommendationservice,151,101,2,,
2026-06-05 00:28:51,deployment,redis-cart,20,36,1,,
2026-06-05 00:28:51,deployment,shippingservice,21,25,1,,
2026-06-05 00:28:51,node,master,852,1736,,42.6,45.2
2026-06-05 00:28:51,node,worker-1,385,1470,,19.2,38.3
2026-06-05 00:28:51,node,worker-2,649,1262,,32.5,32.9
2026-06-05 00:28:51,node,worker-3,228,845,,11.4,22.0
2026-06-05 00:28:51,node,worker-4,1222,2175,,61.1,56.7
2026-06-05 00:28:58,deployment,adservice,26,108,1,,
2026-06-05 00:28:58,deployment,cartservice,130,118,2,,
2026-06-05 00:28:58,deployment,checkoutservice,18,21,1,,
2026-06-05 00:28:58,deployment,currencyservice,214,106,2,,
2026-06-05 00:28:58,deployment,emailservice,10,61,1,,
2026-06-05 00:28:58,deployment,frontend,311,16,1,,
2026-06-05 00:28:58,deployment,paymentservice,7,75,1,,
2026-06-05 00:28:58,deployment,productcatalogservice,152,27,1,,
2026-06-05 00:28:58,deployment,recommendationservice,151,101,2,,
2026-06-05 00:28:58,deployment,redis-cart,20,36,1,,
2026-06-05 00:28:58,deployment,shippingservice,21,25,1,,
2026-06-05 00:28:58,node,master,852,1736,,42.6,45.2
2026-06-05 00:28:58,node,worker-1,385,1470,,19.2,38.3
2026-06-05 00:28:58,node,worker-2,649,1262,,32.5,32.9
2026-06-05 00:28:58,node,worker-3,228,845,,11.4,22.0
2026-06-05 00:28:58,node,worker-4,1222,2175,,61.1,56.7
2026-06-05 00:29:06,deployment,adservice,26,108,1,,
2026-06-05 00:29:06,deployment,cartservice,129,122,2,,
2026-06-05 00:29:06,deployment,checkoutservice,23,21,1,,
2026-06-05 00:29:06,deployment,currencyservice,206,107,2,,
2026-06-05 00:29:06,deployment,emailservice,13,61,1,,
2026-06-05 00:29:06,deployment,frontend,318,16,1,,
2026-06-05 00:29:06,deployment,paymentservice,8,74,1,,
2026-06-05 00:29:06,deployment,productcatalogservice,157,27,1,,
2026-06-05 00:29:06,deployment,recommendationservice,160,101,2,,
2026-06-05 00:29:06,deployment,redis-cart,20,36,1,,
2026-06-05 00:29:06,deployment,shippingservice,20,25,1,,
2026-06-05 00:29:06,node,master,875,1737,,43.8,45.2
2026-06-05 00:29:06,node,worker-1,337,1470,,16.9,38.3
2026-06-05 00:29:06,node,worker-2,607,1266,,30.3,33.0
2026-06-05 00:29:06,node,worker-3,213,846,,10.7,22.0
2026-06-05 00:29:06,node,worker-4,1319,2226,,66.0,58.0
2026-06-05 00:29:14,deployment,adservice,26,108,1,,
2026-06-05 00:29:14,deployment,cartservice,129,122,2,,
2026-06-05 00:29:14,deployment,checkoutservice,23,21,1,,
2026-06-05 00:29:14,deployment,currencyservice,206,107,2,,
2026-06-05 00:29:14,deployment,emailservice,13,61,1,,
2026-06-05 00:29:14,deployment,frontend,318,16,1,,
2026-06-05 00:29:14,deployment,paymentservice,8,74,1,,
2026-06-05 00:29:14,deployment,productcatalogservice,157,27,1,,
2026-06-05 00:29:14,deployment,recommendationservice,160,101,2,,
2026-06-05 00:29:14,deployment,redis-cart,20,36,1,,
2026-06-05 00:29:14,deployment,shippingservice,20,25,1,,
2026-06-05 00:29:14,node,master,875,1737,,43.8,45.2
2026-06-05 00:29:14,node,worker-1,337,1470,,16.9,38.3
2026-06-05 00:29:14,node,worker-2,607,1266,,30.3,33.0
2026-06-05 00:29:14,node,worker-3,213,846,,10.7,22.0
2026-06-05 00:29:14,node,worker-4,1319,2226,,66.0,58.0
2026-06-05 00:29:21,deployment,adservice,27,108,1,,
2026-06-05 00:29:21,deployment,cartservice,129,120,2,,
2026-06-05 00:29:21,deployment,checkoutservice,16,21,1,,
2026-06-05 00:29:21,deployment,currencyservice,199,108,2,,
2026-06-05 00:29:21,deployment,emailservice,10,61,1,,
2026-06-05 00:29:21,deployment,frontend,313,16,1,,
2026-06-05 00:29:21,deployment,paymentservice,6,75,1,,
2026-06-05 00:29:21,deployment,productcatalogservice,134,27,1,,
2026-06-05 00:29:21,deployment,recommendationservice,147,102,2,,
2026-06-05 00:29:21,deployment,redis-cart,11,36,1,,
2026-06-05 00:29:21,deployment,shippingservice,19,25,1,,
2026-06-05 00:29:21,node,master,867,1740,,43.4,45.3
2026-06-05 00:29:21,node,worker-1,370,1472,,18.5,38.3
2026-06-05 00:29:21,node,worker-2,589,1263,,29.4,32.9
2026-06-05 00:29:21,node,worker-3,200,843,,10.0,22.0
2026-06-05 00:29:21,node,worker-4,1194,2115,,59.7,55.1
2026-06-05 00:29:29,deployment,adservice,27,108,1,,
2026-06-05 00:29:29,deployment,cartservice,129,120,2,,
2026-06-05 00:29:29,deployment,checkoutservice,16,21,1,,
2026-06-05 00:29:29,deployment,currencyservice,199,108,2,,
2026-06-05 00:29:29,deployment,emailservice,10,61,1,,
2026-06-05 00:29:29,deployment,frontend,313,16,1,,
2026-06-05 00:29:29,deployment,paymentservice,6,75,1,,
2026-06-05 00:29:29,deployment,productcatalogservice,134,27,1,,
2026-06-05 00:29:29,deployment,recommendationservice,147,102,2,,
2026-06-05 00:29:29,deployment,redis-cart,11,36,1,,
2026-06-05 00:29:29,deployment,shippingservice,19,25,1,,
2026-06-05 00:29:29,node,master,867,1740,,43.4,45.3
2026-06-05 00:29:29,node,worker-1,370,1472,,18.5,38.3
2026-06-05 00:29:29,node,worker-2,589,1263,,29.4,32.9
2026-06-05 00:29:29,node,worker-3,200,843,,10.0,22.0
2026-06-05 00:29:29,node,worker-4,1194,2115,,59.7,55.1
2026-06-05 00:29:36,deployment,adservice,25,108,1,,
2026-06-05 00:29:36,deployment,cartservice,132,120,2,,
2026-06-05 00:29:36,deployment,checkoutservice,18,21,1,,
2026-06-05 00:29:36,deployment,currencyservice,217,106,2,,
2026-06-05 00:29:36,deployment,emailservice,10,61,1,,
2026-06-05 00:29:36,deployment,frontend,333,16,1,,
2026-06-05 00:29:36,deployment,paymentservice,8,75,1,,
2026-06-05 00:29:36,deployment,productcatalogservice,149,27,1,,
2026-06-05 00:29:36,deployment,recommendationservice,151,102,2,,
2026-06-05 00:29:36,deployment,redis-cart,12,36,1,,
2026-06-05 00:29:36,deployment,shippingservice,22,25,1,,
2026-06-05 00:29:36,node,master,891,1748,,44.5,45.5
2026-06-05 00:29:36,node,worker-1,332,1471,,16.6,38.3
2026-06-05 00:29:36,node,worker-2,645,1266,,32.2,33.0
2026-06-05 00:29:36,node,worker-3,204,842,,10.2,21.9
2026-06-05 00:29:36,node,worker-4,1213,2125,,60.7,55.4
2026-06-05 00:29:44,deployment,adservice,25,108,1,,
2026-06-05 00:29:44,deployment,cartservice,132,120,2,,
2026-06-05 00:29:44,deployment,checkoutservice,18,21,1,,
2026-06-05 00:29:44,deployment,currencyservice,217,106,2,,
2026-06-05 00:29:44,deployment,emailservice,10,61,1,,
2026-06-05 00:29:44,deployment,frontend,333,16,1,,
2026-06-05 00:29:44,deployment,paymentservice,8,75,1,,
2026-06-05 00:29:44,deployment,productcatalogservice,149,27,1,,
2026-06-05 00:29:44,deployment,recommendationservice,151,102,2,,
2026-06-05 00:29:44,deployment,redis-cart,12,36,1,,
2026-06-05 00:29:44,deployment,shippingservice,22,25,1,,
2026-06-05 00:29:44,node,master,891,1748,,44.5,45.5
2026-06-05 00:29:44,node,worker-1,332,1471,,16.6,38.3
2026-06-05 00:29:44,node,worker-2,645,1266,,32.2,33.0
2026-06-05 00:29:44,node,worker-3,204,842,,10.2,21.9
2026-06-05 00:29:44,node,worker-4,1213,2125,,60.7,55.4
2026-06-05 00:29:50,deployment,adservice,27,108,1,,
2026-06-05 00:29:50,deployment,cartservice,128,120,2,,
2026-06-05 00:29:50,deployment,checkoutservice,27,21,1,,
2026-06-05 00:29:50,deployment,currencyservice,224,108,2,,
2026-06-05 00:29:50,deployment,emailservice,11,61,1,,
2026-06-05 00:29:50,deployment,frontend,308,16,1,,
2026-06-05 00:29:50,deployment,paymentservice,8,75,1,,
2026-06-05 00:29:50,deployment,productcatalogservice,148,27,1,,
2026-06-05 00:29:50,deployment,recommendationservice,161,102,2,,
2026-06-05 00:29:50,deployment,redis-cart,12,36,1,,
2026-06-05 00:29:50,deployment,shippingservice,22,25,1,,
2026-06-05 00:29:50,node,master,876,1754,,43.8,45.7
2026-06-05 00:29:50,node,worker-1,336,1472,,16.8,38.3
2026-06-05 00:29:50,node,worker-2,625,1264,,31.2,32.9
2026-06-05 00:29:50,node,worker-3,233,839,,11.7,21.9
2026-06-05 00:29:50,node,worker-4,1367,2108,,68.3,54.9
2026-06-05 00:29:58,deployment,adservice,27,108,1,,
2026-06-05 00:29:58,deployment,cartservice,128,120,2,,
2026-06-05 00:29:58,deployment,checkoutservice,27,21,1,,
2026-06-05 00:29:58,deployment,currencyservice,224,108,2,,
2026-06-05 00:29:58,deployment,emailservice,11,61,1,,
2026-06-05 00:29:58,deployment,frontend,308,16,1,,
2026-06-05 00:29:58,deployment,paymentservice,8,75,1,,
2026-06-05 00:29:58,deployment,productcatalogservice,148,27,1,,
2026-06-05 00:29:58,deployment,recommendationservice,161,102,2,,
2026-06-05 00:29:58,deployment,redis-cart,12,36,1,,
2026-06-05 00:29:58,deployment,shippingservice,22,25,1,,
2026-06-05 00:29:58,node,master,876,1754,,43.8,45.7
2026-06-05 00:29:58,node,worker-1,336,1472,,16.8,38.3
2026-06-05 00:29:58,node,worker-2,625,1264,,31.2,32.9
2026-06-05 00:29:58,node,worker-3,233,839,,11.7,21.9
2026-06-05 00:29:58,node,worker-4,1367,2108,,68.3,54.9
2026-06-05 00:30:05,deployment,adservice,26,108,1,,
2026-06-05 00:30:05,deployment,cartservice,136,120,2,,
2026-06-05 00:30:05,deployment,checkoutservice,17,21,1,,
2026-06-05 00:30:05,deployment,currencyservice,205,108,2,,
2026-06-05 00:30:05,deployment,emailservice,12,61,1,,
2026-06-05 00:30:05,deployment,frontend,313,18,1,,
2026-06-05 00:30:05,deployment,paymentservice,7,75,1,,
2026-06-05 00:30:05,deployment,productcatalogservice,149,27,1,,
2026-06-05 00:30:05,deployment,recommendationservice,154,102,2,,
2026-06-05 00:30:05,deployment,redis-cart,11,36,1,,
2026-06-05 00:30:05,deployment,shippingservice,21,25,1,,
2026-06-05 00:30:05,node,master,884,1757,,44.2,45.8
2026-06-05 00:30:05,node,worker-1,342,1473,,17.1,38.4
2026-06-05 00:30:05,node,worker-2,617,1258,,30.9,32.8
2026-06-05 00:30:05,node,worker-3,199,843,,10.0,22.0
2026-06-05 00:30:05,node,worker-4,1214,2103,,60.7,54.8
2026-06-05 00:30:13,deployment,adservice,26,108,1,,
2026-06-05 00:30:13,deployment,cartservice,136,120,2,,
2026-06-05 00:30:13,deployment,checkoutservice,17,21,1,,
2026-06-05 00:30:13,deployment,currencyservice,205,108,2,,
2026-06-05 00:30:13,deployment,emailservice,12,61,1,,
2026-06-05 00:30:13,deployment,frontend,313,18,1,,
2026-06-05 00:30:13,deployment,paymentservice,7,75,1,,
2026-06-05 00:30:13,deployment,productcatalogservice,149,27,1,,
2026-06-05 00:30:13,deployment,recommendationservice,154,102,2,,
2026-06-05 00:30:13,deployment,redis-cart,11,36,1,,
2026-06-05 00:30:13,deployment,shippingservice,21,25,1,,
2026-06-05 00:30:13,node,master,884,1757,,44.2,45.8
2026-06-05 00:30:13,node,worker-1,342,1473,,17.1,38.4
2026-06-05 00:30:13,node,worker-2,617,1258,,30.9,32.8
2026-06-05 00:30:13,node,worker-3,199,843,,10.0,22.0
2026-06-05 00:30:13,node,worker-4,1214,2103,,60.7,54.8
2026-06-05 00:30:20,deployment,adservice,23,108,1,,
2026-06-05 00:30:20,deployment,cartservice,124,120,2,,
2026-06-05 00:30:20,deployment,checkoutservice,20,21,1,,
2026-06-05 00:30:20,deployment,currencyservice,221,119,2,,
2026-06-05 00:30:20,deployment,emailservice,11,61,1,,
2026-06-05 00:30:20,deployment,frontend,295,19,1,,
2026-06-05 00:30:20,deployment,paymentservice,7,75,1,,
2026-06-05 00:30:20,deployment,productcatalogservice,133,27,1,,
2026-06-05 00:30:20,deployment,recommendationservice,151,102,2,,
2026-06-05 00:30:20,deployment,redis-cart,11,36,1,,
2026-06-05 00:30:20,deployment,shippingservice,20,25,1,,
2026-06-05 00:30:20,node,master,866,1758,,43.3,45.8
2026-06-05 00:30:20,node,worker-1,312,1470,,15.6,38.3
2026-06-05 00:30:20,node,worker-2,655,1249,,32.8,32.5
2026-06-05 00:30:20,node,worker-3,247,823,,12.3,21.4
2026-06-05 00:30:20,node,worker-4,1245,2109,,62.3,54.9
2026-06-05 00:30:28,deployment,adservice,23,108,1,,
2026-06-05 00:30:28,deployment,cartservice,124,120,2,,
2026-06-05 00:30:28,deployment,checkoutservice,20,21,1,,
2026-06-05 00:30:28,deployment,currencyservice,221,119,2,,
2026-06-05 00:30:28,deployment,emailservice,11,61,1,,
2026-06-05 00:30:28,deployment,frontend,295,19,1,,
2026-06-05 00:30:28,deployment,paymentservice,7,75,1,,
2026-06-05 00:30:28,deployment,productcatalogservice,133,27,1,,
2026-06-05 00:30:28,deployment,recommendationservice,151,102,2,,
2026-06-05 00:30:28,deployment,redis-cart,11,36,1,,
2026-06-05 00:30:28,deployment,shippingservice,20,25,1,,
2026-06-05 00:30:28,node,master,866,1758,,43.3,45.8
2026-06-05 00:30:28,node,worker-1,312,1470,,15.6,38.3
2026-06-05 00:30:28,node,worker-2,655,1249,,32.8,32.5
2026-06-05 00:30:28,node,worker-3,247,823,,12.3,21.4
2026-06-05 00:30:28,node,worker-4,1245,2109,,62.3,54.9
2026-06-05 00:30:34,deployment,adservice,23,108,1,,
2026-06-05 00:30:34,deployment,cartservice,124,120,2,,
2026-06-05 00:30:34,deployment,checkoutservice,20,21,1,,
2026-06-05 00:30:34,deployment,currencyservice,221,119,2,,
2026-06-05 00:30:34,deployment,emailservice,11,61,1,,
2026-06-05 00:30:34,deployment,frontend,352,19,1,,
2026-06-05 00:30:34,deployment,paymentservice,8,75,1,,
2026-06-05 00:30:34,deployment,productcatalogservice,159,27,1,,
2026-06-05 00:30:34,deployment,recommendationservice,180,102,2,,
2026-06-05 00:30:34,deployment,redis-cart,13,36,1,,
2026-06-05 00:30:34,deployment,shippingservice,23,25,1,,
2026-06-05 00:30:34,node,master,1003,1751,,50.1,45.6
2026-06-05 00:30:34,node,worker-1,441,1483,,22.1,38.6
2026-06-05 00:30:34,node,worker-2,715,1254,,35.8,32.7
2026-06-05 00:30:34,node,worker-3,261,827,,13.1,21.5
2026-06-05 00:30:34,node,worker-4,1340,2095,,67.0,54.6
2026-06-05 00:30:42,deployment,adservice,31,108,1,,
2026-06-05 00:30:42,deployment,cartservice,180,120,2,,
2026-06-05 00:30:42,deployment,checkoutservice,25,21,1,,
2026-06-05 00:30:42,deployment,currencyservice,241,120,2,,
2026-06-05 00:30:42,deployment,emailservice,12,61,1,,
2026-06-05 00:30:42,deployment,frontend,352,19,3,,
2026-06-05 00:30:42,deployment,paymentservice,8,75,1,,
2026-06-05 00:30:42,deployment,productcatalogservice,159,27,1,,
2026-06-05 00:30:42,deployment,recommendationservice,180,102,2,,
2026-06-05 00:30:42,deployment,redis-cart,13,36,1,,
2026-06-05 00:30:42,deployment,shippingservice,23,25,1,,
2026-06-05 00:30:42,node,master,1003,1751,,50.1,45.6
2026-06-05 00:30:42,node,worker-1,441,1483,,22.1,38.6
2026-06-05 00:30:42,node,worker-2,715,1254,,35.8,32.7
2026-06-05 00:30:42,node,worker-3,261,827,,13.1,21.5
2026-06-05 00:30:42,node,worker-4,1340,2095,,67.0,54.6
2026-06-05 00:30:48,deployment,adservice,31,108,1,,
2026-06-05 00:30:48,deployment,cartservice,180,120,2,,
2026-06-05 00:30:48,deployment,checkoutservice,25,21,1,,
2026-06-05 00:30:48,deployment,currencyservice,241,120,2,,
2026-06-05 00:30:48,deployment,emailservice,12,61,1,,
2026-06-05 00:30:48,deployment,frontend,352,19,3,,
2026-06-05 00:30:48,deployment,paymentservice,8,75,1,,
2026-06-05 00:30:48,deployment,productcatalogservice,159,27,1,,
2026-06-05 00:30:48,deployment,recommendationservice,180,102,2,,
2026-06-05 00:30:48,deployment,redis-cart,13,36,1,,
2026-06-05 00:30:48,deployment,shippingservice,23,25,1,,
2026-06-05 00:30:48,node,master,1003,1751,,50.1,45.6
2026-06-05 00:30:48,node,worker-1,441,1483,,22.1,38.6
2026-06-05 00:30:48,node,worker-2,715,1254,,35.8,32.7
2026-06-05 00:30:48,node,worker-3,261,827,,13.1,21.5
2026-06-05 00:30:48,node,worker-4,1340,2095,,67.0,54.6
2026-06-05 00:30:54,deployment,adservice,32,108,1,,
2026-06-05 00:30:54,deployment,cartservice,203,120,2,,
2026-06-05 00:30:54,deployment,checkoutservice,26,21,1,,
2026-06-05 00:30:54,deployment,currencyservice,245,123,2,,
2026-06-05 00:30:54,deployment,emailservice,12,61,1,,
2026-06-05 00:30:54,deployment,frontend,371,19,3,,
2026-06-05 00:30:54,deployment,paymentservice,8,75,1,,
2026-06-05 00:30:54,deployment,productcatalogservice,170,27,1,,
2026-06-05 00:30:54,deployment,recommendationservice,192,105,2,,
2026-06-05 00:30:54,deployment,redis-cart,14,36,1,,
2026-06-05 00:30:54,deployment,shippingservice,27,25,1,,
2026-06-05 00:30:54,node,master,951,1750,,47.5,45.6
2026-06-05 00:30:54,node,worker-1,468,1501,,23.4,39.1
2026-06-05 00:30:54,node,worker-2,831,1273,,41.5,33.2
2026-06-05 00:30:54,node,worker-3,293,833,,14.6,21.7
2026-06-05 00:30:54,node,worker-4,1469,2093,,73.5,54.5
2026-06-05 00:31:01,deployment,adservice,32,108,1,,
2026-06-05 00:31:01,deployment,cartservice,203,120,2,,
2026-06-05 00:31:01,deployment,checkoutservice,26,21,1,,
2026-06-05 00:31:01,deployment,currencyservice,245,123,2,,
2026-06-05 00:31:01,deployment,emailservice,12,61,1,,
2026-06-05 00:31:01,deployment,frontend,371,19,3,,
2026-06-05 00:31:01,deployment,paymentservice,8,75,1,,
2026-06-05 00:31:01,deployment,productcatalogservice,170,27,1,,
2026-06-05 00:31:01,deployment,recommendationservice,192,105,2,,
2026-06-05 00:31:01,deployment,redis-cart,14,36,1,,
2026-06-05 00:31:01,deployment,shippingservice,27,25,1,,
2026-06-05 00:31:01,node,master,951,1750,,47.5,45.6
2026-06-05 00:31:01,node,worker-1,468,1501,,23.4,39.1
2026-06-05 00:31:01,node,worker-2,831,1273,,41.5,33.2
2026-06-05 00:31:01,node,worker-3,293,833,,14.6,21.7
2026-06-05 00:31:01,node,worker-4,1469,2093,,73.5,54.5
2026-06-05 00:31:08,deployment,adservice,31,108,1,,
2026-06-05 00:31:08,deployment,cartservice,184,120,2,,
2026-06-05 00:31:08,deployment,checkoutservice,21,21,1,,
2026-06-05 00:31:08,deployment,currencyservice,249,120,2,,
2026-06-05 00:31:08,deployment,emailservice,12,61,1,,
2026-06-05 00:31:08,deployment,frontend,507,38,3,,
2026-06-05 00:31:08,deployment,paymentservice,8,75,1,,
2026-06-05 00:31:08,deployment,productcatalogservice,161,27,1,,
2026-06-05 00:31:08,deployment,recommendationservice,183,102,2,,
2026-06-05 00:31:08,deployment,redis-cart,14,36,1,,
2026-06-05 00:31:08,deployment,shippingservice,25,25,1,,
2026-06-05 00:31:08,node,master,763,1753,,38.1,45.7
2026-06-05 00:31:08,node,worker-1,540,1502,,27.0,39.1
2026-06-05 00:31:08,node,worker-2,868,1283,,43.4,33.4
2026-06-05 00:31:08,node,worker-3,249,838,,12.4,21.8
2026-06-05 00:31:08,node,worker-4,1376,2161,,68.8,56.3
2026-06-05 00:31:14,deployment,adservice,31,108,1,,
2026-06-05 00:31:14,deployment,cartservice,184,120,2,,
2026-06-05 00:31:14,deployment,checkoutservice,21,21,1,,
2026-06-05 00:31:14,deployment,currencyservice,249,120,2,,
2026-06-05 00:31:14,deployment,emailservice,12,61,1,,
2026-06-05 00:31:14,deployment,frontend,507,38,3,,
2026-06-05 00:31:14,deployment,paymentservice,8,75,1,,
2026-06-05 00:31:14,deployment,productcatalogservice,161,27,1,,
2026-06-05 00:31:14,deployment,recommendationservice,183,102,2,,
2026-06-05 00:31:14,deployment,redis-cart,14,36,1,,
2026-06-05 00:31:14,deployment,shippingservice,25,25,1,,
2026-06-05 00:31:14,node,master,763,1753,,38.1,45.7
2026-06-05 00:31:14,node,worker-1,540,1502,,27.0,39.1
2026-06-05 00:31:14,node,worker-2,868,1283,,43.4,33.4
2026-06-05 00:31:14,node,worker-3,249,838,,12.4,21.8
2026-06-05 00:31:14,node,worker-4,1376,2161,,68.8,56.3
2026-06-05 00:31:22,deployment,adservice,32,108,1,,
2026-06-05 00:31:22,deployment,cartservice,200,120,2,,
2026-06-05 00:31:22,deployment,checkoutservice,21,21,1,,
2026-06-05 00:31:22,deployment,currencyservice,250,123,2,,
2026-06-05 00:31:22,deployment,emailservice,13,61,1,,
2026-06-05 00:31:22,deployment,frontend,447,39,3,,
2026-06-05 00:31:22,deployment,paymentservice,8,75,1,,
2026-06-05 00:31:22,deployment,productcatalogservice,171,27,1,,
2026-06-05 00:31:22,deployment,recommendationservice,183,102,2,,
2026-06-05 00:31:22,deployment,redis-cart,13,36,1,,
2026-06-05 00:31:22,deployment,shippingservice,23,25,1,,
2026-06-05 00:31:22,node,master,598,1749,,29.9,45.6
2026-06-05 00:31:22,node,worker-1,665,1503,,33.2,39.2
2026-06-05 00:31:22,node,worker-2,1008,1281,,50.4,33.4
2026-06-05 00:31:22,node,worker-3,211,836,,10.5,21.8
2026-06-05 00:31:22,node,worker-4,1474,2155,,73.7,56.1
2026-06-05 00:31:28,deployment,adservice,32,108,1,,
2026-06-05 00:31:28,deployment,cartservice,200,120,2,,
2026-06-05 00:31:28,deployment,checkoutservice,21,21,1,,
2026-06-05 00:31:28,deployment,currencyservice,250,123,2,,
2026-06-05 00:31:28,deployment,emailservice,13,61,1,,
2026-06-05 00:31:28,deployment,frontend,447,39,3,,
2026-06-05 00:31:28,deployment,paymentservice,8,75,1,,
2026-06-05 00:31:28,deployment,productcatalogservice,171,27,1,,
2026-06-05 00:31:28,deployment,recommendationservice,183,102,2,,
2026-06-05 00:31:28,deployment,redis-cart,13,36,1,,
2026-06-05 00:31:28,deployment,shippingservice,23,25,1,,
2026-06-05 00:31:28,node,master,598,1749,,29.9,45.6
2026-06-05 00:31:28,node,worker-1,665,1503,,33.2,39.2
2026-06-05 00:31:28,node,worker-2,1008,1281,,50.4,33.4
2026-06-05 00:31:28,node,worker-3,211,836,,10.5,21.8
2026-06-05 00:31:28,node,worker-4,1474,2155,,73.7,56.1
2026-06-05 00:31:35,deployment,adservice,30,108,1,,
2026-06-05 00:31:35,deployment,cartservice,157,121,2,,
2026-06-05 00:31:35,deployment,checkoutservice,26,21,1,,
2026-06-05 00:31:35,deployment,currencyservice,232,123,2,,
2026-06-05 00:31:35,deployment,emailservice,13,61,1,,
2026-06-05 00:31:35,deployment,frontend,435,41,3,,
2026-06-05 00:31:35,deployment,paymentservice,8,75,1,,
2026-06-05 00:31:35,deployment,productcatalogservice,170,27,1,,
2026-06-05 00:31:35,deployment,recommendationservice,161,102,2,,
2026-06-05 00:31:35,deployment,redis-cart,13,36,1,,
2026-06-05 00:31:35,deployment,shippingservice,22,25,1,,
2026-06-05 00:31:35,node,master,554,1750,,27.7,45.6
2026-06-05 00:31:35,node,worker-1,612,1503,,30.6,39.2
2026-06-05 00:31:35,node,worker-2,989,1279,,49.5,33.3
2026-06-05 00:31:35,node,worker-3,211,840,,10.5,21.9
2026-06-05 00:31:35,node,worker-4,1423,2238,,71.2,58.3
2026-06-05 00:31:43,deployment,adservice,30,108,1,,
2026-06-05 00:31:43,deployment,cartservice,157,121,2,,
2026-06-05 00:31:43,deployment,checkoutservice,26,21,1,,
2026-06-05 00:31:43,deployment,currencyservice,232,123,2,,
2026-06-05 00:31:43,deployment,emailservice,13,61,1,,
2026-06-05 00:31:43,deployment,frontend,435,41,3,,
2026-06-05 00:31:43,deployment,paymentservice,8,75,1,,
2026-06-05 00:31:43,deployment,productcatalogservice,170,27,1,,
2026-06-05 00:31:43,deployment,recommendationservice,161,102,2,,
2026-06-05 00:31:43,deployment,redis-cart,13,36,1,,
2026-06-05 00:31:43,deployment,shippingservice,22,25,1,,
2026-06-05 00:31:43,node,master,554,1750,,27.7,45.6
2026-06-05 00:31:43,node,worker-1,612,1503,,30.6,39.2
2026-06-05 00:31:43,node,worker-2,989,1279,,49.5,33.3
2026-06-05 00:31:43,node,worker-3,211,840,,10.5,21.9
2026-06-05 00:31:43,node,worker-4,1423,2238,,71.2,58.3
2026-06-05 00:31:49,deployment,adservice,30,108,1,,
2026-06-05 00:31:49,deployment,cartservice,157,121,2,,
2026-06-05 00:31:49,deployment,checkoutservice,26,21,1,,
2026-06-05 00:31:49,deployment,currencyservice,232,123,2,,
2026-06-05 00:31:49,deployment,emailservice,13,61,1,,
2026-06-05 00:31:49,deployment,frontend,382,40,3,,
2026-06-05 00:31:49,deployment,paymentservice,8,75,1,,
2026-06-05 00:31:49,deployment,productcatalogservice,156,27,1,,
2026-06-05 00:31:49,deployment,recommendationservice,148,102,2,,
2026-06-05 00:31:49,deployment,redis-cart,29,36,1,,
2026-06-05 00:31:49,deployment,shippingservice,22,25,1,,
2026-06-05 00:31:49,node,master,543,1748,,27.2,45.5
2026-06-05 00:31:49,node,worker-1,581,1501,,29.0,39.1
2026-06-05 00:31:49,node,worker-2,854,1277,,42.7,33.3
2026-06-05 00:31:49,node,worker-3,210,837,,10.5,21.8
2026-06-05 00:31:49,node,worker-4,1426,2092,,71.3,54.5
2026-06-05 00:31:56,deployment,adservice,26,108,1,,
2026-06-05 00:31:56,deployment,cartservice,143,120,2,,
2026-06-05 00:31:56,deployment,checkoutservice,21,21,1,,
2026-06-05 00:31:56,deployment,currencyservice,206,122,2,,
2026-06-05 00:31:56,deployment,emailservice,12,61,1,,
2026-06-05 00:31:56,deployment,frontend,382,40,3,,
2026-06-05 00:31:56,deployment,paymentservice,8,75,1,,
2026-06-05 00:31:56,deployment,productcatalogservice,156,27,1,,
2026-06-05 00:31:56,deployment,recommendationservice,148,102,2,,
2026-06-05 00:31:56,deployment,redis-cart,29,36,1,,
2026-06-05 00:31:56,deployment,shippingservice,22,25,1,,
2026-06-05 00:31:56,node,master,543,1748,,27.2,45.5
2026-06-05 00:31:56,node,worker-1,581,1501,,29.0,39.1
2026-06-05 00:31:56,node,worker-2,854,1277,,42.7,33.3
2026-06-05 00:31:56,node,worker-3,210,837,,10.5,21.8
2026-06-05 00:31:56,node,worker-4,1426,2092,,71.3,54.5
2026-06-05 00:32:03,deployment,adservice,26,108,1,,
2026-06-05 00:32:03,deployment,cartservice,143,120,2,,
2026-06-05 00:32:03,deployment,checkoutservice,21,21,1,,
2026-06-05 00:32:03,deployment,currencyservice,206,122,2,,
2026-06-05 00:32:03,deployment,emailservice,12,61,1,,
2026-06-05 00:32:03,deployment,frontend,382,40,3,,
2026-06-05 00:32:03,deployment,paymentservice,8,75,1,,
2026-06-05 00:32:03,deployment,productcatalogservice,156,27,1,,
2026-06-05 00:32:03,deployment,recommendationservice,148,102,2,,
2026-06-05 00:32:03,deployment,redis-cart,29,36,1,,
2026-06-05 00:32:03,deployment,shippingservice,22,25,1,,
2026-06-05 00:32:03,node,master,543,1748,,27.2,45.5
2026-06-05 00:32:03,node,worker-1,581,1501,,29.0,39.1
2026-06-05 00:32:03,node,worker-2,854,1277,,42.7,33.3
2026-06-05 00:32:03,node,worker-3,210,837,,10.5,21.8
2026-06-05 00:32:03,node,worker-4,1426,2092,,71.3,54.5
2026-06-05 00:32:09,deployment,adservice,26,108,1,,
2026-06-05 00:32:09,deployment,cartservice,146,120,2,,
2026-06-05 00:32:09,deployment,checkoutservice,22,21,1,,
2026-06-05 00:32:09,deployment,currencyservice,207,122,2,,
2026-06-05 00:32:09,deployment,emailservice,12,61,1,,
2026-06-05 00:32:09,deployment,frontend,368,40,3,,
2026-06-05 00:32:09,deployment,paymentservice,9,75,1,,
2026-06-05 00:32:09,deployment,productcatalogservice,149,27,1,,
2026-06-05 00:32:09,deployment,recommendationservice,144,102,2,,
2026-06-05 00:32:09,deployment,redis-cart,11,36,1,,
2026-06-05 00:32:09,deployment,shippingservice,21,25,1,,
2026-06-05 00:32:09,node,master,578,1751,,28.9,45.6
2026-06-05 00:32:09,node,worker-1,493,1502,,24.6,39.1
2026-06-05 00:32:09,node,worker-2,844,1281,,42.2,33.4
2026-06-05 00:32:09,node,worker-3,198,841,,9.9,21.9
2026-06-05 00:32:09,node,worker-4,1342,2122,,67.1,55.3
2026-06-05 00:32:16,deployment,adservice,26,108,1,,
2026-06-05 00:32:16,deployment,cartservice,146,120,2,,
2026-06-05 00:32:16,deployment,checkoutservice,22,21,1,,
2026-06-05 00:32:16,deployment,currencyservice,207,122,2,,
2026-06-05 00:32:16,deployment,emailservice,12,61,1,,
2026-06-05 00:32:16,deployment,frontend,368,40,3,,
2026-06-05 00:32:16,deployment,paymentservice,9,75,1,,
2026-06-05 00:32:16,deployment,productcatalogservice,149,27,1,,
2026-06-05 00:32:16,deployment,recommendationservice,144,102,2,,
2026-06-05 00:32:16,deployment,redis-cart,11,36,1,,
2026-06-05 00:32:16,deployment,shippingservice,21,25,1,,
2026-06-05 00:32:16,node,master,578,1751,,28.9,45.6
2026-06-05 00:32:16,node,worker-1,493,1502,,24.6,39.1
2026-06-05 00:32:16,node,worker-2,844,1281,,42.2,33.4
2026-06-05 00:32:16,node,worker-3,198,841,,9.9,21.9
2026-06-05 00:32:16,node,worker-4,1342,2122,,67.1,55.3
2026-06-05 00:32:22,deployment,adservice,25,108,1,,
2026-06-05 00:32:22,deployment,cartservice,119,120,2,,
2026-06-05 00:32:22,deployment,checkoutservice,16,21,1,,
2026-06-05 00:32:22,deployment,currencyservice,205,123,2,,
2026-06-05 00:32:22,deployment,emailservice,12,61,1,,
2026-06-05 00:32:22,deployment,frontend,345,40,3,,
2026-06-05 00:32:22,deployment,paymentservice,6,75,1,,
2026-06-05 00:32:22,deployment,productcatalogservice,149,27,1,,
2026-06-05 00:32:22,deployment,recommendationservice,144,102,2,,
2026-06-05 00:32:22,deployment,redis-cart,10,36,1,,
2026-06-05 00:32:22,deployment,shippingservice,22,25,1,,
2026-06-05 00:32:22,node,master,521,1749,,26.1,45.6
2026-06-05 00:32:22,node,worker-1,544,1502,,27.2,39.1
2026-06-05 00:32:22,node,worker-2,882,1280,,44.1,33.3
2026-06-05 00:32:22,node,worker-3,172,838,,8.6,21.8
2026-06-05 00:32:22,node,worker-4,1296,1988,,64.8,51.8
2026-06-05 00:32:29,deployment,adservice,25,108,1,,
2026-06-05 00:32:29,deployment,cartservice,119,120,2,,
2026-06-05 00:32:29,deployment,checkoutservice,16,21,1,,
2026-06-05 00:32:29,deployment,currencyservice,205,123,2,,
2026-06-05 00:32:29,deployment,emailservice,12,61,1,,
2026-06-05 00:32:29,deployment,frontend,345,40,3,,
2026-06-05 00:32:29,deployment,paymentservice,6,75,1,,
2026-06-05 00:32:29,deployment,productcatalogservice,149,27,1,,
2026-06-05 00:32:29,deployment,recommendationservice,144,102,2,,
2026-06-05 00:32:29,deployment,redis-cart,10,36,1,,
2026-06-05 00:32:29,deployment,shippingservice,22,25,1,,
2026-06-05 00:32:29,node,master,521,1749,,26.1,45.6
2026-06-05 00:32:29,node,worker-1,544,1502,,27.2,39.1
2026-06-05 00:32:29,node,worker-2,882,1280,,44.1,33.3
2026-06-05 00:32:29,node,worker-3,172,838,,8.6,21.8
2026-06-05 00:32:29,node,worker-4,1296,1988,,64.8,51.8
2026-06-05 00:32:36,deployment,adservice,26,108,1,,
2026-06-05 00:32:36,deployment,cartservice,137,120,2,,
2026-06-05 00:32:36,deployment,checkoutservice,20,21,1,,
2026-06-05 00:32:36,deployment,currencyservice,213,124,2,,
2026-06-05 00:32:36,deployment,emailservice,10,61,1,,
2026-06-05 00:32:36,deployment,frontend,367,40,3,,
2026-06-05 00:32:36,deployment,paymentservice,8,75,1,,
2026-06-05 00:32:36,deployment,productcatalogservice,145,27,1,,
2026-06-05 00:32:36,deployment,recommendationservice,141,102,2,,
2026-06-05 00:32:36,deployment,redis-cart,11,36,1,,
2026-06-05 00:32:36,deployment,shippingservice,18,25,1,,
2026-06-05 00:32:36,node,master,553,1752,,27.7,45.6
2026-06-05 00:32:36,node,worker-1,533,1504,,26.7,39.2
2026-06-05 00:32:36,node,worker-2,881,1280,,44.0,33.3
2026-06-05 00:32:36,node,worker-3,186,842,,9.3,21.9
2026-06-05 00:32:36,node,worker-4,1321,2082,,66.0,54.2
2026-06-05 00:32:43,deployment,adservice,26,108,1,,
2026-06-05 00:32:43,deployment,cartservice,137,120,2,,
2026-06-05 00:32:43,deployment,checkoutservice,20,21,1,,
2026-06-05 00:32:43,deployment,currencyservice,213,124,2,,
2026-06-05 00:32:43,deployment,emailservice,10,61,1,,
2026-06-05 00:32:43,deployment,frontend,367,40,3,,
2026-06-05 00:32:43,deployment,paymentservice,8,75,1,,
2026-06-05 00:32:43,deployment,productcatalogservice,145,27,1,,
2026-06-05 00:32:43,deployment,recommendationservice,141,102,2,,
2026-06-05 00:32:43,deployment,redis-cart,11,36,1,,
2026-06-05 00:32:43,deployment,shippingservice,18,25,1,,
2026-06-05 00:32:43,node,master,553,1752,,27.7,45.6
2026-06-05 00:32:43,node,worker-1,533,1504,,26.7,39.2
2026-06-05 00:32:43,node,worker-2,881,1280,,44.0,33.3
2026-06-05 00:32:43,node,worker-3,186,842,,9.3,21.9
2026-06-05 00:32:43,node,worker-4,1321,2082,,66.0,54.2
2026-06-05 00:32:50,deployment,adservice,24,108,1,,
2026-06-05 00:32:50,deployment,cartservice,140,121,2,,
2026-06-05 00:32:50,deployment,checkoutservice,20,21,1,,
2026-06-05 00:32:50,deployment,currencyservice,216,124,2,,
2026-06-05 00:32:50,deployment,emailservice,11,61,1,,
2026-06-05 00:32:50,deployment,frontend,387,41,3,,
2026-06-05 00:32:50,deployment,paymentservice,6,75,1,,
2026-06-05 00:32:50,deployment,productcatalogservice,159,27,1,,
2026-06-05 00:32:50,deployment,recommendationservice,143,102,2,,
2026-06-05 00:32:50,deployment,redis-cart,11,36,1,,
2026-06-05 00:32:50,deployment,shippingservice,22,25,1,,
2026-06-05 00:32:50,node,master,511,1750,,25.6,45.6
2026-06-05 00:32:50,node,worker-1,651,1501,,32.6,39.1
2026-06-05 00:32:50,node,worker-2,887,1278,,44.4,33.3
2026-06-05 00:32:50,node,worker-3,198,839,,9.9,21.9
2026-06-05 00:32:50,node,worker-4,1307,2142,,65.3,55.8
2026-06-05 00:32:57,deployment,adservice,24,108,1,,
2026-06-05 00:32:57,deployment,cartservice,140,121,2,,
2026-06-05 00:32:57,deployment,checkoutservice,20,21,1,,
2026-06-05 00:32:57,deployment,currencyservice,216,124,2,,
2026-06-05 00:32:57,deployment,emailservice,11,61,1,,
2026-06-05 00:32:57,deployment,frontend,387,41,3,,
2026-06-05 00:32:57,deployment,paymentservice,6,75,1,,
2026-06-05 00:32:57,deployment,productcatalogservice,159,27,1,,
2026-06-05 00:32:57,deployment,recommendationservice,143,102,2,,
2026-06-05 00:32:57,deployment,redis-cart,11,36,1,,
2026-06-05 00:32:57,deployment,shippingservice,22,25,1,,
2026-06-05 00:32:57,node,master,511,1750,,25.6,45.6
2026-06-05 00:32:57,node,worker-1,651,1501,,32.6,39.1
2026-06-05 00:32:57,node,worker-2,887,1278,,44.4,33.3
2026-06-05 00:32:57,node,worker-3,198,839,,9.9,21.9
2026-06-05 00:32:57,node,worker-4,1307,2142,,65.3,55.8
2026-06-05 00:33:04,deployment,adservice,24,108,1,,
2026-06-05 00:33:04,deployment,cartservice,140,121,2,,
2026-06-05 00:33:04,deployment,checkoutservice,20,21,1,,
2026-06-05 00:33:04,deployment,currencyservice,216,124,2,,
2026-06-05 00:33:04,deployment,emailservice,11,61,1,,
2026-06-05 00:33:04,deployment,frontend,383,41,3,,
2026-06-05 00:33:04,deployment,paymentservice,6,75,1,,
2026-06-05 00:33:04,deployment,productcatalogservice,160,27,1,,
2026-06-05 00:33:04,deployment,recommendationservice,146,105,2,,
2026-06-05 00:33:04,deployment,redis-cart,11,36,1,,
2026-06-05 00:33:04,deployment,shippingservice,20,25,1,,
2026-06-05 00:33:04,node,master,547,1754,,27.4,45.7
2026-06-05 00:33:04,node,worker-1,554,1503,,27.7,39.2
2026-06-05 00:33:04,node,worker-2,881,1282,,44.0,33.4
2026-06-05 00:33:04,node,worker-3,206,839,,10.3,21.9
2026-06-05 00:33:04,node,worker-4,1507,2158,,75.3,56.2
2026-06-05 00:33:11,deployment,adservice,27,108,1,,
2026-06-05 00:33:11,deployment,cartservice,166,121,2,,
2026-06-05 00:33:11,deployment,checkoutservice,20,22,1,,
2026-06-05 00:33:11,deployment,currencyservice,213,121,2,,
2026-06-05 00:33:11,deployment,emailservice,12,61,1,,
2026-06-05 00:33:11,deployment,frontend,383,41,3,,
2026-06-05 00:33:11,deployment,paymentservice,6,75,1,,
2026-06-05 00:33:11,deployment,productcatalogservice,160,27,1,,
2026-06-05 00:33:11,deployment,recommendationservice,146,105,2,,
2026-06-05 00:33:11,deployment,redis-cart,11,36,1,,
2026-06-05 00:33:11,deployment,shippingservice,20,25,1,,
2026-06-05 00:33:11,node,master,547,1754,,27.4,45.7
2026-06-05 00:33:11,node,worker-1,554,1503,,27.7,39.2
2026-06-05 00:33:11,node,worker-2,881,1282,,44.0,33.4
2026-06-05 00:33:11,node,worker-3,206,839,,10.3,21.9
2026-06-05 00:33:11,node,worker-4,1507,2158,,75.3,56.2
2026-06-05 00:33:17,deployment,adservice,27,108,1,,
2026-06-05 00:33:17,deployment,cartservice,166,121,2,,
2026-06-05 00:33:17,deployment,checkoutservice,20,22,1,,
2026-06-05 00:33:17,deployment,currencyservice,213,121,2,,
2026-06-05 00:33:17,deployment,emailservice,12,61,1,,
2026-06-05 00:33:17,deployment,frontend,383,41,3,,
2026-06-05 00:33:17,deployment,paymentservice,6,75,1,,
2026-06-05 00:33:17,deployment,productcatalogservice,160,27,1,,
2026-06-05 00:33:17,deployment,recommendationservice,146,105,2,,
2026-06-05 00:33:17,deployment,redis-cart,11,36,1,,
2026-06-05 00:33:17,deployment,shippingservice,20,25,1,,
2026-06-05 00:33:17,node,master,547,1754,,27.4,45.7
2026-06-05 00:33:17,node,worker-1,554,1503,,27.7,39.2
2026-06-05 00:33:17,node,worker-2,881,1282,,44.0,33.4
2026-06-05 00:33:17,node,worker-3,206,839,,10.3,21.9
2026-06-05 00:33:17,node,worker-4,1507,2158,,75.3,56.2
2026-06-05 00:33:24,deployment,adservice,25,108,1,,
2026-06-05 00:33:24,deployment,cartservice,123,120,2,,
2026-06-05 00:33:24,deployment,checkoutservice,18,22,1,,
2026-06-05 00:33:24,deployment,currencyservice,202,123,2,,
2026-06-05 00:33:24,deployment,emailservice,10,61,1,,
2026-06-05 00:33:24,deployment,frontend,370,42,3,,
2026-06-05 00:33:24,deployment,paymentservice,7,75,1,,
2026-06-05 00:33:24,deployment,productcatalogservice,156,27,1,,
2026-06-05 00:33:24,deployment,recommendationservice,144,102,2,,
2026-06-05 00:33:24,deployment,redis-cart,11,36,1,,
2026-06-05 00:33:24,deployment,shippingservice,22,25,1,,
2026-06-05 00:33:24,node,master,576,1751,,28.8,45.6
2026-06-05 00:33:24,node,worker-1,509,1501,,25.4,39.1
2026-06-05 00:33:24,node,worker-2,889,1280,,44.5,33.3
2026-06-05 00:33:24,node,worker-3,180,837,,9.0,21.8
2026-06-05 00:33:24,node,worker-4,1304,2139,,65.2,55.7
2026-06-05 00:33:31,deployment,adservice,25,108,1,,
2026-06-05 00:33:31,deployment,cartservice,123,120,2,,
2026-06-05 00:33:31,deployment,checkoutservice,18,22,1,,
2026-06-05 00:33:31,deployment,currencyservice,202,123,2,,
2026-06-05 00:33:31,deployment,emailservice,10,61,1,,
2026-06-05 00:33:31,deployment,frontend,370,42,3,,
2026-06-05 00:33:31,deployment,paymentservice,7,75,1,,
2026-06-05 00:33:31,deployment,productcatalogservice,156,27,1,,
2026-06-05 00:33:31,deployment,recommendationservice,144,102,2,,
2026-06-05 00:33:31,deployment,redis-cart,11,36,1,,
2026-06-05 00:33:31,deployment,shippingservice,22,25,1,,
2026-06-05 00:33:31,node,master,576,1751,,28.8,45.6
2026-06-05 00:33:31,node,worker-1,509,1501,,25.4,39.1
2026-06-05 00:33:31,node,worker-2,889,1280,,44.5,33.3
2026-06-05 00:33:31,node,worker-3,180,837,,9.0,21.8
2026-06-05 00:33:31,node,worker-4,1304,2139,,65.2,55.7
2026-06-05 00:33:37,deployment,adservice,30,108,1,,
2026-06-05 00:33:37,deployment,cartservice,155,120,2,,
2026-06-05 00:33:37,deployment,checkoutservice,20,22,1,,
2026-06-05 00:33:37,deployment,currencyservice,236,125,2,,
2026-06-05 00:33:37,deployment,emailservice,10,61,1,,
2026-06-05 00:33:37,deployment,frontend,417,42,3,,
2026-06-05 00:33:37,deployment,paymentservice,8,75,1,,
2026-06-05 00:33:37,deployment,productcatalogservice,173,27,1,,
2026-06-05 00:33:37,deployment,recommendationservice,164,102,2,,
2026-06-05 00:33:37,deployment,redis-cart,13,36,1,,
2026-06-05 00:33:37,deployment,shippingservice,25,25,1,,
2026-06-05 00:33:37,node,master,587,1754,,29.3,45.7
2026-06-05 00:33:37,node,worker-1,568,1502,,28.4,39.1
2026-06-05 00:33:37,node,worker-2,1003,1285,,50.1,33.5
2026-06-05 00:33:37,node,worker-3,189,838,,9.4,21.8
2026-06-05 00:33:37,node,worker-4,1540,2087,,77.0,54.4
2026-06-05 00:33:46,deployment,adservice,30,108,1,,
2026-06-05 00:33:46,deployment,cartservice,155,120,2,,
2026-06-05 00:33:46,deployment,checkoutservice,20,22,1,,
2026-06-05 00:33:46,deployment,currencyservice,236,125,2,,
2026-06-05 00:33:46,deployment,emailservice,10,61,1,,
2026-06-05 00:33:46,deployment,frontend,417,42,3,,
2026-06-05 00:33:46,deployment,paymentservice,8,75,1,,
2026-06-05 00:33:46,deployment,productcatalogservice,173,27,1,,
2026-06-05 00:33:46,deployment,recommendationservice,164,102,2,,
2026-06-05 00:33:46,deployment,redis-cart,13,36,1,,
2026-06-05 00:33:46,deployment,shippingservice,25,25,1,,
2026-06-05 00:33:46,node,master,587,1754,,29.3,45.7
2026-06-05 00:33:46,node,worker-1,568,1502,,28.4,39.1
2026-06-05 00:33:46,node,worker-2,1003,1285,,50.1,33.5
2026-06-05 00:33:46,node,worker-3,189,838,,9.4,21.8
2026-06-05 00:33:46,node,worker-4,1540,2087,,77.0,54.4
2026-06-05 00:33:52,deployment,adservice,29,108,1,,
2026-06-05 00:33:52,deployment,cartservice,139,120,2,,
2026-06-05 00:33:52,deployment,checkoutservice,23,22,1,,
2026-06-05 00:33:52,deployment,currencyservice,249,121,2,,
2026-06-05 00:33:52,deployment,emailservice,13,61,1,,
2026-06-05 00:33:52,deployment,frontend,436,42,3,,
2026-06-05 00:33:52,deployment,paymentservice,9,75,1,,
2026-06-05 00:33:52,deployment,productcatalogservice,173,27,1,,
2026-06-05 00:33:52,deployment,recommendationservice,168,102,2,,
2026-06-05 00:33:52,deployment,redis-cart,13,36,1,,
2026-06-05 00:33:52,deployment,shippingservice,24,25,1,,
2026-06-05 00:33:52,node,master,589,1751,,29.4,45.6
2026-06-05 00:33:52,node,worker-1,578,1500,,28.9,39.1
2026-06-05 00:33:52,node,worker-2,957,1275,,47.9,33.2
2026-06-05 00:33:52,node,worker-3,191,836,,9.6,21.8
2026-06-05 00:33:52,node,worker-4,1471,2075,,73.6,54.1
2026-06-05 00:33:59,deployment,adservice,29,108,1,,
2026-06-05 00:33:59,deployment,cartservice,139,120,2,,
2026-06-05 00:33:59,deployment,checkoutservice,23,22,1,,
2026-06-05 00:33:59,deployment,currencyservice,249,121,2,,
2026-06-05 00:33:59,deployment,emailservice,13,61,1,,
2026-06-05 00:33:59,deployment,frontend,436,42,3,,
2026-06-05 00:33:59,deployment,paymentservice,9,75,1,,
2026-06-05 00:33:59,deployment,productcatalogservice,173,27,1,,
2026-06-05 00:33:59,deployment,recommendationservice,168,102,2,,
2026-06-05 00:33:59,deployment,redis-cart,13,36,1,,
2026-06-05 00:33:59,deployment,shippingservice,24,25,1,,
2026-06-05 00:33:59,node,master,589,1751,,29.4,45.6
2026-06-05 00:33:59,node,worker-1,578,1500,,28.9,39.1
2026-06-05 00:33:59,node,worker-2,957,1275,,47.9,33.2
2026-06-05 00:33:59,node,worker-3,191,836,,9.6,21.8
2026-06-05 00:33:59,node,worker-4,1471,2075,,73.6,54.1
2026-06-05 00:34:05,deployment,adservice,29,108,1,,
2026-06-05 00:34:05,deployment,cartservice,139,120,2,,
2026-06-05 00:34:05,deployment,checkoutservice,18,22,1,,
2026-06-05 00:34:05,deployment,currencyservice,238,121,2,,
2026-06-05 00:34:05,deployment,emailservice,12,61,1,,
2026-06-05 00:34:05,deployment,frontend,420,42,3,,
2026-06-05 00:34:05,deployment,paymentservice,7,75,1,,
2026-06-05 00:34:05,deployment,productcatalogservice,172,27,1,,
2026-06-05 00:34:05,deployment,recommendationservice,164,102,2,,
2026-06-05 00:34:05,deployment,redis-cart,12,36,1,,
2026-06-05 00:34:05,deployment,shippingservice,24,25,1,,
2026-06-05 00:34:05,node,master,667,1754,,33.4,45.7
2026-06-05 00:34:05,node,worker-1,579,1503,,28.9,39.2
2026-06-05 00:34:05,node,worker-2,1000,1276,,50.0,33.2
2026-06-05 00:34:05,node,worker-3,184,838,,9.2,21.8
2026-06-05 00:34:05,node,worker-4,1490,2129,,74.5,55.5
2026-06-05 00:34:13,deployment,adservice,29,108,1,,
2026-06-05 00:34:13,deployment,cartservice,139,120,2,,
2026-06-05 00:34:13,deployment,checkoutservice,18,22,1,,
2026-06-05 00:34:13,deployment,currencyservice,238,121,2,,
2026-06-05 00:34:13,deployment,emailservice,12,61,1,,
2026-06-05 00:34:13,deployment,frontend,420,42,3,,
2026-06-05 00:34:13,deployment,paymentservice,7,75,1,,
2026-06-05 00:34:13,deployment,productcatalogservice,172,27,1,,
2026-06-05 00:34:13,deployment,recommendationservice,164,102,2,,
2026-06-05 00:34:13,deployment,redis-cart,12,36,1,,
2026-06-05 00:34:13,deployment,shippingservice,24,25,1,,
2026-06-05 00:34:13,node,master,667,1754,,33.4,45.7
2026-06-05 00:34:13,node,worker-1,579,1503,,28.9,39.2
2026-06-05 00:34:13,node,worker-2,1000,1276,,50.0,33.2
2026-06-05 00:34:13,node,worker-3,184,838,,9.2,21.8
2026-06-05 00:34:13,node,worker-4,1490,2129,,74.5,55.5
2026-06-05 00:34:21,deployment,adservice,29,108,1,,
2026-06-05 00:34:21,deployment,cartservice,129,120,2,,
2026-06-05 00:34:21,deployment,checkoutservice,23,22,1,,
2026-06-05 00:34:21,deployment,currencyservice,233,124,2,,
2026-06-05 00:34:21,deployment,emailservice,12,61,1,,
2026-06-05 00:34:21,deployment,frontend,429,42,3,,
2026-06-05 00:34:21,deployment,paymentservice,9,75,1,,
2026-06-05 00:34:21,deployment,productcatalogservice,159,27,1,,
2026-06-05 00:34:21,deployment,recommendationservice,163,102,2,,
2026-06-05 00:34:21,deployment,redis-cart,12,36,1,,
2026-06-05 00:34:21,deployment,shippingservice,23,25,1,,
2026-06-05 00:34:21,node,master,641,1751,,32.0,45.6
2026-06-05 00:34:21,node,worker-1,648,1502,,32.4,39.1
2026-06-05 00:34:21,node,worker-2,951,1273,,47.5,33.2
2026-06-05 00:34:21,node,worker-3,209,836,,10.4,21.8
2026-06-05 00:34:21,node,worker-4,1401,2128,,70.0,55.4
2026-06-05 00:34:28,deployment,adservice,29,108,1,,
2026-06-05 00:34:28,deployment,cartservice,129,120,2,,
2026-06-05 00:34:28,deployment,checkoutservice,23,22,1,,
2026-06-05 00:34:28,deployment,currencyservice,233,124,2,,
2026-06-05 00:34:28,deployment,emailservice,12,61,1,,
2026-06-05 00:34:28,deployment,frontend,429,42,3,,
2026-06-05 00:34:28,deployment,paymentservice,9,75,1,,
2026-06-05 00:34:28,deployment,productcatalogservice,159,27,1,,
2026-06-05 00:34:28,deployment,recommendationservice,163,102,2,,
2026-06-05 00:34:28,deployment,redis-cart,12,36,1,,
2026-06-05 00:34:28,deployment,shippingservice,23,25,1,,
2026-06-05 00:34:28,node,master,641,1751,,32.0,45.6
2026-06-05 00:34:28,node,worker-1,648,1502,,32.4,39.1
2026-06-05 00:34:28,node,worker-2,951,1273,,47.5,33.2
2026-06-05 00:34:28,node,worker-3,209,836,,10.4,21.8
2026-06-05 00:34:28,node,worker-4,1401,2128,,70.0,55.4
2026-06-05 00:34:35,deployment,adservice,34,108,1,,
2026-06-05 00:34:35,deployment,cartservice,146,123,2,,
2026-06-05 00:34:35,deployment,checkoutservice,24,22,1,,
2026-06-05 00:34:35,deployment,currencyservice,284,121,2,,
2026-06-05 00:34:35,deployment,emailservice,13,61,1,,
2026-06-05 00:34:35,deployment,frontend,471,43,3,,
2026-06-05 00:34:35,deployment,paymentservice,9,75,1,,
2026-06-05 00:34:35,deployment,productcatalogservice,180,27,1,,
2026-06-05 00:34:35,deployment,recommendationservice,202,102,2,,
2026-06-05 00:34:35,deployment,redis-cart,13,36,1,,
2026-06-05 00:34:35,deployment,shippingservice,25,25,1,,
2026-06-05 00:34:35,node,master,674,1758,,33.7,45.8
2026-06-05 00:34:35,node,worker-1,661,1503,,33.1,39.2
2026-06-05 00:34:35,node,worker-2,1188,1273,,59.4,33.2
2026-06-05 00:34:35,node,worker-3,269,831,,13.5,21.6
2026-06-05 00:34:35,node,worker-4,1684,2155,,84.2,56.1
2026-06-05 00:34:42,deployment,adservice,34,108,1,,
2026-06-05 00:34:42,deployment,cartservice,146,123,2,,
2026-06-05 00:34:42,deployment,checkoutservice,24,22,1,,
2026-06-05 00:34:42,deployment,currencyservice,284,121,2,,
2026-06-05 00:34:42,deployment,emailservice,13,61,1,,
2026-06-05 00:34:42,deployment,frontend,471,43,3,,
2026-06-05 00:34:42,deployment,paymentservice,9,75,1,,
2026-06-05 00:34:42,deployment,productcatalogservice,180,27,1,,
2026-06-05 00:34:42,deployment,recommendationservice,202,102,2,,
2026-06-05 00:34:42,deployment,redis-cart,13,36,1,,
2026-06-05 00:34:42,deployment,shippingservice,25,25,1,,
2026-06-05 00:34:42,node,master,674,1758,,33.7,45.8
2026-06-05 00:34:42,node,worker-1,661,1503,,33.1,39.2
2026-06-05 00:34:42,node,worker-2,1188,1273,,59.4,33.2
2026-06-05 00:34:42,node,worker-3,269,831,,13.5,21.6
2026-06-05 00:34:42,node,worker-4,1684,2155,,84.2,56.1
2026-06-05 00:34:50,deployment,adservice,34,108,1,,
2026-06-05 00:34:50,deployment,cartservice,165,121,2,,
2026-06-05 00:34:50,deployment,checkoutservice,26,22,1,,
2026-06-05 00:34:50,deployment,currencyservice,290,123,2,,
2026-06-05 00:34:50,deployment,emailservice,12,61,1,,
2026-06-05 00:34:50,deployment,frontend,510,42,3,,
2026-06-05 00:34:50,deployment,paymentservice,8,75,1,,
2026-06-05 00:34:50,deployment,productcatalogservice,183,27,1,,
2026-06-05 00:34:50,deployment,recommendationservice,207,102,2,,
2026-06-05 00:34:50,deployment,redis-cart,15,36,1,,
2026-06-05 00:34:50,deployment,shippingservice,30,25,1,,
2026-06-05 00:34:50,node,master,693,1754,,34.6,45.7
2026-06-05 00:34:50,node,worker-1,727,1503,,36.4,39.2
2026-06-05 00:34:50,node,worker-2,1188,1271,,59.4,33.1
2026-06-05 00:34:50,node,worker-3,221,829,,11.1,21.6
2026-06-05 00:34:50,node,worker-4,1638,2108,,81.9,54.9
2026-06-05 00:34:56,deployment,adservice,34,108,1,,
2026-06-05 00:34:56,deployment,cartservice,165,121,2,,
2026-06-05 00:34:56,deployment,checkoutservice,26,22,1,,
2026-06-05 00:34:56,deployment,currencyservice,290,123,2,,
2026-06-05 00:34:56,deployment,emailservice,12,61,1,,
2026-06-05 00:34:56,deployment,frontend,510,42,3,,
2026-06-05 00:34:56,deployment,paymentservice,8,75,1,,
2026-06-05 00:34:56,deployment,productcatalogservice,183,27,1,,
2026-06-05 00:34:56,deployment,recommendationservice,207,102,2,,
2026-06-05 00:34:56,deployment,redis-cart,15,36,1,,
2026-06-05 00:34:56,deployment,shippingservice,30,25,1,,
2026-06-05 00:34:56,node,master,693,1754,,34.6,45.7
2026-06-05 00:34:56,node,worker-1,727,1503,,36.4,39.2
2026-06-05 00:34:56,node,worker-2,1188,1271,,59.4,33.1
2026-06-05 00:34:56,node,worker-3,221,829,,11.1,21.6
2026-06-05 00:34:56,node,worker-4,1638,2108,,81.9,54.9
2026-06-05 00:35:06,deployment,adservice,37,108,1,,
2026-06-05 00:35:06,deployment,cartservice,233,120,3,,
2026-06-05 00:35:06,deployment,checkoutservice,28,22,1,,
2026-06-05 00:35:06,deployment,currencyservice,289,121,2,,
2026-06-05 00:35:06,deployment,emailservice,13,61,1,,
2026-06-05 00:35:06,deployment,frontend,530,42,3,,
2026-06-05 00:35:06,deployment,paymentservice,8,75,1,,
2026-06-05 00:35:06,deployment,productcatalogservice,188,27,1,,
2026-06-05 00:35:06,deployment,recommendationservice,227,102,2,,
2026-06-05 00:35:06,deployment,redis-cart,15,36,1,,
2026-06-05 00:35:06,deployment,shippingservice,28,25,1,,
2026-06-05 00:35:06,node,master,749,1755,,37.5,45.7
2026-06-05 00:35:06,node,worker-1,751,1500,,37.5,39.1
2026-06-05 00:35:06,node,worker-2,1189,1271,,59.5,33.1
2026-06-05 00:35:06,node,worker-3,259,829,,13.0,21.6
2026-06-05 00:35:06,node,worker-4,1712,2112,,85.6,55.0
2026-06-05 00:35:14,deployment,adservice,37,108,1,,
2026-06-05 00:35:14,deployment,cartservice,233,120,3,,
2026-06-05 00:35:14,deployment,checkoutservice,28,22,1,,
2026-06-05 00:35:14,deployment,currencyservice,289,121,2,,
2026-06-05 00:35:14,deployment,emailservice,13,61,1,,
2026-06-05 00:35:14,deployment,frontend,530,42,3,,
2026-06-05 00:35:14,deployment,paymentservice,8,75,1,,
2026-06-05 00:35:14,deployment,productcatalogservice,188,27,1,,
2026-06-05 00:35:14,deployment,recommendationservice,227,102,2,,
2026-06-05 00:35:14,deployment,redis-cart,15,36,1,,
2026-06-05 00:35:14,deployment,shippingservice,28,25,1,,
2026-06-05 00:35:14,node,master,749,1755,,37.5,45.7
2026-06-05 00:35:14,node,worker-1,751,1500,,37.5,39.1
2026-06-05 00:35:14,node,worker-2,1189,1271,,59.5,33.1
2026-06-05 00:35:14,node,worker-3,259,829,,13.0,21.6
2026-06-05 00:35:14,node,worker-4,1712,2112,,85.6,55.0
2026-06-05 00:35:23,deployment,adservice,35,108,1,,
2026-06-05 00:35:23,deployment,cartservice,235,134,3,,
2026-06-05 00:35:23,deployment,checkoutservice,28,22,1,,
2026-06-05 00:35:23,deployment,currencyservice,287,123,2,,
2026-06-05 00:35:23,deployment,emailservice,14,61,1,,
2026-06-05 00:35:23,deployment,frontend,513,44,3,,
2026-06-05 00:35:23,deployment,paymentservice,9,75,1,,
2026-06-05 00:35:23,deployment,productcatalogservice,180,27,1,,
2026-06-05 00:35:23,deployment,recommendationservice,214,102,2,,
2026-06-05 00:35:23,deployment,redis-cart,31,36,1,,
2026-06-05 00:35:23,deployment,shippingservice,26,25,1,,
2026-06-05 00:35:23,node,master,776,1775,,38.8,46.2
2026-06-05 00:35:23,node,worker-1,688,1500,,34.4,39.1
2026-06-05 00:35:23,node,worker-2,1132,1276,,56.6,33.2
2026-06-05 00:35:23,node,worker-3,222,831,,11.1,21.6
2026-06-05 00:35:23,node,worker-4,1551,2121,,77.5,55.2
2026-06-05 00:35:31,deployment,adservice,35,108,1,,
2026-06-05 00:35:31,deployment,cartservice,235,134,3,,
2026-06-05 00:35:31,deployment,checkoutservice,28,22,1,,
2026-06-05 00:35:31,deployment,currencyservice,287,123,2,,
2026-06-05 00:35:31,deployment,emailservice,14,61,1,,
2026-06-05 00:35:31,deployment,frontend,513,44,3,,
2026-06-05 00:35:31,deployment,paymentservice,9,75,1,,
2026-06-05 00:35:31,deployment,productcatalogservice,180,27,1,,
2026-06-05 00:35:31,deployment,recommendationservice,214,102,2,,
2026-06-05 00:35:31,deployment,redis-cart,31,36,1,,
2026-06-05 00:35:31,deployment,shippingservice,26,25,1,,
2026-06-05 00:35:31,node,master,776,1775,,38.8,46.2
2026-06-05 00:35:31,node,worker-1,688,1500,,34.4,39.1
2026-06-05 00:35:31,node,worker-2,1132,1276,,56.6,33.2
2026-06-05 00:35:31,node,worker-3,222,831,,11.1,21.6
2026-06-05 00:35:31,node,worker-4,1551,2121,,77.5,55.2
2026-06-05 00:35:38,deployment,adservice,41,108,1,,
2026-06-05 00:35:38,deployment,cartservice,300,149,3,,
2026-06-05 00:35:38,deployment,checkoutservice,35,22,1,,
2026-06-05 00:35:38,deployment,currencyservice,351,123,2,,
2026-06-05 00:35:38,deployment,emailservice,16,61,1,,
2026-06-05 00:35:38,deployment,frontend,560,45,3,,
2026-06-05 00:35:38,deployment,paymentservice,13,75,1,,
2026-06-05 00:35:38,deployment,productcatalogservice,185,27,1,,
2026-06-05 00:35:38,deployment,recommendationservice,258,102,2,,
2026-06-05 00:35:38,deployment,redis-cart,17,36,1,,
2026-06-05 00:35:38,deployment,shippingservice,36,25,1,,
2026-06-05 00:35:38,node,master,843,1792,,42.1,46.7
2026-06-05 00:35:38,node,worker-1,769,1501,,38.5,39.1
2026-06-05 00:35:38,node,worker-2,1338,1278,,66.9,33.3
2026-06-05 00:35:38,node,worker-3,313,837,,15.7,21.8
2026-06-05 00:35:38,node,worker-4,1907,2157,,95.3,56.2
2026-06-05 00:35:45,deployment,adservice,41,108,1,,
2026-06-05 00:35:45,deployment,cartservice,300,149,3,,
2026-06-05 00:35:45,deployment,checkoutservice,35,22,1,,
2026-06-05 00:35:45,deployment,currencyservice,351,123,2,,
2026-06-05 00:35:45,deployment,emailservice,16,61,1,,
2026-06-05 00:35:45,deployment,frontend,560,45,3,,
2026-06-05 00:35:45,deployment,paymentservice,13,75,1,,
2026-06-05 00:35:45,deployment,productcatalogservice,185,27,1,,
2026-06-05 00:35:45,deployment,recommendationservice,258,102,2,,
2026-06-05 00:35:45,deployment,redis-cart,17,36,1,,
2026-06-05 00:35:45,deployment,shippingservice,36,25,1,,
2026-06-05 00:35:45,node,master,843,1792,,42.1,46.7
2026-06-05 00:35:45,node,worker-1,769,1501,,38.5,39.1
2026-06-05 00:35:45,node,worker-2,1338,1278,,66.9,33.3
2026-06-05 00:35:45,node,worker-3,313,837,,15.7,21.8
2026-06-05 00:35:45,node,worker-4,1907,2157,,95.3,56.2
2026-06-05 00:35:53,deployment,adservice,42,108,1,,
2026-06-05 00:35:53,deployment,cartservice,318,154,4,,
2026-06-05 00:35:53,deployment,checkoutservice,26,22,1,,
2026-06-05 00:35:53,deployment,currencyservice,330,123,2,,
2026-06-05 00:35:53,deployment,emailservice,14,61,1,,
2026-06-05 00:35:53,deployment,frontend,563,45,3,,
2026-06-05 00:35:53,deployment,paymentservice,10,75,1,,
2026-06-05 00:35:53,deployment,productcatalogservice,193,27,3,,
2026-06-05 00:35:53,deployment,recommendationservice,258,102,2,,
2026-06-05 00:35:53,deployment,redis-cart,16,36,1,,
2026-06-05 00:35:53,deployment,shippingservice,32,25,1,,
2026-06-05 00:35:53,node,master,950,1805,,47.5,47.0
2026-06-05 00:35:53,node,worker-1,759,1499,,38.0,39.0
2026-06-05 00:35:53,node,worker-2,1234,1276,,61.7,33.2
2026-06-05 00:35:53,node,worker-3,250,834,,12.5,21.7
2026-06-05 00:35:53,node,worker-4,1751,2243,,87.5,58.4
2026-06-05 00:36:01,deployment,adservice,42,108,1,,
2026-06-05 00:36:01,deployment,cartservice,318,154,4,,
2026-06-05 00:36:01,deployment,checkoutservice,26,22,1,,
2026-06-05 00:36:01,deployment,currencyservice,330,123,2,,
2026-06-05 00:36:01,deployment,emailservice,14,61,1,,
2026-06-05 00:36:01,deployment,frontend,563,45,3,,
2026-06-05 00:36:01,deployment,paymentservice,10,75,1,,
2026-06-05 00:36:01,deployment,productcatalogservice,193,27,3,,
2026-06-05 00:36:01,deployment,recommendationservice,258,102,2,,
2026-06-05 00:36:01,deployment,redis-cart,16,36,1,,
2026-06-05 00:36:01,deployment,shippingservice,32,25,1,,
2026-06-05 00:36:01,node,master,1175,1811,,58.8,47.2
2026-06-05 00:36:01,node,worker-1,979,1522,,48.9,39.6
2026-06-05 00:36:01,node,worker-2,1487,1304,,74.4,34.0
2026-06-05 00:36:01,node,worker-3,354,842,,17.7,21.9
2026-06-05 00:36:01,node,worker-4,1815,2250,,90.8,58.6
2026-06-05 00:36:10,deployment,adservice,46,108,1,,
2026-06-05 00:36:10,deployment,cartservice,339,172,4,,
2026-06-05 00:36:10,deployment,checkoutservice,26,22,1,,
2026-06-05 00:36:10,deployment,currencyservice,352,124,2,,
2026-06-05 00:36:10,deployment,emailservice,16,61,1,,
2026-06-05 00:36:10,deployment,frontend,594,43,3,,
2026-06-05 00:36:10,deployment,paymentservice,13,75,1,,
2026-06-05 00:36:10,deployment,productcatalogservice,361,43,3,,
2026-06-05 00:36:10,deployment,recommendationservice,254,103,2,,
2026-06-05 00:36:10,deployment,redis-cart,18,36,1,,
2026-06-05 00:36:10,deployment,shippingservice,35,25,1,,
2026-06-05 00:36:10,node,master,1175,1811,,58.8,47.2
2026-06-05 00:36:10,node,worker-1,979,1522,,48.9,39.6
2026-06-05 00:36:10,node,worker-2,1487,1304,,74.4,34.0
2026-06-05 00:36:10,node,worker-3,354,842,,17.7,21.9
2026-06-05 00:36:10,node,worker-4,1815,2250,,90.8,58.6
2026-06-05 00:36:19,deployment,adservice,46,108,1,,
2026-06-05 00:36:19,deployment,cartservice,339,172,4,,
2026-06-05 00:36:19,deployment,checkoutservice,26,22,1,,
2026-06-05 00:36:19,deployment,currencyservice,352,124,2,,
2026-06-05 00:36:19,deployment,emailservice,16,61,1,,
2026-06-05 00:36:19,deployment,frontend,594,43,3,,
2026-06-05 00:36:19,deployment,paymentservice,13,75,1,,
2026-06-05 00:36:19,deployment,productcatalogservice,361,43,3,,
2026-06-05 00:36:19,deployment,recommendationservice,277,103,2,,
2026-06-05 00:36:19,deployment,redis-cart,19,36,1,,
2026-06-05 00:36:19,deployment,shippingservice,38,25,1,,
2026-06-05 00:36:19,node,master,1105,1815,,55.2,47.3
2026-06-05 00:36:19,node,worker-1,1004,1521,,50.2,39.6
2026-06-05 00:36:19,node,worker-2,1414,1317,,70.7,34.3
2026-06-05 00:36:19,node,worker-3,327,841,,16.4,21.9
2026-06-05 00:36:19,node,worker-4,1833,2248,,91.6,58.6
2026-06-05 00:36:26,deployment,adservice,46,108,1,,
2026-06-05 00:36:26,deployment,cartservice,381,189,5,,
2026-06-05 00:36:26,deployment,checkoutservice,41,22,1,,
2026-06-05 00:36:26,deployment,currencyservice,358,123,2,,
2026-06-05 00:36:26,deployment,emailservice,17,61,1,,
2026-06-05 00:36:26,deployment,frontend,603,44,3,,
2026-06-05 00:36:26,deployment,paymentservice,13,75,1,,
2026-06-05 00:36:26,deployment,productcatalogservice,365,43,5,,
2026-06-05 00:36:26,deployment,recommendationservice,277,103,2,,
2026-06-05 00:36:26,deployment,redis-cart,19,36,1,,
2026-06-05 00:36:26,deployment,shippingservice,38,25,1,,
2026-06-05 00:36:26,node,master,1105,1815,,55.2,47.3
2026-06-05 00:36:26,node,worker-1,1004,1521,,50.2,39.6
2026-06-05 00:36:26,node,worker-2,1414,1317,,70.7,34.3
2026-06-05 00:36:26,node,worker-3,327,841,,16.4,21.9
2026-06-05 00:36:26,node,worker-4,1833,2248,,91.6,58.6
2026-06-05 00:36:33,deployment,adservice,46,108,1,,
2026-06-05 00:36:33,deployment,cartservice,381,189,5,,
2026-06-05 00:36:33,deployment,checkoutservice,41,22,1,,
2026-06-05 00:36:33,deployment,currencyservice,358,123,2,,
2026-06-05 00:36:33,deployment,emailservice,17,61,1,,
2026-06-05 00:36:33,deployment,frontend,603,44,3,,
2026-06-05 00:36:33,deployment,paymentservice,13,75,1,,
2026-06-05 00:36:33,deployment,productcatalogservice,365,43,5,,
2026-06-05 00:36:33,deployment,recommendationservice,277,103,2,,
2026-06-05 00:36:33,deployment,redis-cart,19,36,1,,
2026-06-05 00:36:33,deployment,shippingservice,38,25,1,,
2026-06-05 00:36:33,node,master,1105,1815,,55.2,47.3
2026-06-05 00:36:33,node,worker-1,1004,1521,,50.2,39.6
2026-06-05 00:36:33,node,worker-2,1616,1334,,80.8,34.7
2026-06-05 00:36:33,node,worker-3,510,882,,25.5,23.0
2026-06-05 00:36:33,node,worker-4,1921,2195,,96.0,57.2
2026-06-05 00:36:40,deployment,adservice,48,108,1,,
2026-06-05 00:36:40,deployment,cartservice,462,206,5,,
2026-06-05 00:36:40,deployment,checkoutservice,41,22,1,,
2026-06-05 00:36:40,deployment,currencyservice,355,122,2,,
2026-06-05 00:36:40,deployment,emailservice,17,61,1,,
2026-06-05 00:36:40,deployment,frontend,608,45,3,,
2026-06-05 00:36:40,deployment,paymentservice,11,76,1,,
2026-06-05 00:36:40,deployment,productcatalogservice,508,58,5,,
2026-06-05 00:36:40,deployment,recommendationservice,270,103,2,,
2026-06-05 00:36:40,deployment,redis-cart,19,36,1,,
2026-06-05 00:36:40,deployment,shippingservice,34,25,1,,
2026-06-05 00:36:40,node,master,1152,1823,,57.6,47.5
2026-06-05 00:36:40,node,worker-1,1012,1519,,50.6,39.6
2026-06-05 00:36:40,node,worker-2,1616,1334,,80.8,34.7
2026-06-05 00:36:40,node,worker-3,510,882,,25.5,23.0
2026-06-05 00:36:40,node,worker-4,1921,2195,,96.0,57.2
2026-06-05 00:36:49,deployment,adservice,48,108,1,,
2026-06-05 00:36:49,deployment,cartservice,462,206,5,,
2026-06-05 00:36:49,deployment,checkoutservice,41,22,1,,
2026-06-05 00:36:49,deployment,currencyservice,355,122,2,,
2026-06-05 00:36:49,deployment,emailservice,16,61,1,,
2026-06-05 00:36:49,deployment,frontend,628,44,3,,
2026-06-05 00:36:49,deployment,paymentservice,12,76,1,,
2026-06-05 00:36:49,deployment,productcatalogservice,416,59,5,,
2026-06-05 00:36:49,deployment,recommendationservice,272,103,2,,
2026-06-05 00:36:49,deployment,redis-cart,19,36,1,,
2026-06-05 00:36:49,deployment,shippingservice,37,25,1,,
2026-06-05 00:36:49,node,master,1088,1817,,54.4,47.3
2026-06-05 00:36:49,node,worker-1,906,1516,,45.3,39.5
2026-06-05 00:36:49,node,worker-2,1585,1333,,79.2,34.7
2026-06-05 00:36:49,node,worker-3,498,885,,24.9,23.1
2026-06-05 00:36:49,node,worker-4,1855,2226,,92.8,58.0
2026-06-05 00:36:57,deployment,adservice,48,108,1,,
2026-06-05 00:36:57,deployment,cartservice,363,211,5,,
2026-06-05 00:36:57,deployment,checkoutservice,39,22,1,,
2026-06-05 00:36:57,deployment,currencyservice,358,122,2,,
2026-06-05 00:36:57,deployment,emailservice,16,61,1,,
2026-06-05 00:36:57,deployment,frontend,628,44,3,,
2026-06-05 00:36:57,deployment,paymentservice,12,76,1,,
2026-06-05 00:36:57,deployment,productcatalogservice,416,59,5,,
2026-06-05 00:36:57,deployment,recommendationservice,272,103,2,,
2026-06-05 00:36:57,deployment,redis-cart,19,36,1,,
2026-06-05 00:36:57,deployment,shippingservice,37,25,1,,
2026-06-05 00:36:57,node,master,1088,1817,,54.4,47.3
2026-06-05 00:36:57,node,worker-1,906,1516,,45.3,39.5
2026-06-05 00:36:57,node,worker-2,1585,1333,,79.2,34.7
2026-06-05 00:36:57,node,worker-3,498,885,,24.9,23.1
2026-06-05 00:36:57,node,worker-4,1855,2226,,92.8,58.0
2026-06-05 00:37:05,deployment,adservice,47,108,1,,
2026-06-05 00:37:05,deployment,cartservice,423,230,5,,
2026-06-05 00:37:05,deployment,checkoutservice,39,22,1,,
2026-06-05 00:37:05,deployment,currencyservice,356,123,2,,
2026-06-05 00:37:05,deployment,emailservice,16,61,1,,
2026-06-05 00:37:05,deployment,frontend,619,44,3,,
2026-06-05 00:37:05,deployment,paymentservice,12,75,1,,
2026-06-05 00:37:05,deployment,productcatalogservice,412,59,5,,
2026-06-05 00:37:05,deployment,recommendationservice,270,103,2,,
2026-06-05 00:37:05,deployment,redis-cart,38,36,1,,
2026-06-05 00:37:05,deployment,shippingservice,37,25,1,,
2026-06-05 00:37:05,node,master,1055,1818,,52.8,47.4
2026-06-05 00:37:05,node,worker-1,939,1521,,46.9,39.6
2026-06-05 00:37:05,node,worker-2,1502,1337,,75.1,34.8
2026-06-05 00:37:05,node,worker-3,556,902,,27.8,23.5
2026-06-05 00:37:05,node,worker-4,1852,2238,,92.6,58.3
2026-06-05 00:37:13,deployment,adservice,47,108,1,,
2026-06-05 00:37:13,deployment,cartservice,423,230,5,,
2026-06-05 00:37:13,deployment,checkoutservice,39,22,1,,
2026-06-05 00:37:13,deployment,currencyservice,356,123,2,,
2026-06-05 00:37:13,deployment,emailservice,16,61,1,,
2026-06-05 00:37:13,deployment,frontend,619,44,3,,
2026-06-05 00:37:13,deployment,paymentservice,12,75,1,,
2026-06-05 00:37:13,deployment,productcatalogservice,412,59,5,,
2026-06-05 00:37:13,deployment,recommendationservice,270,103,2,,
2026-06-05 00:37:13,deployment,redis-cart,38,36,1,,
2026-06-05 00:37:13,deployment,shippingservice,37,25,1,,
2026-06-05 00:37:13,node,master,1055,1818,,52.8,47.4
2026-06-05 00:37:13,node,worker-1,939,1521,,46.9,39.6
2026-06-05 00:37:13,node,worker-2,1502,1337,,75.1,34.8
2026-06-05 00:37:13,node,worker-3,556,902,,27.8,23.5
2026-06-05 00:37:13,node,worker-4,1852,2238,,92.6,58.3
2026-06-05 00:37:21,deployment,adservice,48,107,1,,
2026-06-05 00:37:21,deployment,cartservice,360,234,5,,
2026-06-05 00:37:21,deployment,checkoutservice,39,22,1,,
2026-06-05 00:37:21,deployment,currencyservice,354,127,2,,
2026-06-05 00:37:21,deployment,emailservice,17,61,1,,
2026-06-05 00:37:21,deployment,frontend,622,44,3,,
2026-06-05 00:37:21,deployment,paymentservice,11,76,1,,
2026-06-05 00:37:21,deployment,productcatalogservice,407,59,5,,
2026-06-05 00:37:21,deployment,recommendationservice,274,103,2,,
2026-06-05 00:37:21,deployment,redis-cart,20,36,1,,
2026-06-05 00:37:21,deployment,shippingservice,35,25,1,,
2026-06-05 00:37:21,node,master,997,1814,,49.9,47.3
2026-06-05 00:37:21,node,worker-1,892,1517,,44.6,39.5
2026-06-05 00:37:21,node,worker-2,1555,1341,,77.8,34.9
2026-06-05 00:37:21,node,worker-3,531,899,,26.6,23.4
2026-06-05 00:37:21,node,worker-4,1818,2147,,90.9,55.9
2026-06-05 00:37:28,deployment,adservice,48,107,1,,
2026-06-05 00:37:28,deployment,cartservice,360,234,5,,
2026-06-05 00:37:28,deployment,checkoutservice,39,22,1,,
2026-06-05 00:37:28,deployment,currencyservice,354,127,2,,
2026-06-05 00:37:28,deployment,emailservice,17,61,1,,
2026-06-05 00:37:28,deployment,frontend,622,44,3,,
2026-06-05 00:37:28,deployment,paymentservice,11,76,1,,
2026-06-05 00:37:28,deployment,productcatalogservice,407,59,5,,
2026-06-05 00:37:28,deployment,recommendationservice,274,103,2,,
2026-06-05 00:37:28,deployment,redis-cart,20,36,1,,
2026-06-05 00:37:28,deployment,shippingservice,35,25,1,,
2026-06-05 00:37:28,node,master,997,1814,,49.9,47.3
2026-06-05 00:37:28,node,worker-1,892,1517,,44.6,39.5
2026-06-05 00:37:28,node,worker-2,1555,1341,,77.8,34.9
2026-06-05 00:37:28,node,worker-3,531,899,,26.6,23.4
2026-06-05 00:37:28,node,worker-4,1818,2147,,90.9,55.9
2026-06-05 00:37:37,deployment,adservice,43,107,1,,
2026-06-05 00:37:37,deployment,cartservice,329,237,5,,
2026-06-05 00:37:37,deployment,checkoutservice,33,22,1,,
2026-06-05 00:37:37,deployment,currencyservice,345,124,2,,
2026-06-05 00:37:37,deployment,emailservice,15,61,1,,
2026-06-05 00:37:37,deployment,frontend,602,44,3,,
2026-06-05 00:37:37,deployment,paymentservice,14,75,1,,
2026-06-05 00:37:37,deployment,productcatalogservice,401,59,5,,
2026-06-05 00:37:37,deployment,recommendationservice,270,103,2,,
2026-06-05 00:37:37,deployment,redis-cart,19,36,1,,
2026-06-05 00:37:37,deployment,shippingservice,36,25,1,,
2026-06-05 00:37:37,node,master,988,1819,,49.4,47.4
2026-06-05 00:37:37,node,worker-1,869,1518,,43.5,39.5
2026-06-05 00:37:37,node,worker-2,1443,1346,,72.2,35.1
2026-06-05 00:37:37,node,worker-3,514,906,,25.7,23.6
2026-06-05 00:37:37,node,worker-4,1666,2152,,83.3,56.1
2026-06-05 00:37:44,deployment,adservice,43,107,1,,
2026-06-05 00:37:44,deployment,cartservice,329,237,5,,
2026-06-05 00:37:44,deployment,checkoutservice,33,22,1,,
2026-06-05 00:37:44,deployment,currencyservice,345,124,2,,
2026-06-05 00:37:44,deployment,emailservice,15,61,1,,
2026-06-05 00:37:44,deployment,frontend,602,44,3,,
2026-06-05 00:37:44,deployment,paymentservice,14,75,1,,
2026-06-05 00:37:44,deployment,productcatalogservice,401,59,5,,
2026-06-05 00:37:44,deployment,recommendationservice,270,103,2,,
2026-06-05 00:37:44,deployment,redis-cart,19,36,1,,
2026-06-05 00:37:44,deployment,shippingservice,36,25,1,,
2026-06-05 00:37:44,node,master,988,1819,,49.4,47.4
2026-06-05 00:37:44,node,worker-1,869,1518,,43.5,39.5
2026-06-05 00:37:44,node,worker-2,1443,1346,,72.2,35.1
2026-06-05 00:37:44,node,worker-3,514,906,,25.7,23.6
2026-06-05 00:37:44,node,worker-4,1666,2152,,83.3,56.1
2026-06-05 00:37:52,deployment,adservice,44,107,1,,
2026-06-05 00:37:52,deployment,cartservice,293,242,5,,
2026-06-05 00:37:52,deployment,checkoutservice,33,22,1,,
2026-06-05 00:37:52,deployment,currencyservice,333,124,2,,
2026-06-05 00:37:52,deployment,emailservice,15,61,1,,
2026-06-05 00:37:52,deployment,frontend,593,43,3,,
2026-06-05 00:37:52,deployment,paymentservice,9,75,1,,
2026-06-05 00:37:52,deployment,productcatalogservice,385,59,5,,
2026-06-05 00:37:52,deployment,recommendationservice,253,103,2,,
2026-06-05 00:37:52,deployment,redis-cart,19,36,1,,
2026-06-05 00:37:52,deployment,shippingservice,34,25,1,,
2026-06-05 00:37:52,node,master,990,1814,,49.5,47.3
2026-06-05 00:37:52,node,worker-1,865,1517,,43.2,39.5
2026-06-05 00:37:52,node,worker-2,1495,1346,,74.8,35.1
2026-06-05 00:37:52,node,worker-3,498,905,,24.9,23.6
2026-06-05 00:37:52,node,worker-4,1722,2208,,86.1,57.5
2026-06-05 00:38:00,deployment,adservice,44,107,1,,
2026-06-05 00:38:00,deployment,cartservice,293,242,5,,
2026-06-05 00:38:00,deployment,checkoutservice,33,22,1,,
2026-06-05 00:38:00,deployment,currencyservice,333,124,2,,
2026-06-05 00:38:00,deployment,emailservice,15,61,1,,
2026-06-05 00:38:00,deployment,frontend,593,43,3,,
2026-06-05 00:38:00,deployment,paymentservice,9,75,1,,
2026-06-05 00:38:00,deployment,productcatalogservice,385,59,5,,
2026-06-05 00:38:00,deployment,recommendationservice,253,103,2,,
2026-06-05 00:38:00,deployment,redis-cart,19,36,1,,
2026-06-05 00:38:00,deployment,shippingservice,34,25,1,,
2026-06-05 00:38:00,node,master,990,1814,,49.5,47.3
2026-06-05 00:38:00,node,worker-1,865,1517,,43.2,39.5
2026-06-05 00:38:00,node,worker-2,1495,1346,,74.8,35.1
2026-06-05 00:38:00,node,worker-3,498,905,,24.9,23.6
2026-06-05 00:38:00,node,worker-4,1722,2208,,86.1,57.5
2026-06-05 00:38:10,deployment,adservice,41,108,1,,
2026-06-05 00:38:10,deployment,cartservice,269,251,5,,
2026-06-05 00:38:10,deployment,checkoutservice,30,22,1,,
2026-06-05 00:38:10,deployment,currencyservice,333,124,2,,
2026-06-05 00:38:10,deployment,emailservice,14,61,1,,
2026-06-05 00:38:10,deployment,frontend,569,45,3,,
2026-06-05 00:38:10,deployment,paymentservice,12,76,1,,
2026-06-05 00:38:10,deployment,productcatalogservice,374,59,5,,
2026-06-05 00:38:10,deployment,recommendationservice,247,103,2,,
2026-06-05 00:38:10,deployment,redis-cart,18,36,1,,
2026-06-05 00:38:10,deployment,shippingservice,34,25,1,,
2026-06-05 00:38:10,node,master,961,1818,,48.0,47.4
2026-06-05 00:38:10,node,worker-1,817,1518,,40.8,39.5
2026-06-05 00:38:10,node,worker-2,1469,1346,,73.5,35.1
2026-06-05 00:38:10,node,worker-3,464,911,,23.2,23.7
2026-06-05 00:38:10,node,worker-4,1705,2042,,85.2,53.2
2026-06-05 00:38:17,deployment,adservice,41,108,1,,
2026-06-05 00:38:17,deployment,cartservice,269,251,5,,
2026-06-05 00:38:17,deployment,checkoutservice,30,22,1,,
2026-06-05 00:38:17,deployment,currencyservice,333,124,2,,
2026-06-05 00:38:17,deployment,emailservice,14,61,1,,
2026-06-05 00:38:17,deployment,frontend,569,45,3,,
2026-06-05 00:38:17,deployment,paymentservice,12,76,1,,
2026-06-05 00:38:17,deployment,productcatalogservice,374,59,5,,
2026-06-05 00:38:17,deployment,recommendationservice,247,103,2,,
2026-06-05 00:38:17,deployment,redis-cart,18,36,1,,
2026-06-05 00:38:17,deployment,shippingservice,34,25,1,,
2026-06-05 00:38:17,node,master,961,1818,,48.0,47.4
2026-06-05 00:38:17,node,worker-1,817,1518,,40.8,39.5
2026-06-05 00:38:17,node,worker-2,1469,1346,,73.5,35.1
2026-06-05 00:38:17,node,worker-3,464,911,,23.2,23.7
2026-06-05 00:38:17,node,worker-4,1705,2042,,85.2,53.2
2026-06-05 00:38:25,deployment,adservice,41,108,1,,
2026-06-05 00:38:25,deployment,cartservice,258,252,5,,
2026-06-05 00:38:25,deployment,checkoutservice,31,22,1,,
2026-06-05 00:38:25,deployment,currencyservice,316,123,2,,
2026-06-05 00:38:25,deployment,emailservice,15,61,1,,
2026-06-05 00:38:25,deployment,frontend,569,47,3,,
2026-06-05 00:38:25,deployment,paymentservice,9,76,1,,
2026-06-05 00:38:25,deployment,productcatalogservice,355,59,5,,
2026-06-05 00:38:25,deployment,recommendationservice,240,103,2,,
2026-06-05 00:38:25,deployment,redis-cart,17,36,1,,
2026-06-05 00:38:25,deployment,shippingservice,29,25,1,,
2026-06-05 00:38:25,node,master,871,1814,,43.5,47.3
2026-06-05 00:38:25,node,worker-1,793,1517,,39.6,39.5
2026-06-05 00:38:25,node,worker-2,1423,1347,,71.2,35.1
2026-06-05 00:38:25,node,worker-3,461,908,,23.1,23.7
2026-06-05 00:38:25,node,worker-4,1562,2118,,78.1,55.2
2026-06-05 00:38:33,deployment,adservice,41,108,1,,
2026-06-05 00:38:33,deployment,cartservice,258,252,5,,
2026-06-05 00:38:33,deployment,checkoutservice,31,22,1,,
2026-06-05 00:38:33,deployment,currencyservice,316,123,2,,
2026-06-05 00:38:33,deployment,emailservice,14,61,1,,
2026-06-05 00:38:33,deployment,frontend,533,45,3,,
2026-06-05 00:38:33,deployment,paymentservice,10,76,1,,
2026-06-05 00:38:33,deployment,productcatalogservice,340,59,5,,
2026-06-05 00:38:33,deployment,recommendationservice,215,103,2,,
2026-06-05 00:38:33,deployment,redis-cart,17,36,1,,
2026-06-05 00:38:33,deployment,shippingservice,31,25,1,,
2026-06-05 00:38:33,node,master,876,1816,,43.8,47.3
2026-06-05 00:38:33,node,worker-1,789,1521,,39.5,39.6
2026-06-05 00:38:33,node,worker-2,1375,1347,,68.8,35.1
2026-06-05 00:38:33,node,worker-3,453,905,,22.7,23.6
2026-06-05 00:38:33,node,worker-4,1579,2264,,79.0,59.0
2026-06-05 00:38:43,deployment,adservice,40,108,1,,
2026-06-05 00:38:43,deployment,cartservice,237,252,5,,
2026-06-05 00:38:43,deployment,checkoutservice,28,22,1,,
2026-06-05 00:38:43,deployment,currencyservice,305,124,2,,
2026-06-05 00:38:43,deployment,emailservice,14,61,1,,
2026-06-05 00:38:43,deployment,frontend,533,45,3,,
2026-06-05 00:38:43,deployment,paymentservice,10,76,1,,
2026-06-05 00:38:43,deployment,productcatalogservice,340,59,5,,
2026-06-05 00:38:43,deployment,recommendationservice,215,103,2,,
2026-06-05 00:38:43,deployment,redis-cart,17,36,1,,
2026-06-05 00:38:43,deployment,shippingservice,31,25,1,,
2026-06-05 00:38:43,node,master,876,1816,,43.8,47.3
2026-06-05 00:38:43,node,worker-1,789,1521,,39.5,39.6
2026-06-05 00:38:43,node,worker-2,1375,1347,,68.8,35.1
2026-06-05 00:38:43,node,worker-3,453,905,,22.7,23.6
2026-06-05 00:38:43,node,worker-4,1579,2264,,79.0,59.0
2026-06-05 00:38:50,deployment,adservice,38,108,1,,
2026-06-05 00:38:50,deployment,cartservice,228,253,5,,
2026-06-05 00:38:50,deployment,checkoutservice,27,22,1,,
2026-06-05 00:38:50,deployment,currencyservice,292,123,2,,
2026-06-05 00:38:50,deployment,emailservice,13,61,1,,
2026-06-05 00:38:50,deployment,frontend,526,45,3,,
2026-06-05 00:38:50,deployment,paymentservice,9,76,1,,
2026-06-05 00:38:50,deployment,productcatalogservice,328,59,5,,
2026-06-05 00:38:50,deployment,recommendationservice,207,103,2,,
2026-06-05 00:38:50,deployment,redis-cart,16,36,1,,
2026-06-05 00:38:50,deployment,shippingservice,29,25,1,,
2026-06-05 00:38:50,node,master,816,1815,,40.8,47.3
2026-06-05 00:38:50,node,worker-1,790,1522,,39.5,39.6
2026-06-05 00:38:50,node,worker-2,1347,1346,,67.3,35.1
2026-06-05 00:38:50,node,worker-3,397,902,,19.9,23.5
2026-06-05 00:38:50,node,worker-4,1493,2259,,74.7,58.8
2026-06-05 00:38:58,deployment,adservice,38,108,1,,
2026-06-05 00:38:58,deployment,cartservice,228,253,5,,
2026-06-05 00:38:58,deployment,checkoutservice,27,22,1,,
2026-06-05 00:38:58,deployment,currencyservice,292,123,2,,
2026-06-05 00:38:58,deployment,emailservice,13,61,1,,
2026-06-05 00:38:58,deployment,frontend,526,45,3,,
2026-06-05 00:38:58,deployment,paymentservice,9,76,1,,
2026-06-05 00:38:58,deployment,productcatalogservice,328,59,5,,
2026-06-05 00:38:58,deployment,recommendationservice,207,103,2,,
2026-06-05 00:38:58,deployment,redis-cart,16,36,1,,
2026-06-05 00:38:58,deployment,shippingservice,29,25,1,,
2026-06-05 00:38:58,node,master,816,1815,,40.8,47.3
2026-06-05 00:38:58,node,worker-1,790,1522,,39.5,39.6
2026-06-05 00:38:58,node,worker-2,1347,1346,,67.3,35.1
2026-06-05 00:38:58,node,worker-3,397,902,,19.9,23.5
2026-06-05 00:38:58,node,worker-4,1493,2259,,74.7,58.8
2026-06-05 00:39:08,deployment,adservice,37,108,1,,
2026-06-05 00:39:08,deployment,cartservice,237,252,5,,
2026-06-05 00:39:08,deployment,checkoutservice,26,22,1,,
2026-06-05 00:39:08,deployment,currencyservice,294,123,2,,
2026-06-05 00:39:08,deployment,emailservice,13,61,1,,
2026-06-05 00:39:08,deployment,frontend,524,44,3,,
2026-06-05 00:39:08,deployment,paymentservice,9,76,1,,
2026-06-05 00:39:08,deployment,productcatalogservice,320,59,5,,
2026-06-05 00:39:08,deployment,recommendationservice,208,103,2,,
2026-06-05 00:39:08,deployment,redis-cart,16,36,1,,
2026-06-05 00:39:08,deployment,shippingservice,27,25,1,,
2026-06-05 00:39:08,node,master,832,1814,,41.6,47.3
2026-06-05 00:39:08,node,worker-1,725,1527,,36.2,39.8
2026-06-05 00:39:08,node,worker-2,1332,1350,,66.6,35.2
2026-06-05 00:39:08,node,worker-3,412,903,,20.6,23.5
2026-06-05 00:39:08,node,worker-4,1551,2048,,77.5,53.3
2026-06-05 00:39:16,deployment,adservice,37,108,1,,
2026-06-05 00:39:16,deployment,cartservice,237,252,5,,
2026-06-05 00:39:16,deployment,checkoutservice,26,22,1,,
2026-06-05 00:39:16,deployment,currencyservice,294,123,2,,
2026-06-05 00:39:16,deployment,emailservice,13,61,1,,
2026-06-05 00:39:16,deployment,frontend,524,44,3,,
2026-06-05 00:39:16,deployment,paymentservice,9,76,1,,
2026-06-05 00:39:16,deployment,productcatalogservice,320,59,5,,
2026-06-05 00:39:16,deployment,recommendationservice,208,103,2,,
2026-06-05 00:39:16,deployment,redis-cart,16,36,1,,
2026-06-05 00:39:16,deployment,shippingservice,27,25,1,,
2026-06-05 00:39:16,node,master,832,1814,,41.6,47.3
2026-06-05 00:39:16,node,worker-1,725,1527,,36.2,39.8
2026-06-05 00:39:16,node,worker-2,1332,1350,,66.6,35.2
2026-06-05 00:39:16,node,worker-3,412,903,,20.6,23.5
2026-06-05 00:39:16,node,worker-4,1551,2048,,77.5,53.3
2026-06-05 00:39:24,deployment,adservice,34,108,1,,
2026-06-05 00:39:24,deployment,cartservice,207,252,5,,
2026-06-05 00:39:24,deployment,checkoutservice,26,22,1,,
2026-06-05 00:39:24,deployment,currencyservice,273,123,2,,
2026-06-05 00:39:24,deployment,emailservice,14,61,1,,
2026-06-05 00:39:24,deployment,frontend,495,45,3,,
2026-06-05 00:39:24,deployment,paymentservice,9,76,1,,
2026-06-05 00:39:24,deployment,productcatalogservice,315,59,5,,
2026-06-05 00:39:24,deployment,recommendationservice,202,103,2,,
2026-06-05 00:39:24,deployment,redis-cart,25,36,1,,
2026-06-05 00:39:24,deployment,shippingservice,28,25,1,,
2026-06-05 00:39:24,node,master,841,1819,,42.0,47.4
2026-06-05 00:39:24,node,worker-1,664,1523,,33.2,39.7
2026-06-05 00:39:24,node,worker-2,1195,1351,,59.8,35.2
2026-06-05 00:39:24,node,worker-3,427,901,,21.3,23.5
2026-06-05 00:39:24,node,worker-4,1538,2176,,76.9,56.7
2026-06-05 00:39:31,deployment,adservice,34,108,1,,
2026-06-05 00:39:31,deployment,cartservice,207,252,5,,
2026-06-05 00:39:31,deployment,checkoutservice,26,22,1,,
2026-06-05 00:39:31,deployment,currencyservice,273,123,2,,
2026-06-05 00:39:31,deployment,emailservice,14,61,1,,
2026-06-05 00:39:31,deployment,frontend,495,45,3,,
2026-06-05 00:39:31,deployment,paymentservice,9,76,1,,
2026-06-05 00:39:31,deployment,productcatalogservice,315,59,5,,
2026-06-05 00:39:31,deployment,recommendationservice,202,103,2,,
2026-06-05 00:39:31,deployment,redis-cart,25,36,1,,
2026-06-05 00:39:31,deployment,shippingservice,28,25,1,,
2026-06-05 00:39:31,node,master,841,1819,,42.0,47.4
2026-06-05 00:39:31,node,worker-1,664,1523,,33.2,39.7
2026-06-05 00:39:31,node,worker-2,1195,1351,,59.8,35.2
2026-06-05 00:39:31,node,worker-3,427,901,,21.3,23.5
2026-06-05 00:39:31,node,worker-4,1538,2176,,76.9,56.7
2026-06-05 00:39:39,deployment,adservice,35,108,1,,
2026-06-05 00:39:39,deployment,cartservice,231,254,5,,
2026-06-05 00:39:39,deployment,checkoutservice,32,22,1,,
2026-06-05 00:39:39,deployment,currencyservice,272,123,2,,
2026-06-05 00:39:39,deployment,emailservice,14,61,1,,
2026-06-05 00:39:39,deployment,frontend,501,45,3,,
2026-06-05 00:39:39,deployment,paymentservice,10,76,1,,
2026-06-05 00:39:39,deployment,productcatalogservice,306,59,5,,
2026-06-05 00:39:39,deployment,recommendationservice,197,103,2,,
2026-06-05 00:39:39,deployment,redis-cart,25,36,1,,
2026-06-05 00:39:39,deployment,shippingservice,26,25,1,,
2026-06-05 00:39:39,node,master,888,1817,,44.4,47.3
2026-06-05 00:39:39,node,worker-1,686,1520,,34.3,39.6
2026-06-05 00:39:39,node,worker-2,1253,1352,,62.6,35.2
2026-06-05 00:39:39,node,worker-3,391,905,,19.6,23.6
2026-06-05 00:39:39,node,worker-4,1412,2178,,70.6,56.7
2026-06-05 00:39:46,deployment,adservice,35,108,1,,
2026-06-05 00:39:46,deployment,cartservice,231,254,5,,
2026-06-05 00:39:46,deployment,checkoutservice,32,22,1,,
2026-06-05 00:39:46,deployment,currencyservice,272,123,2,,
2026-06-05 00:39:46,deployment,emailservice,14,61,1,,
2026-06-05 00:39:46,deployment,frontend,501,45,3,,
2026-06-05 00:39:46,deployment,paymentservice,10,76,1,,
2026-06-05 00:39:46,deployment,productcatalogservice,306,59,5,,
2026-06-05 00:39:46,deployment,recommendationservice,197,103,2,,
2026-06-05 00:39:46,deployment,redis-cart,25,36,1,,
2026-06-05 00:39:46,deployment,shippingservice,26,25,1,,
2026-06-05 00:39:46,node,master,888,1817,,44.4,47.3
2026-06-05 00:39:46,node,worker-1,686,1520,,34.3,39.6
2026-06-05 00:39:46,node,worker-2,1253,1352,,62.6,35.2
2026-06-05 00:39:46,node,worker-3,391,905,,19.6,23.6
2026-06-05 00:39:46,node,worker-4,1412,2178,,70.6,56.7
2026-06-05 00:39:54,deployment,adservice,34,108,1,,
2026-06-05 00:39:54,deployment,cartservice,217,252,5,,
2026-06-05 00:39:54,deployment,checkoutservice,22,22,1,,
2026-06-05 00:39:54,deployment,currencyservice,265,125,2,,
2026-06-05 00:39:54,deployment,emailservice,13,61,1,,
2026-06-05 00:39:54,deployment,frontend,473,45,3,,
2026-06-05 00:39:54,deployment,paymentservice,8,76,1,,
2026-06-05 00:39:54,deployment,productcatalogservice,291,59,5,,
2026-06-05 00:39:54,deployment,recommendationservice,183,103,2,,
2026-06-05 00:39:54,deployment,redis-cart,14,36,1,,
2026-06-05 00:39:54,deployment,shippingservice,26,25,1,,
2026-06-05 00:39:54,node,master,779,1819,,39.0,47.4
2026-06-05 00:39:54,node,worker-1,680,1520,,34.0,39.6
2026-06-05 00:39:54,node,worker-2,1170,1347,,58.5,35.1
2026-06-05 00:39:54,node,worker-3,389,902,,19.4,23.5
2026-06-05 00:39:54,node,worker-4,1406,2129,,70.3,55.5
2026-06-05 00:40:01,deployment,adservice,34,108,1,,
2026-06-05 00:40:01,deployment,cartservice,217,252,5,,
2026-06-05 00:40:01,deployment,checkoutservice,22,22,1,,
2026-06-05 00:40:01,deployment,currencyservice,265,125,2,,
2026-06-05 00:40:01,deployment,emailservice,13,61,1,,
2026-06-05 00:40:01,deployment,frontend,473,45,3,,
2026-06-05 00:40:01,deployment,paymentservice,8,76,1,,
2026-06-05 00:40:01,deployment,productcatalogservice,291,59,5,,
2026-06-05 00:40:01,deployment,recommendationservice,183,103,2,,
2026-06-05 00:40:01,deployment,redis-cart,14,36,1,,
2026-06-05 00:40:01,deployment,shippingservice,26,25,1,,
2026-06-05 00:40:01,node,master,779,1819,,39.0,47.4
2026-06-05 00:40:01,node,worker-1,680,1520,,34.0,39.6
2026-06-05 00:40:01,node,worker-2,1170,1347,,58.5,35.1
2026-06-05 00:40:01,node,worker-3,389,902,,19.4,23.5
2026-06-05 00:40:01,node,worker-4,1406,2129,,70.3,55.5
2026-06-05 00:40:09,deployment,adservice,33,108,1,,
2026-06-05 00:40:09,deployment,cartservice,204,207,4,,
2026-06-05 00:40:09,deployment,checkoutservice,24,22,1,,
2026-06-05 00:40:09,deployment,currencyservice,268,124,2,,
2026-06-05 00:40:09,deployment,emailservice,13,61,1,,
2026-06-05 00:40:09,deployment,frontend,464,44,3,,
2026-06-05 00:40:09,deployment,paymentservice,9,76,1,,
2026-06-05 00:40:09,deployment,productcatalogservice,292,61,5,,
2026-06-05 00:40:09,deployment,recommendationservice,184,103,2,,
2026-06-05 00:40:09,deployment,redis-cart,14,36,1,,
2026-06-05 00:40:09,deployment,shippingservice,26,25,1,,
2026-06-05 00:40:09,node,master,778,1818,,38.9,47.4
2026-06-05 00:40:09,node,worker-1,685,1520,,34.2,39.6
2026-06-05 00:40:09,node,worker-2,1279,1339,,63.9,34.9
2026-06-05 00:40:09,node,worker-3,431,905,,21.6,23.6
2026-06-05 00:40:09,node,worker-4,1542,2174,,77.1,56.6
2026-06-05 00:40:16,deployment,adservice,33,108,1,,
2026-06-05 00:40:16,deployment,cartservice,204,207,4,,
2026-06-05 00:40:16,deployment,checkoutservice,24,22,1,,
2026-06-05 00:40:16,deployment,currencyservice,268,124,2,,
2026-06-05 00:40:16,deployment,emailservice,13,61,1,,
2026-06-05 00:40:16,deployment,frontend,464,44,3,,
2026-06-05 00:40:16,deployment,paymentservice,9,76,1,,
2026-06-05 00:40:16,deployment,productcatalogservice,292,61,5,,
2026-06-05 00:40:16,deployment,recommendationservice,184,103,2,,
2026-06-05 00:40:16,deployment,redis-cart,14,36,1,,
2026-06-05 00:40:16,deployment,shippingservice,26,25,1,,
2026-06-05 00:40:16,node,master,778,1818,,38.9,47.4
2026-06-05 00:40:16,node,worker-1,685,1520,,34.2,39.6
2026-06-05 00:40:16,node,worker-2,1279,1339,,63.9,34.9
2026-06-05 00:40:16,node,worker-3,431,905,,21.6,23.6
2026-06-05 00:40:16,node,worker-4,1542,2174,,77.1,56.6
2026-06-05 00:40:24,deployment,adservice,31,108,1,,
2026-06-05 00:40:24,deployment,cartservice,195,208,4,,
2026-06-05 00:40:24,deployment,checkoutservice,29,22,1,,
2026-06-05 00:40:24,deployment,currencyservice,245,123,2,,
2026-06-05 00:40:24,deployment,emailservice,13,61,1,,
2026-06-05 00:40:24,deployment,frontend,465,45,3,,
2026-06-05 00:40:24,deployment,paymentservice,8,76,1,,
2026-06-05 00:40:24,deployment,productcatalogservice,284,59,5,,
2026-06-05 00:40:24,deployment,recommendationservice,185,103,2,,
2026-06-05 00:40:24,deployment,redis-cart,14,36,1,,
2026-06-05 00:40:24,deployment,shippingservice,26,25,1,,
2026-06-05 00:40:24,node,master,812,1817,,40.6,47.3
2026-06-05 00:40:24,node,worker-1,698,1520,,34.9,39.6
2026-06-05 00:40:24,node,worker-2,1201,1292,,60.1,33.7
2026-06-05 00:40:24,node,worker-3,455,904,,22.8,23.5
2026-06-05 00:40:24,node,worker-4,1346,2216,,67.3,57.7
2026-06-05 00:40:30,deployment,adservice,31,108,1,,
2026-06-05 00:40:30,deployment,cartservice,195,208,4,,
2026-06-05 00:40:30,deployment,checkoutservice,29,22,1,,
2026-06-05 00:40:30,deployment,currencyservice,245,123,2,,
2026-06-05 00:40:30,deployment,emailservice,13,61,1,,
2026-06-05 00:40:30,deployment,frontend,465,45,3,,
2026-06-05 00:40:30,deployment,paymentservice,8,76,1,,
2026-06-05 00:40:30,deployment,productcatalogservice,284,59,5,,
2026-06-05 00:40:30,deployment,recommendationservice,185,103,2,,
2026-06-05 00:40:30,deployment,redis-cart,14,36,1,,
2026-06-05 00:40:30,deployment,shippingservice,26,25,1,,
2026-06-05 00:40:30,node,master,812,1817,,40.6,47.3
2026-06-05 00:40:30,node,worker-1,698,1520,,34.9,39.6
2026-06-05 00:40:30,node,worker-2,1201,1292,,60.1,33.7
2026-06-05 00:40:30,node,worker-3,455,904,,22.8,23.5
2026-06-05 00:40:30,node,worker-4,1346,2216,,67.3,57.7
2026-06-05 00:40:36,deployment,adservice,26,108,1,,
2026-06-05 00:40:36,deployment,cartservice,199,208,4,,
2026-06-05 00:40:36,deployment,checkoutservice,21,22,1,,
2026-06-05 00:40:36,deployment,currencyservice,209,124,2,,
2026-06-05 00:40:36,deployment,emailservice,9,61,1,,
2026-06-05 00:40:36,deployment,frontend,432,44,3,,
2026-06-05 00:40:36,deployment,paymentservice,6,76,1,,
2026-06-05 00:40:36,deployment,productcatalogservice,268,59,5,,
2026-06-05 00:40:36,deployment,recommendationservice,172,103,2,,
2026-06-05 00:40:36,deployment,redis-cart,13,36,1,,
2026-06-05 00:40:36,deployment,shippingservice,24,25,1,,
2026-06-05 00:40:36,node,master,770,1819,,38.5,47.4
2026-06-05 00:40:36,node,worker-1,571,1520,,28.5,39.6
2026-06-05 00:40:36,node,worker-2,987,1298,,49.4,33.8
2026-06-05 00:40:36,node,worker-3,327,906,,16.4,23.6
2026-06-05 00:40:36,node,worker-4,1241,2144,,62.1,55.8
2026-06-05 00:40:45,deployment,adservice,26,108,1,,
2026-06-05 00:40:45,deployment,cartservice,199,208,4,,
2026-06-05 00:40:45,deployment,checkoutservice,21,22,1,,
2026-06-05 00:40:45,deployment,currencyservice,209,124,2,,
2026-06-05 00:40:45,deployment,emailservice,9,61,1,,
2026-06-05 00:40:45,deployment,frontend,432,44,3,,
2026-06-05 00:40:45,deployment,paymentservice,6,76,1,,
2026-06-05 00:40:45,deployment,productcatalogservice,268,59,5,,
2026-06-05 00:40:45,deployment,recommendationservice,172,103,2,,
2026-06-05 00:40:45,deployment,redis-cart,13,36,1,,
2026-06-05 00:40:45,deployment,shippingservice,24,25,1,,
2026-06-05 00:40:45,node,master,770,1819,,38.5,47.4
2026-06-05 00:40:45,node,worker-1,571,1520,,28.5,39.6
2026-06-05 00:40:45,node,worker-2,987,1298,,49.4,33.8
2026-06-05 00:40:45,node,worker-3,327,906,,16.4,23.6
2026-06-05 00:40:45,node,worker-4,1241,2144,,62.1,55.8
2026-06-05 00:40:51,deployment,adservice,25,108,1,,
2026-06-05 00:40:51,deployment,cartservice,151,208,4,,
2026-06-05 00:40:51,deployment,checkoutservice,18,22,1,,
2026-06-05 00:40:51,deployment,currencyservice,211,123,2,,
2026-06-05 00:40:51,deployment,emailservice,10,61,1,,
2026-06-05 00:40:51,deployment,frontend,372,44,3,,
2026-06-05 00:40:51,deployment,paymentservice,7,76,1,,
2026-06-05 00:40:51,deployment,productcatalogservice,221,59,5,,
2026-06-05 00:40:51,deployment,recommendationservice,135,103,2,,
2026-06-05 00:40:51,deployment,redis-cart,11,36,1,,
2026-06-05 00:40:51,deployment,shippingservice,20,25,1,,
2026-06-05 00:40:51,node,master,652,1819,,32.6,47.4
2026-06-05 00:40:51,node,worker-1,609,1517,,30.4,39.5
2026-06-05 00:40:51,node,worker-2,915,1296,,45.8,33.8
2026-06-05 00:40:51,node,worker-3,317,904,,15.8,23.5
2026-06-05 00:40:51,node,worker-4,1159,2102,,58.0,54.8
2026-06-05 00:41:00,deployment,adservice,25,108,1,,
2026-06-05 00:41:00,deployment,cartservice,151,208,4,,
2026-06-05 00:41:00,deployment,checkoutservice,18,22,1,,
2026-06-05 00:41:00,deployment,currencyservice,211,123,2,,
2026-06-05 00:41:00,deployment,emailservice,10,61,1,,
2026-06-05 00:41:00,deployment,frontend,372,44,3,,
2026-06-05 00:41:00,deployment,paymentservice,7,76,1,,
2026-06-05 00:41:00,deployment,productcatalogservice,221,59,5,,
2026-06-05 00:41:00,deployment,recommendationservice,135,103,2,,
2026-06-05 00:41:00,deployment,redis-cart,11,36,1,,
2026-06-05 00:41:00,deployment,shippingservice,20,25,1,,
2026-06-05 00:41:00,node,master,652,1819,,32.6,47.4
2026-06-05 00:41:00,node,worker-1,609,1517,,30.4,39.5
2026-06-05 00:41:00,node,worker-2,915,1296,,45.8,33.8
2026-06-05 00:41:00,node,worker-3,317,904,,15.8,23.5
2026-06-05 00:41:00,node,worker-4,1159,2102,,58.0,54.8
2026-06-05 00:41:08,deployment,adservice,23,108,1,,
2026-06-05 00:41:08,deployment,cartservice,144,208,4,,
2026-06-05 00:41:08,deployment,checkoutservice,15,22,1,,
2026-06-05 00:41:08,deployment,currencyservice,204,123,2,,
2026-06-05 00:41:08,deployment,emailservice,10,61,1,,
2026-06-05 00:41:08,deployment,frontend,370,45,3,,
2026-06-05 00:41:08,deployment,paymentservice,7,76,1,,
2026-06-05 00:41:08,deployment,productcatalogservice,227,59,5,,
2026-06-05 00:41:08,deployment,recommendationservice,139,103,2,,
2026-06-05 00:41:08,deployment,redis-cart,11,36,1,,
2026-06-05 00:41:08,deployment,shippingservice,19,25,1,,
2026-06-05 00:41:08,node,master,649,1818,,32.5,47.4
2026-06-05 00:41:08,node,worker-1,553,1524,,27.7,39.7
2026-06-05 00:41:08,node,worker-2,952,1297,,47.6,33.8
2026-06-05 00:41:08,node,worker-3,331,906,,16.6,23.6
2026-06-05 00:41:08,node,worker-4,1221,2032,,61.1,52.9
2026-06-05 00:41:16,deployment,adservice,23,108,1,,
2026-06-05 00:41:16,deployment,cartservice,144,208,4,,
2026-06-05 00:41:16,deployment,checkoutservice,15,22,1,,
2026-06-05 00:41:16,deployment,currencyservice,204,123,2,,
2026-06-05 00:41:16,deployment,emailservice,10,61,1,,
2026-06-05 00:41:16,deployment,frontend,370,45,3,,
2026-06-05 00:41:16,deployment,paymentservice,7,76,1,,
2026-06-05 00:41:16,deployment,productcatalogservice,187,51,4,,
2026-06-05 00:41:16,deployment,recommendationservice,139,103,2,,
2026-06-05 00:41:16,deployment,redis-cart,11,36,1,,
2026-06-05 00:41:16,deployment,shippingservice,19,25,1,,
2026-06-05 00:41:16,node,master,649,1818,,32.5,47.4
2026-06-05 00:41:16,node,worker-1,553,1524,,27.7,39.7
2026-06-05 00:41:16,node,worker-2,952,1297,,47.6,33.8
2026-06-05 00:41:16,node,worker-3,331,906,,16.6,23.6
2026-06-05 00:41:16,node,worker-4,1221,2032,,61.1,52.9
2026-06-05 00:41:23,deployment,adservice,27,107,1,,
2026-06-05 00:41:23,deployment,cartservice,148,209,4,,
2026-06-05 00:41:23,deployment,checkoutservice,18,22,1,,
2026-06-05 00:41:23,deployment,currencyservice,209,125,2,,
2026-06-05 00:41:23,deployment,emailservice,12,61,1,,
2026-06-05 00:41:23,deployment,frontend,366,44,3,,
2026-06-05 00:41:23,deployment,paymentservice,6,76,1,,
2026-06-05 00:41:23,deployment,productcatalogservice,197,51,4,,
2026-06-05 00:41:23,deployment,recommendationservice,151,103,2,,
2026-06-05 00:41:23,deployment,redis-cart,12,36,1,,
2026-06-05 00:41:23,deployment,shippingservice,22,25,1,,
2026-06-05 00:41:23,node,master,723,1812,,36.1,47.2
2026-06-05 00:41:23,node,worker-1,600,1523,,30.0,39.7
2026-06-05 00:41:23,node,worker-2,927,1300,,46.4,33.9
2026-06-05 00:41:23,node,worker-3,382,904,,19.1,23.5
2026-06-05 00:41:23,node,worker-4,1238,2083,,61.9,54.3
2026-06-05 00:41:30,deployment,adservice,27,107,1,,
2026-06-05 00:41:30,deployment,cartservice,148,209,4,,
2026-06-05 00:41:30,deployment,checkoutservice,18,22,1,,
2026-06-05 00:41:30,deployment,currencyservice,209,125,2,,
2026-06-05 00:41:30,deployment,emailservice,12,61,1,,
2026-06-05 00:41:30,deployment,frontend,366,44,3,,
2026-06-05 00:41:30,deployment,paymentservice,6,76,1,,
2026-06-05 00:41:30,deployment,productcatalogservice,197,51,4,,
2026-06-05 00:41:30,deployment,recommendationservice,151,103,2,,
2026-06-05 00:41:30,deployment,redis-cart,12,36,1,,
2026-06-05 00:41:30,deployment,shippingservice,22,25,1,,
2026-06-05 00:41:30,node,master,723,1812,,36.1,47.2
2026-06-05 00:41:30,node,worker-1,600,1523,,30.0,39.7
2026-06-05 00:41:30,node,worker-2,927,1300,,46.4,33.9
2026-06-05 00:41:30,node,worker-3,382,904,,19.1,23.5
2026-06-05 00:41:30,node,worker-4,1238,2083,,61.9,54.3
2026-06-05 00:41:36,deployment,adservice,30,107,1,,
2026-06-05 00:41:36,deployment,cartservice,161,207,4,,
2026-06-05 00:41:36,deployment,checkoutservice,23,22,1,,
2026-06-05 00:41:36,deployment,currencyservice,234,124,2,,
2026-06-05 00:41:36,deployment,emailservice,11,61,1,,
2026-06-05 00:41:36,deployment,frontend,423,44,3,,
2026-06-05 00:41:36,deployment,paymentservice,8,76,1,,
2026-06-05 00:41:36,deployment,productcatalogservice,246,51,4,,
2026-06-05 00:41:36,deployment,recommendationservice,156,103,2,,
2026-06-05 00:41:36,deployment,redis-cart,13,36,1,,
2026-06-05 00:41:36,deployment,shippingservice,23,25,1,,
2026-06-05 00:41:36,node,master,785,1812,,39.2,47.2
2026-06-05 00:41:36,node,worker-1,565,1510,,28.2,39.3
2026-06-05 00:41:36,node,worker-2,1100,1296,,55.0,33.8
2026-06-05 00:41:36,node,worker-3,395,904,,19.8,23.5
2026-06-05 00:41:36,node,worker-4,1291,2047,,64.5,53.3
2026-06-05 00:41:44,deployment,adservice,30,107,1,,
2026-06-05 00:41:44,deployment,cartservice,161,207,4,,
2026-06-05 00:41:44,deployment,checkoutservice,23,22,1,,
2026-06-05 00:41:44,deployment,currencyservice,234,124,2,,
2026-06-05 00:41:44,deployment,emailservice,11,61,1,,
2026-06-05 00:41:44,deployment,frontend,423,44,3,,
2026-06-05 00:41:44,deployment,paymentservice,8,76,1,,
2026-06-05 00:41:44,deployment,productcatalogservice,246,51,4,,
2026-06-05 00:41:44,deployment,recommendationservice,156,103,2,,
2026-06-05 00:41:44,deployment,redis-cart,13,36,1,,
2026-06-05 00:41:44,deployment,shippingservice,23,25,1,,
2026-06-05 00:41:44,node,master,785,1812,,39.2,47.2
2026-06-05 00:41:44,node,worker-1,565,1510,,28.2,39.3
2026-06-05 00:41:44,node,worker-2,1100,1296,,55.0,33.8
2026-06-05 00:41:44,node,worker-3,395,904,,19.8,23.5
2026-06-05 00:41:44,node,worker-4,1291,2047,,64.5,53.3
2026-06-05 00:41:51,deployment,adservice,30,107,1,,
2026-06-05 00:41:51,deployment,cartservice,177,208,4,,
2026-06-05 00:41:51,deployment,checkoutservice,22,22,1,,
2026-06-05 00:41:51,deployment,currencyservice,226,122,2,,
2026-06-05 00:41:51,deployment,emailservice,12,61,1,,
2026-06-05 00:41:51,deployment,frontend,418,44,3,,
2026-06-05 00:41:51,deployment,paymentservice,7,76,1,,
2026-06-05 00:41:51,deployment,productcatalogservice,251,51,4,,
2026-06-05 00:41:51,deployment,recommendationservice,160,103,2,,
2026-06-05 00:41:51,deployment,redis-cart,12,36,1,,
2026-06-05 00:41:51,deployment,shippingservice,21,25,1,,
2026-06-05 00:41:51,node,master,725,1816,,36.2,47.3
2026-06-05 00:41:51,node,worker-1,532,1502,,26.6,39.1
2026-06-05 00:41:51,node,worker-2,1034,1294,,51.7,33.7
2026-06-05 00:41:51,node,worker-3,358,903,,17.9,23.5
2026-06-05 00:41:51,node,worker-4,1316,2123,,65.8,55.3
2026-06-05 00:41:59,deployment,adservice,30,107,1,,
2026-06-05 00:41:59,deployment,cartservice,177,208,4,,
2026-06-05 00:41:59,deployment,checkoutservice,22,22,1,,
2026-06-05 00:41:59,deployment,currencyservice,226,122,2,,
2026-06-05 00:41:59,deployment,emailservice,12,61,1,,
2026-06-05 00:41:59,deployment,frontend,418,44,3,,
2026-06-05 00:41:59,deployment,paymentservice,7,76,1,,
2026-06-05 00:41:59,deployment,productcatalogservice,251,51,4,,
2026-06-05 00:41:59,deployment,recommendationservice,160,103,2,,
2026-06-05 00:41:59,deployment,redis-cart,12,36,1,,
2026-06-05 00:41:59,deployment,shippingservice,21,25,1,,
2026-06-05 00:41:59,node,master,725,1816,,36.2,47.3
2026-06-05 00:41:59,node,worker-1,532,1502,,26.6,39.1
2026-06-05 00:41:59,node,worker-2,1034,1294,,51.7,33.7
2026-06-05 00:41:59,node,worker-3,358,903,,17.9,23.5
2026-06-05 00:41:59,node,worker-4,1316,2123,,65.8,55.3
2026-06-05 00:42:08,deployment,adservice,30,108,1,,
2026-06-05 00:42:08,deployment,cartservice,201,213,4,,
2026-06-05 00:42:08,deployment,checkoutservice,17,22,1,,
2026-06-05 00:42:08,deployment,currencyservice,227,122,2,,
2026-06-05 00:42:08,deployment,emailservice,10,61,1,,
2026-06-05 00:42:08,deployment,frontend,428,45,3,,
2026-06-05 00:42:08,deployment,paymentservice,9,76,1,,
2026-06-05 00:42:08,deployment,productcatalogservice,256,51,4,,
2026-06-05 00:42:08,deployment,recommendationservice,160,103,2,,
2026-06-05 00:42:08,deployment,redis-cart,13,36,1,,
2026-06-05 00:42:08,deployment,shippingservice,22,25,1,,
2026-06-05 00:42:08,node,master,778,1813,,38.9,47.2
2026-06-05 00:42:08,node,worker-1,546,1505,,27.3,39.2
2026-06-05 00:42:08,node,worker-2,1111,1294,,55.5,33.7
2026-06-05 00:42:08,node,worker-3,379,903,,18.9,23.5
2026-06-05 00:42:08,node,worker-4,1298,2136,,64.9,55.6
2026-06-05 00:42:16,deployment,adservice,30,108,1,,
2026-06-05 00:42:16,deployment,cartservice,201,213,4,,
2026-06-05 00:42:16,deployment,checkoutservice,17,22,1,,
2026-06-05 00:42:16,deployment,currencyservice,227,122,2,,
2026-06-05 00:42:16,deployment,emailservice,10,61,1,,
2026-06-05 00:42:16,deployment,frontend,428,45,3,,
2026-06-05 00:42:16,deployment,paymentservice,9,76,1,,
2026-06-05 00:42:16,deployment,productcatalogservice,256,51,4,,
2026-06-05 00:42:16,deployment,recommendationservice,160,103,2,,
2026-06-05 00:42:16,deployment,redis-cart,13,36,1,,
2026-06-05 00:42:16,deployment,shippingservice,22,25,1,,
2026-06-05 00:42:16,node,master,778,1813,,38.9,47.2
2026-06-05 00:42:16,node,worker-1,546,1505,,27.3,39.2
2026-06-05 00:42:16,node,worker-2,1111,1294,,55.5,33.7
2026-06-05 00:42:16,node,worker-3,379,903,,18.9,23.5
2026-06-05 00:42:16,node,worker-4,1298,2136,,64.9,55.6
2026-06-05 00:42:23,deployment,adservice,30,108,1,,
2026-06-05 00:42:23,deployment,cartservice,196,208,4,,
2026-06-05 00:42:23,deployment,checkoutservice,21,22,1,,
2026-06-05 00:42:23,deployment,currencyservice,236,123,2,,
2026-06-05 00:42:23,deployment,emailservice,11,61,1,,
2026-06-05 00:42:23,deployment,frontend,399,45,3,,
2026-06-05 00:42:23,deployment,paymentservice,7,77,1,,
2026-06-05 00:42:23,deployment,productcatalogservice,253,51,4,,
2026-06-05 00:42:23,deployment,recommendationservice,158,103,2,,
2026-06-05 00:42:23,deployment,redis-cart,12,36,1,,
2026-06-05 00:42:23,deployment,shippingservice,21,25,1,,
2026-06-05 00:42:23,node,master,674,1812,,33.7,47.2
2026-06-05 00:42:23,node,worker-1,602,1508,,30.1,39.3
2026-06-05 00:42:23,node,worker-2,1005,1293,,50.2,33.7
2026-06-05 00:42:23,node,worker-3,400,902,,20.0,23.5
2026-06-05 00:42:23,node,worker-4,1310,2082,,65.5,54.2
2026-06-05 00:42:30,deployment,adservice,30,108,1,,
2026-06-05 00:42:30,deployment,cartservice,196,208,4,,
2026-06-05 00:42:30,deployment,checkoutservice,21,22,1,,
2026-06-05 00:42:30,deployment,currencyservice,236,123,2,,
2026-06-05 00:42:30,deployment,emailservice,11,61,1,,
2026-06-05 00:42:30,deployment,frontend,399,45,3,,
2026-06-05 00:42:30,deployment,paymentservice,7,77,1,,
2026-06-05 00:42:30,deployment,productcatalogservice,253,51,4,,
2026-06-05 00:42:30,deployment,recommendationservice,158,103,2,,
2026-06-05 00:42:30,deployment,redis-cart,12,36,1,,
2026-06-05 00:42:30,deployment,shippingservice,21,25,1,,
2026-06-05 00:42:30,node,master,674,1812,,33.7,47.2
2026-06-05 00:42:30,node,worker-1,602,1508,,30.1,39.3
2026-06-05 00:42:30,node,worker-2,1005,1293,,50.2,33.7
2026-06-05 00:42:30,node,worker-3,400,902,,20.0,23.5
2026-06-05 00:42:30,node,worker-4,1310,2082,,65.5,54.2
2026-06-05 00:42:37,deployment,adservice,30,108,1,,
2026-06-05 00:42:37,deployment,cartservice,213,208,4,,
2026-06-05 00:42:37,deployment,checkoutservice,21,22,1,,
2026-06-05 00:42:37,deployment,currencyservice,264,122,2,,
2026-06-05 00:42:37,deployment,emailservice,11,61,1,,
2026-06-05 00:42:37,deployment,frontend,467,44,3,,
2026-06-05 00:42:37,deployment,paymentservice,7,76,1,,
2026-06-05 00:42:37,deployment,productcatalogservice,283,51,4,,
2026-06-05 00:42:37,deployment,recommendationservice,180,103,2,,
2026-06-05 00:42:37,deployment,redis-cart,14,36,1,,
2026-06-05 00:42:37,deployment,shippingservice,23,25,1,,
2026-06-05 00:42:37,node,master,774,1814,,38.7,47.3
2026-06-05 00:42:37,node,worker-1,609,1510,,30.4,39.3
2026-06-05 00:42:37,node,worker-2,1176,1298,,58.8,33.8
2026-06-05 00:42:37,node,worker-3,426,901,,21.3,23.5
2026-06-05 00:42:37,node,worker-4,1505,2121,,75.2,55.2
2026-06-05 00:42:44,deployment,adservice,30,108,1,,
2026-06-05 00:42:44,deployment,cartservice,213,208,4,,
2026-06-05 00:42:44,deployment,checkoutservice,21,22,1,,
2026-06-05 00:42:44,deployment,currencyservice,264,122,2,,
2026-06-05 00:42:44,deployment,emailservice,11,61,1,,
2026-06-05 00:42:44,deployment,frontend,467,44,3,,
2026-06-05 00:42:44,deployment,paymentservice,7,76,1,,
2026-06-05 00:42:44,deployment,productcatalogservice,283,51,4,,
2026-06-05 00:42:44,deployment,recommendationservice,180,103,2,,
2026-06-05 00:42:44,deployment,redis-cart,14,36,1,,
2026-06-05 00:42:44,deployment,shippingservice,23,25,1,,
2026-06-05 00:42:44,node,master,774,1814,,38.7,47.3
2026-06-05 00:42:44,node,worker-1,609,1510,,30.4,39.3
2026-06-05 00:42:44,node,worker-2,1176,1298,,58.8,33.8
2026-06-05 00:42:44,node,worker-3,426,901,,21.3,23.5
2026-06-05 00:42:44,node,worker-4,1505,2121,,75.2,55.2
2026-06-05 00:42:51,deployment,adservice,35,108,1,,
2026-06-05 00:42:51,deployment,cartservice,197,208,4,,
2026-06-05 00:42:51,deployment,checkoutservice,26,22,1,,
2026-06-05 00:42:51,deployment,currencyservice,272,122,2,,
2026-06-05 00:42:51,deployment,emailservice,11,61,1,,
2026-06-05 00:42:51,deployment,frontend,478,44,3,,
2026-06-05 00:42:51,deployment,paymentservice,7,76,1,,
2026-06-05 00:42:51,deployment,productcatalogservice,288,51,4,,
2026-06-05 00:42:51,deployment,recommendationservice,183,103,2,,
2026-06-05 00:42:51,deployment,redis-cart,42,36,1,,
2026-06-05 00:42:51,deployment,shippingservice,27,25,1,,
2026-06-05 00:42:51,node,master,854,1814,,42.7,47.3
2026-06-05 00:42:51,node,worker-1,640,1506,,32.0,39.2
2026-06-05 00:42:51,node,worker-2,1161,1297,,58.1,33.8
2026-06-05 00:42:51,node,worker-3,452,903,,22.6,23.5
2026-06-05 00:42:51,node,worker-4,1474,2088,,73.7,54.4
2026-06-05 00:42:59,deployment,adservice,35,108,1,,
2026-06-05 00:42:59,deployment,cartservice,197,208,4,,
2026-06-05 00:42:59,deployment,checkoutservice,26,22,1,,
2026-06-05 00:42:59,deployment,currencyservice,272,122,2,,
2026-06-05 00:42:59,deployment,emailservice,11,61,1,,
2026-06-05 00:42:59,deployment,frontend,478,44,3,,
2026-06-05 00:42:59,deployment,paymentservice,7,76,1,,
2026-06-05 00:42:59,deployment,productcatalogservice,288,51,4,,
2026-06-05 00:42:59,deployment,recommendationservice,183,103,2,,
2026-06-05 00:42:59,deployment,redis-cart,42,36,1,,
2026-06-05 00:42:59,deployment,shippingservice,27,25,1,,
2026-06-05 00:42:59,node,master,854,1814,,42.7,47.3
2026-06-05 00:42:59,node,worker-1,640,1506,,32.0,39.2
2026-06-05 00:42:59,node,worker-2,1161,1297,,58.1,33.8
2026-06-05 00:42:59,node,worker-3,452,903,,22.6,23.5
2026-06-05 00:42:59,node,worker-4,1474,2088,,73.7,54.4
2026-06-05 00:43:07,deployment,adservice,32,108,1,,
2026-06-05 00:43:07,deployment,cartservice,192,208,4,,
2026-06-05 00:43:07,deployment,checkoutservice,28,22,1,,
2026-06-05 00:43:07,deployment,currencyservice,268,126,2,,
2026-06-05 00:43:07,deployment,emailservice,14,61,1,,
2026-06-05 00:43:07,deployment,frontend,486,44,3,,
2026-06-05 00:43:07,deployment,paymentservice,12,76,1,,
2026-06-05 00:43:07,deployment,productcatalogservice,296,51,4,,
2026-06-05 00:43:07,deployment,recommendationservice,192,103,2,,
2026-06-05 00:43:07,deployment,redis-cart,15,36,1,,
2026-06-05 00:43:07,deployment,shippingservice,26,25,1,,
2026-06-05 00:43:07,node,master,860,1814,,43.0,47.3
2026-06-05 00:43:07,node,worker-1,586,1510,,29.3,39.3
2026-06-05 00:43:07,node,worker-2,1182,1299,,59.1,33.8
2026-06-05 00:43:07,node,worker-3,479,904,,23.9,23.5
2026-06-05 00:43:07,node,worker-4,1463,2090,,73.2,54.4
2026-06-05 00:43:15,deployment,adservice,32,108,1,,
2026-06-05 00:43:15,deployment,cartservice,192,208,4,,
2026-06-05 00:43:15,deployment,checkoutservice,28,22,1,,
2026-06-05 00:43:15,deployment,currencyservice,268,126,2,,
2026-06-05 00:43:15,deployment,emailservice,14,61,1,,
2026-06-05 00:43:15,deployment,frontend,486,44,3,,
2026-06-05 00:43:15,deployment,paymentservice,12,76,1,,
2026-06-05 00:43:15,deployment,productcatalogservice,296,51,4,,
2026-06-05 00:43:15,deployment,recommendationservice,192,103,2,,
2026-06-05 00:43:15,deployment,redis-cart,15,36,1,,
2026-06-05 00:43:15,deployment,shippingservice,26,25,1,,
2026-06-05 00:43:15,node,master,860,1814,,43.0,47.3
2026-06-05 00:43:15,node,worker-1,586,1510,,29.3,39.3
2026-06-05 00:43:15,node,worker-2,1182,1299,,59.1,33.8
2026-06-05 00:43:15,node,worker-3,479,904,,23.9,23.5
2026-06-05 00:43:15,node,worker-4,1463,2090,,73.2,54.4
2026-06-05 00:43:21,deployment,adservice,36,107,1,,
2026-06-05 00:43:21,deployment,cartservice,181,207,4,,
2026-06-05 00:43:21,deployment,checkoutservice,25,22,1,,
2026-06-05 00:43:21,deployment,currencyservice,275,122,2,,
2026-06-05 00:43:21,deployment,emailservice,13,61,1,,
2026-06-05 00:43:21,deployment,frontend,482,45,3,,
2026-06-05 00:43:21,deployment,paymentservice,8,76,1,,
2026-06-05 00:43:21,deployment,productcatalogservice,297,51,4,,
2026-06-05 00:43:21,deployment,recommendationservice,191,103,2,,
2026-06-05 00:43:21,deployment,redis-cart,15,36,1,,
2026-06-05 00:43:21,deployment,shippingservice,27,25,1,,
2026-06-05 00:43:21,node,master,827,1814,,41.3,47.3
2026-06-05 00:43:21,node,worker-1,603,1500,,30.1,39.1
2026-06-05 00:43:21,node,worker-2,1178,1298,,58.9,33.8
2026-06-05 00:43:21,node,worker-3,451,905,,22.6,23.6
2026-06-05 00:43:21,node,worker-4,1501,2078,,75.0,54.1
2026-06-05 00:43:29,deployment,adservice,36,107,1,,
2026-06-05 00:43:29,deployment,cartservice,134,163,3,,
2026-06-05 00:43:29,deployment,checkoutservice,25,22,1,,
2026-06-05 00:43:29,deployment,currencyservice,275,122,2,,
2026-06-05 00:43:29,deployment,emailservice,13,61,1,,
2026-06-05 00:43:29,deployment,frontend,482,45,3,,
2026-06-05 00:43:29,deployment,paymentservice,8,76,1,,
2026-06-05 00:43:29,deployment,productcatalogservice,297,51,4,,
2026-06-05 00:43:29,deployment,recommendationservice,191,103,2,,
2026-06-05 00:43:29,deployment,redis-cart,15,36,1,,
2026-06-05 00:43:29,deployment,shippingservice,27,25,1,,
2026-06-05 00:43:29,node,master,827,1814,,41.3,47.3
2026-06-05 00:43:29,node,worker-1,603,1500,,30.1,39.1
2026-06-05 00:43:29,node,worker-2,1178,1298,,58.9,33.8
2026-06-05 00:43:29,node,worker-3,451,905,,22.6,23.6
2026-06-05 00:43:29,node,worker-4,1501,2078,,75.0,54.1
2026-06-05 00:43:36,deployment,adservice,46,107,1,,
2026-06-05 00:43:36,deployment,cartservice,135,164,3,,
2026-06-05 00:43:36,deployment,checkoutservice,34,22,1,,
2026-06-05 00:43:36,deployment,currencyservice,333,123,2,,
2026-06-05 00:43:36,deployment,emailservice,14,61,1,,
2026-06-05 00:43:36,deployment,frontend,555,46,3,,
2026-06-05 00:43:36,deployment,paymentservice,10,76,1,,
2026-06-05 00:43:36,deployment,productcatalogservice,354,51,4,,
2026-06-05 00:43:36,deployment,recommendationservice,225,103,2,,
2026-06-05 00:43:36,deployment,redis-cart,16,36,1,,
2026-06-05 00:43:36,deployment,shippingservice,26,25,1,,
2026-06-05 00:43:36,node,master,1006,1764,,50.3,45.9
2026-06-05 00:43:36,node,worker-1,724,1505,,36.2,39.2
2026-06-05 00:43:36,node,worker-2,1393,1293,,69.7,33.7
2026-06-05 00:43:36,node,worker-3,542,905,,27.1,23.6
2026-06-05 00:43:36,node,worker-4,1786,2117,,89.3,55.1
2026-06-05 00:43:44,deployment,adservice,46,107,1,,
2026-06-05 00:43:44,deployment,cartservice,135,164,3,,
2026-06-05 00:43:44,deployment,checkoutservice,34,22,1,,
2026-06-05 00:43:44,deployment,currencyservice,333,123,2,,
2026-06-05 00:43:44,deployment,emailservice,14,61,1,,
2026-06-05 00:43:44,deployment,frontend,555,46,3,,
2026-06-05 00:43:44,deployment,paymentservice,10,76,1,,
2026-06-05 00:43:44,deployment,productcatalogservice,354,51,4,,
2026-06-05 00:43:44,deployment,recommendationservice,225,103,2,,
2026-06-05 00:43:44,deployment,redis-cart,16,36,1,,
2026-06-05 00:43:44,deployment,shippingservice,26,25,1,,
2026-06-05 00:43:44,node,master,1006,1764,,50.3,45.9
2026-06-05 00:43:44,node,worker-1,724,1505,,36.2,39.2
2026-06-05 00:43:44,node,worker-2,1393,1293,,69.7,33.7
2026-06-05 00:43:44,node,worker-3,542,905,,27.1,23.6
2026-06-05 00:43:44,node,worker-4,1786,2117,,89.3,55.1
2026-06-05 00:43:51,deployment,adservice,45,107,1,,
2026-06-05 00:43:51,deployment,cartservice,244,164,3,,
2026-06-05 00:43:51,deployment,checkoutservice,31,22,1,,
2026-06-05 00:43:51,deployment,currencyservice,332,122,2,,
2026-06-05 00:43:51,deployment,emailservice,14,61,1,,
2026-06-05 00:43:51,deployment,frontend,584,45,3,,
2026-06-05 00:43:51,deployment,paymentservice,10,76,1,,
2026-06-05 00:43:51,deployment,productcatalogservice,371,51,4,,
2026-06-05 00:43:51,deployment,recommendationservice,254,103,2,,
2026-06-05 00:43:51,deployment,redis-cart,18,36,1,,
2026-06-05 00:43:51,deployment,shippingservice,35,25,1,,
2026-06-05 00:43:51,node,master,872,1767,,43.6,46.0
2026-06-05 00:43:51,node,worker-1,688,1502,,34.4,39.1
2026-06-05 00:43:51,node,worker-2,1460,1296,,73.0,33.8
2026-06-05 00:43:51,node,worker-3,608,906,,30.4,23.6
2026-06-05 00:43:51,node,worker-4,1757,2179,,87.8,56.8
2026-06-05 00:43:59,deployment,adservice,45,107,1,,
2026-06-05 00:43:59,deployment,cartservice,244,164,3,,
2026-06-05 00:43:59,deployment,checkoutservice,31,22,1,,
2026-06-05 00:43:59,deployment,currencyservice,332,122,2,,
2026-06-05 00:43:59,deployment,emailservice,14,61,1,,
2026-06-05 00:43:59,deployment,frontend,584,45,3,,
2026-06-05 00:43:59,deployment,paymentservice,10,76,1,,
2026-06-05 00:43:59,deployment,productcatalogservice,371,51,4,,
2026-06-05 00:43:59,deployment,recommendationservice,254,103,2,,
2026-06-05 00:43:59,deployment,redis-cart,18,36,1,,
2026-06-05 00:43:59,deployment,shippingservice,35,25,1,,
2026-06-05 00:43:59,node,master,872,1767,,43.6,46.0
2026-06-05 00:43:59,node,worker-1,688,1502,,34.4,39.1
2026-06-05 00:43:59,node,worker-2,1460,1296,,73.0,33.8
2026-06-05 00:43:59,node,worker-3,608,906,,30.4,23.6
2026-06-05 00:43:59,node,worker-4,1757,2179,,87.8,56.8
2026-06-05 00:44:08,deployment,adservice,45,108,1,,
2026-06-05 00:44:08,deployment,cartservice,267,164,3,,
2026-06-05 00:44:08,deployment,checkoutservice,34,22,1,,
2026-06-05 00:44:08,deployment,currencyservice,333,124,2,,
2026-06-05 00:44:08,deployment,emailservice,14,61,1,,
2026-06-05 00:44:08,deployment,frontend,598,45,3,,
2026-06-05 00:44:08,deployment,paymentservice,12,77,1,,
2026-06-05 00:44:08,deployment,productcatalogservice,383,51,4,,
2026-06-05 00:44:08,deployment,recommendationservice,259,104,2,,
2026-06-05 00:44:08,deployment,redis-cart,18,36,1,,
2026-06-05 00:44:08,deployment,shippingservice,33,25,1,,
2026-06-05 00:44:08,node,master,939,1765,,46.9,46.0
2026-06-05 00:44:08,node,worker-1,789,1508,,39.5,39.3
2026-06-05 00:44:08,node,worker-2,1471,1297,,73.6,33.8
2026-06-05 00:44:08,node,worker-3,600,903,,30.0,23.5
2026-06-05 00:44:08,node,worker-4,1674,2183,,83.7,56.9
2026-06-05 00:44:16,deployment,adservice,45,108,1,,
2026-06-05 00:44:16,deployment,cartservice,267,164,3,,
2026-06-05 00:44:16,deployment,checkoutservice,34,22,1,,
2026-06-05 00:44:16,deployment,currencyservice,333,124,2,,
2026-06-05 00:44:16,deployment,emailservice,14,61,1,,
2026-06-05 00:44:16,deployment,frontend,598,45,3,,
2026-06-05 00:44:16,deployment,paymentservice,12,77,1,,
2026-06-05 00:44:16,deployment,productcatalogservice,383,51,4,,
2026-06-05 00:44:16,deployment,recommendationservice,259,104,2,,
2026-06-05 00:44:16,deployment,redis-cart,18,36,1,,
2026-06-05 00:44:16,deployment,shippingservice,33,25,1,,
2026-06-05 00:44:16,node,master,939,1765,,46.9,46.0
2026-06-05 00:44:16,node,worker-1,789,1508,,39.5,39.3
2026-06-05 00:44:16,node,worker-2,1471,1297,,73.6,33.8
2026-06-05 00:44:16,node,worker-3,600,903,,30.0,23.5
2026-06-05 00:44:16,node,worker-4,1674,2183,,83.7,56.9
2026-06-05 00:44:24,deployment,adservice,41,108,1,,
2026-06-05 00:44:24,deployment,cartservice,244,165,3,,
2026-06-05 00:44:24,deployment,checkoutservice,33,22,1,,
2026-06-05 00:44:24,deployment,currencyservice,322,122,2,,
2026-06-05 00:44:24,deployment,emailservice,16,61,1,,
2026-06-05 00:44:24,deployment,frontend,595,45,3,,
2026-06-05 00:44:24,deployment,paymentservice,12,77,1,,
2026-06-05 00:44:24,deployment,productcatalogservice,364,51,4,,
2026-06-05 00:44:24,deployment,recommendationservice,250,103,2,,
2026-06-05 00:44:24,deployment,redis-cart,18,36,1,,
2026-06-05 00:44:24,deployment,shippingservice,34,25,1,,
2026-06-05 00:44:24,node,master,926,1766,,46.3,46.0
2026-06-05 00:44:24,node,worker-1,843,1505,,42.1,39.2
2026-06-05 00:44:24,node,worker-2,1414,1295,,70.7,33.7
2026-06-05 00:44:24,node,worker-3,587,904,,29.3,23.5
2026-06-05 00:44:24,node,worker-4,1655,2180,,82.8,56.8
2026-06-05 00:44:33,deployment,adservice,41,108,1,,
2026-06-05 00:44:33,deployment,cartservice,244,165,3,,
2026-06-05 00:44:33,deployment,checkoutservice,33,22,1,,
2026-06-05 00:44:33,deployment,currencyservice,322,122,2,,
2026-06-05 00:44:33,deployment,emailservice,16,61,1,,
2026-06-05 00:44:33,deployment,frontend,595,45,3,,
2026-06-05 00:44:33,deployment,paymentservice,11,77,1,,
2026-06-05 00:44:33,deployment,productcatalogservice,384,51,4,,
2026-06-05 00:44:33,deployment,recommendationservice,271,103,2,,
2026-06-05 00:44:33,deployment,redis-cart,19,36,1,,
2026-06-05 00:44:33,deployment,shippingservice,35,25,1,,
2026-06-05 00:44:33,node,master,985,1766,,49.2,46.0
2026-06-05 00:44:33,node,worker-1,790,1510,,39.5,39.3
2026-06-05 00:44:33,node,worker-2,1513,1296,,75.6,33.8
2026-06-05 00:44:33,node,worker-3,613,903,,30.6,23.5
2026-06-05 00:44:33,node,worker-4,1800,2257,,90.0,58.8
2026-06-05 00:44:41,deployment,adservice,47,108,1,,
2026-06-05 00:44:41,deployment,cartservice,274,165,3,,
2026-06-05 00:44:41,deployment,checkoutservice,36,22,1,,
2026-06-05 00:44:41,deployment,currencyservice,346,122,2,,
2026-06-05 00:44:41,deployment,emailservice,16,61,1,,
2026-06-05 00:44:41,deployment,frontend,625,45,3,,
2026-06-05 00:44:41,deployment,paymentservice,11,77,1,,
2026-06-05 00:44:41,deployment,productcatalogservice,384,51,4,,
2026-06-05 00:44:41,deployment,recommendationservice,271,103,2,,
2026-06-05 00:44:41,deployment,redis-cart,19,36,1,,
2026-06-05 00:44:41,deployment,shippingservice,35,25,1,,
2026-06-05 00:44:41,node,master,985,1766,,49.2,46.0
2026-06-05 00:44:41,node,worker-1,790,1510,,39.5,39.3
2026-06-05 00:44:41,node,worker-2,1513,1296,,75.6,33.8
2026-06-05 00:44:41,node,worker-3,613,903,,30.6,23.5
2026-06-05 00:44:41,node,worker-4,1800,2257,,90.0,58.8
2026-06-05 00:44:48,deployment,adservice,47,108,1,,
2026-06-05 00:44:48,deployment,cartservice,274,165,3,,
2026-06-05 00:44:48,deployment,checkoutservice,36,22,1,,
2026-06-05 00:44:48,deployment,currencyservice,346,122,2,,
2026-06-05 00:44:48,deployment,emailservice,16,61,1,,
2026-06-05 00:44:48,deployment,frontend,625,45,3,,
2026-06-05 00:44:48,deployment,paymentservice,11,77,1,,
2026-06-05 00:44:48,deployment,productcatalogservice,384,51,4,,
2026-06-05 00:44:48,deployment,recommendationservice,271,103,2,,
2026-06-05 00:44:48,deployment,redis-cart,19,36,1,,
2026-06-05 00:44:48,deployment,shippingservice,35,25,1,,
2026-06-05 00:44:48,node,master,985,1766,,49.2,46.0
2026-06-05 00:44:48,node,worker-1,790,1510,,39.5,39.3
2026-06-05 00:44:48,node,worker-2,1509,1293,,75.4,33.7
2026-06-05 00:44:48,node,worker-3,600,904,,30.0,23.5
2026-06-05 00:44:48,node,worker-4,1751,2139,,87.5,55.7
2026-06-05 00:44:55,deployment,adservice,48,108,1,,
2026-06-05 00:44:55,deployment,cartservice,229,166,3,,
2026-06-05 00:44:55,deployment,checkoutservice,31,22,1,,
2026-06-05 00:44:55,deployment,currencyservice,347,121,2,,
2026-06-05 00:44:55,deployment,emailservice,15,61,1,,
2026-06-05 00:44:55,deployment,frontend,618,46,3,,
2026-06-05 00:44:55,deployment,paymentservice,9,77,1,,
2026-06-05 00:44:55,deployment,productcatalogservice,391,51,4,,
2026-06-05 00:44:55,deployment,recommendationservice,270,103,2,,
2026-06-05 00:44:55,deployment,redis-cart,18,36,1,,
2026-06-05 00:44:55,deployment,shippingservice,37,25,1,,
2026-06-05 00:44:55,node,master,925,1767,,46.2,46.0
2026-06-05 00:44:55,node,worker-1,749,1507,,37.5,39.3
2026-06-05 00:44:55,node,worker-2,1509,1293,,75.4,33.7
2026-06-05 00:44:55,node,worker-3,600,904,,30.0,23.5
2026-06-05 00:44:55,node,worker-4,1751,2139,,87.5,55.7
2026-06-05 00:45:03,deployment,adservice,48,108,1,,
2026-06-05 00:45:03,deployment,cartservice,229,166,3,,
2026-06-05 00:45:03,deployment,checkoutservice,31,22,1,,
2026-06-05 00:45:03,deployment,currencyservice,347,121,2,,
2026-06-05 00:45:03,deployment,emailservice,15,61,1,,
2026-06-05 00:45:03,deployment,frontend,618,46,3,,
2026-06-05 00:45:03,deployment,paymentservice,13,77,1,,
2026-06-05 00:45:03,deployment,productcatalogservice,399,51,4,,
2026-06-05 00:45:03,deployment,recommendationservice,279,105,2,,
2026-06-05 00:45:03,deployment,redis-cart,44,36,1,,
2026-06-05 00:45:03,deployment,shippingservice,37,25,1,,
2026-06-05 00:45:03,node,master,968,1767,,48.4,46.0
2026-06-05 00:45:03,node,worker-1,769,1503,,38.5,39.2
2026-06-05 00:45:03,node,worker-2,1569,1294,,78.5,33.7
2026-06-05 00:45:03,node,worker-3,616,904,,30.8,23.5
2026-06-05 00:45:03,node,worker-4,1693,2161,,84.7,56.3
2026-06-05 00:45:12,deployment,adservice,46,108,1,,
2026-06-05 00:45:12,deployment,cartservice,248,164,3,,
2026-06-05 00:45:12,deployment,checkoutservice,40,22,1,,
2026-06-05 00:45:12,deployment,currencyservice,342,122,2,,
2026-06-05 00:45:12,deployment,emailservice,17,61,1,,
2026-06-05 00:45:12,deployment,frontend,630,46,3,,
2026-06-05 00:45:12,deployment,paymentservice,13,77,1,,
2026-06-05 00:45:12,deployment,productcatalogservice,399,51,4,,
2026-06-05 00:45:12,deployment,recommendationservice,279,105,2,,
2026-06-05 00:45:12,deployment,redis-cart,44,36,1,,
2026-06-05 00:45:12,deployment,shippingservice,37,25,1,,
2026-06-05 00:45:12,node,master,968,1767,,48.4,46.0
2026-06-05 00:45:12,node,worker-1,769,1503,,38.5,39.2
2026-06-05 00:45:12,node,worker-2,1569,1294,,78.5,33.7
2026-06-05 00:45:12,node,worker-3,616,904,,30.8,23.5
2026-06-05 00:45:12,node,worker-4,1693,2161,,84.7,56.3
2026-06-05 00:45:18,deployment,adservice,46,108,1,,
2026-06-05 00:45:18,deployment,cartservice,248,164,3,,
2026-06-05 00:45:18,deployment,checkoutservice,40,22,1,,
2026-06-05 00:45:18,deployment,currencyservice,342,122,2,,
2026-06-05 00:45:18,deployment,emailservice,17,61,1,,
2026-06-05 00:45:18,deployment,frontend,630,46,3,,
2026-06-05 00:45:18,deployment,paymentservice,13,77,1,,
2026-06-05 00:45:18,deployment,productcatalogservice,399,51,4,,
2026-06-05 00:45:18,deployment,recommendationservice,277,103,2,,
2026-06-05 00:45:18,deployment,redis-cart,19,36,1,,
2026-06-05 00:45:18,deployment,shippingservice,36,25,1,,
2026-06-05 00:45:18,node,master,850,1770,,42.5,46.1
2026-06-05 00:45:18,node,worker-1,766,1501,,38.3,39.1
2026-06-05 00:45:18,node,worker-2,1465,1294,,73.2,33.7
2026-06-05 00:45:18,node,worker-3,606,904,,30.3,23.5
2026-06-05 00:45:18,node,worker-4,1820,2256,,91.0,58.8
2026-06-05 00:45:25,deployment,adservice,45,108,1,,
2026-06-05 00:45:25,deployment,cartservice,254,166,3,,
2026-06-05 00:45:25,deployment,checkoutservice,38,22,1,,
2026-06-05 00:45:25,deployment,currencyservice,343,123,2,,
2026-06-05 00:45:25,deployment,emailservice,16,61,1,,
2026-06-05 00:45:25,deployment,frontend,613,45,3,,
2026-06-05 00:45:25,deployment,paymentservice,11,77,1,,
2026-06-05 00:45:25,deployment,productcatalogservice,388,51,4,,
2026-06-05 00:45:25,deployment,recommendationservice,277,103,2,,
2026-06-05 00:45:25,deployment,redis-cart,19,36,1,,
2026-06-05 00:45:25,deployment,shippingservice,36,25,1,,
2026-06-05 00:45:25,node,master,850,1770,,42.5,46.1
2026-06-05 00:45:25,node,worker-1,766,1501,,38.3,39.1
2026-06-05 00:45:25,node,worker-2,1465,1294,,73.2,33.7
2026-06-05 00:45:25,node,worker-3,606,904,,30.3,23.5
2026-06-05 00:45:25,node,worker-4,1820,2256,,91.0,58.8
2026-06-05 00:45:33,deployment,adservice,45,108,1,,
2026-06-05 00:45:33,deployment,cartservice,254,166,3,,
2026-06-05 00:45:33,deployment,checkoutservice,38,22,1,,
2026-06-05 00:45:33,deployment,currencyservice,343,123,2,,
2026-06-05 00:45:33,deployment,emailservice,16,61,1,,
2026-06-05 00:45:33,deployment,frontend,613,45,3,,
2026-06-05 00:45:33,deployment,paymentservice,11,77,1,,
2026-06-05 00:45:33,deployment,productcatalogservice,388,51,4,,
2026-06-05 00:45:33,deployment,recommendationservice,277,103,2,,
2026-06-05 00:45:33,deployment,redis-cart,19,36,1,,
2026-06-05 00:45:33,deployment,shippingservice,36,25,1,,
2026-06-05 00:45:33,node,master,850,1770,,42.5,46.1
2026-06-05 00:45:33,node,worker-1,766,1501,,38.3,39.1
2026-06-05 00:45:33,node,worker-2,1446,1295,,72.3,33.7
2026-06-05 00:45:33,node,worker-3,574,905,,28.7,23.6
2026-06-05 00:45:33,node,worker-4,1639,2260,,82.0,58.9
2026-06-05 00:45:40,deployment,adservice,43,108,1,,
2026-06-05 00:45:40,deployment,cartservice,227,164,3,,
2026-06-05 00:45:40,deployment,checkoutservice,35,22,1,,
2026-06-05 00:45:40,deployment,currencyservice,339,123,2,,
2026-06-05 00:45:40,deployment,emailservice,16,61,1,,
2026-06-05 00:45:40,deployment,frontend,602,45,3,,
2026-06-05 00:45:40,deployment,paymentservice,12,77,1,,
2026-06-05 00:45:40,deployment,productcatalogservice,392,51,4,,
2026-06-05 00:45:40,deployment,recommendationservice,259,103,2,,
2026-06-05 00:45:40,deployment,redis-cart,18,36,1,,
2026-06-05 00:45:40,deployment,shippingservice,39,25,1,,
2026-06-05 00:45:40,node,master,916,1767,,45.8,46.0
2026-06-05 00:45:40,node,worker-1,748,1504,,37.4,39.2
2026-06-05 00:45:40,node,worker-2,1446,1295,,72.3,33.7
2026-06-05 00:45:40,node,worker-3,574,905,,28.7,23.6
2026-06-05 00:45:40,node,worker-4,1639,2260,,82.0,58.9
2026-06-05 00:45:48,deployment,adservice,43,108,1,,
2026-06-05 00:45:48,deployment,cartservice,227,164,3,,
2026-06-05 00:45:48,deployment,checkoutservice,35,22,1,,
2026-06-05 00:45:48,deployment,currencyservice,339,123,2,,
2026-06-05 00:45:48,deployment,emailservice,16,61,1,,
2026-06-05 00:45:48,deployment,frontend,602,45,3,,
2026-06-05 00:45:48,deployment,paymentservice,12,77,1,,
2026-06-05 00:45:48,deployment,productcatalogservice,392,51,4,,
2026-06-05 00:45:48,deployment,recommendationservice,259,103,2,,
2026-06-05 00:45:48,deployment,redis-cart,18,36,1,,
2026-06-05 00:45:48,deployment,shippingservice,39,25,1,,
2026-06-05 00:45:48,node,master,916,1767,,45.8,46.0
2026-06-05 00:45:48,node,worker-1,748,1504,,37.4,39.2
2026-06-05 00:45:48,node,worker-2,1446,1295,,69.0,33.7
2026-06-05 00:45:48,node,worker-3,564,904,,28.2,23.5
2026-06-05 00:45:48,node,worker-4,1690,2132,,84.5,55.5
2026-06-05 00:45:55,deployment,adservice,43,108,1,,
2026-06-05 00:45:55,deployment,cartservice,221,164,3,,
2026-06-05 00:45:55,deployment,checkoutservice,35,22,1,,
2026-06-05 00:45:55,deployment,currencyservice,327,124,2,,
2026-06-05 00:45:55,deployment,emailservice,16,61,1,,
2026-06-05 00:45:55,deployment,frontend,571,46,3,,
2026-06-05 00:45:55,deployment,paymentservice,12,77,1,,
2026-06-05 00:45:55,deployment,productcatalogservice,368,51,4,,
2026-06-05 00:45:55,deployment,recommendationservice,250,103,2,,
2026-06-05 00:45:55,deployment,redis-cart,17,36,1,,
2026-06-05 00:45:55,deployment,shippingservice,34,25,1,,
2026-06-05 00:45:55,node,master,912,1768,,45.6,46.1
2026-06-05 00:45:55,node,worker-1,757,1506,,37.9,39.2
2026-06-05 00:45:55,node,worker-2,1381,1295,,69.0,33.7
2026-06-05 00:45:55,node,worker-3,564,904,,28.2,23.5
2026-06-05 00:45:55,node,worker-4,1690,2132,,84.5,55.5
2026-06-05 00:46:03,deployment,adservice,43,108,1,,
2026-06-05 00:46:03,deployment,cartservice,221,164,3,,
2026-06-05 00:46:03,deployment,checkoutservice,35,22,1,,
2026-06-05 00:46:03,deployment,currencyservice,327,124,2,,
2026-06-05 00:46:03,deployment,emailservice,16,61,1,,
2026-06-05 00:46:03,deployment,frontend,571,46,3,,
2026-06-05 00:46:03,deployment,paymentservice,12,77,1,,
2026-06-05 00:46:03,deployment,productcatalogservice,368,51,4,,
2026-06-05 00:46:03,deployment,recommendationservice,250,103,2,,
2026-06-05 00:46:03,deployment,redis-cart,17,36,1,,
2026-06-05 00:46:03,deployment,shippingservice,34,25,1,,
2026-06-05 00:46:03,node,master,912,1768,,45.6,46.1
2026-06-05 00:46:03,node,worker-1,757,1506,,37.9,39.2
2026-06-05 00:46:03,node,worker-2,1381,1295,,69.0,33.7
2026-06-05 00:46:03,node,worker-3,564,904,,28.2,23.5
2026-06-05 00:46:03,node,worker-4,1690,2132,,84.5,55.5
2026-06-05 00:46:09,deployment,adservice,43,108,1,,
2026-06-05 00:46:09,deployment,cartservice,214,164,3,,
2026-06-05 00:46:09,deployment,checkoutservice,35,22,1,,
2026-06-05 00:46:09,deployment,currencyservice,336,124,2,,
2026-06-05 00:46:09,deployment,emailservice,17,61,1,,
2026-06-05 00:46:09,deployment,frontend,593,46,3,,
2026-06-05 00:46:09,deployment,paymentservice,11,77,1,,
2026-06-05 00:46:09,deployment,productcatalogservice,365,51,4,,
2026-06-05 00:46:09,deployment,recommendationservice,257,103,2,,
2026-06-05 00:46:09,deployment,redis-cart,19,36,1,,
2026-06-05 00:46:09,deployment,shippingservice,33,25,1,,
2026-06-05 00:46:09,node,master,915,1769,,45.8,46.1
2026-06-05 00:46:09,node,worker-1,761,1510,,38.0,39.3
2026-06-05 00:46:09,node,worker-2,1473,1293,,73.7,33.7
2026-06-05 00:46:09,node,worker-3,541,894,,27.1,23.3
2026-06-05 00:46:09,node,worker-4,1780,2226,,89.0,58.0
2026-06-05 00:46:17,deployment,adservice,43,108,1,,
2026-06-05 00:46:17,deployment,cartservice,214,164,3,,
2026-06-05 00:46:17,deployment,checkoutservice,35,22,1,,
2026-06-05 00:46:17,deployment,currencyservice,336,124,2,,
2026-06-05 00:46:17,deployment,emailservice,17,61,1,,
2026-06-05 00:46:17,deployment,frontend,593,46,3,,
2026-06-05 00:46:17,deployment,paymentservice,11,77,1,,
2026-06-05 00:46:17,deployment,productcatalogservice,365,51,4,,
2026-06-05 00:46:17,deployment,recommendationservice,257,103,2,,
2026-06-05 00:46:17,deployment,redis-cart,19,36,1,,
2026-06-05 00:46:17,deployment,shippingservice,33,25,1,,
2026-06-05 00:46:17,node,master,915,1769,,45.8,46.1
2026-06-05 00:46:17,node,worker-1,761,1510,,38.0,39.3
2026-06-05 00:46:17,node,worker-2,1473,1293,,73.7,33.7
2026-06-05 00:46:17,node,worker-3,541,894,,27.1,23.3
2026-06-05 00:46:17,node,worker-4,1780,2226,,89.0,58.0
2026-06-05 00:46:24,deployment,adservice,44,108,1,,
2026-06-05 00:46:24,deployment,cartservice,216,164,3,,
2026-06-05 00:46:24,deployment,checkoutservice,33,22,1,,
2026-06-05 00:46:24,deployment,currencyservice,328,124,2,,
2026-06-05 00:46:24,deployment,emailservice,13,61,1,,
2026-06-05 00:46:24,deployment,frontend,588,45,3,,
2026-06-05 00:46:24,deployment,paymentservice,10,77,1,,
2026-06-05 00:46:24,deployment,productcatalogservice,363,51,4,,
2026-06-05 00:46:24,deployment,recommendationservice,252,103,2,,
2026-06-05 00:46:24,deployment,redis-cart,19,36,1,,
2026-06-05 00:46:24,deployment,shippingservice,33,25,1,,
2026-06-05 00:46:24,node,master,963,1768,,48.1,46.1
2026-06-05 00:46:24,node,worker-1,776,1508,,38.8,39.3
2026-06-05 00:46:24,node,worker-2,1403,1291,,70.2,33.6
2026-06-05 00:46:24,node,worker-3,599,896,,29.9,23.3
2026-06-05 00:46:24,node,worker-4,1694,2134,,84.7,55.6
2026-06-05 00:46:32,deployment,adservice,44,108,1,,
2026-06-05 00:46:32,deployment,cartservice,216,164,3,,
2026-06-05 00:46:32,deployment,checkoutservice,33,22,1,,
2026-06-05 00:46:32,deployment,currencyservice,328,124,2,,
2026-06-05 00:46:32,deployment,emailservice,13,61,1,,
2026-06-05 00:46:32,deployment,frontend,588,45,3,,
2026-06-05 00:46:32,deployment,paymentservice,10,77,1,,
2026-06-05 00:46:32,deployment,productcatalogservice,363,51,4,,
2026-06-05 00:46:32,deployment,recommendationservice,252,103,2,,
2026-06-05 00:46:32,deployment,redis-cart,19,36,1,,
2026-06-05 00:46:32,deployment,shippingservice,33,25,1,,
2026-06-05 00:46:32,node,master,963,1768,,41.4,46.1
2026-06-05 00:46:32,node,worker-1,693,1510,,34.6,39.3
2026-06-05 00:46:32,node,worker-2,1264,1290,,63.2,33.6
2026-06-05 00:46:32,node,worker-3,528,889,,26.4,23.2
2026-06-05 00:46:32,node,worker-4,1616,2136,,80.8,55.6
2026-06-05 00:46:40,deployment,adservice,42,107,1,,
2026-06-05 00:46:40,deployment,cartservice,231,164,3,,
2026-06-05 00:46:40,deployment,checkoutservice,31,22,1,,
2026-06-05 00:46:40,deployment,currencyservice,330,123,2,,
2026-06-05 00:46:40,deployment,emailservice,14,61,1,,
2026-06-05 00:46:40,deployment,frontend,557,46,3,,
2026-06-05 00:46:40,deployment,paymentservice,13,77,1,,
2026-06-05 00:46:40,deployment,productcatalogservice,338,51,4,,
2026-06-05 00:46:40,deployment,recommendationservice,229,103,2,,
2026-06-05 00:46:40,deployment,redis-cart,18,36,1,,
2026-06-05 00:46:40,deployment,shippingservice,31,25,1,,
2026-06-05 00:46:40,node,master,829,1771,,41.4,46.1
2026-06-05 00:46:40,node,worker-1,693,1510,,34.6,39.3
2026-06-05 00:46:40,node,worker-2,1264,1290,,63.2,33.6
2026-06-05 00:46:40,node,worker-3,528,889,,26.4,23.2
2026-06-05 00:46:40,node,worker-4,1616,2136,,80.8,55.6
2026-06-05 00:46:47,deployment,adservice,42,107,1,,
2026-06-05 00:46:47,deployment,cartservice,231,164,3,,
2026-06-05 00:46:47,deployment,checkoutservice,31,22,1,,
2026-06-05 00:46:47,deployment,currencyservice,330,123,2,,
2026-06-05 00:46:47,deployment,emailservice,14,61,1,,
2026-06-05 00:46:47,deployment,frontend,557,46,3,,
2026-06-05 00:46:47,deployment,paymentservice,13,77,1,,
2026-06-05 00:46:47,deployment,productcatalogservice,338,51,4,,
2026-06-05 00:46:47,deployment,recommendationservice,229,103,2,,
2026-06-05 00:46:47,deployment,redis-cart,18,36,1,,
2026-06-05 00:46:47,deployment,shippingservice,31,25,1,,
2026-06-05 00:46:47,node,master,829,1771,,41.4,46.1
2026-06-05 00:46:47,node,worker-1,693,1510,,34.6,39.3
2026-06-05 00:46:47,node,worker-2,1264,1290,,63.2,33.6
2026-06-05 00:46:47,node,worker-3,528,889,,26.4,23.2
2026-06-05 00:46:47,node,worker-4,1616,2136,,80.8,55.6
2026-06-05 00:46:54,deployment,adservice,38,107,1,,
2026-06-05 00:46:54,deployment,cartservice,234,165,3,,
2026-06-05 00:46:54,deployment,checkoutservice,30,22,1,,
2026-06-05 00:46:54,deployment,currencyservice,293,124,2,,
2026-06-05 00:46:54,deployment,emailservice,14,61,1,,
2026-06-05 00:46:54,deployment,frontend,523,46,3,,
2026-06-05 00:46:54,deployment,paymentservice,9,78,1,,
2026-06-05 00:46:54,deployment,productcatalogservice,329,51,4,,
2026-06-05 00:46:54,deployment,recommendationservice,213,103,2,,
2026-06-05 00:46:54,deployment,redis-cart,27,36,1,,
2026-06-05 00:46:54,deployment,shippingservice,28,25,1,,
2026-06-05 00:46:54,node,master,894,1770,,44.7,46.1
2026-06-05 00:46:54,node,worker-1,682,1509,,34.1,39.3
2026-06-05 00:46:54,node,worker-2,1265,1291,,63.2,33.6
2026-06-05 00:46:54,node,worker-3,537,889,,26.9,23.2
2026-06-05 00:46:54,node,worker-4,1602,2106,,80.1,54.9
2026-06-05 00:47:01,deployment,adservice,38,107,1,,
2026-06-05 00:47:01,deployment,cartservice,234,165,3,,
2026-06-05 00:47:01,deployment,checkoutservice,30,22,1,,
2026-06-05 00:47:01,deployment,currencyservice,293,124,2,,
2026-06-05 00:47:01,deployment,emailservice,14,61,1,,
2026-06-05 00:47:01,deployment,frontend,523,46,3,,
2026-06-05 00:47:01,deployment,paymentservice,9,78,1,,
2026-06-05 00:47:01,deployment,productcatalogservice,329,51,4,,
2026-06-05 00:47:01,deployment,recommendationservice,213,103,2,,
2026-06-05 00:47:01,deployment,redis-cart,27,36,1,,
2026-06-05 00:47:01,deployment,shippingservice,28,25,1,,
2026-06-05 00:47:01,node,master,894,1770,,44.7,46.1
2026-06-05 00:47:01,node,worker-1,682,1509,,34.1,39.3
2026-06-05 00:47:01,node,worker-2,1265,1291,,63.2,33.6
2026-06-05 00:47:01,node,worker-3,537,889,,26.9,23.2
2026-06-05 00:47:01,node,worker-4,1602,2106,,80.1,54.9
2026-06-05 00:47:10,deployment,adservice,38,107,1,,
2026-06-05 00:47:10,deployment,cartservice,238,165,3,,
2026-06-05 00:47:10,deployment,checkoutservice,25,22,1,,
2026-06-05 00:47:10,deployment,currencyservice,295,123,2,,
2026-06-05 00:47:10,deployment,emailservice,12,61,1,,
2026-06-05 00:47:10,deployment,frontend,530,46,3,,
2026-06-05 00:47:10,deployment,paymentservice,8,78,1,,
2026-06-05 00:47:10,deployment,productcatalogservice,317,51,4,,
2026-06-05 00:47:10,deployment,recommendationservice,211,103,2,,
2026-06-05 00:47:10,deployment,redis-cart,15,36,1,,
2026-06-05 00:47:10,deployment,shippingservice,28,25,1,,
2026-06-05 00:47:10,node,master,854,1768,,42.7,46.1
2026-06-05 00:47:10,node,worker-1,615,1510,,30.8,39.3
2026-06-05 00:47:10,node,worker-2,1253,1291,,62.6,33.6
2026-06-05 00:47:10,node,worker-3,504,889,,25.2,23.2
2026-06-05 00:47:10,node,worker-4,1525,2120,,76.2,55.2
2026-06-05 00:47:18,deployment,adservice,38,107,1,,
2026-06-05 00:47:18,deployment,cartservice,238,165,3,,
2026-06-05 00:47:18,deployment,checkoutservice,25,22,1,,
2026-06-05 00:47:18,deployment,currencyservice,295,123,2,,
2026-06-05 00:47:18,deployment,emailservice,12,61,1,,
2026-06-05 00:47:18,deployment,frontend,530,46,3,,
2026-06-05 00:47:18,deployment,paymentservice,8,78,1,,
2026-06-05 00:47:18,deployment,productcatalogservice,317,51,4,,
2026-06-05 00:47:18,deployment,recommendationservice,211,103,2,,
2026-06-05 00:47:18,deployment,redis-cart,15,36,1,,
2026-06-05 00:47:18,deployment,shippingservice,28,25,1,,
2026-06-05 00:47:18,node,master,854,1768,,42.7,46.1
2026-06-05 00:47:18,node,worker-1,615,1510,,32.0,39.2
2026-06-05 00:47:18,node,worker-2,1177,1291,,58.9,33.6
2026-06-05 00:47:18,node,worker-3,507,886,,25.4,23.1
2026-06-05 00:47:18,node,worker-4,1509,2147,,75.4,55.9
2026-06-05 00:47:25,deployment,adservice,37,108,1,,
2026-06-05 00:47:25,deployment,cartservice,224,164,3,,
2026-06-05 00:47:25,deployment,checkoutservice,24,22,1,,
2026-06-05 00:47:25,deployment,currencyservice,275,125,2,,
2026-06-05 00:47:25,deployment,emailservice,13,61,1,,
2026-06-05 00:47:25,deployment,frontend,495,45,3,,
2026-06-05 00:47:25,deployment,paymentservice,9,78,1,,
2026-06-05 00:47:25,deployment,productcatalogservice,315,51,4,,
2026-06-05 00:47:25,deployment,recommendationservice,207,103,2,,
2026-06-05 00:47:25,deployment,redis-cart,15,36,1,,
2026-06-05 00:47:25,deployment,shippingservice,28,25,1,,
2026-06-05 00:47:25,node,master,817,1770,,40.8,46.1
2026-06-05 00:47:25,node,worker-1,641,1506,,32.0,39.2
2026-06-05 00:47:25,node,worker-2,1177,1291,,58.9,33.6
2026-06-05 00:47:25,node,worker-3,507,886,,25.4,23.1
2026-06-05 00:47:25,node,worker-4,1509,2147,,75.4,55.9
2026-06-05 00:47:33,deployment,adservice,37,108,1,,
2026-06-05 00:47:33,deployment,cartservice,224,164,3,,
2026-06-05 00:47:33,deployment,checkoutservice,24,22,1,,
2026-06-05 00:47:33,deployment,currencyservice,275,125,2,,
2026-06-05 00:47:33,deployment,emailservice,13,61,1,,
2026-06-05 00:47:33,deployment,frontend,495,45,3,,
2026-06-05 00:47:33,deployment,paymentservice,9,78,1,,
2026-06-05 00:47:33,deployment,productcatalogservice,315,51,4,,
2026-06-05 00:47:33,deployment,recommendationservice,207,103,2,,
2026-06-05 00:47:33,deployment,redis-cart,15,36,1,,
2026-06-05 00:47:33,deployment,shippingservice,28,25,1,,
2026-06-05 00:47:33,node,master,817,1770,,40.8,46.1
2026-06-05 00:47:33,node,worker-1,641,1506,,32.0,39.2
2026-06-05 00:47:33,node,worker-2,1177,1291,,58.9,33.6
2026-06-05 00:47:33,node,worker-3,400,887,,20.0,23.1
2026-06-05 00:47:33,node,worker-4,1550,2103,,77.5,54.8
2026-06-05 00:47:40,deployment,adservice,36,107,1,,
2026-06-05 00:47:40,deployment,cartservice,192,165,3,,
2026-06-05 00:47:40,deployment,checkoutservice,27,22,1,,
2026-06-05 00:47:40,deployment,currencyservice,273,124,2,,
2026-06-05 00:47:40,deployment,emailservice,13,61,1,,
2026-06-05 00:47:40,deployment,frontend,495,44,3,,
2026-06-05 00:47:40,deployment,paymentservice,9,78,1,,
2026-06-05 00:47:40,deployment,productcatalogservice,306,51,4,,
2026-06-05 00:47:40,deployment,recommendationservice,202,103,2,,
2026-06-05 00:47:40,deployment,redis-cart,15,36,1,,
2026-06-05 00:47:40,deployment,shippingservice,27,25,1,,
2026-06-05 00:47:40,node,master,779,1767,,39.0,46.0
2026-06-05 00:47:40,node,worker-1,615,1508,,30.8,39.3
2026-06-05 00:47:40,node,worker-2,1201,1291,,60.1,33.6
2026-06-05 00:47:40,node,worker-3,400,887,,20.0,23.1
2026-06-05 00:47:40,node,worker-4,1550,2103,,77.5,54.8
2026-06-05 00:47:47,deployment,adservice,36,107,1,,
2026-06-05 00:47:47,deployment,cartservice,192,165,3,,
2026-06-05 00:47:47,deployment,checkoutservice,27,22,1,,
2026-06-05 00:47:47,deployment,currencyservice,273,124,2,,
2026-06-05 00:47:47,deployment,emailservice,13,61,1,,
2026-06-05 00:47:47,deployment,frontend,495,44,3,,
2026-06-05 00:47:47,deployment,paymentservice,9,78,1,,
2026-06-05 00:47:47,deployment,productcatalogservice,306,51,4,,
2026-06-05 00:47:47,deployment,recommendationservice,202,103,2,,
2026-06-05 00:47:47,deployment,redis-cart,15,36,1,,
2026-06-05 00:47:47,deployment,shippingservice,27,25,1,,
2026-06-05 00:47:47,node,master,779,1767,,39.0,46.0
2026-06-05 00:47:47,node,worker-1,615,1508,,30.8,39.3
2026-06-05 00:47:47,node,worker-2,1201,1291,,60.1,33.6
2026-06-05 00:47:47,node,worker-3,400,887,,20.0,23.1
2026-06-05 00:47:47,node,worker-4,1550,2103,,77.5,54.8
2026-06-05 00:47:54,deployment,adservice,34,107,1,,
2026-06-05 00:47:54,deployment,cartservice,204,164,3,,
2026-06-05 00:47:54,deployment,checkoutservice,28,22,1,,
2026-06-05 00:47:54,deployment,currencyservice,269,123,2,,
2026-06-05 00:47:54,deployment,emailservice,13,61,1,,
2026-06-05 00:47:54,deployment,frontend,488,44,3,,
2026-06-05 00:47:54,deployment,paymentservice,7,78,1,,
2026-06-05 00:47:54,deployment,productcatalogservice,296,51,4,,
2026-06-05 00:47:54,deployment,recommendationservice,196,103,2,,
2026-06-05 00:47:54,deployment,redis-cart,15,36,1,,
2026-06-05 00:47:54,deployment,shippingservice,27,25,1,,
2026-06-05 00:47:54,node,master,798,1770,,39.9,46.1
2026-06-05 00:47:54,node,worker-1,632,1507,,31.6,39.3
2026-06-05 00:47:54,node,worker-2,1157,1292,,57.9,33.7
2026-06-05 00:47:54,node,worker-3,458,888,,22.9,23.1
2026-06-05 00:47:54,node,worker-4,1563,2022,,78.1,52.7
2026-06-05 00:48:00,deployment,adservice,34,107,1,,
2026-06-05 00:48:00,deployment,cartservice,204,164,3,,
2026-06-05 00:48:00,deployment,checkoutservice,28,22,1,,
2026-06-05 00:48:00,deployment,currencyservice,269,123,2,,
2026-06-05 00:48:00,deployment,emailservice,13,61,1,,
2026-06-05 00:48:00,deployment,frontend,488,44,3,,
2026-06-05 00:48:00,deployment,paymentservice,7,78,1,,
2026-06-05 00:48:00,deployment,productcatalogservice,296,51,4,,
2026-06-05 00:48:00,deployment,recommendationservice,196,103,2,,
2026-06-05 00:48:00,deployment,redis-cart,15,36,1,,
2026-06-05 00:48:00,deployment,shippingservice,27,25,1,,
2026-06-05 00:48:00,node,master,798,1770,,39.9,46.1
2026-06-05 00:48:00,node,worker-1,632,1507,,31.6,39.3
2026-06-05 00:48:00,node,worker-2,1157,1292,,57.9,33.7
2026-06-05 00:48:00,node,worker-3,458,888,,22.9,23.1
2026-06-05 00:48:00,node,worker-4,1563,2022,,78.1,52.7
2026-06-05 00:48:09,deployment,adservice,34,107,1,,
2026-06-05 00:48:09,deployment,cartservice,195,164,3,,
2026-06-05 00:48:09,deployment,checkoutservice,28,22,1,,
2026-06-05 00:48:09,deployment,currencyservice,260,125,2,,
2026-06-05 00:48:09,deployment,emailservice,13,61,1,,
2026-06-05 00:48:09,deployment,frontend,481,45,3,,
2026-06-05 00:48:09,deployment,paymentservice,10,78,1,,
2026-06-05 00:48:09,deployment,productcatalogservice,289,51,4,,
2026-06-05 00:48:09,deployment,recommendationservice,189,103,2,,
2026-06-05 00:48:09,deployment,redis-cart,15,36,1,,
2026-06-05 00:48:09,deployment,shippingservice,27,25,1,,
2026-06-05 00:48:09,node,master,760,1769,,38.0,46.1
2026-06-05 00:48:09,node,worker-1,600,1511,,30.0,39.4
2026-06-05 00:48:09,node,worker-2,1135,1292,,56.8,33.7
2026-06-05 00:48:09,node,worker-3,464,888,,23.2,23.1
2026-06-05 00:48:09,node,worker-4,1476,2150,,73.8,56.0
2026-06-05 00:48:16,deployment,adservice,34,107,1,,
2026-06-05 00:48:16,deployment,cartservice,195,164,3,,
2026-06-05 00:48:16,deployment,checkoutservice,28,22,1,,
2026-06-05 00:48:16,deployment,currencyservice,260,125,2,,
2026-06-05 00:48:16,deployment,emailservice,13,61,1,,
2026-06-05 00:48:16,deployment,frontend,481,45,3,,
2026-06-05 00:48:16,deployment,paymentservice,10,78,1,,
2026-06-05 00:48:16,deployment,productcatalogservice,289,51,4,,
2026-06-05 00:48:16,deployment,recommendationservice,189,103,2,,
2026-06-05 00:48:16,deployment,redis-cart,15,36,1,,
2026-06-05 00:48:16,deployment,shippingservice,27,25,1,,
2026-06-05 00:48:16,node,master,760,1769,,38.0,46.1
2026-06-05 00:48:16,node,worker-1,600,1511,,30.0,39.4
2026-06-05 00:48:16,node,worker-2,1135,1292,,56.8,33.7
2026-06-05 00:48:16,node,worker-3,464,888,,23.2,23.1
2026-06-05 00:48:16,node,worker-4,1476,2150,,73.8,56.0
2026-06-05 00:48:22,deployment,adservice,31,108,1,,
2026-06-05 00:48:22,deployment,cartservice,181,164,3,,
2026-06-05 00:48:22,deployment,checkoutservice,21,22,1,,
2026-06-05 00:48:22,deployment,currencyservice,268,123,2,,
2026-06-05 00:48:22,deployment,emailservice,13,61,1,,
2026-06-05 00:48:22,deployment,frontend,466,44,3,,
2026-06-05 00:48:22,deployment,paymentservice,8,78,1,,
2026-06-05 00:48:22,deployment,productcatalogservice,288,51,4,,
2026-06-05 00:48:22,deployment,recommendationservice,193,103,2,,
2026-06-05 00:48:22,deployment,redis-cart,14,36,1,,
2026-06-05 00:48:22,deployment,shippingservice,26,25,1,,
2026-06-05 00:48:22,node,master,751,1745,,37.5,45.5
2026-06-05 00:48:22,node,worker-1,646,1506,,32.3,39.2
2026-06-05 00:48:22,node,worker-2,1159,1288,,58.0,33.6
2026-06-05 00:48:22,node,worker-3,459,889,,22.9,23.2
2026-06-05 00:48:22,node,worker-4,1464,2152,,73.2,56.1
2026-06-05 00:48:29,deployment,adservice,31,108,1,,
2026-06-05 00:48:29,deployment,cartservice,181,164,3,,
2026-06-05 00:48:29,deployment,checkoutservice,21,22,1,,
2026-06-05 00:48:29,deployment,currencyservice,268,123,2,,
2026-06-05 00:48:29,deployment,emailservice,13,61,1,,
2026-06-05 00:48:29,deployment,frontend,466,44,3,,
2026-06-05 00:48:29,deployment,paymentservice,8,78,1,,
2026-06-05 00:48:29,deployment,productcatalogservice,288,51,4,,
2026-06-05 00:48:29,deployment,recommendationservice,193,103,2,,
2026-06-05 00:48:29,deployment,redis-cart,14,36,1,,
2026-06-05 00:48:29,deployment,shippingservice,26,25,1,,
2026-06-05 00:48:29,node,master,751,1745,,37.5,45.5
2026-06-05 00:48:29,node,worker-1,646,1506,,32.3,39.2
2026-06-05 00:48:29,node,worker-2,1159,1288,,58.0,33.6
2026-06-05 00:48:29,node,worker-3,459,889,,22.9,23.2
2026-06-05 00:48:29,node,worker-4,1464,2152,,73.2,56.1
2026-06-05 00:48:35,deployment,adservice,31,108,1,,
2026-06-05 00:48:35,deployment,cartservice,193,164,3,,
2026-06-05 00:48:35,deployment,checkoutservice,28,22,1,,
2026-06-05 00:48:35,deployment,currencyservice,264,124,2,,
2026-06-05 00:48:35,deployment,emailservice,14,61,1,,
2026-06-05 00:48:35,deployment,frontend,454,44,3,,
2026-06-05 00:48:35,deployment,paymentservice,9,78,1,,
2026-06-05 00:48:35,deployment,productcatalogservice,276,51,4,,
2026-06-05 00:48:35,deployment,recommendationservice,184,103,2,,
2026-06-05 00:48:35,deployment,redis-cart,13,36,1,,
2026-06-05 00:48:35,deployment,shippingservice,25,25,1,,
2026-06-05 00:48:35,node,master,709,1742,,35.4,45.4
2026-06-05 00:48:35,node,worker-1,548,1510,,27.4,39.3
2026-06-05 00:48:35,node,worker-2,1003,1287,,50.1,33.5
2026-06-05 00:48:35,node,worker-3,424,864,,21.2,22.5
2026-06-05 00:48:35,node,worker-4,1391,2013,,69.5,52.4
2026-06-05 00:48:41,deployment,adservice,31,108,1,,
2026-06-05 00:48:41,deployment,cartservice,193,164,3,,
2026-06-05 00:48:41,deployment,checkoutservice,28,22,1,,
2026-06-05 00:48:41,deployment,currencyservice,264,124,2,,
2026-06-05 00:48:41,deployment,emailservice,14,61,1,,
2026-06-05 00:48:41,deployment,frontend,454,44,3,,
2026-06-05 00:48:41,deployment,paymentservice,9,78,1,,
2026-06-05 00:48:41,deployment,productcatalogservice,276,51,4,,
2026-06-05 00:48:41,deployment,recommendationservice,184,103,2,,
2026-06-05 00:48:41,deployment,redis-cart,13,36,1,,
2026-06-05 00:48:41,deployment,shippingservice,25,25,1,,
2026-06-05 00:48:41,node,master,709,1742,,35.4,45.4
2026-06-05 00:48:41,node,worker-1,548,1510,,27.4,39.3
2026-06-05 00:48:41,node,worker-2,1003,1287,,50.1,33.5
2026-06-05 00:48:41,node,worker-3,424,864,,21.2,22.5
2026-06-05 00:48:41,node,worker-4,1391,2013,,69.5,52.4
2026-06-05 00:48:47,deployment,adservice,31,108,1,,
2026-06-05 00:48:47,deployment,cartservice,193,164,3,,
2026-06-05 00:48:47,deployment,checkoutservice,28,22,1,,
2026-06-05 00:48:47,deployment,currencyservice,264,124,2,,
2026-06-05 00:48:47,deployment,emailservice,14,61,1,,
2026-06-05 00:48:47,deployment,frontend,454,44,3,,
2026-06-05 00:48:47,deployment,paymentservice,9,78,1,,
2026-06-05 00:48:47,deployment,productcatalogservice,276,51,4,,
2026-06-05 00:48:47,deployment,recommendationservice,184,103,2,,
2026-06-05 00:48:47,deployment,redis-cart,13,36,1,,
2026-06-05 00:48:47,deployment,shippingservice,25,25,1,,
2026-06-05 00:48:47,node,master,709,1742,,35.4,45.4
2026-06-05 00:48:47,node,worker-1,548,1510,,27.4,39.3
2026-06-05 00:48:47,node,worker-2,1003,1287,,50.1,33.5
2026-06-05 00:48:47,node,worker-3,424,864,,21.2,22.5
2026-06-05 00:48:47,node,worker-4,1391,2013,,69.5,52.4
2026-06-05 00:48:54,deployment,adservice,29,108,1,,
2026-06-05 00:48:54,deployment,cartservice,183,164,3,,
2026-06-05 00:48:54,deployment,checkoutservice,19,22,1,,
2026-06-05 00:48:54,deployment,currencyservice,226,124,2,,
2026-06-05 00:48:54,deployment,emailservice,11,61,1,,
2026-06-05 00:48:54,deployment,frontend,413,44,3,,
2026-06-05 00:48:54,deployment,paymentservice,7,79,1,,
2026-06-05 00:48:54,deployment,productcatalogservice,249,51,4,,
2026-06-05 00:48:54,deployment,recommendationservice,154,103,2,,
2026-06-05 00:48:54,deployment,redis-cart,12,36,1,,
2026-06-05 00:48:54,deployment,shippingservice,20,25,1,,
2026-06-05 00:48:54,node,master,675,1745,,33.8,45.5
2026-06-05 00:48:54,node,worker-1,530,1504,,26.5,39.2
2026-06-05 00:48:54,node,worker-2,1002,1288,,50.1,33.6
2026-06-05 00:48:54,node,worker-3,409,864,,20.4,22.5
2026-06-05 00:48:54,node,worker-4,1311,2058,,65.5,53.6
2026-06-05 00:49:01,deployment,adservice,29,108,1,,
2026-06-05 00:49:01,deployment,cartservice,183,164,3,,
2026-06-05 00:49:01,deployment,checkoutservice,19,22,1,,
2026-06-05 00:49:01,deployment,currencyservice,226,124,2,,
2026-06-05 00:49:01,deployment,emailservice,11,61,1,,
2026-06-05 00:49:01,deployment,frontend,413,44,3,,
2026-06-05 00:49:01,deployment,paymentservice,7,79,1,,
2026-06-05 00:49:01,deployment,productcatalogservice,249,51,4,,
2026-06-05 00:49:01,deployment,recommendationservice,154,103,2,,
2026-06-05 00:49:01,deployment,redis-cart,12,36,1,,
2026-06-05 00:49:01,deployment,shippingservice,20,25,1,,
2026-06-05 00:49:01,node,master,675,1745,,33.8,45.5
2026-06-05 00:49:01,node,worker-1,530,1504,,26.5,39.2
2026-06-05 00:49:01,node,worker-2,1002,1288,,50.1,33.6
2026-06-05 00:49:01,node,worker-3,409,864,,20.4,22.5
2026-06-05 00:49:01,node,worker-4,1311,2058,,65.5,53.6
2026-06-05 00:49:10,deployment,adservice,28,108,1,,
2026-06-05 00:49:10,deployment,cartservice,170,164,3,,
2026-06-05 00:49:10,deployment,checkoutservice,19,22,1,,
2026-06-05 00:49:10,deployment,currencyservice,222,123,2,,
2026-06-05 00:49:10,deployment,emailservice,11,61,1,,
2026-06-05 00:49:10,deployment,frontend,409,45,3,,
2026-06-05 00:49:10,deployment,paymentservice,8,78,1,,
2026-06-05 00:49:10,deployment,productcatalogservice,240,51,4,,
2026-06-05 00:49:10,deployment,recommendationservice,157,103,2,,
2026-06-05 00:49:10,deployment,redis-cart,12,36,1,,
2026-06-05 00:49:10,deployment,shippingservice,23,25,1,,
2026-06-05 00:49:10,node,master,661,1744,,33.1,45.4
2026-06-05 00:49:10,node,worker-1,518,1503,,25.9,39.2
2026-06-05 00:49:10,node,worker-2,1034,1288,,51.7,33.6
2026-06-05 00:49:10,node,worker-3,391,865,,19.6,22.5
2026-06-05 00:49:10,node,worker-4,1328,2174,,66.4,56.6
2026-06-05 00:49:17,deployment,adservice,28,108,1,,
2026-06-05 00:49:17,deployment,cartservice,170,164,3,,
2026-06-05 00:49:17,deployment,checkoutservice,19,22,1,,
2026-06-05 00:49:17,deployment,currencyservice,222,123,2,,
2026-06-05 00:49:17,deployment,emailservice,11,61,1,,
2026-06-05 00:49:17,deployment,frontend,409,45,3,,
2026-06-05 00:49:17,deployment,paymentservice,8,78,1,,
2026-06-05 00:49:17,deployment,productcatalogservice,240,51,4,,
2026-06-05 00:49:17,deployment,recommendationservice,157,103,2,,
2026-06-05 00:49:17,deployment,redis-cart,12,36,1,,
2026-06-05 00:49:17,deployment,shippingservice,23,25,1,,
2026-06-05 00:49:17,node,master,661,1744,,33.1,45.4
2026-06-05 00:49:17,node,worker-1,518,1503,,25.9,39.2
2026-06-05 00:49:17,node,worker-2,1034,1288,,51.7,33.6
2026-06-05 00:49:17,node,worker-3,391,865,,19.6,22.5
2026-06-05 00:49:17,node,worker-4,1328,2174,,66.4,56.6
2026-06-05 00:49:24,deployment,adservice,29,107,1,,
2026-06-05 00:49:24,deployment,cartservice,188,165,3,,
2026-06-05 00:49:24,deployment,checkoutservice,20,22,1,,
2026-06-05 00:49:24,deployment,currencyservice,224,123,2,,
2026-06-05 00:49:24,deployment,emailservice,11,61,1,,
2026-06-05 00:49:24,deployment,frontend,396,44,3,,
2026-06-05 00:49:24,deployment,paymentservice,7,78,1,,
2026-06-05 00:49:24,deployment,productcatalogservice,246,52,4,,
2026-06-05 00:49:24,deployment,recommendationservice,152,103,2,,
2026-06-05 00:49:24,deployment,redis-cart,12,36,1,,
2026-06-05 00:49:24,deployment,shippingservice,21,25,1,,
2026-06-05 00:49:24,node,master,725,1746,,36.2,45.5
2026-06-05 00:49:24,node,worker-1,561,1501,,28.1,39.1
2026-06-05 00:49:24,node,worker-2,994,1291,,49.7,33.6
2026-06-05 00:49:24,node,worker-3,400,865,,20.0,22.5
2026-06-05 00:49:24,node,worker-4,1271,2179,,63.5,56.8
2026-06-05 00:49:30,deployment,adservice,29,107,1,,
2026-06-05 00:49:30,deployment,cartservice,188,165,3,,
2026-06-05 00:49:30,deployment,checkoutservice,20,22,1,,
2026-06-05 00:49:30,deployment,currencyservice,224,123,2,,
2026-06-05 00:49:30,deployment,emailservice,11,61,1,,
2026-06-05 00:49:30,deployment,frontend,396,44,3,,
2026-06-05 00:49:30,deployment,paymentservice,7,78,1,,
2026-06-05 00:49:30,deployment,productcatalogservice,246,52,4,,
2026-06-05 00:49:30,deployment,recommendationservice,152,103,2,,
2026-06-05 00:49:30,deployment,redis-cart,12,36,1,,
2026-06-05 00:49:30,deployment,shippingservice,21,25,1,,
2026-06-05 00:49:30,node,master,725,1746,,36.2,45.5
2026-06-05 00:49:30,node,worker-1,561,1501,,28.1,39.1
2026-06-05 00:49:30,node,worker-2,994,1291,,49.7,33.6
2026-06-05 00:49:30,node,worker-3,400,865,,20.0,22.5
2026-06-05 00:49:30,node,worker-4,1271,2179,,63.5,56.8
2026-06-05 00:49:37,deployment,adservice,25,108,1,,
2026-06-05 00:49:37,deployment,cartservice,163,165,3,,
2026-06-05 00:49:37,deployment,checkoutservice,18,22,1,,
2026-06-05 00:49:37,deployment,currencyservice,212,124,2,,
2026-06-05 00:49:37,deployment,emailservice,12,61,1,,
2026-06-05 00:49:37,deployment,frontend,375,44,3,,
2026-06-05 00:49:37,deployment,paymentservice,6,78,1,,
2026-06-05 00:49:37,deployment,productcatalogservice,223,51,4,,
2026-06-05 00:49:37,deployment,recommendationservice,137,103,2,,
2026-06-05 00:49:37,deployment,redis-cart,11,36,1,,
2026-06-05 00:49:37,deployment,shippingservice,19,25,1,,
2026-06-05 00:49:37,node,master,671,1742,,33.6,45.4
2026-06-05 00:49:37,node,worker-1,469,1509,,23.4,39.3
2026-06-05 00:49:37,node,worker-2,890,1265,,44.5,33.0
2026-06-05 00:49:37,node,worker-3,347,865,,17.3,22.5
2026-06-05 00:49:37,node,worker-4,1219,2177,,61.0,56.7
2026-06-05 00:49:45,deployment,adservice,25,108,1,,
2026-06-05 00:49:45,deployment,cartservice,163,165,3,,
2026-06-05 00:49:45,deployment,checkoutservice,18,22,1,,
2026-06-05 00:49:45,deployment,currencyservice,212,124,2,,
2026-06-05 00:49:45,deployment,emailservice,12,61,1,,
2026-06-05 00:49:45,deployment,frontend,375,44,3,,
2026-06-05 00:49:45,deployment,paymentservice,6,78,1,,
2026-06-05 00:49:45,deployment,productcatalogservice,223,51,4,,
2026-06-05 00:49:45,deployment,recommendationservice,137,103,2,,
2026-06-05 00:49:45,deployment,redis-cart,11,36,1,,
2026-06-05 00:49:45,deployment,shippingservice,19,25,1,,
2026-06-05 00:49:45,node,master,671,1742,,33.6,45.4
2026-06-05 00:49:45,node,worker-1,469,1509,,23.4,39.3
2026-06-05 00:49:45,node,worker-2,890,1265,,44.5,33.0
2026-06-05 00:49:45,node,worker-3,347,865,,17.3,22.5
2026-06-05 00:49:45,node,worker-4,1219,2177,,61.0,56.7
2026-06-05 00:49:52,deployment,adservice,26,107,1,,
2026-06-05 00:49:52,deployment,cartservice,151,164,3,,
2026-06-05 00:49:52,deployment,checkoutservice,17,22,1,,
2026-06-05 00:49:52,deployment,currencyservice,203,124,2,,
2026-06-05 00:49:52,deployment,emailservice,11,61,1,,
2026-06-05 00:49:52,deployment,frontend,360,44,3,,
2026-06-05 00:49:52,deployment,paymentservice,6,78,1,,
2026-06-05 00:49:52,deployment,productcatalogservice,218,51,4,,
2026-06-05 00:49:52,deployment,recommendationservice,142,103,2,,
2026-06-05 00:49:52,deployment,redis-cart,11,36,1,,
2026-06-05 00:49:52,deployment,shippingservice,20,25,1,,
2026-06-05 00:49:52,node,master,681,1745,,34.1,45.5
2026-06-05 00:49:52,node,worker-1,469,1480,,23.4,38.6
2026-06-05 00:49:52,node,worker-2,897,1265,,44.9,33.0
2026-06-05 00:49:52,node,worker-3,381,867,,19.1,22.6
2026-06-05 00:49:52,node,worker-4,1287,2181,,64.3,56.8
2026-06-05 00:50:01,deployment,adservice,26,107,1,,
2026-06-05 00:50:01,deployment,cartservice,151,164,3,,
2026-06-05 00:50:01,deployment,checkoutservice,17,22,1,,
2026-06-05 00:50:01,deployment,currencyservice,203,124,2,,
2026-06-05 00:50:01,deployment,emailservice,11,61,1,,
2026-06-05 00:50:01,deployment,frontend,360,44,3,,
2026-06-05 00:50:01,deployment,paymentservice,6,78,1,,
2026-06-05 00:50:01,deployment,productcatalogservice,218,51,4,,
2026-06-05 00:50:01,deployment,recommendationservice,142,103,2,,
2026-06-05 00:50:01,deployment,redis-cart,11,36,1,,
2026-06-05 00:50:01,deployment,shippingservice,20,25,1,,
2026-06-05 00:50:01,node,master,681,1745,,34.1,45.5
2026-06-05 00:50:01,node,worker-1,469,1480,,23.4,38.6
2026-06-05 00:50:01,node,worker-2,897,1265,,44.9,33.0
2026-06-05 00:50:01,node,worker-3,381,867,,19.1,22.6
2026-06-05 00:50:01,node,worker-4,1287,2181,,64.3,56.8
2026-06-05 00:50:10,deployment,adservice,25,108,1,,
2026-06-05 00:50:10,deployment,cartservice,155,163,3,,
2026-06-05 00:50:10,deployment,checkoutservice,17,22,1,,
2026-06-05 00:50:10,deployment,currencyservice,191,126,2,,
2026-06-05 00:50:10,deployment,emailservice,10,61,1,,
2026-06-05 00:50:10,deployment,frontend,358,45,3,,
2026-06-05 00:50:10,deployment,paymentservice,7,79,1,,
2026-06-05 00:50:10,deployment,productcatalogservice,216,51,4,,
2026-06-05 00:50:10,deployment,recommendationservice,132,103,2,,
2026-06-05 00:50:10,deployment,redis-cart,11,36,1,,
2026-06-05 00:50:10,deployment,shippingservice,19,25,1,,
2026-06-05 00:50:10,node,master,589,1743,,29.4,45.4
2026-06-05 00:50:10,node,worker-1,456,1483,,22.8,38.6
2026-06-05 00:50:10,node,worker-2,923,1265,,46.2,33.0
2026-06-05 00:50:10,node,worker-3,359,867,,17.9,22.6
2026-06-05 00:50:10,node,worker-4,1192,2146,,59.6,55.9
2026-06-05 00:50:17,deployment,adservice,25,108,1,,
2026-06-05 00:50:17,deployment,cartservice,155,163,3,,
2026-06-05 00:50:17,deployment,checkoutservice,17,22,1,,
2026-06-05 00:50:17,deployment,currencyservice,191,126,2,,
2026-06-05 00:50:17,deployment,emailservice,10,61,1,,
2026-06-05 00:50:17,deployment,frontend,358,45,3,,
2026-06-05 00:50:17,deployment,paymentservice,7,79,1,,
2026-06-05 00:50:17,deployment,productcatalogservice,216,51,4,,
2026-06-05 00:50:17,deployment,recommendationservice,132,103,2,,
2026-06-05 00:50:17,deployment,redis-cart,11,36,1,,
2026-06-05 00:50:17,deployment,shippingservice,19,25,1,,
2026-06-05 00:50:17,node,master,589,1743,,29.4,45.4
2026-06-05 00:50:17,node,worker-1,456,1483,,22.8,38.6
2026-06-05 00:50:17,node,worker-2,923,1265,,46.2,33.0
2026-06-05 00:50:17,node,worker-3,359,867,,17.9,22.6
2026-06-05 00:50:17,node,worker-4,1192,2146,,59.6,55.9
2026-06-05 00:50:25,deployment,adservice,24,107,1,,
2026-06-05 00:50:25,deployment,cartservice,152,164,3,,
2026-06-05 00:50:25,deployment,checkoutservice,18,22,1,,
2026-06-05 00:50:25,deployment,currencyservice,208,124,2,,
2026-06-05 00:50:25,deployment,emailservice,10,61,1,,
2026-06-05 00:50:25,deployment,frontend,351,45,3,,
2026-06-05 00:50:25,deployment,paymentservice,8,78,1,,
2026-06-05 00:50:25,deployment,productcatalogservice,215,51,4,,
2026-06-05 00:50:25,deployment,recommendationservice,135,103,2,,
2026-06-05 00:50:25,deployment,redis-cart,27,36,1,,
2026-06-05 00:50:25,deployment,shippingservice,18,25,1,,
2026-06-05 00:50:25,node,master,682,1746,,34.1,45.5
2026-06-05 00:50:25,node,worker-1,540,1479,,27.0,38.5
2026-06-05 00:50:25,node,worker-2,916,1266,,45.8,33.0
2026-06-05 00:50:25,node,worker-3,359,865,,17.9,22.5
2026-06-05 00:50:25,node,worker-4,1230,2154,,61.5,56.1
2026-06-05 00:50:32,deployment,adservice,24,107,1,,
2026-06-05 00:50:32,deployment,cartservice,152,164,3,,
2026-06-05 00:50:32,deployment,checkoutservice,18,22,1,,
2026-06-05 00:50:32,deployment,currencyservice,208,124,2,,
2026-06-05 00:50:32,deployment,emailservice,10,61,1,,
2026-06-05 00:50:32,deployment,frontend,351,45,3,,
2026-06-05 00:50:32,deployment,paymentservice,8,78,1,,
2026-06-05 00:50:32,deployment,productcatalogservice,215,51,4,,
2026-06-05 00:50:32,deployment,recommendationservice,135,103,2,,
2026-06-05 00:50:32,deployment,redis-cart,27,36,1,,
2026-06-05 00:50:32,deployment,shippingservice,18,25,1,,
2026-06-05 00:50:32,node,master,682,1746,,34.1,45.5
2026-06-05 00:50:32,node,worker-1,540,1479,,27.0,38.5
2026-06-05 00:50:32,node,worker-2,916,1266,,45.8,33.0
2026-06-05 00:50:32,node,worker-3,359,865,,17.9,22.5
2026-06-05 00:50:32,node,worker-4,1230,2154,,61.5,56.1
2026-06-05 00:50:39,deployment,adservice,33,107,1,,
2026-06-05 00:50:39,deployment,cartservice,152,163,3,,
2026-06-05 00:50:39,deployment,checkoutservice,18,22,1,,
2026-06-05 00:50:39,deployment,currencyservice,227,124,2,,
2026-06-05 00:50:39,deployment,emailservice,10,61,1,,
2026-06-05 00:50:39,deployment,frontend,427,44,3,,
2026-06-05 00:50:39,deployment,paymentservice,6,78,1,,
2026-06-05 00:50:39,deployment,productcatalogservice,242,51,4,,
2026-06-05 00:50:39,deployment,recommendationservice,164,103,2,,
2026-06-05 00:50:39,deployment,redis-cart,14,36,1,,
2026-06-05 00:50:39,deployment,shippingservice,21,25,1,,
2026-06-05 00:50:39,node,master,715,1741,,35.8,45.4
2026-06-05 00:50:39,node,worker-1,581,1482,,29.0,38.6
2026-06-05 00:50:39,node,worker-2,1110,1266,,55.5,33.0
2026-06-05 00:50:39,node,worker-3,359,865,,17.9,22.5
2026-06-05 00:50:39,node,worker-4,1287,2165,,64.3,56.4
2026-06-05 00:50:47,deployment,adservice,33,107,1,,
2026-06-05 00:50:47,deployment,cartservice,152,163,3,,
2026-06-05 00:50:47,deployment,checkoutservice,18,22,1,,
2026-06-05 00:50:47,deployment,currencyservice,227,124,2,,
2026-06-05 00:50:47,deployment,emailservice,10,61,1,,
2026-06-05 00:50:47,deployment,frontend,427,44,3,,
2026-06-05 00:50:47,deployment,paymentservice,6,78,1,,
2026-06-05 00:50:47,deployment,productcatalogservice,242,51,4,,
2026-06-05 00:50:47,deployment,recommendationservice,164,103,2,,
2026-06-05 00:50:47,deployment,redis-cart,14,36,1,,
2026-06-05 00:50:47,deployment,shippingservice,21,25,1,,
2026-06-05 00:50:47,node,master,695,1745,,34.8,45.5
2026-06-05 00:50:47,node,worker-1,554,1481,,27.7,38.6
2026-06-05 00:50:47,node,worker-2,1037,1265,,51.8,33.0
2026-06-05 00:50:47,node,worker-3,390,866,,19.5,22.6
2026-06-05 00:50:47,node,worker-4,1222,2139,,61.1,55.7
2026-06-05 00:50:55,deployment,adservice,28,107,1,,
2026-06-05 00:50:55,deployment,cartservice,144,163,3,,
2026-06-05 00:50:55,deployment,checkoutservice,21,22,1,,
2026-06-05 00:50:55,deployment,currencyservice,221,125,2,,
2026-06-05 00:50:55,deployment,emailservice,12,61,1,,
2026-06-05 00:50:55,deployment,frontend,387,44,3,,
2026-06-05 00:50:55,deployment,paymentservice,9,79,1,,
2026-06-05 00:50:55,deployment,productcatalogservice,245,53,4,,
2026-06-05 00:50:55,deployment,recommendationservice,155,103,2,,
2026-06-05 00:50:55,deployment,redis-cart,12,36,1,,
2026-06-05 00:50:55,deployment,shippingservice,21,25,1,,
2026-06-05 00:50:55,node,master,695,1745,,34.8,45.5
2026-06-05 00:50:55,node,worker-1,554,1481,,27.7,38.6
2026-06-05 00:50:55,node,worker-2,1037,1265,,51.8,33.0
2026-06-05 00:50:55,node,worker-3,390,866,,19.5,22.6
2026-06-05 00:50:55,node,worker-4,1222,2139,,61.1,55.7
2026-06-05 00:51:02,deployment,adservice,28,107,1,,
2026-06-05 00:51:02,deployment,cartservice,144,163,3,,
2026-06-05 00:51:02,deployment,checkoutservice,21,22,1,,
2026-06-05 00:51:02,deployment,currencyservice,221,125,2,,
2026-06-05 00:51:02,deployment,emailservice,12,61,1,,
2026-06-05 00:51:02,deployment,frontend,387,44,3,,
2026-06-05 00:51:02,deployment,paymentservice,9,79,1,,
2026-06-05 00:51:02,deployment,productcatalogservice,245,53,4,,
2026-06-05 00:51:02,deployment,recommendationservice,155,103,2,,
2026-06-05 00:51:02,deployment,redis-cart,12,36,1,,
2026-06-05 00:51:02,deployment,shippingservice,21,25,1,,
2026-06-05 00:51:02,node,master,695,1745,,34.8,45.5
2026-06-05 00:51:02,node,worker-1,554,1481,,27.7,38.6
2026-06-05 00:51:02,node,worker-2,1037,1265,,51.8,33.0
2026-06-05 00:51:02,node,worker-3,390,866,,19.5,22.6
2026-06-05 00:51:02,node,worker-4,1222,2139,,61.1,55.7
2026-06-05 00:51:09,deployment,adservice,31,107,1,,
2026-06-05 00:51:09,deployment,cartservice,185,165,3,,
2026-06-05 00:51:09,deployment,checkoutservice,21,22,1,,
2026-06-05 00:51:09,deployment,currencyservice,241,124,2,,
2026-06-05 00:51:09,deployment,emailservice,12,61,1,,
2026-06-05 00:51:09,deployment,frontend,433,44,3,,
2026-06-05 00:51:09,deployment,paymentservice,6,78,1,,
2026-06-05 00:51:09,deployment,productcatalogservice,262,51,4,,
2026-06-05 00:51:09,deployment,recommendationservice,156,103,2,,
2026-06-05 00:51:09,deployment,redis-cart,12,36,1,,
2026-06-05 00:51:09,deployment,shippingservice,23,25,1,,
2026-06-05 00:51:09,node,master,694,1741,,34.7,45.4
2026-06-05 00:51:09,node,worker-1,559,1481,,28.0,38.6
2026-06-05 00:51:09,node,worker-2,1036,1265,,51.8,33.0
2026-06-05 00:51:09,node,worker-3,411,866,,20.5,22.6
2026-06-05 00:51:09,node,worker-4,1370,2065,,68.5,53.8
2026-06-05 00:51:16,deployment,adservice,31,107,1,,
2026-06-05 00:51:16,deployment,cartservice,185,165,3,,
2026-06-05 00:51:16,deployment,checkoutservice,21,22,1,,
2026-06-05 00:51:16,deployment,currencyservice,241,124,2,,
2026-06-05 00:51:16,deployment,emailservice,12,61,1,,
2026-06-05 00:51:16,deployment,frontend,433,44,3,,
2026-06-05 00:51:16,deployment,paymentservice,6,78,1,,
2026-06-05 00:51:16,deployment,productcatalogservice,262,51,4,,
2026-06-05 00:51:16,deployment,recommendationservice,156,103,2,,
2026-06-05 00:51:16,deployment,redis-cart,12,36,1,,
2026-06-05 00:51:16,deployment,shippingservice,23,25,1,,
2026-06-05 00:51:16,node,master,694,1741,,34.7,45.4
2026-06-05 00:51:16,node,worker-1,559,1481,,28.0,38.6
2026-06-05 00:51:16,node,worker-2,1036,1265,,51.8,33.0
2026-06-05 00:51:16,node,worker-3,411,866,,20.5,22.6
2026-06-05 00:51:16,node,worker-4,1370,2065,,68.5,53.8
2026-06-05 00:51:24,deployment,adservice,31,107,1,,
2026-06-05 00:51:24,deployment,cartservice,183,163,3,,
2026-06-05 00:51:24,deployment,checkoutservice,19,22,1,,
2026-06-05 00:51:24,deployment,currencyservice,230,124,2,,
2026-06-05 00:51:24,deployment,emailservice,11,61,1,,
2026-06-05 00:51:24,deployment,frontend,421,45,3,,
2026-06-05 00:51:24,deployment,paymentservice,8,79,1,,
2026-06-05 00:51:24,deployment,productcatalogservice,253,51,4,,
2026-06-05 00:51:24,deployment,recommendationservice,161,103,2,,
2026-06-05 00:51:24,deployment,redis-cart,12,36,1,,
2026-06-05 00:51:24,deployment,shippingservice,22,25,1,,
2026-06-05 00:51:24,node,master,724,1747,,36.2,45.5
2026-06-05 00:51:24,node,worker-1,612,1480,,30.6,38.6
2026-06-05 00:51:24,node,worker-2,1059,1270,,52.9,33.1
2026-06-05 00:51:24,node,worker-3,429,867,,21.4,22.6
2026-06-05 00:51:24,node,worker-4,1276,2030,,63.8,52.9
2026-06-05 00:51:32,deployment,adservice,31,107,1,,
2026-06-05 00:51:32,deployment,cartservice,183,163,3,,
2026-06-05 00:51:32,deployment,checkoutservice,19,22,1,,
2026-06-05 00:51:32,deployment,currencyservice,230,124,2,,
2026-06-05 00:51:32,deployment,emailservice,11,61,1,,
2026-06-05 00:51:32,deployment,frontend,421,45,3,,
2026-06-05 00:51:32,deployment,paymentservice,8,79,1,,
2026-06-05 00:51:32,deployment,productcatalogservice,253,51,4,,
2026-06-05 00:51:32,deployment,recommendationservice,161,103,2,,
2026-06-05 00:51:32,deployment,redis-cart,12,36,1,,
2026-06-05 00:51:32,deployment,shippingservice,22,25,1,,
2026-06-05 00:51:32,node,master,724,1747,,36.2,45.5
2026-06-05 00:51:32,node,worker-1,612,1480,,34.2,38.6
2026-06-05 00:51:32,node,worker-2,1294,1270,,64.7,33.1
2026-06-05 00:51:32,node,worker-3,501,868,,25.1,22.6
2026-06-05 00:51:32,node,worker-4,1560,2121,,78.0,55.2
2026-06-05 00:51:40,deployment,adservice,31,107,1,,
2026-06-05 00:51:40,deployment,cartservice,153,119,2,,
2026-06-05 00:51:40,deployment,checkoutservice,28,22,1,,
2026-06-05 00:51:40,deployment,currencyservice,289,124,2,,
2026-06-05 00:51:40,deployment,emailservice,13,61,1,,
2026-06-05 00:51:40,deployment,frontend,532,45,3,,
2026-06-05 00:51:40,deployment,paymentservice,8,79,1,,
2026-06-05 00:51:40,deployment,productcatalogservice,311,51,4,,
2026-06-05 00:51:40,deployment,recommendationservice,193,103,2,,
2026-06-05 00:51:40,deployment,redis-cart,15,36,1,,
2026-06-05 00:51:40,deployment,shippingservice,25,25,1,,
2026-06-05 00:51:40,node,master,836,1741,,41.8,45.4
2026-06-05 00:51:40,node,worker-1,683,1483,,34.2,38.6
2026-06-05 00:51:40,node,worker-2,1294,1270,,64.7,33.1
2026-06-05 00:51:40,node,worker-3,501,868,,25.1,22.6
2026-06-05 00:51:40,node,worker-4,1560,2121,,78.0,55.2
2026-06-05 00:51:47,deployment,adservice,31,107,1,,
2026-06-05 00:51:47,deployment,cartservice,153,119,2,,
2026-06-05 00:51:47,deployment,checkoutservice,28,22,1,,
2026-06-05 00:51:47,deployment,currencyservice,289,124,2,,
2026-06-05 00:51:47,deployment,emailservice,13,61,1,,
2026-06-05 00:51:47,deployment,frontend,532,45,3,,
2026-06-05 00:51:47,deployment,paymentservice,8,79,1,,
2026-06-05 00:51:47,deployment,productcatalogservice,311,51,4,,
2026-06-05 00:51:47,deployment,recommendationservice,193,103,2,,
2026-06-05 00:51:47,deployment,redis-cart,15,36,1,,
2026-06-05 00:51:47,deployment,shippingservice,25,25,1,,
2026-06-05 00:51:47,node,master,836,1741,,41.8,45.4
2026-06-05 00:51:47,node,worker-1,683,1483,,34.2,38.6
2026-06-05 00:51:47,node,worker-2,1294,1270,,64.7,33.1
2026-06-05 00:51:47,node,worker-3,501,868,,25.1,22.6
2026-06-05 00:51:47,node,worker-4,1560,2121,,78.0,55.2
2026-06-05 00:51:54,deployment,adservice,38,108,1,,
2026-06-05 00:51:54,deployment,cartservice,153,119,2,,
2026-06-05 00:51:54,deployment,checkoutservice,27,22,1,,
2026-06-05 00:51:54,deployment,currencyservice,287,124,2,,
2026-06-05 00:51:54,deployment,emailservice,13,61,1,,
2026-06-05 00:51:54,deployment,frontend,529,45,3,,
2026-06-05 00:51:54,deployment,paymentservice,10,79,1,,
2026-06-05 00:51:54,deployment,productcatalogservice,320,51,4,,
2026-06-05 00:51:54,deployment,recommendationservice,218,105,2,,
2026-06-05 00:51:54,deployment,redis-cart,14,36,1,,
2026-06-05 00:51:54,deployment,shippingservice,32,25,1,,
2026-06-05 00:51:54,node,master,916,1746,,45.8,45.5
2026-06-05 00:51:54,node,worker-1,696,1481,,34.8,38.6
2026-06-05 00:51:54,node,worker-2,1250,1272,,62.5,33.1
2026-06-05 00:51:54,node,worker-3,463,842,,23.2,21.9
2026-06-05 00:51:54,node,worker-4,1618,2072,,80.9,54.0
2026-06-05 00:52:02,deployment,adservice,38,108,1,,
2026-06-05 00:52:02,deployment,cartservice,153,119,2,,
2026-06-05 00:52:02,deployment,checkoutservice,27,22,1,,
2026-06-05 00:52:02,deployment,currencyservice,287,124,2,,
2026-06-05 00:52:02,deployment,emailservice,13,61,1,,
2026-06-05 00:52:02,deployment,frontend,529,45,3,,
2026-06-05 00:52:02,deployment,paymentservice,10,79,1,,
2026-06-05 00:52:02,deployment,productcatalogservice,320,51,4,,
2026-06-05 00:52:02,deployment,recommendationservice,218,105,2,,
2026-06-05 00:52:02,deployment,redis-cart,14,36,1,,
2026-06-05 00:52:02,deployment,shippingservice,32,25,1,,
2026-06-05 00:52:02,node,master,916,1746,,45.8,45.5
2026-06-05 00:52:02,node,worker-1,696,1481,,34.8,38.6
2026-06-05 00:52:02,node,worker-2,1250,1272,,62.5,33.1
2026-06-05 00:52:02,node,worker-3,463,842,,23.2,21.9
2026-06-05 00:52:02,node,worker-4,1618,2072,,80.9,54.0
2026-06-05 00:52:10,deployment,adservice,38,108,1,,
2026-06-05 00:52:10,deployment,cartservice,189,119,2,,
2026-06-05 00:52:10,deployment,checkoutservice,27,22,1,,
2026-06-05 00:52:10,deployment,currencyservice,291,125,2,,
2026-06-05 00:52:10,deployment,emailservice,13,61,1,,
2026-06-05 00:52:10,deployment,frontend,511,46,3,,
2026-06-05 00:52:10,deployment,paymentservice,10,75,1,,
2026-06-05 00:52:10,deployment,productcatalogservice,316,52,4,,
2026-06-05 00:52:10,deployment,recommendationservice,208,103,2,,
2026-06-05 00:52:10,deployment,redis-cart,16,36,1,,
2026-06-05 00:52:10,deployment,shippingservice,27,25,1,,
2026-06-05 00:52:10,node,master,795,1742,,39.8,45.4
2026-06-05 00:52:10,node,worker-1,673,1484,,33.7,38.7
2026-06-05 00:52:10,node,worker-2,1265,1269,,63.2,33.1
2026-06-05 00:52:10,node,worker-3,367,843,,18.4,22.0
2026-06-05 00:52:10,node,worker-4,1610,2113,,80.5,55.0
2026-06-05 00:52:17,deployment,adservice,38,108,1,,
2026-06-05 00:52:17,deployment,cartservice,189,119,2,,
2026-06-05 00:52:17,deployment,checkoutservice,27,22,1,,
2026-06-05 00:52:17,deployment,currencyservice,291,125,2,,
2026-06-05 00:52:17,deployment,emailservice,13,61,1,,
2026-06-05 00:52:17,deployment,frontend,511,46,3,,
2026-06-05 00:52:17,deployment,paymentservice,10,75,1,,
2026-06-05 00:52:17,deployment,productcatalogservice,316,52,4,,
2026-06-05 00:52:17,deployment,recommendationservice,208,103,2,,
2026-06-05 00:52:17,deployment,redis-cart,16,36,1,,
2026-06-05 00:52:17,deployment,shippingservice,27,25,1,,
2026-06-05 00:52:17,node,master,795,1742,,39.8,45.4
2026-06-05 00:52:17,node,worker-1,673,1484,,33.7,38.7
2026-06-05 00:52:17,node,worker-2,1265,1269,,63.2,33.1
2026-06-05 00:52:17,node,worker-3,367,843,,18.4,22.0
2026-06-05 00:52:17,node,worker-4,1610,2113,,80.5,55.0
2026-06-05 00:52:25,deployment,adservice,37,108,1,,
2026-06-05 00:52:25,deployment,cartservice,167,119,2,,
2026-06-05 00:52:25,deployment,checkoutservice,25,22,1,,
2026-06-05 00:52:25,deployment,currencyservice,290,125,2,,
2026-06-05 00:52:25,deployment,emailservice,13,61,1,,
2026-06-05 00:52:25,deployment,frontend,500,45,3,,
2026-06-05 00:52:25,deployment,paymentservice,10,75,1,,
2026-06-05 00:52:25,deployment,productcatalogservice,317,51,4,,
2026-06-05 00:52:25,deployment,recommendationservice,202,103,2,,
2026-06-05 00:52:25,deployment,redis-cart,14,36,1,,
2026-06-05 00:52:25,deployment,shippingservice,28,25,1,,
2026-06-05 00:52:25,node,master,815,1747,,40.8,45.5
2026-06-05 00:52:25,node,worker-1,644,1479,,32.2,38.5
2026-06-05 00:52:25,node,worker-2,1254,1270,,62.7,33.1
2026-06-05 00:52:25,node,worker-3,374,852,,18.7,22.2
2026-06-05 00:52:25,node,worker-4,1565,2147,,78.2,55.9
2026-06-05 00:52:32,deployment,adservice,37,108,1,,
2026-06-05 00:52:32,deployment,cartservice,167,119,3,,
2026-06-05 00:52:32,deployment,checkoutservice,25,22,1,,
2026-06-05 00:52:32,deployment,currencyservice,290,125,2,,
2026-06-05 00:52:32,deployment,emailservice,13,61,1,,
2026-06-05 00:52:32,deployment,frontend,500,45,3,,
2026-06-05 00:52:32,deployment,paymentservice,10,75,1,,
2026-06-05 00:52:32,deployment,productcatalogservice,317,51,4,,
2026-06-05 00:52:32,deployment,recommendationservice,202,103,2,,
2026-06-05 00:52:32,deployment,redis-cart,14,36,1,,
2026-06-05 00:52:32,deployment,shippingservice,28,25,1,,
2026-06-05 00:52:32,node,master,815,1747,,40.8,45.5
2026-06-05 00:52:32,node,worker-1,644,1479,,32.2,38.5
2026-06-05 00:52:32,node,worker-2,1254,1270,,62.7,33.1
2026-06-05 00:52:32,node,worker-3,374,852,,18.7,22.2
2026-06-05 00:52:32,node,worker-4,1565,2147,,78.2,55.9
2026-06-05 00:52:39,deployment,adservice,41,108,1,,
2026-06-05 00:52:39,deployment,cartservice,217,121,3,,
2026-06-05 00:52:39,deployment,checkoutservice,34,22,1,,
2026-06-05 00:52:39,deployment,currencyservice,334,123,2,,
2026-06-05 00:52:39,deployment,emailservice,16,61,1,,
2026-06-05 00:52:39,deployment,frontend,576,46,3,,
2026-06-05 00:52:39,deployment,paymentservice,11,75,1,,
2026-06-05 00:52:39,deployment,productcatalogservice,330,51,4,,
2026-06-05 00:52:39,deployment,recommendationservice,244,103,2,,
2026-06-05 00:52:39,deployment,redis-cart,17,36,1,,
2026-06-05 00:52:39,deployment,shippingservice,33,25,1,,
2026-06-05 00:52:39,node,master,910,1775,,45.5,46.2
2026-06-05 00:52:39,node,worker-1,887,1484,,44.4,38.7
2026-06-05 00:52:39,node,worker-2,1445,1272,,72.2,33.1
2026-06-05 00:52:39,node,worker-3,467,854,,23.4,22.2
2026-06-05 00:52:39,node,worker-4,1661,2129,,83.0,55.5
2026-06-05 00:52:48,deployment,adservice,41,108,1,,
2026-06-05 00:52:48,deployment,cartservice,217,121,3,,
2026-06-05 00:52:48,deployment,checkoutservice,34,22,1,,
2026-06-05 00:52:48,deployment,currencyservice,334,123,4,,
2026-06-05 00:52:48,deployment,emailservice,16,61,1,,
2026-06-05 00:52:48,deployment,frontend,608,45,3,,
2026-06-05 00:52:48,deployment,paymentservice,11,75,1,,
2026-06-05 00:52:48,deployment,productcatalogservice,380,51,4,,
2026-06-05 00:52:48,deployment,recommendationservice,266,103,2,,
2026-06-05 00:52:48,deployment,redis-cart,18,36,1,,
2026-06-05 00:52:48,deployment,shippingservice,33,25,1,,
2026-06-05 00:52:48,node,master,1027,1781,,51.3,46.4
2026-06-05 00:52:48,node,worker-1,793,1479,,39.6,38.5
2026-06-05 00:52:48,node,worker-2,1452,1307,,72.6,34.0
2026-06-05 00:52:48,node,worker-3,471,854,,23.5,22.2
2026-06-05 00:52:48,node,worker-4,1868,2240,,93.4,58.3
2026-06-05 00:52:58,deployment,adservice,46,108,1,,
2026-06-05 00:52:58,deployment,cartservice,301,134,3,,
2026-06-05 00:52:58,deployment,checkoutservice,34,22,1,,
2026-06-05 00:52:58,deployment,currencyservice,330,124,4,,
2026-06-05 00:52:58,deployment,emailservice,15,61,1,,
2026-06-05 00:52:58,deployment,frontend,608,45,3,,
2026-06-05 00:52:58,deployment,paymentservice,11,75,1,,
2026-06-05 00:52:58,deployment,productcatalogservice,380,51,4,,
2026-06-05 00:52:58,deployment,recommendationservice,266,103,2,,
2026-06-05 00:52:58,deployment,redis-cart,18,36,1,,
2026-06-05 00:52:58,deployment,shippingservice,33,25,1,,
2026-06-05 00:52:58,node,master,1027,1781,,51.3,46.4
2026-06-05 00:52:58,node,worker-1,793,1479,,39.6,38.5
2026-06-05 00:52:58,node,worker-2,1452,1307,,72.6,34.0
2026-06-05 00:52:58,node,worker-3,471,854,,23.5,22.2
2026-06-05 00:52:58,node,worker-4,1868,2240,,93.4,58.3
2026-06-05 00:53:04,deployment,adservice,46,108,1,,
2026-06-05 00:53:04,deployment,cartservice,301,134,3,,
2026-06-05 00:53:04,deployment,checkoutservice,36,22,1,,
2026-06-05 00:53:04,deployment,currencyservice,459,164,4,,
2026-06-05 00:53:04,deployment,emailservice,16,61,1,,
2026-06-05 00:53:04,deployment,frontend,587,46,3,,
2026-06-05 00:53:04,deployment,paymentservice,11,75,1,,
2026-06-05 00:53:04,deployment,productcatalogservice,381,51,4,,
2026-06-05 00:53:04,deployment,recommendationservice,264,103,2,,
2026-06-05 00:53:04,deployment,redis-cart,38,36,1,,
2026-06-05 00:53:04,deployment,shippingservice,35,25,1,,
2026-06-05 00:53:04,node,master,1131,1827,,56.5,47.6
2026-06-05 00:53:04,node,worker-1,748,1483,,37.4,38.6
2026-06-05 00:53:04,node,worker-2,1546,1320,,77.3,34.4
2026-06-05 00:53:04,node,worker-3,490,862,,24.5,22.5
2026-06-05 00:53:04,node,worker-4,1762,2288,,88.1,59.6
2026-06-05 00:53:11,deployment,adservice,46,108,1,,
2026-06-05 00:53:11,deployment,cartservice,323,146,3,,
2026-06-05 00:53:11,deployment,checkoutservice,36,22,1,,
2026-06-05 00:53:11,deployment,currencyservice,459,164,4,,
2026-06-05 00:53:11,deployment,emailservice,16,61,1,,
2026-06-05 00:53:11,deployment,frontend,587,46,3,,
2026-06-05 00:53:11,deployment,paymentservice,11,75,1,,
2026-06-05 00:53:11,deployment,productcatalogservice,381,51,4,,
2026-06-05 00:53:11,deployment,recommendationservice,264,103,2,,
2026-06-05 00:53:11,deployment,redis-cart,38,36,1,,
2026-06-05 00:53:11,deployment,shippingservice,35,25,1,,
2026-06-05 00:53:11,node,master,1131,1827,,56.5,47.6
2026-06-05 00:53:11,node,worker-1,748,1483,,37.4,38.6
2026-06-05 00:53:11,node,worker-2,1546,1320,,77.3,34.4
2026-06-05 00:53:11,node,worker-3,490,862,,24.5,22.5
2026-06-05 00:53:11,node,worker-4,1762,2288,,88.1,59.6
2026-06-05 00:53:19,deployment,adservice,46,108,1,,
2026-06-05 00:53:19,deployment,cartservice,315,154,3,,
2026-06-05 00:53:19,deployment,checkoutservice,35,22,1,,
2026-06-05 00:53:19,deployment,currencyservice,625,171,4,,
2026-06-05 00:53:19,deployment,emailservice,15,61,1,,
2026-06-05 00:53:19,deployment,frontend,573,46,3,,
2026-06-05 00:53:19,deployment,paymentservice,12,75,1,,
2026-06-05 00:53:19,deployment,productcatalogservice,366,51,4,,
2026-06-05 00:53:19,deployment,recommendationservice,262,103,2,,
2026-06-05 00:53:19,deployment,redis-cart,18,36,1,,
2026-06-05 00:53:19,deployment,shippingservice,35,25,1,,
2026-06-05 00:53:19,node,master,1259,1837,,62.9,47.9
2026-06-05 00:53:19,node,worker-1,689,1483,,34.4,38.6
2026-06-05 00:53:19,node,worker-2,1558,1322,,77.9,34.4
2026-06-05 00:53:19,node,worker-3,499,863,,24.9,22.5
2026-06-05 00:53:19,node,worker-4,1585,2290,,79.2,59.7
2026-06-05 00:53:29,deployment,adservice,47,108,1,,
2026-06-05 00:53:29,deployment,cartservice,315,154,5,,
2026-06-05 00:53:29,deployment,checkoutservice,35,22,1,,
2026-06-05 00:53:29,deployment,currencyservice,625,171,4,,
2026-06-05 00:53:29,deployment,emailservice,15,61,1,,
2026-06-05 00:53:29,deployment,frontend,573,46,3,,
2026-06-05 00:53:29,deployment,paymentservice,12,75,1,,
2026-06-05 00:53:29,deployment,productcatalogservice,366,51,4,,
2026-06-05 00:53:29,deployment,recommendationservice,262,103,2,,
2026-06-05 00:53:29,deployment,redis-cart,18,36,1,,
2026-06-05 00:53:29,deployment,shippingservice,35,25,1,,
2026-06-05 00:53:29,node,master,1259,1837,,62.9,47.9
2026-06-05 00:53:29,node,worker-1,689,1483,,34.4,38.6
2026-06-05 00:53:29,node,worker-2,1558,1322,,77.9,34.4
2026-06-05 00:53:29,node,worker-3,499,863,,24.9,22.5
2026-06-05 00:53:29,node,worker-4,1585,2290,,79.2,59.7
2026-06-05 00:53:39,deployment,adservice,45,108,1,,
2026-06-05 00:53:39,deployment,cartservice,433,185,5,,
2026-06-05 00:53:39,deployment,checkoutservice,39,22,1,,
2026-06-05 00:53:39,deployment,currencyservice,511,179,4,,
2026-06-05 00:53:39,deployment,emailservice,16,61,1,,
2026-06-05 00:53:39,deployment,frontend,578,45,3,,
2026-06-05 00:53:39,deployment,paymentservice,12,75,1,,
2026-06-05 00:53:39,deployment,productcatalogservice,376,51,5,,
2026-06-05 00:53:39,deployment,recommendationservice,262,103,2,,
2026-06-05 00:53:39,deployment,redis-cart,19,36,1,,
2026-06-05 00:53:39,deployment,shippingservice,36,25,1,,
2026-06-05 00:53:39,node,master,1256,1844,,62.8,48.0
2026-06-05 00:53:39,node,worker-1,704,1482,,35.2,38.6
2026-06-05 00:53:39,node,worker-2,1699,1353,,85.0,35.2
2026-06-05 00:53:39,node,worker-3,596,885,,29.8,23.1
2026-06-05 00:53:39,node,worker-4,1743,2293,,87.2,59.7
2026-06-05 00:53:49,deployment,adservice,45,108,1,,
2026-06-05 00:53:49,deployment,cartservice,433,185,5,,
2026-06-05 00:53:49,deployment,checkoutservice,39,22,1,,
2026-06-05 00:53:49,deployment,currencyservice,511,179,4,,
2026-06-05 00:53:49,deployment,emailservice,16,61,1,,
2026-06-05 00:53:49,deployment,frontend,578,45,3,,
2026-06-05 00:53:49,deployment,paymentservice,14,75,1,,
2026-06-05 00:53:49,deployment,productcatalogservice,379,51,5,,
2026-06-05 00:53:49,deployment,recommendationservice,266,103,2,,
2026-06-05 00:53:49,deployment,redis-cart,19,36,1,,
2026-06-05 00:53:49,deployment,shippingservice,37,24,1,,
2026-06-05 00:53:49,node,master,1306,1854,,65.3,48.3
2026-06-05 00:53:49,node,worker-1,889,1510,,44.5,39.3
2026-06-05 00:53:49,node,worker-2,1646,1369,,82.3,35.7
2026-06-05 00:53:49,node,worker-3,523,897,,26.2,23.4
2026-06-05 00:53:49,node,worker-4,1897,2320,,94.8,60.4
2026-06-05 00:53:57,deployment,adservice,46,108,1,,
2026-06-05 00:53:57,deployment,cartservice,284,190,5,,
2026-06-05 00:53:57,deployment,checkoutservice,38,22,1,,
2026-06-05 00:53:57,deployment,currencyservice,472,184,4,,
2026-06-05 00:53:57,deployment,emailservice,18,61,1,,
2026-06-05 00:53:57,deployment,frontend,582,46,3,,
2026-06-05 00:53:57,deployment,paymentservice,14,75,1,,
2026-06-05 00:53:57,deployment,productcatalogservice,379,51,5,,
2026-06-05 00:53:57,deployment,recommendationservice,266,103,2,,
2026-06-05 00:53:57,deployment,redis-cart,19,36,1,,
2026-06-05 00:53:57,deployment,shippingservice,37,24,1,,
2026-06-05 00:53:57,node,master,1306,1854,,65.3,48.3
2026-06-05 00:53:57,node,worker-1,889,1510,,44.5,39.3
2026-06-05 00:53:57,node,worker-2,1646,1369,,82.3,35.7
2026-06-05 00:53:57,node,worker-3,523,897,,26.2,23.4
2026-06-05 00:53:57,node,worker-4,1897,2320,,94.8,60.4
2026-06-05 00:54:06,deployment,adservice,43,108,1,,
2026-06-05 00:54:06,deployment,cartservice,481,214,5,,
2026-06-05 00:54:06,deployment,checkoutservice,34,22,1,,
2026-06-05 00:54:06,deployment,currencyservice,443,198,4,,
2026-06-05 00:54:06,deployment,emailservice,15,61,1,,
2026-06-05 00:54:06,deployment,frontend,591,46,3,,
2026-06-05 00:54:06,deployment,paymentservice,11,75,1,,
2026-06-05 00:54:06,deployment,productcatalogservice,399,59,5,,
2026-06-05 00:54:06,deployment,recommendationservice,265,103,2,,
2026-06-05 00:54:06,deployment,redis-cart,19,36,1,,
2026-06-05 00:54:06,deployment,shippingservice,33,25,1,,
2026-06-05 00:54:06,node,master,1134,1853,,56.7,48.3
2026-06-05 00:54:06,node,worker-1,829,1509,,41.4,39.3
2026-06-05 00:54:06,node,worker-2,1704,1375,,85.2,35.8
2026-06-05 00:54:06,node,worker-3,532,897,,26.6,23.4
2026-06-05 00:54:06,node,worker-4,1622,2238,,81.1,58.3
2026-06-05 00:54:15,deployment,adservice,43,108,1,,
2026-06-05 00:54:15,deployment,cartservice,481,214,5,,
2026-06-05 00:54:15,deployment,checkoutservice,34,22,1,,
2026-06-05 00:54:15,deployment,currencyservice,443,198,4,,
2026-06-05 00:54:15,deployment,emailservice,15,61,1,,
2026-06-05 00:54:15,deployment,frontend,591,46,3,,
2026-06-05 00:54:15,deployment,paymentservice,11,75,1,,
2026-06-05 00:54:15,deployment,productcatalogservice,399,59,5,,
2026-06-05 00:54:15,deployment,recommendationservice,265,103,2,,
2026-06-05 00:54:15,deployment,redis-cart,19,36,1,,
2026-06-05 00:54:15,deployment,shippingservice,33,25,1,,
2026-06-05 00:54:15,node,master,1134,1853,,56.7,48.3
2026-06-05 00:54:15,node,worker-1,829,1509,,41.4,39.3
2026-06-05 00:54:15,node,worker-2,1704,1375,,85.2,35.8
2026-06-05 00:54:15,node,worker-3,532,897,,26.6,23.4
2026-06-05 00:54:15,node,worker-4,1622,2238,,81.1,58.3
2026-06-05 00:54:24,deployment,adservice,43,108,1,,
2026-06-05 00:54:24,deployment,cartservice,423,227,5,,
2026-06-05 00:54:24,deployment,checkoutservice,34,22,1,,
2026-06-05 00:54:24,deployment,currencyservice,447,195,4,,
2026-06-05 00:54:24,deployment,emailservice,17,61,1,,
2026-06-05 00:54:24,deployment,frontend,543,49,3,,
2026-06-05 00:54:24,deployment,paymentservice,11,75,1,,
2026-06-05 00:54:24,deployment,productcatalogservice,366,59,5,,
2026-06-05 00:54:24,deployment,recommendationservice,263,103,2,,
2026-06-05 00:54:24,deployment,redis-cart,18,36,1,,
2026-06-05 00:54:24,deployment,shippingservice,37,25,1,,
2026-06-05 00:54:24,node,master,1178,1859,,58.9,48.4
2026-06-05 00:54:24,node,worker-1,739,1509,,37.0,39.3
2026-06-05 00:54:24,node,worker-2,1609,1379,,80.5,35.9
2026-06-05 00:54:24,node,worker-3,539,901,,27.0,23.5
2026-06-05 00:54:24,node,worker-4,1669,2309,,83.5,60.1
2026-06-05 00:54:33,deployment,adservice,43,108,1,,
2026-06-05 00:54:33,deployment,cartservice,423,227,5,,
2026-06-05 00:54:33,deployment,checkoutservice,34,22,1,,
2026-06-05 00:54:33,deployment,currencyservice,447,195,4,,
2026-06-05 00:54:33,deployment,emailservice,17,61,1,,
2026-06-05 00:54:33,deployment,frontend,543,49,3,,
2026-06-05 00:54:33,deployment,paymentservice,11,75,1,,
2026-06-05 00:54:33,deployment,productcatalogservice,366,59,5,,
2026-06-05 00:54:33,deployment,recommendationservice,251,103,2,,
2026-06-05 00:54:33,deployment,redis-cart,18,36,1,,
2026-06-05 00:54:33,deployment,shippingservice,37,25,1,,
2026-06-05 00:54:33,node,master,1158,1854,,57.9,48.3
2026-06-05 00:54:33,node,worker-1,726,1514,,36.3,39.4
2026-06-05 00:54:33,node,worker-2,1547,1381,,77.3,36.0
2026-06-05 00:54:33,node,worker-3,472,901,,23.6,23.5
2026-06-05 00:54:33,node,worker-4,1665,2183,,83.2,56.9
2026-06-05 00:54:41,deployment,adservice,44,108,1,,
2026-06-05 00:54:41,deployment,cartservice,302,227,6,,
2026-06-05 00:54:41,deployment,checkoutservice,29,22,1,,
2026-06-05 00:54:41,deployment,currencyservice,445,196,4,,
2026-06-05 00:54:41,deployment,emailservice,15,61,1,,
2026-06-05 00:54:41,deployment,frontend,554,48,3,,
2026-06-05 00:54:41,deployment,paymentservice,12,75,1,,
2026-06-05 00:54:41,deployment,productcatalogservice,373,59,5,,
2026-06-05 00:54:41,deployment,recommendationservice,251,103,2,,
2026-06-05 00:54:41,deployment,redis-cart,18,36,1,,
2026-06-05 00:54:41,deployment,shippingservice,37,25,1,,
2026-06-05 00:54:41,node,master,1158,1854,,57.9,48.3
2026-06-05 00:54:41,node,worker-1,726,1514,,36.3,39.4
2026-06-05 00:54:41,node,worker-2,1547,1381,,77.3,36.0
2026-06-05 00:54:41,node,worker-3,472,901,,23.6,23.5
2026-06-05 00:54:41,node,worker-4,1665,2183,,83.2,56.9
2026-06-05 00:54:49,deployment,adservice,44,108,1,,
2026-06-05 00:54:49,deployment,cartservice,302,227,6,,
2026-06-05 00:54:49,deployment,checkoutservice,27,22,1,,
2026-06-05 00:54:49,deployment,currencyservice,427,198,4,,
2026-06-05 00:54:49,deployment,emailservice,13,61,1,,
2026-06-05 00:54:49,deployment,frontend,572,48,4,,
2026-06-05 00:54:49,deployment,paymentservice,9,76,1,,
2026-06-05 00:54:49,deployment,productcatalogservice,382,59,5,,
2026-06-05 00:54:49,deployment,recommendationservice,249,103,2,,
2026-06-05 00:54:49,deployment,redis-cart,19,36,1,,
2026-06-05 00:54:49,deployment,shippingservice,32,25,1,,
2026-06-05 00:54:49,node,master,1231,1856,,61.6,48.3
2026-06-05 00:54:49,node,worker-1,829,1542,,41.4,40.2
2026-06-05 00:54:49,node,worker-2,1596,1384,,79.8,36.1
2026-06-05 00:54:49,node,worker-3,498,906,,24.9,23.6
2026-06-05 00:54:49,node,worker-4,1628,2191,,81.4,57.1
2026-06-05 00:54:56,deployment,adservice,42,108,1,,
2026-06-05 00:54:56,deployment,cartservice,360,249,6,,
2026-06-05 00:54:56,deployment,checkoutservice,27,22,1,,
2026-06-05 00:54:56,deployment,currencyservice,427,198,4,,
2026-06-05 00:54:56,deployment,emailservice,13,61,1,,
2026-06-05 00:54:56,deployment,frontend,572,48,4,,
2026-06-05 00:54:56,deployment,paymentservice,9,76,1,,
2026-06-05 00:54:56,deployment,productcatalogservice,382,59,5,,
2026-06-05 00:54:56,deployment,recommendationservice,249,103,2,,
2026-06-05 00:54:56,deployment,redis-cart,19,36,1,,
2026-06-05 00:54:56,deployment,shippingservice,32,25,1,,
2026-06-05 00:54:56,node,master,1231,1856,,61.6,48.3
2026-06-05 00:54:56,node,worker-1,829,1542,,41.4,40.2
2026-06-05 00:54:56,node,worker-2,1596,1384,,79.8,36.1
2026-06-05 00:54:56,node,worker-3,498,906,,24.9,23.6
2026-06-05 00:54:56,node,worker-4,1628,2191,,81.4,57.1
2026-06-05 00:55:04,deployment,adservice,42,108,1,,
2026-06-05 00:55:04,deployment,cartservice,360,249,6,,
2026-06-05 00:55:04,deployment,checkoutservice,33,22,1,,
2026-06-05 00:55:04,deployment,currencyservice,420,200,4,,
2026-06-05 00:55:04,deployment,emailservice,15,61,1,,
2026-06-05 00:55:04,deployment,frontend,572,53,4,,
2026-06-05 00:55:04,deployment,paymentservice,11,76,1,,
2026-06-05 00:55:04,deployment,productcatalogservice,373,59,5,,
2026-06-05 00:55:04,deployment,recommendationservice,247,103,2,,
2026-06-05 00:55:04,deployment,redis-cart,33,36,1,,
2026-06-05 00:55:04,deployment,shippingservice,34,25,1,,
2026-06-05 00:55:04,node,master,1093,1854,,54.6,48.3
2026-06-05 00:55:04,node,worker-1,853,1543,,42.6,40.2
2026-06-05 00:55:04,node,worker-2,1603,1387,,80.2,36.1
2026-06-05 00:55:04,node,worker-3,511,921,,25.6,24.0
2026-06-05 00:55:04,node,worker-4,1629,2151,,81.5,56.0
2026-06-05 00:55:11,deployment,adservice,43,108,1,,
2026-06-05 00:55:11,deployment,cartservice,348,264,6,,
2026-06-05 00:55:11,deployment,checkoutservice,33,22,1,,
2026-06-05 00:55:11,deployment,currencyservice,420,200,4,,
2026-06-05 00:55:11,deployment,emailservice,15,61,1,,
2026-06-05 00:55:11,deployment,frontend,572,53,4,,
2026-06-05 00:55:11,deployment,paymentservice,11,76,1,,
2026-06-05 00:55:11,deployment,productcatalogservice,373,59,5,,
2026-06-05 00:55:11,deployment,recommendationservice,247,103,2,,
2026-06-05 00:55:11,deployment,redis-cart,33,36,1,,
2026-06-05 00:55:11,deployment,shippingservice,34,25,1,,
2026-06-05 00:55:11,node,master,1093,1854,,54.6,48.3
2026-06-05 00:55:11,node,worker-1,853,1543,,42.6,40.2
2026-06-05 00:55:11,node,worker-2,1603,1387,,80.2,36.1
2026-06-05 00:55:11,node,worker-3,511,921,,25.6,24.0
2026-06-05 00:55:11,node,worker-4,1629,2151,,81.5,56.0
2026-06-05 00:55:20,deployment,adservice,42,108,1,,
2026-06-05 00:55:20,deployment,cartservice,295,271,6,,
2026-06-05 00:55:20,deployment,checkoutservice,35,22,1,,
2026-06-05 00:55:20,deployment,currencyservice,432,199,4,,
2026-06-05 00:55:20,deployment,emailservice,16,61,1,,
2026-06-05 00:55:20,deployment,frontend,642,59,4,,
2026-06-05 00:55:20,deployment,paymentservice,12,75,1,,
2026-06-05 00:55:20,deployment,productcatalogservice,369,62,5,,
2026-06-05 00:55:20,deployment,recommendationservice,248,103,2,,
2026-06-05 00:55:20,deployment,redis-cart,18,36,1,,
2026-06-05 00:55:20,deployment,shippingservice,34,25,1,,
2026-06-05 00:55:20,node,master,1117,1832,,55.9,47.7
2026-06-05 00:55:20,node,worker-1,819,1556,,40.9,40.5
2026-06-05 00:55:20,node,worker-2,1513,1386,,75.6,36.1
2026-06-05 00:55:20,node,worker-3,707,927,,35.4,24.1
2026-06-05 00:55:20,node,worker-4,1700,2162,,85.0,56.3
2026-06-05 00:55:26,deployment,adservice,42,108,1,,
2026-06-05 00:55:26,deployment,cartservice,295,271,6,,
2026-06-05 00:55:26,deployment,checkoutservice,35,22,1,,
2026-06-05 00:55:26,deployment,currencyservice,432,199,4,,
2026-06-05 00:55:26,deployment,emailservice,16,61,1,,
2026-06-05 00:55:26,deployment,frontend,642,59,4,,
2026-06-05 00:55:26,deployment,paymentservice,12,75,1,,
2026-06-05 00:55:26,deployment,productcatalogservice,369,62,5,,
2026-06-05 00:55:26,deployment,recommendationservice,248,103,2,,
2026-06-05 00:55:26,deployment,redis-cart,18,36,1,,
2026-06-05 00:55:26,deployment,shippingservice,34,25,1,,
2026-06-05 00:55:26,node,master,1117,1832,,55.9,47.7
2026-06-05 00:55:26,node,worker-1,819,1556,,40.9,40.5
2026-06-05 00:55:26,node,worker-2,1513,1386,,75.6,36.1
2026-06-05 00:55:26,node,worker-3,707,927,,35.4,24.1
2026-06-05 00:55:26,node,worker-4,1700,2162,,85.0,56.3
2026-06-05 00:55:33,deployment,adservice,42,108,1,,
2026-06-05 00:55:33,deployment,cartservice,295,271,6,,
2026-06-05 00:55:33,deployment,checkoutservice,35,22,1,,
2026-06-05 00:55:33,deployment,currencyservice,432,199,4,,
2026-06-05 00:55:33,deployment,emailservice,16,61,1,,
2026-06-05 00:55:33,deployment,frontend,642,59,4,,
2026-06-05 00:55:33,deployment,paymentservice,12,75,1,,
2026-06-05 00:55:33,deployment,productcatalogservice,369,62,5,,
2026-06-05 00:55:33,deployment,recommendationservice,248,103,2,,
2026-06-05 00:55:33,deployment,redis-cart,18,36,1,,
2026-06-05 00:55:33,deployment,shippingservice,34,25,1,,
2026-06-05 00:55:33,node,master,1117,1832,,55.9,47.7
2026-06-05 00:55:33,node,worker-1,819,1556,,40.9,40.5
2026-06-05 00:55:33,node,worker-2,1513,1386,,75.6,36.1
2026-06-05 00:55:33,node,worker-3,599,928,,29.9,24.2
2026-06-05 00:55:33,node,worker-4,1560,2128,,78.0,55.4
2026-06-05 00:55:40,deployment,adservice,42,108,1,,
2026-06-05 00:55:40,deployment,cartservice,307,279,6,,
2026-06-05 00:55:40,deployment,checkoutservice,33,22,1,,
2026-06-05 00:55:40,deployment,currencyservice,390,201,4,,
2026-06-05 00:55:40,deployment,emailservice,15,61,1,,
2026-06-05 00:55:40,deployment,frontend,572,57,4,,
2026-06-05 00:55:40,deployment,paymentservice,11,75,1,,
2026-06-05 00:55:40,deployment,productcatalogservice,348,62,5,,
2026-06-05 00:55:40,deployment,recommendationservice,219,103,2,,
2026-06-05 00:55:40,deployment,redis-cart,16,36,1,,
2026-06-05 00:55:40,deployment,shippingservice,34,25,1,,
2026-06-05 00:55:40,node,master,904,1830,,45.2,47.7
2026-06-05 00:55:40,node,worker-1,711,1556,,35.5,40.5
2026-06-05 00:55:40,node,worker-2,1356,1387,,67.8,36.1
2026-06-05 00:55:40,node,worker-3,599,928,,29.9,24.2
2026-06-05 00:55:40,node,worker-4,1560,2128,,78.0,55.4
2026-06-05 00:55:47,deployment,adservice,42,108,1,,
2026-06-05 00:55:47,deployment,cartservice,307,279,6,,
2026-06-05 00:55:47,deployment,checkoutservice,33,22,1,,
2026-06-05 00:55:47,deployment,currencyservice,390,201,4,,
2026-06-05 00:55:47,deployment,emailservice,15,61,1,,
2026-06-05 00:55:47,deployment,frontend,572,57,4,,
2026-06-05 00:55:47,deployment,paymentservice,11,75,1,,
2026-06-05 00:55:47,deployment,productcatalogservice,348,62,5,,
2026-06-05 00:55:47,deployment,recommendationservice,219,103,2,,
2026-06-05 00:55:47,deployment,redis-cart,16,36,1,,
2026-06-05 00:55:47,deployment,shippingservice,34,25,1,,
2026-06-05 00:55:47,node,master,904,1830,,45.2,47.7
2026-06-05 00:55:47,node,worker-1,711,1556,,35.5,40.5
2026-06-05 00:55:47,node,worker-2,1356,1387,,67.8,36.1
2026-06-05 00:55:47,node,worker-3,599,928,,29.9,24.2
2026-06-05 00:55:47,node,worker-4,1560,2128,,78.0,55.4
2026-06-05 00:55:54,deployment,adservice,36,108,1,,
2026-06-05 00:55:54,deployment,cartservice,212,280,6,,
2026-06-05 00:55:54,deployment,checkoutservice,27,22,1,,
2026-06-05 00:55:54,deployment,currencyservice,340,201,4,,
2026-06-05 00:55:54,deployment,emailservice,13,61,1,,
2026-06-05 00:55:54,deployment,frontend,516,58,4,,
2026-06-05 00:55:54,deployment,paymentservice,8,75,1,,
2026-06-05 00:55:54,deployment,productcatalogservice,313,59,5,,
2026-06-05 00:55:54,deployment,recommendationservice,197,103,2,,
2026-06-05 00:55:54,deployment,redis-cart,16,36,1,,
2026-06-05 00:55:54,deployment,shippingservice,30,25,1,,
2026-06-05 00:55:54,node,master,989,1834,,49.5,47.8
2026-06-05 00:55:54,node,worker-1,619,1560,,30.9,40.6
2026-06-05 00:55:54,node,worker-2,1278,1387,,63.9,36.1
2026-06-05 00:55:54,node,worker-3,619,929,,30.9,24.2
2026-06-05 00:55:54,node,worker-4,1559,2124,,78.0,55.3
2026-06-05 00:56:03,deployment,adservice,36,108,1,,
2026-06-05 00:56:03,deployment,cartservice,212,280,6,,
2026-06-05 00:56:03,deployment,checkoutservice,27,22,1,,
2026-06-05 00:56:03,deployment,currencyservice,340,201,4,,
2026-06-05 00:56:03,deployment,emailservice,13,61,1,,
2026-06-05 00:56:03,deployment,frontend,516,58,4,,
2026-06-05 00:56:03,deployment,paymentservice,8,75,1,,
2026-06-05 00:56:03,deployment,productcatalogservice,313,59,5,,
2026-06-05 00:56:03,deployment,recommendationservice,197,103,2,,
2026-06-05 00:56:03,deployment,redis-cart,16,36,1,,
2026-06-05 00:56:03,deployment,shippingservice,30,25,1,,
2026-06-05 00:56:03,node,master,892,1831,,44.6,47.7
2026-06-05 00:56:03,node,worker-1,645,1561,,32.2,40.7
2026-06-05 00:56:03,node,worker-2,1313,1387,,65.6,36.1
2026-06-05 00:56:03,node,worker-3,610,929,,30.5,24.2
2026-06-05 00:56:03,node,worker-4,1429,2159,,71.5,56.2
2026-06-05 00:56:10,deployment,adservice,37,108,1,,
2026-06-05 00:56:10,deployment,cartservice,199,282,6,,
2026-06-05 00:56:10,deployment,checkoutservice,27,22,1,,
2026-06-05 00:56:10,deployment,currencyservice,346,200,4,,
2026-06-05 00:56:10,deployment,emailservice,12,61,1,,
2026-06-05 00:56:10,deployment,frontend,528,59,4,,
2026-06-05 00:56:10,deployment,paymentservice,11,76,1,,
2026-06-05 00:56:10,deployment,productcatalogservice,310,59,5,,
2026-06-05 00:56:10,deployment,recommendationservice,197,103,2,,
2026-06-05 00:56:10,deployment,redis-cart,16,36,1,,
2026-06-05 00:56:10,deployment,shippingservice,27,25,1,,
2026-06-05 00:56:10,node,master,892,1831,,44.6,47.7
2026-06-05 00:56:10,node,worker-1,645,1561,,32.2,40.7
2026-06-05 00:56:10,node,worker-2,1313,1387,,65.6,36.1
2026-06-05 00:56:10,node,worker-3,610,929,,30.5,24.2
2026-06-05 00:56:10,node,worker-4,1429,2159,,71.5,56.2
2026-06-05 00:56:18,deployment,adservice,37,108,1,,
2026-06-05 00:56:18,deployment,cartservice,199,282,6,,
2026-06-05 00:56:18,deployment,checkoutservice,27,22,1,,
2026-06-05 00:56:18,deployment,currencyservice,346,200,4,,
2026-06-05 00:56:18,deployment,emailservice,12,61,1,,
2026-06-05 00:56:18,deployment,frontend,528,59,4,,
2026-06-05 00:56:18,deployment,paymentservice,11,76,1,,
2026-06-05 00:56:18,deployment,productcatalogservice,310,59,5,,
2026-06-05 00:56:18,deployment,recommendationservice,197,103,2,,
2026-06-05 00:56:18,deployment,redis-cart,16,36,1,,
2026-06-05 00:56:18,deployment,shippingservice,27,25,1,,
2026-06-05 00:56:18,node,master,892,1831,,44.6,47.7
2026-06-05 00:56:18,node,worker-1,645,1561,,32.2,40.7
2026-06-05 00:56:18,node,worker-2,1313,1387,,65.6,36.1
2026-06-05 00:56:18,node,worker-3,610,929,,30.5,24.2
2026-06-05 00:56:18,node,worker-4,1429,2159,,71.5,56.2
2026-06-05 00:56:25,deployment,adservice,37,108,1,,
2026-06-05 00:56:25,deployment,cartservice,203,287,6,,
2026-06-05 00:56:25,deployment,checkoutservice,27,22,1,,
2026-06-05 00:56:25,deployment,currencyservice,332,202,4,,
2026-06-05 00:56:25,deployment,emailservice,14,61,1,,
2026-06-05 00:56:25,deployment,frontend,501,58,4,,
2026-06-05 00:56:25,deployment,paymentservice,11,76,1,,
2026-06-05 00:56:25,deployment,productcatalogservice,305,59,5,,
2026-06-05 00:56:25,deployment,recommendationservice,196,103,2,,
2026-06-05 00:56:25,deployment,redis-cart,15,36,1,,
2026-06-05 00:56:25,deployment,shippingservice,27,25,1,,
2026-06-05 00:56:25,node,master,867,1835,,43.4,47.8
2026-06-05 00:56:25,node,worker-1,618,1564,,30.9,40.7
2026-06-05 00:56:25,node,worker-2,1263,1386,,63.1,36.1
2026-06-05 00:56:25,node,worker-3,591,929,,29.5,24.2
2026-06-05 00:56:25,node,worker-4,1548,2169,,77.4,56.5
2026-06-05 00:56:33,deployment,adservice,37,108,1,,
2026-06-05 00:56:33,deployment,cartservice,203,287,6,,
2026-06-05 00:56:33,deployment,checkoutservice,27,22,1,,
2026-06-05 00:56:33,deployment,currencyservice,332,202,4,,
2026-06-05 00:56:33,deployment,emailservice,14,61,1,,
2026-06-05 00:56:33,deployment,frontend,501,58,4,,
2026-06-05 00:56:33,deployment,paymentservice,11,76,1,,
2026-06-05 00:56:33,deployment,productcatalogservice,305,59,5,,
2026-06-05 00:56:33,deployment,recommendationservice,196,103,2,,
2026-06-05 00:56:33,deployment,redis-cart,15,36,1,,
2026-06-05 00:56:33,deployment,shippingservice,27,25,1,,
2026-06-05 00:56:33,node,master,867,1835,,43.4,47.8
2026-06-05 00:56:33,node,worker-1,618,1564,,30.9,40.7
2026-06-05 00:56:33,node,worker-2,1263,1386,,63.1,36.1
2026-06-05 00:56:33,node,worker-3,591,929,,29.5,24.2
2026-06-05 00:56:33,node,worker-4,1548,2169,,77.4,56.5
2026-06-05 00:56:40,deployment,adservice,34,108,1,,
2026-06-05 00:56:40,deployment,cartservice,186,286,6,,
2026-06-05 00:56:40,deployment,checkoutservice,28,22,1,,
2026-06-05 00:56:40,deployment,currencyservice,327,209,4,,
2026-06-05 00:56:40,deployment,emailservice,13,61,1,,
2026-06-05 00:56:40,deployment,frontend,502,58,4,,
2026-06-05 00:56:40,deployment,paymentservice,10,75,1,,
2026-06-05 00:56:40,deployment,productcatalogservice,300,59,5,,
2026-06-05 00:56:40,deployment,recommendationservice,186,103,2,,
2026-06-05 00:56:40,deployment,redis-cart,15,36,1,,
2026-06-05 00:56:40,deployment,shippingservice,27,25,1,,
2026-06-05 00:56:40,node,master,843,1836,,42.1,47.8
2026-06-05 00:56:40,node,worker-1,617,1566,,30.9,40.8
2026-06-05 00:56:40,node,worker-2,1212,1387,,60.6,36.1
2026-06-05 00:56:40,node,worker-3,590,931,,29.5,24.3
2026-06-05 00:56:40,node,worker-4,1419,2147,,71.0,55.9
2026-06-05 00:56:47,deployment,adservice,34,108,1,,
2026-06-05 00:56:47,deployment,cartservice,186,286,6,,
2026-06-05 00:56:47,deployment,checkoutservice,28,22,1,,
2026-06-05 00:56:47,deployment,currencyservice,327,209,4,,
2026-06-05 00:56:47,deployment,emailservice,13,61,1,,
2026-06-05 00:56:47,deployment,frontend,502,58,4,,
2026-06-05 00:56:47,deployment,paymentservice,10,75,1,,
2026-06-05 00:56:47,deployment,productcatalogservice,300,59,5,,
2026-06-05 00:56:47,deployment,recommendationservice,186,103,2,,
2026-06-05 00:56:47,deployment,redis-cart,15,36,1,,
2026-06-05 00:56:47,deployment,shippingservice,27,25,1,,
2026-06-05 00:56:47,node,master,843,1836,,42.1,47.8
2026-06-05 00:56:47,node,worker-1,617,1566,,30.9,40.8
2026-06-05 00:56:47,node,worker-2,1212,1387,,60.6,36.1
2026-06-05 00:56:47,node,worker-3,590,931,,29.5,24.3
2026-06-05 00:56:47,node,worker-4,1419,2147,,71.0,55.9
2026-06-05 00:56:54,deployment,adservice,34,108,1,,
2026-06-05 00:56:54,deployment,cartservice,200,289,6,,
2026-06-05 00:56:54,deployment,checkoutservice,23,22,1,,
2026-06-05 00:56:54,deployment,currencyservice,336,213,4,,
2026-06-05 00:56:54,deployment,emailservice,13,61,1,,
2026-06-05 00:56:54,deployment,frontend,493,58,4,,
2026-06-05 00:56:54,deployment,paymentservice,8,75,1,,
2026-06-05 00:56:54,deployment,productcatalogservice,296,59,5,,
2026-06-05 00:56:54,deployment,recommendationservice,185,103,2,,
2026-06-05 00:56:54,deployment,redis-cart,15,36,1,,
2026-06-05 00:56:54,deployment,shippingservice,27,25,1,,
2026-06-05 00:56:54,node,master,866,1840,,43.3,47.9
2026-06-05 00:56:54,node,worker-1,620,1569,,31.0,40.9
2026-06-05 00:56:54,node,worker-2,1248,1389,,62.4,36.2
2026-06-05 00:56:54,node,worker-3,585,931,,29.2,24.3
2026-06-05 00:56:54,node,worker-4,1472,2173,,73.6,56.6
2026-06-05 00:57:00,deployment,adservice,34,108,1,,
2026-06-05 00:57:00,deployment,cartservice,200,289,6,,
2026-06-05 00:57:00,deployment,checkoutservice,23,22,1,,
2026-06-05 00:57:00,deployment,currencyservice,336,213,4,,
2026-06-05 00:57:00,deployment,emailservice,13,61,1,,
2026-06-05 00:57:00,deployment,frontend,493,58,4,,
2026-06-05 00:57:00,deployment,paymentservice,8,75,1,,
2026-06-05 00:57:00,deployment,productcatalogservice,296,59,5,,
2026-06-05 00:57:00,deployment,recommendationservice,185,103,2,,
2026-06-05 00:57:00,deployment,redis-cart,15,36,1,,
2026-06-05 00:57:00,deployment,shippingservice,27,25,1,,
2026-06-05 00:57:00,node,master,866,1840,,43.3,47.9
2026-06-05 00:57:00,node,worker-1,620,1569,,31.0,40.9
2026-06-05 00:57:00,node,worker-2,1248,1389,,62.4,36.2
2026-06-05 00:57:00,node,worker-3,585,931,,29.2,24.3
2026-06-05 00:57:00,node,worker-4,1472,2173,,73.6,56.6
2026-06-05 00:57:09,deployment,adservice,33,108,1,,
2026-06-05 00:57:09,deployment,cartservice,187,291,6,,
2026-06-05 00:57:09,deployment,checkoutservice,24,22,1,,
2026-06-05 00:57:09,deployment,currencyservice,322,216,4,,
2026-06-05 00:57:09,deployment,emailservice,13,61,1,,
2026-06-05 00:57:09,deployment,frontend,478,59,4,,
2026-06-05 00:57:09,deployment,paymentservice,8,76,1,,
2026-06-05 00:57:09,deployment,productcatalogservice,279,59,5,,
2026-06-05 00:57:09,deployment,recommendationservice,179,103,2,,
2026-06-05 00:57:09,deployment,redis-cart,14,36,1,,
2026-06-05 00:57:09,deployment,shippingservice,26,25,1,,
2026-06-05 00:57:09,node,master,856,1838,,42.8,47.9
2026-06-05 00:57:09,node,worker-1,539,1572,,27.0,40.9
2026-06-05 00:57:09,node,worker-2,1125,1392,,56.2,36.3
2026-06-05 00:57:09,node,worker-3,516,931,,25.8,24.3
2026-06-05 00:57:09,node,worker-4,1358,2170,,67.9,56.5
2026-06-05 00:57:16,deployment,adservice,33,108,1,,
2026-06-05 00:57:16,deployment,cartservice,187,291,6,,
2026-06-05 00:57:16,deployment,checkoutservice,24,22,1,,
2026-06-05 00:57:16,deployment,currencyservice,322,216,4,,
2026-06-05 00:57:16,deployment,emailservice,13,61,1,,
2026-06-05 00:57:16,deployment,frontend,478,59,4,,
2026-06-05 00:57:16,deployment,paymentservice,8,76,1,,
2026-06-05 00:57:16,deployment,productcatalogservice,279,59,5,,
2026-06-05 00:57:16,deployment,recommendationservice,179,103,2,,
2026-06-05 00:57:16,deployment,redis-cart,14,36,1,,
2026-06-05 00:57:16,deployment,shippingservice,26,25,1,,
2026-06-05 00:57:16,node,master,856,1838,,42.8,47.9
2026-06-05 00:57:16,node,worker-1,539,1572,,27.0,40.9
2026-06-05 00:57:16,node,worker-2,1125,1392,,56.2,36.3
2026-06-05 00:57:16,node,worker-3,516,931,,25.8,24.3
2026-06-05 00:57:16,node,worker-4,1358,2170,,67.9,56.5
2026-06-05 00:57:23,deployment,adservice,33,107,1,,
2026-06-05 00:57:23,deployment,cartservice,189,291,6,,
2026-06-05 00:57:23,deployment,checkoutservice,21,22,1,,
2026-06-05 00:57:23,deployment,currencyservice,308,216,4,,
2026-06-05 00:57:23,deployment,emailservice,12,61,1,,
2026-06-05 00:57:23,deployment,frontend,463,59,4,,
2026-06-05 00:57:23,deployment,paymentservice,8,76,1,,
2026-06-05 00:57:23,deployment,productcatalogservice,282,59,5,,
2026-06-05 00:57:23,deployment,recommendationservice,183,103,2,,
2026-06-05 00:57:23,deployment,redis-cart,14,36,1,,
2026-06-05 00:57:23,deployment,shippingservice,24,25,1,,
2026-06-05 00:57:23,node,master,851,1843,,42.5,48.0
2026-06-05 00:57:23,node,worker-1,589,1574,,29.4,41.0
2026-06-05 00:57:23,node,worker-2,1188,1390,,59.4,36.2
2026-06-05 00:57:23,node,worker-3,559,916,,28.0,23.9
2026-06-05 00:57:23,node,worker-4,1325,2172,,66.2,56.6
2026-06-05 00:57:30,deployment,adservice,33,107,1,,
2026-06-05 00:57:30,deployment,cartservice,189,291,6,,
2026-06-05 00:57:30,deployment,checkoutservice,21,22,1,,
2026-06-05 00:57:30,deployment,currencyservice,308,216,4,,
2026-06-05 00:57:30,deployment,emailservice,12,61,1,,
2026-06-05 00:57:30,deployment,frontend,463,59,4,,
2026-06-05 00:57:30,deployment,paymentservice,8,76,1,,
2026-06-05 00:57:30,deployment,productcatalogservice,282,59,5,,
2026-06-05 00:57:30,deployment,recommendationservice,183,103,2,,
2026-06-05 00:57:30,deployment,redis-cart,14,36,1,,
2026-06-05 00:57:30,deployment,shippingservice,24,25,1,,
2026-06-05 00:57:30,node,master,851,1843,,42.5,48.0
2026-06-05 00:57:30,node,worker-1,589,1574,,29.4,41.0
2026-06-05 00:57:30,node,worker-2,1188,1390,,59.4,36.2
2026-06-05 00:57:30,node,worker-3,559,916,,28.0,23.9
2026-06-05 00:57:30,node,worker-4,1325,2172,,66.2,56.6
2026-06-05 00:57:37,deployment,adservice,33,107,1,,
2026-06-05 00:57:37,deployment,cartservice,168,293,6,,
2026-06-05 00:57:37,deployment,checkoutservice,21,22,1,,
2026-06-05 00:57:37,deployment,currencyservice,283,215,4,,
2026-06-05 00:57:37,deployment,emailservice,12,61,1,,
2026-06-05 00:57:37,deployment,frontend,422,59,4,,
2026-06-05 00:57:37,deployment,paymentservice,7,75,1,,
2026-06-05 00:57:37,deployment,productcatalogservice,242,59,5,,
2026-06-05 00:57:37,deployment,recommendationservice,159,103,2,,
2026-06-05 00:57:37,deployment,redis-cart,12,36,1,,
2026-06-05 00:57:37,deployment,shippingservice,21,25,1,,
2026-06-05 00:57:37,node,master,719,1840,,35.9,47.9
2026-06-05 00:57:37,node,worker-1,473,1573,,23.6,41.0
2026-06-05 00:57:37,node,worker-2,1003,1395,,50.1,36.3
2026-06-05 00:57:37,node,worker-3,480,914,,24.0,23.8
2026-06-05 00:57:37,node,worker-4,1260,2112,,63.0,55.0
2026-06-05 00:57:44,deployment,adservice,33,107,1,,
2026-06-05 00:57:44,deployment,cartservice,168,293,6,,
2026-06-05 00:57:44,deployment,checkoutservice,21,22,1,,
2026-06-05 00:57:44,deployment,currencyservice,210,172,3,,
2026-06-05 00:57:44,deployment,emailservice,12,61,1,,
2026-06-05 00:57:44,deployment,frontend,422,59,4,,
2026-06-05 00:57:44,deployment,paymentservice,7,75,1,,
2026-06-05 00:57:44,deployment,productcatalogservice,242,59,5,,
2026-06-05 00:57:44,deployment,recommendationservice,159,103,2,,
2026-06-05 00:57:44,deployment,redis-cart,12,36,1,,
2026-06-05 00:57:44,deployment,shippingservice,21,25,1,,
2026-06-05 00:57:44,node,master,719,1840,,35.9,47.9
2026-06-05 00:57:44,node,worker-1,473,1573,,23.6,41.0
2026-06-05 00:57:44,node,worker-2,1003,1395,,50.1,36.3
2026-06-05 00:57:44,node,worker-3,480,914,,24.0,23.8
2026-06-05 00:57:44,node,worker-4,1260,2112,,63.0,55.0
2026-06-05 00:57:51,deployment,adservice,26,107,1,,
2026-06-05 00:57:51,deployment,cartservice,178,294,6,,
2026-06-05 00:57:51,deployment,checkoutservice,19,22,1,,
2026-06-05 00:57:51,deployment,currencyservice,181,171,3,,
2026-06-05 00:57:51,deployment,emailservice,11,61,1,,
2026-06-05 00:57:51,deployment,frontend,387,60,4,,
2026-06-05 00:57:51,deployment,paymentservice,9,76,1,,
2026-06-05 00:57:51,deployment,productcatalogservice,236,59,5,,
2026-06-05 00:57:51,deployment,recommendationservice,146,104,2,,
2026-06-05 00:57:51,deployment,redis-cart,29,36,1,,
2026-06-05 00:57:51,deployment,shippingservice,19,25,1,,
2026-06-05 00:57:51,node,master,769,1843,,38.5,48.0
2026-06-05 00:57:51,node,worker-1,521,1574,,26.1,41.0
2026-06-05 00:57:51,node,worker-2,962,1354,,48.1,35.3
2026-06-05 00:57:51,node,worker-3,500,922,,25.0,24.0
2026-06-05 00:57:51,node,worker-4,1250,2114,,62.5,55.1
2026-06-05 00:57:57,deployment,adservice,26,107,1,,
2026-06-05 00:57:57,deployment,cartservice,178,294,6,,
2026-06-05 00:57:57,deployment,checkoutservice,19,22,1,,
2026-06-05 00:57:57,deployment,currencyservice,181,171,3,,
2026-06-05 00:57:57,deployment,emailservice,11,61,1,,
2026-06-05 00:57:57,deployment,frontend,387,60,4,,
2026-06-05 00:57:57,deployment,paymentservice,9,76,1,,
2026-06-05 00:57:57,deployment,productcatalogservice,236,59,5,,
2026-06-05 00:57:57,deployment,recommendationservice,146,104,2,,
2026-06-05 00:57:57,deployment,redis-cart,29,36,1,,
2026-06-05 00:57:57,deployment,shippingservice,19,25,1,,
2026-06-05 00:57:57,node,master,769,1843,,38.5,48.0
2026-06-05 00:57:57,node,worker-1,521,1574,,26.1,41.0
2026-06-05 00:57:57,node,worker-2,962,1354,,48.1,35.3
2026-06-05 00:57:57,node,worker-3,500,922,,25.0,24.0
2026-06-05 00:57:57,node,worker-4,1250,2114,,62.5,55.1
2026-06-05 00:58:03,deployment,adservice,26,107,1,,
2026-06-05 00:58:03,deployment,cartservice,178,294,6,,
2026-06-05 00:58:03,deployment,checkoutservice,19,22,1,,
2026-06-05 00:58:03,deployment,currencyservice,181,171,3,,
2026-06-05 00:58:03,deployment,emailservice,11,61,1,,
2026-06-05 00:58:03,deployment,frontend,387,60,4,,
2026-06-05 00:58:03,deployment,paymentservice,9,76,1,,
2026-06-05 00:58:03,deployment,productcatalogservice,236,59,5,,
2026-06-05 00:58:03,deployment,recommendationservice,146,104,2,,
2026-06-05 00:58:03,deployment,redis-cart,29,36,1,,
2026-06-05 00:58:03,deployment,shippingservice,19,25,1,,
2026-06-05 00:58:03,node,master,769,1843,,38.5,48.0
2026-06-05 00:58:03,node,worker-1,521,1574,,26.1,41.0
2026-06-05 00:58:03,node,worker-2,962,1354,,48.1,35.3
2026-06-05 00:58:03,node,worker-3,500,922,,25.0,24.0
2026-06-05 00:58:03,node,worker-4,1250,2114,,62.5,55.1
2026-06-05 00:58:10,deployment,adservice,25,107,1,,
2026-06-05 00:58:10,deployment,cartservice,162,294,6,,
2026-06-05 00:58:10,deployment,checkoutservice,23,22,1,,
2026-06-05 00:58:10,deployment,currencyservice,228,171,3,,
2026-06-05 00:58:10,deployment,emailservice,12,61,1,,
2026-06-05 00:58:10,deployment,frontend,380,58,4,,
2026-06-05 00:58:10,deployment,paymentservice,7,75,1,,
2026-06-05 00:58:10,deployment,productcatalogservice,234,59,5,,
2026-06-05 00:58:10,deployment,recommendationservice,141,103,2,,
2026-06-05 00:58:10,deployment,redis-cart,12,36,1,,
2026-06-05 00:58:10,deployment,shippingservice,21,25,1,,
2026-06-05 00:58:10,node,master,752,1840,,37.6,47.9
2026-06-05 00:58:10,node,worker-1,541,1570,,27.1,40.9
2026-06-05 00:58:10,node,worker-2,966,1347,,48.3,35.1
2026-06-05 00:58:10,node,worker-3,465,921,,23.2,24.0
2026-06-05 00:58:10,node,worker-4,1238,2090,,61.9,54.4
2026-06-05 00:58:17,deployment,adservice,25,107,1,,
2026-06-05 00:58:17,deployment,cartservice,162,294,6,,
2026-06-05 00:58:17,deployment,checkoutservice,23,22,1,,
2026-06-05 00:58:17,deployment,currencyservice,228,171,3,,
2026-06-05 00:58:17,deployment,emailservice,12,61,1,,
2026-06-05 00:58:17,deployment,frontend,380,58,4,,
2026-06-05 00:58:17,deployment,paymentservice,7,75,1,,
2026-06-05 00:58:17,deployment,productcatalogservice,234,59,5,,
2026-06-05 00:58:17,deployment,recommendationservice,141,103,2,,
2026-06-05 00:58:17,deployment,redis-cart,12,36,1,,
2026-06-05 00:58:17,deployment,shippingservice,21,25,1,,
2026-06-05 00:58:17,node,master,752,1840,,37.6,47.9
2026-06-05 00:58:17,node,worker-1,541,1570,,27.1,40.9
2026-06-05 00:58:17,node,worker-2,966,1347,,48.3,35.1
2026-06-05 00:58:17,node,worker-3,465,921,,23.2,24.0
2026-06-05 00:58:17,node,worker-4,1238,2090,,61.9,54.4
2026-06-05 00:58:23,deployment,adservice,27,107,1,,
2026-06-05 00:58:23,deployment,cartservice,156,294,6,,
2026-06-05 00:58:23,deployment,checkoutservice,23,22,1,,
2026-06-05 00:58:23,deployment,currencyservice,233,170,3,,
2026-06-05 00:58:23,deployment,emailservice,12,61,1,,
2026-06-05 00:58:23,deployment,frontend,382,58,4,,
2026-06-05 00:58:23,deployment,paymentservice,7,75,1,,
2026-06-05 00:58:23,deployment,productcatalogservice,229,59,5,,
2026-06-05 00:58:23,deployment,recommendationservice,143,103,2,,
2026-06-05 00:58:23,deployment,redis-cart,12,36,1,,
2026-06-05 00:58:23,deployment,shippingservice,21,25,1,,
2026-06-05 00:58:23,node,master,728,1840,,36.4,47.9
2026-06-05 00:58:23,node,worker-1,494,1569,,24.7,40.9
2026-06-05 00:58:23,node,worker-2,937,1344,,46.9,35.0
2026-06-05 00:58:23,node,worker-3,483,921,,24.1,24.0
2026-06-05 00:58:23,node,worker-4,1227,2085,,61.4,54.3
2026-06-05 00:58:30,deployment,adservice,27,107,1,,
2026-06-05 00:58:30,deployment,cartservice,156,294,6,,
2026-06-05 00:58:30,deployment,checkoutservice,23,22,1,,
2026-06-05 00:58:30,deployment,currencyservice,233,170,3,,
2026-06-05 00:58:30,deployment,emailservice,12,61,1,,
2026-06-05 00:58:30,deployment,frontend,382,58,4,,
2026-06-05 00:58:30,deployment,paymentservice,7,75,1,,
2026-06-05 00:58:30,deployment,productcatalogservice,186,51,4,,
2026-06-05 00:58:30,deployment,recommendationservice,143,103,2,,
2026-06-05 00:58:30,deployment,redis-cart,12,36,1,,
2026-06-05 00:58:30,deployment,shippingservice,21,25,1,,
2026-06-05 00:58:30,node,master,728,1840,,36.4,47.9
2026-06-05 00:58:30,node,worker-1,494,1569,,24.7,40.9
2026-06-05 00:58:30,node,worker-2,937,1344,,46.9,35.0
2026-06-05 00:58:30,node,worker-3,483,921,,24.1,24.0
2026-06-05 00:58:30,node,worker-4,1227,2085,,61.4,54.3
2026-06-05 00:58:36,deployment,adservice,29,107,1,,
2026-06-05 00:58:36,deployment,cartservice,172,294,6,,
2026-06-05 00:58:36,deployment,checkoutservice,18,22,1,,
2026-06-05 00:58:36,deployment,currencyservice,249,172,3,,
2026-06-05 00:58:36,deployment,emailservice,11,61,1,,
2026-06-05 00:58:36,deployment,frontend,419,57,4,,
2026-06-05 00:58:36,deployment,paymentservice,8,75,1,,
2026-06-05 00:58:36,deployment,productcatalogservice,206,55,4,,
2026-06-05 00:58:36,deployment,recommendationservice,155,103,2,,
2026-06-05 00:58:36,deployment,redis-cart,13,36,1,,
2026-06-05 00:58:36,deployment,shippingservice,24,25,1,,
2026-06-05 00:58:36,node,master,843,1838,,42.1,47.9
2026-06-05 00:58:36,node,worker-1,596,1571,,29.8,40.9
2026-06-05 00:58:36,node,worker-2,1004,1344,,50.2,35.0
2026-06-05 00:58:36,node,worker-3,553,922,,27.7,24.0
2026-06-05 00:58:36,node,worker-4,1368,2087,,68.4,54.4
2026-06-05 00:58:44,deployment,adservice,29,107,1,,
2026-06-05 00:58:44,deployment,cartservice,146,252,5,,
2026-06-05 00:58:44,deployment,checkoutservice,18,22,1,,
2026-06-05 00:58:44,deployment,currencyservice,249,172,3,,
2026-06-05 00:58:44,deployment,emailservice,11,61,1,,
2026-06-05 00:58:44,deployment,frontend,419,57,4,,
2026-06-05 00:58:44,deployment,paymentservice,8,75,1,,
2026-06-05 00:58:44,deployment,productcatalogservice,206,55,4,,
2026-06-05 00:58:44,deployment,recommendationservice,155,103,2,,
2026-06-05 00:58:44,deployment,redis-cart,13,36,1,,
2026-06-05 00:58:44,deployment,shippingservice,24,25,1,,
2026-06-05 00:58:44,node,master,843,1838,,42.1,47.9
2026-06-05 00:58:44,node,worker-1,596,1571,,29.8,40.9
2026-06-05 00:58:44,node,worker-2,1004,1344,,50.2,35.0
2026-06-05 00:58:44,node,worker-3,553,922,,27.7,24.0
2026-06-05 00:58:44,node,worker-4,1368,2087,,68.4,54.4
2026-06-05 00:58:51,deployment,adservice,31,107,1,,
2026-06-05 00:58:51,deployment,cartservice,159,253,5,,
2026-06-05 00:58:51,deployment,checkoutservice,23,22,1,,
2026-06-05 00:58:51,deployment,currencyservice,261,172,3,,
2026-06-05 00:58:51,deployment,emailservice,12,61,1,,
2026-06-05 00:58:51,deployment,frontend,428,58,4,,
2026-06-05 00:58:51,deployment,paymentservice,9,75,1,,
2026-06-05 00:58:51,deployment,productcatalogservice,237,51,4,,
2026-06-05 00:58:51,deployment,recommendationservice,160,103,2,,
2026-06-05 00:58:51,deployment,redis-cart,12,36,1,,
2026-06-05 00:58:51,deployment,shippingservice,22,25,1,,
2026-06-05 00:58:51,node,master,834,1845,,41.7,48.1
2026-06-05 00:58:51,node,worker-1,515,1511,,25.8,39.4
2026-06-05 00:58:51,node,worker-2,1009,1343,,50.4,35.0
2026-06-05 00:58:51,node,worker-3,568,929,,28.4,24.2
2026-06-05 00:58:51,node,worker-4,1344,2072,,67.2,54.0
2026-06-05 00:58:58,deployment,adservice,31,107,1,,
2026-06-05 00:58:58,deployment,cartservice,159,253,5,,
2026-06-05 00:58:58,deployment,checkoutservice,23,22,1,,
2026-06-05 00:58:58,deployment,currencyservice,261,172,3,,
2026-06-05 00:58:58,deployment,emailservice,12,61,1,,
2026-06-05 00:58:58,deployment,frontend,428,58,4,,
2026-06-05 00:58:58,deployment,paymentservice,9,75,1,,
2026-06-05 00:58:58,deployment,productcatalogservice,237,51,4,,
2026-06-05 00:58:58,deployment,recommendationservice,160,103,2,,
2026-06-05 00:58:58,deployment,redis-cart,12,36,1,,
2026-06-05 00:58:58,deployment,shippingservice,22,25,1,,
2026-06-05 00:58:58,node,master,834,1845,,41.7,48.1
2026-06-05 00:58:58,node,worker-1,515,1511,,25.8,39.4
2026-06-05 00:58:58,node,worker-2,1009,1343,,50.4,35.0
2026-06-05 00:58:58,node,worker-3,568,929,,28.4,24.2
2026-06-05 00:58:58,node,worker-4,1344,2072,,67.2,54.0
2026-06-05 00:59:04,deployment,adservice,31,107,1,,
2026-06-05 00:59:04,deployment,cartservice,159,253,5,,
2026-06-05 00:59:04,deployment,checkoutservice,23,22,1,,
2026-06-05 00:59:04,deployment,currencyservice,261,172,3,,
2026-06-05 00:59:04,deployment,emailservice,12,61,1,,
2026-06-05 00:59:04,deployment,frontend,415,58,4,,
2026-06-05 00:59:04,deployment,paymentservice,8,75,1,,
2026-06-05 00:59:04,deployment,productcatalogservice,244,51,4,,
2026-06-05 00:59:04,deployment,recommendationservice,153,103,2,,
2026-06-05 00:59:04,deployment,redis-cart,12,36,1,,
2026-06-05 00:59:04,deployment,shippingservice,21,25,1,,
2026-06-05 00:59:04,node,master,807,1844,,40.4,48.0
2026-06-05 00:59:04,node,worker-1,386,1509,,19.3,39.3
2026-06-05 00:59:04,node,worker-2,1012,1344,,50.6,35.0
2026-06-05 00:59:04,node,worker-3,489,929,,24.4,24.2
2026-06-05 00:59:04,node,worker-4,1269,2141,,63.4,55.8
2026-06-05 00:59:11,deployment,adservice,29,107,1,,
2026-06-05 00:59:11,deployment,cartservice,168,254,5,,
2026-06-05 00:59:11,deployment,checkoutservice,19,22,1,,
2026-06-05 00:59:11,deployment,currencyservice,241,170,3,,
2026-06-05 00:59:11,deployment,emailservice,12,61,1,,
2026-06-05 00:59:11,deployment,frontend,415,58,4,,
2026-06-05 00:59:11,deployment,paymentservice,8,75,1,,
2026-06-05 00:59:11,deployment,productcatalogservice,244,51,4,,
2026-06-05 00:59:11,deployment,recommendationservice,153,103,2,,
2026-06-05 00:59:11,deployment,redis-cart,12,36,1,,
2026-06-05 00:59:11,deployment,shippingservice,21,25,1,,
2026-06-05 00:59:11,node,master,807,1844,,40.4,48.0
2026-06-05 00:59:11,node,worker-1,386,1509,,19.3,39.3
2026-06-05 00:59:11,node,worker-2,1012,1344,,50.6,35.0
2026-06-05 00:59:11,node,worker-3,489,929,,24.4,24.2
2026-06-05 00:59:11,node,worker-4,1269,2141,,63.4,55.8
2026-06-05 00:59:18,deployment,adservice,29,107,1,,
2026-06-05 00:59:18,deployment,cartservice,168,254,5,,
2026-06-05 00:59:18,deployment,checkoutservice,19,22,1,,
2026-06-05 00:59:18,deployment,currencyservice,241,170,3,,
2026-06-05 00:59:18,deployment,emailservice,12,61,1,,
2026-06-05 00:59:18,deployment,frontend,415,58,4,,
2026-06-05 00:59:18,deployment,paymentservice,8,75,1,,
2026-06-05 00:59:18,deployment,productcatalogservice,244,51,4,,
2026-06-05 00:59:18,deployment,recommendationservice,153,103,2,,
2026-06-05 00:59:18,deployment,redis-cart,12,36,1,,
2026-06-05 00:59:18,deployment,shippingservice,21,25,1,,
2026-06-05 00:59:18,node,master,807,1844,,40.4,48.0
2026-06-05 00:59:18,node,worker-1,386,1509,,19.3,39.3
2026-06-05 00:59:18,node,worker-2,1012,1344,,52.1,35.2
2026-06-05 00:59:18,node,worker-3,553,929,,27.7,24.2
2026-06-05 00:59:18,node,worker-4,1342,2115,,67.1,55.1
2026-06-05 00:59:25,deployment,adservice,29,107,1,,
2026-06-05 00:59:25,deployment,cartservice,172,254,5,,
2026-06-05 00:59:25,deployment,checkoutservice,19,22,1,,
2026-06-05 00:59:25,deployment,currencyservice,251,171,3,,
2026-06-05 00:59:25,deployment,emailservice,11,61,1,,
2026-06-05 00:59:25,deployment,frontend,425,58,4,,
2026-06-05 00:59:25,deployment,paymentservice,7,75,1,,
2026-06-05 00:59:25,deployment,productcatalogservice,248,51,4,,
2026-06-05 00:59:25,deployment,recommendationservice,161,103,2,,
2026-06-05 00:59:25,deployment,redis-cart,13,36,1,,
2026-06-05 00:59:25,deployment,shippingservice,21,25,1,,
2026-06-05 00:59:25,node,master,886,1844,,44.3,48.0
2026-06-05 00:59:25,node,worker-1,455,1511,,22.8,39.4
2026-06-05 00:59:25,node,worker-2,1042,1350,,52.1,35.2
2026-06-05 00:59:25,node,worker-3,553,929,,27.7,24.2
2026-06-05 00:59:25,node,worker-4,1342,2115,,67.1,55.1
2026-06-05 00:59:33,deployment,adservice,29,107,1,,
2026-06-05 00:59:33,deployment,cartservice,172,254,5,,
2026-06-05 00:59:33,deployment,checkoutservice,19,22,1,,
2026-06-05 00:59:33,deployment,currencyservice,251,171,3,,
2026-06-05 00:59:33,deployment,emailservice,11,61,1,,
2026-06-05 00:59:33,deployment,frontend,425,58,4,,
2026-06-05 00:59:33,deployment,paymentservice,7,75,1,,
2026-06-05 00:59:33,deployment,productcatalogservice,248,51,4,,
2026-06-05 00:59:33,deployment,recommendationservice,174,103,2,,
2026-06-05 00:59:33,deployment,redis-cart,14,36,1,,
2026-06-05 00:59:33,deployment,shippingservice,23,25,1,,
2026-06-05 00:59:33,node,master,910,1865,,45.5,48.6
2026-06-05 00:59:33,node,worker-1,472,1507,,23.6,39.3
2026-06-05 00:59:33,node,worker-2,1087,1349,,54.4,35.1
2026-06-05 00:59:33,node,worker-3,557,929,,27.9,24.2
2026-06-05 00:59:33,node,worker-4,1440,2154,,72.0,56.1
2026-06-05 00:59:41,deployment,adservice,34,107,1,,
2026-06-05 00:59:41,deployment,cartservice,181,254,5,,
2026-06-05 00:59:41,deployment,checkoutservice,17,22,1,,
2026-06-05 00:59:41,deployment,currencyservice,269,172,3,,
2026-06-05 00:59:41,deployment,emailservice,11,61,1,,
2026-06-05 00:59:41,deployment,frontend,466,58,4,,
2026-06-05 00:59:41,deployment,paymentservice,7,75,1,,
2026-06-05 00:59:41,deployment,productcatalogservice,264,52,4,,
2026-06-05 00:59:41,deployment,recommendationservice,174,103,2,,
2026-06-05 00:59:41,deployment,redis-cart,14,36,1,,
2026-06-05 00:59:41,deployment,shippingservice,23,25,1,,
2026-06-05 00:59:41,node,master,910,1865,,45.5,48.6
2026-06-05 00:59:41,node,worker-1,472,1507,,23.6,39.3
2026-06-05 00:59:41,node,worker-2,1087,1349,,54.4,35.1
2026-06-05 00:59:41,node,worker-3,557,929,,27.9,24.2
2026-06-05 00:59:41,node,worker-4,1440,2154,,72.0,56.1
2026-06-05 00:59:48,deployment,adservice,34,107,1,,
2026-06-05 00:59:48,deployment,cartservice,181,254,5,,
2026-06-05 00:59:48,deployment,checkoutservice,17,22,1,,
2026-06-05 00:59:48,deployment,currencyservice,269,172,3,,
2026-06-05 00:59:48,deployment,emailservice,11,61,1,,
2026-06-05 00:59:48,deployment,frontend,466,58,4,,
2026-06-05 00:59:48,deployment,paymentservice,7,75,1,,
2026-06-05 00:59:48,deployment,productcatalogservice,264,52,4,,
2026-06-05 00:59:48,deployment,recommendationservice,174,103,2,,
2026-06-05 00:59:48,deployment,redis-cart,14,36,1,,
2026-06-05 00:59:48,deployment,shippingservice,23,25,1,,
2026-06-05 00:59:48,node,master,910,1865,,45.5,48.6
2026-06-05 00:59:48,node,worker-1,472,1507,,23.6,39.3
2026-06-05 00:59:48,node,worker-2,1116,1345,,55.8,35.0
2026-06-05 00:59:48,node,worker-3,595,930,,29.8,24.2
2026-06-05 00:59:48,node,worker-4,1499,2266,,75.0,59.0
2026-06-05 00:59:55,deployment,adservice,33,107,1,,
2026-06-05 00:59:55,deployment,cartservice,201,254,5,,
2026-06-05 00:59:55,deployment,checkoutservice,26,22,1,,
2026-06-05 00:59:55,deployment,currencyservice,290,171,3,,
2026-06-05 00:59:55,deployment,emailservice,13,61,1,,
2026-06-05 00:59:55,deployment,frontend,497,58,4,,
2026-06-05 00:59:55,deployment,paymentservice,10,75,1,,
2026-06-05 00:59:55,deployment,productcatalogservice,278,52,4,,
2026-06-05 00:59:55,deployment,recommendationservice,179,103,2,,
2026-06-05 00:59:55,deployment,redis-cart,14,36,1,,
2026-06-05 00:59:55,deployment,shippingservice,24,25,1,,
2026-06-05 00:59:55,node,master,983,1869,,49.1,48.7
2026-06-05 00:59:55,node,worker-1,472,1504,,23.6,39.2
2026-06-05 00:59:55,node,worker-2,1116,1345,,55.8,35.0
2026-06-05 00:59:55,node,worker-3,595,930,,29.8,24.2
2026-06-05 00:59:55,node,worker-4,1499,2266,,75.0,59.0
2026-06-05 01:00:02,deployment,adservice,33,107,1,,
2026-06-05 01:00:02,deployment,cartservice,201,254,5,,
2026-06-05 01:00:02,deployment,checkoutservice,26,22,1,,
2026-06-05 01:00:02,deployment,currencyservice,287,172,3,,
2026-06-05 01:00:02,deployment,emailservice,11,61,1,,
2026-06-05 01:00:02,deployment,frontend,469,59,4,,
2026-06-05 01:00:02,deployment,paymentservice,7,75,1,,
2026-06-05 01:00:02,deployment,productcatalogservice,284,51,4,,
2026-06-05 01:00:02,deployment,recommendationservice,183,103,2,,
2026-06-05 01:00:02,deployment,redis-cart,14,36,1,,
2026-06-05 01:00:02,deployment,shippingservice,23,25,1,,
2026-06-05 01:00:02,node,master,887,1867,,44.4,48.6
2026-06-05 01:00:02,node,worker-1,468,1505,,23.4,39.2
2026-06-05 01:00:02,node,worker-2,1102,1344,,55.1,35.0
2026-06-05 01:00:02,node,worker-3,580,930,,29.0,24.2
2026-06-05 01:00:02,node,worker-4,1453,2287,,72.7,59.6
2026-06-05 01:00:12,deployment,adservice,34,107,1,,
2026-06-05 01:00:12,deployment,cartservice,204,254,5,,
2026-06-05 01:00:12,deployment,checkoutservice,20,22,1,,
2026-06-05 01:00:12,deployment,currencyservice,287,172,3,,
2026-06-05 01:00:12,deployment,emailservice,11,61,1,,
2026-06-05 01:00:12,deployment,frontend,469,59,4,,
2026-06-05 01:00:12,deployment,paymentservice,7,75,1,,
2026-06-05 01:00:12,deployment,productcatalogservice,284,51,4,,
2026-06-05 01:00:12,deployment,recommendationservice,183,103,2,,
2026-06-05 01:00:12,deployment,redis-cart,14,36,1,,
2026-06-05 01:00:12,deployment,shippingservice,23,25,1,,
2026-06-05 01:00:12,node,master,887,1867,,44.4,48.6
2026-06-05 01:00:12,node,worker-1,468,1505,,23.4,39.2
2026-06-05 01:00:12,node,worker-2,1102,1344,,55.1,35.0
2026-06-05 01:00:12,node,worker-3,580,930,,29.0,24.2
2026-06-05 01:00:12,node,worker-4,1453,2287,,72.7,59.6
2026-06-05 01:00:20,deployment,adservice,32,107,1,,
2026-06-05 01:00:20,deployment,cartservice,185,254,5,,
2026-06-05 01:00:20,deployment,checkoutservice,20,22,1,,
2026-06-05 01:00:20,deployment,currencyservice,288,171,3,,
2026-06-05 01:00:20,deployment,emailservice,12,61,1,,
2026-06-05 01:00:20,deployment,frontend,472,60,4,,
2026-06-05 01:00:20,deployment,paymentservice,7,75,1,,
2026-06-05 01:00:20,deployment,productcatalogservice,271,51,4,,
2026-06-05 01:00:20,deployment,recommendationservice,180,103,2,,
2026-06-05 01:00:20,deployment,redis-cart,13,36,1,,
2026-06-05 01:00:20,deployment,shippingservice,23,25,1,,
2026-06-05 01:00:20,node,master,880,1872,,44.0,48.8
2026-06-05 01:00:20,node,worker-1,461,1507,,23.1,39.3
2026-06-05 01:00:20,node,worker-2,1112,1345,,55.6,35.0
2026-06-05 01:00:20,node,worker-3,588,930,,29.4,24.2
2026-06-05 01:00:20,node,worker-4,1802,2292,,90.1,59.7
2026-06-05 01:00:28,deployment,adservice,32,107,1,,
2026-06-05 01:00:28,deployment,cartservice,185,254,5,,
2026-06-05 01:00:28,deployment,checkoutservice,20,22,1,,
2026-06-05 01:00:28,deployment,currencyservice,288,171,3,,
2026-06-05 01:00:28,deployment,emailservice,12,61,1,,
2026-06-05 01:00:28,deployment,frontend,472,60,4,,
2026-06-05 01:00:28,deployment,paymentservice,7,75,1,,
2026-06-05 01:00:28,deployment,productcatalogservice,271,51,4,,
2026-06-05 01:00:28,deployment,recommendationservice,180,103,2,,
2026-06-05 01:00:28,deployment,redis-cart,13,36,1,,
2026-06-05 01:00:28,deployment,shippingservice,23,25,1,,
2026-06-05 01:00:28,node,master,880,1872,,44.0,48.8
2026-06-05 01:00:28,node,worker-1,461,1507,,23.1,39.3
2026-06-05 01:00:28,node,worker-2,1112,1345,,55.6,35.0
2026-06-05 01:00:28,node,worker-3,588,930,,29.4,24.2
2026-06-05 01:00:28,node,worker-4,1802,2292,,90.1,59.7
2026-06-05 01:00:35,deployment,adservice,41,108,1,,
2026-06-05 01:00:35,deployment,cartservice,233,254,5,,
2026-06-05 01:00:35,deployment,checkoutservice,29,22,1,,
2026-06-05 01:00:35,deployment,currencyservice,337,171,3,,
2026-06-05 01:00:35,deployment,emailservice,13,61,1,,
2026-06-05 01:00:35,deployment,frontend,575,60,4,,
2026-06-05 01:00:35,deployment,paymentservice,9,75,1,,
2026-06-05 01:00:35,deployment,productcatalogservice,326,51,4,,
2026-06-05 01:00:35,deployment,recommendationservice,194,103,2,,
2026-06-05 01:00:35,deployment,redis-cart,13,36,1,,
2026-06-05 01:00:35,deployment,shippingservice,29,25,1,,
2026-06-05 01:00:35,node,master,1076,1868,,53.8,48.7
2026-06-05 01:00:35,node,worker-1,578,1507,,28.9,39.3
2026-06-05 01:00:35,node,worker-2,1432,1354,,71.6,35.3
2026-06-05 01:00:35,node,worker-3,737,930,,36.9,24.2
2026-06-05 01:00:35,node,worker-4,1911,2429,,95.5,63.3
2026-06-05 01:00:42,deployment,adservice,41,108,1,,
2026-06-05 01:00:42,deployment,cartservice,233,254,5,,
2026-06-05 01:00:42,deployment,checkoutservice,29,22,1,,
2026-06-05 01:00:42,deployment,currencyservice,337,171,3,,
2026-06-05 01:00:42,deployment,emailservice,13,61,1,,
2026-06-05 01:00:42,deployment,frontend,575,60,4,,
2026-06-05 01:00:42,deployment,paymentservice,9,75,1,,
2026-06-05 01:00:42,deployment,productcatalogservice,326,51,4,,
2026-06-05 01:00:42,deployment,recommendationservice,194,103,2,,
2026-06-05 01:00:42,deployment,redis-cart,13,36,1,,
2026-06-05 01:00:42,deployment,shippingservice,29,25,1,,
2026-06-05 01:00:42,node,master,1076,1868,,53.8,48.7
2026-06-05 01:00:42,node,worker-1,578,1507,,28.9,39.3
2026-06-05 01:00:42,node,worker-2,1432,1354,,71.6,35.3
2026-06-05 01:00:42,node,worker-3,737,930,,36.9,24.2
2026-06-05 01:00:42,node,worker-4,1911,2429,,95.5,63.3
2026-06-05 01:00:49,deployment,adservice,41,108,1,,
2026-06-05 01:00:49,deployment,cartservice,233,254,5,,
2026-06-05 01:00:49,deployment,checkoutservice,36,22,1,,
2026-06-05 01:00:49,deployment,currencyservice,394,171,3,,
2026-06-05 01:00:49,deployment,emailservice,17,60,1,,
2026-06-05 01:00:49,deployment,frontend,616,60,4,,
2026-06-05 01:00:49,deployment,paymentservice,12,74,1,,
2026-06-05 01:00:49,deployment,productcatalogservice,363,50,4,,
2026-06-05 01:00:49,deployment,recommendationservice,255,103,2,,
2026-06-05 01:00:49,deployment,redis-cart,18,35,1,,
2026-06-05 01:00:49,deployment,shippingservice,36,24,1,,
2026-06-05 01:00:49,node,master,1167,1871,,58.4,48.7
2026-06-05 01:00:49,node,worker-1,565,1509,,28.2,39.3
2026-06-05 01:00:49,node,worker-2,1403,1351,,70.2,35.2
2026-06-05 01:00:49,node,worker-3,758,922,,37.9,24.0
2026-06-05 01:00:49,node,worker-4,1926,2483,,96.3,64.7
2026-06-05 01:00:58,deployment,adservice,44,108,1,,
2026-06-05 01:00:58,deployment,cartservice,263,252,5,,
2026-06-05 01:00:58,deployment,checkoutservice,36,22,1,,
2026-06-05 01:00:58,deployment,currencyservice,394,171,3,,
2026-06-05 01:00:58,deployment,emailservice,17,60,1,,
2026-06-05 01:00:58,deployment,frontend,616,60,4,,
2026-06-05 01:00:58,deployment,paymentservice,12,74,1,,
2026-06-05 01:00:58,deployment,productcatalogservice,363,50,4,,
2026-06-05 01:00:58,deployment,recommendationservice,255,103,2,,
2026-06-05 01:00:58,deployment,redis-cart,18,35,1,,
2026-06-05 01:00:58,deployment,shippingservice,36,24,1,,
2026-06-05 01:00:58,node,master,1167,1871,,58.4,48.7
2026-06-05 01:00:58,node,worker-1,565,1509,,28.2,39.3
2026-06-05 01:00:58,node,worker-2,1403,1351,,70.2,35.2
2026-06-05 01:00:58,node,worker-3,758,922,,37.9,24.0
2026-06-05 01:00:58,node,worker-4,1926,2483,,96.3,64.7
2026-06-05 01:01:08,deployment,adservice,44,108,1,,
2026-06-05 01:01:08,deployment,cartservice,289,253,5,,
2026-06-05 01:01:08,deployment,checkoutservice,29,22,1,,
2026-06-05 01:01:08,deployment,currencyservice,396,171,3,,
2026-06-05 01:01:08,deployment,emailservice,15,60,1,,
2026-06-05 01:01:08,deployment,frontend,603,62,4,,
2026-06-05 01:01:08,deployment,paymentservice,10,74,1,,
2026-06-05 01:01:08,deployment,productcatalogservice,355,51,4,,
2026-06-05 01:01:08,deployment,recommendationservice,253,103,2,,
2026-06-05 01:01:08,deployment,redis-cart,19,34,1,,
2026-06-05 01:01:08,deployment,shippingservice,35,24,1,,
2026-06-05 01:01:08,node,master,1086,1869,,54.3,48.7
2026-06-05 01:01:08,node,worker-1,599,1511,,29.9,39.4
2026-06-05 01:01:08,node,worker-2,1430,1343,,71.5,35.0
2026-06-05 01:01:08,node,worker-3,773,921,,38.6,24.0
2026-06-05 01:01:08,node,worker-4,1721,2364,,86.1,61.6
2026-06-05 01:01:16,deployment,adservice,44,108,1,,
2026-06-05 01:01:16,deployment,cartservice,289,253,5,,
2026-06-05 01:01:16,deployment,checkoutservice,29,22,1,,
2026-06-05 01:01:16,deployment,currencyservice,396,171,3,,
2026-06-05 01:01:16,deployment,emailservice,15,60,1,,
2026-06-05 01:01:16,deployment,frontend,603,62,4,,
2026-06-05 01:01:16,deployment,paymentservice,10,74,1,,
2026-06-05 01:01:16,deployment,productcatalogservice,355,51,4,,
2026-06-05 01:01:16,deployment,recommendationservice,253,103,2,,
2026-06-05 01:01:16,deployment,redis-cart,19,34,1,,
2026-06-05 01:01:16,deployment,shippingservice,35,24,1,,
2026-06-05 01:01:16,node,master,1086,1869,,54.3,48.7
2026-06-05 01:01:16,node,worker-1,599,1511,,29.9,39.4
2026-06-05 01:01:16,node,worker-2,1430,1343,,71.5,35.0
2026-06-05 01:01:16,node,worker-3,773,921,,38.6,24.0
2026-06-05 01:01:16,node,worker-4,1721,2364,,86.1,61.6
2026-06-05 01:01:24,deployment,adservice,44,108,1,,
2026-06-05 01:01:24,deployment,cartservice,250,255,5,,
2026-06-05 01:01:24,deployment,checkoutservice,29,22,1,,
2026-06-05 01:01:24,deployment,currencyservice,371,171,3,,
2026-06-05 01:01:24,deployment,emailservice,15,60,1,,
2026-06-05 01:01:24,deployment,frontend,588,61,4,,
2026-06-05 01:01:24,deployment,paymentservice,10,74,1,,
2026-06-05 01:01:24,deployment,productcatalogservice,355,51,4,,
2026-06-05 01:01:24,deployment,recommendationservice,243,105,2,,
2026-06-05 01:01:24,deployment,redis-cart,37,34,1,,
2026-06-05 01:01:24,deployment,shippingservice,31,24,1,,
2026-06-05 01:01:24,node,master,1101,1874,,55.0,48.8
2026-06-05 01:01:24,node,worker-1,542,1511,,27.1,39.4
2026-06-05 01:01:24,node,worker-2,1282,1344,,64.1,35.0
2026-06-05 01:01:24,node,worker-3,743,923,,37.1,24.0
2026-06-05 01:01:24,node,worker-4,1750,2216,,87.5,57.7
2026-06-05 01:01:32,deployment,adservice,44,108,1,,
2026-06-05 01:01:32,deployment,cartservice,250,255,5,,
2026-06-05 01:01:32,deployment,checkoutservice,29,22,1,,
2026-06-05 01:01:32,deployment,currencyservice,371,171,3,,
2026-06-05 01:01:32,deployment,emailservice,15,60,1,,
2026-06-05 01:01:32,deployment,frontend,588,61,4,,
2026-06-05 01:01:32,deployment,paymentservice,10,74,1,,
2026-06-05 01:01:32,deployment,productcatalogservice,355,51,4,,
2026-06-05 01:01:32,deployment,recommendationservice,243,105,2,,
2026-06-05 01:01:32,deployment,redis-cart,37,34,1,,
2026-06-05 01:01:32,deployment,shippingservice,31,24,1,,
2026-06-05 01:01:32,node,master,1101,1874,,55.0,48.8
2026-06-05 01:01:32,node,worker-1,542,1511,,27.1,39.4
2026-06-05 01:01:32,node,worker-2,1282,1344,,64.1,35.0
2026-06-05 01:01:32,node,worker-3,743,923,,37.1,24.0
2026-06-05 01:01:32,node,worker-4,1750,2216,,87.5,57.7
2026-06-05 01:01:39,deployment,adservice,47,108,1,,
2026-06-05 01:01:39,deployment,cartservice,268,253,5,,
2026-06-05 01:01:39,deployment,checkoutservice,34,22,1,,
2026-06-05 01:01:39,deployment,currencyservice,403,171,3,,
2026-06-05 01:01:39,deployment,emailservice,16,60,1,,
2026-06-05 01:01:39,deployment,frontend,640,61,4,,
2026-06-05 01:01:39,deployment,paymentservice,11,74,1,,
2026-06-05 01:01:39,deployment,productcatalogservice,382,51,4,,
2026-06-05 01:01:39,deployment,recommendationservice,255,103,2,,
2026-06-05 01:01:39,deployment,redis-cart,19,34,1,,
2026-06-05 01:01:39,deployment,shippingservice,34,24,1,,
2026-06-05 01:01:39,node,master,1126,1868,,56.3,48.7
2026-06-05 01:01:39,node,worker-1,638,1512,,31.9,39.4
2026-06-05 01:01:39,node,worker-2,1458,1343,,72.9,35.0
2026-06-05 01:01:39,node,worker-3,751,923,,37.5,24.0
2026-06-05 01:01:39,node,worker-4,1773,2252,,88.6,58.7
2026-06-05 01:01:49,deployment,adservice,47,108,1,,
2026-06-05 01:01:49,deployment,cartservice,268,253,5,,
2026-06-05 01:01:49,deployment,checkoutservice,32,22,1,,
2026-06-05 01:01:49,deployment,currencyservice,411,178,3,,
2026-06-05 01:01:49,deployment,emailservice,15,60,1,,
2026-06-05 01:01:49,deployment,frontend,641,61,4,,
2026-06-05 01:01:49,deployment,paymentservice,12,74,1,,
2026-06-05 01:01:49,deployment,productcatalogservice,383,51,4,,
2026-06-05 01:01:49,deployment,recommendationservice,264,103,2,,
2026-06-05 01:01:49,deployment,redis-cart,19,34,1,,
2026-06-05 01:01:49,deployment,shippingservice,35,24,1,,
2026-06-05 01:01:49,node,master,1161,1879,,58.1,48.9
2026-06-05 01:01:49,node,worker-1,609,1512,,30.4,39.4
2026-06-05 01:01:49,node,worker-2,1482,1342,,74.1,35.0
2026-06-05 01:01:49,node,worker-3,862,923,,43.1,24.0
2026-06-05 01:01:49,node,worker-4,1822,2285,,91.1,59.5
2026-06-05 01:01:58,deployment,adservice,47,108,1,,
2026-06-05 01:01:58,deployment,cartservice,275,255,5,,
2026-06-05 01:01:58,deployment,checkoutservice,32,22,1,,
2026-06-05 01:01:58,deployment,currencyservice,411,178,3,,
2026-06-05 01:01:58,deployment,emailservice,15,60,1,,
2026-06-05 01:01:58,deployment,frontend,641,61,4,,
2026-06-05 01:01:58,deployment,paymentservice,12,74,1,,
2026-06-05 01:01:58,deployment,productcatalogservice,383,51,4,,
2026-06-05 01:01:58,deployment,recommendationservice,264,103,2,,
2026-06-05 01:01:58,deployment,redis-cart,19,34,1,,
2026-06-05 01:01:58,deployment,shippingservice,35,24,1,,
2026-06-05 01:01:58,node,master,1161,1879,,58.1,48.9
2026-06-05 01:01:58,node,worker-1,609,1512,,30.4,39.4
2026-06-05 01:01:58,node,worker-2,1482,1342,,74.1,35.0
2026-06-05 01:01:58,node,worker-3,862,923,,43.1,24.0
2026-06-05 01:01:58,node,worker-4,1822,2285,,91.1,59.5
2026-06-05 01:02:09,deployment,adservice,48,108,1,,
2026-06-05 01:02:09,deployment,cartservice,291,253,5,,
2026-06-05 01:02:09,deployment,checkoutservice,34,22,1,,
2026-06-05 01:02:09,deployment,currencyservice,412,182,3,,
2026-06-05 01:02:09,deployment,emailservice,16,60,1,,
2026-06-05 01:02:09,deployment,frontend,646,61,4,,
2026-06-05 01:02:09,deployment,paymentservice,10,74,1,,
2026-06-05 01:02:09,deployment,productcatalogservice,384,51,4,,
2026-06-05 01:02:09,deployment,recommendationservice,267,103,2,,
2026-06-05 01:02:09,deployment,redis-cart,19,34,1,,
2026-06-05 01:02:09,deployment,shippingservice,36,24,1,,
2026-06-05 01:02:09,node,master,1141,1880,,57.0,49.0
2026-06-05 01:02:09,node,worker-1,556,1512,,27.8,39.4
2026-06-05 01:02:09,node,worker-2,1464,1344,,73.2,35.0
2026-06-05 01:02:09,node,worker-3,804,922,,40.2,24.0
2026-06-05 01:02:09,node,worker-4,1802,2093,,90.1,54.5
2026-06-05 01:02:19,deployment,adservice,48,108,1,,
2026-06-05 01:02:19,deployment,cartservice,291,253,5,,
2026-06-05 01:02:19,deployment,checkoutservice,39,22,1,,
2026-06-05 01:02:19,deployment,currencyservice,406,183,3,,
2026-06-05 01:02:19,deployment,emailservice,16,60,1,,
2026-06-05 01:02:19,deployment,frontend,636,61,4,,
2026-06-05 01:02:19,deployment,paymentservice,14,74,1,,
2026-06-05 01:02:19,deployment,productcatalogservice,382,51,4,,
2026-06-05 01:02:19,deployment,recommendationservice,266,103,2,,
2026-06-05 01:02:19,deployment,redis-cart,19,34,1,,
2026-06-05 01:02:19,deployment,shippingservice,37,24,1,,
2026-06-05 01:02:19,node,master,1140,1883,,57.0,49.0
2026-06-05 01:02:19,node,worker-1,610,1512,,30.5,39.4
2026-06-05 01:02:19,node,worker-2,1476,1340,,73.8,34.9
2026-06-05 01:02:19,node,worker-3,822,923,,41.1,24.0
2026-06-05 01:02:19,node,worker-4,1692,2094,,84.6,54.5
2026-06-05 01:02:27,deployment,adservice,47,108,1,,
2026-06-05 01:02:27,deployment,cartservice,211,207,5,,
2026-06-05 01:02:27,deployment,checkoutservice,39,22,1,,
2026-06-05 01:02:27,deployment,currencyservice,406,183,3,,
2026-06-05 01:02:27,deployment,emailservice,16,60,1,,
2026-06-05 01:02:27,deployment,frontend,636,61,4,,
2026-06-05 01:02:27,deployment,paymentservice,14,74,1,,
2026-06-05 01:02:27,deployment,productcatalogservice,382,51,4,,
2026-06-05 01:02:27,deployment,recommendationservice,266,103,2,,
2026-06-05 01:02:27,deployment,redis-cart,19,34,1,,
2026-06-05 01:02:27,deployment,shippingservice,37,24,1,,
2026-06-05 01:02:27,node,master,1140,1883,,57.0,49.0
2026-06-05 01:02:27,node,worker-1,610,1512,,30.5,39.4
2026-06-05 01:02:27,node,worker-2,1476,1340,,73.8,34.9
2026-06-05 01:02:27,node,worker-3,822,923,,41.1,24.0
2026-06-05 01:02:27,node,worker-4,1692,2094,,84.6,54.5
2026-06-05 01:02:38,deployment,adservice,48,108,1,,
2026-06-05 01:02:38,deployment,cartservice,213,208,4,,
2026-06-05 01:02:38,deployment,checkoutservice,31,22,1,,
2026-06-05 01:02:38,deployment,currencyservice,411,182,3,,
2026-06-05 01:02:38,deployment,emailservice,16,60,1,,
2026-06-05 01:02:38,deployment,frontend,634,60,4,,
2026-06-05 01:02:38,deployment,paymentservice,9,75,1,,
2026-06-05 01:02:38,deployment,productcatalogservice,382,51,4,,
2026-06-05 01:02:38,deployment,recommendationservice,261,103,2,,
2026-06-05 01:02:38,deployment,redis-cart,19,34,1,,
2026-06-05 01:02:38,deployment,shippingservice,34,24,1,,
2026-06-05 01:02:38,node,master,1119,1879,,56.0,48.9
2026-06-05 01:02:38,node,worker-1,590,1511,,29.5,39.4
2026-06-05 01:02:38,node,worker-2,1434,1343,,71.7,35.0
2026-06-05 01:02:38,node,worker-3,820,918,,41.0,23.9
2026-06-05 01:02:38,node,worker-4,1791,2175,,89.5,56.7
2026-06-05 01:02:46,deployment,adservice,48,108,1,,
2026-06-05 01:02:46,deployment,cartservice,213,208,4,,
2026-06-05 01:02:46,deployment,checkoutservice,31,22,1,,
2026-06-05 01:02:46,deployment,currencyservice,411,182,3,,
2026-06-05 01:02:46,deployment,emailservice,16,60,1,,
2026-06-05 01:02:46,deployment,frontend,634,60,4,,
2026-06-05 01:02:46,deployment,paymentservice,9,75,1,,
2026-06-05 01:02:46,deployment,productcatalogservice,382,51,4,,
2026-06-05 01:02:46,deployment,recommendationservice,261,103,2,,
2026-06-05 01:02:46,deployment,redis-cart,19,34,1,,
2026-06-05 01:02:46,deployment,shippingservice,34,24,1,,
2026-06-05 01:02:46,node,master,1119,1879,,56.0,48.9
2026-06-05 01:02:46,node,worker-1,590,1511,,29.5,39.4
2026-06-05 01:02:46,node,worker-2,1434,1343,,71.7,35.0
2026-06-05 01:02:46,node,worker-3,820,918,,41.0,23.9
2026-06-05 01:02:46,node,worker-4,1791,2175,,89.5,56.7
2026-06-05 01:02:53,deployment,adservice,48,108,1,,
2026-06-05 01:02:53,deployment,cartservice,248,208,4,,
2026-06-05 01:02:53,deployment,checkoutservice,31,21,1,,
2026-06-05 01:02:53,deployment,currencyservice,412,184,3,,
2026-06-05 01:02:53,deployment,emailservice,14,60,1,,
2026-06-05 01:02:53,deployment,frontend,640,61,4,,
2026-06-05 01:02:53,deployment,paymentservice,11,75,1,,
2026-06-05 01:02:53,deployment,productcatalogservice,379,51,4,,
2026-06-05 01:02:53,deployment,recommendationservice,265,103,2,,
2026-06-05 01:02:53,deployment,redis-cart,19,34,1,,
2026-06-05 01:02:53,deployment,shippingservice,33,24,1,,
2026-06-05 01:02:53,node,master,1212,1883,,60.6,49.0
2026-06-05 01:02:53,node,worker-1,600,1508,,30.0,39.3
2026-06-05 01:02:53,node,worker-2,1493,1339,,74.7,34.9
2026-06-05 01:02:53,node,worker-3,760,870,,38.0,22.7
2026-06-05 01:02:53,node,worker-4,1716,2167,,85.8,56.4
2026-06-05 01:03:03,deployment,adservice,48,108,1,,
2026-06-05 01:03:03,deployment,cartservice,248,208,4,,
2026-06-05 01:03:03,deployment,checkoutservice,31,21,1,,
2026-06-05 01:03:03,deployment,currencyservice,412,184,3,,
2026-06-05 01:03:03,deployment,emailservice,14,60,1,,
2026-06-05 01:03:03,deployment,frontend,640,61,4,,
2026-06-05 01:03:03,deployment,paymentservice,11,75,1,,
2026-06-05 01:03:03,deployment,productcatalogservice,379,51,4,,
2026-06-05 01:03:03,deployment,recommendationservice,265,103,2,,
2026-06-05 01:03:03,deployment,redis-cart,36,34,1,,
2026-06-05 01:03:03,deployment,shippingservice,34,24,1,,
2026-06-05 01:03:03,node,master,1095,1883,,54.8,49.0
2026-06-05 01:03:03,node,worker-1,637,1508,,31.9,39.3
2026-06-05 01:03:03,node,worker-2,1495,1340,,74.8,34.9
2026-06-05 01:03:03,node,worker-3,716,871,,35.8,22.7
2026-06-05 01:03:03,node,worker-4,1760,2011,,88.0,52.4
2026-06-05 01:03:11,deployment,adservice,48,108,1,,
2026-06-05 01:03:11,deployment,cartservice,263,208,4,,
2026-06-05 01:03:11,deployment,checkoutservice,35,22,1,,
2026-06-05 01:03:11,deployment,currencyservice,397,185,3,,
2026-06-05 01:03:11,deployment,emailservice,16,60,1,,
2026-06-05 01:03:11,deployment,frontend,632,61,4,,
2026-06-05 01:03:11,deployment,paymentservice,11,74,1,,
2026-06-05 01:03:11,deployment,productcatalogservice,389,51,4,,
2026-06-05 01:03:11,deployment,recommendationservice,269,103,2,,
2026-06-05 01:03:11,deployment,redis-cart,36,34,1,,
2026-06-05 01:03:11,deployment,shippingservice,34,24,1,,
2026-06-05 01:03:11,node,master,1095,1883,,54.8,49.0
2026-06-05 01:03:11,node,worker-1,637,1508,,31.9,39.3
2026-06-05 01:03:11,node,worker-2,1495,1340,,74.8,34.9
2026-06-05 01:03:11,node,worker-3,716,871,,35.8,22.7
2026-06-05 01:03:11,node,worker-4,1760,2011,,88.0,52.4
2026-06-05 01:03:19,deployment,adservice,48,108,1,,
2026-06-05 01:03:19,deployment,cartservice,263,208,4,,
2026-06-05 01:03:19,deployment,checkoutservice,35,22,1,,
2026-06-05 01:03:19,deployment,currencyservice,407,182,3,,
2026-06-05 01:03:19,deployment,emailservice,15,60,1,,
2026-06-05 01:03:19,deployment,frontend,622,61,4,,
2026-06-05 01:03:19,deployment,paymentservice,10,74,1,,
2026-06-05 01:03:19,deployment,productcatalogservice,373,51,4,,
2026-06-05 01:03:19,deployment,recommendationservice,262,103,2,,
2026-06-05 01:03:19,deployment,redis-cart,18,34,1,,
2026-06-05 01:03:19,deployment,shippingservice,35,24,1,,
2026-06-05 01:03:19,node,master,1239,1883,,62.0,49.0
2026-06-05 01:03:19,node,worker-1,651,1507,,32.6,39.3
2026-06-05 01:03:19,node,worker-2,1459,1340,,73.0,34.9
2026-06-05 01:03:19,node,worker-3,718,871,,35.9,22.7
2026-06-05 01:03:19,node,worker-4,1794,2058,,89.7,53.6
2026-06-05 01:03:26,deployment,adservice,44,107,1,,
2026-06-05 01:03:26,deployment,cartservice,270,208,4,,
2026-06-05 01:03:26,deployment,checkoutservice,34,22,1,,
2026-06-05 01:03:26,deployment,currencyservice,407,182,3,,
2026-06-05 01:03:26,deployment,emailservice,15,60,1,,
2026-06-05 01:03:26,deployment,frontend,622,61,4,,
2026-06-05 01:03:26,deployment,paymentservice,10,74,1,,
2026-06-05 01:03:26,deployment,productcatalogservice,373,51,4,,
2026-06-05 01:03:26,deployment,recommendationservice,262,103,2,,
2026-06-05 01:03:26,deployment,redis-cart,18,34,1,,
2026-06-05 01:03:26,deployment,shippingservice,35,24,1,,
2026-06-05 01:03:26,node,master,1239,1883,,62.0,49.0
2026-06-05 01:03:26,node,worker-1,651,1507,,32.6,39.3
2026-06-05 01:03:26,node,worker-2,1459,1340,,73.0,34.9
2026-06-05 01:03:26,node,worker-3,718,871,,35.9,22.7
2026-06-05 01:03:26,node,worker-4,1794,2058,,89.7,53.6
2026-06-05 01:03:34,deployment,adservice,44,107,1,,
2026-06-05 01:03:34,deployment,cartservice,270,208,4,,
2026-06-05 01:03:34,deployment,checkoutservice,34,22,1,,
2026-06-05 01:03:34,deployment,currencyservice,407,182,3,,
2026-06-05 01:03:34,deployment,emailservice,15,60,1,,
2026-06-05 01:03:34,deployment,frontend,608,59,4,,
2026-06-05 01:03:34,deployment,paymentservice,12,75,1,,
2026-06-05 01:03:34,deployment,productcatalogservice,362,51,4,,
2026-06-05 01:03:34,deployment,recommendationservice,248,103,2,,
2026-06-05 01:03:34,deployment,redis-cart,17,34,1,,
2026-06-05 01:03:34,deployment,shippingservice,33,24,1,,
2026-06-05 01:03:34,node,master,1107,1881,,55.4,49.0
2026-06-05 01:03:34,node,worker-1,628,1509,,31.4,39.3
2026-06-05 01:03:34,node,worker-2,1335,1347,,66.8,35.1
2026-06-05 01:03:34,node,worker-3,674,871,,33.7,22.7
2026-06-05 01:03:34,node,worker-4,1614,2035,,80.7,53.0
2026-06-05 01:03:41,deployment,adservice,44,108,1,,
2026-06-05 01:03:41,deployment,cartservice,244,208,4,,
2026-06-05 01:03:41,deployment,checkoutservice,35,22,1,,
2026-06-05 01:03:41,deployment,currencyservice,362,184,3,,
2026-06-05 01:03:41,deployment,emailservice,15,60,1,,
2026-06-05 01:03:41,deployment,frontend,608,59,4,,
2026-06-05 01:03:41,deployment,paymentservice,12,75,1,,
2026-06-05 01:03:41,deployment,productcatalogservice,362,51,4,,
2026-06-05 01:03:41,deployment,recommendationservice,248,103,2,,
2026-06-05 01:03:41,deployment,redis-cart,17,34,1,,
2026-06-05 01:03:41,deployment,shippingservice,33,24,1,,
2026-06-05 01:03:41,node,master,1107,1881,,55.4,49.0
2026-06-05 01:03:41,node,worker-1,628,1509,,31.4,39.3
2026-06-05 01:03:41,node,worker-2,1335,1347,,66.8,35.1
2026-06-05 01:03:41,node,worker-3,674,871,,33.7,22.7
2026-06-05 01:03:41,node,worker-4,1614,2035,,80.7,53.0
2026-06-05 01:03:49,deployment,adservice,44,108,1,,
2026-06-05 01:03:49,deployment,cartservice,244,208,4,,
2026-06-05 01:03:49,deployment,checkoutservice,35,22,1,,
2026-06-05 01:03:49,deployment,currencyservice,362,184,3,,
2026-06-05 01:03:49,deployment,emailservice,14,60,1,,
2026-06-05 01:03:49,deployment,frontend,555,60,4,,
2026-06-05 01:03:49,deployment,paymentservice,12,75,1,,
2026-06-05 01:03:49,deployment,productcatalogservice,338,51,4,,
2026-06-05 01:03:49,deployment,recommendationservice,210,103,2,,
2026-06-05 01:03:49,deployment,redis-cart,17,34,1,,
2026-06-05 01:03:49,deployment,shippingservice,30,24,1,,
2026-06-05 01:03:49,node,master,1036,1885,,51.8,49.1
2026-06-05 01:03:49,node,worker-1,562,1509,,28.1,39.3
2026-06-05 01:03:49,node,worker-2,1224,1347,,61.2,35.1
2026-06-05 01:03:49,node,worker-3,659,873,,33.0,22.7
2026-06-05 01:03:49,node,worker-4,1608,1958,,80.4,51.0
2026-06-05 01:03:57,deployment,adservice,44,108,1,,
2026-06-05 01:03:57,deployment,cartservice,231,208,4,,
2026-06-05 01:03:57,deployment,checkoutservice,27,22,1,,
2026-06-05 01:03:57,deployment,currencyservice,348,183,3,,
2026-06-05 01:03:57,deployment,emailservice,14,60,1,,
2026-06-05 01:03:57,deployment,frontend,555,60,4,,
2026-06-05 01:03:57,deployment,paymentservice,12,75,1,,
2026-06-05 01:03:57,deployment,productcatalogservice,338,51,4,,
2026-06-05 01:03:57,deployment,recommendationservice,210,103,2,,
2026-06-05 01:03:57,deployment,redis-cart,17,34,1,,
2026-06-05 01:03:57,deployment,shippingservice,30,24,1,,
2026-06-05 01:03:57,node,master,1036,1885,,51.8,49.1
2026-06-05 01:03:57,node,worker-1,562,1509,,28.1,39.3
2026-06-05 01:03:57,node,worker-2,1224,1347,,61.2,35.1
2026-06-05 01:03:57,node,worker-3,659,873,,33.0,22.7
2026-06-05 01:03:57,node,worker-4,1608,1958,,80.4,51.0
2026-06-05 01:04:04,deployment,adservice,44,108,1,,
2026-06-05 01:04:04,deployment,cartservice,231,208,4,,
2026-06-05 01:04:04,deployment,checkoutservice,27,22,1,,
2026-06-05 01:04:04,deployment,currencyservice,348,183,3,,
2026-06-05 01:04:04,deployment,emailservice,12,60,1,,
2026-06-05 01:04:04,deployment,frontend,552,60,4,,
2026-06-05 01:04:04,deployment,paymentservice,9,74,1,,
2026-06-05 01:04:04,deployment,productcatalogservice,324,51,4,,
2026-06-05 01:04:04,deployment,recommendationservice,210,103,2,,
2026-06-05 01:04:04,deployment,redis-cart,16,34,1,,
2026-06-05 01:04:04,deployment,shippingservice,28,24,1,,
2026-06-05 01:04:04,node,master,993,1881,,49.6,49.0
2026-06-05 01:04:04,node,worker-1,547,1510,,27.4,39.3
2026-06-05 01:04:04,node,worker-2,1232,1349,,61.6,35.1
2026-06-05 01:04:04,node,worker-3,601,873,,30.0,22.7
2026-06-05 01:04:04,node,worker-4,1442,1963,,72.1,51.1
2026-06-05 01:04:11,deployment,adservice,41,108,1,,
2026-06-05 01:04:11,deployment,cartservice,235,210,4,,
2026-06-05 01:04:11,deployment,checkoutservice,25,22,1,,
2026-06-05 01:04:11,deployment,currencyservice,333,185,3,,
2026-06-05 01:04:11,deployment,emailservice,12,60,1,,
2026-06-05 01:04:11,deployment,frontend,552,60,4,,
2026-06-05 01:04:11,deployment,paymentservice,9,74,1,,
2026-06-05 01:04:11,deployment,productcatalogservice,324,51,4,,
2026-06-05 01:04:11,deployment,recommendationservice,210,103,2,,
2026-06-05 01:04:11,deployment,redis-cart,16,34,1,,
2026-06-05 01:04:11,deployment,shippingservice,28,24,1,,
2026-06-05 01:04:11,node,master,993,1881,,49.6,49.0
2026-06-05 01:04:11,node,worker-1,547,1510,,27.4,39.3
2026-06-05 01:04:11,node,worker-2,1232,1349,,61.6,35.1
2026-06-05 01:04:11,node,worker-3,601,873,,30.0,22.7
2026-06-05 01:04:11,node,worker-4,1442,1963,,72.1,51.1
2026-06-05 01:04:19,deployment,adservice,41,108,1,,
2026-06-05 01:04:19,deployment,cartservice,235,210,4,,
2026-06-05 01:04:19,deployment,checkoutservice,25,22,1,,
2026-06-05 01:04:19,deployment,currencyservice,333,185,3,,
2026-06-05 01:04:19,deployment,emailservice,12,60,1,,
2026-06-05 01:04:19,deployment,frontend,554,60,4,,
2026-06-05 01:04:19,deployment,paymentservice,8,74,1,,
2026-06-05 01:04:19,deployment,productcatalogservice,322,51,4,,
2026-06-05 01:04:19,deployment,recommendationservice,215,103,2,,
2026-06-05 01:04:19,deployment,redis-cart,16,34,1,,
2026-06-05 01:04:19,deployment,shippingservice,29,24,1,,
2026-06-05 01:04:19,node,master,1131,1881,,56.5,49.0
2026-06-05 01:04:19,node,worker-1,573,1509,,28.6,39.3
2026-06-05 01:04:19,node,worker-2,1201,1348,,60.1,35.1
2026-06-05 01:04:19,node,worker-3,640,874,,32.0,22.8
2026-06-05 01:04:19,node,worker-4,1558,2084,,77.9,54.3
2026-06-05 01:04:26,deployment,adservice,40,107,1,,
2026-06-05 01:04:26,deployment,cartservice,222,208,4,,
2026-06-05 01:04:26,deployment,checkoutservice,30,22,1,,
2026-06-05 01:04:26,deployment,currencyservice,331,183,3,,
2026-06-05 01:04:26,deployment,emailservice,13,60,1,,
2026-06-05 01:04:26,deployment,frontend,554,60,4,,
2026-06-05 01:04:26,deployment,paymentservice,8,74,1,,
2026-06-05 01:04:26,deployment,productcatalogservice,322,51,4,,
2026-06-05 01:04:26,deployment,recommendationservice,215,103,2,,
2026-06-05 01:04:26,deployment,redis-cart,16,34,1,,
2026-06-05 01:04:26,deployment,shippingservice,29,24,1,,
2026-06-05 01:04:26,node,master,1131,1881,,56.5,49.0
2026-06-05 01:04:26,node,worker-1,573,1509,,28.6,39.3
2026-06-05 01:04:26,node,worker-2,1201,1348,,60.1,35.1
2026-06-05 01:04:26,node,worker-3,640,874,,32.0,22.8
2026-06-05 01:04:26,node,worker-4,1558,2084,,77.9,54.3
2026-06-05 01:04:34,deployment,adservice,40,107,1,,
2026-06-05 01:04:34,deployment,cartservice,222,208,4,,
2026-06-05 01:04:34,deployment,checkoutservice,30,22,1,,
2026-06-05 01:04:34,deployment,currencyservice,331,183,3,,
2026-06-05 01:04:34,deployment,emailservice,13,60,1,,
2026-06-05 01:04:34,deployment,frontend,514,61,4,,
2026-06-05 01:04:34,deployment,paymentservice,11,75,1,,
2026-06-05 01:04:34,deployment,productcatalogservice,311,51,4,,
2026-06-05 01:04:34,deployment,recommendationservice,195,103,2,,
2026-06-05 01:04:34,deployment,redis-cart,16,34,1,,
2026-06-05 01:04:34,deployment,shippingservice,27,24,1,,
2026-06-05 01:04:34,node,master,986,1885,,49.3,49.1
2026-06-05 01:04:34,node,worker-1,493,1509,,24.6,39.3
2026-06-05 01:04:34,node,worker-2,1202,1344,,60.1,35.0
2026-06-05 01:04:34,node,worker-3,572,874,,28.6,22.8
2026-06-05 01:04:34,node,worker-4,1462,1973,,73.1,51.4
2026-06-05 01:04:41,deployment,adservice,36,107,1,,
2026-06-05 01:04:41,deployment,cartservice,217,207,4,,
2026-06-05 01:04:41,deployment,checkoutservice,27,22,1,,
2026-06-05 01:04:41,deployment,currencyservice,301,184,3,,
2026-06-05 01:04:41,deployment,emailservice,13,60,1,,
2026-06-05 01:04:41,deployment,frontend,514,61,4,,
2026-06-05 01:04:41,deployment,paymentservice,11,75,1,,
2026-06-05 01:04:41,deployment,productcatalogservice,311,51,4,,
2026-06-05 01:04:41,deployment,recommendationservice,195,103,2,,
2026-06-05 01:04:41,deployment,redis-cart,16,34,1,,
2026-06-05 01:04:41,deployment,shippingservice,27,24,1,,
2026-06-05 01:04:41,node,master,986,1885,,49.3,49.1
2026-06-05 01:04:41,node,worker-1,493,1509,,24.6,39.3
2026-06-05 01:04:41,node,worker-2,1202,1344,,60.1,35.0
2026-06-05 01:04:41,node,worker-3,572,874,,28.6,22.8
2026-06-05 01:04:41,node,worker-4,1462,1973,,73.1,51.4
2026-06-05 01:04:49,deployment,adservice,36,107,1,,
2026-06-05 01:04:49,deployment,cartservice,217,207,4,,
2026-06-05 01:04:49,deployment,checkoutservice,27,22,1,,
2026-06-05 01:04:49,deployment,currencyservice,293,183,3,,
2026-06-05 01:04:49,deployment,emailservice,13,63,1,,
2026-06-05 01:04:49,deployment,frontend,492,60,4,,
2026-06-05 01:04:49,deployment,paymentservice,7,75,1,,
2026-06-05 01:04:49,deployment,productcatalogservice,285,51,4,,
2026-06-05 01:04:49,deployment,recommendationservice,187,103,2,,
2026-06-05 01:04:49,deployment,redis-cart,14,34,1,,
2026-06-05 01:04:49,deployment,shippingservice,23,24,1,,
2026-06-05 01:04:49,node,master,978,1887,,48.9,49.2
2026-06-05 01:04:49,node,worker-1,479,1511,,23.9,39.4
2026-06-05 01:04:49,node,worker-2,1157,1337,,57.9,34.8
2026-06-05 01:04:49,node,worker-3,559,867,,28.0,22.6
2026-06-05 01:04:49,node,worker-4,1436,2050,,71.8,53.4
2026-06-05 01:04:56,deployment,adservice,35,107,1,,
2026-06-05 01:04:56,deployment,cartservice,222,207,4,,
2026-06-05 01:04:56,deployment,checkoutservice,24,22,1,,
2026-06-05 01:04:56,deployment,currencyservice,293,183,3,,
2026-06-05 01:04:56,deployment,emailservice,13,63,1,,
2026-06-05 01:04:56,deployment,frontend,492,60,4,,
2026-06-05 01:04:56,deployment,paymentservice,7,75,1,,
2026-06-05 01:04:56,deployment,productcatalogservice,285,51,4,,
2026-06-05 01:04:56,deployment,recommendationservice,187,103,2,,
2026-06-05 01:04:56,deployment,redis-cart,14,34,1,,
2026-06-05 01:04:56,deployment,shippingservice,23,24,1,,
2026-06-05 01:04:56,node,master,978,1887,,48.9,49.2
2026-06-05 01:04:56,node,worker-1,479,1511,,23.9,39.4
2026-06-05 01:04:56,node,worker-2,1157,1337,,57.9,34.8
2026-06-05 01:04:56,node,worker-3,559,867,,28.0,22.6
2026-06-05 01:04:56,node,worker-4,1436,2050,,71.8,53.4
2026-06-05 01:05:03,deployment,adservice,35,107,1,,
2026-06-05 01:05:03,deployment,cartservice,222,207,4,,
2026-06-05 01:05:03,deployment,checkoutservice,24,22,1,,
2026-06-05 01:05:03,deployment,currencyservice,293,183,3,,
2026-06-05 01:05:03,deployment,emailservice,13,63,1,,
2026-06-05 01:05:03,deployment,frontend,492,60,4,,
2026-06-05 01:05:03,deployment,paymentservice,7,75,1,,
2026-06-05 01:05:03,deployment,productcatalogservice,285,51,4,,
2026-06-05 01:05:03,deployment,recommendationservice,187,103,2,,
2026-06-05 01:05:03,deployment,redis-cart,14,34,1,,
2026-06-05 01:05:03,deployment,shippingservice,23,24,1,,
2026-06-05 01:05:03,node,master,978,1887,,48.9,49.2
2026-06-05 01:05:03,node,worker-1,479,1511,,25.3,39.4
2026-06-05 01:05:03,node,worker-2,1127,1336,,56.4,34.8
2026-06-05 01:05:03,node,worker-3,519,867,,25.9,22.6
2026-06-05 01:05:03,node,worker-4,1385,2053,,69.2,53.5
2026-06-05 01:05:10,deployment,adservice,34,107,1,,
2026-06-05 01:05:10,deployment,cartservice,183,207,4,,
2026-06-05 01:05:10,deployment,checkoutservice,22,22,1,,
2026-06-05 01:05:10,deployment,currencyservice,297,185,3,,
2026-06-05 01:05:10,deployment,emailservice,12,60,1,,
2026-06-05 01:05:10,deployment,frontend,495,59,4,,
2026-06-05 01:05:10,deployment,paymentservice,8,75,1,,
2026-06-05 01:05:10,deployment,productcatalogservice,287,51,4,,
2026-06-05 01:05:10,deployment,recommendationservice,185,103,2,,
2026-06-05 01:05:10,deployment,redis-cart,14,34,1,,
2026-06-05 01:05:10,deployment,shippingservice,24,24,1,,
2026-06-05 01:05:10,node,master,906,1886,,45.3,49.1
2026-06-05 01:05:10,node,worker-1,506,1512,,25.3,39.4
2026-06-05 01:05:10,node,worker-2,1127,1336,,56.4,34.8
2026-06-05 01:05:10,node,worker-3,519,867,,25.9,22.6
2026-06-05 01:05:10,node,worker-4,1385,2053,,69.2,53.5
2026-06-05 01:05:18,deployment,adservice,34,107,1,,
2026-06-05 01:05:18,deployment,cartservice,183,207,4,,
2026-06-05 01:05:18,deployment,checkoutservice,22,22,1,,
2026-06-05 01:05:18,deployment,currencyservice,297,185,3,,
2026-06-05 01:05:18,deployment,emailservice,12,60,1,,
2026-06-05 01:05:18,deployment,frontend,495,59,4,,
2026-06-05 01:05:18,deployment,paymentservice,8,75,1,,
2026-06-05 01:05:18,deployment,productcatalogservice,287,51,4,,
2026-06-05 01:05:18,deployment,recommendationservice,185,103,2,,
2026-06-05 01:05:18,deployment,redis-cart,14,34,1,,
2026-06-05 01:05:18,deployment,shippingservice,24,24,1,,
2026-06-05 01:05:18,node,master,906,1886,,45.3,49.1
2026-06-05 01:05:18,node,worker-1,506,1512,,25.3,39.4
2026-06-05 01:05:18,node,worker-2,1127,1336,,56.4,34.8
2026-06-05 01:05:18,node,worker-3,519,867,,25.9,22.6
2026-06-05 01:05:18,node,worker-4,1385,2053,,69.2,53.5
2026-06-05 01:05:25,deployment,adservice,34,107,1,,
2026-06-05 01:05:25,deployment,cartservice,177,207,4,,
2026-06-05 01:05:25,deployment,checkoutservice,25,22,1,,
2026-06-05 01:05:25,deployment,currencyservice,299,187,3,,
2026-06-05 01:05:25,deployment,emailservice,12,60,1,,
2026-06-05 01:05:25,deployment,frontend,490,61,4,,
2026-06-05 01:05:25,deployment,paymentservice,9,75,1,,
2026-06-05 01:05:25,deployment,productcatalogservice,289,51,4,,
2026-06-05 01:05:25,deployment,recommendationservice,189,103,2,,
2026-06-05 01:05:25,deployment,redis-cart,14,34,1,,
2026-06-05 01:05:25,deployment,shippingservice,25,24,1,,
2026-06-05 01:05:25,node,master,953,1888,,47.6,49.2
2026-06-05 01:05:25,node,worker-1,506,1511,,25.3,39.4
2026-06-05 01:05:25,node,worker-2,1220,1335,,61.0,34.8
2026-06-05 01:05:25,node,worker-3,554,862,,27.7,22.5
2026-06-05 01:05:25,node,worker-4,1437,2055,,71.9,53.5
2026-06-05 01:05:32,deployment,adservice,34,107,1,,
2026-06-05 01:05:32,deployment,cartservice,177,207,4,,
2026-06-05 01:05:32,deployment,checkoutservice,25,22,1,,
2026-06-05 01:05:32,deployment,currencyservice,299,187,3,,
2026-06-05 01:05:32,deployment,emailservice,12,60,1,,
2026-06-05 01:05:32,deployment,frontend,490,61,4,,
2026-06-05 01:05:32,deployment,paymentservice,9,75,1,,
2026-06-05 01:05:32,deployment,productcatalogservice,289,51,4,,
2026-06-05 01:05:32,deployment,recommendationservice,189,103,2,,
2026-06-05 01:05:32,deployment,redis-cart,14,34,1,,
2026-06-05 01:05:32,deployment,shippingservice,25,24,1,,
2026-06-05 01:05:32,node,master,953,1888,,47.6,49.2
2026-06-05 01:05:32,node,worker-1,506,1511,,25.3,39.4
2026-06-05 01:05:32,node,worker-2,1220,1335,,61.0,34.8
2026-06-05 01:05:32,node,worker-3,554,862,,27.7,22.5
2026-06-05 01:05:32,node,worker-4,1437,2055,,71.9,53.5
2026-06-05 01:05:39,deployment,adservice,31,107,1,,
2026-06-05 01:05:39,deployment,cartservice,187,208,4,,
2026-06-05 01:05:39,deployment,checkoutservice,29,22,1,,
2026-06-05 01:05:39,deployment,currencyservice,296,183,3,,
2026-06-05 01:05:39,deployment,emailservice,14,60,1,,
2026-06-05 01:05:39,deployment,frontend,475,61,4,,
2026-06-05 01:05:39,deployment,paymentservice,9,74,1,,
2026-06-05 01:05:39,deployment,productcatalogservice,262,51,4,,
2026-06-05 01:05:39,deployment,recommendationservice,166,103,2,,
2026-06-05 01:05:39,deployment,redis-cart,13,34,1,,
2026-06-05 01:05:39,deployment,shippingservice,24,24,1,,
2026-06-05 01:05:39,node,master,889,1886,,44.5,49.1
2026-06-05 01:05:39,node,worker-1,534,1511,,26.7,39.4
2026-06-05 01:05:39,node,worker-2,1056,1337,,52.8,34.8
2026-06-05 01:05:39,node,worker-3,509,862,,25.4,22.5
2026-06-05 01:05:39,node,worker-4,1339,2049,,67.0,53.4
2026-06-05 01:05:46,deployment,adservice,31,107,1,,
2026-06-05 01:05:46,deployment,cartservice,187,208,4,,
2026-06-05 01:05:46,deployment,checkoutservice,29,22,1,,
2026-06-05 01:05:46,deployment,currencyservice,296,183,3,,
2026-06-05 01:05:46,deployment,emailservice,14,60,1,,
2026-06-05 01:05:46,deployment,frontend,475,61,4,,
2026-06-05 01:05:46,deployment,paymentservice,9,74,1,,
2026-06-05 01:05:46,deployment,productcatalogservice,262,51,4,,
2026-06-05 01:05:46,deployment,recommendationservice,166,103,2,,
2026-06-05 01:05:46,deployment,redis-cart,13,34,1,,
2026-06-05 01:05:46,deployment,shippingservice,24,24,1,,
2026-06-05 01:05:46,node,master,889,1886,,44.5,49.1
2026-06-05 01:05:46,node,worker-1,534,1511,,26.7,39.4
2026-06-05 01:05:46,node,worker-2,1056,1337,,52.8,34.8
2026-06-05 01:05:46,node,worker-3,509,862,,25.4,22.5
2026-06-05 01:05:46,node,worker-4,1339,2049,,67.0,53.4
2026-06-05 01:05:54,deployment,adservice,28,107,1,,
2026-06-05 01:05:54,deployment,cartservice,181,210,4,,
2026-06-05 01:05:54,deployment,checkoutservice,22,22,1,,
2026-06-05 01:05:54,deployment,currencyservice,250,183,3,,
2026-06-05 01:05:54,deployment,emailservice,11,60,1,,
2026-06-05 01:05:54,deployment,frontend,426,60,4,,
2026-06-05 01:05:54,deployment,paymentservice,6,75,1,,
2026-06-05 01:05:54,deployment,productcatalogservice,246,51,4,,
2026-06-05 01:05:54,deployment,recommendationservice,154,103,2,,
2026-06-05 01:05:54,deployment,redis-cart,33,34,1,,
2026-06-05 01:05:54,deployment,shippingservice,21,24,1,,
2026-06-05 01:05:54,node,master,793,1888,,39.6,49.2
2026-06-05 01:05:54,node,worker-1,462,1511,,23.1,39.4
2026-06-05 01:05:54,node,worker-2,1046,1336,,52.3,34.8
2026-06-05 01:05:54,node,worker-3,482,860,,24.1,22.4
2026-06-05 01:05:54,node,worker-4,1212,2085,,60.6,54.3
2026-06-05 01:06:01,deployment,adservice,28,107,1,,
2026-06-05 01:06:01,deployment,cartservice,181,210,4,,
2026-06-05 01:06:01,deployment,checkoutservice,22,22,1,,
2026-06-05 01:06:01,deployment,currencyservice,250,183,3,,
2026-06-05 01:06:01,deployment,emailservice,11,60,1,,
2026-06-05 01:06:01,deployment,frontend,426,60,4,,
2026-06-05 01:06:01,deployment,paymentservice,6,75,1,,
2026-06-05 01:06:01,deployment,productcatalogservice,246,51,4,,
2026-06-05 01:06:01,deployment,recommendationservice,154,103,2,,
2026-06-05 01:06:01,deployment,redis-cart,33,34,1,,
2026-06-05 01:06:01,deployment,shippingservice,21,24,1,,
2026-06-05 01:06:01,node,master,793,1888,,39.6,49.2
2026-06-05 01:06:01,node,worker-1,462,1511,,23.1,39.4
2026-06-05 01:06:01,node,worker-2,1046,1336,,52.3,34.8
2026-06-05 01:06:01,node,worker-3,482,860,,24.1,22.4
2026-06-05 01:06:01,node,worker-4,1212,2085,,60.6,54.3
2026-06-05 01:06:09,deployment,adservice,25,107,1,,
2026-06-05 01:06:09,deployment,cartservice,183,208,4,,
2026-06-05 01:06:09,deployment,checkoutservice,19,22,1,,
2026-06-05 01:06:09,deployment,currencyservice,235,186,3,,
2026-06-05 01:06:09,deployment,emailservice,11,60,1,,
2026-06-05 01:06:09,deployment,frontend,406,60,4,,
2026-06-05 01:06:09,deployment,paymentservice,9,75,1,,
2026-06-05 01:06:09,deployment,productcatalogservice,243,51,4,,
2026-06-05 01:06:09,deployment,recommendationservice,154,103,2,,
2026-06-05 01:06:09,deployment,redis-cart,13,34,1,,
2026-06-05 01:06:09,deployment,shippingservice,21,24,1,,
2026-06-05 01:06:09,node,master,864,1886,,43.2,49.1
2026-06-05 01:06:09,node,worker-1,396,1512,,19.8,39.4
2026-06-05 01:06:09,node,worker-2,977,1333,,48.9,34.7
2026-06-05 01:06:09,node,worker-3,434,860,,21.7,22.4
2026-06-05 01:06:09,node,worker-4,1331,2034,,66.5,53.0
2026-06-05 01:06:16,deployment,adservice,25,107,1,,
2026-06-05 01:06:16,deployment,cartservice,183,208,4,,
2026-06-05 01:06:16,deployment,checkoutservice,19,22,1,,
2026-06-05 01:06:16,deployment,currencyservice,235,186,3,,
2026-06-05 01:06:16,deployment,emailservice,11,60,1,,
2026-06-05 01:06:16,deployment,frontend,406,60,4,,
2026-06-05 01:06:16,deployment,paymentservice,9,75,1,,
2026-06-05 01:06:16,deployment,productcatalogservice,243,51,4,,
2026-06-05 01:06:16,deployment,recommendationservice,154,103,2,,
2026-06-05 01:06:16,deployment,redis-cart,13,34,1,,
2026-06-05 01:06:16,deployment,shippingservice,21,24,1,,
2026-06-05 01:06:16,node,master,864,1886,,43.2,49.1
2026-06-05 01:06:16,node,worker-1,396,1512,,19.8,39.4
2026-06-05 01:06:16,node,worker-2,977,1333,,48.9,34.7
2026-06-05 01:06:16,node,worker-3,434,860,,21.7,22.4
2026-06-05 01:06:16,node,worker-4,1331,2034,,66.5,53.0
2026-06-05 01:06:24,deployment,adservice,30,107,1,,
2026-06-05 01:06:24,deployment,cartservice,169,208,4,,
2026-06-05 01:06:24,deployment,checkoutservice,21,22,1,,
2026-06-05 01:06:24,deployment,currencyservice,243,185,3,,
2026-06-05 01:06:24,deployment,emailservice,12,60,1,,
2026-06-05 01:06:24,deployment,frontend,407,60,4,,
2026-06-05 01:06:24,deployment,paymentservice,9,75,1,,
2026-06-05 01:06:24,deployment,productcatalogservice,239,51,4,,
2026-06-05 01:06:24,deployment,recommendationservice,158,103,2,,
2026-06-05 01:06:24,deployment,redis-cart,12,34,1,,
2026-06-05 01:06:24,deployment,shippingservice,22,24,1,,
2026-06-05 01:06:24,node,master,838,1886,,41.9,49.1
2026-06-05 01:06:24,node,worker-1,427,1512,,21.3,39.4
2026-06-05 01:06:24,node,worker-2,1052,1338,,52.6,34.9
2026-06-05 01:06:24,node,worker-3,502,861,,25.1,22.4
2026-06-05 01:06:24,node,worker-4,1209,2055,,60.5,53.5
2026-06-05 01:06:31,deployment,adservice,30,107,1,,
2026-06-05 01:06:31,deployment,cartservice,169,208,4,,
2026-06-05 01:06:31,deployment,checkoutservice,21,22,1,,
2026-06-05 01:06:31,deployment,currencyservice,243,185,3,,
2026-06-05 01:06:31,deployment,emailservice,12,60,1,,
2026-06-05 01:06:31,deployment,frontend,407,60,4,,
2026-06-05 01:06:31,deployment,paymentservice,9,75,1,,
2026-06-05 01:06:31,deployment,productcatalogservice,239,51,4,,
2026-06-05 01:06:31,deployment,recommendationservice,158,103,2,,
2026-06-05 01:06:31,deployment,redis-cart,12,34,1,,
2026-06-05 01:06:31,deployment,shippingservice,22,24,1,,
2026-06-05 01:06:31,node,master,838,1886,,41.9,49.1
2026-06-05 01:06:31,node,worker-1,427,1512,,21.3,39.4
2026-06-05 01:06:31,node,worker-2,1052,1338,,52.6,34.9
2026-06-05 01:06:31,node,worker-3,502,861,,25.1,22.4
2026-06-05 01:06:31,node,worker-4,1209,2055,,60.5,53.5
2026-06-05 01:06:39,deployment,adservice,23,107,1,,
2026-06-05 01:06:39,deployment,cartservice,186,208,4,,
2026-06-05 01:06:39,deployment,checkoutservice,23,22,1,,
2026-06-05 01:06:39,deployment,currencyservice,226,185,3,,
2026-06-05 01:06:39,deployment,emailservice,12,60,1,,
2026-06-05 01:06:39,deployment,frontend,380,59,4,,
2026-06-05 01:06:39,deployment,paymentservice,7,75,1,,
2026-06-05 01:06:39,deployment,productcatalogservice,222,51,4,,
2026-06-05 01:06:39,deployment,recommendationservice,136,103,2,,
2026-06-05 01:06:39,deployment,redis-cart,12,34,1,,
2026-06-05 01:06:39,deployment,shippingservice,22,24,1,,
2026-06-05 01:06:39,node,master,713,1887,,35.6,49.2
2026-06-05 01:06:39,node,worker-1,432,1513,,21.6,39.4
2026-06-05 01:06:39,node,worker-2,910,1339,,45.5,34.9
2026-06-05 01:06:39,node,worker-3,399,861,,20.0,22.4
2026-06-05 01:06:39,node,worker-4,1101,1989,,55.0,51.8
2026-06-05 01:06:46,deployment,adservice,23,107,1,,
2026-06-05 01:06:46,deployment,cartservice,186,208,4,,
2026-06-05 01:06:46,deployment,checkoutservice,23,22,1,,
2026-06-05 01:06:46,deployment,currencyservice,226,185,3,,
2026-06-05 01:06:46,deployment,emailservice,12,60,1,,
2026-06-05 01:06:46,deployment,frontend,380,59,4,,
2026-06-05 01:06:46,deployment,paymentservice,7,75,1,,
2026-06-05 01:06:46,deployment,productcatalogservice,222,51,4,,
2026-06-05 01:06:46,deployment,recommendationservice,136,103,2,,
2026-06-05 01:06:46,deployment,redis-cart,12,34,1,,
2026-06-05 01:06:46,deployment,shippingservice,22,24,1,,
2026-06-05 01:06:46,node,master,713,1887,,35.6,49.2
2026-06-05 01:06:46,node,worker-1,432,1513,,21.6,39.4
2026-06-05 01:06:46,node,worker-2,910,1339,,45.5,34.9
2026-06-05 01:06:46,node,worker-3,399,861,,20.0,22.4
2026-06-05 01:06:46,node,worker-4,1101,1989,,55.0,51.8
2026-06-05 01:06:52,deployment,adservice,25,107,1,,
2026-06-05 01:06:52,deployment,cartservice,178,208,4,,
2026-06-05 01:06:52,deployment,checkoutservice,20,22,1,,
2026-06-05 01:06:52,deployment,currencyservice,206,185,3,,
2026-06-05 01:06:52,deployment,emailservice,12,60,1,,
2026-06-05 01:06:52,deployment,frontend,369,60,4,,
2026-06-05 01:06:52,deployment,paymentservice,8,75,1,,
2026-06-05 01:06:52,deployment,productcatalogservice,216,51,4,,
2026-06-05 01:06:52,deployment,recommendationservice,137,103,2,,
2026-06-05 01:06:52,deployment,redis-cart,11,34,1,,
2026-06-05 01:06:52,deployment,shippingservice,18,24,1,,
2026-06-05 01:06:52,node,master,764,1889,,38.2,49.2
2026-06-05 01:06:52,node,worker-1,399,1511,,20.0,39.4
2026-06-05 01:06:52,node,worker-2,905,1335,,45.2,34.8
2026-06-05 01:06:52,node,worker-3,434,852,,21.7,22.2
2026-06-05 01:06:52,node,worker-4,1192,2065,,59.6,53.8
2026-06-05 01:06:58,deployment,adservice,25,107,1,,
2026-06-05 01:06:58,deployment,cartservice,178,208,4,,
2026-06-05 01:06:58,deployment,checkoutservice,20,22,1,,
2026-06-05 01:06:58,deployment,currencyservice,206,185,3,,
2026-06-05 01:06:58,deployment,emailservice,12,60,1,,
2026-06-05 01:06:58,deployment,frontend,369,60,4,,
2026-06-05 01:06:58,deployment,paymentservice,8,75,1,,
2026-06-05 01:06:58,deployment,productcatalogservice,216,51,4,,
2026-06-05 01:06:58,deployment,recommendationservice,137,103,2,,
2026-06-05 01:06:58,deployment,redis-cart,11,34,1,,
2026-06-05 01:06:58,deployment,shippingservice,18,24,1,,
2026-06-05 01:06:58,node,master,764,1889,,38.2,49.2
2026-06-05 01:06:58,node,worker-1,399,1511,,20.0,39.4
2026-06-05 01:06:58,node,worker-2,905,1335,,45.2,34.8
2026-06-05 01:06:58,node,worker-3,434,852,,21.7,22.2
2026-06-05 01:06:58,node,worker-4,1192,2065,,59.6,53.8
2026-06-05 01:07:05,deployment,adservice,25,107,1,,
2026-06-05 01:07:05,deployment,cartservice,171,210,4,,
2026-06-05 01:07:05,deployment,checkoutservice,19,22,1,,
2026-06-05 01:07:05,deployment,currencyservice,218,183,3,,
2026-06-05 01:07:05,deployment,emailservice,10,60,1,,
2026-06-05 01:07:05,deployment,frontend,364,59,4,,
2026-06-05 01:07:05,deployment,paymentservice,8,75,1,,
2026-06-05 01:07:05,deployment,productcatalogservice,211,51,4,,
2026-06-05 01:07:05,deployment,recommendationservice,134,103,2,,
2026-06-05 01:07:05,deployment,redis-cart,11,34,1,,
2026-06-05 01:07:05,deployment,shippingservice,20,24,1,,
2026-06-05 01:07:05,node,master,795,1889,,39.8,49.2
2026-06-05 01:07:05,node,worker-1,341,1512,,17.1,39.4
2026-06-05 01:07:05,node,worker-2,904,1334,,45.2,34.7
2026-06-05 01:07:05,node,worker-3,447,853,,22.4,22.2
2026-06-05 01:07:05,node,worker-4,1148,1968,,57.4,51.3
2026-06-05 01:07:12,deployment,adservice,25,107,1,,
2026-06-05 01:07:12,deployment,cartservice,171,210,4,,
2026-06-05 01:07:12,deployment,checkoutservice,19,22,1,,
2026-06-05 01:07:12,deployment,currencyservice,218,183,3,,
2026-06-05 01:07:12,deployment,emailservice,10,60,1,,
2026-06-05 01:07:12,deployment,frontend,364,59,4,,
2026-06-05 01:07:12,deployment,paymentservice,8,75,1,,
2026-06-05 01:07:12,deployment,productcatalogservice,211,51,4,,
2026-06-05 01:07:12,deployment,recommendationservice,134,103,2,,
2026-06-05 01:07:12,deployment,redis-cart,11,34,1,,
2026-06-05 01:07:12,deployment,shippingservice,20,24,1,,
2026-06-05 01:07:12,node,master,795,1889,,39.8,49.2
2026-06-05 01:07:12,node,worker-1,341,1512,,17.1,39.4
2026-06-05 01:07:12,node,worker-2,904,1334,,45.2,34.7
2026-06-05 01:07:12,node,worker-3,447,853,,22.4,22.2
2026-06-05 01:07:12,node,worker-4,1148,1968,,57.4,51.3
2026-06-05 01:07:19,deployment,adservice,25,107,1,,
2026-06-05 01:07:19,deployment,cartservice,135,165,3,,
2026-06-05 01:07:19,deployment,checkoutservice,16,22,1,,
2026-06-05 01:07:19,deployment,currencyservice,224,183,3,,
2026-06-05 01:07:19,deployment,emailservice,12,60,1,,
2026-06-05 01:07:19,deployment,frontend,354,60,4,,
2026-06-05 01:07:19,deployment,paymentservice,6,75,1,,
2026-06-05 01:07:19,deployment,productcatalogservice,219,51,4,,
2026-06-05 01:07:19,deployment,recommendationservice,135,103,2,,
2026-06-05 01:07:19,deployment,redis-cart,12,34,1,,
2026-06-05 01:07:19,deployment,shippingservice,19,24,1,,
2026-06-05 01:07:19,node,master,743,1887,,37.1,49.2
2026-06-05 01:07:19,node,worker-1,409,1511,,20.4,39.4
2026-06-05 01:07:19,node,worker-2,882,1335,,44.1,34.8
2026-06-05 01:07:19,node,worker-3,421,853,,21.1,22.2
2026-06-05 01:07:19,node,worker-4,1187,2054,,59.4,53.5
2026-06-05 01:07:27,deployment,adservice,26,107,1,,
2026-06-05 01:07:27,deployment,cartservice,130,165,3,,
2026-06-05 01:07:27,deployment,checkoutservice,16,22,1,,
2026-06-05 01:07:27,deployment,currencyservice,224,183,3,,
2026-06-05 01:07:27,deployment,emailservice,12,60,1,,
2026-06-05 01:07:27,deployment,frontend,354,60,4,,
2026-06-05 01:07:27,deployment,paymentservice,6,75,1,,
2026-06-05 01:07:27,deployment,productcatalogservice,219,51,4,,
2026-06-05 01:07:27,deployment,recommendationservice,135,103,2,,
2026-06-05 01:07:27,deployment,redis-cart,12,34,1,,
2026-06-05 01:07:27,deployment,shippingservice,19,24,1,,
2026-06-05 01:07:27,node,master,743,1887,,37.1,49.2
2026-06-05 01:07:27,node,worker-1,409,1511,,20.4,39.4
2026-06-05 01:07:27,node,worker-2,882,1335,,44.1,34.8
2026-06-05 01:07:27,node,worker-3,421,853,,21.1,22.2
2026-06-05 01:07:27,node,worker-4,1187,2054,,59.4,53.5
2026-06-05 01:07:34,deployment,adservice,26,107,1,,
2026-06-05 01:07:34,deployment,cartservice,130,165,3,,
2026-06-05 01:07:34,deployment,checkoutservice,16,22,1,,
2026-06-05 01:07:34,deployment,currencyservice,224,183,3,,
2026-06-05 01:07:34,deployment,emailservice,12,60,1,,
2026-06-05 01:07:34,deployment,frontend,354,60,4,,
2026-06-05 01:07:34,deployment,paymentservice,6,75,1,,
2026-06-05 01:07:34,deployment,productcatalogservice,219,51,4,,
2026-06-05 01:07:34,deployment,recommendationservice,163,103,2,,
2026-06-05 01:07:34,deployment,redis-cart,13,34,1,,
2026-06-05 01:07:34,deployment,shippingservice,22,24,1,,
2026-06-05 01:07:34,node,master,896,1888,,44.8,49.2
2026-06-05 01:07:34,node,worker-1,453,1506,,22.7,39.2
2026-06-05 01:07:34,node,worker-2,1009,1291,,50.4,33.6
2026-06-05 01:07:34,node,worker-3,509,866,,25.4,22.6
2026-06-05 01:07:34,node,worker-4,1386,2081,,69.3,54.2
2026-06-05 01:07:41,deployment,adservice,28,107,1,,
2026-06-05 01:07:41,deployment,cartservice,162,165,3,,
2026-06-05 01:07:41,deployment,checkoutservice,19,22,1,,
2026-06-05 01:07:41,deployment,currencyservice,238,183,3,,
2026-06-05 01:07:41,deployment,emailservice,12,60,1,,
2026-06-05 01:07:41,deployment,frontend,433,59,4,,
2026-06-05 01:07:41,deployment,paymentservice,9,75,1,,
2026-06-05 01:07:41,deployment,productcatalogservice,249,51,4,,
2026-06-05 01:07:41,deployment,recommendationservice,163,103,2,,
2026-06-05 01:07:41,deployment,redis-cart,13,34,1,,
2026-06-05 01:07:41,deployment,shippingservice,22,24,1,,
2026-06-05 01:07:41,node,master,896,1888,,44.8,49.2
2026-06-05 01:07:41,node,worker-1,453,1506,,22.7,39.2
2026-06-05 01:07:41,node,worker-2,1009,1291,,50.4,33.6
2026-06-05 01:07:41,node,worker-3,509,866,,25.4,22.6
2026-06-05 01:07:41,node,worker-4,1386,2081,,69.3,54.2
2026-06-05 01:07:48,deployment,adservice,28,107,1,,
2026-06-05 01:07:48,deployment,cartservice,162,165,3,,
2026-06-05 01:07:48,deployment,checkoutservice,19,22,1,,
2026-06-05 01:07:48,deployment,currencyservice,238,183,3,,
2026-06-05 01:07:48,deployment,emailservice,12,60,1,,
2026-06-05 01:07:48,deployment,frontend,433,59,4,,
2026-06-05 01:07:48,deployment,paymentservice,9,75,1,,
2026-06-05 01:07:48,deployment,productcatalogservice,258,51,4,,
2026-06-05 01:07:48,deployment,recommendationservice,160,103,2,,
2026-06-05 01:07:48,deployment,redis-cart,13,34,1,,
2026-06-05 01:07:48,deployment,shippingservice,23,24,1,,
2026-06-05 01:07:48,node,master,847,1887,,42.4,49.2
2026-06-05 01:07:48,node,worker-1,452,1505,,22.6,39.2
2026-06-05 01:07:48,node,worker-2,992,1290,,49.6,33.6
2026-06-05 01:07:48,node,worker-3,496,867,,24.8,22.6
2026-06-05 01:07:48,node,worker-4,1347,2004,,67.3,52.2
2026-06-05 01:07:57,deployment,adservice,31,108,1,,
2026-06-05 01:07:57,deployment,cartservice,143,165,3,,
2026-06-05 01:07:57,deployment,checkoutservice,23,22,1,,
2026-06-05 01:07:57,deployment,currencyservice,262,184,3,,
2026-06-05 01:07:57,deployment,emailservice,11,60,1,,
2026-06-05 01:07:57,deployment,frontend,434,59,4,,
2026-06-05 01:07:57,deployment,paymentservice,7,75,1,,
2026-06-05 01:07:57,deployment,productcatalogservice,258,51,4,,
2026-06-05 01:07:57,deployment,recommendationservice,160,103,2,,
2026-06-05 01:07:57,deployment,redis-cart,13,34,1,,
2026-06-05 01:07:57,deployment,shippingservice,23,24,1,,
2026-06-05 01:07:57,node,master,847,1887,,42.4,49.2
2026-06-05 01:07:57,node,worker-1,452,1505,,22.6,39.2
2026-06-05 01:07:57,node,worker-2,992,1290,,49.6,33.6
2026-06-05 01:07:57,node,worker-3,496,867,,24.8,22.6
2026-06-05 01:07:57,node,worker-4,1347,2004,,67.3,52.2
2026-06-05 01:08:04,deployment,adservice,31,108,1,,
2026-06-05 01:08:04,deployment,cartservice,143,165,3,,
2026-06-05 01:08:04,deployment,checkoutservice,23,22,1,,
2026-06-05 01:08:04,deployment,currencyservice,262,184,3,,
2026-06-05 01:08:04,deployment,emailservice,11,60,1,,
2026-06-05 01:08:04,deployment,frontend,434,59,4,,
2026-06-05 01:08:04,deployment,paymentservice,7,75,1,,
2026-06-05 01:08:04,deployment,productcatalogservice,258,51,4,,
2026-06-05 01:08:04,deployment,recommendationservice,160,103,2,,
2026-06-05 01:08:04,deployment,redis-cart,13,34,1,,
2026-06-05 01:08:04,deployment,shippingservice,23,24,1,,
2026-06-05 01:08:04,node,master,844,1890,,42.2,49.2
2026-06-05 01:08:04,node,worker-1,440,1506,,22.0,39.2
2026-06-05 01:08:04,node,worker-2,923,1294,,46.2,33.7
2026-06-05 01:08:04,node,worker-3,527,867,,26.4,22.6
2026-06-05 01:08:04,node,worker-4,1416,2056,,70.8,53.6
2026-06-05 01:08:11,deployment,adservice,31,107,1,,
2026-06-05 01:08:11,deployment,cartservice,151,164,3,,
2026-06-05 01:08:11,deployment,checkoutservice,20,22,1,,
2026-06-05 01:08:11,deployment,currencyservice,255,186,3,,
2026-06-05 01:08:11,deployment,emailservice,12,60,1,,
2026-06-05 01:08:11,deployment,frontend,440,59,4,,
2026-06-05 01:08:11,deployment,paymentservice,9,75,1,,
2026-06-05 01:08:11,deployment,productcatalogservice,253,51,4,,
2026-06-05 01:08:11,deployment,recommendationservice,161,103,2,,
2026-06-05 01:08:11,deployment,redis-cart,12,34,1,,
2026-06-05 01:08:11,deployment,shippingservice,22,24,1,,
2026-06-05 01:08:11,node,master,844,1890,,42.2,49.2
2026-06-05 01:08:11,node,worker-1,440,1506,,22.0,39.2
2026-06-05 01:08:11,node,worker-2,923,1294,,46.2,33.7
2026-06-05 01:08:11,node,worker-3,527,867,,26.4,22.6
2026-06-05 01:08:11,node,worker-4,1416,2056,,70.8,53.6
2026-06-05 01:08:18,deployment,adservice,31,107,1,,
2026-06-05 01:08:18,deployment,cartservice,151,164,3,,
2026-06-05 01:08:18,deployment,checkoutservice,20,22,1,,
2026-06-05 01:08:18,deployment,currencyservice,255,186,3,,
2026-06-05 01:08:18,deployment,emailservice,12,60,1,,
2026-06-05 01:08:18,deployment,frontend,440,59,4,,
2026-06-05 01:08:18,deployment,paymentservice,9,75,1,,
2026-06-05 01:08:18,deployment,productcatalogservice,253,51,4,,
2026-06-05 01:08:18,deployment,recommendationservice,161,103,2,,
2026-06-05 01:08:18,deployment,redis-cart,12,34,1,,
2026-06-05 01:08:18,deployment,shippingservice,22,24,1,,
2026-06-05 01:08:18,node,master,811,1893,,40.6,49.3
2026-06-05 01:08:18,node,worker-1,466,1508,,23.3,39.3
2026-06-05 01:08:18,node,worker-2,986,1293,,49.3,33.7
2026-06-05 01:08:18,node,worker-3,519,867,,25.9,22.6
2026-06-05 01:08:18,node,worker-4,1324,2056,,66.2,53.6
2026-06-05 01:08:27,deployment,adservice,30,107,1,,
2026-06-05 01:08:27,deployment,cartservice,151,164,3,,
2026-06-05 01:08:27,deployment,checkoutservice,21,22,1,,
2026-06-05 01:08:27,deployment,currencyservice,258,185,3,,
2026-06-05 01:08:27,deployment,emailservice,10,60,1,,
2026-06-05 01:08:27,deployment,frontend,418,60,4,,
2026-06-05 01:08:27,deployment,paymentservice,6,75,1,,
2026-06-05 01:08:27,deployment,productcatalogservice,245,51,4,,
2026-06-05 01:08:27,deployment,recommendationservice,161,103,2,,
2026-06-05 01:08:27,deployment,redis-cart,12,34,1,,
2026-06-05 01:08:27,deployment,shippingservice,22,24,1,,
2026-06-05 01:08:27,node,master,811,1893,,40.6,49.3
2026-06-05 01:08:27,node,worker-1,466,1508,,23.3,39.3
2026-06-05 01:08:27,node,worker-2,986,1293,,49.3,33.7
2026-06-05 01:08:27,node,worker-3,519,867,,25.9,22.6
2026-06-05 01:08:27,node,worker-4,1324,2056,,66.2,53.6
2026-06-05 01:08:34,deployment,adservice,30,107,1,,
2026-06-05 01:08:34,deployment,cartservice,151,164,3,,
2026-06-05 01:08:34,deployment,checkoutservice,21,22,1,,
2026-06-05 01:08:34,deployment,currencyservice,258,185,3,,
2026-06-05 01:08:34,deployment,emailservice,10,60,1,,
2026-06-05 01:08:34,deployment,frontend,418,60,4,,
2026-06-05 01:08:34,deployment,paymentservice,6,75,1,,
2026-06-05 01:08:34,deployment,productcatalogservice,245,51,4,,
2026-06-05 01:08:34,deployment,recommendationservice,191,103,2,,
2026-06-05 01:08:34,deployment,redis-cart,14,34,1,,
2026-06-05 01:08:34,deployment,shippingservice,31,24,1,,
2026-06-05 01:08:34,node,master,958,1891,,47.9,49.3
2026-06-05 01:08:34,node,worker-1,511,1509,,25.6,39.3
2026-06-05 01:08:34,node,worker-2,1087,1295,,54.4,33.7
2026-06-05 01:08:34,node,worker-3,552,867,,27.6,22.6
2026-06-05 01:08:34,node,worker-4,1631,1907,,81.5,49.7
2026-06-05 01:08:42,deployment,adservice,37,107,1,,
2026-06-05 01:08:42,deployment,cartservice,174,164,3,,
2026-06-05 01:08:42,deployment,checkoutservice,25,22,1,,
2026-06-05 01:08:42,deployment,currencyservice,325,183,3,,
2026-06-05 01:08:42,deployment,emailservice,14,60,1,,
2026-06-05 01:08:42,deployment,frontend,504,60,4,,
2026-06-05 01:08:42,deployment,paymentservice,11,75,1,,
2026-06-05 01:08:42,deployment,productcatalogservice,293,51,4,,
2026-06-05 01:08:42,deployment,recommendationservice,191,103,2,,
2026-06-05 01:08:42,deployment,redis-cart,14,34,1,,
2026-06-05 01:08:42,deployment,shippingservice,31,24,1,,
2026-06-05 01:08:42,node,master,958,1891,,47.9,49.3
2026-06-05 01:08:42,node,worker-1,511,1509,,25.6,39.3
2026-06-05 01:08:42,node,worker-2,1087,1295,,54.4,33.7
2026-06-05 01:08:42,node,worker-3,552,867,,27.6,22.6
2026-06-05 01:08:42,node,worker-4,1631,1907,,81.5,49.7
2026-06-05 01:08:49,deployment,adservice,37,107,1,,
2026-06-05 01:08:49,deployment,cartservice,174,164,3,,
2026-06-05 01:08:49,deployment,checkoutservice,25,22,1,,
2026-06-05 01:08:49,deployment,currencyservice,325,183,3,,
2026-06-05 01:08:49,deployment,emailservice,14,60,1,,
2026-06-05 01:08:49,deployment,frontend,504,60,4,,
2026-06-05 01:08:49,deployment,paymentservice,11,75,1,,
2026-06-05 01:08:49,deployment,productcatalogservice,298,51,4,,
2026-06-05 01:08:49,deployment,recommendationservice,194,103,2,,
2026-06-05 01:08:49,deployment,redis-cart,15,34,1,,
2026-06-05 01:08:49,deployment,shippingservice,26,24,1,,
2026-06-05 01:08:49,node,master,974,1882,,48.7,49.0
2026-06-05 01:08:49,node,worker-1,549,1509,,27.5,39.3
2026-06-05 01:08:49,node,worker-2,1113,1294,,55.6,33.7
2026-06-05 01:08:49,node,worker-3,576,867,,28.8,22.6
2026-06-05 01:08:49,node,worker-4,1539,2015,,77.0,52.5
2026-06-05 01:08:57,deployment,adservice,37,107,1,,
2026-06-05 01:08:57,deployment,cartservice,207,164,3,,
2026-06-05 01:08:57,deployment,checkoutservice,24,22,1,,
2026-06-05 01:08:57,deployment,currencyservice,318,183,3,,
2026-06-05 01:08:57,deployment,emailservice,14,60,1,,
2026-06-05 01:08:57,deployment,frontend,515,60,4,,
2026-06-05 01:08:57,deployment,paymentservice,11,75,1,,
2026-06-05 01:08:57,deployment,productcatalogservice,298,51,4,,
2026-06-05 01:08:57,deployment,recommendationservice,194,103,2,,
2026-06-05 01:08:57,deployment,redis-cart,15,34,1,,
2026-06-05 01:08:57,deployment,shippingservice,26,24,1,,
2026-06-05 01:08:57,node,master,974,1882,,48.7,49.0
2026-06-05 01:08:57,node,worker-1,549,1509,,27.5,39.3
2026-06-05 01:08:57,node,worker-2,1113,1294,,55.6,33.7
2026-06-05 01:08:57,node,worker-3,576,867,,28.8,22.6
2026-06-05 01:08:57,node,worker-4,1539,2015,,77.0,52.5
2026-06-05 01:09:03,deployment,adservice,37,107,1,,
2026-06-05 01:09:03,deployment,cartservice,207,164,3,,
2026-06-05 01:09:03,deployment,checkoutservice,24,22,1,,
2026-06-05 01:09:03,deployment,currencyservice,318,183,3,,
2026-06-05 01:09:03,deployment,emailservice,12,61,1,,
2026-06-05 01:09:03,deployment,frontend,526,59,4,,
2026-06-05 01:09:03,deployment,paymentservice,9,75,1,,
2026-06-05 01:09:03,deployment,productcatalogservice,304,51,4,,
2026-06-05 01:09:03,deployment,recommendationservice,196,103,2,,
2026-06-05 01:09:03,deployment,redis-cart,23,36,1,,
2026-06-05 01:09:03,deployment,shippingservice,27,24,1,,
2026-06-05 01:09:03,node,master,967,1883,,48.4,49.0
2026-06-05 01:09:03,node,worker-1,522,1510,,26.1,39.3
2026-06-05 01:09:03,node,worker-2,1102,1295,,55.1,33.7
2026-06-05 01:09:03,node,worker-3,554,868,,27.7,22.6
2026-06-05 01:09:03,node,worker-4,1505,2093,,75.2,54.5
2026-06-05 01:09:12,deployment,adservice,37,107,1,,
2026-06-05 01:09:12,deployment,cartservice,194,164,3,,
2026-06-05 01:09:12,deployment,checkoutservice,30,22,1,,
2026-06-05 01:09:12,deployment,currencyservice,314,184,3,,
2026-06-05 01:09:12,deployment,emailservice,12,61,1,,
2026-06-05 01:09:12,deployment,frontend,526,59,4,,
2026-06-05 01:09:12,deployment,paymentservice,9,75,1,,
2026-06-05 01:09:12,deployment,productcatalogservice,304,51,4,,
2026-06-05 01:09:12,deployment,recommendationservice,196,103,2,,
2026-06-05 01:09:12,deployment,redis-cart,23,36,1,,
2026-06-05 01:09:12,deployment,shippingservice,27,24,1,,
2026-06-05 01:09:12,node,master,967,1883,,48.4,49.0
2026-06-05 01:09:12,node,worker-1,522,1510,,26.1,39.3
2026-06-05 01:09:12,node,worker-2,1102,1295,,55.1,33.7
2026-06-05 01:09:12,node,worker-3,554,868,,27.7,22.6
2026-06-05 01:09:12,node,worker-4,1505,2093,,75.2,54.5
2026-06-05 01:09:19,deployment,adservice,37,107,1,,
2026-06-05 01:09:19,deployment,cartservice,194,164,3,,
2026-06-05 01:09:19,deployment,checkoutservice,30,22,1,,
2026-06-05 01:09:19,deployment,currencyservice,314,184,3,,
2026-06-05 01:09:19,deployment,emailservice,12,61,1,,
2026-06-05 01:09:19,deployment,frontend,526,59,4,,
2026-06-05 01:09:19,deployment,paymentservice,9,75,1,,
2026-06-05 01:09:19,deployment,productcatalogservice,304,51,4,,
2026-06-05 01:09:19,deployment,recommendationservice,196,103,2,,
2026-06-05 01:09:19,deployment,redis-cart,27,34,1,,
2026-06-05 01:09:19,deployment,shippingservice,27,24,1,,
2026-06-05 01:09:19,node,master,1013,1882,,50.6,49.0
2026-06-05 01:09:19,node,worker-1,554,1510,,27.7,39.3
2026-06-05 01:09:19,node,worker-2,1091,1295,,54.5,33.7
2026-06-05 01:09:19,node,worker-3,629,868,,31.4,22.6
2026-06-05 01:09:19,node,worker-4,1448,2037,,72.4,53.1
2026-06-05 01:09:26,deployment,adservice,36,107,1,,
2026-06-05 01:09:26,deployment,cartservice,179,164,3,,
2026-06-05 01:09:26,deployment,checkoutservice,25,22,1,,
2026-06-05 01:09:26,deployment,currencyservice,315,186,3,,
2026-06-05 01:09:26,deployment,emailservice,13,60,1,,
2026-06-05 01:09:26,deployment,frontend,522,59,4,,
2026-06-05 01:09:26,deployment,paymentservice,8,76,1,,
2026-06-05 01:09:26,deployment,productcatalogservice,297,51,4,,
2026-06-05 01:09:26,deployment,recommendationservice,202,103,2,,
2026-06-05 01:09:26,deployment,redis-cart,27,34,1,,
2026-06-05 01:09:26,deployment,shippingservice,27,24,1,,
2026-06-05 01:09:26,node,master,1013,1882,,50.6,49.0
2026-06-05 01:09:26,node,worker-1,554,1510,,27.7,39.3
2026-06-05 01:09:26,node,worker-2,1091,1295,,54.5,33.7
2026-06-05 01:09:26,node,worker-3,629,868,,31.4,22.6
2026-06-05 01:09:26,node,worker-4,1448,2037,,72.4,53.1
2026-06-05 01:09:34,deployment,adservice,36,107,1,,
2026-06-05 01:09:34,deployment,cartservice,179,164,3,,
2026-06-05 01:09:34,deployment,checkoutservice,25,22,1,,
2026-06-05 01:09:34,deployment,currencyservice,315,186,3,,
2026-06-05 01:09:34,deployment,emailservice,15,60,1,,
2026-06-05 01:09:34,deployment,frontend,562,60,4,,
2026-06-05 01:09:34,deployment,paymentservice,11,75,1,,
2026-06-05 01:09:34,deployment,productcatalogservice,333,51,4,,
2026-06-05 01:09:34,deployment,recommendationservice,212,103,2,,
2026-06-05 01:09:34,deployment,redis-cart,16,34,1,,
2026-06-05 01:09:34,deployment,shippingservice,27,24,1,,
2026-06-05 01:09:34,node,master,1081,1880,,54.0,49.0
2026-06-05 01:09:34,node,worker-1,620,1510,,31.0,39.3
2026-06-05 01:09:34,node,worker-2,1248,1296,,62.4,33.8
2026-06-05 01:09:34,node,worker-3,651,866,,32.6,22.6
2026-06-05 01:09:34,node,worker-4,1716,2073,,85.8,54.0
2026-06-05 01:09:42,deployment,adservice,39,107,1,,
2026-06-05 01:09:42,deployment,cartservice,191,164,3,,
2026-06-05 01:09:42,deployment,checkoutservice,29,22,1,,
2026-06-05 01:09:42,deployment,currencyservice,357,184,3,,
2026-06-05 01:09:42,deployment,emailservice,15,60,1,,
2026-06-05 01:09:42,deployment,frontend,562,60,4,,
2026-06-05 01:09:42,deployment,paymentservice,11,75,1,,
2026-06-05 01:09:42,deployment,productcatalogservice,333,51,4,,
2026-06-05 01:09:42,deployment,recommendationservice,212,103,2,,
2026-06-05 01:09:42,deployment,redis-cart,16,34,1,,
2026-06-05 01:09:42,deployment,shippingservice,27,24,1,,
2026-06-05 01:09:42,node,master,1081,1880,,54.0,49.0
2026-06-05 01:09:42,node,worker-1,620,1510,,31.0,39.3
2026-06-05 01:09:42,node,worker-2,1248,1296,,62.4,33.8
2026-06-05 01:09:42,node,worker-3,651,866,,32.6,22.6
2026-06-05 01:09:42,node,worker-4,1716,2073,,85.8,54.0
2026-06-05 01:09:51,deployment,adservice,42,107,1,,
2026-06-05 01:09:51,deployment,cartservice,225,164,3,,
2026-06-05 01:09:51,deployment,checkoutservice,29,22,1,,
2026-06-05 01:09:51,deployment,currencyservice,348,185,3,,
2026-06-05 01:09:51,deployment,emailservice,14,60,1,,
2026-06-05 01:09:51,deployment,frontend,580,61,4,,
2026-06-05 01:09:51,deployment,paymentservice,9,75,1,,
2026-06-05 01:09:51,deployment,productcatalogservice,339,51,4,,
2026-06-05 01:09:51,deployment,recommendationservice,232,103,2,,
2026-06-05 01:09:51,deployment,redis-cart,16,34,1,,
2026-06-05 01:09:51,deployment,shippingservice,32,24,1,,
2026-06-05 01:09:51,node,master,1090,1880,,54.5,49.0
2026-06-05 01:09:51,node,worker-1,596,1511,,29.8,39.4
2026-06-05 01:09:51,node,worker-2,1179,1290,,59.0,33.6
2026-06-05 01:09:51,node,worker-3,658,866,,32.9,22.6
2026-06-05 01:09:51,node,worker-4,1644,2099,,82.2,54.7
2026-06-05 01:09:59,deployment,adservice,42,107,1,,
2026-06-05 01:09:59,deployment,cartservice,225,164,3,,
2026-06-05 01:09:59,deployment,checkoutservice,29,22,1,,
2026-06-05 01:09:59,deployment,currencyservice,348,185,3,,
2026-06-05 01:09:59,deployment,emailservice,14,60,1,,
2026-06-05 01:09:59,deployment,frontend,580,61,4,,
2026-06-05 01:09:59,deployment,paymentservice,9,75,1,,
2026-06-05 01:09:59,deployment,productcatalogservice,339,51,4,,
2026-06-05 01:09:59,deployment,recommendationservice,232,103,2,,
2026-06-05 01:09:59,deployment,redis-cart,16,34,1,,
2026-06-05 01:09:59,deployment,shippingservice,32,24,1,,
2026-06-05 01:09:59,node,master,1090,1880,,54.5,49.0
2026-06-05 01:09:59,node,worker-1,596,1511,,29.8,39.4
2026-06-05 01:09:59,node,worker-2,1179,1290,,59.0,33.6
2026-06-05 01:09:59,node,worker-3,658,866,,32.9,22.6
2026-06-05 01:09:59,node,worker-4,1644,2099,,82.2,54.7
2026-06-05 01:10:08,deployment,adservice,43,108,1,,
2026-06-05 01:10:08,deployment,cartservice,240,164,3,,
2026-06-05 01:10:08,deployment,checkoutservice,36,22,1,,
2026-06-05 01:10:08,deployment,currencyservice,371,185,3,,
2026-06-05 01:10:08,deployment,emailservice,15,60,1,,
2026-06-05 01:10:08,deployment,frontend,612,61,4,,
2026-06-05 01:10:08,deployment,paymentservice,11,75,1,,
2026-06-05 01:10:08,deployment,productcatalogservice,346,51,4,,
2026-06-05 01:10:08,deployment,recommendationservice,244,103,2,,
2026-06-05 01:10:08,deployment,redis-cart,17,34,1,,
2026-06-05 01:10:08,deployment,shippingservice,33,24,1,,
2026-06-05 01:10:08,node,master,1162,1881,,58.1,49.0
2026-06-05 01:10:08,node,worker-1,695,1512,,34.8,39.4
2026-06-05 01:10:08,node,worker-2,1263,1290,,63.1,33.6
2026-06-05 01:10:08,node,worker-3,655,866,,32.8,22.6
2026-06-05 01:10:08,node,worker-4,1700,2042,,85.0,53.2
2026-06-05 01:10:16,deployment,adservice,43,108,1,,
2026-06-05 01:10:16,deployment,cartservice,240,164,3,,
2026-06-05 01:10:16,deployment,checkoutservice,36,22,1,,
2026-06-05 01:10:16,deployment,currencyservice,371,185,3,,
2026-06-05 01:10:16,deployment,emailservice,15,60,1,,
2026-06-05 01:10:16,deployment,frontend,612,61,4,,
2026-06-05 01:10:16,deployment,paymentservice,11,75,1,,
2026-06-05 01:10:16,deployment,productcatalogservice,346,51,4,,
2026-06-05 01:10:16,deployment,recommendationservice,244,103,2,,
2026-06-05 01:10:16,deployment,redis-cart,17,34,1,,
2026-06-05 01:10:16,deployment,shippingservice,33,24,1,,
2026-06-05 01:10:16,node,master,1162,1881,,58.1,49.0
2026-06-05 01:10:16,node,worker-1,695,1512,,34.8,39.4
2026-06-05 01:10:16,node,worker-2,1263,1290,,63.1,33.6
2026-06-05 01:10:16,node,worker-3,655,866,,32.8,22.6
2026-06-05 01:10:16,node,worker-4,1700,2042,,85.0,53.2
2026-06-05 01:10:23,deployment,adservice,41,107,1,,
2026-06-05 01:10:23,deployment,cartservice,227,165,3,,
2026-06-05 01:10:23,deployment,checkoutservice,32,22,1,,
2026-06-05 01:10:23,deployment,currencyservice,365,183,3,,
2026-06-05 01:10:23,deployment,emailservice,13,60,1,,
2026-06-05 01:10:23,deployment,frontend,577,61,4,,
2026-06-05 01:10:23,deployment,paymentservice,9,76,1,,
2026-06-05 01:10:23,deployment,productcatalogservice,355,53,4,,
2026-06-05 01:10:23,deployment,recommendationservice,241,103,2,,
2026-06-05 01:10:23,deployment,redis-cart,17,34,1,,
2026-06-05 01:10:23,deployment,shippingservice,33,24,1,,
2026-06-05 01:10:23,node,master,1125,1881,,56.2,49.0
2026-06-05 01:10:23,node,worker-1,632,1510,,31.6,39.3
2026-06-05 01:10:23,node,worker-2,1372,1289,,68.6,33.6
2026-06-05 01:10:23,node,worker-3,697,864,,34.8,22.5
2026-06-05 01:10:23,node,worker-4,1655,2039,,82.8,53.1
2026-06-05 01:10:32,deployment,adservice,41,107,1,,
2026-06-05 01:10:32,deployment,cartservice,227,165,3,,
2026-06-05 01:10:32,deployment,checkoutservice,32,22,1,,
2026-06-05 01:10:32,deployment,currencyservice,365,183,3,,
2026-06-05 01:10:32,deployment,emailservice,13,60,1,,
2026-06-05 01:10:32,deployment,frontend,577,61,4,,
2026-06-05 01:10:32,deployment,paymentservice,9,76,1,,
2026-06-05 01:10:32,deployment,productcatalogservice,355,53,4,,
2026-06-05 01:10:32,deployment,recommendationservice,241,103,2,,
2026-06-05 01:10:32,deployment,redis-cart,17,34,1,,
2026-06-05 01:10:32,deployment,shippingservice,33,24,1,,
2026-06-05 01:10:32,node,master,1125,1881,,56.2,49.0
2026-06-05 01:10:32,node,worker-1,632,1510,,31.6,39.3
2026-06-05 01:10:32,node,worker-2,1372,1289,,68.6,33.6
2026-06-05 01:10:32,node,worker-3,697,864,,34.8,22.5
2026-06-05 01:10:32,node,worker-4,1655,2039,,82.8,53.1
2026-06-05 01:10:39,deployment,adservice,43,107,1,,
2026-06-05 01:10:39,deployment,cartservice,235,166,3,,
2026-06-05 01:10:39,deployment,checkoutservice,36,22,1,,
2026-06-05 01:10:39,deployment,currencyservice,360,184,3,,
2026-06-05 01:10:39,deployment,emailservice,17,60,1,,
2026-06-05 01:10:39,deployment,frontend,595,60,4,,
2026-06-05 01:10:39,deployment,paymentservice,12,75,1,,
2026-06-05 01:10:39,deployment,productcatalogservice,358,51,4,,
2026-06-05 01:10:39,deployment,recommendationservice,245,103,2,,
2026-06-05 01:10:39,deployment,redis-cart,17,34,1,,
2026-06-05 01:10:39,deployment,shippingservice,34,24,1,,
2026-06-05 01:10:39,node,master,1070,1882,,53.5,49.0
2026-06-05 01:10:39,node,worker-1,578,1511,,28.9,39.4
2026-06-05 01:10:39,node,worker-2,1297,1286,,64.8,33.5
2026-06-05 01:10:39,node,worker-3,707,864,,35.4,22.5
2026-06-05 01:10:39,node,worker-4,1678,2068,,83.9,53.9
2026-06-05 01:10:48,deployment,adservice,43,107,1,,
2026-06-05 01:10:48,deployment,cartservice,235,166,3,,
2026-06-05 01:10:48,deployment,checkoutservice,36,22,1,,
2026-06-05 01:10:48,deployment,currencyservice,360,184,3,,
2026-06-05 01:10:48,deployment,emailservice,17,60,1,,
2026-06-05 01:10:48,deployment,frontend,595,60,4,,
2026-06-05 01:10:48,deployment,paymentservice,12,75,1,,
2026-06-05 01:10:48,deployment,productcatalogservice,358,51,4,,
2026-06-05 01:10:48,deployment,recommendationservice,245,103,2,,
2026-06-05 01:10:48,deployment,redis-cart,17,34,1,,
2026-06-05 01:10:48,deployment,shippingservice,34,24,1,,
2026-06-05 01:10:48,node,master,1070,1882,,53.5,49.0
2026-06-05 01:10:48,node,worker-1,578,1511,,28.9,39.4
2026-06-05 01:10:48,node,worker-2,1297,1286,,64.8,33.5
2026-06-05 01:10:48,node,worker-3,707,864,,35.4,22.5
2026-06-05 01:10:48,node,worker-4,1678,2068,,83.9,53.9
2026-06-05 01:10:55,deployment,adservice,42,107,1,,
2026-06-05 01:10:55,deployment,cartservice,221,164,3,,
2026-06-05 01:10:55,deployment,checkoutservice,28,22,1,,
2026-06-05 01:10:55,deployment,currencyservice,345,186,3,,
2026-06-05 01:10:55,deployment,emailservice,14,60,1,,
2026-06-05 01:10:55,deployment,frontend,580,60,4,,
2026-06-05 01:10:55,deployment,paymentservice,8,75,1,,
2026-06-05 01:10:55,deployment,productcatalogservice,345,51,4,,
2026-06-05 01:10:55,deployment,recommendationservice,232,103,2,,
2026-06-05 01:10:55,deployment,redis-cart,17,34,1,,
2026-06-05 01:10:55,deployment,shippingservice,31,24,1,,
2026-06-05 01:10:55,node,master,1079,1881,,53.9,49.0
2026-06-05 01:10:55,node,worker-1,583,1512,,29.1,39.4
2026-06-05 01:10:55,node,worker-2,1267,1285,,63.3,33.5
2026-06-05 01:10:55,node,worker-3,635,864,,31.8,22.5
2026-06-05 01:10:55,node,worker-4,1616,2039,,80.8,53.1
2026-06-05 01:11:03,deployment,adservice,42,107,1,,
2026-06-05 01:11:03,deployment,cartservice,221,164,3,,
2026-06-05 01:11:03,deployment,checkoutservice,28,22,1,,
2026-06-05 01:11:03,deployment,currencyservice,345,186,3,,
2026-06-05 01:11:03,deployment,emailservice,14,60,1,,
2026-06-05 01:11:03,deployment,frontend,580,60,4,,
2026-06-05 01:11:03,deployment,paymentservice,8,75,1,,
2026-06-05 01:11:03,deployment,productcatalogservice,345,51,4,,
2026-06-05 01:11:03,deployment,recommendationservice,232,103,2,,
2026-06-05 01:11:03,deployment,redis-cart,17,34,1,,
2026-06-05 01:11:03,deployment,shippingservice,31,24,1,,
2026-06-05 01:11:03,node,master,1029,1882,,51.4,49.0
2026-06-05 01:11:03,node,worker-1,636,1508,,31.8,39.3
2026-06-05 01:11:03,node,worker-2,1253,1289,,62.6,33.6
2026-06-05 01:11:03,node,worker-3,666,867,,33.3,22.6
2026-06-05 01:11:03,node,worker-4,1693,2055,,84.7,53.5
2026-06-05 01:11:10,deployment,adservice,42,107,1,,
2026-06-05 01:11:10,deployment,cartservice,246,164,3,,
2026-06-05 01:11:10,deployment,checkoutservice,33,22,1,,
2026-06-05 01:11:10,deployment,currencyservice,359,187,3,,
2026-06-05 01:11:10,deployment,emailservice,16,60,1,,
2026-06-05 01:11:10,deployment,frontend,584,61,4,,
2026-06-05 01:11:10,deployment,paymentservice,13,75,1,,
2026-06-05 01:11:10,deployment,productcatalogservice,344,51,4,,
2026-06-05 01:11:10,deployment,recommendationservice,234,103,2,,
2026-06-05 01:11:10,deployment,redis-cart,17,34,1,,
2026-06-05 01:11:10,deployment,shippingservice,31,24,1,,
2026-06-05 01:11:10,node,master,1029,1882,,51.4,49.0
2026-06-05 01:11:10,node,worker-1,636,1508,,31.8,39.3
2026-06-05 01:11:10,node,worker-2,1253,1289,,62.6,33.6
2026-06-05 01:11:10,node,worker-3,666,867,,33.3,22.6
2026-06-05 01:11:10,node,worker-4,1693,2055,,84.7,53.5
2026-06-05 01:11:18,deployment,adservice,42,107,1,,
2026-06-05 01:11:18,deployment,cartservice,246,164,3,,
2026-06-05 01:11:18,deployment,checkoutservice,33,22,1,,
2026-06-05 01:11:18,deployment,currencyservice,359,187,3,,
2026-06-05 01:11:18,deployment,emailservice,16,60,1,,
2026-06-05 01:11:18,deployment,frontend,584,61,4,,
2026-06-05 01:11:18,deployment,paymentservice,13,75,1,,
2026-06-05 01:11:18,deployment,productcatalogservice,344,51,4,,
2026-06-05 01:11:18,deployment,recommendationservice,234,103,2,,
2026-06-05 01:11:18,deployment,redis-cart,17,34,1,,
2026-06-05 01:11:18,deployment,shippingservice,31,24,1,,
2026-06-05 01:11:18,node,master,1029,1882,,51.4,49.0
2026-06-05 01:11:18,node,worker-1,636,1508,,31.8,39.3
2026-06-05 01:11:18,node,worker-2,1253,1289,,62.6,33.6
2026-06-05 01:11:18,node,worker-3,641,866,,32.0,22.6
2026-06-05 01:11:18,node,worker-4,1587,2000,,79.3,52.1
2026-06-05 01:11:25,deployment,adservice,42,108,1,,
2026-06-05 01:11:25,deployment,cartservice,185,164,3,,
2026-06-05 01:11:25,deployment,checkoutservice,27,22,1,,
2026-06-05 01:11:25,deployment,currencyservice,351,183,3,,
2026-06-05 01:11:25,deployment,emailservice,14,60,1,,
2026-06-05 01:11:25,deployment,frontend,567,61,4,,
2026-06-05 01:11:25,deployment,paymentservice,8,75,1,,
2026-06-05 01:11:25,deployment,productcatalogservice,336,51,4,,
2026-06-05 01:11:25,deployment,recommendationservice,229,103,2,,
2026-06-05 01:11:25,deployment,redis-cart,16,34,1,,
2026-06-05 01:11:25,deployment,shippingservice,29,24,1,,
2026-06-05 01:11:25,node,master,1067,1881,,53.3,49.0
2026-06-05 01:11:25,node,worker-1,570,1504,,28.5,39.2
2026-06-05 01:11:25,node,worker-2,1288,1287,,64.4,33.5
2026-06-05 01:11:25,node,worker-3,641,866,,32.0,22.6
2026-06-05 01:11:25,node,worker-4,1587,2000,,79.3,52.1
2026-06-05 01:11:33,deployment,adservice,42,108,1,,
2026-06-05 01:11:33,deployment,cartservice,185,164,3,,
2026-06-05 01:11:33,deployment,checkoutservice,27,22,1,,
2026-06-05 01:11:33,deployment,currencyservice,351,183,3,,
2026-06-05 01:11:33,deployment,emailservice,14,60,1,,
2026-06-05 01:11:33,deployment,frontend,567,61,4,,
2026-06-05 01:11:33,deployment,paymentservice,8,75,1,,
2026-06-05 01:11:33,deployment,productcatalogservice,336,51,4,,
2026-06-05 01:11:33,deployment,recommendationservice,229,103,2,,
2026-06-05 01:11:33,deployment,redis-cart,16,34,1,,
2026-06-05 01:11:33,deployment,shippingservice,29,24,1,,
2026-06-05 01:11:33,node,master,1067,1881,,53.3,49.0
2026-06-05 01:11:33,node,worker-1,570,1504,,28.5,39.2
2026-06-05 01:11:33,node,worker-2,1288,1287,,64.4,33.5
2026-06-05 01:11:33,node,worker-3,641,866,,32.0,22.6
2026-06-05 01:11:33,node,worker-4,1587,2000,,79.3,52.1
2026-06-05 01:11:40,deployment,adservice,40,108,1,,
2026-06-05 01:11:40,deployment,cartservice,203,164,3,,
2026-06-05 01:11:40,deployment,checkoutservice,33,22,1,,
2026-06-05 01:11:40,deployment,currencyservice,335,185,3,,
2026-06-05 01:11:40,deployment,emailservice,14,60,1,,
2026-06-05 01:11:40,deployment,frontend,550,61,4,,
2026-06-05 01:11:40,deployment,paymentservice,10,76,1,,
2026-06-05 01:11:40,deployment,productcatalogservice,320,51,4,,
2026-06-05 01:11:40,deployment,recommendationservice,219,103,2,,
2026-06-05 01:11:40,deployment,redis-cart,34,34,1,,
2026-06-05 01:11:40,deployment,shippingservice,29,24,1,,
2026-06-05 01:11:40,node,master,986,1882,,49.3,49.0
2026-06-05 01:11:40,node,worker-1,529,1505,,26.5,39.2
2026-06-05 01:11:40,node,worker-2,1218,1289,,60.9,33.6
2026-06-05 01:11:40,node,worker-3,691,859,,34.5,22.4
2026-06-05 01:11:40,node,worker-4,1631,2054,,81.5,53.5
2026-06-05 01:11:49,deployment,adservice,40,108,1,,
2026-06-05 01:11:49,deployment,cartservice,203,164,3,,
2026-06-05 01:11:49,deployment,checkoutservice,33,22,1,,
2026-06-05 01:11:49,deployment,currencyservice,335,185,3,,
2026-06-05 01:11:49,deployment,emailservice,14,60,1,,
2026-06-05 01:11:49,deployment,frontend,550,61,4,,
2026-06-05 01:11:49,deployment,paymentservice,10,76,1,,
2026-06-05 01:11:49,deployment,productcatalogservice,320,51,4,,
2026-06-05 01:11:49,deployment,recommendationservice,219,103,2,,
2026-06-05 01:11:49,deployment,redis-cart,34,34,1,,
2026-06-05 01:11:49,deployment,shippingservice,29,24,1,,
2026-06-05 01:11:49,node,master,999,1881,,50.0,49.0
2026-06-05 01:11:49,node,worker-1,590,1506,,29.5,39.2
2026-06-05 01:11:49,node,worker-2,1165,1285,,58.2,33.5
2026-06-05 01:11:49,node,worker-3,602,859,,30.1,22.4
2026-06-05 01:11:49,node,worker-4,1587,2039,,79.3,53.1
2026-06-05 01:11:55,deployment,adservice,39,108,1,,
2026-06-05 01:11:55,deployment,cartservice,231,164,3,,
2026-06-05 01:11:55,deployment,checkoutservice,25,22,1,,
2026-06-05 01:11:55,deployment,currencyservice,335,185,3,,
2026-06-05 01:11:55,deployment,emailservice,14,60,1,,
2026-06-05 01:11:55,deployment,frontend,555,61,4,,
2026-06-05 01:11:55,deployment,paymentservice,8,76,1,,
2026-06-05 01:11:55,deployment,productcatalogservice,328,51,4,,
2026-06-05 01:11:55,deployment,recommendationservice,217,103,2,,
2026-06-05 01:11:55,deployment,redis-cart,16,34,1,,
2026-06-05 01:11:55,deployment,shippingservice,29,24,1,,
2026-06-05 01:11:55,node,master,999,1881,,50.0,49.0
2026-06-05 01:11:55,node,worker-1,590,1506,,29.5,39.2
2026-06-05 01:11:55,node,worker-2,1165,1285,,58.2,33.5
2026-06-05 01:11:55,node,worker-3,602,859,,30.1,22.4
2026-06-05 01:11:55,node,worker-4,1587,2039,,79.3,53.1
2026-06-05 01:12:03,deployment,adservice,39,108,1,,
2026-06-05 01:12:03,deployment,cartservice,231,164,3,,
2026-06-05 01:12:03,deployment,checkoutservice,25,22,1,,
2026-06-05 01:12:03,deployment,currencyservice,335,185,3,,
2026-06-05 01:12:03,deployment,emailservice,14,60,1,,
2026-06-05 01:12:03,deployment,frontend,555,61,4,,
2026-06-05 01:12:03,deployment,paymentservice,8,76,1,,
2026-06-05 01:12:03,deployment,productcatalogservice,328,51,4,,
2026-06-05 01:12:03,deployment,recommendationservice,217,103,2,,
2026-06-05 01:12:03,deployment,redis-cart,16,34,1,,
2026-06-05 01:12:03,deployment,shippingservice,28,24,1,,
2026-06-05 01:12:03,node,master,1076,1884,,53.8,49.1
2026-06-05 01:12:03,node,worker-1,529,1509,,26.5,39.3
2026-06-05 01:12:03,node,worker-2,1152,1291,,57.6,33.6
2026-06-05 01:12:03,node,worker-3,633,859,,31.6,22.4
2026-06-05 01:12:03,node,worker-4,1506,2041,,75.3,53.2
2026-06-05 01:12:11,deployment,adservice,40,108,1,,
2026-06-05 01:12:11,deployment,cartservice,217,164,3,,
2026-06-05 01:12:11,deployment,checkoutservice,26,22,1,,
2026-06-05 01:12:11,deployment,currencyservice,333,185,3,,
2026-06-05 01:12:11,deployment,emailservice,14,60,1,,
2026-06-05 01:12:11,deployment,frontend,549,61,4,,
2026-06-05 01:12:11,deployment,paymentservice,10,76,1,,
2026-06-05 01:12:11,deployment,productcatalogservice,326,51,4,,
2026-06-05 01:12:11,deployment,recommendationservice,218,105,2,,
2026-06-05 01:12:11,deployment,redis-cart,16,34,1,,
2026-06-05 01:12:11,deployment,shippingservice,28,24,1,,
2026-06-05 01:12:11,node,master,1076,1884,,53.8,49.1
2026-06-05 01:12:11,node,worker-1,529,1509,,26.5,39.3
2026-06-05 01:12:11,node,worker-2,1152,1291,,57.6,33.6
2026-06-05 01:12:11,node,worker-3,633,859,,31.6,22.4
2026-06-05 01:12:11,node,worker-4,1506,2041,,75.3,53.2
2026-06-05 01:12:20,deployment,adservice,38,108,1,,
2026-06-05 01:12:20,deployment,cartservice,187,164,3,,
2026-06-05 01:12:20,deployment,checkoutservice,34,22,1,,
2026-06-05 01:12:20,deployment,currencyservice,336,183,3,,
2026-06-05 01:12:20,deployment,emailservice,14,60,1,,
2026-06-05 01:12:20,deployment,frontend,526,61,4,,
2026-06-05 01:12:20,deployment,paymentservice,10,76,1,,
2026-06-05 01:12:20,deployment,productcatalogservice,322,51,4,,
2026-06-05 01:12:20,deployment,recommendationservice,214,103,2,,
2026-06-05 01:12:20,deployment,redis-cart,15,34,1,,
2026-06-05 01:12:20,deployment,shippingservice,30,24,1,,
2026-06-05 01:12:20,node,master,1024,1882,,51.2,49.0
2026-06-05 01:12:20,node,worker-1,538,1509,,26.9,39.3
2026-06-05 01:12:20,node,worker-2,1195,1288,,59.8,33.6
2026-06-05 01:12:20,node,worker-3,609,859,,30.4,22.4
2026-06-05 01:12:20,node,worker-4,1571,1956,,78.5,51.0
2026-06-05 01:12:28,deployment,adservice,38,108,1,,
2026-06-05 01:12:28,deployment,cartservice,187,164,3,,
2026-06-05 01:12:28,deployment,checkoutservice,34,22,1,,
2026-06-05 01:12:28,deployment,currencyservice,336,183,3,,
2026-06-05 01:12:28,deployment,emailservice,14,60,1,,
2026-06-05 01:12:28,deployment,frontend,526,61,4,,
2026-06-05 01:12:28,deployment,paymentservice,10,76,1,,
2026-06-05 01:12:28,deployment,productcatalogservice,322,51,4,,
2026-06-05 01:12:28,deployment,recommendationservice,214,103,2,,
2026-06-05 01:12:28,deployment,redis-cart,15,34,1,,
2026-06-05 01:12:28,deployment,shippingservice,30,24,1,,
2026-06-05 01:12:28,node,master,1024,1882,,51.2,49.0
2026-06-05 01:12:28,node,worker-1,538,1509,,26.9,39.3
2026-06-05 01:12:28,node,worker-2,1195,1288,,59.8,33.6
2026-06-05 01:12:28,node,worker-3,609,859,,30.4,22.4
2026-06-05 01:12:28,node,worker-4,1571,1956,,78.5,51.0
2026-06-05 01:12:35,deployment,adservice,34,108,1,,
2026-06-05 01:12:35,deployment,cartservice,203,164,3,,
2026-06-05 01:12:35,deployment,checkoutservice,23,22,1,,
2026-06-05 01:12:35,deployment,currencyservice,311,183,3,,
2026-06-05 01:12:35,deployment,emailservice,13,60,1,,
2026-06-05 01:12:35,deployment,frontend,522,61,4,,
2026-06-05 01:12:35,deployment,paymentservice,10,76,1,,
2026-06-05 01:12:35,deployment,productcatalogservice,290,51,4,,
2026-06-05 01:12:35,deployment,recommendationservice,178,103,2,,
2026-06-05 01:12:35,deployment,redis-cart,14,34,1,,
2026-06-05 01:12:35,deployment,shippingservice,24,24,1,,
2026-06-05 01:12:35,node,master,887,1886,,44.4,49.1
2026-06-05 01:12:35,node,worker-1,418,1509,,20.9,39.3
2026-06-05 01:12:35,node,worker-2,1024,1291,,51.2,33.6
2026-06-05 01:12:35,node,worker-3,513,860,,25.7,22.4
2026-06-05 01:12:35,node,worker-4,1311,2017,,65.5,52.5
2026-06-05 01:12:42,deployment,adservice,34,108,1,,
2026-06-05 01:12:42,deployment,cartservice,203,164,3,,
2026-06-05 01:12:42,deployment,checkoutservice,23,22,1,,
2026-06-05 01:12:42,deployment,currencyservice,311,183,3,,
2026-06-05 01:12:42,deployment,emailservice,13,60,1,,
2026-06-05 01:12:42,deployment,frontend,522,61,4,,
2026-06-05 01:12:42,deployment,paymentservice,10,76,1,,
2026-06-05 01:12:42,deployment,productcatalogservice,290,51,4,,
2026-06-05 01:12:42,deployment,recommendationservice,178,103,2,,
2026-06-05 01:12:42,deployment,redis-cart,14,34,1,,
2026-06-05 01:12:42,deployment,shippingservice,24,24,1,,
2026-06-05 01:12:42,node,master,887,1886,,44.4,49.1
2026-06-05 01:12:42,node,worker-1,418,1509,,20.9,39.3
2026-06-05 01:12:42,node,worker-2,1024,1291,,51.2,33.6
2026-06-05 01:12:42,node,worker-3,513,860,,25.7,22.4
2026-06-05 01:12:42,node,worker-4,1311,2017,,65.5,52.5
2026-06-05 01:12:51,deployment,adservice,30,108,1,,
2026-06-05 01:12:51,deployment,cartservice,189,164,3,,
2026-06-05 01:12:51,deployment,checkoutservice,15,22,1,,
2026-06-05 01:12:51,deployment,currencyservice,252,185,3,,
2026-06-05 01:12:51,deployment,emailservice,11,60,1,,
2026-06-05 01:12:51,deployment,frontend,423,60,4,,
2026-06-05 01:12:51,deployment,paymentservice,6,76,1,,
2026-06-05 01:12:51,deployment,productcatalogservice,246,50,4,,
2026-06-05 01:12:51,deployment,recommendationservice,155,103,2,,
2026-06-05 01:12:51,deployment,redis-cart,12,34,1,,
2026-06-05 01:12:51,deployment,shippingservice,20,24,1,,
2026-06-05 01:12:51,node,master,866,1885,,43.3,49.1
2026-06-05 01:12:51,node,worker-1,469,1510,,23.4,39.3
2026-06-05 01:12:51,node,worker-2,894,1288,,44.7,33.6
2026-06-05 01:12:51,node,worker-3,480,860,,24.0,22.4
2026-06-05 01:12:51,node,worker-4,1330,2106,,66.5,54.9
2026-06-05 01:12:58,deployment,adservice,30,108,1,,
2026-06-05 01:12:58,deployment,cartservice,189,164,3,,
2026-06-05 01:12:58,deployment,checkoutservice,15,22,1,,
2026-06-05 01:12:58,deployment,currencyservice,252,185,3,,
2026-06-05 01:12:58,deployment,emailservice,11,60,1,,
2026-06-05 01:12:58,deployment,frontend,423,60,4,,
2026-06-05 01:12:58,deployment,paymentservice,6,76,1,,
2026-06-05 01:12:58,deployment,productcatalogservice,246,50,4,,
2026-06-05 01:12:58,deployment,recommendationservice,155,103,2,,
2026-06-05 01:12:58,deployment,redis-cart,12,34,1,,
2026-06-05 01:12:58,deployment,shippingservice,20,24,1,,
2026-06-05 01:12:58,node,master,866,1885,,43.3,49.1
2026-06-05 01:12:58,node,worker-1,469,1510,,23.4,39.3
2026-06-05 01:12:58,node,worker-2,894,1288,,44.7,33.6
2026-06-05 01:12:58,node,worker-3,480,860,,24.0,22.4
2026-06-05 01:12:58,node,worker-4,1330,2106,,66.5,54.9
2026-06-05 01:13:06,deployment,adservice,28,108,1,,
2026-06-05 01:13:06,deployment,cartservice,168,166,3,,
2026-06-05 01:13:06,deployment,checkoutservice,20,22,1,,
2026-06-05 01:13:06,deployment,currencyservice,251,185,3,,
2026-06-05 01:13:06,deployment,emailservice,11,60,1,,
2026-06-05 01:13:06,deployment,frontend,430,60,4,,
2026-06-05 01:13:06,deployment,paymentservice,8,76,1,,
2026-06-05 01:13:06,deployment,productcatalogservice,252,51,4,,
2026-06-05 01:13:06,deployment,recommendationservice,162,103,2,,
2026-06-05 01:13:06,deployment,redis-cart,12,34,1,,
2026-06-05 01:13:06,deployment,shippingservice,21,24,1,,
2026-06-05 01:13:06,node,master,814,1887,,40.7,49.2
2026-06-05 01:13:06,node,worker-1,451,1511,,22.6,39.4
2026-06-05 01:13:06,node,worker-2,964,1291,,48.2,33.6
2026-06-05 01:13:06,node,worker-3,466,861,,23.3,22.4
2026-06-05 01:13:06,node,worker-4,1346,2089,,67.3,54.4
2026-06-05 01:13:12,deployment,adservice,28,108,1,,
2026-06-05 01:13:12,deployment,cartservice,168,166,3,,
2026-06-05 01:13:12,deployment,checkoutservice,20,22,1,,
2026-06-05 01:13:12,deployment,currencyservice,251,185,3,,
2026-06-05 01:13:12,deployment,emailservice,11,60,1,,
2026-06-05 01:13:12,deployment,frontend,430,60,4,,
2026-06-05 01:13:12,deployment,paymentservice,8,76,1,,
2026-06-05 01:13:12,deployment,productcatalogservice,252,51,4,,
2026-06-05 01:13:12,deployment,recommendationservice,162,103,2,,
2026-06-05 01:13:12,deployment,redis-cart,12,34,1,,
2026-06-05 01:13:12,deployment,shippingservice,21,24,1,,
2026-06-05 01:13:12,node,master,814,1887,,40.7,49.2
2026-06-05 01:13:12,node,worker-1,451,1511,,22.6,39.4
2026-06-05 01:13:12,node,worker-2,964,1291,,48.2,33.6
2026-06-05 01:13:12,node,worker-3,466,861,,23.3,22.4
2026-06-05 01:13:12,node,worker-4,1346,2089,,67.3,54.4
2026-06-05 01:13:20,deployment,adservice,28,108,1,,
2026-06-05 01:13:20,deployment,cartservice,154,165,3,,
2026-06-05 01:13:20,deployment,checkoutservice,19,22,1,,
2026-06-05 01:13:20,deployment,currencyservice,264,184,3,,
2026-06-05 01:13:20,deployment,emailservice,11,60,1,,
2026-06-05 01:13:20,deployment,frontend,409,60,4,,
2026-06-05 01:13:20,deployment,paymentservice,7,76,1,,
2026-06-05 01:13:20,deployment,productcatalogservice,238,51,4,,
2026-06-05 01:13:20,deployment,recommendationservice,148,103,2,,
2026-06-05 01:13:20,deployment,redis-cart,12,34,1,,
2026-06-05 01:13:20,deployment,shippingservice,20,24,1,,
2026-06-05 01:13:20,node,master,809,1886,,40.5,49.1
2026-06-05 01:13:20,node,worker-1,456,1509,,22.8,39.3
2026-06-05 01:13:20,node,worker-2,920,1289,,46.0,33.6
2026-06-05 01:13:20,node,worker-3,472,860,,23.6,22.4
2026-06-05 01:13:20,node,worker-4,1231,2081,,61.6,54.2
2026-06-05 01:13:28,deployment,adservice,28,108,1,,
2026-06-05 01:13:28,deployment,cartservice,154,165,3,,
2026-06-05 01:13:28,deployment,checkoutservice,19,22,1,,
2026-06-05 01:13:28,deployment,currencyservice,264,184,3,,
2026-06-05 01:13:28,deployment,emailservice,11,60,1,,
2026-06-05 01:13:28,deployment,frontend,409,60,4,,
2026-06-05 01:13:28,deployment,paymentservice,7,76,1,,
2026-06-05 01:13:28,deployment,productcatalogservice,238,51,4,,
2026-06-05 01:13:28,deployment,recommendationservice,148,103,2,,
2026-06-05 01:13:28,deployment,redis-cart,12,34,1,,
2026-06-05 01:13:28,deployment,shippingservice,20,24,1,,
2026-06-05 01:13:28,node,master,809,1886,,40.5,49.1
2026-06-05 01:13:28,node,worker-1,456,1509,,22.8,39.3
2026-06-05 01:13:28,node,worker-2,920,1289,,46.0,33.6
2026-06-05 01:13:28,node,worker-3,472,860,,23.6,22.4
2026-06-05 01:13:28,node,worker-4,1231,2081,,61.6,54.2
2026-06-05 01:13:35,deployment,adservice,28,108,1,,
2026-06-05 01:13:35,deployment,cartservice,171,164,3,,
2026-06-05 01:13:35,deployment,checkoutservice,15,21,1,,
2026-06-05 01:13:35,deployment,currencyservice,244,184,3,,
2026-06-05 01:13:35,deployment,emailservice,10,60,1,,
2026-06-05 01:13:35,deployment,frontend,404,60,4,,
2026-06-05 01:13:35,deployment,paymentservice,5,76,1,,
2026-06-05 01:13:35,deployment,productcatalogservice,229,51,4,,
2026-06-05 01:13:35,deployment,recommendationservice,142,103,2,,
2026-06-05 01:13:35,deployment,redis-cart,11,34,1,,
2026-06-05 01:13:35,deployment,shippingservice,18,24,1,,
2026-06-05 01:13:35,node,master,852,1890,,42.6,49.2
2026-06-05 01:13:35,node,worker-1,485,1509,,24.2,39.3
2026-06-05 01:13:35,node,worker-2,863,1293,,43.1,33.7
2026-06-05 01:13:35,node,worker-3,458,855,,22.9,22.3
2026-06-05 01:13:35,node,worker-4,1300,2127,,65.0,55.4
2026-06-05 01:13:42,deployment,adservice,28,108,1,,
2026-06-05 01:13:42,deployment,cartservice,171,164,3,,
2026-06-05 01:13:42,deployment,checkoutservice,15,21,1,,
2026-06-05 01:13:42,deployment,currencyservice,244,184,3,,
2026-06-05 01:13:42,deployment,emailservice,10,60,1,,
2026-06-05 01:13:42,deployment,frontend,404,60,4,,
2026-06-05 01:13:42,deployment,paymentservice,5,76,1,,
2026-06-05 01:13:42,deployment,productcatalogservice,229,51,4,,
2026-06-05 01:13:42,deployment,recommendationservice,142,103,2,,
2026-06-05 01:13:42,deployment,redis-cart,11,34,1,,
2026-06-05 01:13:42,deployment,shippingservice,18,24,1,,
2026-06-05 01:13:42,node,master,852,1890,,42.6,49.2
2026-06-05 01:13:42,node,worker-1,485,1509,,24.2,39.3
2026-06-05 01:13:42,node,worker-2,863,1293,,43.1,33.7
2026-06-05 01:13:42,node,worker-3,458,855,,22.9,22.3
2026-06-05 01:13:42,node,worker-4,1300,2127,,65.0,55.4
2026-06-05 01:13:50,deployment,adservice,26,108,1,,
2026-06-05 01:13:50,deployment,cartservice,175,164,3,,
2026-06-05 01:13:50,deployment,checkoutservice,16,21,1,,
2026-06-05 01:13:50,deployment,currencyservice,230,183,3,,
2026-06-05 01:13:50,deployment,emailservice,10,60,1,,
2026-06-05 01:13:50,deployment,frontend,376,60,4,,
2026-06-05 01:13:50,deployment,paymentservice,7,76,1,,
2026-06-05 01:13:50,deployment,productcatalogservice,218,51,4,,
2026-06-05 01:13:50,deployment,recommendationservice,137,103,2,,
2026-06-05 01:13:50,deployment,redis-cart,11,34,1,,
2026-06-05 01:13:50,deployment,shippingservice,18,24,1,,
2026-06-05 01:13:50,node,master,763,1887,,38.1,49.2
2026-06-05 01:13:50,node,worker-1,442,1508,,22.1,39.3
2026-06-05 01:13:50,node,worker-2,864,1289,,43.2,33.6
2026-06-05 01:13:50,node,worker-3,450,855,,22.5,22.3
2026-06-05 01:13:50,node,worker-4,1170,2059,,58.5,53.6
2026-06-05 01:13:56,deployment,adservice,26,108,1,,
2026-06-05 01:13:56,deployment,cartservice,175,164,3,,
2026-06-05 01:13:56,deployment,checkoutservice,16,21,1,,
2026-06-05 01:13:56,deployment,currencyservice,230,183,3,,
2026-06-05 01:13:56,deployment,emailservice,10,60,1,,
2026-06-05 01:13:56,deployment,frontend,376,60,4,,
2026-06-05 01:13:56,deployment,paymentservice,7,76,1,,
2026-06-05 01:13:56,deployment,productcatalogservice,218,51,4,,
2026-06-05 01:13:56,deployment,recommendationservice,137,103,2,,
2026-06-05 01:13:56,deployment,redis-cart,11,34,1,,
2026-06-05 01:13:56,deployment,shippingservice,18,24,1,,
2026-06-05 01:13:56,node,master,763,1887,,38.1,49.2
2026-06-05 01:13:56,node,worker-1,442,1508,,22.1,39.3
2026-06-05 01:13:56,node,worker-2,864,1289,,43.2,33.6
2026-06-05 01:13:56,node,worker-3,450,855,,22.5,22.3
2026-06-05 01:13:56,node,worker-4,1170,2059,,58.5,53.6
2026-06-05 01:14:03,deployment,adservice,26,108,1,,
2026-06-05 01:14:03,deployment,cartservice,175,164,3,,
2026-06-05 01:14:03,deployment,checkoutservice,16,21,1,,
2026-06-05 01:14:03,deployment,currencyservice,230,183,3,,
2026-06-05 01:14:03,deployment,emailservice,10,60,1,,
2026-06-05 01:14:03,deployment,frontend,376,60,4,,
2026-06-05 01:14:03,deployment,paymentservice,7,76,1,,
2026-06-05 01:14:03,deployment,productcatalogservice,218,51,4,,
2026-06-05 01:14:03,deployment,recommendationservice,137,103,2,,
2026-06-05 01:14:03,deployment,redis-cart,11,34,1,,
2026-06-05 01:14:03,deployment,shippingservice,18,24,1,,
2026-06-05 01:14:03,node,master,763,1887,,38.1,49.2
2026-06-05 01:14:03,node,worker-1,442,1508,,22.1,39.3
2026-06-05 01:14:03,node,worker-2,864,1289,,43.2,33.6
2026-06-05 01:14:03,node,worker-3,450,855,,22.5,22.3
2026-06-05 01:14:03,node,worker-4,1170,2059,,58.5,53.6
2026-06-05 01:14:09,deployment,adservice,25,108,1,,
2026-06-05 01:14:09,deployment,cartservice,160,164,3,,
2026-06-05 01:14:09,deployment,checkoutservice,18,21,1,,
2026-06-05 01:14:09,deployment,currencyservice,234,184,3,,
2026-06-05 01:14:09,deployment,emailservice,11,60,1,,
2026-06-05 01:14:09,deployment,frontend,394,60,4,,
2026-06-05 01:14:09,deployment,paymentservice,7,76,1,,
2026-06-05 01:14:09,deployment,productcatalogservice,232,51,4,,
2026-06-05 01:14:09,deployment,recommendationservice,141,103,2,,
2026-06-05 01:14:09,deployment,redis-cart,12,34,1,,
2026-06-05 01:14:09,deployment,shippingservice,23,24,1,,
2026-06-05 01:14:09,node,master,843,1889,,42.1,49.2
2026-06-05 01:14:09,node,worker-1,501,1509,,25.1,39.3
2026-06-05 01:14:09,node,worker-2,893,1292,,44.6,33.7
2026-06-05 01:14:09,node,worker-3,453,855,,22.7,22.3
2026-06-05 01:14:09,node,worker-4,1240,2112,,62.0,55.0
2026-06-05 01:14:17,deployment,adservice,25,108,1,,
2026-06-05 01:14:17,deployment,cartservice,160,164,3,,
2026-06-05 01:14:17,deployment,checkoutservice,18,21,1,,
2026-06-05 01:14:17,deployment,currencyservice,234,184,3,,
2026-06-05 01:14:17,deployment,emailservice,11,60,1,,
2026-06-05 01:14:17,deployment,frontend,394,60,4,,
2026-06-05 01:14:17,deployment,paymentservice,7,76,1,,
2026-06-05 01:14:17,deployment,productcatalogservice,232,51,4,,
2026-06-05 01:14:17,deployment,recommendationservice,141,103,2,,
2026-06-05 01:14:17,deployment,redis-cart,12,34,1,,
2026-06-05 01:14:17,deployment,shippingservice,23,24,1,,
2026-06-05 01:14:17,node,master,787,1888,,39.4,49.2
2026-06-05 01:14:17,node,worker-1,464,1509,,23.2,39.3
2026-06-05 01:14:17,node,worker-2,898,1289,,44.9,33.6
2026-06-05 01:14:17,node,worker-3,420,855,,21.0,22.3
2026-06-05 01:14:17,node,worker-4,1164,2056,,58.2,53.6
2026-06-05 01:14:25,deployment,adservice,26,108,1,,
2026-06-05 01:14:25,deployment,cartservice,158,164,3,,
2026-06-05 01:14:25,deployment,checkoutservice,18,21,1,,
2026-06-05 01:14:25,deployment,currencyservice,228,184,3,,
2026-06-05 01:14:25,deployment,emailservice,10,60,1,,
2026-06-05 01:14:25,deployment,frontend,381,59,4,,
2026-06-05 01:14:25,deployment,paymentservice,7,76,1,,
2026-06-05 01:14:25,deployment,productcatalogservice,219,52,4,,
2026-06-05 01:14:25,deployment,recommendationservice,143,103,2,,
2026-06-05 01:14:25,deployment,redis-cart,11,34,1,,
2026-06-05 01:14:25,deployment,shippingservice,20,24,1,,
2026-06-05 01:14:25,node,master,787,1888,,39.4,49.2
2026-06-05 01:14:25,node,worker-1,464,1509,,23.2,39.3
2026-06-05 01:14:25,node,worker-2,898,1289,,44.9,33.6
2026-06-05 01:14:25,node,worker-3,420,855,,21.0,22.3
2026-06-05 01:14:25,node,worker-4,1164,2056,,58.2,53.6
2026-06-05 01:14:33,deployment,adservice,26,108,1,,
2026-06-05 01:14:33,deployment,cartservice,158,164,3,,
2026-06-05 01:14:33,deployment,checkoutservice,18,21,1,,
2026-06-05 01:14:33,deployment,currencyservice,228,184,3,,
2026-06-05 01:14:33,deployment,emailservice,10,60,1,,
2026-06-05 01:14:33,deployment,frontend,381,59,4,,
2026-06-05 01:14:33,deployment,paymentservice,7,76,1,,
2026-06-05 01:14:33,deployment,productcatalogservice,219,52,4,,
2026-06-05 01:14:33,deployment,recommendationservice,143,103,2,,
2026-06-05 01:14:33,deployment,redis-cart,11,34,1,,
2026-06-05 01:14:33,deployment,shippingservice,20,24,1,,
2026-06-05 01:14:33,node,master,780,1890,,39.0,49.2
2026-06-05 01:14:33,node,worker-1,442,1510,,22.1,39.3
2026-06-05 01:14:33,node,worker-2,745,1292,,37.2,33.7
2026-06-05 01:14:33,node,worker-3,428,856,,21.4,22.3
2026-06-05 01:14:33,node,worker-4,1112,2075,,55.6,54.1
2026-06-05 01:14:40,deployment,adservice,24,108,1,,
2026-06-05 01:14:40,deployment,cartservice,131,164,3,,
2026-06-05 01:14:40,deployment,checkoutservice,17,21,1,,
2026-06-05 01:14:40,deployment,currencyservice,206,186,3,,
2026-06-05 01:14:40,deployment,emailservice,10,60,1,,
2026-06-05 01:14:40,deployment,frontend,335,59,4,,
2026-06-05 01:14:40,deployment,paymentservice,6,76,1,,
2026-06-05 01:14:40,deployment,productcatalogservice,199,51,4,,
2026-06-05 01:14:40,deployment,recommendationservice,118,103,2,,
2026-06-05 01:14:40,deployment,redis-cart,10,34,1,,
2026-06-05 01:14:40,deployment,shippingservice,18,24,1,,
2026-06-05 01:14:40,node,master,780,1890,,39.0,49.2
2026-06-05 01:14:40,node,worker-1,442,1510,,22.1,39.3
2026-06-05 01:14:40,node,worker-2,745,1292,,37.2,33.7
2026-06-05 01:14:40,node,worker-3,428,856,,21.4,22.3
2026-06-05 01:14:40,node,worker-4,1112,2075,,55.6,54.1
2026-06-05 01:14:47,deployment,adservice,24,108,1,,
2026-06-05 01:14:47,deployment,cartservice,131,164,3,,
2026-06-05 01:14:47,deployment,checkoutservice,17,21,1,,
2026-06-05 01:14:47,deployment,currencyservice,206,186,3,,
2026-06-05 01:14:47,deployment,emailservice,10,60,1,,
2026-06-05 01:14:47,deployment,frontend,335,59,4,,
2026-06-05 01:14:47,deployment,paymentservice,6,76,1,,
2026-06-05 01:14:47,deployment,productcatalogservice,199,51,4,,
2026-06-05 01:14:47,deployment,recommendationservice,118,103,2,,
2026-06-05 01:14:47,deployment,redis-cart,10,34,1,,
2026-06-05 01:14:47,deployment,shippingservice,16,24,1,,
2026-06-05 01:14:47,node,master,712,1887,,35.6,49.2
2026-06-05 01:14:47,node,worker-1,394,1510,,19.7,39.3
2026-06-05 01:14:47,node,worker-2,753,1290,,37.6,33.6
2026-06-05 01:14:47,node,worker-3,401,856,,20.1,22.3
2026-06-05 01:14:47,node,worker-4,1074,1970,,53.7,51.3
2026-06-05 01:14:56,deployment,adservice,22,108,1,,
2026-06-05 01:14:56,deployment,cartservice,124,164,3,,
2026-06-05 01:14:56,deployment,checkoutservice,17,21,1,,
2026-06-05 01:14:56,deployment,currencyservice,192,183,3,,
2026-06-05 01:14:56,deployment,emailservice,11,60,1,,
2026-06-05 01:14:56,deployment,frontend,317,59,4,,
2026-06-05 01:14:56,deployment,paymentservice,6,76,1,,
2026-06-05 01:14:56,deployment,productcatalogservice,196,51,4,,
2026-06-05 01:14:56,deployment,recommendationservice,119,103,2,,
2026-06-05 01:14:56,deployment,redis-cart,10,34,1,,
2026-06-05 01:14:56,deployment,shippingservice,16,24,1,,
2026-06-05 01:14:56,node,master,712,1887,,35.6,49.2
2026-06-05 01:14:56,node,worker-1,394,1510,,19.7,39.3
2026-06-05 01:14:56,node,worker-2,753,1290,,37.6,33.6
2026-06-05 01:14:56,node,worker-3,401,856,,20.1,22.3
2026-06-05 01:14:56,node,worker-4,1074,1970,,53.7,51.3
2026-06-05 01:15:03,deployment,adservice,22,108,1,,
2026-06-05 01:15:03,deployment,cartservice,124,164,3,,
2026-06-05 01:15:03,deployment,checkoutservice,17,21,1,,
2026-06-05 01:15:03,deployment,currencyservice,192,183,3,,
2026-06-05 01:15:03,deployment,emailservice,11,60,1,,
2026-06-05 01:15:03,deployment,frontend,317,59,4,,
2026-06-05 01:15:03,deployment,paymentservice,6,76,1,,
2026-06-05 01:15:03,deployment,productcatalogservice,196,51,4,,
2026-06-05 01:15:03,deployment,recommendationservice,115,103,2,,
2026-06-05 01:15:03,deployment,redis-cart,25,34,1,,
2026-06-05 01:15:03,deployment,shippingservice,16,24,1,,
2026-06-05 01:15:03,node,master,673,1891,,33.7,49.3
2026-06-05 01:15:03,node,worker-1,352,1507,,17.6,39.3
2026-06-05 01:15:03,node,worker-2,726,1293,,36.3,33.7
2026-06-05 01:15:03,node,worker-3,357,856,,17.8,22.3
2026-06-05 01:15:03,node,worker-4,955,1976,,47.8,51.5
2026-06-05 01:15:10,deployment,adservice,22,108,1,,
2026-06-05 01:15:10,deployment,cartservice,124,164,3,,
2026-06-05 01:15:10,deployment,checkoutservice,16,21,1,,
2026-06-05 01:15:10,deployment,currencyservice,182,184,3,,
2026-06-05 01:15:10,deployment,emailservice,9,60,1,,
2026-06-05 01:15:10,deployment,frontend,322,60,4,,
2026-06-05 01:15:10,deployment,paymentservice,6,76,1,,
2026-06-05 01:15:10,deployment,productcatalogservice,188,51,4,,
2026-06-05 01:15:10,deployment,recommendationservice,115,103,2,,
2026-06-05 01:15:10,deployment,redis-cart,25,34,1,,
2026-06-05 01:15:10,deployment,shippingservice,16,24,1,,
2026-06-05 01:15:10,node,master,673,1891,,33.7,49.3
2026-06-05 01:15:10,node,worker-1,352,1507,,17.6,39.3
2026-06-05 01:15:10,node,worker-2,726,1293,,36.3,33.7
2026-06-05 01:15:10,node,worker-3,357,856,,17.8,22.3
2026-06-05 01:15:10,node,worker-4,955,1976,,47.8,51.5
2026-06-05 01:15:17,deployment,adservice,22,108,1,,
2026-06-05 01:15:17,deployment,cartservice,124,164,3,,
2026-06-05 01:15:17,deployment,checkoutservice,16,21,1,,
2026-06-05 01:15:17,deployment,currencyservice,182,184,3,,
2026-06-05 01:15:17,deployment,emailservice,9,60,1,,
2026-06-05 01:15:17,deployment,frontend,322,60,4,,
2026-06-05 01:15:17,deployment,paymentservice,6,76,1,,
2026-06-05 01:15:17,deployment,productcatalogservice,184,51,4,,
2026-06-05 01:15:17,deployment,recommendationservice,116,103,2,,
2026-06-05 01:15:17,deployment,redis-cart,9,34,1,,
2026-06-05 01:15:17,deployment,shippingservice,16,24,1,,
2026-06-05 01:15:17,node,master,666,1854,,33.3,48.3
2026-06-05 01:15:17,node,worker-1,415,1506,,20.8,39.2
2026-06-05 01:15:17,node,worker-2,793,1286,,39.6,33.5
2026-06-05 01:15:17,node,worker-3,376,856,,18.8,22.3
2026-06-05 01:15:17,node,worker-4,1103,2013,,55.1,52.4
2026-06-05 01:15:26,deployment,adservice,21,107,1,,
2026-06-05 01:15:26,deployment,cartservice,108,164,3,,
2026-06-05 01:15:26,deployment,checkoutservice,10,21,1,,
2026-06-05 01:15:26,deployment,currencyservice,184,184,3,,
2026-06-05 01:15:26,deployment,emailservice,9,60,1,,
2026-06-05 01:15:26,deployment,frontend,315,59,4,,
2026-06-05 01:15:26,deployment,paymentservice,10,73,1,,
2026-06-05 01:15:26,deployment,productcatalogservice,184,51,4,,
2026-06-05 01:15:26,deployment,recommendationservice,116,103,2,,
2026-06-05 01:15:26,deployment,redis-cart,9,34,1,,
2026-06-05 01:15:26,deployment,shippingservice,16,24,1,,
2026-06-05 01:15:26,node,master,666,1854,,33.3,48.3
2026-06-05 01:15:26,node,worker-1,415,1506,,20.8,39.2
2026-06-05 01:15:26,node,worker-2,793,1286,,39.6,33.5
2026-06-05 01:15:26,node,worker-3,376,856,,18.8,22.3
2026-06-05 01:15:26,node,worker-4,1103,2013,,55.1,52.4
2026-06-05 01:15:32,deployment,adservice,21,107,1,,
2026-06-05 01:15:32,deployment,cartservice,108,164,3,,
2026-06-05 01:15:32,deployment,checkoutservice,10,21,1,,
2026-06-05 01:15:32,deployment,currencyservice,184,184,3,,
2026-06-05 01:15:32,deployment,emailservice,9,60,1,,
2026-06-05 01:15:32,deployment,frontend,315,59,4,,
2026-06-05 01:15:32,deployment,paymentservice,10,73,1,,
2026-06-05 01:15:32,deployment,productcatalogservice,184,51,4,,
2026-06-05 01:15:32,deployment,recommendationservice,116,103,2,,
2026-06-05 01:15:32,deployment,redis-cart,9,34,1,,
2026-06-05 01:15:32,deployment,shippingservice,16,24,1,,
2026-06-05 01:15:32,node,master,666,1854,,33.3,48.3
2026-06-05 01:15:32,node,worker-1,415,1506,,20.8,39.2
2026-06-05 01:15:32,node,worker-2,793,1286,,39.6,33.5
2026-06-05 01:15:32,node,worker-3,376,856,,18.8,22.3
2026-06-05 01:15:32,node,worker-4,1103,2013,,45.5,52.6
2026-06-05 01:15:40,deployment,adservice,22,107,1,,
2026-06-05 01:15:40,deployment,cartservice,101,164,3,,
2026-06-05 01:15:40,deployment,checkoutservice,15,21,1,,
2026-06-05 01:15:40,deployment,currencyservice,197,154,3,,
2026-06-05 01:15:40,deployment,emailservice,10,60,1,,
2026-06-05 01:15:40,deployment,frontend,322,59,4,,
2026-06-05 01:15:40,deployment,paymentservice,5,73,1,,
2026-06-05 01:15:40,deployment,productcatalogservice,190,51,4,,
2026-06-05 01:15:40,deployment,recommendationservice,118,103,2,,
2026-06-05 01:15:40,deployment,redis-cart,9,34,1,,
2026-06-05 01:15:40,deployment,shippingservice,15,24,1,,
2026-06-05 01:15:40,node,master,808,1859,,40.4,48.4
2026-06-05 01:15:40,node,worker-1,344,1506,,17.2,39.2
2026-06-05 01:15:40,node,worker-2,776,1286,,38.8,33.5
2026-06-05 01:15:40,node,worker-3,386,856,,19.3,22.3
2026-06-05 01:15:40,node,worker-4,910,2019,,45.5,52.6
2026-06-05 01:15:48,deployment,adservice,22,107,1,,
2026-06-05 01:15:48,deployment,cartservice,101,164,3,,
2026-06-05 01:15:48,deployment,checkoutservice,15,21,1,,
2026-06-05 01:15:48,deployment,currencyservice,197,154,3,,
2026-06-05 01:15:48,deployment,emailservice,10,60,1,,
2026-06-05 01:15:48,deployment,frontend,322,59,4,,
2026-06-05 01:15:48,deployment,paymentservice,5,73,1,,
2026-06-05 01:15:48,deployment,productcatalogservice,190,51,4,,
2026-06-05 01:15:48,deployment,recommendationservice,118,103,2,,
2026-06-05 01:15:48,deployment,redis-cart,9,34,1,,
2026-06-05 01:15:48,deployment,shippingservice,15,24,1,,
2026-06-05 01:15:48,node,master,808,1859,,34.6,48.5
2026-06-05 01:15:48,node,worker-1,399,1507,,20.0,39.3
2026-06-05 01:15:48,node,worker-2,801,1284,,40.1,33.4
2026-06-05 01:15:48,node,worker-3,403,855,,20.2,22.3
2026-06-05 01:15:48,node,worker-4,1048,1924,,52.4,50.1
2026-06-05 01:15:55,deployment,adservice,23,107,1,,
2026-06-05 01:15:55,deployment,cartservice,125,164,3,,
2026-06-05 01:15:55,deployment,checkoutservice,20,21,1,,
2026-06-05 01:15:55,deployment,currencyservice,204,155,3,,
2026-06-05 01:15:55,deployment,emailservice,11,60,1,,
2026-06-05 01:15:55,deployment,frontend,330,59,4,,
2026-06-05 01:15:55,deployment,paymentservice,8,73,1,,
2026-06-05 01:15:55,deployment,productcatalogservice,192,51,4,,
2026-06-05 01:15:55,deployment,recommendationservice,120,103,2,,
2026-06-05 01:15:55,deployment,redis-cart,10,34,1,,
2026-06-05 01:15:55,deployment,shippingservice,18,24,1,,
2026-06-05 01:15:55,node,master,693,1860,,34.6,48.5
2026-06-05 01:15:55,node,worker-1,399,1507,,20.0,39.3
2026-06-05 01:15:55,node,worker-2,801,1284,,40.1,33.4
2026-06-05 01:15:55,node,worker-3,403,855,,20.2,22.3
2026-06-05 01:15:55,node,worker-4,1048,1924,,52.4,50.1
2026-06-05 01:16:01,deployment,adservice,23,107,1,,
2026-06-05 01:16:01,deployment,cartservice,125,164,3,,
2026-06-05 01:16:01,deployment,checkoutservice,20,21,1,,
2026-06-05 01:16:01,deployment,currencyservice,204,155,3,,
2026-06-05 01:16:01,deployment,emailservice,11,60,1,,
2026-06-05 01:16:01,deployment,frontend,330,59,4,,
2026-06-05 01:16:01,deployment,paymentservice,8,73,1,,
2026-06-05 01:16:01,deployment,productcatalogservice,192,51,4,,
2026-06-05 01:16:01,deployment,recommendationservice,120,103,2,,
2026-06-05 01:16:01,deployment,redis-cart,10,34,1,,
2026-06-05 01:16:01,deployment,shippingservice,18,24,1,,
2026-06-05 01:16:01,node,master,693,1860,,34.6,48.5
2026-06-05 01:16:01,node,worker-1,399,1507,,20.0,39.3
2026-06-05 01:16:01,node,worker-2,801,1284,,40.1,33.4
2026-06-05 01:16:01,node,worker-3,403,855,,20.2,22.3
2026-06-05 01:16:01,node,worker-4,1048,1924,,52.4,50.1
2026-06-05 01:16:10,deployment,adservice,21,107,1,,
2026-06-05 01:16:10,deployment,cartservice,77,118,2,,
2026-06-05 01:16:10,deployment,checkoutservice,15,21,1,,
2026-06-05 01:16:10,deployment,currencyservice,194,157,3,,
2026-06-05 01:16:10,deployment,emailservice,11,60,1,,
2026-06-05 01:16:10,deployment,frontend,324,59,4,,
2026-06-05 01:16:10,deployment,paymentservice,6,73,1,,
2026-06-05 01:16:10,deployment,productcatalogservice,191,51,4,,
2026-06-05 01:16:10,deployment,recommendationservice,120,103,2,,
2026-06-05 01:16:10,deployment,redis-cart,10,34,1,,
2026-06-05 01:16:10,deployment,shippingservice,18,24,1,,
2026-06-05 01:16:10,node,master,693,1862,,34.6,48.5
2026-06-05 01:16:10,node,worker-1,372,1508,,18.6,39.3
2026-06-05 01:16:10,node,worker-2,760,1286,,38.0,33.5
2026-06-05 01:16:10,node,worker-3,390,856,,19.5,22.3
2026-06-05 01:16:10,node,worker-4,1088,1992,,54.4,51.9
2026-06-05 01:16:18,deployment,adservice,21,107,1,,
2026-06-05 01:16:18,deployment,cartservice,77,118,2,,
2026-06-05 01:16:18,deployment,checkoutservice,15,21,1,,
2026-06-05 01:16:18,deployment,currencyservice,194,157,3,,
2026-06-05 01:16:18,deployment,emailservice,11,60,1,,
2026-06-05 01:16:18,deployment,frontend,324,59,4,,
2026-06-05 01:16:18,deployment,paymentservice,6,73,1,,
2026-06-05 01:16:18,deployment,productcatalogservice,191,51,4,,
2026-06-05 01:16:18,deployment,recommendationservice,120,103,2,,
2026-06-05 01:16:18,deployment,redis-cart,10,34,1,,
2026-06-05 01:16:18,deployment,shippingservice,18,24,1,,
2026-06-05 01:16:18,node,master,745,1812,,37.2,47.2
2026-06-05 01:16:18,node,worker-1,439,1510,,21.9,39.3
2026-06-05 01:16:18,node,worker-2,820,1295,,41.0,33.7
2026-06-05 01:16:18,node,worker-3,452,866,,22.6,22.6
2026-06-05 01:16:18,node,worker-4,1173,1989,,58.7,51.8
2026-06-05 01:16:25,deployment,adservice,23,107,1,,
2026-06-05 01:16:25,deployment,cartservice,84,118,2,,
2026-06-05 01:16:25,deployment,checkoutservice,22,21,1,,
2026-06-05 01:16:25,deployment,currencyservice,205,159,3,,
2026-06-05 01:16:25,deployment,emailservice,10,60,1,,
2026-06-05 01:16:25,deployment,frontend,344,59,4,,
2026-06-05 01:16:25,deployment,paymentservice,8,73,1,,
2026-06-05 01:16:25,deployment,productcatalogservice,195,51,4,,
2026-06-05 01:16:25,deployment,recommendationservice,128,103,2,,
2026-06-05 01:16:25,deployment,redis-cart,10,34,1,,
2026-06-05 01:16:25,deployment,shippingservice,18,24,1,,
2026-06-05 01:16:25,node,master,745,1812,,37.2,47.2
2026-06-05 01:16:25,node,worker-1,439,1510,,21.9,39.3
2026-06-05 01:16:25,node,worker-2,820,1295,,41.0,33.7
2026-06-05 01:16:25,node,worker-3,452,866,,22.6,22.6
2026-06-05 01:16:25,node,worker-4,1173,1989,,58.7,51.8
2026-06-05 01:16:31,deployment,adservice,23,107,1,,
2026-06-05 01:16:31,deployment,cartservice,84,118,2,,
2026-06-05 01:16:31,deployment,checkoutservice,22,21,1,,
2026-06-05 01:16:31,deployment,currencyservice,205,159,3,,
2026-06-05 01:16:31,deployment,emailservice,10,60,1,,
2026-06-05 01:16:31,deployment,frontend,344,59,4,,
2026-06-05 01:16:31,deployment,paymentservice,8,73,1,,
2026-06-05 01:16:31,deployment,productcatalogservice,195,51,4,,
2026-06-05 01:16:31,deployment,recommendationservice,128,103,2,,
2026-06-05 01:16:31,deployment,redis-cart,10,34,1,,
2026-06-05 01:16:31,deployment,shippingservice,18,24,1,,
2026-06-05 01:16:31,node,master,745,1812,,37.2,47.2
2026-06-05 01:16:31,node,worker-1,439,1510,,21.9,39.3
2026-06-05 01:16:31,node,worker-2,820,1295,,41.0,33.7
2026-06-05 01:16:31,node,worker-3,452,866,,22.6,22.6
2026-06-05 01:16:31,node,worker-4,1173,1989,,58.7,51.8
2026-06-05 01:16:39,deployment,adservice,25,107,1,,
2026-06-05 01:16:39,deployment,cartservice,117,118,2,,
2026-06-05 01:16:39,deployment,checkoutservice,17,21,1,,
2026-06-05 01:16:39,deployment,currencyservice,253,127,3,,
2026-06-05 01:16:39,deployment,emailservice,12,60,1,,
2026-06-05 01:16:39,deployment,frontend,393,59,4,,
2026-06-05 01:16:39,deployment,paymentservice,7,74,1,,
2026-06-05 01:16:39,deployment,productcatalogservice,220,51,4,,
2026-06-05 01:16:39,deployment,recommendationservice,137,103,2,,
2026-06-05 01:16:39,deployment,redis-cart,11,34,1,,
2026-06-05 01:16:39,deployment,shippingservice,20,24,1,,
2026-06-05 01:16:39,node,master,754,1814,,37.7,47.3
2026-06-05 01:16:39,node,worker-1,555,1479,,27.8,38.5
2026-06-05 01:16:39,node,worker-2,887,1295,,44.4,33.7
2026-06-05 01:16:39,node,worker-3,483,865,,24.1,22.5
2026-06-05 01:16:39,node,worker-4,1247,2076,,62.4,54.1
2026-06-05 01:16:46,deployment,adservice,25,107,1,,
2026-06-05 01:16:46,deployment,cartservice,117,118,2,,
2026-06-05 01:16:46,deployment,checkoutservice,17,21,1,,
2026-06-05 01:16:46,deployment,currencyservice,253,127,3,,
2026-06-05 01:16:46,deployment,emailservice,12,60,1,,
2026-06-05 01:16:46,deployment,frontend,393,59,4,,
2026-06-05 01:16:46,deployment,paymentservice,7,74,1,,
2026-06-05 01:16:46,deployment,productcatalogservice,220,51,4,,
2026-06-05 01:16:46,deployment,recommendationservice,137,103,2,,
2026-06-05 01:16:46,deployment,redis-cart,11,34,1,,
2026-06-05 01:16:46,deployment,shippingservice,20,24,1,,
2026-06-05 01:16:46,node,master,754,1814,,37.7,47.3
2026-06-05 01:16:46,node,worker-1,555,1479,,27.8,38.5
2026-06-05 01:16:46,node,worker-2,887,1295,,44.4,33.7
2026-06-05 01:16:46,node,worker-3,483,865,,24.1,22.5
2026-06-05 01:16:46,node,worker-4,1247,2076,,62.4,54.1
2026-06-05 01:16:52,deployment,adservice,29,107,1,,
2026-06-05 01:16:52,deployment,cartservice,136,118,2,,
2026-06-05 01:16:52,deployment,checkoutservice,19,22,1,,
2026-06-05 01:16:52,deployment,currencyservice,274,134,3,,
2026-06-05 01:16:52,deployment,emailservice,11,60,1,,
2026-06-05 01:16:52,deployment,frontend,408,59,4,,
2026-06-05 01:16:52,deployment,paymentservice,8,74,1,,
2026-06-05 01:16:52,deployment,productcatalogservice,232,51,4,,
2026-06-05 01:16:52,deployment,recommendationservice,151,103,2,,
2026-06-05 01:16:52,deployment,redis-cart,12,34,1,,
2026-06-05 01:16:52,deployment,shippingservice,19,24,1,,
2026-06-05 01:16:52,node,master,739,1818,,37.0,47.4
2026-06-05 01:16:52,node,worker-1,497,1480,,24.9,38.6
2026-06-05 01:16:52,node,worker-2,945,1293,,47.2,33.7
2026-06-05 01:16:52,node,worker-3,481,866,,24.1,22.6
2026-06-05 01:16:52,node,worker-4,1299,1998,,65.0,52.0
2026-06-05 01:16:59,deployment,adservice,29,107,1,,
2026-06-05 01:16:59,deployment,cartservice,136,118,2,,
2026-06-05 01:16:59,deployment,checkoutservice,19,22,1,,
2026-06-05 01:16:59,deployment,currencyservice,274,134,3,,
2026-06-05 01:16:59,deployment,emailservice,11,60,1,,
2026-06-05 01:16:59,deployment,frontend,408,59,4,,
2026-06-05 01:16:59,deployment,paymentservice,8,74,1,,
2026-06-05 01:16:59,deployment,productcatalogservice,232,51,4,,
2026-06-05 01:16:59,deployment,recommendationservice,151,103,2,,
2026-06-05 01:16:59,deployment,redis-cart,12,34,1,,
2026-06-05 01:16:59,deployment,shippingservice,19,24,1,,
2026-06-05 01:16:59,node,master,739,1818,,37.0,47.4
2026-06-05 01:16:59,node,worker-1,497,1480,,24.9,38.6
2026-06-05 01:16:59,node,worker-2,945,1293,,47.2,33.7
2026-06-05 01:16:59,node,worker-3,481,866,,24.1,22.6
2026-06-05 01:16:59,node,worker-4,1299,1998,,65.0,52.0
2026-06-05 01:17:06,deployment,adservice,27,107,1,,
2026-06-05 01:17:06,deployment,cartservice,117,118,2,,
2026-06-05 01:17:06,deployment,checkoutservice,19,22,1,,
2026-06-05 01:17:06,deployment,currencyservice,268,134,3,,
2026-06-05 01:17:06,deployment,emailservice,11,60,1,,
2026-06-05 01:17:06,deployment,frontend,415,60,4,,
2026-06-05 01:17:06,deployment,paymentservice,7,74,1,,
2026-06-05 01:17:06,deployment,productcatalogservice,242,51,4,,
2026-06-05 01:17:06,deployment,recommendationservice,154,103,2,,
2026-06-05 01:17:06,deployment,redis-cart,12,34,1,,
2026-06-05 01:17:06,deployment,shippingservice,23,24,1,,
2026-06-05 01:17:06,node,master,762,1820,,38.1,47.4
2026-06-05 01:17:06,node,worker-1,537,1482,,26.9,38.6
2026-06-05 01:17:06,node,worker-2,966,1295,,48.3,33.7
2026-06-05 01:17:06,node,worker-3,489,864,,24.4,22.5
2026-06-05 01:17:06,node,worker-4,1332,2016,,66.6,52.5
2026-06-05 01:17:12,deployment,adservice,27,107,1,,
2026-06-05 01:17:12,deployment,cartservice,117,118,2,,
2026-06-05 01:17:12,deployment,checkoutservice,19,22,1,,
2026-06-05 01:17:12,deployment,currencyservice,268,134,3,,
2026-06-05 01:17:12,deployment,emailservice,11,60,1,,
2026-06-05 01:17:12,deployment,frontend,415,60,4,,
2026-06-05 01:17:12,deployment,paymentservice,7,74,1,,
2026-06-05 01:17:12,deployment,productcatalogservice,242,51,4,,
2026-06-05 01:17:12,deployment,recommendationservice,154,103,2,,
2026-06-05 01:17:12,deployment,redis-cart,12,34,1,,
2026-06-05 01:17:12,deployment,shippingservice,23,24,1,,
2026-06-05 01:17:12,node,master,762,1820,,38.1,47.4
2026-06-05 01:17:12,node,worker-1,537,1482,,26.9,38.6
2026-06-05 01:17:12,node,worker-2,966,1295,,48.3,33.7
2026-06-05 01:17:12,node,worker-3,489,864,,24.4,22.5
2026-06-05 01:17:12,node,worker-4,1332,2016,,66.6,52.5
2026-06-05 01:17:19,deployment,adservice,27,107,1,,
2026-06-05 01:17:19,deployment,cartservice,117,118,2,,
2026-06-05 01:17:19,deployment,checkoutservice,19,22,1,,
2026-06-05 01:17:19,deployment,currencyservice,268,134,3,,
2026-06-05 01:17:19,deployment,emailservice,12,60,1,,
2026-06-05 01:17:19,deployment,frontend,405,60,4,,
2026-06-05 01:17:19,deployment,paymentservice,8,74,1,,
2026-06-05 01:17:19,deployment,productcatalogservice,237,51,4,,
2026-06-05 01:17:19,deployment,recommendationservice,156,103,2,,
2026-06-05 01:17:19,deployment,redis-cart,12,34,1,,
2026-06-05 01:17:19,deployment,shippingservice,21,24,1,,
2026-06-05 01:17:19,node,master,830,1804,,41.5,47.0
2026-06-05 01:17:19,node,worker-1,487,1482,,24.3,38.6
2026-06-05 01:17:19,node,worker-2,926,1292,,46.3,33.7
2026-06-05 01:17:19,node,worker-3,507,864,,25.4,22.5
2026-06-05 01:17:19,node,worker-4,1324,1917,,66.2,49.9
2026-06-05 01:17:26,deployment,adservice,27,107,1,,
2026-06-05 01:17:26,deployment,cartservice,133,119,2,,
2026-06-05 01:17:26,deployment,checkoutservice,24,21,1,,
2026-06-05 01:17:26,deployment,currencyservice,272,127,3,,
2026-06-05 01:17:26,deployment,emailservice,12,60,1,,
2026-06-05 01:17:26,deployment,frontend,405,60,4,,
2026-06-05 01:17:26,deployment,paymentservice,8,74,1,,
2026-06-05 01:17:26,deployment,productcatalogservice,237,51,4,,
2026-06-05 01:17:26,deployment,recommendationservice,156,103,2,,
2026-06-05 01:17:26,deployment,redis-cart,12,34,1,,
2026-06-05 01:17:26,deployment,shippingservice,21,24,1,,
2026-06-05 01:17:26,node,master,830,1804,,41.5,47.0
2026-06-05 01:17:26,node,worker-1,487,1482,,24.3,38.6
2026-06-05 01:17:26,node,worker-2,926,1292,,46.3,33.7
2026-06-05 01:17:26,node,worker-3,507,864,,25.4,22.5
2026-06-05 01:17:26,node,worker-4,1324,1917,,66.2,49.9
2026-06-05 01:17:32,deployment,adservice,27,107,1,,
2026-06-05 01:17:32,deployment,cartservice,133,119,2,,
2026-06-05 01:17:32,deployment,checkoutservice,24,21,1,,
2026-06-05 01:17:32,deployment,currencyservice,272,127,3,,
2026-06-05 01:17:32,deployment,emailservice,12,60,1,,
2026-06-05 01:17:32,deployment,frontend,405,60,4,,
2026-06-05 01:17:32,deployment,paymentservice,8,74,1,,
2026-06-05 01:17:32,deployment,productcatalogservice,237,51,4,,
2026-06-05 01:17:32,deployment,recommendationservice,156,103,2,,
2026-06-05 01:17:32,deployment,redis-cart,12,34,1,,
2026-06-05 01:17:32,deployment,shippingservice,21,24,1,,
2026-06-05 01:17:32,node,master,830,1804,,41.5,47.0
2026-06-05 01:17:32,node,worker-1,487,1482,,24.3,38.6
2026-06-05 01:17:32,node,worker-2,926,1292,,54.8,33.8
2026-06-05 01:17:32,node,worker-3,571,865,,28.5,22.5
2026-06-05 01:17:32,node,worker-4,1523,1926,,76.1,50.2
2026-06-05 01:17:40,deployment,adservice,34,107,1,,
2026-06-05 01:17:40,deployment,cartservice,151,118,2,,
2026-06-05 01:17:40,deployment,checkoutservice,24,21,1,,
2026-06-05 01:17:40,deployment,currencyservice,308,135,3,,
2026-06-05 01:17:40,deployment,emailservice,13,60,1,,
2026-06-05 01:17:40,deployment,frontend,473,60,4,,
2026-06-05 01:17:40,deployment,paymentservice,9,74,1,,
2026-06-05 01:17:40,deployment,productcatalogservice,273,51,4,,
2026-06-05 01:17:40,deployment,recommendationservice,176,103,2,,
2026-06-05 01:17:40,deployment,redis-cart,13,34,1,,
2026-06-05 01:17:40,deployment,shippingservice,25,24,1,,
2026-06-05 01:17:40,node,master,914,1808,,45.7,47.1
2026-06-05 01:17:40,node,worker-1,556,1487,,27.8,38.7
2026-06-05 01:17:40,node,worker-2,1095,1296,,54.8,33.8
2026-06-05 01:17:40,node,worker-3,571,865,,28.5,22.5
2026-06-05 01:17:40,node,worker-4,1523,1926,,76.1,50.2
2026-06-05 01:17:47,deployment,adservice,34,107,1,,
2026-06-05 01:17:47,deployment,cartservice,151,118,2,,
2026-06-05 01:17:47,deployment,checkoutservice,24,21,1,,
2026-06-05 01:17:47,deployment,currencyservice,308,135,3,,
2026-06-05 01:17:47,deployment,emailservice,13,60,1,,
2026-06-05 01:17:47,deployment,frontend,473,60,4,,
2026-06-05 01:17:47,deployment,paymentservice,9,74,1,,
2026-06-05 01:17:47,deployment,productcatalogservice,273,51,4,,
2026-06-05 01:17:47,deployment,recommendationservice,176,103,2,,
2026-06-05 01:17:47,deployment,redis-cart,13,34,1,,
2026-06-05 01:17:47,deployment,shippingservice,25,24,1,,
2026-06-05 01:17:47,node,master,914,1808,,45.7,47.1
2026-06-05 01:17:47,node,worker-1,556,1487,,27.8,38.7
2026-06-05 01:17:47,node,worker-2,1095,1296,,54.8,33.8
2026-06-05 01:17:47,node,worker-3,571,865,,28.5,22.5
2026-06-05 01:17:47,node,worker-4,1523,1926,,76.1,50.2
2026-06-05 01:17:53,deployment,adservice,32,107,1,,
2026-06-05 01:17:53,deployment,cartservice,180,118,2,,
2026-06-05 01:17:53,deployment,checkoutservice,22,21,1,,
2026-06-05 01:17:53,deployment,currencyservice,309,138,3,,
2026-06-05 01:17:53,deployment,emailservice,12,60,1,,
2026-06-05 01:17:53,deployment,frontend,463,59,4,,
2026-06-05 01:17:53,deployment,paymentservice,10,74,1,,
2026-06-05 01:17:53,deployment,productcatalogservice,269,51,4,,
2026-06-05 01:17:53,deployment,recommendationservice,175,103,2,,
2026-06-05 01:17:53,deployment,redis-cart,13,34,1,,
2026-06-05 01:17:53,deployment,shippingservice,25,24,1,,
2026-06-05 01:17:53,node,master,847,1807,,42.4,47.1
2026-06-05 01:17:53,node,worker-1,520,1491,,26.0,38.8
2026-06-05 01:17:53,node,worker-2,1076,1294,,53.8,33.7
2026-06-05 01:17:53,node,worker-3,550,865,,27.5,22.5
2026-06-05 01:17:53,node,worker-4,1435,1957,,71.8,51.0
2026-06-05 01:18:00,deployment,adservice,32,107,1,,
2026-06-05 01:18:00,deployment,cartservice,180,118,2,,
2026-06-05 01:18:00,deployment,checkoutservice,22,21,1,,
2026-06-05 01:18:00,deployment,currencyservice,309,138,3,,
2026-06-05 01:18:00,deployment,emailservice,12,60,1,,
2026-06-05 01:18:00,deployment,frontend,463,59,4,,
2026-06-05 01:18:00,deployment,paymentservice,10,74,1,,
2026-06-05 01:18:00,deployment,productcatalogservice,269,51,4,,
2026-06-05 01:18:00,deployment,recommendationservice,175,103,2,,
2026-06-05 01:18:00,deployment,redis-cart,13,34,1,,
2026-06-05 01:18:00,deployment,shippingservice,25,24,1,,
2026-06-05 01:18:00,node,master,847,1807,,42.4,47.1
2026-06-05 01:18:00,node,worker-1,520,1491,,26.0,38.8
2026-06-05 01:18:00,node,worker-2,1076,1294,,53.8,33.7
2026-06-05 01:18:00,node,worker-3,550,865,,27.5,22.5
2026-06-05 01:18:00,node,worker-4,1435,1957,,71.8,51.0
2026-06-05 01:18:09,deployment,adservice,31,107,1,,
2026-06-05 01:18:09,deployment,cartservice,153,118,2,,
2026-06-05 01:18:09,deployment,checkoutservice,22,21,1,,
2026-06-05 01:18:09,deployment,currencyservice,290,145,3,,
2026-06-05 01:18:09,deployment,emailservice,13,60,1,,
2026-06-05 01:18:09,deployment,frontend,462,59,4,,
2026-06-05 01:18:09,deployment,paymentservice,9,74,1,,
2026-06-05 01:18:09,deployment,productcatalogservice,281,55,4,,
2026-06-05 01:18:09,deployment,recommendationservice,174,103,2,,
2026-06-05 01:18:09,deployment,redis-cart,13,34,1,,
2026-06-05 01:18:09,deployment,shippingservice,23,24,1,,
2026-06-05 01:18:09,node,master,854,1811,,42.7,47.2
2026-06-05 01:18:09,node,worker-1,501,1494,,25.1,38.9
2026-06-05 01:18:09,node,worker-2,987,1298,,49.4,33.8
2026-06-05 01:18:09,node,worker-3,590,866,,29.5,22.6
2026-06-05 01:18:09,node,worker-4,1408,1961,,70.4,51.1
2026-06-05 01:18:16,deployment,adservice,31,107,1,,
2026-06-05 01:18:16,deployment,cartservice,153,118,2,,
2026-06-05 01:18:16,deployment,checkoutservice,22,21,1,,
2026-06-05 01:18:16,deployment,currencyservice,290,145,3,,
2026-06-05 01:18:16,deployment,emailservice,13,60,1,,
2026-06-05 01:18:16,deployment,frontend,462,59,4,,
2026-06-05 01:18:16,deployment,paymentservice,9,74,1,,
2026-06-05 01:18:16,deployment,productcatalogservice,281,55,4,,
2026-06-05 01:18:16,deployment,recommendationservice,174,103,2,,
2026-06-05 01:18:16,deployment,redis-cart,13,34,1,,
2026-06-05 01:18:16,deployment,shippingservice,23,24,1,,
2026-06-05 01:18:16,node,master,854,1811,,42.7,47.2
2026-06-05 01:18:16,node,worker-1,501,1494,,25.1,38.9
2026-06-05 01:18:16,node,worker-2,987,1298,,49.4,33.8
2026-06-05 01:18:16,node,worker-3,590,866,,29.5,22.6
2026-06-05 01:18:16,node,worker-4,1408,1961,,70.4,51.1
2026-06-05 01:18:23,deployment,adservice,32,108,1,,
2026-06-05 01:18:23,deployment,cartservice,137,118,2,,
2026-06-05 01:18:23,deployment,checkoutservice,22,21,1,,
2026-06-05 01:18:23,deployment,currencyservice,281,147,3,,
2026-06-05 01:18:23,deployment,emailservice,12,60,1,,
2026-06-05 01:18:23,deployment,frontend,459,60,4,,
2026-06-05 01:18:23,deployment,paymentservice,9,74,1,,
2026-06-05 01:18:23,deployment,productcatalogservice,260,52,4,,
2026-06-05 01:18:23,deployment,recommendationservice,173,103,2,,
2026-06-05 01:18:23,deployment,redis-cart,13,34,1,,
2026-06-05 01:18:23,deployment,shippingservice,26,24,1,,
2026-06-05 01:18:23,node,master,818,1810,,40.9,47.1
2026-06-05 01:18:23,node,worker-1,570,1480,,28.5,38.6
2026-06-05 01:18:23,node,worker-2,1029,1294,,51.4,33.7
2026-06-05 01:18:23,node,worker-3,524,862,,26.2,22.5
2026-06-05 01:18:23,node,worker-4,1415,2066,,70.8,53.8
2026-06-05 01:18:32,deployment,adservice,32,108,1,,
2026-06-05 01:18:32,deployment,cartservice,137,118,2,,
2026-06-05 01:18:32,deployment,checkoutservice,22,21,1,,
2026-06-05 01:18:32,deployment,currencyservice,281,147,3,,
2026-06-05 01:18:32,deployment,emailservice,12,60,1,,
2026-06-05 01:18:32,deployment,frontend,459,60,4,,
2026-06-05 01:18:32,deployment,paymentservice,9,74,1,,
2026-06-05 01:18:32,deployment,productcatalogservice,260,52,4,,
2026-06-05 01:18:32,deployment,recommendationservice,173,103,2,,
2026-06-05 01:18:32,deployment,redis-cart,13,34,1,,
2026-06-05 01:18:32,deployment,shippingservice,26,24,1,,
2026-06-05 01:18:32,node,master,818,1810,,40.9,47.1
2026-06-05 01:18:32,node,worker-1,570,1480,,28.5,38.6
2026-06-05 01:18:32,node,worker-2,1029,1294,,51.4,33.7
2026-06-05 01:18:32,node,worker-3,524,862,,26.2,22.5
2026-06-05 01:18:32,node,worker-4,1415,2066,,70.8,53.8
2026-06-05 01:18:40,deployment,adservice,40,108,1,,
2026-06-05 01:18:40,deployment,cartservice,192,118,2,,
2026-06-05 01:18:40,deployment,checkoutservice,25,21,1,,
2026-06-05 01:18:40,deployment,currencyservice,345,135,3,,
2026-06-05 01:18:40,deployment,emailservice,12,60,1,,
2026-06-05 01:18:40,deployment,frontend,530,60,4,,
2026-06-05 01:18:40,deployment,paymentservice,7,74,1,,
2026-06-05 01:18:40,deployment,productcatalogservice,303,51,4,,
2026-06-05 01:18:40,deployment,recommendationservice,197,103,2,,
2026-06-05 01:18:40,deployment,redis-cart,28,36,1,,
2026-06-05 01:18:40,deployment,shippingservice,24,24,1,,
2026-06-05 01:18:40,node,master,1021,1812,,51.0,47.2
2026-06-05 01:18:40,node,worker-1,653,1483,,32.6,38.6
2026-06-05 01:18:40,node,worker-2,1148,1297,,57.4,33.8
2026-06-05 01:18:40,node,worker-3,630,862,,31.5,22.5
2026-06-05 01:18:40,node,worker-4,1591,2073,,79.5,54.0
2026-06-05 01:18:47,deployment,adservice,40,108,1,,
2026-06-05 01:18:47,deployment,cartservice,192,118,2,,
2026-06-05 01:18:47,deployment,checkoutservice,25,21,1,,
2026-06-05 01:18:47,deployment,currencyservice,345,135,3,,
2026-06-05 01:18:47,deployment,emailservice,12,60,1,,
2026-06-05 01:18:47,deployment,frontend,530,60,4,,
2026-06-05 01:18:47,deployment,paymentservice,7,74,1,,
2026-06-05 01:18:47,deployment,productcatalogservice,303,51,4,,
2026-06-05 01:18:47,deployment,recommendationservice,197,103,2,,
2026-06-05 01:18:47,deployment,redis-cart,28,36,1,,
2026-06-05 01:18:47,deployment,shippingservice,24,24,1,,
2026-06-05 01:18:47,node,master,1021,1812,,51.0,47.2
2026-06-05 01:18:47,node,worker-1,653,1483,,32.6,38.6
2026-06-05 01:18:47,node,worker-2,1148,1297,,57.4,33.8
2026-06-05 01:18:47,node,worker-3,630,862,,31.5,22.5
2026-06-05 01:18:47,node,worker-4,1591,2073,,79.5,54.0
2026-06-05 01:18:54,deployment,adservice,37,108,1,,
2026-06-05 01:18:54,deployment,cartservice,208,118,2,,
2026-06-05 01:18:54,deployment,checkoutservice,25,21,1,,
2026-06-05 01:18:54,deployment,currencyservice,343,138,3,,
2026-06-05 01:18:54,deployment,emailservice,13,60,1,,
2026-06-05 01:18:54,deployment,frontend,528,60,4,,
2026-06-05 01:18:54,deployment,paymentservice,9,74,1,,
2026-06-05 01:18:54,deployment,productcatalogservice,313,51,4,,
2026-06-05 01:18:54,deployment,recommendationservice,208,103,2,,
2026-06-05 01:18:54,deployment,redis-cart,22,34,1,,
2026-06-05 01:18:54,deployment,shippingservice,28,24,1,,
2026-06-05 01:18:54,node,master,899,1811,,45.0,47.2
2026-06-05 01:18:54,node,worker-1,620,1485,,31.0,38.7
2026-06-05 01:18:54,node,worker-2,1185,1294,,59.2,33.7
2026-06-05 01:18:54,node,worker-3,612,865,,30.6,22.5
2026-06-05 01:18:54,node,worker-4,1571,1979,,78.5,51.5
2026-06-05 01:19:03,deployment,adservice,37,108,1,,
2026-06-05 01:19:03,deployment,cartservice,208,118,2,,
2026-06-05 01:19:03,deployment,checkoutservice,25,21,1,,
2026-06-05 01:19:03,deployment,currencyservice,343,138,3,,
2026-06-05 01:19:03,deployment,emailservice,13,60,1,,
2026-06-05 01:19:03,deployment,frontend,528,60,4,,
2026-06-05 01:19:03,deployment,paymentservice,9,74,1,,
2026-06-05 01:19:03,deployment,productcatalogservice,313,51,4,,
2026-06-05 01:19:03,deployment,recommendationservice,208,103,2,,
2026-06-05 01:19:03,deployment,redis-cart,22,34,1,,
2026-06-05 01:19:03,deployment,shippingservice,28,24,1,,
2026-06-05 01:19:03,node,master,899,1811,,45.0,47.2
2026-06-05 01:19:03,node,worker-1,620,1485,,31.0,38.7
2026-06-05 01:19:03,node,worker-2,1185,1294,,59.2,33.7
2026-06-05 01:19:03,node,worker-3,612,865,,29.4,22.6
2026-06-05 01:19:03,node,worker-4,1597,2079,,79.8,54.2
2026-06-05 01:19:10,deployment,adservice,38,108,1,,
2026-06-05 01:19:10,deployment,cartservice,186,118,2,,
2026-06-05 01:19:10,deployment,checkoutservice,27,21,1,,
2026-06-05 01:19:10,deployment,currencyservice,328,142,3,,
2026-06-05 01:19:10,deployment,emailservice,14,60,1,,
2026-06-05 01:19:10,deployment,frontend,530,60,4,,
2026-06-05 01:19:10,deployment,paymentservice,11,74,1,,
2026-06-05 01:19:10,deployment,productcatalogservice,316,51,4,,
2026-06-05 01:19:10,deployment,recommendationservice,204,103,2,,
2026-06-05 01:19:10,deployment,redis-cart,15,34,1,,
2026-06-05 01:19:10,deployment,shippingservice,27,24,1,,
2026-06-05 01:19:10,node,master,914,1816,,45.7,47.3
2026-06-05 01:19:10,node,worker-1,611,1489,,30.6,38.8
2026-06-05 01:19:10,node,worker-2,1145,1299,,57.2,33.8
2026-06-05 01:19:10,node,worker-3,588,866,,29.4,22.6
2026-06-05 01:19:10,node,worker-4,1597,2079,,79.8,54.2
2026-06-05 01:19:18,deployment,adservice,38,108,1,,
2026-06-05 01:19:18,deployment,cartservice,186,118,2,,
2026-06-05 01:19:18,deployment,checkoutservice,27,21,1,,
2026-06-05 01:19:18,deployment,currencyservice,328,142,3,,
2026-06-05 01:19:18,deployment,emailservice,14,60,1,,
2026-06-05 01:19:18,deployment,frontend,530,60,4,,
2026-06-05 01:19:18,deployment,paymentservice,11,74,1,,
2026-06-05 01:19:18,deployment,productcatalogservice,309,51,4,,
2026-06-05 01:19:18,deployment,recommendationservice,205,103,2,,
2026-06-05 01:19:18,deployment,redis-cart,15,34,1,,
2026-06-05 01:19:18,deployment,shippingservice,29,24,1,,
2026-06-05 01:19:18,node,master,903,1811,,45.1,47.2
2026-06-05 01:19:18,node,worker-1,595,1489,,29.8,38.8
2026-06-05 01:19:18,node,worker-2,1262,1296,,63.1,33.8
2026-06-05 01:19:18,node,worker-3,604,864,,30.2,22.5
2026-06-05 01:19:18,node,worker-4,1572,2068,,78.6,53.9
2026-06-05 01:19:26,deployment,adservice,35,108,1,,
2026-06-05 01:19:26,deployment,cartservice,173,118,3,,
2026-06-05 01:19:26,deployment,checkoutservice,27,21,1,,
2026-06-05 01:19:26,deployment,currencyservice,351,144,3,,
2026-06-05 01:19:26,deployment,emailservice,14,60,1,,
2026-06-05 01:19:26,deployment,frontend,535,60,4,,
2026-06-05 01:19:26,deployment,paymentservice,10,74,1,,
2026-06-05 01:19:26,deployment,productcatalogservice,309,51,4,,
2026-06-05 01:19:26,deployment,recommendationservice,205,103,2,,
2026-06-05 01:19:26,deployment,redis-cart,15,34,1,,
2026-06-05 01:19:26,deployment,shippingservice,29,24,1,,
2026-06-05 01:19:26,node,master,903,1811,,45.1,47.2
2026-06-05 01:19:26,node,worker-1,595,1489,,29.8,38.8
2026-06-05 01:19:26,node,worker-2,1262,1296,,63.1,33.8
2026-06-05 01:19:26,node,worker-3,604,864,,30.2,22.5
2026-06-05 01:19:26,node,worker-4,1572,2068,,78.6,53.9
2026-06-05 01:19:34,deployment,adservice,35,108,1,,
2026-06-05 01:19:34,deployment,cartservice,173,118,3,,
2026-06-05 01:19:34,deployment,checkoutservice,27,21,1,,
2026-06-05 01:19:34,deployment,currencyservice,324,142,3,,
2026-06-05 01:19:34,deployment,emailservice,12,60,1,,
2026-06-05 01:19:34,deployment,frontend,507,61,4,,
2026-06-05 01:19:34,deployment,paymentservice,8,74,1,,
2026-06-05 01:19:34,deployment,productcatalogservice,299,51,4,,
2026-06-05 01:19:34,deployment,recommendationservice,195,103,2,,
2026-06-05 01:19:34,deployment,redis-cart,14,34,1,,
2026-06-05 01:19:34,deployment,shippingservice,26,24,1,,
2026-06-05 01:19:34,node,master,964,1813,,48.2,47.2
2026-06-05 01:19:34,node,worker-1,584,1491,,29.2,38.8
2026-06-05 01:19:34,node,worker-2,1190,1322,,59.5,34.4
2026-06-05 01:19:34,node,worker-3,609,862,,30.4,22.5
2026-06-05 01:19:34,node,worker-4,1522,2085,,76.1,54.3
2026-06-05 01:19:42,deployment,adservice,37,108,1,,
2026-06-05 01:19:42,deployment,cartservice,162,118,3,,
2026-06-05 01:19:42,deployment,checkoutservice,26,21,1,,
2026-06-05 01:19:42,deployment,currencyservice,324,142,3,,
2026-06-05 01:19:42,deployment,emailservice,12,60,1,,
2026-06-05 01:19:42,deployment,frontend,507,61,4,,
2026-06-05 01:19:42,deployment,paymentservice,8,74,1,,
2026-06-05 01:19:42,deployment,productcatalogservice,299,51,4,,
2026-06-05 01:19:42,deployment,recommendationservice,195,103,2,,
2026-06-05 01:19:42,deployment,redis-cart,14,34,1,,
2026-06-05 01:19:42,deployment,shippingservice,26,24,1,,
2026-06-05 01:19:42,node,master,964,1813,,48.2,47.2
2026-06-05 01:19:42,node,worker-1,584,1491,,29.2,38.8
2026-06-05 01:19:42,node,worker-2,1190,1322,,59.5,34.4
2026-06-05 01:19:42,node,worker-3,609,862,,30.4,22.5
2026-06-05 01:19:42,node,worker-4,1522,2085,,76.1,54.3
2026-06-05 01:19:49,deployment,adservice,37,108,1,,
2026-06-05 01:19:49,deployment,cartservice,162,118,3,,
2026-06-05 01:19:49,deployment,checkoutservice,26,21,1,,
2026-06-05 01:19:49,deployment,currencyservice,324,142,3,,
2026-06-05 01:19:49,deployment,emailservice,12,60,1,,
2026-06-05 01:19:49,deployment,frontend,516,60,4,,
2026-06-05 01:19:49,deployment,paymentservice,8,73,1,,
2026-06-05 01:19:49,deployment,productcatalogservice,305,50,4,,
2026-06-05 01:19:49,deployment,recommendationservice,206,103,2,,
2026-06-05 01:19:49,deployment,redis-cart,15,34,1,,
2026-06-05 01:19:49,deployment,shippingservice,27,24,1,,
2026-06-05 01:19:49,node,master,956,1809,,47.8,47.1
2026-06-05 01:19:49,node,worker-1,578,1491,,28.9,38.8
2026-06-05 01:19:49,node,worker-2,1221,1320,,61.1,34.4
2026-06-05 01:19:49,node,worker-3,628,867,,31.4,22.6
2026-06-05 01:19:49,node,worker-4,1596,2066,,79.8,53.8
2026-06-05 01:19:56,deployment,adservice,38,108,1,,
2026-06-05 01:19:56,deployment,cartservice,264,132,3,,
2026-06-05 01:19:56,deployment,checkoutservice,28,21,1,,
2026-06-05 01:19:56,deployment,currencyservice,328,143,3,,
2026-06-05 01:19:56,deployment,emailservice,12,60,1,,
2026-06-05 01:19:56,deployment,frontend,516,60,4,,
2026-06-05 01:19:56,deployment,paymentservice,8,73,1,,
2026-06-05 01:19:56,deployment,productcatalogservice,305,50,4,,
2026-06-05 01:19:56,deployment,recommendationservice,206,103,2,,
2026-06-05 01:19:56,deployment,redis-cart,15,34,1,,
2026-06-05 01:19:56,deployment,shippingservice,27,24,1,,
2026-06-05 01:19:56,node,master,956,1809,,47.8,47.1
2026-06-05 01:19:56,node,worker-1,578,1491,,28.9,38.8
2026-06-05 01:19:56,node,worker-2,1221,1320,,61.1,34.4
2026-06-05 01:19:56,node,worker-3,628,867,,31.4,22.6
2026-06-05 01:19:56,node,worker-4,1596,2066,,79.8,53.8
2026-06-05 01:20:04,deployment,adservice,38,108,1,,
2026-06-05 01:20:04,deployment,cartservice,264,132,3,,
2026-06-05 01:20:04,deployment,checkoutservice,28,21,1,,
2026-06-05 01:20:04,deployment,currencyservice,328,143,3,,
2026-06-05 01:20:04,deployment,emailservice,14,60,1,,
2026-06-05 01:20:04,deployment,frontend,519,63,4,,
2026-06-05 01:20:04,deployment,paymentservice,11,74,1,,
2026-06-05 01:20:04,deployment,productcatalogservice,309,51,4,,
2026-06-05 01:20:04,deployment,recommendationservice,206,103,2,,
2026-06-05 01:20:04,deployment,redis-cart,15,35,1,,
2026-06-05 01:20:04,deployment,shippingservice,28,24,1,,
2026-06-05 01:20:04,node,master,918,1813,,45.9,47.2
2026-06-05 01:20:04,node,worker-1,557,1493,,27.9,38.9
2026-06-05 01:20:04,node,worker-2,1251,1340,,62.5,34.9
2026-06-05 01:20:04,node,worker-3,609,868,,30.4,22.6
2026-06-05 01:20:04,node,worker-4,1550,2083,,77.5,54.3
2026-06-05 01:20:11,deployment,adservice,37,108,1,,
2026-06-05 01:20:11,deployment,cartservice,270,146,3,,
2026-06-05 01:20:11,deployment,checkoutservice,28,21,1,,
2026-06-05 01:20:11,deployment,currencyservice,317,144,3,,
2026-06-05 01:20:11,deployment,emailservice,14,60,1,,
2026-06-05 01:20:11,deployment,frontend,519,63,4,,
2026-06-05 01:20:11,deployment,paymentservice,11,74,1,,
2026-06-05 01:20:11,deployment,productcatalogservice,309,51,4,,
2026-06-05 01:20:11,deployment,recommendationservice,206,103,2,,
2026-06-05 01:20:11,deployment,redis-cart,15,35,1,,
2026-06-05 01:20:11,deployment,shippingservice,28,24,1,,
2026-06-05 01:20:11,node,master,918,1813,,45.9,47.2
2026-06-05 01:20:11,node,worker-1,557,1493,,27.9,38.9
2026-06-05 01:20:11,node,worker-2,1251,1340,,62.5,34.9
2026-06-05 01:20:11,node,worker-3,609,868,,30.4,22.6
2026-06-05 01:20:11,node,worker-4,1550,2083,,77.5,54.3
2026-06-05 01:20:19,deployment,adservice,37,108,1,,
2026-06-05 01:20:19,deployment,cartservice,270,146,3,,
2026-06-05 01:20:19,deployment,checkoutservice,28,21,1,,
2026-06-05 01:20:19,deployment,currencyservice,317,144,3,,
2026-06-05 01:20:19,deployment,emailservice,14,60,1,,
2026-06-05 01:20:19,deployment,frontend,503,61,4,,
2026-06-05 01:20:19,deployment,paymentservice,8,74,1,,
2026-06-05 01:20:19,deployment,productcatalogservice,293,51,4,,
2026-06-05 01:20:19,deployment,recommendationservice,197,103,2,,
2026-06-05 01:20:19,deployment,redis-cart,14,35,1,,
2026-06-05 01:20:19,deployment,shippingservice,24,24,1,,
2026-06-05 01:20:19,node,master,868,1788,,43.4,46.6
2026-06-05 01:20:19,node,worker-1,522,1490,,26.1,38.8
2026-06-05 01:20:19,node,worker-2,1337,1339,,66.8,34.9
2026-06-05 01:20:19,node,worker-3,587,867,,29.3,22.6
2026-06-05 01:20:19,node,worker-4,1461,2036,,73.0,53.0
2026-06-05 01:20:26,deployment,adservice,32,108,1,,
2026-06-05 01:20:26,deployment,cartservice,304,152,3,,
2026-06-05 01:20:26,deployment,checkoutservice,27,21,1,,
2026-06-05 01:20:26,deployment,currencyservice,324,143,3,,
2026-06-05 01:20:26,deployment,emailservice,13,60,1,,
2026-06-05 01:20:26,deployment,frontend,503,61,4,,
2026-06-05 01:20:26,deployment,paymentservice,8,74,1,,
2026-06-05 01:20:26,deployment,productcatalogservice,293,51,4,,
2026-06-05 01:20:26,deployment,recommendationservice,197,103,2,,
2026-06-05 01:20:26,deployment,redis-cart,14,35,1,,
2026-06-05 01:20:26,deployment,shippingservice,24,24,1,,
2026-06-05 01:20:26,node,master,868,1788,,43.4,46.6
2026-06-05 01:20:26,node,worker-1,522,1490,,26.1,38.8
2026-06-05 01:20:26,node,worker-2,1337,1339,,66.8,34.9
2026-06-05 01:20:26,node,worker-3,587,867,,29.3,22.6
2026-06-05 01:20:26,node,worker-4,1461,2036,,73.0,53.0
2026-06-05 01:20:35,deployment,adservice,35,107,1,,
2026-06-05 01:20:35,deployment,cartservice,193,152,3,,
2026-06-05 01:20:35,deployment,checkoutservice,22,20,1,,
2026-06-05 01:20:35,deployment,currencyservice,307,146,3,,
2026-06-05 01:20:35,deployment,emailservice,12,60,1,,
2026-06-05 01:20:35,deployment,frontend,490,61,4,,
2026-06-05 01:20:35,deployment,paymentservice,10,74,1,,
2026-06-05 01:20:35,deployment,productcatalogservice,288,50,4,,
2026-06-05 01:20:35,deployment,recommendationservice,191,103,2,,
2026-06-05 01:20:35,deployment,redis-cart,14,34,1,,
2026-06-05 01:20:35,deployment,shippingservice,25,24,1,,
2026-06-05 01:20:35,node,master,841,1798,,42.0,46.8
2026-06-05 01:20:35,node,worker-1,507,1491,,25.4,38.8
2026-06-05 01:20:35,node,worker-2,1184,1345,,59.2,35.0
2026-06-05 01:20:35,node,worker-3,553,868,,27.7,22.6
2026-06-05 01:20:35,node,worker-4,1463,1942,,73.2,50.6
2026-06-05 01:20:42,deployment,adservice,35,107,1,,
2026-06-05 01:20:42,deployment,cartservice,193,152,3,,
2026-06-05 01:20:42,deployment,checkoutservice,22,20,1,,
2026-06-05 01:20:42,deployment,currencyservice,307,146,3,,
2026-06-05 01:20:42,deployment,emailservice,12,60,1,,
2026-06-05 01:20:42,deployment,frontend,490,61,4,,
2026-06-05 01:20:42,deployment,paymentservice,10,74,1,,
2026-06-05 01:20:42,deployment,productcatalogservice,288,50,4,,
2026-06-05 01:20:42,deployment,recommendationservice,191,103,2,,
2026-06-05 01:20:42,deployment,redis-cart,14,34,1,,
2026-06-05 01:20:42,deployment,shippingservice,25,24,1,,
2026-06-05 01:20:42,node,master,841,1798,,42.0,46.8
2026-06-05 01:20:42,node,worker-1,507,1491,,25.4,38.8
2026-06-05 01:20:42,node,worker-2,1184,1345,,59.2,35.0
2026-06-05 01:20:42,node,worker-3,553,868,,27.7,22.6
2026-06-05 01:20:42,node,worker-4,1463,1942,,73.2,50.6
2026-06-05 01:20:51,deployment,adservice,32,107,1,,
2026-06-05 01:20:51,deployment,cartservice,186,157,3,,
2026-06-05 01:20:51,deployment,checkoutservice,24,20,1,,
2026-06-05 01:20:51,deployment,currencyservice,285,149,3,,
2026-06-05 01:20:51,deployment,emailservice,13,63,1,,
2026-06-05 01:20:51,deployment,frontend,479,60,4,,
2026-06-05 01:20:51,deployment,paymentservice,8,74,1,,
2026-06-05 01:20:51,deployment,productcatalogservice,281,50,4,,
2026-06-05 01:20:51,deployment,recommendationservice,182,103,2,,
2026-06-05 01:20:51,deployment,redis-cart,14,35,1,,
2026-06-05 01:20:51,deployment,shippingservice,25,24,1,,
2026-06-05 01:20:51,node,master,839,1801,,41.9,46.9
2026-06-05 01:20:51,node,worker-1,522,1488,,26.1,38.8
2026-06-05 01:20:51,node,worker-2,1158,1345,,57.9,35.0
2026-06-05 01:20:51,node,worker-3,586,868,,29.3,22.6
2026-06-05 01:20:51,node,worker-4,1429,2006,,71.5,52.3
2026-06-05 01:21:00,deployment,adservice,32,107,1,,
2026-06-05 01:21:00,deployment,cartservice,186,157,3,,
2026-06-05 01:21:00,deployment,checkoutservice,24,20,1,,
2026-06-05 01:21:00,deployment,currencyservice,285,149,3,,
2026-06-05 01:21:00,deployment,emailservice,13,63,1,,
2026-06-05 01:21:00,deployment,frontend,479,60,4,,
2026-06-05 01:21:00,deployment,paymentservice,8,74,1,,
2026-06-05 01:21:00,deployment,productcatalogservice,281,50,4,,
2026-06-05 01:21:00,deployment,recommendationservice,182,103,2,,
2026-06-05 01:21:00,deployment,redis-cart,14,35,1,,
2026-06-05 01:21:00,deployment,shippingservice,25,24,1,,
2026-06-05 01:21:00,node,master,839,1801,,41.9,46.9
2026-06-05 01:21:00,node,worker-1,522,1488,,26.1,38.8
2026-06-05 01:21:00,node,worker-2,1158,1345,,57.9,35.0
2026-06-05 01:21:00,node,worker-3,586,868,,29.3,22.6
2026-06-05 01:21:00,node,worker-4,1429,2006,,71.5,52.3
2026-06-05 01:21:09,deployment,adservice,31,107,1,,
2026-06-05 01:21:09,deployment,cartservice,178,159,3,,
2026-06-05 01:21:09,deployment,checkoutservice,20,21,1,,
2026-06-05 01:21:09,deployment,currencyservice,294,149,3,,
2026-06-05 01:21:09,deployment,emailservice,11,60,1,,
2026-06-05 01:21:09,deployment,frontend,480,60,4,,
2026-06-05 01:21:09,deployment,paymentservice,9,73,1,,
2026-06-05 01:21:09,deployment,productcatalogservice,280,50,4,,
2026-06-05 01:21:09,deployment,recommendationservice,182,103,2,,
2026-06-05 01:21:09,deployment,redis-cart,14,34,1,,
2026-06-05 01:21:09,deployment,shippingservice,25,24,1,,
2026-06-05 01:21:09,node,master,833,1800,,41.6,46.9
2026-06-05 01:21:09,node,worker-1,558,1491,,27.9,38.8
2026-06-05 01:21:09,node,worker-2,1180,1347,,59.0,35.1
2026-06-05 01:21:09,node,worker-3,531,868,,26.6,22.6
2026-06-05 01:21:09,node,worker-4,1451,2100,,72.5,54.7
2026-06-05 01:21:16,deployment,adservice,31,107,1,,
2026-06-05 01:21:16,deployment,cartservice,178,159,3,,
2026-06-05 01:21:16,deployment,checkoutservice,20,21,1,,
2026-06-05 01:21:16,deployment,currencyservice,294,149,3,,
2026-06-05 01:21:16,deployment,emailservice,11,60,1,,
2026-06-05 01:21:16,deployment,frontend,480,60,4,,
2026-06-05 01:21:16,deployment,paymentservice,9,73,1,,
2026-06-05 01:21:16,deployment,productcatalogservice,280,50,4,,
2026-06-05 01:21:16,deployment,recommendationservice,182,103,2,,
2026-06-05 01:21:16,deployment,redis-cart,14,34,1,,
2026-06-05 01:21:16,deployment,shippingservice,25,24,1,,
2026-06-05 01:21:16,node,master,833,1800,,41.6,46.9
2026-06-05 01:21:16,node,worker-1,558,1491,,27.9,38.8
2026-06-05 01:21:16,node,worker-2,1180,1347,,59.0,35.1
2026-06-05 01:21:16,node,worker-3,531,868,,26.6,22.6
2026-06-05 01:21:16,node,worker-4,1451,2100,,72.5,54.7
2026-06-05 01:21:24,deployment,adservice,33,107,1,,
2026-06-05 01:21:24,deployment,cartservice,183,162,3,,
2026-06-05 01:21:24,deployment,checkoutservice,25,21,1,,
2026-06-05 01:21:24,deployment,currencyservice,302,146,3,,
2026-06-05 01:21:24,deployment,emailservice,13,60,1,,
2026-06-05 01:21:24,deployment,frontend,473,59,4,,
2026-06-05 01:21:24,deployment,paymentservice,8,73,1,,
2026-06-05 01:21:24,deployment,productcatalogservice,280,50,4,,
2026-06-05 01:21:24,deployment,recommendationservice,184,103,2,,
2026-06-05 01:21:24,deployment,redis-cart,14,34,1,,
2026-06-05 01:21:24,deployment,shippingservice,24,24,1,,
2026-06-05 01:21:24,node,master,876,1798,,43.8,46.8
2026-06-05 01:21:24,node,worker-1,495,1488,,24.8,38.8
2026-06-05 01:21:24,node,worker-2,1185,1344,,59.2,35.0
2026-06-05 01:21:24,node,worker-3,516,871,,25.8,22.7
2026-06-05 01:21:24,node,worker-4,1400,2015,,70.0,52.5
2026-06-05 01:21:31,deployment,adservice,33,107,1,,
2026-06-05 01:21:31,deployment,cartservice,183,162,3,,
2026-06-05 01:21:31,deployment,checkoutservice,25,21,1,,
2026-06-05 01:21:31,deployment,currencyservice,302,146,3,,
2026-06-05 01:21:31,deployment,emailservice,13,60,1,,
2026-06-05 01:21:31,deployment,frontend,473,59,4,,
2026-06-05 01:21:31,deployment,paymentservice,8,73,1,,
2026-06-05 01:21:31,deployment,productcatalogservice,280,50,4,,
2026-06-05 01:21:31,deployment,recommendationservice,184,103,2,,
2026-06-05 01:21:31,deployment,redis-cart,14,34,1,,
2026-06-05 01:21:31,deployment,shippingservice,24,24,1,,
2026-06-05 01:21:31,node,master,876,1798,,43.8,46.8
2026-06-05 01:21:31,node,worker-1,495,1488,,24.8,38.8
2026-06-05 01:21:31,node,worker-2,1185,1344,,59.2,35.0
2026-06-05 01:21:31,node,worker-3,516,871,,25.8,22.7
2026-06-05 01:21:31,node,worker-4,1400,2015,,70.0,52.5
2026-06-05 01:21:38,deployment,adservice,29,108,1,,
2026-06-05 01:21:38,deployment,cartservice,167,162,3,,
2026-06-05 01:21:38,deployment,checkoutservice,18,21,1,,
2026-06-05 01:21:38,deployment,currencyservice,244,147,3,,
2026-06-05 01:21:38,deployment,emailservice,11,60,1,,
2026-06-05 01:21:38,deployment,frontend,435,59,4,,
2026-06-05 01:21:38,deployment,paymentservice,9,73,1,,
2026-06-05 01:21:38,deployment,productcatalogservice,247,50,4,,
2026-06-05 01:21:38,deployment,recommendationservice,147,103,2,,
2026-06-05 01:21:38,deployment,redis-cart,14,34,1,,
2026-06-05 01:21:38,deployment,shippingservice,22,24,1,,
2026-06-05 01:21:38,node,master,781,1801,,39.1,46.9
2026-06-05 01:21:38,node,worker-1,515,1491,,25.8,38.8
2026-06-05 01:21:38,node,worker-2,1008,1347,,50.4,35.1
2026-06-05 01:21:38,node,worker-3,450,872,,22.5,22.7
2026-06-05 01:21:38,node,worker-4,1271,1967,,63.5,51.2
2026-06-05 01:21:44,deployment,adservice,29,108,1,,
2026-06-05 01:21:44,deployment,cartservice,167,162,3,,
2026-06-05 01:21:44,deployment,checkoutservice,18,21,1,,
2026-06-05 01:21:44,deployment,currencyservice,244,147,3,,
2026-06-05 01:21:44,deployment,emailservice,11,60,1,,
2026-06-05 01:21:44,deployment,frontend,435,59,4,,
2026-06-05 01:21:44,deployment,paymentservice,9,73,1,,
2026-06-05 01:21:44,deployment,productcatalogservice,247,50,4,,
2026-06-05 01:21:44,deployment,recommendationservice,147,103,2,,
2026-06-05 01:21:44,deployment,redis-cart,14,34,1,,
2026-06-05 01:21:44,deployment,shippingservice,22,24,1,,
2026-06-05 01:21:44,node,master,781,1801,,39.1,46.9
2026-06-05 01:21:44,node,worker-1,515,1491,,25.8,38.8
2026-06-05 01:21:44,node,worker-2,1008,1347,,50.4,35.1
2026-06-05 01:21:44,node,worker-3,450,872,,22.5,22.7
2026-06-05 01:21:44,node,worker-4,1271,1967,,63.5,51.2
2026-06-05 01:21:50,deployment,adservice,28,108,1,,
2026-06-05 01:21:50,deployment,cartservice,165,161,3,,
2026-06-05 01:21:50,deployment,checkoutservice,15,21,1,,
2026-06-05 01:21:50,deployment,currencyservice,248,151,3,,
2026-06-05 01:21:50,deployment,emailservice,10,60,1,,
2026-06-05 01:21:50,deployment,frontend,404,59,4,,
2026-06-05 01:21:50,deployment,paymentservice,7,74,1,,
2026-06-05 01:21:50,deployment,productcatalogservice,233,50,4,,
2026-06-05 01:21:50,deployment,recommendationservice,143,103,2,,
2026-06-05 01:21:50,deployment,redis-cart,21,34,1,,
2026-06-05 01:21:50,deployment,shippingservice,21,24,1,,
2026-06-05 01:21:50,node,master,712,1802,,35.6,46.9
2026-06-05 01:21:50,node,worker-1,439,1493,,21.9,38.9
2026-06-05 01:21:50,node,worker-2,964,1345,,48.2,35.0
2026-06-05 01:21:50,node,worker-3,472,863,,23.6,22.5
2026-06-05 01:21:50,node,worker-4,1240,1949,,62.0,50.8
2026-06-05 01:21:58,deployment,adservice,28,108,1,,
2026-06-05 01:21:58,deployment,cartservice,165,161,3,,
2026-06-05 01:21:58,deployment,checkoutservice,15,21,1,,
2026-06-05 01:21:58,deployment,currencyservice,248,151,3,,
2026-06-05 01:21:58,deployment,emailservice,10,60,1,,
2026-06-05 01:21:58,deployment,frontend,404,59,4,,
2026-06-05 01:21:58,deployment,paymentservice,7,74,1,,
2026-06-05 01:21:58,deployment,productcatalogservice,233,50,4,,
2026-06-05 01:21:58,deployment,recommendationservice,143,103,2,,
2026-06-05 01:21:58,deployment,redis-cart,21,34,1,,
2026-06-05 01:21:58,deployment,shippingservice,21,24,1,,
2026-06-05 01:21:58,node,master,712,1802,,35.6,46.9
2026-06-05 01:21:58,node,worker-1,439,1493,,21.9,38.9
2026-06-05 01:21:58,node,worker-2,964,1345,,48.2,35.0
2026-06-05 01:21:58,node,worker-3,472,863,,23.6,22.5
2026-06-05 01:21:58,node,worker-4,1240,1949,,62.0,50.8
2026-06-05 01:22:04,deployment,adservice,28,108,1,,
2026-06-05 01:22:04,deployment,cartservice,165,161,3,,
2026-06-05 01:22:04,deployment,checkoutservice,15,21,1,,
2026-06-05 01:22:04,deployment,currencyservice,248,151,3,,
2026-06-05 01:22:04,deployment,emailservice,11,60,1,,
2026-06-05 01:22:04,deployment,frontend,399,59,4,,
2026-06-05 01:22:04,deployment,paymentservice,7,77,1,,
2026-06-05 01:22:04,deployment,productcatalogservice,227,50,4,,
2026-06-05 01:22:04,deployment,recommendationservice,145,103,2,,
2026-06-05 01:22:04,deployment,redis-cart,21,34,1,,
2026-06-05 01:22:04,deployment,shippingservice,20,24,1,,
2026-06-05 01:22:04,node,master,785,1786,,39.2,46.5
2026-06-05 01:22:04,node,worker-1,450,1492,,22.5,38.9
2026-06-05 01:22:04,node,worker-2,977,1348,,48.9,35.1
2026-06-05 01:22:04,node,worker-3,470,865,,23.5,22.5
2026-06-05 01:22:04,node,worker-4,1241,1992,,62.1,51.9
2026-06-05 01:22:12,deployment,adservice,28,108,1,,
2026-06-05 01:22:12,deployment,cartservice,158,161,3,,
2026-06-05 01:22:12,deployment,checkoutservice,19,21,1,,
2026-06-05 01:22:12,deployment,currencyservice,236,152,3,,
2026-06-05 01:22:12,deployment,emailservice,11,60,1,,
2026-06-05 01:22:12,deployment,frontend,399,59,4,,
2026-06-05 01:22:12,deployment,paymentservice,7,77,1,,
2026-06-05 01:22:12,deployment,productcatalogservice,227,50,4,,
2026-06-05 01:22:12,deployment,recommendationservice,145,103,2,,
2026-06-05 01:22:12,deployment,redis-cart,21,34,1,,
2026-06-05 01:22:12,deployment,shippingservice,20,24,1,,
2026-06-05 01:22:12,node,master,785,1786,,39.2,46.5
2026-06-05 01:22:12,node,worker-1,450,1492,,22.5,38.9
2026-06-05 01:22:12,node,worker-2,977,1348,,48.9,35.1
2026-06-05 01:22:12,node,worker-3,470,865,,23.5,22.5
2026-06-05 01:22:12,node,worker-4,1241,1992,,62.1,51.9
2026-06-05 01:22:19,deployment,adservice,28,108,1,,
2026-06-05 01:22:19,deployment,cartservice,158,161,3,,
2026-06-05 01:22:19,deployment,checkoutservice,19,21,1,,
2026-06-05 01:22:19,deployment,currencyservice,236,152,3,,
2026-06-05 01:22:19,deployment,emailservice,11,60,1,,
2026-06-05 01:22:19,deployment,frontend,382,59,4,,
2026-06-05 01:22:19,deployment,paymentservice,7,73,1,,
2026-06-05 01:22:19,deployment,productcatalogservice,227,50,4,,
2026-06-05 01:22:19,deployment,recommendationservice,149,103,2,,
2026-06-05 01:22:19,deployment,redis-cart,11,34,1,,
2026-06-05 01:22:19,deployment,shippingservice,20,24,1,,
2026-06-05 01:22:19,node,master,708,1786,,35.4,46.5
2026-06-05 01:22:19,node,worker-1,438,1494,,21.9,38.9
2026-06-05 01:22:19,node,worker-2,1024,1348,,51.2,35.1
2026-06-05 01:22:19,node,worker-3,459,863,,22.9,22.5
2026-06-05 01:22:19,node,worker-4,1215,2017,,60.8,52.5
2026-06-05 01:22:26,deployment,adservice,26,108,1,,
2026-06-05 01:22:26,deployment,cartservice,169,162,3,,
2026-06-05 01:22:26,deployment,checkoutservice,21,21,1,,
2026-06-05 01:22:26,deployment,currencyservice,232,153,3,,
2026-06-05 01:22:26,deployment,emailservice,11,60,1,,
2026-06-05 01:22:26,deployment,frontend,382,59,4,,
2026-06-05 01:22:26,deployment,paymentservice,7,73,1,,
2026-06-05 01:22:26,deployment,productcatalogservice,227,50,4,,
2026-06-05 01:22:26,deployment,recommendationservice,149,103,2,,
2026-06-05 01:22:26,deployment,redis-cart,11,34,1,,
2026-06-05 01:22:26,deployment,shippingservice,20,24,1,,
2026-06-05 01:22:26,node,master,708,1786,,35.4,46.5
2026-06-05 01:22:26,node,worker-1,438,1494,,21.9,38.9
2026-06-05 01:22:26,node,worker-2,1024,1348,,51.2,35.1
2026-06-05 01:22:26,node,worker-3,459,863,,22.9,22.5
2026-06-05 01:22:26,node,worker-4,1215,2017,,60.8,52.5
2026-06-05 01:22:33,deployment,adservice,26,108,1,,
2026-06-05 01:22:33,deployment,cartservice,169,162,3,,
2026-06-05 01:22:33,deployment,checkoutservice,21,21,1,,
2026-06-05 01:22:33,deployment,currencyservice,232,153,3,,
2026-06-05 01:22:33,deployment,emailservice,11,60,1,,
2026-06-05 01:22:33,deployment,frontend,382,59,4,,
2026-06-05 01:22:33,deployment,paymentservice,7,73,1,,
2026-06-05 01:22:33,deployment,productcatalogservice,227,50,4,,
2026-06-05 01:22:33,deployment,recommendationservice,137,103,2,,
2026-06-05 01:22:33,deployment,redis-cart,11,34,1,,
2026-06-05 01:22:33,deployment,shippingservice,18,24,1,,
2026-06-05 01:22:33,node,master,705,1785,,35.2,46.5
2026-06-05 01:22:33,node,worker-1,471,1497,,23.5,39.0
2026-06-05 01:22:33,node,worker-2,899,1351,,45.0,35.2
2026-06-05 01:22:33,node,worker-3,426,865,,21.3,22.5
2026-06-05 01:22:33,node,worker-4,1163,2062,,58.1,53.7
2026-06-05 01:22:41,deployment,adservice,27,107,1,,
2026-06-05 01:22:41,deployment,cartservice,180,161,3,,
2026-06-05 01:22:41,deployment,checkoutservice,14,21,1,,
2026-06-05 01:22:41,deployment,currencyservice,221,153,3,,
2026-06-05 01:22:41,deployment,emailservice,11,60,1,,
2026-06-05 01:22:41,deployment,frontend,365,59,4,,
2026-06-05 01:22:41,deployment,paymentservice,8,74,1,,
2026-06-05 01:22:41,deployment,productcatalogservice,213,50,4,,
2026-06-05 01:22:41,deployment,recommendationservice,137,103,2,,
2026-06-05 01:22:41,deployment,redis-cart,11,34,1,,
2026-06-05 01:22:41,deployment,shippingservice,18,24,1,,
2026-06-05 01:22:41,node,master,705,1785,,35.2,46.5
2026-06-05 01:22:41,node,worker-1,471,1497,,23.5,39.0
2026-06-05 01:22:41,node,worker-2,899,1351,,45.0,35.2
2026-06-05 01:22:41,node,worker-3,426,865,,21.3,22.5
2026-06-05 01:22:41,node,worker-4,1163,2062,,58.1,53.7
2026-06-05 01:22:50,deployment,adservice,25,107,1,,
2026-06-05 01:22:50,deployment,cartservice,161,162,3,,
2026-06-05 01:22:50,deployment,checkoutservice,18,21,1,,
2026-06-05 01:22:50,deployment,currencyservice,213,154,3,,
2026-06-05 01:22:50,deployment,emailservice,10,60,1,,
2026-06-05 01:22:50,deployment,frontend,371,59,4,,
2026-06-05 01:22:50,deployment,paymentservice,7,74,1,,
2026-06-05 01:22:50,deployment,productcatalogservice,210,51,4,,
2026-06-05 01:22:50,deployment,recommendationservice,133,103,2,,
2026-06-05 01:22:50,deployment,redis-cart,11,34,1,,
2026-06-05 01:22:50,deployment,shippingservice,19,24,1,,
2026-06-05 01:22:50,node,master,705,1792,,35.2,46.7
2026-06-05 01:22:50,node,worker-1,455,1496,,22.8,39.0
2026-06-05 01:22:50,node,worker-2,947,1350,,47.3,35.2
2026-06-05 01:22:50,node,worker-3,434,864,,21.7,22.5
2026-06-05 01:22:50,node,worker-4,1190,2058,,59.5,53.6
2026-06-05 01:22:56,deployment,adservice,25,107,1,,
2026-06-05 01:22:56,deployment,cartservice,161,162,3,,
2026-06-05 01:22:56,deployment,checkoutservice,18,21,1,,
2026-06-05 01:22:56,deployment,currencyservice,213,154,3,,
2026-06-05 01:22:56,deployment,emailservice,10,60,1,,
2026-06-05 01:22:56,deployment,frontend,371,59,4,,
2026-06-05 01:22:56,deployment,paymentservice,7,74,1,,
2026-06-05 01:22:56,deployment,productcatalogservice,210,51,4,,
2026-06-05 01:22:56,deployment,recommendationservice,133,103,2,,
2026-06-05 01:22:56,deployment,redis-cart,11,34,1,,
2026-06-05 01:22:56,deployment,shippingservice,19,24,1,,
2026-06-05 01:22:56,node,master,705,1792,,35.2,46.7
2026-06-05 01:22:56,node,worker-1,455,1496,,22.8,39.0
2026-06-05 01:22:56,node,worker-2,947,1350,,47.3,35.2
2026-06-05 01:22:56,node,worker-3,434,864,,21.7,22.5
2026-06-05 01:22:56,node,worker-4,1190,2058,,59.5,53.6
2026-06-05 01:23:03,deployment,adservice,25,107,1,,
2026-06-05 01:23:03,deployment,cartservice,161,162,3,,
2026-06-05 01:23:03,deployment,checkoutservice,18,21,1,,
2026-06-05 01:23:03,deployment,currencyservice,213,154,3,,
2026-06-05 01:23:03,deployment,emailservice,10,60,1,,
2026-06-05 01:23:03,deployment,frontend,371,59,4,,
2026-06-05 01:23:03,deployment,paymentservice,7,74,1,,
2026-06-05 01:23:03,deployment,productcatalogservice,210,51,4,,
2026-06-05 01:23:03,deployment,recommendationservice,133,103,2,,
2026-06-05 01:23:03,deployment,redis-cart,11,34,1,,
2026-06-05 01:23:03,deployment,shippingservice,19,24,1,,
2026-06-05 01:23:03,node,master,705,1792,,35.2,46.7
2026-06-05 01:23:03,node,worker-1,455,1496,,22.8,39.0
2026-06-05 01:23:03,node,worker-2,947,1350,,47.3,35.2
2026-06-05 01:23:03,node,worker-3,434,864,,21.7,22.5
2026-06-05 01:23:03,node,worker-4,1190,2058,,59.5,53.6
2026-06-05 01:23:09,deployment,adservice,25,107,1,,
2026-06-05 01:23:09,deployment,cartservice,175,163,3,,
2026-06-05 01:23:09,deployment,checkoutservice,16,21,1,,
2026-06-05 01:23:09,deployment,currencyservice,226,153,3,,
2026-06-05 01:23:09,deployment,emailservice,10,60,1,,
2026-06-05 01:23:09,deployment,frontend,381,59,4,,
2026-06-05 01:23:09,deployment,paymentservice,5,73,1,,
2026-06-05 01:23:09,deployment,productcatalogservice,220,50,4,,
2026-06-05 01:23:09,deployment,recommendationservice,140,103,2,,
2026-06-05 01:23:09,deployment,redis-cart,11,35,1,,
2026-06-05 01:23:09,deployment,shippingservice,18,24,1,,
2026-06-05 01:23:09,node,master,761,1794,,38.0,46.7
2026-06-05 01:23:09,node,worker-1,472,1491,,23.6,38.8
2026-06-05 01:23:09,node,worker-2,947,1349,,47.3,35.1
2026-06-05 01:23:09,node,worker-3,470,865,,23.5,22.5
2026-06-05 01:23:09,node,worker-4,1222,2066,,61.1,53.8
2026-06-05 01:23:16,deployment,adservice,25,107,1,,
2026-06-05 01:23:16,deployment,cartservice,175,163,3,,
2026-06-05 01:23:16,deployment,checkoutservice,16,21,1,,
2026-06-05 01:23:16,deployment,currencyservice,226,153,3,,
2026-06-05 01:23:16,deployment,emailservice,10,60,1,,
2026-06-05 01:23:16,deployment,frontend,381,59,4,,
2026-06-05 01:23:16,deployment,paymentservice,5,73,1,,
2026-06-05 01:23:16,deployment,productcatalogservice,220,50,4,,
2026-06-05 01:23:16,deployment,recommendationservice,140,103,2,,
2026-06-05 01:23:16,deployment,redis-cart,11,35,1,,
2026-06-05 01:23:16,deployment,shippingservice,18,24,1,,
2026-06-05 01:23:16,node,master,761,1794,,38.0,46.7
2026-06-05 01:23:16,node,worker-1,472,1491,,23.6,38.8
2026-06-05 01:23:16,node,worker-2,947,1349,,47.3,35.1
2026-06-05 01:23:16,node,worker-3,470,865,,23.5,22.5
2026-06-05 01:23:16,node,worker-4,1222,2066,,61.1,53.8
2026-06-05 01:23:22,deployment,adservice,26,107,1,,
2026-06-05 01:23:22,deployment,cartservice,177,163,3,,
2026-06-05 01:23:22,deployment,checkoutservice,21,21,1,,
2026-06-05 01:23:22,deployment,currencyservice,218,154,3,,
2026-06-05 01:23:22,deployment,emailservice,11,60,1,,
2026-06-05 01:23:22,deployment,frontend,376,59,4,,
2026-06-05 01:23:22,deployment,paymentservice,9,74,1,,
2026-06-05 01:23:22,deployment,productcatalogservice,224,50,4,,
2026-06-05 01:23:22,deployment,recommendationservice,146,103,2,,
2026-06-05 01:23:22,deployment,redis-cart,11,34,1,,
2026-06-05 01:23:22,deployment,shippingservice,20,24,1,,
2026-06-05 01:23:22,node,master,688,1794,,34.4,46.7
2026-06-05 01:23:22,node,worker-1,410,1490,,20.5,38.8
2026-06-05 01:23:22,node,worker-2,1000,1345,,50.0,35.0
2026-06-05 01:23:22,node,worker-3,428,866,,21.4,22.6
2026-06-05 01:23:22,node,worker-4,1241,2070,,62.1,53.9
2026-06-05 01:23:29,deployment,adservice,26,107,1,,
2026-06-05 01:23:29,deployment,cartservice,177,163,3,,
2026-06-05 01:23:29,deployment,checkoutservice,21,21,1,,
2026-06-05 01:23:29,deployment,currencyservice,218,154,3,,
2026-06-05 01:23:29,deployment,emailservice,11,60,1,,
2026-06-05 01:23:29,deployment,frontend,376,59,4,,
2026-06-05 01:23:29,deployment,paymentservice,9,74,1,,
2026-06-05 01:23:29,deployment,productcatalogservice,224,50,4,,
2026-06-05 01:23:29,deployment,recommendationservice,146,103,2,,
2026-06-05 01:23:29,deployment,redis-cart,11,34,1,,
2026-06-05 01:23:29,deployment,shippingservice,20,24,1,,
2026-06-05 01:23:29,node,master,688,1794,,34.4,46.7
2026-06-05 01:23:29,node,worker-1,410,1490,,20.5,38.8
2026-06-05 01:23:29,node,worker-2,1000,1345,,50.0,35.0
2026-06-05 01:23:29,node,worker-3,428,866,,21.4,22.6
2026-06-05 01:23:29,node,worker-4,1241,2070,,62.1,53.9
2026-06-05 01:23:36,deployment,adservice,24,107,1,,
2026-06-05 01:23:36,deployment,cartservice,171,162,3,,
2026-06-05 01:23:36,deployment,checkoutservice,18,21,1,,
2026-06-05 01:23:36,deployment,currencyservice,203,155,3,,
2026-06-05 01:23:36,deployment,emailservice,12,60,1,,
2026-06-05 01:23:36,deployment,frontend,337,59,4,,
2026-06-05 01:23:36,deployment,paymentservice,6,73,1,,
2026-06-05 01:23:36,deployment,productcatalogservice,208,50,4,,
2026-06-05 01:23:36,deployment,recommendationservice,121,103,2,,
2026-06-05 01:23:36,deployment,redis-cart,11,35,1,,
2026-06-05 01:23:36,deployment,shippingservice,20,24,1,,
2026-06-05 01:23:36,node,master,673,1796,,33.7,46.8
2026-06-05 01:23:36,node,worker-1,329,1492,,16.4,38.9
2026-06-05 01:23:36,node,worker-2,827,1348,,41.3,35.1
2026-06-05 01:23:36,node,worker-3,409,865,,20.4,22.5
2026-06-05 01:23:36,node,worker-4,1087,2000,,54.4,52.1
2026-06-05 01:23:43,deployment,adservice,24,107,1,,
2026-06-05 01:23:43,deployment,cartservice,171,162,3,,
2026-06-05 01:23:43,deployment,checkoutservice,18,21,1,,
2026-06-05 01:23:43,deployment,currencyservice,203,155,3,,
2026-06-05 01:23:43,deployment,emailservice,12,60,1,,
2026-06-05 01:23:43,deployment,frontend,337,59,4,,
2026-06-05 01:23:43,deployment,paymentservice,6,73,1,,
2026-06-05 01:23:43,deployment,productcatalogservice,208,50,4,,
2026-06-05 01:23:43,deployment,recommendationservice,121,103,2,,
2026-06-05 01:23:43,deployment,redis-cart,11,35,1,,
2026-06-05 01:23:43,deployment,shippingservice,20,24,1,,
2026-06-05 01:23:43,node,master,673,1796,,33.7,46.8
2026-06-05 01:23:43,node,worker-1,329,1492,,16.4,38.9
2026-06-05 01:23:43,node,worker-2,827,1348,,41.3,35.1
2026-06-05 01:23:43,node,worker-3,409,865,,20.4,22.5
2026-06-05 01:23:43,node,worker-4,1087,2000,,54.4,52.1
2026-06-05 01:23:51,deployment,adservice,22,107,1,,
2026-06-05 01:23:51,deployment,cartservice,126,162,3,,
2026-06-05 01:23:51,deployment,checkoutservice,20,21,1,,
2026-06-05 01:23:51,deployment,currencyservice,199,156,3,,
2026-06-05 01:23:51,deployment,emailservice,11,60,1,,
2026-06-05 01:23:51,deployment,frontend,338,59,4,,
2026-06-05 01:23:51,deployment,paymentservice,8,74,1,,
2026-06-05 01:23:51,deployment,productcatalogservice,199,50,4,,
2026-06-05 01:23:51,deployment,recommendationservice,124,103,2,,
2026-06-05 01:23:51,deployment,redis-cart,10,35,1,,
2026-06-05 01:23:51,deployment,shippingservice,17,24,1,,
2026-06-05 01:23:51,node,master,652,1794,,32.6,46.7
2026-06-05 01:23:51,node,worker-1,398,1489,,19.9,38.8
2026-06-05 01:23:51,node,worker-2,882,1346,,44.1,35.1
2026-06-05 01:23:51,node,worker-3,407,860,,20.3,22.4
2026-06-05 01:23:51,node,worker-4,1143,2054,,57.1,53.5
2026-06-05 01:23:58,deployment,adservice,22,107,1,,
2026-06-05 01:23:58,deployment,cartservice,126,162,3,,
2026-06-05 01:23:58,deployment,checkoutservice,20,21,1,,
2026-06-05 01:23:58,deployment,currencyservice,199,156,3,,
2026-06-05 01:23:58,deployment,emailservice,11,60,1,,
2026-06-05 01:23:58,deployment,frontend,338,59,4,,
2026-06-05 01:23:58,deployment,paymentservice,8,74,1,,
2026-06-05 01:23:58,deployment,productcatalogservice,199,50,4,,
2026-06-05 01:23:58,deployment,recommendationservice,124,103,2,,
2026-06-05 01:23:58,deployment,redis-cart,10,35,1,,
2026-06-05 01:23:58,deployment,shippingservice,17,24,1,,
2026-06-05 01:23:58,node,master,652,1794,,32.6,46.7
2026-06-05 01:23:58,node,worker-1,398,1489,,19.9,38.8
2026-06-05 01:23:58,node,worker-2,882,1346,,44.1,35.1
2026-06-05 01:23:58,node,worker-3,407,860,,20.3,22.4
2026-06-05 01:23:58,node,worker-4,1143,2054,,57.1,53.5
2026-06-05 01:24:08,deployment,adservice,22,107,1,,
2026-06-05 01:24:08,deployment,cartservice,124,162,3,,
2026-06-05 01:24:08,deployment,checkoutservice,19,21,1,,
2026-06-05 01:24:08,deployment,currencyservice,189,156,3,,
2026-06-05 01:24:08,deployment,emailservice,11,60,1,,
2026-06-05 01:24:08,deployment,frontend,331,59,4,,
2026-06-05 01:24:08,deployment,paymentservice,8,74,1,,
2026-06-05 01:24:08,deployment,productcatalogservice,191,50,4,,
2026-06-05 01:24:08,deployment,recommendationservice,117,103,2,,
2026-06-05 01:24:08,deployment,redis-cart,10,35,1,,
2026-06-05 01:24:08,deployment,shippingservice,20,24,1,,
2026-06-05 01:24:08,node,master,621,1796,,31.1,46.8
2026-06-05 01:24:08,node,worker-1,357,1494,,17.8,38.9
2026-06-05 01:24:08,node,worker-2,831,1349,,41.5,35.1
2026-06-05 01:24:08,node,worker-3,417,857,,20.8,22.3
2026-06-05 01:24:08,node,worker-4,1055,2028,,52.8,52.8
2026-06-05 01:24:14,deployment,adservice,22,107,1,,
2026-06-05 01:24:14,deployment,cartservice,124,162,3,,
2026-06-05 01:24:14,deployment,checkoutservice,19,21,1,,
2026-06-05 01:24:14,deployment,currencyservice,189,156,3,,
2026-06-05 01:24:14,deployment,emailservice,11,60,1,,
2026-06-05 01:24:14,deployment,frontend,331,59,4,,
2026-06-05 01:24:14,deployment,paymentservice,8,74,1,,
2026-06-05 01:24:14,deployment,productcatalogservice,191,50,4,,
2026-06-05 01:24:14,deployment,recommendationservice,117,103,2,,
2026-06-05 01:24:14,deployment,redis-cart,10,35,1,,
2026-06-05 01:24:14,deployment,shippingservice,20,24,1,,
2026-06-05 01:24:14,node,master,621,1796,,31.1,46.8
2026-06-05 01:24:14,node,worker-1,357,1494,,17.8,38.9
2026-06-05 01:24:14,node,worker-2,831,1349,,41.5,35.1
2026-06-05 01:24:14,node,worker-3,417,857,,20.8,22.3
2026-06-05 01:24:14,node,worker-4,1055,2028,,52.8,52.8
2026-06-05 01:24:23,deployment,adservice,23,108,1,,
2026-06-05 01:24:23,deployment,cartservice,122,162,3,,
2026-06-05 01:24:23,deployment,checkoutservice,17,21,1,,
2026-06-05 01:24:23,deployment,currencyservice,206,154,3,,
2026-06-05 01:24:23,deployment,emailservice,11,60,1,,
2026-06-05 01:24:23,deployment,frontend,311,59,4,,
2026-06-05 01:24:23,deployment,paymentservice,7,74,1,,
2026-06-05 01:24:23,deployment,productcatalogservice,183,50,4,,
2026-06-05 01:24:23,deployment,recommendationservice,122,103,2,,
2026-06-05 01:24:23,deployment,redis-cart,10,35,1,,
2026-06-05 01:24:23,deployment,shippingservice,18,24,1,,
2026-06-05 01:24:23,node,master,689,1792,,34.4,46.7
2026-06-05 01:24:23,node,worker-1,400,1489,,20.0,38.8
2026-06-05 01:24:23,node,worker-2,843,1344,,42.1,35.0
2026-06-05 01:24:23,node,worker-3,363,858,,18.1,22.3
2026-06-05 01:24:23,node,worker-4,1136,2062,,56.8,53.7
2026-06-05 01:24:30,deployment,adservice,23,108,1,,
2026-06-05 01:24:30,deployment,cartservice,122,162,3,,
2026-06-05 01:24:30,deployment,checkoutservice,17,21,1,,
2026-06-05 01:24:30,deployment,currencyservice,206,154,3,,
2026-06-05 01:24:30,deployment,emailservice,11,60,1,,
2026-06-05 01:24:30,deployment,frontend,311,59,4,,
2026-06-05 01:24:30,deployment,paymentservice,7,74,1,,
2026-06-05 01:24:30,deployment,productcatalogservice,183,50,4,,
2026-06-05 01:24:30,deployment,recommendationservice,122,103,2,,
2026-06-05 01:24:30,deployment,redis-cart,10,35,1,,
2026-06-05 01:24:30,deployment,shippingservice,18,24,1,,
2026-06-05 01:24:30,node,master,689,1792,,34.4,46.7
2026-06-05 01:24:30,node,worker-1,400,1489,,20.0,38.8
2026-06-05 01:24:30,node,worker-2,843,1344,,42.1,35.0
2026-06-05 01:24:30,node,worker-3,363,858,,18.1,22.3
2026-06-05 01:24:30,node,worker-4,1136,2062,,56.8,53.7
2026-06-05 01:24:39,deployment,adservice,23,108,1,,
2026-06-05 01:24:39,deployment,cartservice,133,162,3,,
2026-06-05 01:24:39,deployment,checkoutservice,19,21,1,,
2026-06-05 01:24:39,deployment,currencyservice,235,155,3,,
2026-06-05 01:24:39,deployment,emailservice,11,60,1,,
2026-06-05 01:24:39,deployment,frontend,389,59,4,,
2026-06-05 01:24:39,deployment,paymentservice,7,74,1,,
2026-06-05 01:24:39,deployment,productcatalogservice,223,50,4,,
2026-06-05 01:24:39,deployment,recommendationservice,142,104,2,,
2026-06-05 01:24:39,deployment,redis-cart,12,34,1,,
2026-06-05 01:24:39,deployment,shippingservice,21,24,1,,
2026-06-05 01:24:39,node,master,762,1816,,38.1,47.3
2026-06-05 01:24:39,node,worker-1,404,1492,,20.2,38.9
2026-06-05 01:24:39,node,worker-2,991,1346,,49.5,35.1
2026-06-05 01:24:39,node,worker-3,476,857,,23.8,22.3
2026-06-05 01:24:39,node,worker-4,1163,2035,,58.1,53.0
2026-06-05 01:24:45,deployment,adservice,23,108,1,,
2026-06-05 01:24:45,deployment,cartservice,133,162,3,,
2026-06-05 01:24:45,deployment,checkoutservice,19,21,1,,
2026-06-05 01:24:45,deployment,currencyservice,235,155,3,,
2026-06-05 01:24:45,deployment,emailservice,11,60,1,,
2026-06-05 01:24:45,deployment,frontend,389,59,4,,
2026-06-05 01:24:45,deployment,paymentservice,7,74,1,,
2026-06-05 01:24:45,deployment,productcatalogservice,223,50,4,,
2026-06-05 01:24:45,deployment,recommendationservice,142,104,2,,
2026-06-05 01:24:45,deployment,redis-cart,12,34,1,,
2026-06-05 01:24:45,deployment,shippingservice,21,24,1,,
2026-06-05 01:24:45,node,master,762,1816,,38.1,47.3
2026-06-05 01:24:45,node,worker-1,404,1492,,20.2,38.9
2026-06-05 01:24:45,node,worker-2,991,1346,,49.5,35.1
2026-06-05 01:24:45,node,worker-3,476,857,,23.8,22.3
2026-06-05 01:24:45,node,worker-4,1163,2035,,58.1,53.0
2026-06-05 01:24:52,deployment,adservice,26,108,1,,
2026-06-05 01:24:52,deployment,cartservice,145,162,3,,
2026-06-05 01:24:52,deployment,checkoutservice,20,21,1,,
2026-06-05 01:24:52,deployment,currencyservice,232,154,3,,
2026-06-05 01:24:52,deployment,emailservice,11,60,1,,
2026-06-05 01:24:52,deployment,frontend,392,59,4,,
2026-06-05 01:24:52,deployment,paymentservice,7,74,1,,
2026-06-05 01:24:52,deployment,productcatalogservice,226,50,4,,
2026-06-05 01:24:52,deployment,recommendationservice,141,104,2,,
2026-06-05 01:24:52,deployment,redis-cart,12,34,1,,
2026-06-05 01:24:52,deployment,shippingservice,20,24,1,,
2026-06-05 01:24:52,node,master,745,1814,,37.2,47.3
2026-06-05 01:24:52,node,worker-1,439,1493,,21.9,38.9
2026-06-05 01:24:52,node,worker-2,968,1339,,48.4,34.9
2026-06-05 01:24:52,node,worker-3,424,858,,21.2,22.3
2026-06-05 01:24:52,node,worker-4,1228,2056,,61.4,53.6
2026-06-05 01:25:00,deployment,adservice,26,108,1,,
2026-06-05 01:25:00,deployment,cartservice,145,162,3,,
2026-06-05 01:25:00,deployment,checkoutservice,20,21,1,,
2026-06-05 01:25:00,deployment,currencyservice,232,154,3,,
2026-06-05 01:25:00,deployment,emailservice,11,60,1,,
2026-06-05 01:25:00,deployment,frontend,392,59,4,,
2026-06-05 01:25:00,deployment,paymentservice,7,74,1,,
2026-06-05 01:25:00,deployment,productcatalogservice,226,50,4,,
2026-06-05 01:25:00,deployment,recommendationservice,141,104,2,,
2026-06-05 01:25:00,deployment,redis-cart,12,34,1,,
2026-06-05 01:25:00,deployment,shippingservice,20,24,1,,
2026-06-05 01:25:00,node,master,745,1814,,37.2,47.3
2026-06-05 01:25:00,node,worker-1,439,1493,,21.9,38.9
2026-06-05 01:25:00,node,worker-2,968,1339,,48.4,34.9
2026-06-05 01:25:00,node,worker-3,424,858,,21.2,22.3
2026-06-05 01:25:00,node,worker-4,1228,2056,,61.4,53.6
2026-06-05 01:25:09,deployment,adservice,26,108,1,,
2026-06-05 01:25:09,deployment,cartservice,146,162,3,,
2026-06-05 01:25:09,deployment,checkoutservice,19,21,1,,
2026-06-05 01:25:09,deployment,currencyservice,232,155,3,,
2026-06-05 01:25:09,deployment,emailservice,13,60,1,,
2026-06-05 01:25:09,deployment,frontend,392,59,4,,
2026-06-05 01:25:09,deployment,paymentservice,9,74,1,,
2026-06-05 01:25:09,deployment,productcatalogservice,231,51,4,,
2026-06-05 01:25:09,deployment,recommendationservice,151,103,2,,
2026-06-05 01:25:09,deployment,redis-cart,12,35,1,,
2026-06-05 01:25:09,deployment,shippingservice,21,24,1,,
2026-06-05 01:25:09,node,master,713,1819,,35.6,47.4
2026-06-05 01:25:09,node,worker-1,410,1493,,20.5,38.9
2026-06-05 01:25:09,node,worker-2,987,1342,,49.4,35.0
2026-06-05 01:25:09,node,worker-3,465,858,,23.2,22.3
2026-06-05 01:25:09,node,worker-4,1261,2009,,63.0,52.3
2026-06-05 01:25:15,deployment,adservice,26,108,1,,
2026-06-05 01:25:15,deployment,cartservice,146,162,3,,
2026-06-05 01:25:15,deployment,checkoutservice,19,21,1,,
2026-06-05 01:25:15,deployment,currencyservice,232,155,3,,
2026-06-05 01:25:15,deployment,emailservice,13,60,1,,
2026-06-05 01:25:15,deployment,frontend,392,59,4,,
2026-06-05 01:25:15,deployment,paymentservice,9,74,1,,
2026-06-05 01:25:15,deployment,productcatalogservice,231,51,4,,
2026-06-05 01:25:15,deployment,recommendationservice,151,103,2,,
2026-06-05 01:25:15,deployment,redis-cart,12,35,1,,
2026-06-05 01:25:15,deployment,shippingservice,21,24,1,,
2026-06-05 01:25:15,node,master,713,1819,,35.6,47.4
2026-06-05 01:25:15,node,worker-1,410,1493,,20.5,38.9
2026-06-05 01:25:15,node,worker-2,987,1342,,49.4,35.0
2026-06-05 01:25:15,node,worker-3,465,858,,23.2,22.3
2026-06-05 01:25:15,node,worker-4,1261,2009,,63.0,52.3
2026-06-05 01:25:22,deployment,adservice,28,108,1,,
2026-06-05 01:25:22,deployment,cartservice,139,162,3,,
2026-06-05 01:25:22,deployment,checkoutservice,21,21,1,,
2026-06-05 01:25:22,deployment,currencyservice,233,154,3,,
2026-06-05 01:25:22,deployment,emailservice,10,60,1,,
2026-06-05 01:25:22,deployment,frontend,384,60,4,,
2026-06-05 01:25:22,deployment,paymentservice,9,74,1,,
2026-06-05 01:25:22,deployment,productcatalogservice,219,52,4,,
2026-06-05 01:25:22,deployment,recommendationservice,150,103,2,,
2026-06-05 01:25:22,deployment,redis-cart,11,35,1,,
2026-06-05 01:25:22,deployment,shippingservice,19,24,1,,
2026-06-05 01:25:22,node,master,760,1817,,38.0,47.3
2026-06-05 01:25:22,node,worker-1,451,1494,,22.6,38.9
2026-06-05 01:25:22,node,worker-2,944,1339,,47.2,34.9
2026-06-05 01:25:22,node,worker-3,397,859,,19.9,22.4
2026-06-05 01:25:22,node,worker-4,1205,2010,,60.2,52.4
2026-06-05 01:25:29,deployment,adservice,28,108,1,,
2026-06-05 01:25:29,deployment,cartservice,139,162,3,,
2026-06-05 01:25:29,deployment,checkoutservice,21,21,1,,
2026-06-05 01:25:29,deployment,currencyservice,233,154,3,,
2026-06-05 01:25:29,deployment,emailservice,10,60,1,,
2026-06-05 01:25:29,deployment,frontend,384,60,4,,
2026-06-05 01:25:29,deployment,paymentservice,9,74,1,,
2026-06-05 01:25:29,deployment,productcatalogservice,219,52,4,,
2026-06-05 01:25:29,deployment,recommendationservice,150,103,2,,
2026-06-05 01:25:29,deployment,redis-cart,11,35,1,,
2026-06-05 01:25:29,deployment,shippingservice,19,24,1,,
2026-06-05 01:25:29,node,master,760,1817,,38.0,47.3
2026-06-05 01:25:29,node,worker-1,451,1494,,22.6,38.9
2026-06-05 01:25:29,node,worker-2,944,1339,,47.2,34.9
2026-06-05 01:25:29,node,worker-3,397,859,,19.9,22.4
2026-06-05 01:25:29,node,worker-4,1205,2010,,60.2,52.4
2026-06-05 01:25:36,deployment,adservice,34,108,1,,
2026-06-05 01:25:36,deployment,cartservice,155,162,3,,
2026-06-05 01:25:36,deployment,checkoutservice,22,21,1,,
2026-06-05 01:25:36,deployment,currencyservice,280,156,3,,
2026-06-05 01:25:36,deployment,emailservice,11,60,1,,
2026-06-05 01:25:36,deployment,frontend,447,59,4,,
2026-06-05 01:25:36,deployment,paymentservice,9,74,1,,
2026-06-05 01:25:36,deployment,productcatalogservice,275,50,4,,
2026-06-05 01:25:36,deployment,recommendationservice,166,103,2,,
2026-06-05 01:25:36,deployment,redis-cart,12,34,1,,
2026-06-05 01:25:36,deployment,shippingservice,24,24,1,,
2026-06-05 01:25:36,node,master,799,1822,,40.0,47.5
2026-06-05 01:25:36,node,worker-1,498,1492,,24.9,38.9
2026-06-05 01:25:36,node,worker-2,1128,1342,,56.4,35.0
2026-06-05 01:25:36,node,worker-3,519,856,,25.9,22.3
2026-06-05 01:25:36,node,worker-4,1420,2048,,71.0,53.3
2026-06-05 01:25:43,deployment,adservice,34,108,1,,
2026-06-05 01:25:43,deployment,cartservice,155,162,3,,
2026-06-05 01:25:43,deployment,checkoutservice,22,21,1,,
2026-06-05 01:25:43,deployment,currencyservice,280,156,3,,
2026-06-05 01:25:43,deployment,emailservice,11,60,1,,
2026-06-05 01:25:43,deployment,frontend,447,59,4,,
2026-06-05 01:25:43,deployment,paymentservice,9,74,1,,
2026-06-05 01:25:43,deployment,productcatalogservice,275,50,4,,
2026-06-05 01:25:43,deployment,recommendationservice,166,103,2,,
2026-06-05 01:25:43,deployment,redis-cart,12,34,1,,
2026-06-05 01:25:43,deployment,shippingservice,24,24,1,,
2026-06-05 01:25:43,node,master,799,1822,,40.0,47.5
2026-06-05 01:25:43,node,worker-1,498,1492,,24.9,38.9
2026-06-05 01:25:43,node,worker-2,1128,1342,,56.4,35.0
2026-06-05 01:25:43,node,worker-3,519,856,,25.9,22.3
2026-06-05 01:25:43,node,worker-4,1420,2048,,71.0,53.3
2026-06-05 01:25:51,deployment,adservice,34,108,1,,
2026-06-05 01:25:51,deployment,cartservice,155,162,3,,
2026-06-05 01:25:51,deployment,checkoutservice,21,21,1,,
2026-06-05 01:25:51,deployment,currencyservice,282,155,3,,
2026-06-05 01:25:51,deployment,emailservice,14,60,1,,
2026-06-05 01:25:51,deployment,frontend,484,59,4,,
2026-06-05 01:25:51,deployment,paymentservice,7,73,1,,
2026-06-05 01:25:51,deployment,productcatalogservice,275,50,4,,
2026-06-05 01:25:51,deployment,recommendationservice,183,103,2,,
2026-06-05 01:25:51,deployment,redis-cart,30,35,1,,
2026-06-05 01:25:51,deployment,shippingservice,25,24,1,,
2026-06-05 01:25:51,node,master,843,1818,,42.1,47.4
2026-06-05 01:25:51,node,worker-1,496,1494,,24.8,38.9
2026-06-05 01:25:51,node,worker-2,1196,1344,,59.8,35.0
2026-06-05 01:25:51,node,worker-3,612,857,,30.6,22.3
2026-06-05 01:25:51,node,worker-4,1480,2085,,74.0,54.3
2026-06-05 01:25:58,deployment,adservice,34,108,1,,
2026-06-05 01:25:58,deployment,cartservice,155,162,3,,
2026-06-05 01:25:58,deployment,checkoutservice,21,21,1,,
2026-06-05 01:25:58,deployment,currencyservice,282,155,3,,
2026-06-05 01:25:58,deployment,emailservice,14,60,1,,
2026-06-05 01:25:58,deployment,frontend,484,59,4,,
2026-06-05 01:25:58,deployment,paymentservice,7,73,1,,
2026-06-05 01:25:58,deployment,productcatalogservice,275,50,4,,
2026-06-05 01:25:58,deployment,recommendationservice,183,103,2,,
2026-06-05 01:25:58,deployment,redis-cart,30,35,1,,
2026-06-05 01:25:58,deployment,shippingservice,25,24,1,,
2026-06-05 01:25:58,node,master,843,1818,,42.1,47.4
2026-06-05 01:25:58,node,worker-1,496,1494,,24.8,38.9
2026-06-05 01:25:58,node,worker-2,1196,1344,,59.8,35.0
2026-06-05 01:25:58,node,worker-3,612,857,,30.6,22.3
2026-06-05 01:25:58,node,worker-4,1480,2085,,74.0,54.3
2026-06-05 01:26:07,deployment,adservice,33,108,1,,
2026-06-05 01:26:07,deployment,cartservice,156,162,3,,
2026-06-05 01:26:07,deployment,checkoutservice,21,21,1,,
2026-06-05 01:26:07,deployment,currencyservice,296,155,3,,
2026-06-05 01:26:07,deployment,emailservice,12,60,1,,
2026-06-05 01:26:07,deployment,frontend,476,59,4,,
2026-06-05 01:26:07,deployment,paymentservice,10,74,1,,
2026-06-05 01:26:07,deployment,productcatalogservice,281,50,4,,
2026-06-05 01:26:07,deployment,recommendationservice,176,103,2,,
2026-06-05 01:26:07,deployment,redis-cart,14,35,1,,
2026-06-05 01:26:07,deployment,shippingservice,24,24,1,,
2026-06-05 01:26:07,node,master,938,1820,,46.9,47.4
2026-06-05 01:26:07,node,worker-1,502,1498,,25.1,39.0
2026-06-05 01:26:07,node,worker-2,1140,1344,,57.0,35.0
2026-06-05 01:26:07,node,worker-3,553,858,,27.7,22.3
2026-06-05 01:26:07,node,worker-4,1425,2033,,71.2,53.0
2026-06-05 01:26:15,deployment,adservice,33,108,1,,
2026-06-05 01:26:15,deployment,cartservice,156,162,3,,
2026-06-05 01:26:15,deployment,checkoutservice,21,21,1,,
2026-06-05 01:26:15,deployment,currencyservice,296,155,3,,
2026-06-05 01:26:15,deployment,emailservice,12,60,1,,
2026-06-05 01:26:15,deployment,frontend,476,59,4,,
2026-06-05 01:26:15,deployment,paymentservice,10,74,1,,
2026-06-05 01:26:15,deployment,productcatalogservice,281,50,4,,
2026-06-05 01:26:15,deployment,recommendationservice,176,103,2,,
2026-06-05 01:26:15,deployment,redis-cart,14,35,1,,
2026-06-05 01:26:15,deployment,shippingservice,24,24,1,,
2026-06-05 01:26:15,node,master,938,1820,,46.9,47.4
2026-06-05 01:26:15,node,worker-1,502,1498,,25.1,39.0
2026-06-05 01:26:15,node,worker-2,1140,1344,,57.0,35.0
2026-06-05 01:26:15,node,worker-3,553,858,,27.7,22.3
2026-06-05 01:26:15,node,worker-4,1425,2033,,71.2,53.0
2026-06-05 01:26:23,deployment,adservice,33,108,1,,
2026-06-05 01:26:23,deployment,cartservice,158,162,3,,
2026-06-05 01:26:23,deployment,checkoutservice,24,21,1,,
2026-06-05 01:26:23,deployment,currencyservice,288,155,3,,
2026-06-05 01:26:23,deployment,emailservice,13,60,1,,
2026-06-05 01:26:23,deployment,frontend,466,59,4,,
2026-06-05 01:26:23,deployment,paymentservice,7,73,1,,
2026-06-05 01:26:23,deployment,productcatalogservice,274,50,4,,
2026-06-05 01:26:23,deployment,recommendationservice,177,103,2,,
2026-06-05 01:26:23,deployment,redis-cart,14,35,1,,
2026-06-05 01:26:23,deployment,shippingservice,24,24,1,,
2026-06-05 01:26:23,node,master,831,1821,,41.5,47.4
2026-06-05 01:26:23,node,worker-1,488,1499,,24.4,39.0
2026-06-05 01:26:23,node,worker-2,1081,1340,,54.0,34.9
2026-06-05 01:26:23,node,worker-3,545,859,,27.3,22.4
2026-06-05 01:26:23,node,worker-4,1394,2079,,69.7,54.2
2026-06-05 01:26:30,deployment,adservice,33,108,1,,
2026-06-05 01:26:30,deployment,cartservice,158,162,3,,
2026-06-05 01:26:30,deployment,checkoutservice,24,21,1,,
2026-06-05 01:26:30,deployment,currencyservice,288,155,3,,
2026-06-05 01:26:30,deployment,emailservice,13,60,1,,
2026-06-05 01:26:30,deployment,frontend,466,59,4,,
2026-06-05 01:26:30,deployment,paymentservice,7,73,1,,
2026-06-05 01:26:30,deployment,productcatalogservice,274,50,4,,
2026-06-05 01:26:30,deployment,recommendationservice,177,103,2,,
2026-06-05 01:26:30,deployment,redis-cart,14,35,1,,
2026-06-05 01:26:30,deployment,shippingservice,24,24,1,,
2026-06-05 01:26:30,node,master,831,1821,,41.5,47.4
2026-06-05 01:26:30,node,worker-1,488,1499,,24.4,39.0
2026-06-05 01:26:30,node,worker-2,1081,1340,,54.0,34.9
2026-06-05 01:26:30,node,worker-3,545,859,,27.3,22.4
2026-06-05 01:26:30,node,worker-4,1394,2079,,69.7,54.2
2026-06-05 01:26:37,deployment,adservice,40,108,1,,
2026-06-05 01:26:37,deployment,cartservice,196,164,3,,
2026-06-05 01:26:37,deployment,checkoutservice,27,21,1,,
2026-06-05 01:26:37,deployment,currencyservice,350,157,3,,
2026-06-05 01:26:37,deployment,emailservice,14,62,1,,
2026-06-05 01:26:37,deployment,frontend,542,60,4,,
2026-06-05 01:26:37,deployment,paymentservice,9,73,1,,
2026-06-05 01:26:37,deployment,productcatalogservice,318,50,4,,
2026-06-05 01:26:37,deployment,recommendationservice,212,104,2,,
2026-06-05 01:26:37,deployment,redis-cart,14,35,1,,
2026-06-05 01:26:37,deployment,shippingservice,31,24,1,,
2026-06-05 01:26:37,node,master,926,1822,,46.3,47.5
2026-06-05 01:26:37,node,worker-1,564,1498,,28.2,39.0
2026-06-05 01:26:37,node,worker-2,1357,1343,,67.8,35.0
2026-06-05 01:26:37,node,worker-3,624,859,,31.2,22.4
2026-06-05 01:26:37,node,worker-4,1599,2010,,80.0,52.4
2026-06-05 01:26:44,deployment,adservice,40,108,1,,
2026-06-05 01:26:44,deployment,cartservice,196,164,3,,
2026-06-05 01:26:44,deployment,checkoutservice,27,21,1,,
2026-06-05 01:26:44,deployment,currencyservice,350,157,3,,
2026-06-05 01:26:44,deployment,emailservice,14,62,1,,
2026-06-05 01:26:44,deployment,frontend,542,60,4,,
2026-06-05 01:26:44,deployment,paymentservice,9,73,1,,
2026-06-05 01:26:44,deployment,productcatalogservice,318,50,4,,
2026-06-05 01:26:44,deployment,recommendationservice,212,104,2,,
2026-06-05 01:26:44,deployment,redis-cart,14,35,1,,
2026-06-05 01:26:44,deployment,shippingservice,31,24,1,,
2026-06-05 01:26:44,node,master,926,1822,,46.3,47.5
2026-06-05 01:26:44,node,worker-1,564,1498,,28.2,39.0
2026-06-05 01:26:44,node,worker-2,1357,1343,,67.8,35.0
2026-06-05 01:26:44,node,worker-3,624,859,,31.2,22.4
2026-06-05 01:26:44,node,worker-4,1599,2010,,80.0,52.4
2026-06-05 01:26:51,deployment,adservice,38,108,1,,
2026-06-05 01:26:51,deployment,cartservice,221,162,3,,
2026-06-05 01:26:51,deployment,checkoutservice,27,21,1,,
2026-06-05 01:26:51,deployment,currencyservice,357,155,3,,
2026-06-05 01:26:51,deployment,emailservice,14,61,1,,
2026-06-05 01:26:51,deployment,frontend,556,59,4,,
2026-06-05 01:26:51,deployment,paymentservice,10,74,1,,
2026-06-05 01:26:51,deployment,productcatalogservice,322,53,4,,
2026-06-05 01:26:51,deployment,recommendationservice,212,104,2,,
2026-06-05 01:26:51,deployment,redis-cart,16,35,1,,
2026-06-05 01:26:51,deployment,shippingservice,28,24,1,,
2026-06-05 01:26:51,node,master,968,1819,,48.4,47.4
2026-06-05 01:26:51,node,worker-1,509,1499,,25.4,39.0
2026-06-05 01:26:51,node,worker-2,1303,1338,,65.1,34.9
2026-06-05 01:26:51,node,worker-3,578,860,,28.9,22.4
2026-06-05 01:26:51,node,worker-4,1621,2051,,81.0,53.4
2026-06-05 01:26:59,deployment,adservice,38,108,1,,
2026-06-05 01:26:59,deployment,cartservice,221,162,3,,
2026-06-05 01:26:59,deployment,checkoutservice,27,21,1,,
2026-06-05 01:26:59,deployment,currencyservice,357,155,3,,
2026-06-05 01:26:59,deployment,emailservice,14,61,1,,
2026-06-05 01:26:59,deployment,frontend,556,59,4,,
2026-06-05 01:26:59,deployment,paymentservice,10,74,1,,
2026-06-05 01:26:59,deployment,productcatalogservice,322,53,4,,
2026-06-05 01:26:59,deployment,recommendationservice,212,104,2,,
2026-06-05 01:26:59,deployment,redis-cart,16,35,1,,
2026-06-05 01:26:59,deployment,shippingservice,28,24,1,,
2026-06-05 01:26:59,node,master,968,1819,,48.4,47.4
2026-06-05 01:26:59,node,worker-1,509,1499,,25.4,39.0
2026-06-05 01:26:59,node,worker-2,1303,1338,,65.1,34.9
2026-06-05 01:26:59,node,worker-3,578,860,,28.9,22.4
2026-06-05 01:26:59,node,worker-4,1621,2051,,81.0,53.4
2026-06-05 01:27:09,deployment,adservice,38,108,1,,
2026-06-05 01:27:09,deployment,cartservice,220,162,3,,
2026-06-05 01:27:09,deployment,checkoutservice,25,21,1,,
2026-06-05 01:27:09,deployment,currencyservice,351,156,3,,
2026-06-05 01:27:09,deployment,emailservice,13,60,1,,
2026-06-05 01:27:09,deployment,frontend,548,61,4,,
2026-06-05 01:27:09,deployment,paymentservice,9,74,1,,
2026-06-05 01:27:09,deployment,productcatalogservice,321,50,4,,
2026-06-05 01:27:09,deployment,recommendationservice,215,103,2,,
2026-06-05 01:27:09,deployment,redis-cart,16,35,1,,
2026-06-05 01:27:09,deployment,shippingservice,29,24,1,,
2026-06-05 01:27:09,node,master,951,1820,,47.5,47.4
2026-06-05 01:27:09,node,worker-1,587,1494,,29.3,38.9
2026-06-05 01:27:09,node,worker-2,1247,1340,,62.4,34.9
2026-06-05 01:27:09,node,worker-3,605,858,,30.2,22.3
2026-06-05 01:27:09,node,worker-4,1661,1981,,83.0,51.6
2026-06-05 01:27:18,deployment,adservice,38,108,1,,
2026-06-05 01:27:18,deployment,cartservice,220,162,3,,
2026-06-05 01:27:18,deployment,checkoutservice,25,21,1,,
2026-06-05 01:27:18,deployment,currencyservice,351,156,3,,
2026-06-05 01:27:18,deployment,emailservice,13,60,1,,
2026-06-05 01:27:18,deployment,frontend,548,61,4,,
2026-06-05 01:27:18,deployment,paymentservice,9,74,1,,
2026-06-05 01:27:18,deployment,productcatalogservice,321,50,4,,
2026-06-05 01:27:18,deployment,recommendationservice,215,103,2,,
2026-06-05 01:27:18,deployment,redis-cart,16,35,1,,
2026-06-05 01:27:18,deployment,shippingservice,32,24,1,,
2026-06-05 01:27:18,node,master,945,1819,,47.2,47.4
2026-06-05 01:27:18,node,worker-1,582,1495,,29.1,38.9
2026-06-05 01:27:18,node,worker-2,1324,1340,,66.2,34.9
2026-06-05 01:27:18,node,worker-3,616,858,,30.8,22.3
2026-06-05 01:27:18,node,worker-4,1566,2029,,78.3,52.9
2026-06-05 01:27:27,deployment,adservice,38,108,1,,
2026-06-05 01:27:27,deployment,cartservice,216,162,3,,
2026-06-05 01:27:27,deployment,checkoutservice,28,21,1,,
2026-06-05 01:27:27,deployment,currencyservice,354,156,3,,
2026-06-05 01:27:27,deployment,emailservice,14,60,1,,
2026-06-05 01:27:27,deployment,frontend,551,62,4,,
2026-06-05 01:27:27,deployment,paymentservice,9,74,1,,
2026-06-05 01:27:27,deployment,productcatalogservice,321,50,4,,
2026-06-05 01:27:27,deployment,recommendationservice,223,103,2,,
2026-06-05 01:27:27,deployment,redis-cart,16,35,1,,
2026-06-05 01:27:27,deployment,shippingservice,32,24,1,,
2026-06-05 01:27:27,node,master,945,1819,,47.2,47.4
2026-06-05 01:27:27,node,worker-1,582,1495,,29.1,38.9
2026-06-05 01:27:27,node,worker-2,1324,1340,,66.2,34.9
2026-06-05 01:27:27,node,worker-3,616,858,,30.8,22.3
2026-06-05 01:27:27,node,worker-4,1566,2029,,78.3,52.9
2026-06-05 01:27:35,deployment,adservice,43,108,1,,
2026-06-05 01:27:35,deployment,cartservice,215,162,3,,
2026-06-05 01:27:35,deployment,checkoutservice,28,21,1,,
2026-06-05 01:27:35,deployment,currencyservice,390,166,3,,
2026-06-05 01:27:35,deployment,emailservice,14,60,1,,
2026-06-05 01:27:35,deployment,frontend,577,60,4,,
2026-06-05 01:27:35,deployment,paymentservice,13,74,1,,
2026-06-05 01:27:35,deployment,productcatalogservice,337,50,4,,
2026-06-05 01:27:35,deployment,recommendationservice,234,103,2,,
2026-06-05 01:27:35,deployment,redis-cart,16,35,1,,
2026-06-05 01:27:35,deployment,shippingservice,30,24,1,,
2026-06-05 01:27:35,node,master,1042,1833,,52.1,47.7
2026-06-05 01:27:35,node,worker-1,629,1492,,31.4,38.9
2026-06-05 01:27:35,node,worker-2,1350,1341,,67.5,34.9
2026-06-05 01:27:35,node,worker-3,640,859,,32.0,22.4
2026-06-05 01:27:35,node,worker-4,1726,2016,,86.3,52.5
2026-06-05 01:27:42,deployment,adservice,43,108,1,,
2026-06-05 01:27:42,deployment,cartservice,215,162,3,,
2026-06-05 01:27:42,deployment,checkoutservice,28,21,1,,
2026-06-05 01:27:42,deployment,currencyservice,390,166,3,,
2026-06-05 01:27:42,deployment,emailservice,14,60,1,,
2026-06-05 01:27:42,deployment,frontend,577,60,4,,
2026-06-05 01:27:42,deployment,paymentservice,13,74,1,,
2026-06-05 01:27:42,deployment,productcatalogservice,337,50,4,,
2026-06-05 01:27:42,deployment,recommendationservice,234,103,2,,
2026-06-05 01:27:42,deployment,redis-cart,16,35,1,,
2026-06-05 01:27:42,deployment,shippingservice,30,24,1,,
2026-06-05 01:27:42,node,master,1042,1833,,52.1,47.7
2026-06-05 01:27:42,node,worker-1,629,1492,,31.4,38.9
2026-06-05 01:27:42,node,worker-2,1350,1341,,67.5,34.9
2026-06-05 01:27:42,node,worker-3,640,859,,32.0,22.4
2026-06-05 01:27:42,node,worker-4,1726,2016,,86.3,52.5
2026-06-05 01:27:49,deployment,adservice,43,108,1,,
2026-06-05 01:27:49,deployment,cartservice,215,162,3,,
2026-06-05 01:27:49,deployment,checkoutservice,33,21,1,,
2026-06-05 01:27:49,deployment,currencyservice,384,168,3,,
2026-06-05 01:27:49,deployment,emailservice,17,60,1,,
2026-06-05 01:27:49,deployment,frontend,597,61,4,,
2026-06-05 01:27:49,deployment,paymentservice,10,74,1,,
2026-06-05 01:27:49,deployment,productcatalogservice,354,50,4,,
2026-06-05 01:27:49,deployment,recommendationservice,244,103,2,,
2026-06-05 01:27:49,deployment,redis-cart,18,35,1,,
2026-06-05 01:27:49,deployment,shippingservice,36,24,1,,
2026-06-05 01:27:49,node,master,1041,1831,,52.0,47.7
2026-06-05 01:27:49,node,worker-1,612,1493,,30.6,38.9
2026-06-05 01:27:49,node,worker-2,1408,1341,,70.4,34.9
2026-06-05 01:27:49,node,worker-3,648,860,,32.4,22.4
2026-06-05 01:27:49,node,worker-4,1763,2061,,88.1,53.7
2026-06-05 01:27:58,deployment,adservice,44,108,1,,
2026-06-05 01:27:58,deployment,cartservice,216,163,3,,
2026-06-05 01:27:58,deployment,checkoutservice,33,21,1,,
2026-06-05 01:27:58,deployment,currencyservice,384,168,3,,
2026-06-05 01:27:58,deployment,emailservice,17,60,1,,
2026-06-05 01:27:58,deployment,frontend,597,61,4,,
2026-06-05 01:27:58,deployment,paymentservice,10,74,1,,
2026-06-05 01:27:58,deployment,productcatalogservice,354,50,4,,
2026-06-05 01:27:58,deployment,recommendationservice,244,103,2,,
2026-06-05 01:27:58,deployment,redis-cart,18,35,1,,
2026-06-05 01:27:58,deployment,shippingservice,36,24,1,,
2026-06-05 01:27:58,node,master,1041,1831,,52.0,47.7
2026-06-05 01:27:58,node,worker-1,612,1493,,30.6,38.9
2026-06-05 01:27:58,node,worker-2,1408,1341,,70.4,34.9
2026-06-05 01:27:58,node,worker-3,648,860,,32.4,22.4
2026-06-05 01:27:58,node,worker-4,1763,2061,,88.1,53.7
2026-06-05 01:28:05,deployment,adservice,41,108,1,,
2026-06-05 01:28:05,deployment,cartservice,208,162,3,,
2026-06-05 01:28:05,deployment,checkoutservice,33,21,1,,
2026-06-05 01:28:05,deployment,currencyservice,381,169,3,,
2026-06-05 01:28:05,deployment,emailservice,14,60,1,,
2026-06-05 01:28:05,deployment,frontend,595,62,4,,
2026-06-05 01:28:05,deployment,paymentservice,12,74,1,,
2026-06-05 01:28:05,deployment,productcatalogservice,348,50,4,,
2026-06-05 01:28:05,deployment,recommendationservice,241,103,2,,
2026-06-05 01:28:05,deployment,redis-cart,35,36,1,,
2026-06-05 01:28:05,deployment,shippingservice,32,24,1,,
2026-06-05 01:28:05,node,master,1015,1835,,50.7,47.8
2026-06-05 01:28:05,node,worker-1,593,1500,,29.6,39.1
2026-06-05 01:28:05,node,worker-2,1404,1342,,70.2,35.0
2026-06-05 01:28:05,node,worker-3,638,859,,31.9,22.4
2026-06-05 01:28:05,node,worker-4,1735,2025,,86.8,52.7
2026-06-05 01:28:12,deployment,adservice,41,108,1,,
2026-06-05 01:28:12,deployment,cartservice,208,162,3,,
2026-06-05 01:28:12,deployment,checkoutservice,33,21,1,,
2026-06-05 01:28:12,deployment,currencyservice,381,169,3,,
2026-06-05 01:28:12,deployment,emailservice,14,60,1,,
2026-06-05 01:28:12,deployment,frontend,595,62,4,,
2026-06-05 01:28:12,deployment,paymentservice,12,74,1,,
2026-06-05 01:28:12,deployment,productcatalogservice,348,50,4,,
2026-06-05 01:28:12,deployment,recommendationservice,241,103,2,,
2026-06-05 01:28:12,deployment,redis-cart,35,36,1,,
2026-06-05 01:28:12,deployment,shippingservice,32,24,1,,
2026-06-05 01:28:12,node,master,1015,1835,,50.7,47.8
2026-06-05 01:28:12,node,worker-1,593,1500,,29.6,39.1
2026-06-05 01:28:12,node,worker-2,1404,1342,,70.2,35.0
2026-06-05 01:28:12,node,worker-3,638,859,,31.9,22.4
2026-06-05 01:28:12,node,worker-4,1735,2025,,86.8,52.7
2026-06-05 01:28:20,deployment,adservice,42,108,1,,
2026-06-05 01:28:20,deployment,cartservice,196,162,3,,
2026-06-05 01:28:20,deployment,checkoutservice,29,20,1,,
2026-06-05 01:28:20,deployment,currencyservice,375,167,3,,
2026-06-05 01:28:20,deployment,emailservice,15,60,1,,
2026-06-05 01:28:20,deployment,frontend,567,62,4,,
2026-06-05 01:28:20,deployment,paymentservice,10,74,1,,
2026-06-05 01:28:20,deployment,productcatalogservice,342,50,4,,
2026-06-05 01:28:20,deployment,recommendationservice,237,103,2,,
2026-06-05 01:28:20,deployment,redis-cart,16,35,1,,
2026-06-05 01:28:20,deployment,shippingservice,33,24,1,,
2026-06-05 01:28:20,node,master,998,1830,,49.9,47.7
2026-06-05 01:28:20,node,worker-1,602,1500,,30.1,39.1
2026-06-05 01:28:20,node,worker-2,1326,1338,,66.3,34.9
2026-06-05 01:28:20,node,worker-3,585,860,,29.2,22.4
2026-06-05 01:28:20,node,worker-4,1642,2073,,82.1,54.0
2026-06-05 01:28:27,deployment,adservice,42,108,1,,
2026-06-05 01:28:27,deployment,cartservice,196,162,3,,
2026-06-05 01:28:27,deployment,checkoutservice,29,20,1,,
2026-06-05 01:28:27,deployment,currencyservice,375,167,3,,
2026-06-05 01:28:27,deployment,emailservice,15,60,1,,
2026-06-05 01:28:27,deployment,frontend,567,62,4,,
2026-06-05 01:28:27,deployment,paymentservice,10,74,1,,
2026-06-05 01:28:27,deployment,productcatalogservice,342,50,4,,
2026-06-05 01:28:27,deployment,recommendationservice,237,103,2,,
2026-06-05 01:28:27,deployment,redis-cart,16,35,1,,
2026-06-05 01:28:27,deployment,shippingservice,33,24,1,,
2026-06-05 01:28:27,node,master,998,1830,,49.9,47.7
2026-06-05 01:28:27,node,worker-1,602,1500,,30.1,39.1
2026-06-05 01:28:27,node,worker-2,1326,1338,,66.3,34.9
2026-06-05 01:28:27,node,worker-3,585,860,,29.2,22.4
2026-06-05 01:28:27,node,worker-4,1642,2073,,82.1,54.0
2026-06-05 01:28:35,deployment,adservice,42,108,1,,
2026-06-05 01:28:35,deployment,cartservice,248,163,3,,
2026-06-05 01:28:35,deployment,checkoutservice,30,20,1,,
2026-06-05 01:28:35,deployment,currencyservice,375,168,3,,
2026-06-05 01:28:35,deployment,emailservice,15,60,1,,
2026-06-05 01:28:35,deployment,frontend,579,60,4,,
2026-06-05 01:28:35,deployment,paymentservice,10,74,1,,
2026-06-05 01:28:35,deployment,productcatalogservice,346,50,4,,
2026-06-05 01:28:35,deployment,recommendationservice,234,103,2,,
2026-06-05 01:28:35,deployment,redis-cart,18,35,1,,
2026-06-05 01:28:35,deployment,shippingservice,31,24,1,,
2026-06-05 01:28:35,node,master,1067,1834,,53.3,47.8
2026-06-05 01:28:35,node,worker-1,626,1509,,31.3,39.3
2026-06-05 01:28:35,node,worker-2,1364,1335,,68.2,34.8
2026-06-05 01:28:35,node,worker-3,638,859,,31.9,22.4
2026-06-05 01:28:35,node,worker-4,1737,2024,,86.9,52.7
2026-06-05 01:28:43,deployment,adservice,42,108,1,,
2026-06-05 01:28:43,deployment,cartservice,248,163,3,,
2026-06-05 01:28:43,deployment,checkoutservice,30,20,1,,
2026-06-05 01:28:43,deployment,currencyservice,375,168,3,,
2026-06-05 01:28:43,deployment,emailservice,15,60,1,,
2026-06-05 01:28:43,deployment,frontend,579,60,4,,
2026-06-05 01:28:43,deployment,paymentservice,10,74,1,,
2026-06-05 01:28:43,deployment,productcatalogservice,346,50,4,,
2026-06-05 01:28:43,deployment,recommendationservice,234,103,2,,
2026-06-05 01:28:43,deployment,redis-cart,18,35,1,,
2026-06-05 01:28:43,deployment,shippingservice,31,24,1,,
2026-06-05 01:28:43,node,master,1067,1834,,53.3,47.8
2026-06-05 01:28:43,node,worker-1,626,1509,,31.3,39.3
2026-06-05 01:28:43,node,worker-2,1364,1335,,68.2,34.8
2026-06-05 01:28:43,node,worker-3,638,859,,31.9,22.4
2026-06-05 01:28:43,node,worker-4,1737,2024,,86.9,52.7
2026-06-05 01:28:51,deployment,adservice,41,108,1,,
2026-06-05 01:28:51,deployment,cartservice,233,163,3,,
2026-06-05 01:28:51,deployment,checkoutservice,27,20,1,,
2026-06-05 01:28:51,deployment,currencyservice,379,181,3,,
2026-06-05 01:28:51,deployment,emailservice,15,60,1,,
2026-06-05 01:28:51,deployment,frontend,562,62,4,,
2026-06-05 01:28:51,deployment,paymentservice,11,74,1,,
2026-06-05 01:28:51,deployment,productcatalogservice,345,50,4,,
2026-06-05 01:28:51,deployment,recommendationservice,231,103,2,,
2026-06-05 01:28:51,deployment,redis-cart,17,35,1,,
2026-06-05 01:28:51,deployment,shippingservice,33,24,1,,
2026-06-05 01:28:51,node,master,955,1835,,47.8,47.8
2026-06-05 01:28:51,node,worker-1,594,1511,,29.7,39.4
2026-06-05 01:28:51,node,worker-2,1381,1335,,69.0,34.8
2026-06-05 01:28:51,node,worker-3,626,860,,31.3,22.4
2026-06-05 01:28:51,node,worker-4,1747,2056,,87.4,53.6
2026-06-05 01:28:59,deployment,adservice,41,108,1,,
2026-06-05 01:28:59,deployment,cartservice,233,163,4,,
2026-06-05 01:28:59,deployment,checkoutservice,27,20,1,,
2026-06-05 01:28:59,deployment,currencyservice,379,181,3,,
2026-06-05 01:28:59,deployment,emailservice,15,60,1,,
2026-06-05 01:28:59,deployment,frontend,562,62,4,,
2026-06-05 01:28:59,deployment,paymentservice,11,74,1,,
2026-06-05 01:28:59,deployment,productcatalogservice,345,50,4,,
2026-06-05 01:28:59,deployment,recommendationservice,231,103,2,,
2026-06-05 01:28:59,deployment,redis-cart,17,35,1,,
2026-06-05 01:28:59,deployment,shippingservice,33,24,1,,
2026-06-05 01:28:59,node,master,955,1835,,47.8,47.8
2026-06-05 01:28:59,node,worker-1,594,1511,,29.7,39.4
2026-06-05 01:28:59,node,worker-2,1381,1335,,69.0,34.8
2026-06-05 01:28:59,node,worker-3,626,860,,31.3,22.4
2026-06-05 01:28:59,node,worker-4,1747,2056,,87.4,53.6
2026-06-05 01:29:09,deployment,adservice,40,108,1,,
2026-06-05 01:29:09,deployment,cartservice,292,176,4,,
2026-06-05 01:29:09,deployment,checkoutservice,32,21,1,,
2026-06-05 01:29:09,deployment,currencyservice,375,185,3,,
2026-06-05 01:29:09,deployment,emailservice,15,60,1,,
2026-06-05 01:29:09,deployment,frontend,587,61,4,,
2026-06-05 01:29:09,deployment,paymentservice,10,74,1,,
2026-06-05 01:29:09,deployment,productcatalogservice,335,50,4,,
2026-06-05 01:29:09,deployment,recommendationservice,235,103,2,,
2026-06-05 01:29:09,deployment,redis-cart,17,35,1,,
2026-06-05 01:29:09,deployment,shippingservice,33,24,1,,
2026-06-05 01:29:09,node,master,1150,1856,,57.5,48.3
2026-06-05 01:29:09,node,worker-1,604,1510,,30.2,39.3
2026-06-05 01:29:09,node,worker-2,1400,1341,,70.0,34.9
2026-06-05 01:29:09,node,worker-3,678,869,,33.9,22.6
2026-06-05 01:29:09,node,worker-4,1658,2125,,82.9,55.4
2026-06-05 01:29:16,deployment,adservice,40,108,1,,
2026-06-05 01:29:16,deployment,cartservice,292,176,4,,
2026-06-05 01:29:16,deployment,checkoutservice,32,21,1,,
2026-06-05 01:29:16,deployment,currencyservice,375,185,3,,
2026-06-05 01:29:16,deployment,emailservice,15,60,1,,
2026-06-05 01:29:16,deployment,frontend,587,61,4,,
2026-06-05 01:29:16,deployment,paymentservice,10,74,1,,
2026-06-05 01:29:16,deployment,productcatalogservice,335,50,4,,
2026-06-05 01:29:16,deployment,recommendationservice,235,103,2,,
2026-06-05 01:29:16,deployment,redis-cart,17,35,1,,
2026-06-05 01:29:16,deployment,shippingservice,33,24,1,,
2026-06-05 01:29:16,node,master,1150,1856,,57.5,48.3
2026-06-05 01:29:16,node,worker-1,604,1510,,30.2,39.3
2026-06-05 01:29:16,node,worker-2,1400,1341,,70.0,34.9
2026-06-05 01:29:16,node,worker-3,678,869,,33.9,22.6
2026-06-05 01:29:16,node,worker-4,1658,2125,,82.9,55.4
2026-06-05 01:29:22,deployment,adservice,40,108,1,,
2026-06-05 01:29:22,deployment,cartservice,206,176,4,,
2026-06-05 01:29:22,deployment,checkoutservice,28,21,1,,
2026-06-05 01:29:22,deployment,currencyservice,372,183,3,,
2026-06-05 01:29:22,deployment,emailservice,14,60,1,,
2026-06-05 01:29:22,deployment,frontend,550,61,4,,
2026-06-05 01:29:22,deployment,paymentservice,11,74,1,,
2026-06-05 01:29:22,deployment,productcatalogservice,324,50,4,,
2026-06-05 01:29:22,deployment,recommendationservice,227,103,2,,
2026-06-05 01:29:22,deployment,redis-cart,16,35,1,,
2026-06-05 01:29:22,deployment,shippingservice,30,24,1,,
2026-06-05 01:29:22,node,master,1048,1864,,52.4,48.6
2026-06-05 01:29:22,node,worker-1,536,1511,,26.8,39.4
2026-06-05 01:29:22,node,worker-2,1393,1342,,69.7,35.0
2026-06-05 01:29:22,node,worker-3,602,869,,30.1,22.6
2026-06-05 01:29:22,node,worker-4,1639,2119,,82.0,55.2
2026-06-05 01:29:30,deployment,adservice,40,108,1,,
2026-06-05 01:29:30,deployment,cartservice,206,176,4,,
2026-06-05 01:29:30,deployment,checkoutservice,28,21,1,,
2026-06-05 01:29:30,deployment,currencyservice,372,183,3,,
2026-06-05 01:29:30,deployment,emailservice,14,60,1,,
2026-06-05 01:29:30,deployment,frontend,550,61,4,,
2026-06-05 01:29:30,deployment,paymentservice,11,74,1,,
2026-06-05 01:29:30,deployment,productcatalogservice,324,50,4,,
2026-06-05 01:29:30,deployment,recommendationservice,227,103,2,,
2026-06-05 01:29:30,deployment,redis-cart,16,35,1,,
2026-06-05 01:29:30,deployment,shippingservice,30,24,1,,
2026-06-05 01:29:30,node,master,1048,1864,,52.4,48.6
2026-06-05 01:29:30,node,worker-1,536,1511,,26.8,39.4
2026-06-05 01:29:30,node,worker-2,1393,1342,,69.7,35.0
2026-06-05 01:29:30,node,worker-3,602,869,,30.1,22.6
2026-06-05 01:29:30,node,worker-4,1639,2119,,82.0,55.2
2026-06-05 01:29:36,deployment,adservice,33,108,1,,
2026-06-05 01:29:36,deployment,cartservice,298,186,4,,
2026-06-05 01:29:36,deployment,checkoutservice,23,21,1,,
2026-06-05 01:29:36,deployment,currencyservice,317,183,3,,
2026-06-05 01:29:36,deployment,emailservice,13,60,1,,
2026-06-05 01:29:36,deployment,frontend,532,60,4,,
2026-06-05 01:29:36,deployment,paymentservice,8,74,1,,
2026-06-05 01:29:36,deployment,productcatalogservice,290,50,4,,
2026-06-05 01:29:36,deployment,recommendationservice,210,103,2,,
2026-06-05 01:29:36,deployment,redis-cart,14,35,1,,
2026-06-05 01:29:36,deployment,shippingservice,26,24,1,,
2026-06-05 01:29:36,node,master,943,1872,,47.1,48.8
2026-06-05 01:29:36,node,worker-1,569,1507,,28.4,39.3
2026-06-05 01:29:36,node,worker-2,1203,1346,,60.2,35.1
2026-06-05 01:29:36,node,worker-3,548,869,,27.4,22.6
2026-06-05 01:29:36,node,worker-4,1494,2007,,74.7,52.3
2026-06-05 01:29:44,deployment,adservice,33,108,1,,
2026-06-05 01:29:44,deployment,cartservice,298,186,4,,
2026-06-05 01:29:44,deployment,checkoutservice,23,21,1,,
2026-06-05 01:29:44,deployment,currencyservice,317,183,3,,
2026-06-05 01:29:44,deployment,emailservice,13,60,1,,
2026-06-05 01:29:44,deployment,frontend,532,60,4,,
2026-06-05 01:29:44,deployment,paymentservice,8,74,1,,
2026-06-05 01:29:44,deployment,productcatalogservice,290,50,4,,
2026-06-05 01:29:44,deployment,recommendationservice,210,103,2,,
2026-06-05 01:29:44,deployment,redis-cart,14,35,1,,
2026-06-05 01:29:44,deployment,shippingservice,26,24,1,,
2026-06-05 01:29:44,node,master,943,1872,,47.1,48.8
2026-06-05 01:29:44,node,worker-1,569,1507,,28.4,39.3
2026-06-05 01:29:44,node,worker-2,1203,1346,,60.2,35.1
2026-06-05 01:29:44,node,worker-3,548,869,,27.4,22.6
2026-06-05 01:29:44,node,worker-4,1494,2007,,74.7,52.3
2026-06-05 01:29:51,deployment,adservice,33,108,1,,
2026-06-05 01:29:51,deployment,cartservice,277,193,4,,
2026-06-05 01:29:51,deployment,checkoutservice,23,21,1,,
2026-06-05 01:29:51,deployment,currencyservice,294,183,3,,
2026-06-05 01:29:51,deployment,emailservice,12,60,1,,
2026-06-05 01:29:51,deployment,frontend,483,59,4,,
2026-06-05 01:29:51,deployment,paymentservice,9,75,1,,
2026-06-05 01:29:51,deployment,productcatalogservice,290,50,4,,
2026-06-05 01:29:51,deployment,recommendationservice,186,103,2,,
2026-06-05 01:29:51,deployment,redis-cart,15,35,1,,
2026-06-05 01:29:51,deployment,shippingservice,25,24,1,,
2026-06-05 01:29:51,node,master,973,1872,,48.6,48.8
2026-06-05 01:29:51,node,worker-1,575,1508,,28.7,39.3
2026-06-05 01:29:51,node,worker-2,1151,1346,,57.6,35.1
2026-06-05 01:29:51,node,worker-3,570,870,,28.5,22.7
2026-06-05 01:29:51,node,worker-4,1497,2017,,74.9,52.5
2026-06-05 01:30:00,deployment,adservice,33,108,1,,
2026-06-05 01:30:00,deployment,cartservice,277,193,4,,
2026-06-05 01:30:00,deployment,checkoutservice,23,21,1,,
2026-06-05 01:30:00,deployment,currencyservice,294,183,3,,
2026-06-05 01:30:00,deployment,emailservice,12,60,1,,
2026-06-05 01:30:00,deployment,frontend,483,59,4,,
2026-06-05 01:30:00,deployment,paymentservice,9,75,1,,
2026-06-05 01:30:00,deployment,productcatalogservice,290,50,4,,
2026-06-05 01:30:00,deployment,recommendationservice,186,103,2,,
2026-06-05 01:30:00,deployment,redis-cart,15,35,1,,
2026-06-05 01:30:00,deployment,shippingservice,25,24,1,,
2026-06-05 01:30:00,node,master,973,1872,,48.6,48.8
2026-06-05 01:30:00,node,worker-1,575,1508,,25.4,39.3
2026-06-05 01:30:00,node,worker-2,1191,1347,,59.6,35.1
2026-06-05 01:30:00,node,worker-3,583,869,,29.1,22.6
2026-06-05 01:30:00,node,worker-4,1410,2027,,70.5,52.8
2026-06-05 01:30:10,deployment,adservice,33,108,1,,
2026-06-05 01:30:10,deployment,cartservice,223,193,4,,
2026-06-05 01:30:10,deployment,checkoutservice,24,21,1,,
2026-06-05 01:30:10,deployment,currencyservice,301,186,3,,
2026-06-05 01:30:10,deployment,emailservice,14,60,1,,
2026-06-05 01:30:10,deployment,frontend,489,60,4,,
2026-06-05 01:30:10,deployment,paymentservice,7,74,1,,
2026-06-05 01:30:10,deployment,productcatalogservice,293,50,4,,
2026-06-05 01:30:10,deployment,recommendationservice,189,103,2,,
2026-06-05 01:30:10,deployment,redis-cart,14,35,1,,
2026-06-05 01:30:10,deployment,shippingservice,26,24,1,,
2026-06-05 01:30:10,node,master,936,1878,,46.8,48.9
2026-06-05 01:30:10,node,worker-1,507,1510,,25.4,39.3
2026-06-05 01:30:10,node,worker-2,1191,1347,,59.6,35.1
2026-06-05 01:30:10,node,worker-3,583,869,,29.1,22.6
2026-06-05 01:30:10,node,worker-4,1410,2027,,70.5,52.8
