[2025-12-01 19:19:48]
=== Monitoring microservice-level metrics (HTTP + gRPC) ===
Press Ctrl+C to stop.

[2025-12-01 19:19:48]
SERVICE              HTTP_RPM  HTTP_LAT   gRPC_RPM  gRPC_LAT   CPU(core) MEM(MiB) PODS
--------------------------------------------------------------------------------------
adservice            0.0       0.0        0.0       0.0        .01       245      2    
cartservice          0.0       0.0        0.0       0.0        .01       169      2    
checkoutservice      0.0       0.0        0.0       0.0        0         100      2    
currencyservice      0.0       0.0        0.0       0.0        .01       156      2    
emailservice         0.0       0.0        0.0       0.0        .01       148      2    
frontend             0.0       0.0        0.0       0.0        0         196      2    
kubernetes-dashboard 0.0       0.0        0.0       0.0        0         7        1    
paymentservice       0.0       0.0        0.0       0.0        .01       116      2    
productcatalogservice 0.0       0.0        0.0       0.0        .01       106      2    
recommendationservice 0.0       0.0        0.0       0.0        .01       171      2    
redis-cart           0.0       0.0        0.0       0.0        .01       79       2    
shippingservice      0.0       0.0        0.0       0.0        .01       98       2    

[2025-12-01 19:19:58]
SERVICE              HTTP_RPM  HTTP_LAT   gRPC_RPM  gRPC_LAT   CPU(core) MEM(MiB) PODS
--------------------------------------------------------------------------------------
adservice            0.0       0.0        0.9       0.0        .01       245      2    
cartservice          0.0       0.0        0.0       0.0        .01       169      2    
checkoutservice      0.0       0.0        0.0       0.0        0         100      2    
currencyservice      0.0       0.0        9.4       0.0        .01       156      2    
emailservice         0.0       0.0        0.0       0.0        .01       148      2    
frontend             3.8       271.6      0.0       0.0        0         196      2    
kubernetes-dashboard 0.0       0.0        0.0       0.0        0         7        1    
paymentservice       0.0       0.0        0.0       1.1        .01       116      2    
productcatalogservice 0.0       0.0        22.9      0.6        .01       106      2    
recommendationservice 0.0       0.0        1.5       7.4        .03       171      2    
redis-cart           0.0       0.0        0.0       0.0        .01       79       2    
shippingservice      0.0       0.0        1.0       0.9        .01       98       2    

[2025-12-01 19:20:10]
SERVICE              HTTP_RPM  HTTP_LAT   gRPC_RPM  gRPC_LAT   CPU(core) MEM(MiB) PODS
--------------------------------------------------------------------------------------
adservice            0.0       0.0        4.0       1.3        .01       245      2    
cartservice          0.0       0.0        7.2       5.6        .03       170      2    
checkoutservice      0.0       0.0        0.2       44.9       .01       100      2    
currencyservice      0.0       0.0        22.0      17.7       .05       157      2    
emailservice         0.0       0.0        0.2       1.1        .01       148      2    
frontend             6.4       166.8      0.0       0.0        .07       199      2    
kubernetes-dashboard 0.0       0.0        0.0       0.0        0         7        1    
paymentservice       0.0       0.0        0.3       2.7        .01       117      2    
productcatalogservice 0.0       0.0        22.9      0.6        .03       106      2    
recommendationservice 0.0       0.0        6.0       10.1       .03       171      2    
redis-cart           0.0       0.0        0.0       0.0        .01       79       2    
shippingservice      0.0       0.0        2.4       0.8        .01       98       2    

[2025-12-01 19:20:20]
SERVICE              HTTP_RPM  HTTP_LAT   gRPC_RPM  gRPC_LAT   CPU(core) MEM(MiB) PODS
--------------------------------------------------------------------------------------
adservice            0.0       0.0        5.7       1.3        .02       249      2    
cartservice          0.0       0.0        7.2       5.6        .05       170      2    
checkoutservice      0.0       0.0        0.4       46.2       .01       99       2    
currencyservice      0.0       0.0        35.0      11.5       .07       158      2    
emailservice         0.0       0.0        0.3       1.8        .01       148      2    
frontend             9.0       145.3      0.0       0.0        .13       202      2    
kubernetes-dashboard 0.0       0.0        0.0       0.0        0         7        1    
paymentservice       0.0       0.0        0.3       2.7        .01       117      2    
productcatalogservice 0.0       0.0        53.9      0.7        .09       105      2    
recommendationservice 0.0       0.0        6.0       10.1       .05       171      2    
redis-cart           0.0       0.0        0.0       0.0        .01       79       2    
shippingservice      0.0       0.0        2.4       0.8        .01       98       2    

[2025-12-01 19:20:30]
SERVICE              HTTP_RPM  HTTP_LAT   gRPC_RPM  gRPC_LAT   CPU(core) MEM(MiB) PODS
--------------------------------------------------------------------------------------
adservice            0.0       0.0        7.8       1.2        .02       249      2    
cartservice          0.0       0.0        12.8      4.7        .05       170      2    
checkoutservice      0.0       0.0        0.4       44.4       .01       99       2    
currencyservice      0.0       0.0        41.8      9.9        .07       158      2    
emailservice         0.0       0.0        0.5       2.1        .01       148      2    
frontend             14.8      104.5      0.0       0.0        .13       202      2    
kubernetes-dashboard 0.0       0.0        0.0       0.0        0         7        1    
paymentservice       0.0       0.0        0.5       2.4        .01       117      2    
productcatalogservice 0.0       0.0        85.8      0.6        .10       106      2    
recommendationservice 0.0       0.0        10.3      8.3        .05       172      2    
redis-cart           0.0       0.0        0.0       0.0        .02       84       2    
shippingservice      0.0       0.0        4.2       0.7        .01       97       2    

[2025-12-01 19:20:40]
SERVICE              HTTP_RPM  HTTP_LAT   gRPC_RPM  gRPC_LAT   CPU(core) MEM(MiB) PODS
--------------------------------------------------------------------------------------
adservice            0.0       0.0        9.9       1.5        .02       249      2    
cartservice          0.0       0.0        18.3      4.3        .05       170      2    
checkoutservice      0.0       0.0        0.6       42.9       .01       99       2    
currencyservice      0.0       0.0        49.3      8.5        .07       165      2    
emailservice         0.0       0.0        0.6       2.1        .01       154      2    
frontend             16.3      93.3       0.0       0.0        .17       202      2    
kubernetes-dashboard 0.0       0.0        0.0       0.0        0         7        1    
paymentservice       0.0       0.0        0.7       2.5        .01       117      2    
productcatalogservice 0.0       0.0        85.8      0.6        .10       106      2    
recommendationservice 0.0       0.0        12.9      7.6        .05       172      2    
redis-cart           0.0       0.0        0.0       0.0        .02       84       2    
shippingservice      0.0       0.0        4.9       0.6        .01       97       2    

[2025-12-01 19:20:50]
SERVICE              HTTP_RPM  HTTP_LAT   gRPC_RPM  gRPC_LAT   CPU(core) MEM(MiB) PODS
--------------------------------------------------------------------------------------
adservice            0.0       0.0        10.1      1.4        .02       246      2    
cartservice          0.0       0.0        18.3      4.3        .05       170      2    
checkoutservice      0.0       0.0        0.6       40.1       .01       98       2    
currencyservice      0.0       0.0        41.2      4.3        .07       165      2    
emailservice         0.0       0.0        0.6       2.3        .01       154      2    
frontend             16.5      70.9       0.0       0.0        .16       202      2    
kubernetes-dashboard 0.0       0.0        0.0       0.0        0         7        1    
paymentservice       0.0       0.0        0.7       2.5        .01       117      2    
productcatalogservice 0.0       0.0        94.2      0.5        .10       106      2    
recommendationservice 0.0       0.0        12.9      7.0        .05       171      2    
redis-cart           0.0       0.0        0.0       0.0        .01       84       2    
shippingservice      0.0       0.0        5.2       0.5        .01       97       2    

[2025-12-01 19:21:01]
SERVICE              HTTP_RPM  HTTP_LAT   gRPC_RPM  gRPC_LAT   CPU(core) MEM(MiB) PODS
--------------------------------------------------------------------------------------
adservice            0.0       0.0        10.2      1.4        .02       246      2    
cartservice          0.0       0.0        17.2      3.3        .05       170      2    
checkoutservice      0.0       0.0        0.7       39.3       .01       98       2    
currencyservice      0.0       0.0        52.1      1.4        .07       165      2    
emailservice         0.0       0.0        0.8       2.0        .01       154      2    
frontend             18.8      64.7       0.0       0.0        .18       203      2    
kubernetes-dashboard 0.0       0.0        0.0       0.0        0         7        1    
paymentservice       0.0       0.0        0.8       1.7        .01       117      2    
productcatalogservice 0.0       0.0        111.2     0.4        .11       106      2    
recommendationservice 0.0       0.0        13.3      6.1        .06       171      2    
redis-cart           0.0       0.0        0.0       0.0        .01       84       2    
shippingservice      0.0       0.0        5.9       0.5        .02       97       2    

[2025-12-01 19:21:12]
SERVICE              HTTP_RPM  HTTP_LAT   gRPC_RPM  gRPC_LAT   CPU(core) MEM(MiB) PODS
--------------------------------------------------------------------------------------
adservice            0.0       0.0        13.9      2.5        .03       246      2    
cartservice          0.0       0.0        24.8      14.1       .06       170      2    
checkoutservice      0.0       0.0        0.8       41.8       .02       98       2    
currencyservice      0.0       0.0        72.1      6.9        .11       175      2    
emailservice         0.0       0.0        1.0       1.9        .01       154      2    
frontend             23.0      103.5      0.0       0.0        .18       203      2    
kubernetes-dashboard 0.0       0.0        0.0       0.0        0         7        1    
paymentservice       0.0       0.0        1.0       5.0        .01       117      2    
productcatalogservice 0.0       0.0        127.2     0.8        .11       106      2    
recommendationservice 0.0       0.0        17.6      11.2       .06       171      2    
redis-cart           0.0       0.0        0.0       0.0        .01       84       2    
shippingservice      0.0       0.0        7.3       1.3        .02       97       2    

[2025-12-01 19:21:23]
SERVICE              HTTP_RPM  HTTP_LAT   gRPC_RPM  gRPC_LAT   CPU(core) MEM(MiB) PODS
--------------------------------------------------------------------------------------
adservice            0.0       0.0        16.0      2.2        .04       246      2    
cartservice          0.0       0.0        30.7      11.4       .07       170      2    
checkoutservice      0.0       0.0        1.0       51.1       .02       98       2    
currencyservice      0.0       0.0        79.3      6.4        .14       177      2    
emailservice         0.0       0.0        1.2       1.7        .01       154      2    
frontend             28.7      117.7      0.0       0.0        .28       209      2    
kubernetes-dashboard 0.0       0.0        0.0       0.0        0         7        1    
paymentservice       0.0       0.0        1.0       5.0        .01       117      2    
productcatalogservice 0.0       0.0        138.0     2.0        .18       105      2    
recommendationservice 0.0       0.0        20.5      10.5       .07       171      2    
redis-cart           0.0       0.0        0.0       0.0        .01       84       2    
shippingservice      0.0       0.0        8.1       1.3        .02       97       2    

[2025-12-01 19:21:33]
SERVICE              HTTP_RPM  HTTP_LAT   gRPC_RPM  gRPC_LAT   CPU(core) MEM(MiB) PODS
--------------------------------------------------------------------------------------
adservice            0.0       0.0        17.8      2.1        .04       246      2    
cartservice          0.0       0.0        30.7      11.4       .07       170      2    
checkoutservice      0.0       0.0        1.4       49.1       .02       103      2    
currencyservice      0.0       0.0        87.1      5.9        .15       176      2    
emailservice         0.0       0.0        1.2       1.6        .01       154      2    
frontend             31.2      112.3      0.0       0.0        .31       209      2    
kubernetes-dashboard 0.0       0.0        0.0       0.0        0         7        1    
paymentservice       0.0       0.0        1.3       4.3        .01       123      2    
productcatalogservice 0.0       0.0        167.2     1.6        .19       106      2    
recommendationservice 0.0       0.0        22.3      10.2       .10       171      2    
redis-cart           0.0       0.0        0.0       0.0        .02       84       2    
shippingservice      0.0       0.0        9.2       1.2        .02       97       2    

[2025-12-01 19:21:43]
SERVICE              HTTP_RPM  HTTP_LAT   gRPC_RPM  gRPC_LAT   CPU(core) MEM(MiB) PODS
--------------------------------------------------------------------------------------
adservice            0.0       0.0        21.0      1.9        .03       246      2    
cartservice          0.0       0.0        36.3      10.0       .09       167      2    
checkoutservice      0.0       0.0        1.4       49.1       .02       103      2    
currencyservice      0.0       0.0        92.3      5.3        .15       176      2    
emailservice         0.0       0.0        1.4       1.5        .01       154      2    
frontend             34.8      106.4      0.0       0.0        .31       209      2    
kubernetes-dashboard 0.0       0.0        0.0       0.0        0         7        1    
paymentservice       0.0       0.0        1.5       3.8        .01       123      2    
productcatalogservice 0.0       0.0        181.3     1.4        .19       106      2    
recommendationservice 0.0       0.0        26.3      9.4        .10       171      2    
redis-cart           0.0       0.0        0.0       0.0        .02       84       2    
shippingservice      0.0       0.0        10.5      1.1        .02       97       2    

[2025-12-01 19:21:54]
SERVICE              HTTP_RPM  HTTP_LAT   gRPC_RPM  gRPC_LAT   CPU(core) MEM(MiB) PODS
--------------------------------------------------------------------------------------
adservice            0.0       0.0        20.6      1.9        .03       243      2    
cartservice          0.0       0.0        34.2      3.1        .08       167      2    
checkoutservice      0.0       0.0        1.5       46.4       .02       103      2    
currencyservice      0.0       0.0        88.0      3.2        .14       178      2    
emailservice         0.0       0.0        1.3       1.3        .01       154      2    
frontend             34.5      67.7       0.0       0.0        .32       209      2    
kubernetes-dashboard 0.0       0.0        0.0       0.0        0         7        1    
paymentservice       0.0       0.0        1.4       1.4        .01       123      2    
productcatalogservice 0.0       0.0        181.3     1.4        .19       106      2    
recommendationservice 0.0       0.0        28.0      5.7        .09       174      2    
redis-cart           0.0       0.0        0.0       0.0        .02       84       2    
shippingservice      0.0       0.0        11.6      0.5        .02       97       2    

[2025-12-01 19:22:04]
SERVICE              HTTP_RPM  HTTP_LAT   gRPC_RPM  gRPC_LAT   CPU(core) MEM(MiB) PODS
--------------------------------------------------------------------------------------
adservice            0.0       0.0        21.3      1.0        .04       243      2    
cartservice          0.0       0.0        34.2      3.1        .10       168      2    
checkoutservice      0.0       0.0        1.6       40.5       .02       103      2    
currencyservice      0.0       0.0        107.6     3.9        .17       174      2    
emailservice         0.0       0.0        1.5       1.3        .01       154      2    
frontend             36.8      58.2       0.0       0.0        .38       209      2    
kubernetes-dashboard 0.0       0.0        0.0       0.0        0         7        1    
paymentservice       0.0       0.0        1.6       1.5        .01       123      2    
productcatalogservice 0.0       0.0        208.3     0.2        .20       106      2    
recommendationservice 0.0       0.0        28.0      5.7        .12       174      2    
redis-cart           0.0       0.0        0.0       0.0        .02       84       2    
shippingservice      0.0       0.0        11.6      0.5        .02       97       2    

[2025-12-01 19:22:15]
SERVICE              HTTP_RPM  HTTP_LAT   gRPC_RPM  gRPC_LAT   CPU(core) MEM(MiB) PODS
--------------------------------------------------------------------------------------
adservice            0.0       0.0        23.6      1.2        .04       243      2    
cartservice          0.0       0.0        40.2      3.6        .10       168      2    
checkoutservice      0.0       0.0        1.6       40.5       .02       103      2    
currencyservice      0.0       0.0        110.5     6.0        .17       174      2    
emailservice         0.0       0.0        1.4       1.3        .01       154      2    
frontend             42.4      72.0       0.0       0.0        .38       209      2    
kubernetes-dashboard 0.0       0.0        0.0       0.0        0         7        1    
paymentservice       0.0       0.0        1.4       1.8        .01       123      2    
productcatalogservice 0.0       0.0        242.4     0.4        .28       106      2    
recommendationservice 0.0       0.0        31.8      6.7        .13       174      2    
redis-cart           0.0       0.0        0.0       0.0        .02       84       2    
shippingservice      0.0       0.0        12.8      0.5        .02       94       2    

[2025-12-01 19:22:25]
SERVICE              HTTP_RPM  HTTP_LAT   gRPC_RPM  gRPC_LAT   CPU(core) MEM(MiB) PODS
--------------------------------------------------------------------------------------
adservice            0.0       0.0        26.8      1.4        .05       250      2    
cartservice          0.0       0.0        45.3      3.6        .12       168      2    
checkoutservice      0.0       0.0        1.5       43.2       .02       102      2    
currencyservice      0.0       0.0        116.6     5.8        .21       177      2    
emailservice         0.0       0.0        1.5       1.3        .01       153      2    
frontend             45.0      70.0       0.0       0.0        .45       210      2    
kubernetes-dashboard 0.0       0.0        0.0       0.0        0         7        1    
paymentservice       0.0       0.0        1.7       1.8        .01       123      2    
productcatalogservice 0.0       0.0        242.4     0.4        .28       106      2    
recommendationservice 0.0       0.0        35.9      6.7        .13       174      2    
redis-cart           0.0       0.0        0.0       0.0        .02       84       2    
shippingservice      0.0       0.0        14.2      0.5        .02       94       2    

[2025-12-01 19:22:36]
SERVICE              HTTP_RPM  HTTP_LAT   gRPC_RPM  gRPC_LAT   CPU(core) MEM(MiB) PODS
--------------------------------------------------------------------------------------
adservice            0.0       0.0        28.5      1.5        .06       248      2    
cartservice          0.0       0.0        45.3      3.6        .13       174      2    
checkoutservice      0.0       0.0        1.7       41.4       .03       103      2    
currencyservice      0.0       0.0        131.7     5.3        .21       178      2    
emailservice         0.0       0.0        1.8       1.2        .01       153      2    
frontend             48.0      70.1       0.0       0.0        .47       210      2    
kubernetes-dashboard 0.0       0.0        0.0       0.0        0         7        1    
paymentservice       0.0       0.0        1.7       1.8        .01       124      2    
productcatalogservice 0.0       0.0        278.4     0.4        .29       106      2    
recommendationservice 0.0       0.0        37.0      6.7        .14       174      2    
redis-cart           0.0       0.0        0.0       0.0        .02       82       2    
shippingservice      0.0       0.0        14.2      0.5        .02       90       2    

[2025-12-01 19:22:46]
SERVICE              HTTP_RPM  HTTP_LAT   gRPC_RPM  gRPC_LAT   CPU(core) MEM(MiB) PODS
--------------------------------------------------------------------------------------
adservice            0.0       0.0        30.3      1.5        .06       248      2    
cartservice          0.0       0.0        50.4      3.5        .13       174      2    
checkoutservice      0.0       0.0        1.7       41.7       .03       103      2    
currencyservice      0.0       0.0        130.6     5.1        .21       178      2    
emailservice         0.0       0.0        1.7       1.3        .01       153      2    
frontend             51.3      60.0       0.0       0.0        .45       209      2    
kubernetes-dashboard 0.0       0.0        0.0       0.0        0         7        1    
paymentservice       0.0       0.0        1.6       1.8        .01       123      2    
productcatalogservice 0.0       0.0        282.1     0.4        .28       106      2    
recommendationservice 0.0       0.0        38.6      6.8        .14       180      2    
redis-cart           0.0       0.0        0.0       0.0        .02       82       2    
shippingservice      0.0       0.0        14.7      0.6        .02       90       2    

[2025-12-01 19:22:57]
SERVICE              HTTP_RPM  HTTP_LAT   gRPC_RPM  gRPC_LAT   CPU(core) MEM(MiB) PODS
--------------------------------------------------------------------------------------
adservice            0.0       0.0        29.4      1.2        .05       249      2    
cartservice          0.0       0.0        49.7      5.0        .12       169      2    
checkoutservice      0.0       0.0        1.6       41.9       .02       103      2    
currencyservice      0.0       0.0        141.0     1.3        .22       180      2    
emailservice         0.0       0.0        1.9       1.3        .01       153      2    
frontend             50.8      51.6       0.0       0.0        .45       209      2    
kubernetes-dashboard 0.0       0.0        0.0       0.0        0         7        1    
paymentservice       0.0       0.0        1.9       1.5        .01       123      2    
productcatalogservice 0.0       0.0        301.7     0.2        .28       106      2    
recommendationservice 0.0       0.0        39.7      6.0        .14       180      2    
redis-cart           0.0       0.0        0.0       0.0        .02       82       2    
shippingservice      0.0       0.0        15.2      0.5        .02       90       2    

[2025-12-01 19:23:08]
SERVICE              HTTP_RPM  HTTP_LAT   gRPC_RPM  gRPC_LAT   CPU(core) MEM(MiB) PODS
--------------------------------------------------------------------------------------
adservice            0.0       0.0        31.1      1.1        .05       249      2    
cartservice          0.0       0.0        56.5      8.7        .13       168      2    
checkoutservice      0.0       0.0        1.9       53.3       .03       103      2    
currencyservice      0.0       0.0        154.7     2.9        .25       174      2    
emailservice         0.0       0.0        1.8       1.3        .01       153      2    
frontend             55.3      68.9       0.0       0.0        .54       209      2    
kubernetes-dashboard 0.0       0.0        0.0       0.0        0         7        1    
paymentservice       0.0       0.0        1.9       1.5        .01       124      2    
productcatalogservice 0.0       0.0        301.7     0.2        .31       111      2    
recommendationservice 0.0       0.0        43.7      7.2        .14       180      2    
redis-cart           0.0       0.0        0.0       0.0        .02       82       2    
shippingservice      0.0       0.0        16.1      0.6        .03       91       2    

[2025-12-01 19:23:19]
SERVICE              HTTP_RPM  HTTP_LAT   gRPC_RPM  gRPC_LAT   CPU(core) MEM(MiB) PODS
--------------------------------------------------------------------------------------
adservice            0.0       0.0        35.0      1.1        .05       249      2    
cartservice          0.0       0.0        56.5      8.7        .16       168      2    
checkoutservice      0.0       0.0        2.2       61.5       .03       99       2    
currencyservice      0.0       0.0        171.7     4.3        .28       174      2    
emailservice         0.0       0.0        2.0       1.3        .02       154      2    
frontend             58.8      78.6       0.0       0.0        .60       209      2    
kubernetes-dashboard 0.0       0.0        0.0       0.0        0         7        1    
paymentservice       0.0       0.0        2.0       1.8        .01       120      2    
productcatalogservice 0.0       0.0        330.7     0.4        .36       111      2    
recommendationservice 0.0       0.0        43.7      7.2        .17       180      2    
redis-cart           0.0       0.0        0.0       0.0        .02       82       2    
shippingservice      0.0       0.0        17.0      0.6        .03       90       2    

[2025-12-01 19:23:30]
SERVICE              HTTP_RPM  HTTP_LAT   gRPC_RPM  gRPC_LAT   CPU(core) MEM(MiB) PODS
--------------------------------------------------------------------------------------
adservice            0.0       0.0        36.5      1.1        .05       249      2    
cartservice          0.0       0.0        64.2      9.9        .16       168      2    
checkoutservice      0.0       0.0        2.5       60.7       .03       99       2    
currencyservice      0.0       0.0        182.1     4.1        .28       174      2    
emailservice         0.0       0.0        2.4       1.3        .02       154      2    
frontend             65.0      78.2       0.0       0.0        .60       209      2    
kubernetes-dashboard 0.0       0.0        0.0       0.0        0         7        1    
paymentservice       0.0       0.0        2.6       1.8        .01       121      2    
productcatalogservice 0.0       0.0        370.0     0.4        .38       111      2    
recommendationservice 0.0       0.0        48.6      7.3        .18       180      2    
redis-cart           0.0       0.0        0.0       0.0        .03       82       2    
shippingservice      0.0       0.0        19.7      0.6        .03       91       2    

[2025-12-01 19:23:41]
SERVICE              HTTP_RPM  HTTP_LAT   gRPC_RPM  gRPC_LAT   CPU(core) MEM(MiB) PODS
--------------------------------------------------------------------------------------
adservice            0.0       0.0        39.9      1.1        .06       248      2    
cartservice          0.0       0.0        70.4      7.9        .20       169      2    
checkoutservice      0.0       0.0        2.6       58.7       .04       97       2    
currencyservice      0.0       0.0        189.4     4.0        .29       179      2    
emailservice         0.0       0.0        3.0       1.4        .01       154      2    
frontend             67.9      76.0       0.0       0.0        .63       209      2    
kubernetes-dashboard 0.0       0.0        0.0       0.0        0         7        1    
paymentservice       0.0       0.0        3.0       1.7        .01       121      2    
productcatalogservice 0.0       0.0        370.0     0.4        .38       111      2    
recommendationservice 0.0       0.0        52.5      7.2        .18       180      2    
redis-cart           0.0       0.0        0.0       0.0        .03       82       2    
shippingservice      0.0       0.0        21.8      0.6        .03       91       2    

[2025-12-01 19:23:52]
SERVICE              HTTP_RPM  HTTP_LAT   gRPC_RPM  gRPC_LAT   CPU(core) MEM(MiB) PODS
--------------------------------------------------------------------------------------
adservice            0.0       0.0        39.6      1.1        .06       248      2    
cartservice          0.0       0.0        70.4      7.9        .19       164      2    
checkoutservice      0.0       0.0        3.0       48.0       .04       97       2    
currencyservice      0.0       0.0        185.2     2.8        .30       179      2    
emailservice         0.0       0.0        3.0       1.4        .02       154      2    
frontend             69.6      59.5       0.0       0.0        .65       210      2    
kubernetes-dashboard 0.0       0.0        0.0       0.0        0         7        1    
paymentservice       0.0       0.0        3.0       1.7        .01       117      2    
productcatalogservice 0.0       0.0        384.8     0.4        .38       111      2    
recommendationservice 0.0       0.0        51.8      6.9        .18       180      2    
redis-cart           0.0       0.0        0.0       0.0        .03       82       2    
shippingservice      0.0       0.0        21.9      0.5        .03       91       2    

[2025-12-01 19:24:02]
SERVICE              HTTP_RPM  HTTP_LAT   gRPC_RPM  gRPC_LAT   CPU(core) MEM(MiB) PODS
--------------------------------------------------------------------------------------
adservice            0.0       0.0        39.2      0.9        .06       248      2    
cartservice          0.0       0.0        69.5      4.7        .19       164      2    
checkoutservice      0.0       0.0        2.8       44.5       .03       98       2    
currencyservice      0.0       0.0        194.8     1.4        .32       181      2    
emailservice         0.0       0.0        2.9       1.3        .01       154      2    
frontend             69.6      57.8       0.0       0.0        .66       210      2    
kubernetes-dashboard 0.0       0.0        0.0       0.0        0         7        1    
paymentservice       0.0       0.0        2.8       1.5        .01       118      2    
productcatalogservice 0.0       0.0        393.0     0.3        .38       111      2    
recommendationservice 0.0       0.0        52.6      6.1        .18       180      2    
redis-cart           0.0       0.0        0.0       0.0        .02       82       2    
shippingservice      0.0       0.0        21.6      0.5        .03       91       2    

[2025-12-01 19:24:14]
SERVICE              HTTP_RPM  HTTP_LAT   gRPC_RPM  gRPC_LAT   CPU(core) MEM(MiB) PODS
--------------------------------------------------------------------------------------
adservice            0.0       0.0        42.8      1.4        .08       259      2    
cartservice          0.0       0.0        72.8      20.5       .17       164      2    
checkoutservice      0.0       0.0        2.8       44.5       .03       98       2    
currencyservice      0.0       0.0        207.0     3.6        .32       181      2    
emailservice         0.0       0.0        2.8       2.4        .01       154      2    
frontend             72.2      82.4       0.0       0.0        .66       210      2    
kubernetes-dashboard 0.0       0.0        0.0       0.0        0         7        1    
paymentservice       0.0       0.0        2.8       2.9        .01       118      2    
productcatalogservice 0.0       0.0        423.0     1.0        .38       111      2    
recommendationservice 0.0       0.0        55.8      8.9        .18       181      2    
redis-cart           0.0       0.0        0.0       0.0        .03       87       2    
shippingservice      0.0       0.0        22.9      1.0        .04       89       2    

[2025-12-01 19:24:24]
SERVICE              HTTP_RPM  HTTP_LAT   gRPC_RPM  gRPC_LAT   CPU(core) MEM(MiB) PODS
--------------------------------------------------------------------------------------
adservice            0.0       0.0        45.9      1.4        .07       249      2    
cartservice          0.0       0.0        77.1      21.9       .20       164      2    
checkoutservice      0.0       0.0        3.0       78.3       .04       99       2    
currencyservice      0.0       0.0        215.2     3.8        .34       189      2    
emailservice         0.0       0.0        2.6       2.5        .01       154      2    
frontend             77.7      114.6      0.0       0.0        .73       211      2    
kubernetes-dashboard 0.0       0.0        0.0       0.0        0         7        1    
paymentservice       0.0       0.0        2.8       3.1        .01       117      2    
productcatalogservice 0.0       0.0        423.0     1.0        .41       111      2    
recommendationservice 0.0       0.0        59.7      9.1        .22       181      2    
redis-cart           0.0       0.0        0.0       0.0        .03       87       2    
shippingservice      0.0       0.0        23.7      1.1        .04       89       2    

[2025-12-01 19:24:36]
SERVICE              HTTP_RPM  HTTP_LAT   gRPC_RPM  gRPC_LAT   CPU(core) MEM(MiB) PODS
--------------------------------------------------------------------------------------
adservice            0.0       0.0        47.2      1.4        .07       248      2    
cartservice          0.0       0.0        77.1      21.9       .21       164      2    
checkoutservice      0.0       0.0        3.0       84.6       .05       99       2    
currencyservice      0.0       0.0        226.3     3.7        .34       184      2    
emailservice         0.0       0.0        3.0       2.5        .02       150      2    
frontend             80.5      119.3      0.0       0.0        .72       210      2    
kubernetes-dashboard 0.0       0.0        0.0       0.0        0         7        1    
paymentservice       0.0       0.0        2.8       3.1        .01       116      2    
productcatalogservice 0.0       0.0        453.4     0.9        .44       112      2    
recommendationservice 0.0       0.0        63.0      9.0        .22       181      2    
redis-cart           0.0       0.0        0.0       0.0        .03       84       2    
shippingservice      0.0       0.0        24.7      1.1        .04       88       2    

[2025-12-01 19:24:47]
SERVICE              HTTP_RPM  HTTP_LAT   gRPC_RPM  gRPC_LAT   CPU(core) MEM(MiB) PODS
--------------------------------------------------------------------------------------
adservice            0.0       0.0        48.7      1.4        .07       248      2    
cartservice          0.0       0.0        83.2      23.2       .21       164      2    
checkoutservice      0.0       0.0        3.3       90.9       .05       99       2    
currencyservice      0.0       0.0        226.7     3.7        .34       184      2    
emailservice         0.0       0.0        3.3       2.4        .02       150      2    
frontend             85.5      115.4      0.0       0.0        .75       205      2    
kubernetes-dashboard 0.0       0.0        0.0       0.0        0         7        1    
paymentservice       0.0       0.0        3.4       2.9        .01       117      2    
productcatalogservice 0.0       0.0        479.8     0.9        .45       111      2    
recommendationservice 0.0       0.0        64.4      9.1        .21       181      2    
redis-cart           0.0       0.0        0.0       0.0        .03       84       2    
shippingservice      0.0       0.0        26.5      1.1        .04       88       2    

[2025-12-01 19:24:57]
SERVICE              HTTP_RPM  HTTP_LAT   gRPC_RPM  gRPC_LAT   CPU(core) MEM(MiB) PODS
--------------------------------------------------------------------------------------
adservice            0.0       0.0        47.9      1.1        .08       249      2    
cartservice          0.0       0.0        85.1      13.4       .21       164      2    
checkoutservice      0.0       0.0        3.4       98.0       .05       99       2    
currencyservice      0.0       0.0        237.3     1.7        .36       184      2    
emailservice         0.0       0.0        3.6       1.5        .02       150      2    
frontend             85.7      96.6       0.0       0.0        .75       205      2    
kubernetes-dashboard 0.0       0.0        0.0       0.0        0         7        1    
paymentservice       0.0       0.0        3.6       1.8        .01       117      2    
productcatalogservice 0.0       0.0        497.2     0.3        .45       111      2    
recommendationservice 0.0       0.0        66.3      7.1        .21       181      2    
redis-cart           0.0       0.0        0.0       0.0        .03       84       2    
shippingservice      0.0       0.0        26.9      0.6        .04       88       2    

[2025-12-01 19:25:10]
SERVICE              HTTP_RPM  HTTP_LAT   gRPC_RPM  gRPC_LAT   CPU(core) MEM(MiB) PODS
--------------------------------------------------------------------------------------
adservice            0.0       0.0        51.2      1.2        .07       249      2    
cartservice          0.0       0.0        90.8      12.6       .25       164      2    
checkoutservice      0.0       0.0        3.5       82.1       .05       99       2    
currencyservice      0.0       0.0        243.8     3.0        .36       191      2    
emailservice         0.0       0.0        3.8       1.8        .01       150      2    
frontend             89.7      96.3       0.0       0.0        .76       204      2    
kubernetes-dashboard 0.0       0.0        0.0       0.0        0         7        1    
paymentservice       0.0       0.0        3.8       2.9        .01       118      2    
productcatalogservice 0.0       0.0        497.2     0.3        .45       112      2    
recommendationservice 0.0       0.0        69.3      10.5       .24       181      2    
redis-cart           0.0       0.0        0.0       0.0        .03       84       2    
shippingservice      0.0       0.0        28.5      1.1        .04       88       2    

[2025-12-01 19:25:21]
SERVICE              HTTP_RPM  HTTP_LAT   gRPC_RPM  gRPC_LAT   CPU(core) MEM(MiB) PODS
--------------------------------------------------------------------------------------
adservice            0.0       0.0        53.3      1.3        .08       249      2    
cartservice          0.0       0.0        90.8      12.6       .24       164      2    
checkoutservice      0.0       0.0        3.8       84.7       .05       99       2    
currencyservice      0.0       0.0        261.0     4.2        .40       200      2    
emailservice         0.0       0.0        3.6       1.8        .02       150      2    
frontend             94.4      145.3      0.0       0.0        .80       204      2    
kubernetes-dashboard 0.0       0.0        0.0       0.0        0         7        1    
paymentservice       0.0       0.0        3.8       2.9        .01       117      2    
productcatalogservice 0.0       0.0        526.5     0.6        .47       113      2    
recommendationservice 0.0       0.0        70.7      10.5       .24       181      2    
redis-cart           0.0       0.0        0.0       0.0        .03       84       2    
shippingservice      0.0       0.0        28.8      1.1        .04       88       2    

[2025-12-01 19:25:32]
SERVICE              HTTP_RPM  HTTP_LAT   gRPC_RPM  gRPC_LAT   CPU(core) MEM(MiB) PODS
--------------------------------------------------------------------------------------
adservice            0.0       0.0        55.1      1.3        .08       249      2    
cartservice          0.0       0.0        95.6      10.4       .24       164      2    
checkoutservice      0.0       0.0        3.8       79.0       .05       99       2    
currencyservice      0.0       0.0        266.8     4.1        .40       201      2    
emailservice         0.0       0.0        3.6       2.0        .02       151      2    
frontend             96.7      147.8      0.0       0.0        .86       203      2    
kubernetes-dashboard 0.0       0.0        0.0       0.0        0         7        1    
paymentservice       0.0       0.0        3.6       3.0        .01       118      2    
productcatalogservice 0.0       0.0        548.4     0.6        .50       112      2    
recommendationservice 0.0       0.0        72.9      10.6       .26       181      2    
redis-cart           0.0       0.0        0.0       0.0        .03       84       2    
shippingservice      0.0       0.0        29.0      1.1        .04       88       2    

[2025-12-01 19:25:43]
SERVICE              HTTP_RPM  HTTP_LAT   gRPC_RPM  gRPC_LAT   CPU(core) MEM(MiB) PODS
--------------------------------------------------------------------------------------
adservice            0.0       0.0        58.6      1.3        .08       249      2    
cartservice          0.0       0.0        100.1     8.1        .25       164      2    
checkoutservice      0.0       0.0        3.7       68.4       .05       99       2    
currencyservice      0.0       0.0        272.0     4.0        .40       201      2    
emailservice         0.0       0.0        3.6       2.1        .02       151      2    
frontend             99.0      143.9      0.0       0.0        .86       203      2    
kubernetes-dashboard 0.0       0.0        0.0       0.0        0         7        1    
paymentservice       0.0       0.0        3.5       3.0        .01       118      2    
productcatalogservice 0.0       0.0        561.6     0.6        .50       112      2    
recommendationservice 0.0       0.0        75.2      10.3       .26       181      2    
redis-cart           0.0       0.0        0.0       0.0        .03       84       2    
shippingservice      0.0       0.0        30.0      1.0        .04       88       2    

[2025-12-01 19:25:54]
SERVICE              HTTP_RPM  HTTP_LAT   gRPC_RPM  gRPC_LAT   CPU(core) MEM(MiB) PODS
--------------------------------------------------------------------------------------
adservice            0.0       0.0        58.2      1.1        .08       250      2    
cartservice          0.0       0.0        100.6     23.7       .23       164      2    
checkoutservice      0.0       0.0        3.7       101.7      .05       92       2    
currencyservice      0.0       0.0        271.1     3.0        .41       204      2    
emailservice         0.0       0.0        3.6       1.6        .01       151      2    
frontend             99.0      131.0      0.0       0.0        .85       204      2    
kubernetes-dashboard 0.0       0.0        0.0       0.0        0         7        1    
paymentservice       0.0       0.0        3.8       1.8        .01       117      2    
productcatalogservice 0.0       0.0        561.6     0.6        .51       112      2    
recommendationservice 0.0       0.0        77.7      7.8        .25       179      2    
redis-cart           0.0       0.0        0.0       0.0        .03       84       2    
shippingservice      0.0       0.0        30.6      0.6        .04       88       2    

[2025-12-01 19:26:07]
SERVICE              HTTP_RPM  HTTP_LAT   gRPC_RPM  gRPC_LAT   CPU(core) MEM(MiB) PODS
--------------------------------------------------------------------------------------
adservice            0.0       0.0        59.5      1.2        .09       250      2    
cartservice          0.0       0.0        100.6     23.7       .22       164      2    
checkoutservice      0.0       0.0        3.7       98.2       .05       92       2    
currencyservice      0.0       0.0        291.3     3.1        .42       215      2    
emailservice         0.0       0.0        4.1       2.0        .02       151      2    
frontend             103.1     127.0      0.0       0.0        .86       205      2    
kubernetes-dashboard 0.0       0.0        0.0       0.0        0         7        1    
paymentservice       0.0       0.0        3.8       1.8        .01       117      2    
productcatalogservice 0.0       0.0        571.9     0.4        .49       112      2    
recommendationservice 0.0       0.0        80.3      8.5        .26       179      2    
redis-cart           0.0       0.0        0.0       0.0        .03       84       2    
shippingservice      0.0       0.0        31.4      0.7        .04       88       2    

[2025-12-01 19:26:18]
SERVICE              HTTP_RPM  HTTP_LAT   gRPC_RPM  gRPC_LAT   CPU(core) MEM(MiB) PODS
--------------------------------------------------------------------------------------
adservice            0.0       0.0        60.5      1.5        .09       250      2    
cartservice          0.0       0.0        104.2     24.0       .22       164      2    
checkoutservice      0.0       0.0        3.8       137.8      .05       92       2    
currencyservice      0.0       0.0        294.9     3.9        .42       215      2    
emailservice         0.0       0.0        3.9       1.9        .02       151      2    
frontend             105.9     196.5      0.0       0.0        .84       204      2    
kubernetes-dashboard 0.0       0.0        0.0       0.0        0         7        1    
paymentservice       0.0       0.0        3.8       1.9        .01       117      2    
productcatalogservice 0.0       0.0        608.2     1.2        .49       113      2    
recommendationservice 0.0       0.0        80.4      12.8       .28       180      2    
redis-cart           0.0       0.0        0.0       0.0        .03       84       2    
shippingservice      0.0       0.0        31.4      0.8        .04       88       2    

[2025-12-01 19:26:29]
SERVICE              HTTP_RPM  HTTP_LAT   gRPC_RPM  gRPC_LAT   CPU(core) MEM(MiB) PODS
--------------------------------------------------------------------------------------
adservice            0.0       0.0        64.1      1.5        .08       249      2    
cartservice          0.0       0.0        110.2     36.0       .23       164      2    
checkoutservice      0.0       0.0        3.8       137.8      .05       92       2    
currencyservice      0.0       0.0        303.0     4.4        .42       215      2    
emailservice         0.0       0.0        4.1       1.8        .02       151      2    
frontend             111.2     214.3      0.0       0.0        .84       204      2    
kubernetes-dashboard 0.0       0.0        0.0       0.0        0         7        1    
paymentservice       0.0       0.0        4.0       1.9        .01       117      2    
productcatalogservice 0.0       0.0        632.6     1.3        .49       113      2    
recommendationservice 0.0       0.0        84.4      13.9       .28       180      2    
redis-cart           0.0       0.0        0.0       0.0        .03       85       2    
shippingservice      0.0       0.0        32.4      0.9        .04       87       2    

[2025-12-01 19:26:40]
SERVICE              HTTP_RPM  HTTP_LAT   gRPC_RPM  gRPC_LAT   CPU(core) MEM(MiB) PODS
--------------------------------------------------------------------------------------
adservice            0.0       0.0        67.8      1.6        .09       250      2    
cartservice          0.0       0.0        114.8     21.5       .26       164      2    
checkoutservice      0.0       0.0        4.0       107.9      .05       92       2    
currencyservice      0.0       0.0        310.2     4.2        .42       215      2    
emailservice         0.0       0.0        3.9       1.8        .02       150      2    
frontend             115.1     206.0      0.0       0.0        .89       204      2    
kubernetes-dashboard 0.0       0.0        0.0       0.0        0         7        1    
paymentservice       0.0       0.0        3.9       1.9        .02       118      2    
productcatalogservice 0.0       0.0        632.6     1.3        .53       113      2    
recommendationservice 0.0       0.0        87.6      13.2       .28       180      2    
redis-cart           0.0       0.0        0.0       0.0        .03       85       2    
shippingservice      0.0       0.0        34.4      0.8        .04       87       2    

[2025-12-01 19:26:51]
SERVICE              HTTP_RPM  HTTP_LAT   gRPC_RPM  gRPC_LAT   CPU(core) MEM(MiB) PODS
--------------------------------------------------------------------------------------
adservice            0.0       0.0        68.0      1.4        .08       249      2    
cartservice          0.0       0.0        114.8     21.5       .26       164      2    
checkoutservice      0.0       0.0        4.1       106.0      .06       92       2    
currencyservice      0.0       0.0        306.0     3.1        .45       217      2    
emailservice         0.0       0.0        3.8       1.4        .02       148      2    
frontend             116.0     169.2      0.0       0.0        .96       204      2    
kubernetes-dashboard 0.0       0.0        0.0       0.0        0         7        1    
paymentservice       0.0       0.0        3.9       1.9        .01       118      2    
productcatalogservice 0.0       0.0        663.1     1.2        .56       113      2    
recommendationservice 0.0       0.0        89.0      12.4       .29       180      2    
redis-cart           0.0       0.0        0.0       0.0        .03       85       2    
shippingservice      0.0       0.0        35.3      0.7        .05       87       2    

[2025-12-01 19:27:03]
SERVICE              HTTP_RPM  HTTP_LAT   gRPC_RPM  gRPC_LAT   CPU(core) MEM(MiB) PODS
--------------------------------------------------------------------------------------
adservice            0.0       0.0        68.0      1.1        .08       249      2    
cartservice          0.0       0.0        117.2     21.2       .26       164      2    
checkoutservice      0.0       0.0        4.2       69.6       .05       92       2    
currencyservice      0.0       0.0        317.7     2.3        .48       220      2    
emailservice         0.0       0.0        4.1       1.4        .02       148      2    
frontend             117.5     111.6      0.0       0.0        .97       202      2    
kubernetes-dashboard 0.0       0.0        0.0       0.0        0         7        1    
paymentservice       0.0       0.0        4.2       1.7        .01       118      2    
productcatalogservice 0.0       0.0        685.5     0.5        .57       112      2    
recommendationservice 0.0       0.0        91.4      8.5        .30       176      2    
redis-cart           0.0       0.0        0.0       0.0        .04       85       2    
shippingservice      0.0       0.0        35.9      0.7        .05       87       2    

[2025-12-01 19:27:14]
SERVICE              HTTP_RPM  HTTP_LAT   gRPC_RPM  gRPC_LAT   CPU(core) MEM(MiB) PODS
--------------------------------------------------------------------------------------
adservice            0.0       0.0        71.1      1.6        .11       251      2    
cartservice          0.0       0.0        120.9     8.0        .27       164      2    
checkoutservice      0.0       0.0        4.2       69.6       .05       92       2    
currencyservice      0.0       0.0        341.5     3.4        .48       220      2    
emailservice         0.0       0.0        4.3       1.4        .02       148      2    
frontend             124.3     139.3      0.0       0.0        .97       202      2    
kubernetes-dashboard 0.0       0.0        0.0       0.0        0         7        1    
paymentservice       0.0       0.0        4.4       2.3        .01       118      2    
productcatalogservice 0.0       0.0        723.1     0.8        .58       109      2    
recommendationservice 0.0       0.0        95.3      9.6        .31       176      2    
redis-cart           0.0       0.0        0.0       0.0        .04       85       2    
shippingservice      0.0       0.0        37.7      0.7        .05       87       2    

[2025-12-01 19:27:26]
SERVICE              HTTP_RPM  HTTP_LAT   gRPC_RPM  gRPC_LAT   CPU(core) MEM(MiB) PODS
--------------------------------------------------------------------------------------
adservice            0.0       0.0        73.4      1.7        .09       250      2    
cartservice          0.0       0.0        127.3     7.6        .30       165      2    
checkoutservice      0.0       0.0        4.5       61.9       .06       93       2    
currencyservice      0.0       0.0        359.0     3.5        .50       219      2    
emailservice         0.0       0.0        4.7       1.5        .02       149      2    
frontend             127.4     142.5      0.0       0.0        .98       201      2    
kubernetes-dashboard 0.0       0.0        0.0       0.0        0         7        1    
paymentservice       0.0       0.0        4.8       2.2        .02       117      2    
productcatalogservice 0.0       0.0        723.1     0.8        .58       109      2    
recommendationservice 0.0       0.0        98.8      10.5       .31       176      2    
redis-cart           0.0       0.0        0.0       0.0        .04       85       2    
shippingservice      0.0       0.0        39.0      0.8        .05       87       2    

[2025-12-01 19:27:37]
SERVICE              HTTP_RPM  HTTP_LAT   gRPC_RPM  gRPC_LAT   CPU(core) MEM(MiB) PODS
--------------------------------------------------------------------------------------
adservice            0.0       0.0        75.0      1.7        .09       250      2    
cartservice          0.0       0.0        128.9     7.5        .29       165      2    
checkoutservice      0.0       0.0        4.9       73.5       .07       93       2    
currencyservice      0.0       0.0        368.4     3.6        .50       219      2    
emailservice         0.0       0.0        5.0       1.6        .02       150      2    
frontend             131.6     164.2      0.0       0.0        1.00      201      2    
kubernetes-dashboard 0.0       0.0        0.0       0.0        0         7        1    
paymentservice       0.0       0.0        4.8       2.2        .01       118      2    
productcatalogservice 0.0       0.0        736.5     0.9        .59       110      2    
recommendationservice 0.0       0.0        99.9      10.8       .31       177      2    
redis-cart           0.0       0.0        0.0       0.0        .03       85       2    
shippingservice      0.0       0.0        39.3      0.8        .05       87       2    

[2025-12-01 19:27:49]
SERVICE              HTTP_RPM  HTTP_LAT   gRPC_RPM  gRPC_LAT   CPU(core) MEM(MiB) PODS
--------------------------------------------------------------------------------------
adservice            0.0       0.0        76.0      1.3        .09       251      2    
cartservice          0.0       0.0        131.3     17.7       .29       165      2    
checkoutservice      0.0       0.0        5.1       76.3       .07       93       2    
currencyservice      0.0       0.0        366.3     2.7        .51       214      2    
emailservice         0.0       0.0        5.0       1.6        .02       150      2    
frontend             132.8     162.4      0.0       0.0        1.04      203      2    
kubernetes-dashboard 0.0       0.0        0.0       0.0        0         7        1    
paymentservice       0.0       0.0        5.0       2.3        .02       117      2    
productcatalogservice 0.0       0.0        750.2     0.9        .61       116      2    
recommendationservice 0.0       0.0        99.9      10.8       .31       172      2    
redis-cart           0.0       0.0        0.0       0.0        .04       85       2    
shippingservice      0.0       0.0        40.5      0.8        .05       87       2    

[2025-12-01 19:28:00]
SERVICE              HTTP_RPM  HTTP_LAT   gRPC_RPM  gRPC_LAT   CPU(core) MEM(MiB) PODS
--------------------------------------------------------------------------------------
adservice            0.0       0.0        76.1      1.1        .09       251      2    
cartservice          0.0       0.0        133.0     18.7       .29       165      2    
checkoutservice      0.0       0.0        5.4       77.9       .07       93       2    
currencyservice      0.0       0.0        376.8     2.2        .51       214      2    
emailservice         0.0       0.0        5.2       1.5        .02       150      2    
frontend             131.9     132.1      0.0       0.0        1.04      203      2    
kubernetes-dashboard 0.0       0.0        0.0       0.0        0         7        1    
paymentservice       0.0       0.0        5.3       1.8        .02       117      2    
productcatalogservice 0.0       0.0        763.8     0.5        .63       116      2    
recommendationservice 0.0       0.0        102.2     9.0        .33       172      2    
redis-cart           0.0       0.0        0.0       0.0        .04       79       2    
shippingservice      0.0       0.0        41.1      0.7        .05       87       2    

[2025-12-01 19:28:12]
SERVICE              HTTP_RPM  HTTP_LAT   gRPC_RPM  gRPC_LAT   CPU(core) MEM(MiB) PODS
--------------------------------------------------------------------------------------
adservice            0.0       0.0        78.9      1.6        .10       245      2    
cartservice          0.0       0.0        135.1     31.0       .28       165      2    
checkoutservice      0.0       0.0        5.0       84.0       .07       93       2    
currencyservice      0.0       0.0        385.4     3.0        .52       216      2    
emailservice         0.0       0.0        5.0       1.7        .02       150      2    
frontend             134.3     150.6      0.0       0.0        1.04      203      2    
kubernetes-dashboard 0.0       0.0        0.0       0.0        0         7        1    
paymentservice       0.0       0.0        4.9       2.6        .02       117      2    
productcatalogservice 0.0       0.0        803.8     1.9        .63       116      2    
recommendationservice 0.0       0.0        104.5     13.2       .33       172      2    
redis-cart           0.0       0.0        0.0       0.0        .04       79       2    
shippingservice      0.0       0.0        41.6      1.1        .05       87       2    

[2025-12-01 19:28:23]
SERVICE              HTTP_RPM  HTTP_LAT   gRPC_RPM  gRPC_LAT   CPU(core) MEM(MiB) PODS
--------------------------------------------------------------------------------------
adservice            0.0       0.0        79.6      1.7        .10       246      2    
cartservice          0.0       0.0        142.7     20.6       .26       165      2    
checkoutservice      0.0       0.0        5.2       90.1       .07       93       2    
currencyservice      0.0       0.0        386.2     3.4        .51       213      2    
emailservice         0.0       0.0        5.1       1.8        .02       150      2    
frontend             141.5     194.3      0.0       0.0        1.00      205      2    
kubernetes-dashboard 0.0       0.0        0.0       0.0        0         7        1    
paymentservice       0.0       0.0        5.2       2.5        .02       118      2    
productcatalogservice 0.0       0.0        803.8     1.9        .58       116      2    
recommendationservice 0.0       0.0        109.2     13.7       .34       172      2    
redis-cart           0.0       0.0        0.0       0.0        .04       79       2    
shippingservice      0.0       0.0        43.3      1.2        .05       87       2    

[2025-12-01 19:28:35]
SERVICE              HTTP_RPM  HTTP_LAT   gRPC_RPM  gRPC_LAT   CPU(core) MEM(MiB) PODS
--------------------------------------------------------------------------------------
adservice            0.0       0.0        83.0      1.7        .10       245      2    
cartservice          0.0       0.0        142.7     20.6       .32       164      2    
checkoutservice      0.0       0.0        5.5       85.7       .07       93       2    
currencyservice      0.0       0.0        405.9     3.7        .54       214      2    
emailservice         0.0       0.0        5.6       1.8        .02       150      2    
frontend             143.0     220.5      0.0       0.0        1.01      205      2    
kubernetes-dashboard 0.0       0.0        0.0       0.0        0         7        1    
paymentservice       0.0       0.0        5.2       2.6        .02       118      2    
productcatalogservice 0.0       0.0        828.2     2.0        .62       116      2    
recommendationservice 0.0       0.0        111.8     13.5       .35       172      2    
redis-cart           0.0       0.0        0.0       0.0        .04       80       2    
shippingservice      0.0       0.0        44.8      1.2        .06       87       2    

[2025-12-01 19:28:47]
SERVICE              HTTP_RPM  HTTP_LAT   gRPC_RPM  gRPC_LAT   CPU(core) MEM(MiB) PODS
--------------------------------------------------------------------------------------
adservice            0.0       0.0        84.1      1.7        .10       245      2    
cartservice          0.0       0.0        148.1     18.6       .32       164      2    
checkoutservice      0.0       0.0        5.7       80.0       .07       93       2    
currencyservice      0.0       0.0        406.1     3.9        .54       215      2    
emailservice         0.0       0.0        5.6       1.8        .02       150      2    
frontend             149.7     218.4      0.0       0.0        1.08      205      2    
kubernetes-dashboard 0.0       0.0        0.0       0.0        0         7        1    
paymentservice       0.0       0.0        5.6       2.4        .02       119      2    
productcatalogservice 0.0       0.0        854.4     1.9        .64       116      2    
recommendationservice 0.0       0.0        112.7     13.7       .37       172      2    
redis-cart           0.0       0.0        0.0       0.0        .04       79       2    
shippingservice      0.0       0.0        45.6      1.1        .06       87       2    

[2025-12-01 19:28:58]
SERVICE              HTTP_RPM  HTTP_LAT   gRPC_RPM  gRPC_LAT   CPU(core) MEM(MiB) PODS
--------------------------------------------------------------------------------------
adservice            0.0       0.0        85.7      1.2        .10       245      2    
cartservice          0.0       0.0        150.7     6.9        .34       165      2    
checkoutservice      0.0       0.0        6.2       74.2       .09       93       2    
currencyservice      0.0       0.0        419.7     3.0        .55       215      2    
emailservice         0.0       0.0        6.0       1.6        .02       150      2    
frontend             149.3     198.3      0.0       0.0        1.08      205      2    
kubernetes-dashboard 0.0       0.0        0.0       0.0        0         7        1    
paymentservice       0.0       0.0        6.4       1.8        .02       119      2    
productcatalogservice 0.0       0.0        858.9     0.7        .64       116      2    
recommendationservice 0.0       0.0        115.7     9.5        .37       172      2    
redis-cart           0.0       0.0        0.0       0.0        .04       79       2    
shippingservice      0.0       0.0        46.6      0.7        .06       87       2    

[2025-12-01 19:29:10]
SERVICE              HTTP_RPM  HTTP_LAT   gRPC_RPM  gRPC_LAT   CPU(core) MEM(MiB) PODS
--------------------------------------------------------------------------------------
adservice            0.0       0.0        89.6      1.5        .11       245      2    
cartservice          0.0       0.0        151.8     8.5        .33       165      2    
checkoutservice      0.0       0.0        6.1       61.5       .08       93       2    
currencyservice      0.0       0.0        429.7     3.9        .55       216      2    
emailservice         0.0       0.0        6.5       1.6        .02       150      2    
frontend             151.8     175.8      0.0       0.0        1.08      207      2    
kubernetes-dashboard 0.0       0.0        0.0       0.0        0         7        1    
paymentservice       0.0       0.0        6.6       1.9        .02       119      2    
productcatalogservice 0.0       0.0        858.9     0.7        .65       116      2    
recommendationservice 0.0       0.0        117.6     12.0       .37       172      2    
redis-cart           0.0       0.0        0.0       0.0        .04       79       2    
shippingservice      0.0       0.0        47.3      1.0        .06       87       2    

[2025-12-01 19:29:22]
SERVICE              HTTP_RPM  HTTP_LAT   gRPC_RPM  gRPC_LAT   CPU(core) MEM(MiB) PODS
--------------------------------------------------------------------------------------
adservice            0.0       0.0        91.0      1.5        .11       245      2    
cartservice          0.0       0.0        151.8     8.5        .31       165      2    
checkoutservice      0.0       0.0        6.4       77.2       .08       93       2    
currencyservice      0.0       0.0        434.0     4.8        .54       213      2    
emailservice         0.0       0.0        6.4       1.6        .02       150      2    
frontend             157.0     207.5      0.0       0.0        1.06      208      2    
kubernetes-dashboard 0.0       0.0        0.0       0.0        0         7        1    
paymentservice       0.0       0.0        6.6       1.9        .02       121      2    
productcatalogservice 0.0       0.0        884.3     1.6        .62       113      2    
recommendationservice 0.0       0.0        121.2     12.4       .36       173      2    
redis-cart           0.0       0.0        0.0       0.0        .04       79       2    
shippingservice      0.0       0.0        48.6      1.0        .06       88       2    

[2025-12-01 19:29:34]
SERVICE              HTTP_RPM  HTTP_LAT   gRPC_RPM  gRPC_LAT   CPU(core) MEM(MiB) PODS
--------------------------------------------------------------------------------------
adservice            0.0       0.0        92.5      1.6        .11       245      2    
cartservice          0.0       0.0        158.1     11.8       .33       165      2    
checkoutservice      0.0       0.0        6.7       81.4       .09       93       2    
currencyservice      0.0       0.0        448.8     5.0        .57       213      2    
emailservice         0.0       0.0        6.5       1.6        .02       150      2    
frontend             158.0     223.9      0.0       0.0        1.12      206      2    
kubernetes-dashboard 0.0       0.0        0.0       0.0        0         7        1    
paymentservice       0.0       0.0        6.6       2.0        .02       120      2    
productcatalogservice 0.0       0.0        912.4     1.7        .66       113      2    
recommendationservice 0.0       0.0        121.2     12.4       .40       173      2    
redis-cart           0.0       0.0        0.0       0.0        .04       79       2    
shippingservice      0.0       0.0        49.4      1.0        .07       87       2    

[2025-12-01 19:29:45]
SERVICE              HTTP_RPM  HTTP_LAT   gRPC_RPM  gRPC_LAT   CPU(core) MEM(MiB) PODS
--------------------------------------------------------------------------------------
adservice            0.0       0.0        93.3      1.6        .11       245      2    
cartservice          0.0       0.0        161.6     14.3       .33       165      2    
checkoutservice      0.0       0.0        6.6       96.8       .09       93       2    
currencyservice      0.0       0.0        448.6     5.0        .57       213      2    
emailservice         0.0       0.0        6.8       1.6        .02       150      2    
frontend             163.2     226.0      0.0       0.0        1.12      206      2    
kubernetes-dashboard 0.0       0.0        0.0       0.0        0         7        1    
paymentservice       0.0       0.0        6.6       2.0        .02       120      2    
productcatalogservice 0.0       0.0        937.3     1.7        .67       113      2    
recommendationservice 0.0       0.0        123.8     12.7       .38       173      2    
redis-cart           0.0       0.0        0.0       0.0        .04       79       2    
shippingservice      0.0       0.0        50.6      1.0        .07       88       2    

[2025-12-01 19:29:57]
SERVICE              HTTP_RPM  HTTP_LAT   gRPC_RPM  gRPC_LAT   CPU(core) MEM(MiB) PODS
--------------------------------------------------------------------------------------
adservice            0.0       0.0        93.1      1.2        .11       245      2    
cartservice          0.0       0.0        164.8     18.1       .33       165      2    
checkoutservice      0.0       0.0        6.7       105.1      .09       94       2    
currencyservice      0.0       0.0        461.4     3.5        .57       215      2    
emailservice         0.0       0.0        6.5       1.5        .02       150      2    
frontend             161.8     219.5      0.0       0.0        1.13      205      2    
kubernetes-dashboard 0.0       0.0        0.0       0.0        0         7        1    
paymentservice       0.0       0.0        6.6       1.9        .02       120      2    
productcatalogservice 0.0       0.0        953.6     0.9        .67       113      2    
recommendationservice 0.0       0.0        127.5     10.5       .38       173      2    
redis-cart           0.0       0.0        0.0       0.0        .04       79       2    
shippingservice      0.0       0.0        51.6      0.8        .06       87       2    

[2025-12-01 19:30:09]
SERVICE              HTTP_RPM  HTTP_LAT   gRPC_RPM  gRPC_LAT   CPU(core) MEM(MiB) PODS
--------------------------------------------------------------------------------------
adservice            0.0       0.0        94.4      1.8        .11       245      2    
cartservice          0.0       0.0        163.9     23.3       .29       165      2    
checkoutservice      0.0       0.0        6.6       98.4       .07       94       2    
currencyservice      0.0       0.0        466.3     5.0        .59       214      2    
emailservice         0.0       0.0        6.3       1.5        .02       151      2    
frontend             164.2     258.9      0.0       0.0        1.12      211      2    
kubernetes-dashboard 0.0       0.0        0.0       0.0        0         7        1    
paymentservice       0.0       0.0        6.1       1.9        .02       120      2    
productcatalogservice 0.0       0.0        953.6     0.9        .64       111      2    
recommendationservice 0.0       0.0        124.6     23.2       .39       173      2    
redis-cart           0.0       0.0        0.0       0.0        .04       79       2    
shippingservice      0.0       0.0        49.0      1.1        .06       87       2    

[2025-12-01 19:30:21]
SERVICE              HTTP_RPM  HTTP_LAT   gRPC_RPM  gRPC_LAT   CPU(core) MEM(MiB) PODS
--------------------------------------------------------------------------------------
adservice            0.0       0.0        95.5      2.1        .10       247      2    
cartservice          0.0       0.0        163.9     23.3       .25       166      2    
checkoutservice      0.0       0.0        6.0       116.6      .07       94       2    
currencyservice      0.0       0.0        458.9     8.2        .48       215      2    
emailservice         0.0       0.0        6.0       1.4        .02       151      2    
frontend             165.9     425.2      0.0       0.0        .99       216      2    
kubernetes-dashboard 0.0       0.0        0.0       0.0        0         7        1    
paymentservice       0.0       0.0        6.1       1.9        .02       120      2    
productcatalogservice 0.0       0.0        943.8     3.0        .58       113      2    
recommendationservice 0.0       0.0        125.9     23.7       .38       173      2    
redis-cart           0.0       0.0        0.0       0.0        .03       79       2    
shippingservice      0.0       0.0        49.0      1.2        .06       87       2    

[2025-12-01 19:30:33]
SERVICE              HTTP_RPM  HTTP_LAT   gRPC_RPM  gRPC_LAT   CPU(core) MEM(MiB) PODS
--------------------------------------------------------------------------------------
adservice            0.0       0.0        97.3      2.3        .10       247      2    
cartservice          0.0       0.0        168.3     21.4       .25       164      2    
checkoutservice      0.0       0.0        6.4       97.8       .09       94       2    
currencyservice      0.0       0.0        469.3     8.3        .50       215      2    
emailservice         0.0       0.0        6.3       1.5        .02       151      2    
frontend             167.6     463.5      0.0       0.0        1.12      215      2    
kubernetes-dashboard 0.0       0.0        0.0       0.0        0         7        1    
paymentservice       0.0       0.0        6.0       1.9        .02       121      2    
productcatalogservice 0.0       0.0        965.4     3.1        .62       113      2    
recommendationservice 0.0       0.0        127.8     24.5       .39       174      2    
redis-cart           0.0       0.0        0.0       0.0        .04       79       2    
shippingservice      0.0       0.0        50.5      1.2        .07       87       2    

[2025-12-01 19:30:44]
SERVICE              HTTP_RPM  HTTP_LAT   gRPC_RPM  gRPC_LAT   CPU(core) MEM(MiB) PODS
--------------------------------------------------------------------------------------
adservice            0.0       0.0        100.3     2.3        .11       247      2    
cartservice          0.0       0.0        172.3     24.7       .29       164      2    
checkoutservice      0.0       0.0        6.4       97.8       .09       94       2    
currencyservice      0.0       0.0        477.1     8.7        .50       215      2    
emailservice         0.0       0.0        6.4       1.6        .02       151      2    
frontend             174.8     460.5      0.0       0.0        1.12      215      2    
kubernetes-dashboard 0.0       0.0        0.0       0.0        0         7        1    
paymentservice       0.0       0.0        6.6       1.8        .02       120      2    
productcatalogservice 0.0       0.0        996.1     3.0        .65       114      2    
recommendationservice 0.0       0.0        131.9     25.4       .40       174      2    
redis-cart           0.0       0.0        0.0       0.0        .04       79       2    
shippingservice      0.0       0.0        51.4      1.2        .07       87       2    

[2025-12-01 19:30:56]
SERVICE              HTTP_RPM  HTTP_LAT   gRPC_RPM  gRPC_LAT   CPU(core) MEM(MiB) PODS
--------------------------------------------------------------------------------------
adservice            0.0       0.0        104.1     1.7        .12       247      2    
cartservice          0.0       0.0        177.0     30.8       .30       166      2    
checkoutservice      0.0       0.0        6.5       135.4      .09       94       2    
currencyservice      0.0       0.0        492.1     6.5        .59       215      2    
emailservice         0.0       0.0        6.8       1.5        .02       149      2    
frontend             174.9     423.7      0.0       0.0        1.18      216      2    
kubernetes-dashboard 0.0       0.0        0.0       0.0        0         7        1    
paymentservice       0.0       0.0        6.8       1.7        .02       120      2    
productcatalogservice 0.0       0.0        1005.1    1.1        .65       114      2    
recommendationservice 0.0       0.0        137.9     14.2       .40       174      2    
redis-cart           0.0       0.0        0.0       0.0        .04       79       2    
shippingservice      0.0       0.0        53.6      0.9        .07       87       2    

[2025-12-01 19:31:08]
SERVICE              HTTP_RPM  HTTP_LAT   gRPC_RPM  gRPC_LAT   CPU(core) MEM(MiB) PODS
--------------------------------------------------------------------------------------
adservice            0.0       0.0        103.0     1.5        .11       247      2    
cartservice          0.0       0.0        167.3     31.7       .31       165      2    
checkoutservice      0.0       0.0        6.6       124.5      .09       94       2    
currencyservice      0.0       0.0        489.4     4.5        .59       216      2    
emailservice         0.0       0.0        6.8       1.6        .02       150      2    
frontend             171.0     270.6      0.0       0.0        1.15      216      2    
kubernetes-dashboard 0.0       0.0        0.0       0.0        0         7        1    
paymentservice       0.0       0.0        6.5       1.9        .02       121      2    
productcatalogservice 0.0       0.0        1005.1    1.1        .67       113      2    
recommendationservice 0.0       0.0        129.0     15.8       .40       173      2    
redis-cart           0.0       0.0        0.0       0.0        .04       79       2    
shippingservice      0.0       0.0        48.8      0.9        .06       87       2    

[2025-12-01 19:31:19]
SERVICE              HTTP_RPM  HTTP_LAT   gRPC_RPM  gRPC_LAT   CPU(core) MEM(MiB) PODS
--------------------------------------------------------------------------------------
adservice            0.0       0.0        97.0      1.4        .10       247      2    
cartservice          0.0       0.0        167.3     31.7       .27       166      2    
checkoutservice      0.0       0.0        6.1       140.0      .08       94       2    
currencyservice      0.0       0.0        454.3     4.2        .51       215      2    
emailservice         0.0       0.0        6.3       1.6        .02       150      2    
frontend             165.6     277.4      0.0       0.0        1.02      217      2    
kubernetes-dashboard 0.0       0.0        0.0       0.0        0         7        1    
paymentservice       0.0       0.0        6.3       1.9        .02       122      2    
productcatalogservice 0.0       0.0        948.0     1.3        .62       113      2    
recommendationservice 0.0       0.0        123.9     15.8       .36       173      2    
redis-cart           0.0       0.0        0.0       0.0        .04       79       2    
shippingservice      0.0       0.0        47.0      0.9        .05       87       2    

[2025-12-01 19:31:31]
SERVICE              HTTP_RPM  HTTP_LAT   gRPC_RPM  gRPC_LAT   CPU(core) MEM(MiB) PODS
--------------------------------------------------------------------------------------
adservice            0.0       0.0        94.4      1.5        .10       247      2    
cartservice          0.0       0.0        158.8     29.5       .27       166      2    
checkoutservice      0.0       0.0        6.0       124.0      .08       94       2    
currencyservice      0.0       0.0        436.8     4.1        .51       215      2    
emailservice         0.0       0.0        6.0       1.7        .02       150      2    
frontend             155.0     260.2      0.0       0.0        1.08      215      2    
kubernetes-dashboard 0.0       0.0        0.0       0.0        0         7        1    
paymentservice       0.0       0.0        5.6       1.9        .02       122      2    
productcatalogservice 0.0       0.0        882.6     1.2        .61       113      2    
recommendationservice 0.0       0.0        119.3     14.7       .35       173      2    
redis-cart           0.0       0.0        0.0       0.0        .04       79       2    
shippingservice      0.0       0.0        45.6      0.9        .06       87       2    

[2025-12-01 19:31:43]
SERVICE              HTTP_RPM  HTTP_LAT   gRPC_RPM  gRPC_LAT   CPU(core) MEM(MiB) PODS
--------------------------------------------------------------------------------------
adservice            0.0       0.0        87.4      1.4        .10       246      2    
cartservice          0.0       0.0        147.8     19.3       .27       165      2    
checkoutservice      0.0       0.0        5.7       106.7      .07       94       2    
currencyservice      0.0       0.0        417.2     4.0        .55       214      2    
emailservice         0.0       0.0        5.5       1.7        .02       150      2    
frontend             149.3     247.8      0.0       0.0        1.08      215      2    
kubernetes-dashboard 0.0       0.0        0.0       0.0        0         7        1    
paymentservice       0.0       0.0        5.4       1.9        .02       122      2    
productcatalogservice 0.0       0.0        842.2     1.2        .61       113      2    
recommendationservice 0.0       0.0        111.8     14.0       .35       173      2    
redis-cart           0.0       0.0        0.0       0.0        .04       79       2    
shippingservice      0.0       0.0        42.8      0.9        .05       88       2    

[2025-12-01 19:31:54]
SERVICE              HTTP_RPM  HTTP_LAT   gRPC_RPM  gRPC_LAT   CPU(core) MEM(MiB) PODS
--------------------------------------------------------------------------------------
adservice            0.0       0.0        86.9      1.3        .11       246      2    
cartservice          0.0       0.0        148.3     19.4       .31       165      2    
checkoutservice      0.0       0.0        5.2       101.5      .08       94       2    
currencyservice      0.0       0.0        415.4     3.4        .57       217      2    
emailservice         0.0       0.0        5.2       1.6        .02       150      2    
frontend             146.8     224.1      0.0       0.0        1.09      215      2    
kubernetes-dashboard 0.0       0.0        0.0       0.0        0         7        1    
paymentservice       0.0       0.0        5.2       1.7        .01       122      2    
productcatalogservice 0.0       0.0        842.2     1.2        .64       113      2    
recommendationservice 0.0       0.0        113.2     10.2       .36       173      2    
redis-cart           0.0       0.0        0.0       0.0        .04       79       2    
shippingservice      0.0       0.0        44.4      0.7        .05       88       2    

[2025-12-01 19:32:06]
SERVICE              HTTP_RPM  HTTP_LAT   gRPC_RPM  gRPC_LAT   CPU(core) MEM(MiB) PODS
--------------------------------------------------------------------------------------
adservice            0.0       0.0        85.1      1.2        .10       248      2    
cartservice          0.0       0.0        148.3     19.4       .29       165      2    
checkoutservice      0.0       0.0        4.9       94.3       .06       94       2    
currencyservice      0.0       0.0        416.4     3.5        .58       216      2    
emailservice         0.0       0.0        4.8       1.5        .02       150      2    
frontend             147.3     160.8      0.0       0.0        1.09      215      2    
kubernetes-dashboard 0.0       0.0        0.0       0.0        0         7        1    
paymentservice       0.0       0.0        5.2       1.7        .01       121      2    
productcatalogservice 0.0       0.0        847.2     0.7        .64       109      2    
recommendationservice 0.0       0.0        112.6     10.5       .37       173      2    
redis-cart           0.0       0.0        0.0       0.0        .04       79       2    
shippingservice      0.0       0.0        44.1      0.8        .06       88       2    

[2025-12-01 19:32:18]
SERVICE              HTTP_RPM  HTTP_LAT   gRPC_RPM  gRPC_LAT   CPU(core) MEM(MiB) PODS
--------------------------------------------------------------------------------------
adservice            0.0       0.0        84.4      1.2        .10       248      2    
cartservice          0.0       0.0        144.3     16.4       .29       165      2    
checkoutservice      0.0       0.0        4.9       92.2       .09       94       2    
currencyservice      0.0       0.0        416.1     3.4        .54       218      2    
emailservice         0.0       0.0        5.2       1.6        .02       150      2    
frontend             145.7     193.1      0.0       0.0        1.02      215      2    
kubernetes-dashboard 0.0       0.0        0.0       0.0        0         7        1    
paymentservice       0.0       0.0        5.1       1.8        .02       122      2    
productcatalogservice 0.0       0.0        840.8     0.8        .62       109      2    
recommendationservice 0.0       0.0        112.4     12.6       .35       174      2    
redis-cart           0.0       0.0        0.0       0.0        .04       79       2    
shippingservice      0.0       0.0        43.6      0.8        .06       87       2    

[2025-12-01 19:32:29]
SERVICE              HTTP_RPM  HTTP_LAT   gRPC_RPM  gRPC_LAT   CPU(core) MEM(MiB) PODS
--------------------------------------------------------------------------------------
adservice            0.0       0.0        84.6      1.2        .10       248      2    
cartservice          0.0       0.0        145.1     18.1       .28       165      2    
checkoutservice      0.0       0.0        4.9       92.2       .09       94       2    
currencyservice      0.0       0.0        402.8     3.5        .54       218      2    
emailservice         0.0       0.0        5.0       1.7        .02       150      2    
frontend             144.3     215.9      0.0       0.0        1.02      215      2    
kubernetes-dashboard 0.0       0.0        0.0       0.0        0         7        1    
paymentservice       0.0       0.0        5.1       1.9        .02       122      2    
productcatalogservice 0.0       0.0        847.3     0.9        .60       109      2    
recommendationservice 0.0       0.0        111.2     13.0       .34       175      2    
redis-cart           0.0       0.0        0.0       0.0        .03       79       2    
shippingservice      0.0       0.0        43.4      0.8        .05       87       2    

[2025-12-01 19:32:41]
SERVICE              HTTP_RPM  HTTP_LAT   gRPC_RPM  gRPC_LAT   CPU(core) MEM(MiB) PODS
--------------------------------------------------------------------------------------
adservice            0.0       0.0        82.6      1.2        .10       246      2    
cartservice          0.0       0.0        144.2     20.5       .26       165      2    
checkoutservice      0.0       0.0        5.4       113.1      .08       94       2    
currencyservice      0.0       0.0        402.5     3.5        .51       216      2    
emailservice         0.0       0.0        5.5       1.8        .02       150      2    
frontend             144.2     215.8      0.0       0.0        1.06      215      2    
kubernetes-dashboard 0.0       0.0        0.0       0.0        0         7        1    
paymentservice       0.0       0.0        5.6       1.8        .02       121      2    
productcatalogservice 0.0       0.0        847.3     0.9        .60       109      2    
recommendationservice 0.0       0.0        111.7     12.9       .34       175      2    
redis-cart           0.0       0.0        0.0       0.0        .03       79       2    
shippingservice      0.0       0.0        44.1      0.8        .05       87       2    

[2025-12-01 19:32:52]
SERVICE              HTTP_RPM  HTTP_LAT   gRPC_RPM  gRPC_LAT   CPU(core) MEM(MiB) PODS
--------------------------------------------------------------------------------------
adservice            0.0       0.0        83.4      1.2        .10       246      2    
cartservice          0.0       0.0        146.6     21.0       .29       165      2    
checkoutservice      0.0       0.0        5.7       118.9      .08       94       2    
currencyservice      0.0       0.0        403.6     3.2        .55       216      2    
emailservice         0.0       0.0        5.8       1.7        .02       150      2    
frontend             143.7     220.4      0.0       0.0        1.08      216      2    
kubernetes-dashboard 0.0       0.0        0.0       0.0        0         7        1    
paymentservice       0.0       0.0        5.6       1.8        .02       123      2    
productcatalogservice 0.0       0.0        848.8     1.0        .63       109      2    
recommendationservice 0.0       0.0        113.5     9.9        .36       174      2    
redis-cart           0.0       0.0        0.0       0.0        .04       79       2    
shippingservice      0.0       0.0        44.7      0.7        .06       88       2    

[2025-12-01 19:33:04]
SERVICE              HTTP_RPM  HTTP_LAT   gRPC_RPM  gRPC_LAT   CPU(core) MEM(MiB) PODS
--------------------------------------------------------------------------------------
adservice            0.0       0.0        86.9      1.2        .10       247      2    
cartservice          0.0       0.0        146.2     23.5       .32       165      2    
checkoutservice      0.0       0.0        5.4       124.3      .08       94       2    
currencyservice      0.0       0.0        441.1     4.5        .59       215      2    
emailservice         0.0       0.0        5.5       1.7        .02       150      2    
frontend             144.9     184.2      0.0       0.0        1.08      216      2    
kubernetes-dashboard 0.0       0.0        0.0       0.0        0         7        1    
paymentservice       0.0       0.0        5.5       1.8        .02       123      2    
productcatalogservice 0.0       0.0        862.4     0.8        .63       109      2    
recommendationservice 0.0       0.0        113.5     9.9        .36       174      2    
redis-cart           0.0       0.0        0.0       0.0        .04       79       2    
shippingservice      0.0       0.0        44.6      0.7        .06       87       2    

[2025-12-01 19:33:15]
SERVICE              HTTP_RPM  HTTP_LAT   gRPC_RPM  gRPC_LAT   CPU(core) MEM(MiB) PODS
--------------------------------------------------------------------------------------
adservice            0.0       0.0        89.1      1.6        .10       247      2    
cartservice          0.0       0.0        150.6     21.1       .32       165      2    
checkoutservice      0.0       0.0        5.5       116.2      .08       94       2    
currencyservice      0.0       0.0        452.7     5.1        .59       215      2    
emailservice         0.0       0.0        5.5       2.6        .02       150      2    
frontend             154.5     239.1      0.0       0.0        1.08      216      2    
kubernetes-dashboard 0.0       0.0        0.0       0.0        0         7        1    
paymentservice       0.0       0.0        5.6       2.6        .02       122      2    
productcatalogservice 0.0       0.0        899.0     1.6        .62       109      2    
recommendationservice 0.0       0.0        117.4     13.1       .38       174      2    
redis-cart           0.0       0.0        0.0       0.0        .04       79       2    
shippingservice      0.0       0.0        45.9      1.1        .06       87       2    

[2025-12-01 19:33:27]
SERVICE              HTTP_RPM  HTTP_LAT   gRPC_RPM  gRPC_LAT   CPU(core) MEM(MiB) PODS
--------------------------------------------------------------------------------------
adservice            0.0       0.0        95.6      1.6        .11       247      2    
cartservice          0.0       0.0        160.0     17.3       .31       166      2    
checkoutservice      0.0       0.0        5.8       115.5      .07       94       2    
currencyservice      0.0       0.0        468.0     5.6        .56       217      2    
emailservice         0.0       0.0        5.8       2.4        .02       150      2    
frontend             158.3     242.7      0.0       0.0        1.09      217      2    
kubernetes-dashboard 0.0       0.0        0.0       0.0        0         7        1    
paymentservice       0.0       0.0        5.7       2.8        .02       122      2    
productcatalogservice 0.0       0.0        941.3     1.6        .62       109      2    
recommendationservice 0.0       0.0        123.2     13.5       .38       174      2    
redis-cart           0.0       0.0        0.0       0.0        .04       79       2    
shippingservice      0.0       0.0        47.0      1.1        .06       88       2    

[2025-12-01 19:33:39]
SERVICE              HTTP_RPM  HTTP_LAT   gRPC_RPM  gRPC_LAT   CPU(core) MEM(MiB) PODS
--------------------------------------------------------------------------------------
adservice            0.0       0.0        100.0     1.6        .12       247      2    
cartservice          0.0       0.0        167.3     13.8       .34       166      2    
checkoutservice      0.0       0.0        5.8       93.0       .09       94       2    
currencyservice      0.0       0.0        479.5     5.5        .58       216      2    
emailservice         0.0       0.0        5.8       2.3        .02       150      2    
frontend             167.4     243.4      0.0       0.0        1.14      216      2    
kubernetes-dashboard 0.0       0.0        0.0       0.0        0         7        1    
paymentservice       0.0       0.0        6.1       2.7        .02       121      2    
productcatalogservice 0.0       0.0        941.3     1.6        .65       109      2    
recommendationservice 0.0       0.0        127.7     13.8       .40       174      2    
redis-cart           0.0       0.0        0.0       0.0        .04       79       2    
shippingservice      0.0       0.0        49.6      1.1        .06       88       2    

[2025-12-01 19:33:51]
SERVICE              HTTP_RPM  HTTP_LAT   gRPC_RPM  gRPC_LAT   CPU(core) MEM(MiB) PODS
--------------------------------------------------------------------------------------
adservice            0.0       0.0        99.2      1.6        .12       247      2    
cartservice          0.0       0.0        167.3     13.8       .35       166      2    
checkoutservice      0.0       0.0        6.4       82.5       .09       94       2    
currencyservice      0.0       0.0        475.6     4.2        .61       217      2    
emailservice         0.0       0.0        6.3       1.5        .02       150      2    
frontend             170.6     237.5      0.0       0.0        1.16      216      2    
kubernetes-dashboard 0.0       0.0        0.0       0.0        0         7        1    
paymentservice       0.0       0.0        6.1       2.7        .02       122      2    
productcatalogservice 0.0       0.0        968.4     1.6        .68       109      2    
recommendationservice 0.0       0.0        129.2     13.0       .40       174      2    
redis-cart           0.0       0.0        0.0       0.0        .04       79       2    
shippingservice      0.0       0.0        51.4      0.8        .07       88       2    

[2025-12-01 19:34:02]
SERVICE              HTTP_RPM  HTTP_LAT   gRPC_RPM  gRPC_LAT   CPU(core) MEM(MiB) PODS
--------------------------------------------------------------------------------------
adservice            0.0       0.0        99.0      1.3        .12       247      2    
cartservice          0.0       0.0        170.8     10.3       .35       166      2    
checkoutservice      0.0       0.0        6.4       77.4       .09       94       2    
currencyservice      0.0       0.0        498.8     3.7        .63       216      2    
emailservice         0.0       0.0        6.4       1.5        .02       150      2    
frontend             173.2     214.6      0.0       0.0        1.20      219      2    
kubernetes-dashboard 0.0       0.0        0.0       0.0        0         7        1    
paymentservice       0.0       0.0        6.2       1.9        .02       122      2    
productcatalogservice 0.0       0.0        1004.4    1.1        .66       109      2    
recommendationservice 0.0       0.0        131.5     10.9       .41       174      2    
redis-cart           0.0       0.0        0.0       0.0        .04       79       2    
shippingservice      0.0       0.0        52.3      0.8        .07       88       2    

[2025-12-01 19:34:14]
SERVICE              HTTP_RPM  HTTP_LAT   gRPC_RPM  gRPC_LAT   CPU(core) MEM(MiB) PODS
--------------------------------------------------------------------------------------
adservice            0.0       0.0        106.7     1.6        .11       247      2    
cartservice          0.0       0.0        184.4     16.0       .34       166      2    
checkoutservice      0.0       0.0        6.1       82.7       .09       94       2    
currencyservice      0.0       0.0        562.6     7.7        .63       216      2    
emailservice         0.0       0.0        6.7       1.8        .02       150      2    
frontend             189.4     376.4      0.0       0.0        1.20      219      2    
kubernetes-dashboard 0.0       0.0        0.0       0.0        0         7        1    
paymentservice       0.0       0.0        6.7       2.0        .02       122      2    
productcatalogservice 0.0       0.0        1082.3    1.7        .64       110      2    
recommendationservice 0.0       0.0        139.9     15.3       .42       174      2    
redis-cart           0.0       0.0        0.0       0.0        .04       79       2    
shippingservice      0.0       0.0        56.7      1.0        .07       88       2    

[2025-12-01 19:34:26]
SERVICE              HTTP_RPM  HTTP_LAT   gRPC_RPM  gRPC_LAT   CPU(core) MEM(MiB) PODS
--------------------------------------------------------------------------------------
adservice            0.0       0.0        117.1     1.6        .12       247      2    
cartservice          0.0       0.0        201.7     18.5       .36       166      2    
checkoutservice      0.0       0.0        6.9       105.1      .10       94       2    
currencyservice      0.0       0.0        595.7     8.5        .63       217      2    
emailservice         0.0       0.0        7.1       1.7        .02       150      2    
frontend             199.5     381.8      0.0       0.0        1.18      218      2    
kubernetes-dashboard 0.0       0.0        0.0       0.0        0         7        1    
paymentservice       0.0       0.0        7.3       2.0        .02       123      2    
productcatalogservice 0.0       0.0        1082.3    1.7        .64       110      2    
recommendationservice 0.0       0.0        154.1     16.4       .42       174      2    
redis-cart           0.0       0.0        0.0       0.0        .04       79       2    
shippingservice      0.0       0.0        60.7      1.0        .07       88       2    

[2025-12-01 19:34:37]
SERVICE              HTTP_RPM  HTTP_LAT   gRPC_RPM  gRPC_LAT   CPU(core) MEM(MiB) PODS
--------------------------------------------------------------------------------------
adservice            0.0       0.0        122.3     1.6        .13       247      2    
cartservice          0.0       0.0        217.7     19.1       .38       166      2    
checkoutservice      0.0       0.0        7.8       105.1      .10       94       2    
currencyservice      0.0       0.0        611.4     9.0        .63       216      2    
emailservice         0.0       0.0        7.8       1.7        .02       150      2    
frontend             214.8     437.1      0.0       0.0        1.24      218      2    
kubernetes-dashboard 0.0       0.0        0.0       0.0        0         7        1    
paymentservice       0.0       0.0        7.3       2.0        .02       120      2    
productcatalogservice 0.0       0.0        1183.0    1.9        .68       109      2    
recommendationservice 0.0       0.0        165.2     18.2       .49       174      2    
redis-cart           0.0       0.0        0.0       0.0        .05       79       2    
shippingservice      0.0       0.0        65.8      1.1        .08       87       2    

[2025-12-01 19:34:49]
SERVICE              HTTP_RPM  HTTP_LAT   gRPC_RPM  gRPC_LAT   CPU(core) MEM(MiB) PODS
--------------------------------------------------------------------------------------
adservice            0.0       0.0        128.6     1.6        .13       247      2    
cartservice          0.0       0.0        217.7     19.1       .36       166      2    
checkoutservice      0.0       0.0        8.4       105.4      .11       94       2    
currencyservice      0.0       0.0        605.2     7.3        .63       216      2    
emailservice         0.0       0.0        8.2       1.7        .02       150      2    
frontend             219.9     465.1      0.0       0.0        1.23      220      2    
kubernetes-dashboard 0.0       0.0        0.0       0.0        0         7        1    
paymentservice       0.0       0.0        8.4       2.0        .02       121      2    
productcatalogservice 0.0       0.0        1242.5    2.0        .68       109      2    
recommendationservice 0.0       0.0        168.6     17.6       .48       174      2    
redis-cart           0.0       0.0        0.0       0.0        .04       79       2    
shippingservice      0.0       0.0        66.9      1.0        .08       87       2    

[2025-12-01 19:35:01]
SERVICE              HTTP_RPM  HTTP_LAT   gRPC_RPM  gRPC_LAT   CPU(core) MEM(MiB) PODS
--------------------------------------------------------------------------------------
adservice            0.0       0.0        128.0     1.4        .13       247      2    
cartservice          0.0       0.0        220.4     18.1       .36       166      2    
checkoutservice      0.0       0.0        8.5       97.6       .11       94       2    
currencyservice      0.0       0.0        612.9     6.5        .64       217      2    
emailservice         0.0       0.0        8.4       1.5        .02       150      2    
frontend             219.1     434.0      0.0       0.0        1.25      224      2    
kubernetes-dashboard 0.0       0.0        0.0       0.0        0         7        1    
paymentservice       0.0       0.0        8.5       1.7        .02       121      2    
productcatalogservice 0.0       0.0        1254.6    2.0        .65       109      2    
recommendationservice 0.0       0.0        169.2     15.9       .48       174      2    
redis-cart           0.0       0.0        0.0       0.0        .04       79       2    
shippingservice      0.0       0.0        66.4      1.0        .07       87       2    

[2025-12-01 19:35:14]
SERVICE              HTTP_RPM  HTTP_LAT   gRPC_RPM  gRPC_LAT   CPU(core) MEM(MiB) PODS
--------------------------------------------------------------------------------------
adservice            0.0       0.0        129.8     1.8        .13       247      2    
cartservice          0.0       0.0        217.6     24.3       .33       166      2    
checkoutservice      0.0       0.0        8.3       100.1      .10       94       2    
currencyservice      0.0       0.0        621.0     10.5       .64       217      2    
emailservice         0.0       0.0        8.1       1.7        .02       150      2    
frontend             214.4     599.4      0.0       0.0        1.25      224      2    
kubernetes-dashboard 0.0       0.0        0.0       0.0        0         7        1    
paymentservice       0.0       0.0        8.0       1.9        .02       121      2    
productcatalogservice 0.0       0.0        1186.3    3.5        .65       109      2    
recommendationservice 0.0       0.0        162.6     26.0       .44       175      2    
redis-cart           0.0       0.0        0.0       0.0        .04       79       2    
shippingservice      0.0       0.0        64.5      1.3        .07       88       2    

[2025-12-01 19:35:26]
SERVICE              HTTP_RPM  HTTP_LAT   gRPC_RPM  gRPC_LAT   CPU(core) MEM(MiB) PODS
--------------------------------------------------------------------------------------
adservice            0.0       0.0        122.3     1.9        .12       247      2    
cartservice          0.0       0.0        205.0     23.3       .31       166      2    
checkoutservice      0.0       0.0        7.8       105.1      .10       94       2    
currencyservice      0.0       0.0        586.2     10.9       .59       219      2    
emailservice         0.0       0.0        7.7       1.7        .02       150      2    
frontend             208.5     603.9      0.0       0.0        1.16      231      2    
kubernetes-dashboard 0.0       0.0        0.0       0.0        0         7        1    
paymentservice       0.0       0.0        7.7       1.9        .02       122      2    
productcatalogservice 0.0       0.0        1152.5    3.4        .65       109      2    
recommendationservice 0.0       0.0        154.0     25.3       .44       175      2    
redis-cart           0.0       0.0        0.0       0.0        .04       79       2    
shippingservice      0.0       0.0        60.7      1.3        .07       88       2    

[2025-12-01 19:35:38]
SERVICE              HTTP_RPM  HTTP_LAT   gRPC_RPM  gRPC_LAT   CPU(core) MEM(MiB) PODS
--------------------------------------------------------------------------------------
adservice            0.0       0.0        118.4     1.9        .12       247      2    
cartservice          0.0       0.0        190.6     25.0       .36       166      2    
checkoutservice      0.0       0.0        7.5       99.8       .10       94       2    
currencyservice      0.0       0.0        573.2     10.8       .61       220      2    
emailservice         0.0       0.0        7.5       1.7        .02       150      2    
frontend             193.4     569.3      0.0       0.0        1.19      229      2    
kubernetes-dashboard 0.0       0.0        0.0       0.0        0         7        1    
paymentservice       0.0       0.0        7.5       2.1        .02       123      2    
productcatalogservice 0.0       0.0        1109.5    3.4        .67       110      2    
recommendationservice 0.0       0.0        143.8     25.1       .43       175      2    
redis-cart           0.0       0.0        0.0       0.0        .04       80       2    
shippingservice      0.0       0.0        57.5      1.3        .07       87       2    

[2025-12-01 19:35:50]
SERVICE              HTTP_RPM  HTTP_LAT   gRPC_RPM  gRPC_LAT   CPU(core) MEM(MiB) PODS
--------------------------------------------------------------------------------------
adservice            0.0       0.0        108.2     1.9        .11       247      2    
cartservice          0.0       0.0        190.6     25.0       .32       166      2    
checkoutservice      0.0       0.0        7.4       96.5       .09       94       2    
currencyservice      0.0       0.0        511.1     6.6        .61       219      2    
emailservice         0.0       0.0        7.3       1.7        .02       150      2    
frontend             190.4     487.8      0.0       0.0        1.18      231      2    
kubernetes-dashboard 0.0       0.0        0.0       0.0        0         7        1    
paymentservice       0.0       0.0        7.2       2.1        .02       122      2    
productcatalogservice 0.0       0.0        1034.7    3.1        .67       109      2    
recommendationservice 0.0       0.0        137.9     22.8       .42       175      2    
redis-cart           0.0       0.0        0.0       0.0        .04       80       2    
shippingservice      0.0       0.0        56.7      0.9        .07       89       2    

[2025-12-01 19:36:01]
SERVICE              HTTP_RPM  HTTP_LAT   gRPC_RPM  gRPC_LAT   CPU(core) MEM(MiB) PODS
--------------------------------------------------------------------------------------
adservice            0.0       0.0        102.4     1.4        .11       247      2    
cartservice          0.0       0.0        177.7     18.0       .32       166      2    
checkoutservice      0.0       0.0        7.3       95.2       .09       94       2    
currencyservice      0.0       0.0        485.9     5.5        .59       217      2    
emailservice         0.0       0.0        7.0       1.7        .02       150      2    
frontend             175.6     240.1      0.0       0.0        1.17      232      2    
kubernetes-dashboard 0.0       0.0        0.0       0.0        0         7        1    
paymentservice       0.0       0.0        6.9       2.0        .02       122      2    
productcatalogservice 0.0       0.0        994.3     1.1        .66       109      2    
recommendationservice 0.0       0.0        136.7     12.4       .41       175      2    
redis-cart           0.0       0.0        0.0       0.0        .04       79       2    
shippingservice      0.0       0.0        54.9      0.9        .06       87       2    

[2025-12-01 19:36:14]
SERVICE              HTTP_RPM  HTTP_LAT   gRPC_RPM  gRPC_LAT   CPU(core) MEM(MiB) PODS
--------------------------------------------------------------------------------------
adservice            0.0       0.0        99.0      1.5        .12       246      2    
cartservice          0.0       0.0        175.7     26.6       .33       166      2    
checkoutservice      0.0       0.0        6.7       106.6      .09       94       2    
currencyservice      0.0       0.0        492.3     5.7        .59       217      2    
emailservice         0.0       0.0        7.0       2.3        .02       150      2    
frontend             172.1     251.0      0.0       0.0        1.17      232      2    
kubernetes-dashboard 0.0       0.0        0.0       0.0        0         7        1    
paymentservice       0.0       0.0        7.0       2.7        .02       122      2    
productcatalogservice 0.0       0.0        1068.7    3.1        .66       109      2    
recommendationservice 0.0       0.0        138.6     20.0       .42       175      2    
redis-cart           0.0       0.0        0.0       0.0        .04       79       2    
shippingservice      0.0       0.0        56.2      1.4        .08       88       2    

[2025-12-01 19:36:25]
SERVICE              HTTP_RPM  HTTP_LAT   gRPC_RPM  gRPC_LAT   CPU(core) MEM(MiB) PODS
--------------------------------------------------------------------------------------
adservice            0.0       0.0        108.4     1.6        .11       246      2    
cartservice          0.0       0.0        190.5     22.7       .29       166      2    
checkoutservice      0.0       0.0        7.3       124.6      .10       94       2    
currencyservice      0.0       0.0        516.0     7.1        .58       216      2    
emailservice         0.0       0.0        7.4       2.2        .02       150      2    
frontend             188.2     386.1      0.0       0.0        1.18      234      2    
kubernetes-dashboard 0.0       0.0        0.0       0.0        0         7        1    
paymentservice       0.0       0.0        7.3       2.5        .02       122      2    
productcatalogservice 0.0       0.0        1068.7    3.1        .65       109      2    
recommendationservice 0.0       0.0        146.1     21.1       .42       175      2    
redis-cart           0.0       0.0        0.0       0.0        .04       79       2    
shippingservice      0.0       0.0        58.5      1.4        .08       88       2    

[2025-12-01 19:36:37]
SERVICE              HTTP_RPM  HTTP_LAT   gRPC_RPM  gRPC_LAT   CPU(core) MEM(MiB) PODS
--------------------------------------------------------------------------------------
adservice            0.0       0.0        110.3     1.6        .12       246      2    
cartservice          0.0       0.0        196.3     18.9       .34       166      2    
checkoutservice      0.0       0.0        7.4       117.9      .11       94       2    
currencyservice      0.0       0.0        524.9     7.1        .62       217      2    
emailservice         0.0       0.0        7.6       2.1        .02       150      2    
frontend             193.2     408.5      0.0       0.0        1.19      230      2    
kubernetes-dashboard 0.0       0.0        0.0       0.0        0         7        1    
paymentservice       0.0       0.0        7.3       2.5        .02       123      2    
productcatalogservice 0.0       0.0        1100.4    3.2        .68       109      2    
recommendationservice 0.0       0.0        147.9     21.3       .46       175      2    
redis-cart           0.0       0.0        0.0       0.0        .04       79       2    
shippingservice      0.0       0.0        58.9      1.4        .07       88       2    

[2025-12-01 19:36:49]
SERVICE              HTTP_RPM  HTTP_LAT   gRPC_RPM  gRPC_LAT   CPU(core) MEM(MiB) PODS
--------------------------------------------------------------------------------------
adservice            0.0       0.0        111.4     1.7        .12       246      2    
cartservice          0.0       0.0        194.9     22.8       .33       166      2    
checkoutservice      0.0       0.0        7.4       110.7      .10       94       2    
currencyservice      0.0       0.0        531.6     6.2        .61       217      2    
emailservice         0.0       0.0        7.7       2.1        .02       150      2    
frontend             195.6     424.5      0.0       0.0        1.20      231      2    
kubernetes-dashboard 0.0       0.0        0.0       0.0        0         7        1    
paymentservice       0.0       0.0        7.6       2.4        .02       122      2    
productcatalogservice 0.0       0.0        1112.4    3.3        .64       109      2    
recommendationservice 0.0       0.0        147.9     21.3       .42       175      2    
redis-cart           0.0       0.0        0.0       0.0        .04       79       2    
shippingservice      0.0       0.0        59.0      1.4        .07       88       2    

[2025-12-01 19:37:00]
SERVICE              HTTP_RPM  HTTP_LAT   gRPC_RPM  gRPC_LAT   CPU(core) MEM(MiB) PODS
--------------------------------------------------------------------------------------
adservice            0.0       0.0        109.6     1.4        .11       246      2    
cartservice          0.0       0.0        188.0     15.3       .33       166      2    
checkoutservice      0.0       0.0        7.4       91.9       .10       94       2    
currencyservice      0.0       0.0        511.0     6.1        .61       217      2    
emailservice         0.0       0.0        7.1       1.6        .02       150      2    
frontend             181.4     321.1      0.0       0.0        1.20      231      2    
kubernetes-dashboard 0.0       0.0        0.0       0.0        0         7        1    
paymentservice       0.0       0.0        7.1       1.6        .02       122      2    
productcatalogservice 0.0       0.0        984.0     1.4        .56       109      2    
recommendationservice 0.0       0.0        139.4     14.8       .36       175      2    
redis-cart           0.0       0.0        0.0       0.0        .04       79       2    
shippingservice      0.0       0.0        55.3      0.9        .06       88       2    

[2025-12-01 19:37:11]
SERVICE              HTTP_RPM  HTTP_LAT   gRPC_RPM  gRPC_LAT   CPU(core) MEM(MiB) PODS
--------------------------------------------------------------------------------------
adservice            0.0       0.0        94.9      1.5        .10       246      2    
cartservice          0.0       0.0        161.6     15.5       .31       166      2    
checkoutservice      0.0       0.0        6.7       87.8       .09       94       2    
currencyservice      0.0       0.0        453.9     5.1        .54       217      2    
emailservice         0.0       0.0        5.9       1.7        .02       150      2    
frontend             166.9     311.9      0.0       0.0        1.03      231      2    
kubernetes-dashboard 0.0       0.0        0.0       0.0        0         7        1    
paymentservice       0.0       0.0        5.7       1.7        .02       122      2    
productcatalogservice 0.0       0.0        984.0     1.3        .56       109      2    
recommendationservice 0.0       0.0        117.8     17.4       .36       175      2    
redis-cart           0.0       0.0        0.0       0.0        .04       79       2    
shippingservice      0.0       0.0        46.0      0.9        .06       88       2    

[2025-12-01 19:37:23]
SERVICE              HTTP_RPM  HTTP_LAT   gRPC_RPM  gRPC_LAT   CPU(core) MEM(MiB) PODS
--------------------------------------------------------------------------------------
adservice            0.0       0.0        88.3      1.4        .10       246      2    
cartservice          0.0       0.0        140.4     27.8       .23       166      2    
checkoutservice      0.0       0.0        5.3       114.8      .06       94       2    
currencyservice      0.0       0.0        428.5     5.0        .47       216      2    
emailservice         0.0       0.0        5.6       1.8        .02       150      2    
frontend             142.6     329.5      0.0       0.0        1.00      236      2    
kubernetes-dashboard 0.0       0.0        0.0       0.0        0         7        1    
paymentservice       0.0       0.0        5.7       1.7        .01       123      2    
productcatalogservice 0.0       0.0        832.1     1.5        .58       109      2    
recommendationservice 0.0       0.0        106.2     17.6       .34       174      2    
redis-cart           0.0       0.0        0.0       0.0        .03       79       2    
shippingservice      0.0       0.0        42.4      0.9        .05       88       2    

[2025-12-01 19:37:34]
SERVICE              HTTP_RPM  HTTP_LAT   gRPC_RPM  gRPC_LAT   CPU(core) MEM(MiB) PODS
--------------------------------------------------------------------------------------
adservice            0.0       0.0        81.3      1.4        .08       246      2    
cartservice          0.0       0.0        140.4     27.8       .25       166      2    
checkoutservice      0.0       0.0        5.6       114.8      .08       94       2    
currencyservice      0.0       0.0        400.7     4.5        .52       216      2    
emailservice         0.0       0.0        5.4       1.7        .02       150      2    
frontend             141.0     306.9      0.0       0.0        .99       229      2    
kubernetes-dashboard 0.0       0.0        0.0       0.0        0         7        1    
paymentservice       0.0       0.0        5.4       1.7        .01       123      2    
productcatalogservice 0.0       0.0        783.0     1.3        .55       109      2    
recommendationservice 0.0       0.0        106.2     17.6       .31       175      2    
redis-cart           0.0       0.0        0.0       0.0        .03       79       2    
shippingservice      0.0       0.0        41.7      0.9        .05       88       2    

[2025-12-01 19:37:46]
SERVICE              HTTP_RPM  HTTP_LAT   gRPC_RPM  gRPC_LAT   CPU(core) MEM(MiB) PODS
--------------------------------------------------------------------------------------
adservice            0.0       0.0        80.5      1.3        .08       246      2    
cartservice          0.0       0.0        135.0     36.6       .25       166      2    
checkoutservice      0.0       0.0        5.2       120.5      .08       94       2    
currencyservice      0.0       0.0        388.3     4.3        .52       216      2    
emailservice         0.0       0.0        5.2       1.7        .02       150      2    
frontend             136.0     260.4      0.0       0.0        1.08      229      2    
kubernetes-dashboard 0.0       0.0        0.0       0.0        0         7        1    
paymentservice       0.0       0.0        5.2       1.9        .02       123      2    
productcatalogservice 0.0       0.0        777.6     1.2        .59       109      2    
recommendationservice 0.0       0.0        102.8     16.0       .34       174      2    
redis-cart           0.0       0.0        0.0       0.0        .04       79       2    
shippingservice      0.0       0.0        40.5      0.9        .06       88       2    

[2025-12-01 19:37:57]
SERVICE              HTTP_RPM  HTTP_LAT   gRPC_RPM  gRPC_LAT   CPU(core) MEM(MiB) PODS
--------------------------------------------------------------------------------------
adservice            0.0       0.0        80.3      1.1        .10       247      2    
cartservice          0.0       0.0        144.1     45.8       .29       166      2    
checkoutservice      0.0       0.0        5.6       134.9      .09       94       2    
currencyservice      0.0       0.0        409.2     3.5        .53       217      2    
emailservice         0.0       0.0        6.3       1.6        .02       150      2    
frontend             139.2     261.0      0.0       0.0        1.08      229      2    
kubernetes-dashboard 0.0       0.0        0.0       0.0        0         7        1    
paymentservice       0.0       0.0        6.5       1.8        .02       123      2    
productcatalogservice 0.0       0.0        888.8     0.9        .59       109      2    
recommendationservice 0.0       0.0        113.4     11.2       .34       174      2    
redis-cart           0.0       0.0        0.0       0.0        .04       79       2    
shippingservice      0.0       0.0        47.9      0.8        .07       88       2    

[2025-12-01 19:38:09]
SERVICE              HTTP_RPM  HTTP_LAT   gRPC_RPM  gRPC_LAT   CPU(core) MEM(MiB) PODS
--------------------------------------------------------------------------------------
adservice            0.0       0.0        89.7      1.3        .10       246      2    
cartservice          0.0       0.0        156.8     30.4       .30       167      2    
checkoutservice      0.0       0.0        6.5       122.6      .08       94       2    
currencyservice      0.0       0.0        430.5     4.0        .59       218      2    
emailservice         0.0       0.0        6.3       1.6        .02       150      2    
frontend             156.7     228.4      0.0       0.0        1.13      226      2    
kubernetes-dashboard 0.0       0.0        0.0       0.0        0         7        1    
paymentservice       0.0       0.0        6.6       1.8        .02       123      2    
productcatalogservice 0.0       0.0        888.8     0.9        .63       109      2    
recommendationservice 0.0       0.0        122.8     13.3       .39       174      2    
redis-cart           0.0       0.0        0.0       0.0        .04       79       2    
shippingservice      0.0       0.0        49.8      0.9        .07       88       2    

[2025-12-01 19:38:21]
SERVICE              HTTP_RPM  HTTP_LAT   gRPC_RPM  gRPC_LAT   CPU(core) MEM(MiB) PODS
--------------------------------------------------------------------------------------
adservice            0.0       0.0        92.6      1.4        .11       253      2    
cartservice          0.0       0.0        156.8     30.4       .28       167      2    
checkoutservice      0.0       0.0        6.6       135.3      .08       94       2    
currencyservice      0.0       0.0        457.6     4.6        .57       216      2    
emailservice         0.0       0.0        6.6       1.5        .02       150      2    
frontend             157.8     261.6      0.0       0.0        1.10      226      2    
kubernetes-dashboard 0.0       0.0        0.0       0.0        0         7        1    
paymentservice       0.0       0.0        6.6       1.8        .02       123      2    
productcatalogservice 0.0       0.0        941.2     1.3        .63       110      2    
recommendationservice 0.0       0.0        127.4     13.9       .39       174      2    
redis-cart           0.0       0.0        0.0       0.0        .04       79       2    
shippingservice      0.0       0.0        51.7      1.0        .06       88       2    

[2025-12-01 19:38:32]
SERVICE              HTTP_RPM  HTTP_LAT   gRPC_RPM  gRPC_LAT   CPU(core) MEM(MiB) PODS
--------------------------------------------------------------------------------------
adservice            0.0       0.0        95.0      1.5        .11       253      2    
cartservice          0.0       0.0        169.9     46.9       .28       167      2    
checkoutservice      0.0       0.0        6.8       138.0      .08       94       2    
currencyservice      0.0       0.0        476.7     4.8        .58       217      2    
emailservice         0.0       0.0        6.7       1.5        .02       149      2    
frontend             171.8     305.8      0.0       0.0        1.13      224      2    
kubernetes-dashboard 0.0       0.0        0.0       0.0        0         7        1    
paymentservice       0.0       0.0        6.9       1.7        .02       124      2    
productcatalogservice 0.0       0.0        1022.3    1.6        .65       109      2    
recommendationservice 0.0       0.0        131.5     15.4       .41       174      2    
redis-cart           0.0       0.0        0.0       0.0        .04       79       2    
shippingservice      0.0       0.0        54.2      1.0        .07       88       2    

[2025-12-01 19:38:44]
SERVICE              HTTP_RPM  HTTP_LAT   gRPC_RPM  gRPC_LAT   CPU(core) MEM(MiB) PODS
--------------------------------------------------------------------------------------
adservice            0.0       0.0        102.3     1.6        .11       246      2    
cartservice          0.0       0.0        176.2     37.8       .29       167      2    
checkoutservice      0.0       0.0        7.0       127.0      .11       94       2    
currencyservice      0.0       0.0        493.9     5.3        .58       217      2    
emailservice         0.0       0.0        7.0       1.6        .02       149      2    
frontend             177.9     307.9      0.0       0.0        1.13      224      2    
kubernetes-dashboard 0.0       0.0        0.0       0.0        0         7        1    
paymentservice       0.0       0.0        7.1       1.7        .02       124      2    
productcatalogservice 0.0       0.0        1058.6    1.6        .65       109      2    
recommendationservice 0.0       0.0        138.3     15.5       .43       174      2    
redis-cart           0.0       0.0        0.0       0.0        .04       79       2    
shippingservice      0.0       0.0        54.7      1.0        .07       87       2    

[2025-12-01 19:38:55]
SERVICE              HTTP_RPM  HTTP_LAT   gRPC_RPM  gRPC_LAT   CPU(core) MEM(MiB) PODS
--------------------------------------------------------------------------------------
adservice            0.0       0.0        106.2     1.4        .12       246      2    
cartservice          0.0       0.0        185.9     38.4       .31       167      2    
checkoutservice      0.0       0.0        7.2       110.4      .11       95       2    
currencyservice      0.0       0.0        499.5     5.0        .59       217      2    
emailservice         0.0       0.0        7.4       1.6        .02       149      2    
frontend             182.8     306.4      0.0       0.0        1.18      225      2    
kubernetes-dashboard 0.0       0.0        0.0       0.0        0         7        1    
paymentservice       0.0       0.0        7.4       1.7        .02       124      2    
productcatalogservice 0.0       0.0        1058.6    1.6        .67       109      2    
recommendationservice 0.0       0.0        143.2     14.4       .43       174      2    
redis-cart           0.0       0.0        0.0       0.0        .04       79       2    
shippingservice      0.0       0.0        58.4      0.9        .07       87       2    

[2025-12-01 19:39:08]
SERVICE              HTTP_RPM  HTTP_LAT   gRPC_RPM  gRPC_LAT   CPU(core) MEM(MiB) PODS
--------------------------------------------------------------------------------------
adservice            0.0       0.0        105.9     1.4        .12       246      2    
cartservice          0.0       0.0        181.8     24.1       .33       167      2    
checkoutservice      0.0       0.0        7.6       106.3      .10       95       2    
currencyservice      0.0       0.0        515.2     5.3        .61       218      2    
emailservice         0.0       0.0        7.5       2.1        .02       149      2    
frontend             183.5     283.4      0.0       0.0        1.19      224      2    
kubernetes-dashboard 0.0       0.0        0.0       0.0        0         7        1    
paymentservice       0.0       0.0        7.4       1.7        .02       124      2    
productcatalogservice 0.0       0.0        1077.2    1.3        .67       109      2    
recommendationservice 0.0       0.0        139.3     15.8       .43       174      2    
redis-cart           0.0       0.0        0.0       0.0        .04       79       2    
shippingservice      0.0       0.0        55.7      1.2        .07       87       2    

[2025-12-01 19:39:19]
SERVICE              HTTP_RPM  HTTP_LAT   gRPC_RPM  gRPC_LAT   CPU(core) MEM(MiB) PODS
--------------------------------------------------------------------------------------
adservice            0.0       0.0        103.5     1.6        .11       246      2    
cartservice          0.0       0.0        181.8     24.1       .30       167      2    
checkoutservice      0.0       0.0        6.9       124.4      .10       95       2    
currencyservice      0.0       0.0        506.5     5.4        .57       216      2    
emailservice         0.0       0.0        7.6       2.2        .02       149      2    
frontend             178.9     316.6      0.0       0.0        1.10      224      2    
kubernetes-dashboard 0.0       0.0        0.0       0.0        0         7        1    
paymentservice       0.0       0.0        7.3       2.4        .02       124      2    
productcatalogservice 0.0       0.0        1037.1    2.2        .63       109      2    
recommendationservice 0.0       0.0        135.8     16.0       .40       175      2    
redis-cart           0.0       0.0        0.0       0.0        .04       79       2    
shippingservice      0.0       0.0        54.5      1.2        .07       87       2    

[2025-12-01 19:39:31]
SERVICE              HTTP_RPM  HTTP_LAT   gRPC_RPM  gRPC_LAT   CPU(core) MEM(MiB) PODS
--------------------------------------------------------------------------------------
adservice            0.0       0.0        102.0     1.7        .11       246      2    
cartservice          0.0       0.0        175.2     27.8       .30       167      2    
checkoutservice      0.0       0.0        6.8       126.6      .10       95       2    
currencyservice      0.0       0.0        499.9     5.1        .57       216      2    
emailservice         0.0       0.0        6.7       2.3        .02       149      2    
frontend             173.7     299.9      0.0       0.0        1.16      224      2    
kubernetes-dashboard 0.0       0.0        0.0       0.0        0         7        1    
paymentservice       0.0       0.0        6.9       2.5        .02       123      2    
productcatalogservice 0.0       0.0        1004.7    2.2        .65       110      2    
recommendationservice 0.0       0.0        134.0     15.7       .41       175      2    
redis-cart           0.0       0.0        0.0       0.0        .04       79       2    
shippingservice      0.0       0.0        53.4      1.2        .07       87       2    

[2025-12-01 19:39:42]
SERVICE              HTTP_RPM  HTTP_LAT   gRPC_RPM  gRPC_LAT   CPU(core) MEM(MiB) PODS
--------------------------------------------------------------------------------------
adservice            0.0       0.0        98.8      1.7        .11       246      2    
cartservice          0.0       0.0        170.4     27.4       .32       167      2    
checkoutservice      0.0       0.0        6.7       132.5      .08       95       2    
currencyservice      0.0       0.0        483.6     4.7        .60       218      2    
emailservice         0.0       0.0        6.7       2.3        .02       150      2    
frontend             171.3     294.8      0.0       0.0        1.16      224      2    
kubernetes-dashboard 0.0       0.0        0.0       0.0        0         7        1    
paymentservice       0.0       0.0        6.6       2.3        .02       123      2    
productcatalogservice 0.0       0.0        998.0     2.1        .65       110      2    
recommendationservice 0.0       0.0        130.9     15.8       .41       175      2    
redis-cart           0.0       0.0        0.0       0.0        .04       79       2    
shippingservice      0.0       0.0        52.3      1.2        .07       87       2    

[2025-12-01 19:39:54]
SERVICE              HTTP_RPM  HTTP_LAT   gRPC_RPM  gRPC_LAT   CPU(core) MEM(MiB) PODS
--------------------------------------------------------------------------------------
adservice            0.0       0.0        100.8     1.4        .11       246      2    
cartservice          0.0       0.0        173.7     23.9       .29       167      2    
checkoutservice      0.0       0.0        6.6       123.5      .10       94       2    
currencyservice      0.0       0.0        486.4     4.3        .61       217      2    
emailservice         0.0       0.0        6.6       1.7        .02       151      2    
frontend             171.8     272.4      0.0       0.0        1.18      223      2    
kubernetes-dashboard 0.0       0.0        0.0       0.0        0         7        1    
paymentservice       0.0       0.0        6.6       1.6        .02       123      2    
productcatalogservice 0.0       0.0        998.0     2.1        .67       110      2    
recommendationservice 0.0       0.0        133.9     13.1       .42       175      2    
redis-cart           0.0       0.0        0.0       0.0        .04       79       2    
shippingservice      0.0       0.0        53.1      0.8        .07       87       2    

[2025-12-01 19:40:07]
SERVICE              HTTP_RPM  HTTP_LAT   gRPC_RPM  gRPC_LAT   CPU(core) MEM(MiB) PODS
--------------------------------------------------------------------------------------
adservice            0.0       0.0        97.5      1.3        .11       246      2    
cartservice          0.0       0.0        168.6     28.6       .30       168      2    
checkoutservice      0.0       0.0        6.4       123.4      .09       94       2    
currencyservice      0.0       0.0        476.1     4.2        .62       217      2    
emailservice         0.0       0.0        6.7       1.6        .02       151      2    
frontend             164.1     234.9      0.0       0.0        1.17      223      2    
kubernetes-dashboard 0.0       0.0        0.0       0.0        0         7        1    
paymentservice       0.0       0.0        6.6       1.6        .02       124      2    
productcatalogservice 0.0       0.0        981.9     0.9        .66       109      2    
recommendationservice 0.0       0.0        122.2     15.8       .40       175      2    
redis-cart           0.0       0.0        0.0       0.0        .04       79       2    
shippingservice      0.0       0.0        50.5      0.9        .06       87       2    

[2025-12-01 19:40:19]
SERVICE              HTTP_RPM  HTTP_LAT   gRPC_RPM  gRPC_LAT   CPU(core) MEM(MiB) PODS
--------------------------------------------------------------------------------------
adservice            0.0       0.0        89.6      1.4        .09       246      2    
cartservice          0.0       0.0        162.2     26.7       .29       166      2    
checkoutservice      0.0       0.0        6.2       119.7      .08       94       2    
currencyservice      0.0       0.0        439.9     4.6        .50       216      2    
emailservice         0.0       0.0        6.4       1.6        .02       151      2    
frontend             156.7     285.1      0.0       0.0        .96       223      2    
kubernetes-dashboard 0.0       0.0        0.0       0.0        0         7        1    
paymentservice       0.0       0.0        6.3       1.8        .02       124      2    
productcatalogservice 0.0       0.0        886.8     1.5        .57       109      2    
recommendationservice 0.0       0.0        122.2     15.8       .33       175      2    
redis-cart           0.0       0.0        0.0       0.0        .03       79       2    
shippingservice      0.0       0.0        49.2      0.9        .05       87       2    

[2025-12-01 19:40:30]
SERVICE              HTTP_RPM  HTTP_LAT   gRPC_RPM  gRPC_LAT   CPU(core) MEM(MiB) PODS
--------------------------------------------------------------------------------------
adservice            0.0       0.0        85.4      1.5        .09       246      2    
cartservice          0.0       0.0        146.9     24.6       .29       166      2    
checkoutservice      0.0       0.0        5.8       116.2      .08       94       2    
currencyservice      0.0       0.0        411.4     4.5        .50       216      2    
emailservice         0.0       0.0        5.7       1.7        .02       151      2    
frontend             141.4     278.1      0.0       0.0        .96       223      2    
kubernetes-dashboard 0.0       0.0        0.0       0.0        0         7        1    
paymentservice       0.0       0.0        5.4       2.1        .01       124      2    
productcatalogservice 0.0       0.0        800.2     1.5        .58       109      2    
recommendationservice 0.0       0.0        110.3     15.5       .32       175      2    
redis-cart           0.0       0.0        0.0       0.0        .03       79       2    
shippingservice      0.0       0.0        44.0      1.0        .05       87       2    

[2025-12-01 19:40:41]
SERVICE              HTTP_RPM  HTTP_LAT   gRPC_RPM  gRPC_LAT   CPU(core) MEM(MiB) PODS
--------------------------------------------------------------------------------------
adservice            0.0       0.0        76.9      1.5        .09       246      2    
cartservice          0.0       0.0        131.6     19.5       .28       166      2    
checkoutservice      0.0       0.0        5.3       112.7      .07       94       2    
currencyservice      0.0       0.0        373.4     3.9        .49       217      2    
emailservice         0.0       0.0        5.0       1.6        .02       151      2    
frontend             132.9     273.0      0.0       0.0        1.01      222      2    
kubernetes-dashboard 0.0       0.0        0.0       0.0        0         7        1    
paymentservice       0.0       0.0        4.9       2.2        .01       124      2    
productcatalogservice 0.0       0.0        762.3     1.4        .58       109      2    
recommendationservice 0.0       0.0        100.2     14.2       .32       175      2    
redis-cart           0.0       0.0        0.0       0.0        .03       79       2    
shippingservice      0.0       0.0        39.5      1.0        .05       87       2    

[2025-12-01 19:40:53]
SERVICE              HTTP_RPM  HTTP_LAT   gRPC_RPM  gRPC_LAT   CPU(core) MEM(MiB) PODS
--------------------------------------------------------------------------------------
adservice            0.0       0.0        76.3      1.4        .09       246      2    
cartservice          0.0       0.0        132.1     15.9       .30       166      2    
checkoutservice      0.0       0.0        5.0       77.8       .07       94       2    
currencyservice      0.0       0.0        371.2     3.1        .53       217      2    
emailservice         0.0       0.0        4.8       1.6        .02       151      2    
frontend             131.1     225.8      0.0       0.0        1.06      222      2    
kubernetes-dashboard 0.0       0.0        0.0       0.0        0         7        1    
paymentservice       0.0       0.0        4.7       1.9        .01       124      2    
productcatalogservice 0.0       0.0        762.3     1.4        .60       110      2    
recommendationservice 0.0       0.0        103.3     9.8        .33       175      2    
redis-cart           0.0       0.0        0.0       0.0        .04       79       2    
shippingservice      0.0       0.0        40.2      0.8        .05       87       2    

[2025-12-01 19:41:05]
SERVICE              HTTP_RPM  HTTP_LAT   gRPC_RPM  gRPC_LAT   CPU(core) MEM(MiB) PODS
--------------------------------------------------------------------------------------
adservice            0.0       0.0        78.8      1.2        .10       246      2    
cartservice          0.0       0.0        132.1     15.9       .30       166      2    
checkoutservice      0.0       0.0        5.0       81.6       .07       94       2    
currencyservice      0.0       0.0        397.7     3.8        .54       217      2    
emailservice         0.0       0.0        4.8       1.6        .02       150      2    
frontend             134.5     180.3      0.0       0.0        1.07      223      2    
kubernetes-dashboard 0.0       0.0        0.0       0.0        0         7        1    
paymentservice       0.0       0.0        4.7       1.9        .02       124      2    
productcatalogservice 0.0       0.0        790.8     0.8        .61       110      2    
recommendationservice 0.0       0.0        106.8     10.2       .34       175      2    
redis-cart           0.0       0.0        0.0       0.0        .04       79       2    
shippingservice      0.0       0.0        40.9      0.8        .05       87       2    

[2025-12-01 19:41:16]
SERVICE              HTTP_RPM  HTTP_LAT   gRPC_RPM  gRPC_LAT   CPU(core) MEM(MiB) PODS
--------------------------------------------------------------------------------------
adservice            0.0       0.0        80.8      1.3        .10       246      2    
cartservice          0.0       0.0        139.6     24.1       .30       166      2    
checkoutservice      0.0       0.0        5.1       98.8       .07       94       2    
currencyservice      0.0       0.0        411.6     4.0        .54       217      2    
emailservice         0.0       0.0        5.3       1.7        .02       150      2    
frontend             143.1     269.9      0.0       0.0        1.00      223      2    
kubernetes-dashboard 0.0       0.0        0.0       0.0        0         7        1    
paymentservice       0.0       0.0        5.6       1.7        .01       125      2    
productcatalogservice 0.0       0.0        829.3     1.3        .60       110      2    
recommendationservice 0.0       0.0        108.3     12.9       .35       175      2    
redis-cart           0.0       0.0        0.0       0.0        .03       79       2    
shippingservice      0.0       0.0        42.1      0.9        .06       87       2    

[2025-12-01 19:41:28]
SERVICE              HTTP_RPM  HTTP_LAT   gRPC_RPM  gRPC_LAT   CPU(core) MEM(MiB) PODS
--------------------------------------------------------------------------------------
adservice            0.0       0.0        85.9      1.4        .10       246      2    
cartservice          0.0       0.0        146.4     29.8       .26       166      2    
checkoutservice      0.0       0.0        5.4       107.0      .08       94       2    
currencyservice      0.0       0.0        424.1     4.4        .54       217      2    
emailservice         0.0       0.0        5.6       1.6        .02       150      2    
frontend             146.1     274.5      0.0       0.0        1.00      223      2    
kubernetes-dashboard 0.0       0.0        0.0       0.0        0         7        1    
paymentservice       0.0       0.0        5.6       1.7        .01       125      2    
productcatalogservice 0.0       0.0        870.5     1.4        .60       110      2    
recommendationservice 0.0       0.0        113.3     13.7       .35       175      2    
redis-cart           0.0       0.0        0.0       0.0        .04       79       2    
shippingservice      0.0       0.0        45.4      0.9        .06       87       2    

[2025-12-01 19:41:39]
SERVICE              HTTP_RPM  HTTP_LAT   gRPC_RPM  gRPC_LAT   CPU(core) MEM(MiB) PODS
--------------------------------------------------------------------------------------
adservice            0.0       0.0        89.3      1.4        .10       246      2    
cartservice          0.0       0.0        154.1     22.6       .29       166      2    
checkoutservice      0.0       0.0        5.8       111.4      .08       94       2    
currencyservice      0.0       0.0        432.4     4.8        .54       216      2    
emailservice         0.0       0.0        5.8       1.6        .02       150      2    
frontend             151.6     291.2      0.0       0.0        1.11      223      2    
kubernetes-dashboard 0.0       0.0        0.0       0.0        0         7        1    
paymentservice       0.0       0.0        6.0       1.8        .02       124      2    
productcatalogservice 0.0       0.0        870.5     1.4        .62       110      2    
recommendationservice 0.0       0.0        118.7     14.2       .37       175      2    
redis-cart           0.0       0.0        0.0       0.0        .04       79       2    
shippingservice      0.0       0.0        48.2      0.9        .06       87       2    

[2025-12-01 19:41:51]
SERVICE              HTTP_RPM  HTTP_LAT   gRPC_RPM  gRPC_LAT   CPU(core) MEM(MiB) PODS
--------------------------------------------------------------------------------------
adservice            0.0       0.0        89.8      1.4        .11       246      2    
cartservice          0.0       0.0        154.1     22.6       .30       169      2    
checkoutservice      0.0       0.0        5.9       106.1      .09       94       2    
currencyservice      0.0       0.0        431.5     3.8        .58       218      2    
emailservice         0.0       0.0        5.8       1.6        .02       150      2    
frontend             154.5     264.0      0.0       0.0        1.13      223      2    
kubernetes-dashboard 0.0       0.0        0.0       0.0        0         7        1    
paymentservice       0.0       0.0        6.0       1.8        .02       125      2    
productcatalogservice 0.0       0.0        904.1     1.3        .65       109      2    
recommendationservice 0.0       0.0        118.6     13.7       .39       175      2    
redis-cart           0.0       0.0        0.0       0.0        .04       79       2    
shippingservice      0.0       0.0        48.4      0.8        .06       87       2    

[2025-12-01 19:42:03]
SERVICE              HTTP_RPM  HTTP_LAT   gRPC_RPM  gRPC_LAT   CPU(core) MEM(MiB) PODS
--------------------------------------------------------------------------------------
adservice            0.0       0.0        89.8      1.2        .11       246      2    
cartservice          0.0       0.0        155.5     20.9       .30       169      2    
checkoutservice      0.0       0.0        5.8       102.0      .08       94       2    
currencyservice      0.0       0.0        449.9     3.7        .56       217      2    
emailservice         0.0       0.0        5.6       1.5        .02       150      2    
frontend             156.8     228.6      0.0       0.0        1.12      223      2    
kubernetes-dashboard 0.0       0.0        0.0       0.0        0         7        1    
paymentservice       0.0       0.0        5.6       1.7        .02       122      2    
productcatalogservice 0.0       0.0        914.9     1.0        .63       109      2    
recommendationservice 0.0       0.0        120.6     11.1       .37       175      2    
redis-cart           0.0       0.0        0.0       0.0        .04       79       2    
shippingservice      0.0       0.0        48.7      0.8        .06       88       2    

[2025-12-01 19:42:14]
SERVICE              HTTP_RPM  HTTP_LAT   gRPC_RPM  gRPC_LAT   CPU(core) MEM(MiB) PODS
--------------------------------------------------------------------------------------
adservice            0.0       0.0        91.7      1.3        .10       246      2    
cartservice          0.0       0.0        159.8     24.0       .27       169      2    
checkoutservice      0.0       0.0        5.8       102.0      .08       94       2    
currencyservice      0.0       0.0        472.4     5.8        .56       217      2    
emailservice         0.0       0.0        5.6       1.5        .02       150      2    
frontend             162.2     381.4      0.0       0.0        1.12      223      2    
kubernetes-dashboard 0.0       0.0        0.0       0.0        0         7        1    
paymentservice       0.0       0.0        5.6       2.4        .02       123      2    
productcatalogservice 0.0       0.0        916.0     1.8        .57       110      2    
recommendationservice 0.0       0.0        121.0     20.2       .36       175      2    
redis-cart           0.0       0.0        0.0       0.0        .03       79       2    
shippingservice      0.0       0.0        48.6      0.9        .05       87       2    

[2025-12-01 19:42:26]
SERVICE              HTTP_RPM  HTTP_LAT   gRPC_RPM  gRPC_LAT   CPU(core) MEM(MiB) PODS
--------------------------------------------------------------------------------------
adservice            0.0       0.0        96.5      1.6        .10       248      2    
cartservice          0.0       0.0        164.0     29.6       .25       169      2    
checkoutservice      0.0       0.0        5.3       108.0      .07       94       2    
currencyservice      0.0       0.0        488.4     6.6        .52       216      2    
emailservice         0.0       0.0        5.6       1.6        .02       153      2    
frontend             164.3     384.1      0.0       0.0        1.03      223      2    
kubernetes-dashboard 0.0       0.0        0.0       0.0        0         7        1    
paymentservice       0.0       0.0        5.9       2.3        .01       123      2    
productcatalogservice 0.0       0.0        916.0     1.8        .57       110      2    
recommendationservice 0.0       0.0        126.2     20.2       .36       175      2    
redis-cart           0.0       0.0        0.0       0.0        .03       79       2    
shippingservice      0.0       0.0        49.9      0.9        .05       87       2    

[2025-12-01 19:42:38]
SERVICE              HTTP_RPM  HTTP_LAT   gRPC_RPM  gRPC_LAT   CPU(core) MEM(MiB) PODS
--------------------------------------------------------------------------------------
adservice            0.0       0.0        98.2      1.6        .11       248      2    
cartservice          0.0       0.0        173.4     23.2       .30       169      2    
checkoutservice      0.0       0.0        6.0       102.2      .09       94       2    
currencyservice      0.0       0.0        498.2     6.8        .58       218      2    
emailservice         0.0       0.0        6.1       1.5        .02       153      2    
frontend             172.0     402.3      0.0       0.0        1.14      224      2    
kubernetes-dashboard 0.0       0.0        0.0       0.0        0         7        1    
paymentservice       0.0       0.0        5.9       2.3        .02       122      2    
productcatalogservice 0.0       0.0        962.0     1.9        .64       110      2    
recommendationservice 0.0       0.0        132.3     20.0       .39       175      2    
redis-cart           0.0       0.0        0.0       0.0        .04       79       2    
shippingservice      0.0       0.0        52.9      0.9        .07       87       2    

[2025-12-01 19:42:49]
SERVICE              HTTP_RPM  HTTP_LAT   gRPC_RPM  gRPC_LAT   CPU(core) MEM(MiB) PODS
--------------------------------------------------------------------------------------
adservice            0.0       0.0        102.7     1.7        .12       248      2    
cartservice          0.0       0.0        173.4     23.2       .31       169      2    
checkoutservice      0.0       0.0        6.6       106.3      .10       94       2    
currencyservice      0.0       0.0        497.2     5.4        .60       216      2    
emailservice         0.0       0.0        6.3       1.6        .02       153      2    
frontend             176.5     393.8      0.0       0.0        1.18      223      2    
kubernetes-dashboard 0.0       0.0        0.0       0.0        0         7        1    
paymentservice       0.0       0.0        6.3       2.4        .02       122      2    
productcatalogservice 0.0       0.0        1006.5    1.9        .65       109      2    
recommendationservice 0.0       0.0        132.3     20.0       .41       175      2    
redis-cart           0.0       0.0        0.0       0.0        .04       79       2    
shippingservice      0.0       0.0        54.0      0.9        .07       87       2    

[2025-12-01 19:43:01]
SERVICE              HTTP_RPM  HTTP_LAT   gRPC_RPM  gRPC_LAT   CPU(core) MEM(MiB) PODS
--------------------------------------------------------------------------------------
adservice            0.0       0.0        103.6     1.5        .12       248      2    
cartservice          0.0       0.0        177.8     21.6       .31       169      2    
checkoutservice      0.0       0.0        7.1       103.7      .10       94       2    
currencyservice      0.0       0.0        523.0     4.8        .60       216      2    
emailservice         0.0       0.0        7.0       1.5        .02       153      2    
frontend             179.7     324.7      0.0       0.0        1.19      229      2    
kubernetes-dashboard 0.0       0.0        0.0       0.0        0         7        1    
paymentservice       0.0       0.0        7.0       1.7        .02       123      2    
productcatalogservice 0.0       0.0        1049.2    1.4        .65       110      2    
recommendationservice 0.0       0.0        138.3     12.0       .41       175      2    
redis-cart           0.0       0.0        0.0       0.0        .04       79       2    
shippingservice      0.0       0.0        54.3      0.9        .06       87       2    

[2025-12-01 19:43:13]
SERVICE              HTTP_RPM  HTTP_LAT   gRPC_RPM  gRPC_LAT   CPU(core) MEM(MiB) PODS
--------------------------------------------------------------------------------------
adservice            0.0       0.0        113.1     1.9        .12       248      2    
cartservice          0.0       0.0        192.0     27.7       .31       169      2    
checkoutservice      0.0       0.0        7.1       107.9      .09       94       2    
currencyservice      0.0       0.0        575.5     10.4       .63       216      2    
emailservice         0.0       0.0        7.2       1.6        .02       153      2    
frontend             190.4     366.2      0.0       0.0        1.19      229      2    
kubernetes-dashboard 0.0       0.0        0.0       0.0        0         7        1    
paymentservice       0.0       0.0        6.9       2.4        .02       123      2    
productcatalogservice 0.0       0.0        1061.5    2.7        .65       110      2    
recommendationservice 0.0       0.0        142.4     20.6       .41       175      2    
redis-cart           0.0       0.0        0.0       0.0        .04       79       2    
shippingservice      0.0       0.0        55.1      1.1        .07       87       2    

[2025-12-01 19:43:24]
SERVICE              HTTP_RPM  HTTP_LAT   gRPC_RPM  gRPC_LAT   CPU(core) MEM(MiB) PODS
--------------------------------------------------------------------------------------
adservice            0.0       0.0        114.6     2.0        .12       249      2    
cartservice          0.0       0.0        189.6     28.4       .29       169      2    
checkoutservice      0.0       0.0        6.9       118.2      .09       94       2    
currencyservice      0.0       0.0        571.0     10.8       .58       216      2    
emailservice         0.0       0.0        6.9       1.6        .02       154      2    
frontend             191.6     501.4      0.0       0.0        1.15      235      2    
kubernetes-dashboard 0.0       0.0        0.0       0.0        0         7        1    
paymentservice       0.0       0.0        6.8       2.4        .02       123      2    
productcatalogservice 0.0       0.0        1061.5    2.7        .61       109      2    
recommendationservice 0.0       0.0        141.6     21.1       .41       175      2    
redis-cart           0.0       0.0        0.0       0.0        .04       79       2    
shippingservice      0.0       0.0        54.8      1.2        .07       87       2    

[2025-12-01 19:43:36]
SERVICE              HTTP_RPM  HTTP_LAT   gRPC_RPM  gRPC_LAT   CPU(core) MEM(MiB) PODS
--------------------------------------------------------------------------------------
adservice            0.0       0.0        113.1     2.0        .12       249      2    
cartservice          0.0       0.0        189.6     28.4       .34       170      2    
checkoutservice      0.0       0.0        6.4       95.7       .08       94       2    
currencyservice      0.0       0.0        560.9     10.8       .58       218      2    
emailservice         0.0       0.0        6.9       1.5        .02       154      2    
frontend             187.9     490.8      0.0       0.0        1.18      229      2    
kubernetes-dashboard 0.0       0.0        0.0       0.0        0         7        1    
paymentservice       0.0       0.0        6.8       2.4        .02       123      2    
productcatalogservice 0.0       0.0        1038.2    2.7        .65       109      2    
recommendationservice 0.0       0.0        139.9     21.2       .42       175      2    
redis-cart           0.0       0.0        0.0       0.0        .04       80       2    
shippingservice      0.0       0.0        55.0      1.2        .07       87       2    

[2025-12-01 19:43:48]
SERVICE              HTTP_RPM  HTTP_LAT   gRPC_RPM  gRPC_LAT   CPU(core) MEM(MiB) PODS
--------------------------------------------------------------------------------------
adservice            0.0       0.0        113.1     2.0        .12       249      2    
cartservice          0.0       0.0        186.8     21.8       .34       170      2    
checkoutservice      0.0       0.0        7.0       88.2       .10       94       2    
currencyservice      0.0       0.0        536.2     11.0       .61       219      2    
emailservice         0.0       0.0        6.6       1.5        .02       154      2    
frontend             187.9     433.5      0.0       0.0        1.17      229      2    
kubernetes-dashboard 0.0       0.0        0.0       0.0        0         7        1    
paymentservice       0.0       0.0        6.9       2.6        .02       123      2    
productcatalogservice 0.0       0.0        1016.9    2.5        .66       110      2    
recommendationservice 0.0       0.0        139.6     21.0       .41       175      2    
redis-cart           0.0       0.0        0.0       0.0        .04       79       2    
shippingservice      0.0       0.0        55.8      1.2        .07       87       2    

[2025-12-01 19:44:00]
SERVICE              HTTP_RPM  HTTP_LAT   gRPC_RPM  gRPC_LAT   CPU(core) MEM(MiB) PODS
--------------------------------------------------------------------------------------
adservice            0.0       0.0        101.3     1.4        .11       249      2    
cartservice          0.0       0.0        175.2     13.0       .34       170      2    
checkoutservice      0.0       0.0        6.8       76.7       .10       94       2    
currencyservice      0.0       0.0        478.9     4.3        .61       219      2    
emailservice         0.0       0.0        6.9       1.4        .02       154      2    
frontend             174.0     239.9      0.0       0.0        1.17      229      2    
kubernetes-dashboard 0.0       0.0        0.0       0.0        0         7        1    
paymentservice       0.0       0.0        7.0       1.8        .02       123      2    
productcatalogservice 0.0       0.0        974.3     1.0        .64       109      2    
recommendationservice 0.0       0.0        133.5     12.0       .41       175      2    
redis-cart           0.0       0.0        0.0       0.0        .04       80       2    
shippingservice      0.0       0.0        55.4      0.9        .07       87       2    

[2025-12-01 19:44:11]
SERVICE              HTTP_RPM  HTTP_LAT   gRPC_RPM  gRPC_LAT   CPU(core) MEM(MiB) PODS
--------------------------------------------------------------------------------------
adservice            0.0       0.0        99.3      1.5        .11       248      2    
cartservice          0.0       0.0        175.2     17.9       .31       170      2    
checkoutservice      0.0       0.0        6.9       91.1       .10       94       2    
currencyservice      0.0       0.0        496.8     4.7        .59       217      2    
emailservice         0.0       0.0        7.0       1.5        .02       155      2    
frontend             173.1     247.9      0.0       0.0        1.17      229      2    
kubernetes-dashboard 0.0       0.0        0.0       0.0        0         7        1    
paymentservice       0.0       0.0        7.4       2.3        .02       123      2    
productcatalogservice 0.0       0.0        1044.4    1.8        .64       109      2    
recommendationservice 0.0       0.0        134.9     14.2       .41       175      2    
redis-cart           0.0       0.0        0.0       0.0        .04       80       2    
shippingservice      0.0       0.0        56.8      1.0        .07       87       2    

[2025-12-01 19:44:23]
SERVICE              HTTP_RPM  HTTP_LAT   gRPC_RPM  gRPC_LAT   CPU(core) MEM(MiB) PODS
--------------------------------------------------------------------------------------
adservice            0.0       0.0        103.5     1.5        .11       248      2    
cartservice          0.0       0.0        193.4     35.5       .29       170      2    
checkoutservice      0.0       0.0        7.9       128.1      .10       94       2    
currencyservice      0.0       0.0        510.6     5.8        .58       216      2    
emailservice         0.0       0.0        7.5       1.4        .02       155      2    
frontend             190.9     385.4      0.0       0.0        1.16      226      2    
kubernetes-dashboard 0.0       0.0        0.0       0.0        0         7        1    
paymentservice       0.0       0.0        7.6       2.2        .02       124      2    
productcatalogservice 0.0       0.0        1044.4    1.8        .63       109      2    
recommendationservice 0.0       0.0        149.4     19.0       .42       175      2    
redis-cart           0.0       0.0        0.0       0.0        .04       80       2    
shippingservice      0.0       0.0        60.0      1.2        .06       87       2    

[2025-12-01 19:44:35]
SERVICE              HTTP_RPM  HTTP_LAT   gRPC_RPM  gRPC_LAT   CPU(core) MEM(MiB) PODS
--------------------------------------------------------------------------------------
adservice            0.0       0.0        113.6     1.7        .12       248      2    
cartservice          0.0       0.0        193.4     35.5       .33       170      2    
checkoutservice      0.0       0.0        7.6       143.6      .10       94       2    
currencyservice      0.0       0.0        548.4     6.4        .61       217      2    
emailservice         0.0       0.0        7.6       1.5        .02       155      2    
frontend             196.1     479.7      0.0       0.0        1.23      228      2    
kubernetes-dashboard 0.0       0.0        0.0       0.0        0         7        1    
paymentservice       0.0       0.0        7.5       2.2        .02       123      2    
productcatalogservice 0.0       0.0        1127.8    2.3        .65       110      2    
recommendationservice 0.0       0.0        151.8     19.2       .47       175      2    
redis-cart           0.0       0.0        0.0       0.0        .04       80       2    
shippingservice      0.0       0.0        60.8      1.2        .08       87       2    

[2025-12-01 19:44:46]
SERVICE              HTTP_RPM  HTTP_LAT   gRPC_RPM  gRPC_LAT   CPU(core) MEM(MiB) PODS
--------------------------------------------------------------------------------------
adservice            0.0       0.0        117.3     1.7        .12       248      2    
cartservice          0.0       0.0        201.0     40.3       .33       170      2    
checkoutservice      0.0       0.0        7.6       140.2      .10       94       2    
currencyservice      0.0       0.0        555.6     6.5        .61       217      2    
emailservice         0.0       0.0        7.5       1.4        .02       155      2    
frontend             204.8     511.5      0.0       0.0        1.21      230      2    
kubernetes-dashboard 0.0       0.0        0.0       0.0        0         7        1    
paymentservice       0.0       0.0        7.7       2.2        .02       123      2    
productcatalogservice 0.0       0.0        1172.3    2.4        .66       111      2    
recommendationservice 0.0       0.0        155.4     20.1       .44       176      2    
redis-cart           0.0       0.0        0.0       0.0        .04       80       2    
shippingservice      0.0       0.0        61.2      1.2        .07       87       2    

[2025-12-01 19:44:57]
SERVICE              HTTP_RPM  HTTP_LAT   gRPC_RPM  gRPC_LAT   CPU(core) MEM(MiB) PODS
--------------------------------------------------------------------------------------
adservice            0.0       0.0        119.6     1.5        .12       248      2    
cartservice          0.0       0.0        203.3     37.2       .31       170      2    
checkoutservice      0.0       0.0        7.5       137.7      .10       94       2    
currencyservice      0.0       0.0        546.8     6.2        .61       217      2    
emailservice         0.0       0.0        7.6       1.4        .02       154      2    
frontend             205.2     498.7      0.0       0.0        1.21      230      2    
kubernetes-dashboard 0.0       0.0        0.0       0.0        0         7        1    
paymentservice       0.0       0.0        7.4       1.6        .02       123      2    
productcatalogservice 0.0       0.0        1105.0    1.7        .66       111      2    
recommendationservice 0.0       0.0        155.2     18.3       .42       175      2    
redis-cart           0.0       0.0        0.0       0.0        .04       80       2    
shippingservice      0.0       0.0        60.2      1.0        .07       87       2    

[2025-12-01 19:45:10]
SERVICE              HTTP_RPM  HTTP_LAT   gRPC_RPM  gRPC_LAT   CPU(core) MEM(MiB) PODS
--------------------------------------------------------------------------------------
adservice            0.0       0.0        107.4     1.5        .11       248      2    
cartservice          0.0       0.0        182.6     24.6       .33       170      2    
checkoutservice      0.0       0.0        6.8       113.5      .10       94       2    
currencyservice      0.0       0.0        530.0     5.8        .60       218      2    
emailservice         0.0       0.0        6.9       1.4        .02       154      2    
frontend             186.4     418.9      0.0       0.0        1.20      229      2    
kubernetes-dashboard 0.0       0.0        0.0       0.0        0         7        1    
paymentservice       0.0       0.0        6.8       1.7        .02       124      2    
productcatalogservice 0.0       0.0        1105.0    1.7        .64       109      2    
recommendationservice 0.0       0.0        137.8     15.9       .42       175      2    
redis-cart           0.0       0.0        0.0       0.0        .04       80       2    
shippingservice      0.0       0.0        54.4      1.0        .07       87       2    

[2025-12-01 19:45:22]
SERVICE              HTTP_RPM  HTTP_LAT   gRPC_RPM  gRPC_LAT   CPU(core) MEM(MiB) PODS
--------------------------------------------------------------------------------------
adservice            0.0       0.0        102.5     1.5        .11       248      2    
cartservice          0.0       0.0        179.0     15.3       .31       170      2    
checkoutservice      0.0       0.0        6.5       93.8       .08       94       2    
currencyservice      0.0       0.0        484.2     5.7        .56       217      2    
emailservice         0.0       0.0        6.6       1.5        .02       152      2    
frontend             173.1     370.8      0.0       0.0        1.07      229      2    
kubernetes-dashboard 0.0       0.0        0.0       0.0        0         7        1    
paymentservice       0.0       0.0        6.8       1.7        .02       123      2    
productcatalogservice 0.0       0.0        1001.4    1.9        .62       109      2    
recommendationservice 0.0       0.0        131.4     14.4       .39       175      2    
redis-cart           0.0       0.0        0.0       0.0        .04       80       2    
shippingservice      0.0       0.0        53.2      1.1        .06       87       2    

[2025-12-01 19:45:34]
SERVICE              HTTP_RPM  HTTP_LAT   gRPC_RPM  gRPC_LAT   CPU(core) MEM(MiB) PODS
--------------------------------------------------------------------------------------
adservice            0.0       0.0        98.9      1.5        .11       248      2    
cartservice          0.0       0.0        171.1     15.5       .32       166      2    
checkoutservice      0.0       0.0        6.2       90.0       .08       94       2    
currencyservice      0.0       0.0        479.6     6.0        .59       217      2    
emailservice         0.0       0.0        6.1       1.5        .02       153      2    
frontend             171.2     352.8      0.0       0.0        1.17      228      2    
kubernetes-dashboard 0.0       0.0        0.0       0.0        0         7        1    
paymentservice       0.0       0.0        6.0       1.8        .02       123      2    
productcatalogservice 0.0       0.0        987.6     1.9        .63       109      2    
recommendationservice 0.0       0.0        131.4     14.4       .39       175      2    
redis-cart           0.0       0.0        0.0       0.0        .04       80       2    
shippingservice      0.0       0.0        52.5      1.0        .07       87       2    

[2025-12-01 19:45:45]
SERVICE              HTTP_RPM  HTTP_LAT   gRPC_RPM  gRPC_LAT   CPU(core) MEM(MiB) PODS
--------------------------------------------------------------------------------------
adservice            0.0       0.0        101.0     1.5        .11       248      2    
cartservice          0.0       0.0        178.2     18.0       .32       166      2    
checkoutservice      0.0       0.0        6.2       100.9      .08       94       2    
currencyservice      0.0       0.0        501.8     5.8        .59       217      2    
emailservice         0.0       0.0        6.0       1.6        .02       153      2    
frontend             184.2     404.0      0.0       0.0        1.17      228      2    
kubernetes-dashboard 0.0       0.0        0.0       0.0        0         7        1    
paymentservice       0.0       0.0        6.1       1.7        .02       124      2    
productcatalogservice 0.0       0.0        1092.5    2.2        .66       109      2    
recommendationservice 0.0       0.0        139.6     15.2       .43       175      2    
redis-cart           0.0       0.0        0.0       0.0        .04       80       2    
shippingservice      0.0       0.0        55.3      1.1        .07       88       2    

[2025-12-01 19:45:57]
SERVICE              HTTP_RPM  HTTP_LAT   gRPC_RPM  gRPC_LAT   CPU(core) MEM(MiB) PODS
--------------------------------------------------------------------------------------
adservice            0.0       0.0        113.8     1.5        .12       248      2    
cartservice          0.0       0.0        198.8     18.6       .32       166      2    
checkoutservice      0.0       0.0        6.5       96.2       .10       94       2    
currencyservice      0.0       0.0        548.6     6.3        .61       216      2    
emailservice         0.0       0.0        6.5       1.7        .02       153      2    
frontend             195.7     408.3      0.0       0.0        1.24      228      2    
kubernetes-dashboard 0.0       0.0        0.0       0.0        0         7        1    
paymentservice       0.0       0.0        6.8       1.8        .02       124      2    
productcatalogservice 0.0       0.0        1161.2    1.9        .66       109      2    
recommendationservice 0.0       0.0        154.9     15.1       .43       175      2    
redis-cart           0.0       0.0        0.0       0.0        .04       80       2    
shippingservice      0.0       0.0        60.4      1.0        .07       88       2    

[2025-12-01 19:46:09]
SERVICE              HTTP_RPM  HTTP_LAT   gRPC_RPM  gRPC_LAT   CPU(core) MEM(MiB) PODS
--------------------------------------------------------------------------------------
adservice            0.0       0.0        113.9     1.6        .12       248      2    
cartservice          0.0       0.0        197.1     21.5       .34       167      2    
checkoutservice      0.0       0.0        6.8       99.9       .11       94       2    
currencyservice      0.0       0.0        548.6     6.6        .61       216      2    
emailservice         0.0       0.0        6.9       1.7        .02       153      2    
frontend             198.7     432.8      0.0       0.0        1.22      229      2    
kubernetes-dashboard 0.0       0.0        0.0       0.0        0         7        1    
paymentservice       0.0       0.0        7.0       1.7        .02       124      2    
productcatalogservice 0.0       0.0        1161.2    1.9        .68       110      2    
recommendationservice 0.0       0.0        150.9     17.3       .47       175      2    
redis-cart           0.0       0.0        0.0       0.0        .04       80       2    
shippingservice      0.0       0.0        58.2      1.0        .07       88       2    

[2025-12-01 19:46:21]
SERVICE              HTTP_RPM  HTTP_LAT   gRPC_RPM  gRPC_LAT   CPU(core) MEM(MiB) PODS
--------------------------------------------------------------------------------------
adservice            0.0       0.0        112.3     1.7        .11       248      2    
cartservice          0.0       0.0        197.1     21.5       .28       166      2    
checkoutservice      0.0       0.0        6.9       100.2      .09       94       2    
currencyservice      0.0       0.0        521.8     6.2        .51       217      2    
emailservice         0.0       0.0        7.0       1.6        .02       153      2    
frontend             192.8     480.9      0.0       0.0        1.11      226      2    
kubernetes-dashboard 0.0       0.0        0.0       0.0        0         7        1    
paymentservice       0.0       0.0        7.0       1.7        .02       123      2    
productcatalogservice 0.0       0.0        1101.4    2.2        .60       109      2    
recommendationservice 0.0       0.0        143.0     17.3       .38       175      2    
redis-cart           0.0       0.0        0.0       0.0        .04       80       2    
shippingservice      0.0       0.0        55.4      0.9        .06       87       2    

[2025-12-01 19:46:32]
SERVICE              HTTP_RPM  HTTP_LAT   gRPC_RPM  gRPC_LAT   CPU(core) MEM(MiB) PODS
--------------------------------------------------------------------------------------
adservice            0.0       0.0        106.8     1.7        .11       248      2    
cartservice          0.0       0.0        179.6     20.2       .28       166      2    
checkoutservice      0.0       0.0        6.6       101.7      .09       94       2    
currencyservice      0.0       0.0        488.8     6.2        .56       217      2    
emailservice         0.0       0.0        6.9       1.6        .02       153      2    
frontend             174.7     411.6      0.0       0.0        1.13      228      2    
kubernetes-dashboard 0.0       0.0        0.0       0.0        0         7        1    
paymentservice       0.0       0.0        6.9       1.8        .02       123      2    
productcatalogservice 0.0       0.0        967.2     1.8        .61       109      2    
recommendationservice 0.0       0.0        136.1     16.2       .37       175      2    
redis-cart           0.0       0.0        0.0       0.0        .04       80       2    
shippingservice      0.0       0.0        52.8      0.9        .06       87       2    

[2025-12-01 19:46:43]
SERVICE              HTTP_RPM  HTTP_LAT   gRPC_RPM  gRPC_LAT   CPU(core) MEM(MiB) PODS
--------------------------------------------------------------------------------------
adservice            0.0       0.0        92.6      1.6        .10       248      2    
cartservice          0.0       0.0        154.3     21.0       .28       166      2    
checkoutservice      0.0       0.0        6.4       104.7      .08       94       2    
currencyservice      0.0       0.0        427.6     4.6        .56       217      2    
emailservice         0.0       0.0        6.2       1.5        .02       153      2    
frontend             152.3     296.3      0.0       0.0        1.13      228      2    
kubernetes-dashboard 0.0       0.0        0.0       0.0        0         7        1    
paymentservice       0.0       0.0        6.1       1.6        .02       123      2    
productcatalogservice 0.0       0.0        872.0     1.2        .61       109      2    
recommendationservice 0.0       0.0        117.6     13.8       .37       175      2    
redis-cart           0.0       0.0        0.0       0.0        .04       80       2    
shippingservice      0.0       0.0        45.7      0.8        .06       92       2    

[2025-12-01 19:46:55]
SERVICE              HTTP_RPM  HTTP_LAT   gRPC_RPM  gRPC_LAT   CPU(core) MEM(MiB) PODS
--------------------------------------------------------------------------------------
adservice            0.0       0.0        88.8      1.3        .10       248      2    
cartservice          0.0       0.0        152.2     23.0       .30       166      2    
checkoutservice      0.0       0.0        6.1       109.2      .08       94       2    
currencyservice      0.0       0.0        421.2     3.6        .56       217      2    
emailservice         0.0       0.0        6.5       1.5        .02       153      2    
frontend             151.0     286.9      0.0       0.0        1.12      226      2    
kubernetes-dashboard 0.0       0.0        0.0       0.0        0         7        1    
paymentservice       0.0       0.0        6.6       1.6        .02       123      2    
productcatalogservice 0.0       0.0        872.0     1.2        .62       109      2    
recommendationservice 0.0       0.0        119.4     10.7       .37       175      2    
redis-cart           0.0       0.0        0.0       0.0        .04       80       2    
shippingservice      0.0       0.0        48.6      0.8        .06       92       2    

[2025-12-01 19:47:07]
SERVICE              HTTP_RPM  HTTP_LAT   gRPC_RPM  gRPC_LAT   CPU(core) MEM(MiB) PODS
--------------------------------------------------------------------------------------
adservice            0.0       0.0        88.0      1.2        .10       248      2    
cartservice          0.0       0.0        152.2     41.0       .31       166      2    
checkoutservice      0.0       0.0        6.4       107.2      .10       94       2    
currencyservice      0.0       0.0        436.5     3.5        .59       220      2    
emailservice         0.0       0.0        6.5       1.5        .02       154      2    
frontend             155.9     222.4      0.0       0.0        1.12      224      2    
kubernetes-dashboard 0.0       0.0        0.0       0.0        0         7        1    
paymentservice       0.0       0.0        6.6       1.6        .02       124      2    
productcatalogservice 0.0       0.0        898.2     0.8        .64       110      2    
recommendationservice 0.0       0.0        122.1     12.9       .38       175      2    
redis-cart           0.0       0.0        0.0       0.0        .04       80       2    
shippingservice      0.0       0.0        49.4      1.0        .06       92       2    

[2025-12-01 19:47:19]
SERVICE              HTTP_RPM  HTTP_LAT   gRPC_RPM  gRPC_LAT   CPU(core) MEM(MiB) PODS
--------------------------------------------------------------------------------------
adservice            0.0       0.0        92.4      1.5        .11       248      2    
cartservice          0.0       0.0        157.5     38.3       .30       166      2    
checkoutservice      0.0       0.0        6.6       115.4      .09       94       2    
currencyservice      0.0       0.0        464.1     3.7        .60       219      2    
emailservice         0.0       0.0        6.7       1.5        .02       150      2    
frontend             159.7     256.9      0.0       0.0        1.16      224      2    
kubernetes-dashboard 0.0       0.0        0.0       0.0        0         7        1    
paymentservice       0.0       0.0        6.6       1.6        .02       123      2    
productcatalogservice 0.0       0.0        943.4     1.3        .63       109      2    
recommendationservice 0.0       0.0        122.1     12.9       .41       175      2    
redis-cart           0.0       0.0        0.0       0.0        .04       80       2    
shippingservice      0.0       0.0        50.6      1.0        .07       92       2    

[2025-12-01 19:47:30]
SERVICE              HTTP_RPM  HTTP_LAT   gRPC_RPM  gRPC_LAT   CPU(core) MEM(MiB) PODS
--------------------------------------------------------------------------------------
adservice            0.0       0.0        95.0      1.5        .11       248      2    
cartservice          0.0       0.0        169.4     32.0       .30       166      2    
checkoutservice      0.0       0.0        6.8       126.1      .09       94       2    
currencyservice      0.0       0.0        479.1     3.9        .60       219      2    
emailservice         0.0       0.0        6.8       1.6        .02       150      2    
frontend             172.2     292.1      0.0       0.0        1.16      224      2    
kubernetes-dashboard 0.0       0.0        0.0       0.0        0         7        1    
paymentservice       0.0       0.0        6.6       1.7        .02       123      2    
productcatalogservice 0.0       0.0        1011.0    1.4        .67       109      2    
recommendationservice 0.0       0.0        130.4     13.5       .41       175      2    
redis-cart           0.0       0.0        0.0       0.0        .04       80       2    
shippingservice      0.0       0.0        53.8      1.0        .07       92       2    

[2025-12-01 19:47:42]
SERVICE              HTTP_RPM  HTTP_LAT   gRPC_RPM  gRPC_LAT   CPU(core) MEM(MiB) PODS
--------------------------------------------------------------------------------------
adservice            0.0       0.0        102.5     1.6        .12       248      2    
cartservice          0.0       0.0        179.9     41.5       .31       166      2    
checkoutservice      0.0       0.0        7.0       131.8      .08       94       2    
currencyservice      0.0       0.0        516.7     4.3        .60       216      2    
emailservice         0.0       0.0        6.9       1.5        .02       150      2    
frontend             179.0     302.1      0.0       0.0        1.17      223      2    
kubernetes-dashboard 0.0       0.0        0.0       0.0        0         7        1    
paymentservice       0.0       0.0        7.0       1.8        .02       123      2    
productcatalogservice 0.0       0.0        1060.1    1.5        .67       109      2    
recommendationservice 0.0       0.0        137.1     14.3       .41       175      2    
redis-cart           0.0       0.0        0.0       0.0        .04       80       2    
shippingservice      0.0       0.0        55.6      1.0        .07       92       2    

[2025-12-01 19:47:53]
SERVICE              HTTP_RPM  HTTP_LAT   gRPC_RPM  gRPC_LAT   CPU(core) MEM(MiB) PODS
--------------------------------------------------------------------------------------
adservice            0.0       0.0        105.1     1.6        .12       248      2    
cartservice          0.0       0.0        187.1     29.2       .30       166      2    
checkoutservice      0.0       0.0        7.2       136.1      .11       99       2    
currencyservice      0.0       0.0        525.4     4.5        .62       218      2    
emailservice         0.0       0.0        7.3       1.5        .02       150      2    
frontend             187.2     313.0      0.0       0.0        1.20      223      2    
kubernetes-dashboard 0.0       0.0        0.0       0.0        0         7        1    
paymentservice       0.0       0.0        7.2       1.6        .02       123      2    
productcatalogservice 0.0       0.0        1060.1    1.5        .67       109      2    
recommendationservice 0.0       0.0        141.8     12.9       .43       175      2    
redis-cart           0.0       0.0        0.0       0.0        .04       81       2    
shippingservice      0.0       0.0        56.9      0.9        .07       92       2    

[2025-12-01 19:48:06]
SERVICE              HTTP_RPM  HTTP_LAT   gRPC_RPM  gRPC_LAT   CPU(core) MEM(MiB) PODS
--------------------------------------------------------------------------------------
adservice            0.0       0.0        105.0     1.3        .11       248      2    
cartservice          0.0       0.0        187.1     29.2       .31       171      2    
checkoutservice      0.0       0.0        7.2       127.0      .10       99       2    
currencyservice      0.0       0.0        518.9     4.9        .60       217      2    
emailservice         0.0       0.0        7.3       1.6        .02       150      2    
frontend             178.2     298.3      0.0       0.0        1.17      223      2    
kubernetes-dashboard 0.0       0.0        0.0       0.0        0         7        1    
paymentservice       0.0       0.0        7.2       1.6        .02       123      2    
productcatalogservice 0.0       0.0        1049.6    1.2        .67       109      2    
recommendationservice 0.0       0.0        137.4     13.5       .42       175      2    
redis-cart           0.0       0.0        0.0       0.0        .04       81       2    
shippingservice      0.0       0.0        55.1      0.9        .07       92       2    

[2025-12-01 19:48:17]
SERVICE              HTTP_RPM  HTTP_LAT   gRPC_RPM  gRPC_LAT   CPU(core) MEM(MiB) PODS
--------------------------------------------------------------------------------------
adservice            0.0       0.0        101.6     1.5        .11       248      2    
cartservice          0.0       0.0        175.0     32.1       .31       171      2    
checkoutservice      0.0       0.0        7.0       120.4      .10       99       2    
currencyservice      0.0       0.0        508.7     4.8        .56       217      2    
emailservice         0.0       0.0        7.0       1.7        .02       150      2    
frontend             173.0     290.7      0.0       0.0        1.03      222      2    
kubernetes-dashboard 0.0       0.0        0.0       0.0        0         7        1    
paymentservice       0.0       0.0        7.1       2.5        .02       123      2    
productcatalogservice 0.0       0.0        983.3     1.6        .61       109      2    
recommendationservice 0.0       0.0        132.6     14.7       .36       175      2    
redis-cart           0.0       0.0        0.0       0.0        .04       81       2    
shippingservice      0.0       0.0        53.8      0.9        .06       92       2    

[2025-12-01 19:48:29]
SERVICE              HTTP_RPM  HTTP_LAT   gRPC_RPM  gRPC_LAT   CPU(core) MEM(MiB) PODS
--------------------------------------------------------------------------------------
adservice            0.0       0.0        94.8      1.5        .10       248      2    
cartservice          0.0       0.0        164.9     21.3       .27       171      2    
checkoutservice      0.0       0.0        6.8       112.4      .08       99       2    
currencyservice      0.0       0.0        470.1     4.6        .56       217      2    
emailservice         0.0       0.0        6.6       1.8        .02       150      2    
frontend             159.4     258.0      0.0       0.0        1.03      222      2    
kubernetes-dashboard 0.0       0.0        0.0       0.0        0         7        1    
paymentservice       0.0       0.0        6.5       2.5        .02       123      2    
productcatalogservice 0.0       0.0        913.4     1.5        .61       109      2    
recommendationservice 0.0       0.0        123.3     14.0       .36       175      2    
redis-cart           0.0       0.0        0.0       0.0        .04       81       2    
shippingservice      0.0       0.0        49.9      0.9        .06       92       2    

[2025-12-01 19:48:40]
SERVICE              HTTP_RPM  HTTP_LAT   gRPC_RPM  gRPC_LAT   CPU(core) MEM(MiB) PODS
--------------------------------------------------------------------------------------
adservice            0.0       0.0        87.2      1.5        .10       248      2    
cartservice          0.0       0.0        150.8     25.0       .29       171      2    
checkoutservice      0.0       0.0        6.3       126.0      .09       99       2    
currencyservice      0.0       0.0        452.2     4.4        .57       217      2    
emailservice         0.0       0.0        5.9       1.9        .02       150      2    
frontend             153.1     260.4      0.0       0.0        1.07      222      2    
kubernetes-dashboard 0.0       0.0        0.0       0.0        0         7        1    
paymentservice       0.0       0.0        5.9       2.7        .02       125      2    
productcatalogservice 0.0       0.0        913.4     1.5        .61       109      2    
recommendationservice 0.0       0.0        114.2     14.6       .36       175      2    
redis-cart           0.0       0.0        0.0       0.0        .04       81       2    
shippingservice      0.0       0.0        45.2      0.9        .06       92       2    

[2025-12-01 19:48:52]
SERVICE              HTTP_RPM  HTTP_LAT   gRPC_RPM  gRPC_LAT   CPU(core) MEM(MiB) PODS
--------------------------------------------------------------------------------------
adservice            0.0       0.0        87.3      1.4        .10       248      2    
cartservice          0.0       0.0        150.8     25.0       .27       171      2    
checkoutservice      0.0       0.0        6.0       114.1      .08       99       2    
currencyservice      0.0       0.0        426.7     3.6        .53       218      2    
emailservice         0.0       0.0        5.9       1.7        .02       150      2    
frontend             150.9     224.1      0.0       0.0        1.05      222      2    
kubernetes-dashboard 0.0       0.0        0.0       0.0        0         7        1    
paymentservice       0.0       0.0        5.9       2.7        .02       126      2    
productcatalogservice 0.0       0.0        860.1     1.4        .61       109      2    
recommendationservice 0.0       0.0        114.0     13.6       .34       175      2    
redis-cart           0.0       0.0        0.0       0.0        .04       81       2    
shippingservice      0.0       0.0        45.4      0.8        .06       90       2    

[2025-12-01 19:49:03]
SERVICE              HTTP_RPM  HTTP_LAT   gRPC_RPM  gRPC_LAT   CPU(core) MEM(MiB) PODS
--------------------------------------------------------------------------------------
adservice            0.0       0.0        87.8      1.2        .10       248      2    
cartservice          0.0       0.0        151.6     27.8       .27       171      2    
checkoutservice      0.0       0.0        5.6       106.1      .07       99       2    
currencyservice      0.0       0.0        420.9     3.6        .53       217      2    
emailservice         0.0       0.0        5.8       1.7        .02       149      2    
frontend             148.3     187.7      0.0       0.0        1.05      226      2    
kubernetes-dashboard 0.0       0.0        0.0       0.0        0         7        1    
paymentservice       0.0       0.0        5.8       1.7        .01       126      2    
productcatalogservice 0.0       0.0        839.6     0.7        .60       109      2    
recommendationservice 0.0       0.0        114.1     11.5       .35       180      2    
redis-cart           0.0       0.0        0.0       0.0        .04       81       2    
shippingservice      0.0       0.0        45.4      0.8        .06       90       2    

[2025-12-01 19:49:14]
SERVICE              HTTP_RPM  HTTP_LAT   gRPC_RPM  gRPC_LAT   CPU(core) MEM(MiB) PODS
--------------------------------------------------------------------------------------
adservice            0.0       0.0        83.7      1.3        .10       248      2    
cartservice          0.0       0.0        140.4     27.2       .27       171      2    
checkoutservice      0.0       0.0        5.6       106.1      .07       99       2    
currencyservice      0.0       0.0        403.0     3.4        .53       217      2    
emailservice         0.0       0.0        5.3       1.8        .02       149      2    
frontend             142.4     199.6      0.0       0.0        1.05      226      2    
kubernetes-dashboard 0.0       0.0        0.0       0.0        0         7        1    
paymentservice       0.0       0.0        5.1       1.9        .01       126      2    
productcatalogservice 0.0       0.0        799.6     1.0        .56       110      2    
recommendationservice 0.0       0.0        107.7     12.3       .30       181      2    
redis-cart           0.0       0.0        0.0       0.0        .03       81       2    
shippingservice      0.0       0.0        41.9      0.9        .05       94       2    

[2025-12-01 19:49:25]
SERVICE              HTTP_RPM  HTTP_LAT   gRPC_RPM  gRPC_LAT   CPU(core) MEM(MiB) PODS
--------------------------------------------------------------------------------------
adservice            0.0       0.0        80.0      1.3        .09       253      2    
cartservice          0.0       0.0        134.2     18.4       .25       171      2    
checkoutservice      0.0       0.0        5.0       88.5       .06       99       2    
currencyservice      0.0       0.0        383.2     3.2        .49       218      2    
emailservice         0.0       0.0        4.9       1.8        .02       149      2    
frontend             137.1     193.4      0.0       0.0        .95       226      2    
kubernetes-dashboard 0.0       0.0        0.0       0.0        0         7        1    
paymentservice       0.0       0.0        4.9       1.7        .01       125      2    
productcatalogservice 0.0       0.0        799.6     1.0        .56       110      2    
recommendationservice 0.0       0.0        102.8     10.5       .30       181      2    
redis-cart           0.0       0.0        0.0       0.0        .03       81       2    
shippingservice      0.0       0.0        40.1      0.9        .05       94       2    

[2025-12-01 19:49:37]
SERVICE              HTTP_RPM  HTTP_LAT   gRPC_RPM  gRPC_LAT   CPU(core) MEM(MiB) PODS
--------------------------------------------------------------------------------------
adservice            0.0       0.0        76.9      1.3        .09       253      2    
cartservice          0.0       0.0        134.2     18.4       .27       171      2    
checkoutservice      0.0       0.0        4.6       76.7       .06       100      2    
currencyservice      0.0       0.0        376.6     2.9        .48       217      2    
emailservice         0.0       0.0        4.6       1.7        .02       149      2    
frontend             128.8     181.1      0.0       0.0        .99       226      2    
kubernetes-dashboard 0.0       0.0        0.0       0.0        0         7        1    
paymentservice       0.0       0.0        4.9       1.7        .01       126      2    
productcatalogservice 0.0       0.0        766.6     1.0        .58       110      2    
recommendationservice 0.0       0.0        99.3      10.0       .31       181      2    
redis-cart           0.0       0.0        0.0       0.0        .03       81       2    
shippingservice      0.0       0.0        39.8      1.0        .05       94       2    

[2025-12-01 19:49:49]
SERVICE              HTTP_RPM  HTTP_LAT   gRPC_RPM  gRPC_LAT   CPU(core) MEM(MiB) PODS
--------------------------------------------------------------------------------------
adservice            0.0       0.0        74.4      1.3        .09       253      2    
cartservice          0.0       0.0        127.2     13.3       .30       172      2    
checkoutservice      0.0       0.0        4.5       70.3       .06       100      2    
currencyservice      0.0       0.0        368.1     2.5        .51       217      2    
emailservice         0.0       0.0        4.6       1.7        .02       149      2    
frontend             128.4     175.4      0.0       0.0        1.01      226      2    
kubernetes-dashboard 0.0       0.0        0.0       0.0        0         7        1    
paymentservice       0.0       0.0        4.6       1.7        .01       127      2    
productcatalogservice 0.0       0.0        759.9     1.0        .60       109      2    
recommendationservice 0.0       0.0        99.3      10.0       .32       181      2    
redis-cart           0.0       0.0        0.0       0.0        .04       81       2    
shippingservice      0.0       0.0        38.4      0.9        .05       95       2    

[2025-12-01 19:50:00]
SERVICE              HTTP_RPM  HTTP_LAT   gRPC_RPM  gRPC_LAT   CPU(core) MEM(MiB) PODS
--------------------------------------------------------------------------------------
adservice            0.0       0.0        75.4      1.1        .09       253      2    
cartservice          0.0       0.0        129.7     7.6        .30       172      2    
checkoutservice      0.0       0.0        4.7       63.8       .06       100      2    
currencyservice      0.0       0.0        388.8     2.6        .51       217      2    
emailservice         0.0       0.0        4.5       1.5        .02       149      2    
frontend             129.6     157.7      0.0       0.0        1.01      228      2    
kubernetes-dashboard 0.0       0.0        0.0       0.0        0         7        1    
paymentservice       0.0       0.0        4.6       1.4        .01       127      2    
productcatalogservice 0.0       0.0        774.6     0.7        .57       109      2    
recommendationservice 0.0       0.0        101.9     8.6        .34       185      2    
redis-cart           0.0       0.0        0.0       0.0        .04       81       2    
shippingservice      0.0       0.0        39.7      0.7        .05       95       2    

[2025-12-01 19:50:12]
SERVICE              HTTP_RPM  HTTP_LAT   gRPC_RPM  gRPC_LAT   CPU(core) MEM(MiB) PODS
--------------------------------------------------------------------------------------
adservice            0.0       0.0        80.4      1.4        .10       253      2    
cartservice          0.0       0.0        136.9     9.4        .29       172      2    
checkoutservice      0.0       0.0        4.6       65.5       .07       100      2    
currencyservice      0.0       0.0        416.5     5.6        .54       217      2    
emailservice         0.0       0.0        4.6       1.6        .02       149      2    
frontend             136.3     191.8      0.0       0.0        1.01      228      2    
kubernetes-dashboard 0.0       0.0        0.0       0.0        0         7        1    
paymentservice       0.0       0.0        4.5       2.1        .01       127      2    
productcatalogservice 0.0       0.0        819.1     1.7        .57       109      2    
recommendationservice 0.0       0.0        106.3     16.5       .34       185      2    
redis-cart           0.0       0.0        0.0       0.0        .04       81       2    
shippingservice      0.0       0.0        41.0      0.9        .06       95       2    

[2025-12-01 19:50:24]
SERVICE              HTTP_RPM  HTTP_LAT   gRPC_RPM  gRPC_LAT   CPU(core) MEM(MiB) PODS
--------------------------------------------------------------------------------------
adservice            0.0       0.0        86.0      1.6        .09       255      2    
cartservice          0.0       0.0        147.8     11.2       .29       172      2    
checkoutservice      0.0       0.0        4.7       86.4       .07       100      2    
currencyservice      0.0       0.0        425.0     6.4        .49       217      2    
emailservice         0.0       0.0        4.6       1.6        .02       149      2    
frontend             146.3     318.9      0.0       0.0        1.03      228      2    
kubernetes-dashboard 0.0       0.0        0.0       0.0        0         7        1    
paymentservice       0.0       0.0        5.1       2.0        .01       126      2    
productcatalogservice 0.0       0.0        819.1     1.7        .57       109      2    
recommendationservice 0.0       0.0        113.8     18.1       .34       185      2    
redis-cart           0.0       0.0        0.0       0.0        .04       87       2    
shippingservice      0.0       0.0        44.6      0.9        .06       95       2    

[2025-12-01 19:50:36]
SERVICE              HTTP_RPM  HTTP_LAT   gRPC_RPM  gRPC_LAT   CPU(core) MEM(MiB) PODS
--------------------------------------------------------------------------------------
adservice            0.0       0.0        89.3      1.7        .10       255      2    
cartservice          0.0       0.0        147.8     11.2       .30       172      2    
checkoutservice      0.0       0.0        5.2       93.0       .09       100      2    
currencyservice      0.0       0.0        450.5     6.8        .55       217      2    
emailservice         0.0       0.0        5.0       1.6        .02       149      2    
frontend             151.9     347.1      0.0       0.0        1.06      228      2    
kubernetes-dashboard 0.0       0.0        0.0       0.0        0         7        1    
paymentservice       0.0       0.0        5.1       2.0        .02       126      2    
productcatalogservice 0.0       0.0        878.8     1.8        .60       110      2    
recommendationservice 0.0       0.0        118.0     17.9       .37       185      2    
redis-cart           0.0       0.0        0.0       0.0        .04       87       2    
shippingservice      0.0       0.0        46.7      0.9        .06       96       2    

[2025-12-01 19:50:48]
SERVICE              HTTP_RPM  HTTP_LAT   gRPC_RPM  gRPC_LAT   CPU(core) MEM(MiB) PODS
--------------------------------------------------------------------------------------
adservice            0.0       0.0        93.2      1.7        .10       255      2    
cartservice          0.0       0.0        159.6     16.2       .30       172      2    
checkoutservice      0.0       0.0        5.7       90.8       .07       100      2    
currencyservice      0.0       0.0        446.8     6.7        .59       216      2    
emailservice         0.0       0.0        5.5       1.6        .02       149      2    
frontend             161.6     330.4      0.0       0.0        1.15      226      2    
kubernetes-dashboard 0.0       0.0        0.0       0.0        0         7        1    
paymentservice       0.0       0.0        5.6       2.0        .01       126      2    
productcatalogservice 0.0       0.0        918.4     1.8        .65       110      2    
recommendationservice 0.0       0.0        121.0     18.2       .38       185      2    
redis-cart           0.0       0.0        0.0       0.0        .04       87       2    
shippingservice      0.0       0.0        47.3      0.9        .06       96       2    

[2025-12-01 19:50:59]
SERVICE              HTTP_RPM  HTTP_LAT   gRPC_RPM  gRPC_LAT   CPU(core) MEM(MiB) PODS
--------------------------------------------------------------------------------------
adservice            0.0       0.0        95.4      1.4        .11       255      2    
cartservice          0.0       0.0        162.1     15.2       .33       172      2    
checkoutservice      0.0       0.0        5.7       90.8       .07       100      2    
currencyservice      0.0       0.0        476.2     4.2        .59       216      2    
emailservice         0.0       0.0        6.0       1.6        .02       149      2    
frontend             168.2     262.8      0.0       0.0        1.15      226      2    
kubernetes-dashboard 0.0       0.0        0.0       0.0        0         7        1    
paymentservice       0.0       0.0        6.1       1.6        .02       124      2    
productcatalogservice 0.0       0.0        968.6     1.2        .65       110      2    
recommendationservice 0.0       0.0        126.5     13.2       .39       185      2    
redis-cart           0.0       0.0        0.0       0.0        .04       87       2    
shippingservice      0.0       0.0        49.4      0.8        .06       95       2    

[2025-12-01 19:51:11]
SERVICE              HTTP_RPM  HTTP_LAT   gRPC_RPM  gRPC_LAT   CPU(core) MEM(MiB) PODS
--------------------------------------------------------------------------------------
adservice            0.0       0.0        104.8     1.6        .11       261      2    
cartservice          0.0       0.0        176.9     21.2       .33       172      2    
checkoutservice      0.0       0.0        6.0       86.1       .08       100      2    
currencyservice      0.0       0.0        536.1     7.7        .60       217      2    
emailservice         0.0       0.0        6.8       1.9        .02       150      2    
frontend             176.5     300.4      0.0       0.0        1.15      229      2    
kubernetes-dashboard 0.0       0.0        0.0       0.0        0         7        1    
paymentservice       0.0       0.0        6.8       2.3        .02       124      2    
productcatalogservice 0.0       0.0        1002.5    1.5        .65       110      2    
recommendationservice 0.0       0.0        135.3     19.6       .39       185      2    
redis-cart           0.0       0.0        0.0       0.0        .04       87       2    
shippingservice      0.0       0.0        53.1      1.3        .06       95       2    

[2025-12-01 19:51:23]
SERVICE              HTTP_RPM  HTTP_LAT   gRPC_RPM  gRPC_LAT   CPU(core) MEM(MiB) PODS
--------------------------------------------------------------------------------------
adservice            0.0       0.0        109.5     1.6        .12       260      2    
cartservice          0.0       0.0        191.3     25.5       .30       172      2    
checkoutservice      0.0       0.0        7.0       119.9      .09       100      2    
currencyservice      0.0       0.0        550.7     8.1        .59       217      2    
emailservice         0.0       0.0        7.1       1.9        .02       150      2    
frontend             189.0     386.4      0.0       0.0        1.15      229      2    
kubernetes-dashboard 0.0       0.0        0.0       0.0        0         7        1    
paymentservice       0.0       0.0        6.9       2.2        .02       124      2    
productcatalogservice 0.0       0.0        1031.6    2.6        .63       109      2    
recommendationservice 0.0       0.0        147.2     20.5       .43       185      2    
redis-cart           0.0       0.0        0.0       0.0        .04       87       2    
shippingservice      0.0       0.0        57.6      1.3        .07       95       2    

[2025-12-01 19:51:34]
SERVICE              HTTP_RPM  HTTP_LAT   gRPC_RPM  gRPC_LAT   CPU(core) MEM(MiB) PODS
--------------------------------------------------------------------------------------
adservice            0.0       0.0        117.5     1.9        .13       260      2    
cartservice          0.0       0.0        191.3     25.5       .33       172      2    
checkoutservice      0.0       0.0        7.4       125.5      .10       100      2    
currencyservice      0.0       0.0        582.9     8.4        .61       217      2    
emailservice         0.0       0.0        7.1       1.9        .02       150      2    
frontend             195.8     423.2      0.0       0.0        1.22      230      2    
kubernetes-dashboard 0.0       0.0        0.0       0.0        0         7        1    
paymentservice       0.0       0.0        7.1       2.2        .02       125      2    
productcatalogservice 0.0       0.0        1120.4    2.8        .67       115      2    
recommendationservice 0.0       0.0        153.7     20.0       .46       185      2    
redis-cart           0.0       0.0        0.0       0.0        .04       87       2    
shippingservice      0.0       0.0        60.4      1.3        .08       95       2    

[2025-12-01 19:51:46]
SERVICE              HTTP_RPM  HTTP_LAT   gRPC_RPM  gRPC_LAT   CPU(core) MEM(MiB) PODS
--------------------------------------------------------------------------------------
adservice            0.0       0.0        122.2     1.9        .13       260      2    
cartservice          0.0       0.0        208.0     26.2       .33       172      2    
checkoutservice      0.0       0.0        7.5       131.6      .10       100      2    
currencyservice      0.0       0.0        582.6     8.4        .61       217      2    
emailservice         0.0       0.0        7.7       1.8        .02       150      2    
frontend             208.4     415.3      0.0       0.0        1.23      229      2    
kubernetes-dashboard 0.0       0.0        0.0       0.0        0         7        1    
paymentservice       0.0       0.0        7.7       2.1        .02       125      2    
productcatalogservice 0.0       0.0        1184.5    2.6        .68       115      2    
recommendationservice 0.0       0.0        157.3     19.5       .45       185      2    
redis-cart           0.0       0.0        0.0       0.0        .04       87       2    
shippingservice      0.0       0.0        62.2      1.3        .07       95       2    

[2025-12-01 19:51:58]
SERVICE              HTTP_RPM  HTTP_LAT   gRPC_RPM  gRPC_LAT   CPU(core) MEM(MiB) PODS
--------------------------------------------------------------------------------------
adservice            0.0       0.0        122.5     1.8        .13       260      2    
cartservice          0.0       0.0        209.4     24.8       .33       172      2    
checkoutservice      0.0       0.0        7.8       129.8      .10       97       2    
currencyservice      0.0       0.0        588.6     5.6        .62       217      2    
emailservice         0.0       0.0        7.4       1.6        .02       150      2    
frontend             209.4     387.5      0.0       0.0        1.23      229      2    
kubernetes-dashboard 0.0       0.0        0.0       0.0        0         7        1    
paymentservice       0.0       0.0        7.4       1.6        .02       125      2    
productcatalogservice 0.0       0.0        1209.4    2.0        .68       115      2    
recommendationservice 0.0       0.0        160.2     14.4       .45       185      2    
redis-cart           0.0       0.0        0.0       0.0        .04       87       2    
shippingservice      0.0       0.0        62.5      1.0        .07       95       2    

[2025-12-01 19:52:10]
SERVICE              HTTP_RPM  HTTP_LAT   gRPC_RPM  gRPC_LAT   CPU(core) MEM(MiB) PODS
--------------------------------------------------------------------------------------
adservice            0.0       0.0        128.4     2.4        .13       260      2    
cartservice          0.0       0.0        215.0     24.1       .32       168      2    
checkoutservice      0.0       0.0        7.5       114.4      .10       97       2    
currencyservice      0.0       0.0        618.4     9.1        .64       218      2    
emailservice         0.0       0.0        7.6       2.4        .02       150      2    
frontend             215.5     461.2      0.0       0.0        1.23      232      2    
kubernetes-dashboard 0.0       0.0        0.0       0.0        0         7        1    
paymentservice       0.0       0.0        7.9       2.0        .02       125      2    
productcatalogservice 0.0       0.0        1209.4    2.0        .65       115      2    
recommendationservice 0.0       0.0        161.1     20.3       .46       185      2    
redis-cart           0.0       0.0        0.0       0.0        .04       87       2    
shippingservice      0.0       0.0        62.6      1.2        .07       95       2    

[2025-12-01 19:52:21]
SERVICE              HTTP_RPM  HTTP_LAT   gRPC_RPM  gRPC_LAT   CPU(core) MEM(MiB) PODS
--------------------------------------------------------------------------------------
adservice            0.0       0.0        128.1     2.3        .12       260      2    
cartservice          0.0       0.0        215.0     24.1       .32       168      2    
checkoutservice      0.0       0.0        8.1       147.3      .12       97       2    
currencyservice      0.0       0.0        615.2     10.9       .62       218      2    
emailservice         0.0       0.0        7.7       2.4        .03       150      2    
frontend             211.3     538.8      0.0       0.0        1.18      233      2    
kubernetes-dashboard 0.0       0.0        0.0       0.0        0         7        1    
paymentservice       0.0       0.0        7.9       2.0        .02       126      2    
productcatalogservice 0.0       0.0        1195.3    3.5        .65       115      2    
recommendationservice 0.0       0.0        159.0     20.6       .45       184      2    
redis-cart           0.0       0.0        0.0       0.0        .04       87       2    
shippingservice      0.0       0.0        62.0      1.2        .08       95       2    

[2025-12-01 19:52:33]
SERVICE              HTTP_RPM  HTTP_LAT   gRPC_RPM  gRPC_LAT   CPU(core) MEM(MiB) PODS
--------------------------------------------------------------------------------------
adservice            0.0       0.0        122.8     2.2        .12       260      2    
cartservice          0.0       0.0        208.6     30.7       .33       168      2    
checkoutservice      0.0       0.0        7.6       142.3      .09       97       2    
currencyservice      0.0       0.0        600.7     11.0       .60       218      2    
emailservice         0.0       0.0        7.8       2.4        .02       150      2    
frontend             206.2     529.5      0.0       0.0        1.22      237      2    
kubernetes-dashboard 0.0       0.0        0.0       0.0        0         7        1    
paymentservice       0.0       0.0        7.7       2.1        .02       131      2    
productcatalogservice 0.0       0.0        1142.4    3.5        .67       115      2    
recommendationservice 0.0       0.0        156.2     20.8       .45       184      2    
redis-cart           0.0       0.0        0.0       0.0        .04       91       2    
shippingservice      0.0       0.0        60.4      1.2        .07       95       2    

[2025-12-01 19:52:45]
SERVICE              HTTP_RPM  HTTP_LAT   gRPC_RPM  gRPC_LAT   CPU(core) MEM(MiB) PODS
--------------------------------------------------------------------------------------
adservice            0.0       0.0        119.0     2.1        .12       260      2    
cartservice          0.0       0.0        200.5     31.2       .33       168      2    
checkoutservice      0.0       0.0        7.8       133.4      .09       97       2    
currencyservice      0.0       0.0        557.9     10.8       .60       218      2    
emailservice         0.0       0.0        7.8       2.4        .02       150      2    
frontend             198.6     442.7      0.0       0.0        1.22      237      2    
kubernetes-dashboard 0.0       0.0        0.0       0.0        0         7        1    
paymentservice       0.0       0.0        7.9       2.1        .02       129      2    
productcatalogservice 0.0       0.0        1084.1    3.0        .67       115      2    
recommendationservice 0.0       0.0        150.8     20.2       .43       182      2    
redis-cart           0.0       0.0        0.0       0.0        .04       91       2    
shippingservice      0.0       0.0        60.0      1.2        .07       95       2    

[2025-12-01 19:52:57]
SERVICE              HTTP_RPM  HTTP_LAT   gRPC_RPM  gRPC_LAT   CPU(core) MEM(MiB) PODS
--------------------------------------------------------------------------------------
adservice            0.0       0.0        108.3     1.5        .12       261      2    
cartservice          0.0       0.0        185.5     23.5       .35       168      2    
checkoutservice      0.0       0.0        7.7       124.8      .10       97       2    
currencyservice      0.0       0.0        496.5     4.5        .60       221      2    
emailservice         0.0       0.0        7.3       1.7        .02       150      2    
frontend             186.1     374.9      0.0       0.0        1.19      236      2    
kubernetes-dashboard 0.0       0.0        0.0       0.0        0         7        1    
paymentservice       0.0       0.0        7.2       1.7        .02       129      2    
productcatalogservice 0.0       0.0        1033.8    1.2        .67       115      2    
recommendationservice 0.0       0.0        141.6     12.5       .43       182      2    
redis-cart           0.0       0.0        0.0       0.0        .04       91       2    
shippingservice      0.0       0.0        57.4      0.9        .07       94       2    

[2025-12-01 19:53:09]
SERVICE              HTTP_RPM  HTTP_LAT   gRPC_RPM  gRPC_LAT   CPU(core) MEM(MiB) PODS
--------------------------------------------------------------------------------------
adservice            0.0       0.0        102.9     1.4        .11       260      2    
cartservice          0.0       0.0        183.7     25.1       .34       168      2    
checkoutservice      0.0       0.0        6.8       98.3       .08       98       2    
currencyservice      0.0       0.0        491.8     4.3        .60       224      2    
emailservice         0.0       0.0        7.4       1.8        .02       149      2    
frontend             182.2     272.5      0.0       0.0        1.18      236      2    
kubernetes-dashboard 0.0       0.0        0.0       0.0        0         7        1    
paymentservice       0.0       0.0        7.6       1.8        .02       127      2    
productcatalogservice 0.0       0.0        1033.8    1.2        .65       115      2    
recommendationservice 0.0       0.0        141.9     14.5       .42       182      2    
redis-cart           0.0       0.0        0.0       0.0        .04       89       2    
shippingservice      0.0       0.0        59.3      1.0        .07       94       2    

[2025-12-01 19:53:20]
SERVICE              HTTP_RPM  HTTP_LAT   gRPC_RPM  gRPC_LAT   CPU(core) MEM(MiB) PODS
--------------------------------------------------------------------------------------
adservice            0.0       0.0        106.4     1.9        .15       269      2    
cartservice          0.0       0.0        183.7     25.1       .31       168      2    
checkoutservice      0.0       0.0        7.8       109.9      .11       98       2    
currencyservice      0.0       0.0        519.8     5.8        .60       223      2    
emailservice         0.0       0.0        7.6       1.7        .03       153      2    
frontend             191.9     374.6      0.0       0.0        1.18      236      2    
kubernetes-dashboard 0.0       0.0        0.0       0.0        0         7        1    
paymentservice       0.0       0.0        7.6       1.8        .02       127      2    
productcatalogservice 0.0       0.0        1076.3    1.9        .64       115      2    
recommendationservice 0.0       0.0        146.7     15.1       .42       182      2    
redis-cart           0.0       0.0        0.0       0.0        .04       89       2    
shippingservice      0.0       0.0        59.7      1.0        .07       94       2    

[2025-12-01 19:53:33]
SERVICE              HTTP_RPM  HTTP_LAT   gRPC_RPM  gRPC_LAT   CPU(core) MEM(MiB) PODS
--------------------------------------------------------------------------------------
adservice            0.0       0.0        111.1     1.9        .15       269      2    
cartservice          0.0       0.0        193.1     22.2       .31       168      2    
checkoutservice      0.0       0.0        7.9       124.3      .10       98       2    
currencyservice      0.0       0.0        531.9     5.9        .61       229      2    
emailservice         0.0       0.0        7.7       1.6        .02       153      2    
frontend             194.6     409.6      0.0       0.0        1.22      237      2    
kubernetes-dashboard 0.0       0.0        0.0       0.0        0         7        1    
paymentservice       0.0       0.0        7.6       1.8        .02       128      2    
productcatalogservice 0.0       0.0        1118.1    2.1        .65       116      2    
recommendationservice 0.0       0.0        149.2     16.8       .47       182      2    
redis-cart           0.0       0.0        0.0       0.0        .04       89       2    
shippingservice      0.0       0.0        59.8      1.1        .07       91       2    

[2025-12-01 19:53:44]
SERVICE              HTTP_RPM  HTTP_LAT   gRPC_RPM  gRPC_LAT   CPU(core) MEM(MiB) PODS
--------------------------------------------------------------------------------------
adservice            0.0       0.0        114.0     2.0        .13       259      2    
cartservice          0.0       0.0        196.8     28.3       .32       168      2    
checkoutservice      0.0       0.0        7.9       124.3      .10       98       2    
currencyservice      0.0       0.0        541.9     6.1        .61       229      2    
emailservice         0.0       0.0        7.7       1.6        .02       153      2    
frontend             200.0     418.1      0.0       0.0        1.22      237      2    
kubernetes-dashboard 0.0       0.0        0.0       0.0        0         7        1    
paymentservice       0.0       0.0        7.7       1.8        .02       128      2    
productcatalogservice 0.0       0.0        1139.1    2.0        .67       115      2    
recommendationservice 0.0       0.0        152.4     17.3       .43       182      2    
redis-cart           0.0       0.0        0.0       0.0        .04       90       2    
shippingservice      0.0       0.0        60.6      1.1        .07       91       2    

[2025-12-01 19:53:55]
SERVICE              HTTP_RPM  HTTP_LAT   gRPC_RPM  gRPC_LAT   CPU(core) MEM(MiB) PODS
--------------------------------------------------------------------------------------
adservice            0.0       0.0        115.4     2.0        .12       259      2    
cartservice          0.0       0.0        196.3     27.3       .33       168      2    
checkoutservice      0.0       0.0        7.6       116.5      .10       98       2    
currencyservice      0.0       0.0        547.4     5.8        .60       230      2    
emailservice         0.0       0.0        7.3       1.4        .02       153      2    
frontend             197.4     412.5      0.0       0.0        1.20      238      2    
kubernetes-dashboard 0.0       0.0        0.0       0.0        0         7        1    
paymentservice       0.0       0.0        7.2       1.6        .02       128      2    
productcatalogservice 0.0       0.0        1139.1    2.0        .67       115      2    
recommendationservice 0.0       0.0        149.7     15.4       .43       182      2    
redis-cart           0.0       0.0        0.0       0.0        .04       90       2    
shippingservice      0.0       0.0        58.4      1.0        .07       91       2    

[2025-12-01 19:54:09]
SERVICE              HTTP_RPM  HTTP_LAT   gRPC_RPM  gRPC_LAT   CPU(core) MEM(MiB) PODS
--------------------------------------------------------------------------------------
adservice            0.0       0.0        109.8     1.6        .12       259      2    
cartservice          0.0       0.0        176.7     32.5       .31       168      2    
checkoutservice      0.0       0.0        6.8       131.7      .09       96       2    
currencyservice      0.0       0.0        512.9     5.1        .58       230      2    
emailservice         0.0       0.0        7.0       1.5        .02       153      2    
frontend             181.0     335.4      0.0       0.0        1.16      236      2    
kubernetes-dashboard 0.0       0.0        0.0       0.0        0         7        1    
paymentservice       0.0       0.0        6.5       2.1        .02       129      2    
productcatalogservice 0.0       0.0        1065.0    1.4        .65       115      2    
recommendationservice 0.0       0.0        133.0     18.2       .42       182      2    
redis-cart           0.0       0.0        0.0       0.0        .04       90       2    
shippingservice      0.0       0.0        52.5      1.0        .07       91       2    

[2025-12-01 19:54:20]
SERVICE              HTTP_RPM  HTTP_LAT   gRPC_RPM  gRPC_LAT   CPU(core) MEM(MiB) PODS
--------------------------------------------------------------------------------------
adservice            0.0       0.0        98.5      1.7        .10       259      2    
cartservice          0.0       0.0        176.7     32.5       .28       168      2    
checkoutservice      0.0       0.0        6.2       120.8      .08       96       2    
currencyservice      0.0       0.0        469.8     5.1        .53       230      2    
emailservice         0.0       0.0        6.3       1.6        .02       153      2    
frontend             174.3     342.1      0.0       0.0        1.06      237      2    
kubernetes-dashboard 0.0       0.0        0.0       0.0        0         7        1    
paymentservice       0.0       0.0        6.3       2.1        .02       128      2    
productcatalogservice 0.0       0.0        978.0     2.1        .59       109      2    
recommendationservice 0.0       0.0        130.1     18.7       .37       182      2    
redis-cart           0.0       0.0        0.0       0.0        .04       90       2    
shippingservice      0.0       0.0        52.7      1.0        .06       91       2    

[2025-12-01 19:54:32]
SERVICE              HTTP_RPM  HTTP_LAT   gRPC_RPM  gRPC_LAT   CPU(core) MEM(MiB) PODS
--------------------------------------------------------------------------------------
adservice            0.0       0.0        96.0      1.7        .10       259      2    
cartservice          0.0       0.0        169.7     31.8       .28       168      2    
checkoutservice      0.0       0.0        6.8       114.7      .08       96       2    
currencyservice      0.0       0.0        476.2     5.3        .61       230      2    
emailservice         0.0       0.0        6.8       1.7        .02       153      2    
frontend             170.9     364.8      0.0       0.0        1.14      231      2    
kubernetes-dashboard 0.0       0.0        0.0       0.0        0         7        1    
paymentservice       0.0       0.0        6.8       2.0        .02       128      2    
productcatalogservice 0.0       0.0        993.9     2.2        .64       109      2    
recommendationservice 0.0       0.0        130.2     18.9       .39       179      2    
redis-cart           0.0       0.0        0.0       0.0        .04       90       2    
shippingservice      0.0       0.0        52.7      1.0        .07       93       2    

[2025-12-01 19:54:44]
SERVICE              HTTP_RPM  HTTP_LAT   gRPC_RPM  gRPC_LAT   CPU(core) MEM(MiB) PODS
--------------------------------------------------------------------------------------
adservice            0.0       0.0        101.7     1.5        .11       260      2    
cartservice          0.0       0.0        179.4     27.9       .29       168      2    
checkoutservice      0.0       0.0        7.2       116.6      .10       96       2    
currencyservice      0.0       0.0        510.0     6.0        .61       230      2    
emailservice         0.0       0.0        7.4       1.7        .02       153      2    
frontend             184.2     414.6      0.0       0.0        1.14      231      2    
kubernetes-dashboard 0.0       0.0        0.0       0.0        0         7        1    
paymentservice       0.0       0.0        7.4       1.9        .02       128      2    
productcatalogservice 0.0       0.0        1095.0    2.4        .64       114      2    
recommendationservice 0.0       0.0        139.2     19.9       .46       179      2    
redis-cart           0.0       0.0        0.0       0.0        .04       90       2    
shippingservice      0.0       0.0        57.4      1.0        .08       93       2    

[2025-12-01 19:54:55]
SERVICE              HTTP_RPM  HTTP_LAT   gRPC_RPM  gRPC_LAT   CPU(core) MEM(MiB) PODS
--------------------------------------------------------------------------------------
adservice            0.0       0.0        113.4     1.5        .12       257      2    
cartservice          0.0       0.0        202.9     23.9       .32       168      2    
checkoutservice      0.0       0.0        7.9       90.7       .11       101      2    
currencyservice      0.0       0.0        575.5     6.2        .62       230      2    
emailservice         0.0       0.0        8.4       1.6        .02       153      2    
frontend             198.3     412.6      0.0       0.0        1.22      226      2    
kubernetes-dashboard 0.0       0.0        0.0       0.0        0         7        1    
paymentservice       0.0       0.0        8.8       1.6        .02       127      2    
productcatalogservice 0.0       0.0        1095.0    2.4        .66       114      2    
recommendationservice 0.0       0.0        157.9     16.1       .46       179      2    
redis-cart           0.0       0.0        0.0       0.0        .04       90       2    
shippingservice      0.0       0.0        65.0      1.0        .08       93       2    

[2025-12-01 19:55:08]
SERVICE              HTTP_RPM  HTTP_LAT   gRPC_RPM  gRPC_LAT   CPU(core) MEM(MiB) PODS
--------------------------------------------------------------------------------------
adservice            0.0       0.0        116.6     1.5        .12       257      2    
cartservice          0.0       0.0        204.5     25.4       .32       168      2    
checkoutservice      0.0       0.0        8.4       106.1      .12       102      2    
currencyservice      0.0       0.0        585.7     7.3        .61       224      2    
emailservice         0.0       0.0        8.6       1.8        .02       153      2    
frontend             206.2     440.0      0.0       0.0        1.24      223      2    
kubernetes-dashboard 0.0       0.0        0.0       0.0        0         7        1    
paymentservice       0.0       0.0        8.8       1.7        .02       128      2    
productcatalogservice 0.0       0.0        1185.5    1.9        .66       114      2    
recommendationservice 0.0       0.0        153.9     31.3       .47       175      2    
redis-cart           0.0       0.0        0.0       0.0        .04       90       2    
shippingservice      0.0       0.0        61.6      1.1        .07       93       2    

[2025-12-01 19:55:20]
SERVICE              HTTP_RPM  HTTP_LAT   gRPC_RPM  gRPC_LAT   CPU(core) MEM(MiB) PODS
--------------------------------------------------------------------------------------
adservice            0.0       0.0        115.4     1.7        .11       257      2    
cartservice          0.0       0.0        204.5     25.4       .27       168      2    
checkoutservice      0.0       0.0        7.9       142.0      .10       102      2    
currencyservice      0.0       0.0        561.6     9.1        .53       225      2    
emailservice         0.0       0.0        8.3       1.8        .02       154      2    
frontend             200.4     565.0      0.0       0.0        1.05      228      2    
kubernetes-dashboard 0.0       0.0        0.0       0.0        0         7        1    
paymentservice       0.0       0.0        8.2       1.7        .02       128      2    
productcatalogservice 0.0       0.0        1136.7    2.3        .63       114      2    
recommendationservice 0.0       0.0        149.0     31.8       .38       177      2    
redis-cart           0.0       0.0        0.0       0.0        .04       85       2    
shippingservice      0.0       0.0        60.3      1.1        .06       91       2    

[2025-12-01 19:55:31]
SERVICE              HTTP_RPM  HTTP_LAT   gRPC_RPM  gRPC_LAT   CPU(core) MEM(MiB) PODS
--------------------------------------------------------------------------------------
adservice            0.0       0.0        111.9     1.8        .11       257      2    
cartservice          0.0       0.0        192.2     32.8       .27       168      2    
checkoutservice      0.0       0.0        8.0       144.7      .10       102      2    
currencyservice      0.0       0.0        552.7     9.1        .53       225      2    
emailservice         0.0       0.0        7.8       1.9        .02       154      2    
frontend             190.8     532.3      0.0       0.0        1.17      225      2    
kubernetes-dashboard 0.0       0.0        0.0       0.0        0         7        1    
paymentservice       0.0       0.0        7.8       1.7        .02       126      2    
productcatalogservice 0.0       0.0        1073.1    2.2        .64       114      2    
recommendationservice 0.0       0.0        145.1     31.4       .39       177      2    
redis-cart           0.0       0.0        0.0       0.0        .04       85       2    
shippingservice      0.0       0.0        57.6      1.1        .07       91       2    

[2025-12-01 19:55:43]
SERVICE              HTTP_RPM  HTTP_LAT   gRPC_RPM  gRPC_LAT   CPU(core) MEM(MiB) PODS
--------------------------------------------------------------------------------------
adservice            0.0       0.0        106.0     1.7        .11       256      2    
cartservice          0.0       0.0        178.7     29.7       .26       168      2    
checkoutservice      0.0       0.0        7.5       147.4      .11       102      2    
currencyservice      0.0       0.0        518.1     8.3        .60       225      2    
emailservice         0.0       0.0        7.1       1.9        .02       154      2    
frontend             181.8     524.3      0.0       0.0        1.17      225      2    
kubernetes-dashboard 0.0       0.0        0.0       0.0        0         7        1    
paymentservice       0.0       0.0        6.9       1.8        .02       126      2    
productcatalogservice 0.0       0.0        1040.2    1.8        .64       114      2    
recommendationservice 0.0       0.0        136.1     31.2       .43       177      2    
redis-cart           0.0       0.0        0.0       0.0        .04       85       2    
shippingservice      0.0       0.0        53.2      1.0        .07       91       2    

[2025-12-01 19:55:55]
SERVICE              HTTP_RPM  HTTP_LAT   gRPC_RPM  gRPC_LAT   CPU(core) MEM(MiB) PODS
--------------------------------------------------------------------------------------
adservice            0.0       0.0        107.6     1.5        .12       256      2    
cartservice          0.0       0.0        183.9     22.9       .37       168      2    
checkoutservice      0.0       0.0        7.0       131.0      .09       102      2    
currencyservice      0.0       0.0        521.8     6.8        .61       225      2    
emailservice         0.0       0.0        7.0       1.6        .02       154      2    
frontend             183.0     446.4      0.0       0.0        1.19      224      2    
kubernetes-dashboard 0.0       0.0        0.0       0.0        0         7        1    
paymentservice       0.0       0.0        6.7       1.7        .02       128      2    
productcatalogservice 0.0       0.0        1040.2    1.8        .67       114      2    
recommendationservice 0.0       0.0        141.7     12.9       .43       177      2    
redis-cart           0.0       0.0        0.0       0.0        .04       85       2    
shippingservice      0.0       0.0        56.5      0.9        .07       91       2    

[2025-12-01 19:56:08]
SERVICE              HTTP_RPM  HTTP_LAT   gRPC_RPM  gRPC_LAT   CPU(core) MEM(MiB) PODS
--------------------------------------------------------------------------------------
adservice            0.0       0.0        107.4     1.4        .12       256      2    
cartservice          0.0       0.0        179.9     9.8        .36       168      2    
checkoutservice      0.0       0.0        6.5       80.8       .09       102      2    
currencyservice      0.0       0.0        533.2     4.4        .62       225      2    
emailservice         0.0       0.0        6.5       1.5        .02       154      2    
frontend             183.1     275.1      0.0       0.0        1.21      224      2    
kubernetes-dashboard 0.0       0.0        0.0       0.0        0         7        1    
paymentservice       0.0       0.0        6.5       1.7        .02       128      2    
productcatalogservice 0.0       0.0        1060.8    1.2        .68       116      2    
recommendationservice 0.0       0.0        137.5     13.8       .42       177      2    
redis-cart           0.0       0.0        0.0       0.0        .04       86       2    
shippingservice      0.0       0.0        53.1      1.0        .07       91       2    

[2025-12-01 19:56:20]
SERVICE              HTTP_RPM  HTTP_LAT   gRPC_RPM  gRPC_LAT   CPU(core) MEM(MiB) PODS
--------------------------------------------------------------------------------------
adservice            0.0       0.0        105.2     1.5        .11       255      2    
cartservice          0.0       0.0        179.9     9.8        .32       168      2    
checkoutservice      0.0       0.0        6.1       74.8       .07       102      2    
currencyservice      0.0       0.0        515.1     4.2        .57       225      2    
emailservice         0.0       0.0        6.3       1.6        .02       154      2    
frontend             180.5     299.7      0.0       0.0        1.10      224      2    
kubernetes-dashboard 0.0       0.0        0.0       0.0        0         7        1    
paymentservice       0.0       0.0        6.2       1.7        .02       128      2    
productcatalogservice 0.0       0.0        1028.8    1.7        .64       116      2    
recommendationservice 0.0       0.0        136.7     13.6       .39       177      2    
redis-cart           0.0       0.0        0.0       0.0        .04       86       2    
shippingservice      0.0       0.0        53.1      1.0        .06       91       2    

[2025-12-01 19:56:31]
SERVICE              HTTP_RPM  HTTP_LAT   gRPC_RPM  gRPC_LAT   CPU(core) MEM(MiB) PODS
--------------------------------------------------------------------------------------
adservice            0.0       0.0        104.0     1.5        .11       255      2    
cartservice          0.0       0.0        177.6     9.7        .32       168      2    
checkoutservice      0.0       0.0        6.2       74.3       .07       102      2    
currencyservice      0.0       0.0        510.3     4.2        .57       225      2    
emailservice         0.0       0.0        6.2       1.7        .02       154      2    
frontend             176.3     281.0      0.0       0.0        1.18      224      2    
kubernetes-dashboard 0.0       0.0        0.0       0.0        0         7        1    
paymentservice       0.0       0.0        6.2       1.5        .02       128      2    
productcatalogservice 0.0       0.0        1015.9    1.7        .69       115      2    
recommendationservice 0.0       0.0        135.0     13.2       .40       177      2    
redis-cart           0.0       0.0        0.0       0.0        .04       80       2    
shippingservice      0.0       0.0        53.4      0.9        .07       91       2    

[2025-12-01 19:56:43]
SERVICE              HTTP_RPM  HTTP_LAT   gRPC_RPM  gRPC_LAT   CPU(core) MEM(MiB) PODS
--------------------------------------------------------------------------------------
adservice            0.0       0.0        101.2     1.4        .11       251      2    
cartservice          0.0       0.0        172.9     11.2       .34       168      2    
checkoutservice      0.0       0.0        6.3       79.1       .09       102      2    
currencyservice      0.0       0.0        497.8     4.0        .59       224      2    
emailservice         0.0       0.0        6.6       1.7        .02       154      2    
frontend             173.3     281.4      0.0       0.0        1.18      224      2    
kubernetes-dashboard 0.0       0.0        0.0       0.0        0         7        1    
paymentservice       0.0       0.0        6.7       1.5        .02       128      2    
productcatalogservice 0.0       0.0        1016.8    1.6        .69       115      2    
recommendationservice 0.0       0.0        132.9     13.1       .40       178      2    
redis-cart           0.0       0.0        0.0       0.0        .04       80       2    
shippingservice      0.0       0.0        51.8      0.9        .07       90       2    

[2025-12-01 19:56:55]
SERVICE              HTTP_RPM  HTTP_LAT   gRPC_RPM  gRPC_LAT   CPU(core) MEM(MiB) PODS
--------------------------------------------------------------------------------------
adservice            0.0       0.0        102.7     1.3        .11       251      2    
cartservice          0.0       0.0        176.7     11.2       .34       168      2    
checkoutservice      0.0       0.0        6.8       78.3       .10       102      2    
currencyservice      0.0       0.0        498.2     3.8        .60       221      2    
emailservice         0.0       0.0        6.8       1.6        .02       154      2    
frontend             174.8     271.5      0.0       0.0        1.18      222      2    
kubernetes-dashboard 0.0       0.0        0.0       0.0        0         7        1    
paymentservice       0.0       0.0        6.6       1.5        .02       128      2    
productcatalogservice 0.0       0.0        1016.8    1.6        .69       115      2    
recommendationservice 0.0       0.0        135.2     10.8       .41       178      2    
redis-cart           0.0       0.0        0.0       0.0        .04       80       2    
shippingservice      0.0       0.0        53.1      0.8        .07       90       2    

[2025-12-01 19:57:06]
SERVICE              HTTP_RPM  HTTP_LAT   gRPC_RPM  gRPC_LAT   CPU(core) MEM(MiB) PODS
--------------------------------------------------------------------------------------
adservice            0.0       0.0        99.4      1.2        .11       251      2    
cartservice          0.0       0.0        176.7     11.2       .30       168      2    
checkoutservice      0.0       0.0        6.6       83.4       .09       97       2    
currencyservice      0.0       0.0        486.3     3.6        .60       221      2    
emailservice         0.0       0.0        6.5       1.5        .02       151      2    
frontend             166.8     212.9      0.0       0.0        1.18      221      2    
kubernetes-dashboard 0.0       0.0        0.0       0.0        0         7        1    
paymentservice       0.0       0.0        6.6       1.5        .02       123      2    
productcatalogservice 0.0       0.0        997.6     0.9        .69       116      2    
recommendationservice 0.0       0.0        129.0     11.0       .40       178      2    
redis-cart           0.0       0.0        0.0       0.0        .04       80       2    
shippingservice      0.0       0.0        50.6      0.8        .06       90       2    

[2025-12-01 19:57:18]
SERVICE              HTTP_RPM  HTTP_LAT   gRPC_RPM  gRPC_LAT   CPU(core) MEM(MiB) PODS
--------------------------------------------------------------------------------------
adservice            0.0       0.0        96.0      1.3        .11       251      2    
cartservice          0.0       0.0        161.7     15.2       .30       168      2    
checkoutservice      0.0       0.0        5.9       94.6       .07       97       2    
currencyservice      0.0       0.0        461.1     3.5        .51       224      2    
emailservice         0.0       0.0        6.3       1.5        .02       151      2    
frontend             159.2     207.2      0.0       0.0        1.01      223      2    
kubernetes-dashboard 0.0       0.0        0.0       0.0        0         7        1    
paymentservice       0.0       0.0        6.0       1.7        .01       124      2    
productcatalogservice 0.0       0.0        908.5     1.0        .60       116      2    
recommendationservice 0.0       0.0        123.5     11.9       .32       178      2    
redis-cart           0.0       0.0        0.0       0.0        .04       80       2    
shippingservice      0.0       0.0        47.7      0.8        .05       90       2    

[2025-12-01 19:57:29]
SERVICE              HTTP_RPM  HTTP_LAT   gRPC_RPM  gRPC_LAT   CPU(core) MEM(MiB) PODS
--------------------------------------------------------------------------------------
adservice            0.0       0.0        87.7      1.2        .09       251      2    
cartservice          0.0       0.0        147.7     17.6       .27       168      2    
checkoutservice      0.0       0.0        5.9       94.6       .07       97       2    
currencyservice      0.0       0.0        419.0     3.5        .51       224      2    
emailservice         0.0       0.0        5.5       1.5        .02       151      2    
frontend             143.4     181.7      0.0       0.0        1.01      223      2    
kubernetes-dashboard 0.0       0.0        0.0       0.0        0         7        1    
paymentservice       0.0       0.0        5.2       1.8        .01       124      2    
productcatalogservice 0.0       0.0        819.2     0.9        .57       116      2    
recommendationservice 0.0       0.0        112.4     11.5       .32       178      2    
redis-cart           0.0       0.0        0.0       0.0        .03       80       2    
shippingservice      0.0       0.0        43.0      0.8        .05       89       2    

[2025-12-01 19:57:41]
SERVICE              HTTP_RPM  HTTP_LAT   gRPC_RPM  gRPC_LAT   CPU(core) MEM(MiB) PODS
--------------------------------------------------------------------------------------
adservice            0.0       0.0        80.0      1.1        .09       251      2    
cartservice          0.0       0.0        134.4     18.2       .26       168      2    
checkoutservice      0.0       0.0        5.3       101.9      .07       97       2    
currencyservice      0.0       0.0        386.9     3.1        .50       221      2    
emailservice         0.0       0.0        5.4       1.5        .02       151      2    
frontend             136.7     178.9      0.0       0.0        1.01      221      2    
kubernetes-dashboard 0.0       0.0        0.0       0.0        0         7        1    
paymentservice       0.0       0.0        5.3       1.7        .01       123      2    
productcatalogservice 0.0       0.0        819.2     0.9        .57       116      2    
recommendationservice 0.0       0.0        101.5     11.1       .32       178      2    
redis-cart           0.0       0.0        0.0       0.0        .03       80       2    
shippingservice      0.0       0.0        39.8      0.8        .05       89       2    

[2025-12-01 19:57:52]
SERVICE              HTTP_RPM  HTTP_LAT   gRPC_RPM  gRPC_LAT   CPU(core) MEM(MiB) PODS
--------------------------------------------------------------------------------------
adservice            0.0       0.0        77.8      1.1        .09       251      2    
cartservice          0.0       0.0        135.1     22.3       .26       169      2    
checkoutservice      0.0       0.0        5.4       105.5      .07       96       2    
currencyservice      0.0       0.0        380.5     2.9        .52       223      2    
emailservice         0.0       0.0        5.4       1.5        .02       151      2    
frontend             132.2     178.6      0.0       0.0        1.04      221      2    
kubernetes-dashboard 0.0       0.0        0.0       0.0        0         7        1    
paymentservice       0.0       0.0        5.3       1.7        .02       123      2    
productcatalogservice 0.0       0.0        771.1     0.8        .61       116      2    
recommendationservice 0.0       0.0        103.6     9.7        .32       178      2    
redis-cart           0.0       0.0        0.0       0.0        .04       80       2    
shippingservice      0.0       0.0        40.8      0.7        .05       90       2    

[2025-12-01 19:58:04]
SERVICE              HTTP_RPM  HTTP_LAT   gRPC_RPM  gRPC_LAT   CPU(core) MEM(MiB) PODS
--------------------------------------------------------------------------------------
adservice            0.0       0.0        80.2      1.1        .09       251      2    
cartservice          0.0       0.0        134.2     28.3       .28       168      2    
checkoutservice      0.0       0.0        5.6       106.9      .08       95       2    
currencyservice      0.0       0.0        414.7     3.8        .54       220      2    
emailservice         0.0       0.0        5.5       1.5        .02       151      2    
frontend             133.2     157.4      0.0       0.0        1.00      221      2    
kubernetes-dashboard 0.0       0.0        0.0       0.0        0         7        1    
paymentservice       0.0       0.0        5.7       1.5        .02       123      2    
productcatalogservice 0.0       0.0        784.2     0.6        .59       116      2    
recommendationservice 0.0       0.0        103.6     9.7        .32       178      2    
redis-cart           0.0       0.0        0.0       0.0        .03       80       2    
shippingservice      0.0       0.0        42.4      0.7        .06       90       2    

[2025-12-01 19:58:15]
SERVICE              HTTP_RPM  HTTP_LAT   gRPC_RPM  gRPC_LAT   CPU(core) MEM(MiB) PODS
--------------------------------------------------------------------------------------
adservice            0.0       0.0        81.4      1.2        .09       251      2    
cartservice          0.0       0.0        139.2     28.0       .28       168      2    
checkoutservice      0.0       0.0        5.6       108.8      .08       95       2    
currencyservice      0.0       0.0        420.8     4.2        .54       220      2    
emailservice         0.0       0.0        5.4       1.7        .02       151      2    
frontend             141.7     209.3      0.0       0.0        1.00      221      2    
kubernetes-dashboard 0.0       0.0        0.0       0.0        0         7        1    
paymentservice       0.0       0.0        5.5       1.9        .01       124      2    
productcatalogservice 0.0       0.0        813.6     1.0        .59       116      2    
recommendationservice 0.0       0.0        106.2     11.6       .35       177      2    
redis-cart           0.0       0.0        0.0       0.0        .04       80       2    
shippingservice      0.0       0.0        43.4      0.8        .05       90       2    

[2025-12-01 19:58:27]
SERVICE              HTTP_RPM  HTTP_LAT   gRPC_RPM  gRPC_LAT   CPU(core) MEM(MiB) PODS
--------------------------------------------------------------------------------------
adservice            0.0       0.0        82.9      1.3        .10       251      2    
cartservice          0.0       0.0        144.7     26.4       .29       168      2    
checkoutservice      0.0       0.0        5.2       110.1      .07       96       2    
currencyservice      0.0       0.0        433.8     4.4        .54       220      2    
emailservice         0.0       0.0        5.4       1.6        .02       151      2    
frontend             144.4     215.5      0.0       0.0        1.06      222      2    
kubernetes-dashboard 0.0       0.0        0.0       0.0        0         7        1    
paymentservice       0.0       0.0        5.5       1.9        .01       124      2    
productcatalogservice 0.0       0.0        845.1     1.2        .59       116      2    
recommendationservice 0.0       0.0        111.0     13.4       .35       177      2    
redis-cart           0.0       0.0        0.0       0.0        .04       80       2    
shippingservice      0.0       0.0        44.9      0.9        .05       90       2    

[2025-12-01 19:58:38]
SERVICE              HTTP_RPM  HTTP_LAT   gRPC_RPM  gRPC_LAT   CPU(core) MEM(MiB) PODS
--------------------------------------------------------------------------------------
adservice            0.0       0.0        85.0      1.4        .11       252      2    
cartservice          0.0       0.0        150.6     36.8       .25       169      2    
checkoutservice      0.0       0.0        5.7       133.3      .07       96       2    
currencyservice      0.0       0.0        439.1     4.7        .53       220      2    
emailservice         0.0       0.0        5.4       1.6        .02       151      2    
frontend             150.8     257.2      0.0       0.0        1.03      221      2    
kubernetes-dashboard 0.0       0.0        0.0       0.0        0         7        1    
paymentservice       0.0       0.0        5.5       2.0        .01       123      2    
productcatalogservice 0.0       0.0        845.1     1.2        .59       116      2    
recommendationservice 0.0       0.0        113.9     13.7       .34       178      2    
redis-cart           0.0       0.0        0.0       0.0        .04       80       2    
shippingservice      0.0       0.0        45.3      0.9        .06       90       2    

[2025-12-01 19:58:50]
SERVICE              HTTP_RPM  HTTP_LAT   gRPC_RPM  gRPC_LAT   CPU(core) MEM(MiB) PODS
--------------------------------------------------------------------------------------
adservice            0.0       0.0        86.8      1.5        .10       252      2    
cartservice          0.0       0.0        150.6     36.8       .28       168      2    
checkoutservice      0.0       0.0        5.9       115.2      .09       97       2    
currencyservice      0.0       0.0        429.4     3.9        .53       220      2    
emailservice         0.0       0.0        5.6       1.6        .02       151      2    
frontend             151.9     253.1      0.0       0.0        1.03      221      2    
kubernetes-dashboard 0.0       0.0        0.0       0.0        0         7        1    
paymentservice       0.0       0.0        5.6       1.9        .02       124      2    
productcatalogservice 0.0       0.0        866.8     1.2        .59       116      2    
recommendationservice 0.0       0.0        115.9     13.0       .36       177      2    
redis-cart           0.0       0.0        0.0       0.0        .04       80       2    
shippingservice      0.0       0.0        46.7      0.8        .06       90       2    

[2025-12-01 19:59:01]
SERVICE              HTTP_RPM  HTTP_LAT   gRPC_RPM  gRPC_LAT   CPU(core) MEM(MiB) PODS
--------------------------------------------------------------------------------------
adservice            0.0       0.0        87.1      1.3        .10       252      2    
cartservice          0.0       0.0        151.4     34.8       .28       168      2    
checkoutservice      0.0       0.0        6.3       108.4      .09       97       2    
currencyservice      0.0       0.0        443.2     3.5        .53       220      2    
emailservice         0.0       0.0        6.1       1.5        .02       151      2    
frontend             151.3     227.1      0.0       0.0        1.07      222      2    
kubernetes-dashboard 0.0       0.0        0.0       0.0        0         7        1    
paymentservice       0.0       0.0        6.1       1.6        .02       123      2    
productcatalogservice 0.0       0.0        898.9     1.0        .64       111      2    
recommendationservice 0.0       0.0        118.2     11.7       .37       177      2    
redis-cart           0.0       0.0        0.0       0.0        .04       80       2    
shippingservice      0.0       0.0        47.7      0.8        .06       90       2    

[2025-12-01 19:59:13]
SERVICE              HTTP_RPM  HTTP_LAT   gRPC_RPM  gRPC_LAT   CPU(core) MEM(MiB) PODS
--------------------------------------------------------------------------------------
adservice            0.0       0.0        93.2      1.6        .10       252      2    
cartservice          0.0       0.0        159.0     32.4       .29       168      2    
checkoutservice      0.0       0.0        6.2       111.7      .08       97       2    
currencyservice      0.0       0.0        467.7     5.2        .56       220      2    
emailservice         0.0       0.0        6.2       1.6        .02       151      2    
frontend             158.3     234.8      0.0       0.0        1.07      222      2    
kubernetes-dashboard 0.0       0.0        0.0       0.0        0         7        1    
paymentservice       0.0       0.0        6.5       1.9        .02       123      2    
productcatalogservice 0.0       0.0        944.6     1.6        .64       111      2    
recommendationservice 0.0       0.0        123.7     12.5       .38       177      2    
redis-cart           0.0       0.0        0.0       0.0        .04       80       2    
shippingservice      0.0       0.0        49.3      1.0        .06       90       2    

[2025-12-01 19:59:25]
SERVICE              HTTP_RPM  HTTP_LAT   gRPC_RPM  gRPC_LAT   CPU(core) MEM(MiB) PODS
--------------------------------------------------------------------------------------
adservice            0.0       0.0        98.0      1.5        .11       252      2    
cartservice          0.0       0.0        168.9     13.4       .32       168      2    
checkoutservice      0.0       0.0        6.1       79.2       .08       96       2    
currencyservice      0.0       0.0        474.7     5.5        .56       220      2    
emailservice         0.0       0.0        6.4       1.6        .02       150      2    
frontend             166.7     256.5      0.0       0.0        1.14      223      2    
kubernetes-dashboard 0.0       0.0        0.0       0.0        0         7        1    
paymentservice       0.0       0.0        6.6       1.9        .02       125      2    
productcatalogservice 0.0       0.0        944.6     1.6        .64       111      2    
recommendationservice 0.0       0.0        130.5     12.9       .38       177      2    
redis-cart           0.0       0.0        0.0       0.0        .04       80       2    
shippingservice      0.0       0.0        52.4      1.0        .06       90       2    

[2025-12-01 19:59:36]
SERVICE              HTTP_RPM  HTTP_LAT   gRPC_RPM  gRPC_LAT   CPU(core) MEM(MiB) PODS
--------------------------------------------------------------------------------------
adservice            0.0       0.0        100.3     1.5        .11       252      2    
cartservice          0.0       0.0        168.9     13.4       .32       168      2    
checkoutservice      0.0       0.0        6.8       87.7       .10       96       2    
currencyservice      0.0       0.0        493.8     5.5        .60       218      2    
emailservice         0.0       0.0        6.7       1.6        .02       150      2    
frontend             176.0     283.3      0.0       0.0        1.16      222      2    
kubernetes-dashboard 0.0       0.0        0.0       0.0        0         7        1    
paymentservice       0.0       0.0        6.6       1.9        .02       125      2    
productcatalogservice 0.0       0.0        993.2     1.7        .67       111      2    
recommendationservice 0.0       0.0        132.5     13.2       .41       177      2    
redis-cart           0.0       0.0        0.0       0.0        .04       80       2    
shippingservice      0.0       0.0        53.2      1.0        .07       90       2    

[2025-12-01 19:59:49]
SERVICE              HTTP_RPM  HTTP_LAT   gRPC_RPM  gRPC_LAT   CPU(core) MEM(MiB) PODS
--------------------------------------------------------------------------------------
adservice            0.0       0.0        102.4     1.5        .11       252      2    
cartservice          0.0       0.0        177.7     15.1       .30       168      2    
checkoutservice      0.0       0.0        7.2       94.8       .10       97       2    
currencyservice      0.0       0.0        486.1     4.7        .59       220      2    
emailservice         0.0       0.0        6.8       1.6        .02       150      2    
frontend             178.8     283.5      0.0       0.0        1.17      223      2    
kubernetes-dashboard 0.0       0.0        0.0       0.0        0         7        1    
paymentservice       0.0       0.0        7.0       1.9        .02       125      2    
productcatalogservice 0.0       0.0        1016.7    1.7        .67       111      2    
recommendationservice 0.0       0.0        134.7     13.9       .40       177      2    
redis-cart           0.0       0.0        0.0       0.0        .04       80       2    
shippingservice      0.0       0.0        54.3      1.0        .07       90       2    

[2025-12-01 20:00:00]
SERVICE              HTTP_RPM  HTTP_LAT   gRPC_RPM  gRPC_LAT   CPU(core) MEM(MiB) PODS
--------------------------------------------------------------------------------------
adservice            0.0       0.0        102.1     1.3        .11       252      2    
cartservice          0.0       0.0        177.4     21.6       .30       168      2    
checkoutservice      0.0       0.0        7.2       94.5       .10       97       2    
currencyservice      0.0       0.0        510.0     4.2        .59       220      2    
emailservice         0.0       0.0        7.1       1.5        .02       150      2    
frontend             178.4     300.5      0.0       0.0        1.17      229      2    
kubernetes-dashboard 0.0       0.0        0.0       0.0        0         7        1    
paymentservice       0.0       0.0        6.9       1.7        .02       125      2    
productcatalogservice 0.0       0.0        1040.4    1.5        .66       111      2    
recommendationservice 0.0       0.0        136.7     12.1       .41       177      2    
redis-cart           0.0       0.0        0.0       0.0        .04       80       2    
shippingservice      0.0       0.0        55.1      0.8        .06       90       2    

[2025-12-01 20:00:14]
SERVICE              HTTP_RPM  HTTP_LAT   gRPC_RPM  gRPC_LAT   CPU(core) MEM(MiB) PODS
--------------------------------------------------------------------------------------
adservice            0.0       0.0        108.7     2.1        .12       252      2    
cartservice          0.0       0.0        186.0     23.2       .33       167      2    
checkoutservice      0.0       0.0        7.0       95.8       .09       97       2    
currencyservice      0.0       0.0        562.9     10.1       .62       220      2    
emailservice         0.0       0.0        7.1       1.5        .02       150      2    
frontend             187.8     591.0      0.0       0.0        1.17      229      2    
kubernetes-dashboard 0.0       0.0        0.0       0.0        0         7        1    
paymentservice       0.0       0.0        7.3       2.2        .02       125      2    
productcatalogservice 0.0       0.0        1085.4    4.9        .61       113      2    
recommendationservice 0.0       0.0        142.0     31.2       .41       178      2    
redis-cart           0.0       0.0        0.0       0.0        .04       80       2    
shippingservice      0.0       0.0        56.8      1.4        .07       90       2    

[2025-12-01 20:00:26]
SERVICE              HTTP_RPM  HTTP_LAT   gRPC_RPM  gRPC_LAT   CPU(core) MEM(MiB) PODS
--------------------------------------------------------------------------------------
adservice            0.0       0.0        117.4     2.5        .11       253      2    
cartservice          0.0       0.0        201.3     28.8       .29       167      2    
checkoutservice      0.0       0.0        7.4       122.9      .10       97       2    
currencyservice      0.0       0.0        594.3     12.1       .53       221      2    
emailservice         0.0       0.0        7.6       1.9        .02       150      2    
frontend             197.8     606.7      0.0       0.0        1.14      230      2    
kubernetes-dashboard 0.0       0.0        0.0       0.0        0         7        1    
paymentservice       0.0       0.0        7.7       2.2        .02       125      2    
productcatalogservice 0.0       0.0        1187.8    5.2        .61       113      2    
recommendationservice 0.0       0.0        155.7     31.8       .41       178      2    
redis-cart           0.0       0.0        0.0       0.0        .04       80       2    
shippingservice      0.0       0.0        61.8      1.5        .07       90       2    

[2025-12-01 20:00:38]
SERVICE              HTTP_RPM  HTTP_LAT   gRPC_RPM  gRPC_LAT   CPU(core) MEM(MiB) PODS
--------------------------------------------------------------------------------------
adservice            0.0       0.0        123.0     2.5        .12       253      2    
cartservice          0.0       0.0        222.4     26.6       .34       167      2    
checkoutservice      0.0       0.0        7.9       123.3      .11       97       2    
currencyservice      0.0       0.0        610.3     12.5       .57       221      2    
emailservice         0.0       0.0        7.9       2.0        .03       150      2    
frontend             216.5     689.2      0.0       0.0        1.24      228      2    
kubernetes-dashboard 0.0       0.0        0.0       0.0        0         7        1    
paymentservice       0.0       0.0        8.5       2.1        .02       125      2    
productcatalogservice 0.0       0.0        1187.8    5.2        .67       113      2    
recommendationservice 0.0       0.0        170.4     32.8       .47       178      2    
redis-cart           0.0       0.0        0.0       0.0        .04       80       2    
shippingservice      0.0       0.0        68.9      1.5        .08       90       2    

[2025-12-01 20:00:50]
SERVICE              HTTP_RPM  HTTP_LAT   gRPC_RPM  gRPC_LAT   CPU(core) MEM(MiB) PODS
--------------------------------------------------------------------------------------
adservice            0.0       0.0        131.5     2.5        .13       253      2    
cartservice          0.0       0.0        222.4     26.6       .36       167      2    
checkoutservice      0.0       0.0        9.2       116.5      .12       96       2    
currencyservice      0.0       0.0        609.8     8.7        .62       220      2    
emailservice         0.0       0.0        8.7       1.9        .03       150      2    
frontend             224.6     703.7      0.0       0.0        1.24      228      2    
kubernetes-dashboard 0.0       0.0        0.0       0.0        0         7        1    
paymentservice       0.0       0.0        8.8       2.1        .02       125      2    
productcatalogservice 0.0       0.0        1283.1    5.1        .68       113      2    
recommendationservice 0.0       0.0        174.2     28.6       .49       178      2    
redis-cart           0.0       0.0        0.0       0.0        .04       80       2    
shippingservice      0.0       0.0        70.8      1.1        .08       90       2    

[2025-12-01 20:01:02]
SERVICE              HTTP_RPM  HTTP_LAT   gRPC_RPM  gRPC_LAT   CPU(core) MEM(MiB) PODS
--------------------------------------------------------------------------------------
adservice            0.0       0.0        132.7     1.9        .13       253      2    
cartservice          0.0       0.0        231.4     24.6       .36       167      2    
checkoutservice      0.0       0.0        9.2       108.2      .12       96       2    
currencyservice      0.0       0.0        618.8     7.7        .62       219      2    
emailservice         0.0       0.0        9.2       1.8        .03       150      2    
frontend             229.6     535.6      0.0       0.0        1.26      229      2    
kubernetes-dashboard 0.0       0.0        0.0       0.0        0         7        1    
paymentservice       0.0       0.0        8.8       1.7        .02       126      2    
productcatalogservice 0.0       0.0        1325.2    2.8        .71       113      2    
recommendationservice 0.0       0.0        180.2     18.6       .49       178      2    
redis-cart           0.0       0.0        0.0       0.0        .04       81       2    
shippingservice      0.0       0.0        71.4      1.1        .08       90       2    

[2025-12-01 20:01:13]
SERVICE              HTTP_RPM  HTTP_LAT   gRPC_RPM  gRPC_LAT   CPU(core) MEM(MiB) PODS
--------------------------------------------------------------------------------------
adservice            0.0       0.0        132.4     1.9        .12       253      2    
cartservice          0.0       0.0        226.9     24.0       .33       167      2    
checkoutservice      0.0       0.0        8.7       107.5      .12       97       2    
currencyservice      0.0       0.0        614.8     9.4        .62       219      2    
emailservice         0.0       0.0        8.3       1.6        .03       150      2    
frontend             226.4     569.6      0.0       0.0        1.26      229      2    
kubernetes-dashboard 0.0       0.0        0.0       0.0        0         7        1    
paymentservice       0.0       0.0        8.3       2.0        .02       126      2    
productcatalogservice 0.0       0.0        1239.4    4.0        .71       113      2    
recommendationservice 0.0       0.0        171.0     28.6       .49       178      2    
redis-cart           0.0       0.0        0.0       0.0        .03       81       2    
shippingservice      0.0       0.0        66.3      1.2        .07       90       2    

[2025-12-01 20:01:25]
SERVICE              HTTP_RPM  HTTP_LAT   gRPC_RPM  gRPC_LAT   CPU(core) MEM(MiB) PODS
--------------------------------------------------------------------------------------
adservice            0.0       0.0        122.6     2.1        .11       253      2    
cartservice          0.0       0.0        209.8     23.3       .25       167      2    
checkoutservice      0.0       0.0        8.4       122.8      .08       97       2    
currencyservice      0.0       0.0        592.4     9.8        .54       218      2    
emailservice         0.0       0.0        8.0       1.7        .02       150      2    
frontend             212.4     663.5      0.0       0.0        1.13      240      2    
kubernetes-dashboard 0.0       0.0        0.0       0.0        0         7        1    
paymentservice       0.0       0.0        7.6       2.0        .02       125      2    
productcatalogservice 0.0       0.0        1239.4    4.0        .61       113      2    
recommendationservice 0.0       0.0        157.4     28.4       .44       178      2    
redis-cart           0.0       0.0        0.0       0.0        .03       81       2    
shippingservice      0.0       0.0        61.9      1.2        .07       90       2    

[2025-12-01 20:01:36]
SERVICE              HTTP_RPM  HTTP_LAT   gRPC_RPM  gRPC_LAT   CPU(core) MEM(MiB) PODS
--------------------------------------------------------------------------------------
adservice            0.0       0.0        119.2     2.2        .10       253      2    
cartservice          0.0       0.0        209.8     23.3       .32       167      2    
checkoutservice      0.0       0.0        7.4       130.1      .11       97       2    
currencyservice      0.0       0.0        552.7     10.0       .54       219      2    
emailservice         0.0       0.0        7.4       1.7        .02       150      2    
frontend             195.4     653.6      0.0       0.0        1.12      232      2    
kubernetes-dashboard 0.0       0.0        0.0       0.0        0         7        1    
paymentservice       0.0       0.0        7.6       2.0        .02       126      2    
productcatalogservice 0.0       0.0        1130.0    3.9        .58       113      2    
recommendationservice 0.0       0.0        149.9     28.6       .41       178      2    
redis-cart           0.0       0.0        0.0       0.0        .04       81       2    
shippingservice      0.0       0.0        59.4      1.2        .07       90       2    

[2025-12-01 20:01:48]
SERVICE              HTTP_RPM  HTTP_LAT   gRPC_RPM  gRPC_LAT   CPU(core) MEM(MiB) PODS
--------------------------------------------------------------------------------------
adservice            0.0       0.0        110.2     2.0        .10       253      2    
cartservice          0.0       0.0        192.3     28.8       .32       167      2    
checkoutservice      0.0       0.0        7.1       125.7      .10       97       2    
currencyservice      0.0       0.0        524.1     10.1       .60       220      2    
emailservice         0.0       0.0        7.3       1.7        .02       150      2    
frontend             190.7     586.9      0.0       0.0        1.20      234      2    
kubernetes-dashboard 0.0       0.0        0.0       0.0        0         7        1    
paymentservice       0.0       0.0        7.3       1.9        .02       126      2    
productcatalogservice 0.0       0.0        1048.2    3.2        .64       113      2    
recommendationservice 0.0       0.0        143.6     27.6       .43       178      2    
redis-cart           0.0       0.0        0.0       0.0        .04       81       2    
shippingservice      0.0       0.0        57.2      1.2        .07       90       2    

[2025-12-01 20:02:00]
SERVICE              HTTP_RPM  HTTP_LAT   gRPC_RPM  gRPC_LAT   CPU(core) MEM(MiB) PODS
--------------------------------------------------------------------------------------
adservice            0.0       0.0        106.4     1.6        .11       253      2    
cartservice          0.0       0.0        181.3     24.1       .32       167      2    
checkoutservice      0.0       0.0        6.7       107.5      .10       97       2    
currencyservice      0.0       0.0        504.7     6.0        .60       220      2    
emailservice         0.0       0.0        6.9       1.6        .02       150      2    
frontend             182.7     355.5      0.0       0.0        1.20      234      2    
kubernetes-dashboard 0.0       0.0        0.0       0.0        0         7        1    
paymentservice       0.0       0.0        6.8       1.6        .01       126      2    
productcatalogservice 0.0       0.0        1019.8    1.3        .64       113      2    
recommendationservice 0.0       0.0        139.3     13.9       .41       178      2    
redis-cart           0.0       0.0        0.0       0.0        .04       81       2    
shippingservice      0.0       0.0        55.8      0.9        .06       90       2    

[2025-12-01 20:02:11]
SERVICE              HTTP_RPM  HTTP_LAT   gRPC_RPM  gRPC_LAT   CPU(core) MEM(MiB) PODS
--------------------------------------------------------------------------------------
adservice            0.0       0.0        104.3     1.4        .11       253      2    
cartservice          0.0       0.0        176.3     26.9       .31       167      2    
checkoutservice      0.0       0.0        6.4       106.1      .07       97       2    
currencyservice      0.0       0.0        499.4     4.8        .59       221      2    
emailservice         0.0       0.0        6.6       1.4        .02       150      2    
frontend             178.7     336.9      0.0       0.0        1.19      232      2    
kubernetes-dashboard 0.0       0.0        0.0       0.0        0         7        1    
paymentservice       0.0       0.0        6.1       1.8        .01       126      2    
productcatalogservice 0.0       0.0        1041.8    1.5        .64       113      2    
recommendationservice 0.0       0.0        137.4     13.9       .41       178      2    
redis-cart           0.0       0.0        0.0       0.0        .04       81       2    
shippingservice      0.0       0.0        54.2      0.9        .06       90       2    

[2025-12-01 20:02:23]
SERVICE              HTTP_RPM  HTTP_LAT   gRPC_RPM  gRPC_LAT   CPU(core) MEM(MiB) PODS
--------------------------------------------------------------------------------------
adservice            0.0       0.0        104.1     1.4        .11       252      2    
cartservice          0.0       0.0        189.4     25.5       .32       168      2    
checkoutservice      0.0       0.0        6.4       117.3      .09       98       2    
currencyservice      0.0       0.0        510.5     4.7        .58       221      2    
emailservice         0.0       0.0        6.5       1.5        .02       150      2    
frontend             186.8     330.3      0.0       0.0        1.16      232      2    
kubernetes-dashboard 0.0       0.0        0.0       0.0        0         7        1    
paymentservice       0.0       0.0        6.5       1.8        .02       126      2    
productcatalogservice 0.0       0.0        1041.8    1.5        .65       113      2    
recommendationservice 0.0       0.0        147.8     14.7       .41       178      2    
redis-cart           0.0       0.0        0.0       0.0        .04       81       2    
shippingservice      0.0       0.0        58.6      1.0        .07       90       2    

[2025-12-01 20:02:35]
SERVICE              HTTP_RPM  HTTP_LAT   gRPC_RPM  gRPC_LAT   CPU(core) MEM(MiB) PODS
--------------------------------------------------------------------------------------
adservice            0.0       0.0        112.5     1.5        .12       252      2    
cartservice          0.0       0.0        189.4     25.5       .31       168      2    
checkoutservice      0.0       0.0        7.2       136.5      .11       98       2    
currencyservice      0.0       0.0        547.4     5.6        .61       221      2    
emailservice         0.0       0.0        6.7       1.5        .02       150      2    
frontend             193.4     381.6      0.0       0.0        1.21      232      2    
kubernetes-dashboard 0.0       0.0        0.0       0.0        0         7        1    
paymentservice       0.0       0.0        6.9       1.7        .02       126      2    
productcatalogservice 0.0       0.0        1133.0    2.0        .66       112      2    
recommendationservice 0.0       0.0        155.6     15.2       .46       178      2    
redis-cart           0.0       0.0        0.0       0.0        .04       81       2    
shippingservice      0.0       0.0        61.5      1.1        .08       90       2    

[2025-12-01 20:02:46]
SERVICE              HTTP_RPM  HTTP_LAT   gRPC_RPM  gRPC_LAT   CPU(core) MEM(MiB) PODS
--------------------------------------------------------------------------------------
adservice            0.0       0.0        117.7     1.6        .12       252      2    
cartservice          0.0       0.0        207.2     37.7       .31       168      2    
checkoutservice      0.0       0.0        8.0       148.7      .11       98       2    
currencyservice      0.0       0.0        573.9     6.1        .61       221      2    
emailservice         0.0       0.0        7.8       1.5        .02       150      2    
frontend             211.7     483.4      0.0       0.0        1.24      231      2    
kubernetes-dashboard 0.0       0.0        0.0       0.0        0         7        1    
paymentservice       0.0       0.0        7.9       1.8        .02       126      2    
productcatalogservice 0.0       0.0        1257.3    2.3        .66       113      2    
recommendationservice 0.0       0.0        162.1     17.4       .46       178      2    
redis-cart           0.0       0.0        0.0       0.0        .04       81       2    
shippingservice      0.0       0.0        65.1      1.1        .08       91       2    

[2025-12-01 20:02:58]
SERVICE              HTTP_RPM  HTTP_LAT   gRPC_RPM  gRPC_LAT   CPU(core) MEM(MiB) PODS
--------------------------------------------------------------------------------------
adservice            0.0       0.0        129.8     1.6        .12       252      2    
cartservice          0.0       0.0        230.2     32.6       .33       168      2    
checkoutservice      0.0       0.0        8.5       148.2      .12       98       2    
currencyservice      0.0       0.0        637.8     7.1        .60       220      2    
emailservice         0.0       0.0        8.8       1.5        .02       150      2    
frontend             226.5     491.8      0.0       0.0        1.24      231      2    
kubernetes-dashboard 0.0       0.0        0.0       0.0        0         7        1    
paymentservice       0.0       0.0        9.0       1.6        .02       126      2    
productcatalogservice 0.0       0.0        1310.9    2.4        .66       113      2    
recommendationservice 0.0       0.0        177.6     18.4       .48       178      2    
redis-cart           0.0       0.0        0.0       0.0        .04       81       2    
shippingservice      0.0       0.0        70.6      1.1        .08       90       2    

[2025-12-01 20:03:10]
SERVICE              HTTP_RPM  HTTP_LAT   gRPC_RPM  gRPC_LAT   CPU(core) MEM(MiB) PODS
--------------------------------------------------------------------------------------
adservice            0.0       0.0        127.2     1.9        .13       256      2    
cartservice          0.0       0.0        221.1     29.0       .34       168      2    
checkoutservice      0.0       0.0        8.7       140.6      .12       97       2    
currencyservice      0.0       0.0        634.8     7.9        .61       220      2    
emailservice         0.0       0.0        8.6       1.6        .02       150      2    
frontend             224.7     545.3      0.0       0.0        1.24      232      2    
kubernetes-dashboard 0.0       0.0        0.0       0.0        0         7        1    
paymentservice       0.0       0.0        8.4       1.9        .02       127      2    
productcatalogservice 0.0       0.0        1310.9    2.4        .68       113      2    
recommendationservice 0.0       0.0        167.9     22.4       .48       178      2    
redis-cart           0.0       0.0        0.0       0.0        .04       81       2    
shippingservice      0.0       0.0        67.5      1.3        .08       90       2    

[2025-12-01 20:03:22]
SERVICE              HTTP_RPM  HTTP_LAT   gRPC_RPM  gRPC_LAT   CPU(core) MEM(MiB) PODS
--------------------------------------------------------------------------------------
adservice            0.0       0.0        123.9     1.9        .11       253      2    
cartservice          0.0       0.0        221.1     29.0       .30       168      2    
checkoutservice      0.0       0.0        8.4       130.1      .10       98       2    
currencyservice      0.0       0.0        606.7     8.1        .57       220      2    
emailservice         0.0       0.0        8.6       1.7        .02       150      2    
frontend             213.4     579.1      0.0       0.0        1.13      231      2    
kubernetes-dashboard 0.0       0.0        0.0       0.0        0         7        1    
paymentservice       0.0       0.0        8.4       1.9        .02       127      2    
productcatalogservice 0.0       0.0        1241.5    3.2        .63       113      2    
recommendationservice 0.0       0.0        159.2     21.5       .42       178      2    
redis-cart           0.0       0.0        0.0       0.0        .04       81       2    
shippingservice      0.0       0.0        65.1      1.3        .07       90       2    

[2025-12-01 20:03:34]
SERVICE              HTTP_RPM  HTTP_LAT   gRPC_RPM  gRPC_LAT   CPU(core) MEM(MiB) PODS
--------------------------------------------------------------------------------------
adservice            0.0       0.0        118.2     2.0        .11       253      2    
cartservice          0.0       0.0        209.6     15.1       .29       168      2    
checkoutservice      0.0       0.0        8.0       124.5      .11       98       2    
currencyservice      0.0       0.0        576.9     7.7        .58       220      2    
emailservice         0.0       0.0        8.3       1.8        .02       150      2    
frontend             208.4     551.2      0.0       0.0        1.17      226      2    
kubernetes-dashboard 0.0       0.0        0.0       0.0        0         7        1    
paymentservice       0.0       0.0        8.2       1.8        .02       127      2    
productcatalogservice 0.0       0.0        1173.7    3.0        .64       113      2    
recommendationservice 0.0       0.0        159.2     21.5       .42       178      2    
redis-cart           0.0       0.0        0.0       0.0        .04       81       2    
shippingservice      0.0       0.0        64.0      1.3        .07       90       2    

[2025-12-01 20:03:45]
SERVICE              HTTP_RPM  HTTP_LAT   gRPC_RPM  gRPC_LAT   CPU(core) MEM(MiB) PODS
--------------------------------------------------------------------------------------
adservice            0.0       0.0        115.6     1.9        .11       253      2    
cartservice          0.0       0.0        197.4     29.4       .29       168      2    
checkoutservice      0.0       0.0        7.9       126.9      .11       98       2    
currencyservice      0.0       0.0        560.1     7.4        .58       220      2    
emailservice         0.0       0.0        7.6       1.7        .02       150      2    
frontend             199.1     479.6      0.0       0.0        1.17      226      2    
kubernetes-dashboard 0.0       0.0        0.0       0.0        0         7        1    
paymentservice       0.0       0.0        7.8       1.8        .02       127      2    
productcatalogservice 0.0       0.0        1150.5    2.6        .67       113      2    
recommendationservice 0.0       0.0        150.5     20.6       .44       178      2    
redis-cart           0.0       0.0        0.0       0.0        .04       81       2    
shippingservice      0.0       0.0        60.4      1.2        .07       90       2    

[2025-12-01 20:03:57]
SERVICE              HTTP_RPM  HTTP_LAT   gRPC_RPM  gRPC_LAT   CPU(core) MEM(MiB) PODS
--------------------------------------------------------------------------------------
adservice            0.0       0.0        117.0     1.5        .12       252      2    
cartservice          0.0       0.0        201.2     42.8       .31       168      2    
checkoutservice      0.0       0.0        7.8       135.3      .10       98       2    
currencyservice      0.0       0.0        571.2     6.6        .63       220      2    
emailservice         0.0       0.0        7.8       1.6        .02       150      2    
frontend             200.9     465.9      0.0       0.0        1.23      227      2    
kubernetes-dashboard 0.0       0.0        0.0       0.0        0         7        1    
paymentservice       0.0       0.0        8.0       1.7        .02       127      2    
productcatalogservice 0.0       0.0        1145.7    1.7        .67       113      2    
recommendationservice 0.0       0.0        154.6     16.7       .44       178      2    
redis-cart           0.0       0.0        0.0       0.0        .04       81       2    
shippingservice      0.0       0.0        60.7      0.9        .07       90       2    

[2025-12-01 20:04:09]
SERVICE              HTTP_RPM  HTTP_LAT   gRPC_RPM  gRPC_LAT   CPU(core) MEM(MiB) PODS
--------------------------------------------------------------------------------------
adservice            0.0       0.0        112.4     1.6        .12       253      2    
cartservice          0.0       0.0        192.7     53.0       .29       167      2    
checkoutservice      0.0       0.0        7.7       172.6      .12       98       2    
currencyservice      0.0       0.0        563.8     7.0        .62       220      2    
emailservice         0.0       0.0        7.5       1.6        .02       150      2    
frontend             195.1     390.6      0.0       0.0        1.16      227      2    
kubernetes-dashboard 0.0       0.0        0.0       0.0        0         7        1    
paymentservice       0.0       0.0        7.4       1.9        .02       127      2    
productcatalogservice 0.0       0.0        1145.7    1.7        .66       113      2    
recommendationservice 0.0       0.0        147.2     17.3       .43       178      2    
redis-cart           0.0       0.0        0.0       0.0        .04       81       2    
shippingservice      0.0       0.0        58.6      1.1        .07       90       2    

[2025-12-01 20:04:21]
SERVICE              HTTP_RPM  HTTP_LAT   gRPC_RPM  gRPC_LAT   CPU(core) MEM(MiB) PODS
--------------------------------------------------------------------------------------
adservice            0.0       0.0        110.1     1.6        .11       252      2    
cartservice          0.0       0.0        192.7     53.0       .26       167      2    
checkoutservice      0.0       0.0        7.4       191.9      .09       98       2    
currencyservice      0.0       0.0        539.8     6.8        .58       222      2    
emailservice         0.0       0.0        7.4       1.7        .02       150      2    
frontend             191.8     382.0      0.0       0.0        1.09      226      2    
kubernetes-dashboard 0.0       0.0        0.0       0.0        0         7        1    
paymentservice       0.0       0.0        7.4       1.9        .02       124      2    
productcatalogservice 0.0       0.0        1097.0    2.2        .65       113      2    
recommendationservice 0.0       0.0        143.9     17.5       .38       178      2    
redis-cart           0.0       0.0        0.0       0.0        .04       81       2    
shippingservice      0.0       0.0        57.5      1.2        .07       90       2    

[2025-12-01 20:04:33]
SERVICE              HTTP_RPM  HTTP_LAT   gRPC_RPM  gRPC_LAT   CPU(core) MEM(MiB) PODS
--------------------------------------------------------------------------------------
adservice            0.0       0.0        107.3     1.6        .11       252      2    
cartservice          0.0       0.0        187.2     46.8       .26       167      2    
checkoutservice      0.0       0.0        7.2       183.6      .10       98       2    
currencyservice      0.0       0.0        531.6     6.9        .61       222      2    
emailservice         0.0       0.0        7.5       1.7        .02       150      2    
frontend             184.4     354.1      0.0       0.0        1.16      225      2    
kubernetes-dashboard 0.0       0.0        0.0       0.0        0         7        1    
paymentservice       0.0       0.0        7.4       2.0        .02       124      2    
productcatalogservice 0.0       0.0        1052.4    2.1        .68       113      2    
recommendationservice 0.0       0.0        141.1     16.6       .41       178      2    
redis-cart           0.0       0.0        0.0       0.0        .04       81       2    
shippingservice      0.0       0.0        57.6      1.2        .07       90       2    

[2025-12-01 20:04:44]
SERVICE              HTTP_RPM  HTTP_LAT   gRPC_RPM  gRPC_LAT   CPU(core) MEM(MiB) PODS
--------------------------------------------------------------------------------------
adservice            0.0       0.0        102.7     1.6        .11       252      2    
cartservice          0.0       0.0        178.7     36.8       .30       167      2    
checkoutservice      0.0       0.0        7.2       183.6      .10       98       2    
currencyservice      0.0       0.0        506.4     6.1        .61       222      2    
emailservice         0.0       0.0        7.0       1.8        .02       150      2    
frontend             179.4     290.0      0.0       0.0        1.16      225      2    
kubernetes-dashboard 0.0       0.0        0.0       0.0        0         7        1    
paymentservice       0.0       0.0        6.7       1.9        .02       124      2    
productcatalogservice 0.0       0.0        1030.4    1.6        .69       113      2    
recommendationservice 0.0       0.0        134.8     14.5       .40       178      2    
redis-cart           0.0       0.0        0.0       0.0        .04       81       2    
shippingservice      0.0       0.0        54.5      1.1        .07       90       2    

[2025-12-01 20:04:55]
SERVICE              HTTP_RPM  HTTP_LAT   gRPC_RPM  gRPC_LAT   CPU(core) MEM(MiB) PODS
--------------------------------------------------------------------------------------
adservice            0.0       0.0        103.0     1.3        .12       252      2    
cartservice          0.0       0.0        180.2     24.0       .31       167      2    
checkoutservice      0.0       0.0        6.6       130.7      .08       98       2    
currencyservice      0.0       0.0        509.4     4.3        .60       219      2    
emailservice         0.0       0.0        6.7       1.6        .02       150      2    
frontend             179.6     272.7      0.0       0.0        1.16      225      2    
kubernetes-dashboard 0.0       0.0        0.0       0.0        0         7        1    
paymentservice       0.0       0.0        7.0       1.7        .02       124      2    
productcatalogservice 0.0       0.0        1018.1    1.0        .69       113      2    
recommendationservice 0.0       0.0        136.3     11.8       .40       178      2    
redis-cart           0.0       0.0        0.0       0.0        .04       81       2    
shippingservice      0.0       0.0        54.7      0.8        .07       90       2    

[2025-12-01 20:05:08]
SERVICE              HTTP_RPM  HTTP_LAT   gRPC_RPM  gRPC_LAT   CPU(core) MEM(MiB) PODS
--------------------------------------------------------------------------------------
adservice            0.0       0.0        101.1     1.2        .11       252      2    
cartservice          0.0       0.0        166.3     19.3       .31       168      2    
checkoutservice      0.0       0.0        6.7       99.9       .09       98       2    
currencyservice      0.0       0.0        498.4     4.0        .60       220      2    
emailservice         0.0       0.0        6.7       1.6        .02       150      2    
frontend             171.0     216.0      0.0       0.0        1.16      225      2    
kubernetes-dashboard 0.0       0.0        0.0       0.0        0         7        1    
paymentservice       0.0       0.0        6.2       1.8        .02       125      2    
productcatalogservice 0.0       0.0        1018.1    1.0        .68       113      2    
recommendationservice 0.0       0.0        126.1     14.3       .40       178      2    
redis-cart           0.0       0.0        0.0       0.0        .04       81       2    
shippingservice      0.0       0.0        49.2      0.9        .07       90       2    

[2025-12-01 20:05:20]
SERVICE              HTTP_RPM  HTTP_LAT   gRPC_RPM  gRPC_LAT   CPU(core) MEM(MiB) PODS
--------------------------------------------------------------------------------------
adservice            0.0       0.0        93.2      1.3        .10       252      2    
cartservice          0.0       0.0        166.3     19.3       .24       167      2    
checkoutservice      0.0       0.0        6.0       105.8      .08       98       2    
currencyservice      0.0       0.0        460.3     4.1        .54       220      2    
emailservice         0.0       0.0        6.0       1.6        .02       150      2    
frontend             162.2     278.9      0.0       0.0        1.02      224      2    
kubernetes-dashboard 0.0       0.0        0.0       0.0        0         7        1    
paymentservice       0.0       0.0        5.9       1.8        .01       125      2    
productcatalogservice 0.0       0.0        936.3     1.4        .61       113      2    
recommendationservice 0.0       0.0        122.8     14.2       .34       178      2    
redis-cart           0.0       0.0        0.0       0.0        .04       81       2    
shippingservice      0.0       0.0        49.1      0.9        .06       90       2    

[2025-12-01 20:05:32]
SERVICE              HTTP_RPM  HTTP_LAT   gRPC_RPM  gRPC_LAT   CPU(core) MEM(MiB) PODS
--------------------------------------------------------------------------------------
adservice            0.0       0.0        90.7      1.4        .10       252      2    
cartservice          0.0       0.0        155.9     16.9       .24       167      2    
checkoutservice      0.0       0.0        5.9       105.5      .08       98       2    
currencyservice      0.0       0.0        451.4     4.1        .54       220      2    
emailservice         0.0       0.0        6.0       1.5        .02       150      2    
frontend             154.1     279.9      0.0       0.0        1.08      224      2    
kubernetes-dashboard 0.0       0.0        0.0       0.0        0         7        1    
paymentservice       0.0       0.0        5.9       1.7        .01       124      2    
productcatalogservice 0.0       0.0        886.4     1.4        .61       113      2    
recommendationservice 0.0       0.0        119.4     14.1       .35       178      2    
redis-cart           0.0       0.0        0.0       0.0        .04       81       2    
shippingservice      0.0       0.0        48.2      0.9        .06       90       2    

[2025-12-01 20:05:43]
SERVICE              HTTP_RPM  HTTP_LAT   gRPC_RPM  gRPC_LAT   CPU(core) MEM(MiB) PODS
--------------------------------------------------------------------------------------
adservice            0.0       0.0        84.8      1.3        .10       252      2    
cartservice          0.0       0.0        147.9     23.0       .30       168      2    
checkoutservice      0.0       0.0        5.9       104.1      .08       98       2    
currencyservice      0.0       0.0        423.4     4.1        .53       220      2    
emailservice         0.0       0.0        5.4       1.5        .02       150      2    
frontend             149.4     283.5      0.0       0.0        1.08      224      2    
kubernetes-dashboard 0.0       0.0        0.0       0.0        0         7        1    
paymentservice       0.0       0.0        5.3       1.6        .01       124      2    
productcatalogservice 0.0       0.0        851.7     1.2        .61       113      2    
recommendationservice 0.0       0.0        112.4     14.1       .35       178      2    
redis-cart           0.0       0.0        0.0       0.0        .03       81       2    
shippingservice      0.0       0.0        45.2      0.9        .06       90       2    

[2025-12-01 20:05:54]
SERVICE              HTTP_RPM  HTTP_LAT   gRPC_RPM  gRPC_LAT   CPU(core) MEM(MiB) PODS
--------------------------------------------------------------------------------------
adservice            0.0       0.0        85.9      1.2        .10       252      2    
cartservice          0.0       0.0        148.9     24.1       .27       168      2    
checkoutservice      0.0       0.0        5.3       112.9      .07       98       2    
currencyservice      0.0       0.0        428.0     3.6        .54       222      2    
emailservice         0.0       0.0        5.4       1.4        .02       150      2    
frontend             147.1     267.7      0.0       0.0        1.08      224      2    
kubernetes-dashboard 0.0       0.0        0.0       0.0        0         7        1    
paymentservice       0.0       0.0        5.5       1.5        .01       124      2    
productcatalogservice 0.0       0.0        851.7     1.2        .63       113      2    
recommendationservice 0.0       0.0        114.3     9.8        .35       178      2    
redis-cart           0.0       0.0        0.0       0.0        .03       81       2    
shippingservice      0.0       0.0        46.4      0.7        .06       90       2    

[2025-12-01 20:06:08]
SERVICE              HTTP_RPM  HTTP_LAT   gRPC_RPM  gRPC_LAT   CPU(core) MEM(MiB) PODS
--------------------------------------------------------------------------------------
adservice            0.0       0.0        83.8      1.1        .10       252      2    
cartservice          0.0       0.0        138.3     28.2       .26       167      2    
checkoutservice      0.0       0.0        5.2       98.6       .08       96       2    
currencyservice      0.0       0.0        424.3     3.6        .57       221      2    
emailservice         0.0       0.0        5.4       1.4        .02       150      2    
frontend             143.4     184.3      0.0       0.0        1.09      224      2    
kubernetes-dashboard 0.0       0.0        0.0       0.0        0         7        1    
paymentservice       0.0       0.0        5.5       1.5        .01       125      2    
productcatalogservice 0.0       0.0        849.2     0.7        .63       113      2    
recommendationservice 0.0       0.0        106.0     12.8       .35       178      2    
redis-cart           0.0       0.0        0.0       0.0        .04       81       2    
shippingservice      0.0       0.0        44.0      0.8        .06       90       2    

[2025-12-01 20:06:19]
SERVICE              HTTP_RPM  HTTP_LAT   gRPC_RPM  gRPC_LAT   CPU(core) MEM(MiB) PODS
--------------------------------------------------------------------------------------
adservice            0.0       0.0        78.6      1.2        .08       252      2    
cartservice          0.0       0.0        138.3     28.2       .23       168      2    
checkoutservice      0.0       0.0        5.1       115.9      .07       96       2    
currencyservice      0.0       0.0        394.7     3.5        .45       221      2    
emailservice         0.0       0.0        5.0       1.5        .02       150      2    
frontend             136.2     254.6      0.0       0.0        .89       226      2    
kubernetes-dashboard 0.0       0.0        0.0       0.0        0         7        1    
paymentservice       0.0       0.0        5.0       1.8        .01       125      2    
productcatalogservice 0.0       0.0        792.0     1.0        .52       113      2    
recommendationservice 0.0       0.0        106.0     12.8       .29       178      2    
redis-cart           0.0       0.0        0.0       0.0        .03       81       2    
shippingservice      0.0       0.0        42.0      0.8        .05       90       2    

[2025-12-01 20:06:31]
SERVICE              HTTP_RPM  HTTP_LAT   gRPC_RPM  gRPC_LAT   CPU(core) MEM(MiB) PODS
--------------------------------------------------------------------------------------
adservice            0.0       0.0        76.9      1.2        .08       252      2    
cartservice          0.0       0.0        130.8     27.9       .23       168      2    
checkoutservice      0.0       0.0        5.1       103.9      .07       96       2    
currencyservice      0.0       0.0        379.7     4.0        .45       221      2    
emailservice         0.0       0.0        5.0       1.4        .02       150      2    
frontend             128.6     259.4      0.0       0.0        .89       225      2    
kubernetes-dashboard 0.0       0.0        0.0       0.0        0         7        1    
paymentservice       0.0       0.0        4.8       1.8        .01       125      2    
productcatalogservice 0.0       0.0        756.9     1.1        .54       113      2    
recommendationservice 0.0       0.0        100.6     13.1       .30       178      2    
redis-cart           0.0       0.0        0.0       0.0        .03       81       2    
shippingservice      0.0       0.0        40.7      0.8        .05       90       2    

[2025-12-01 20:06:42]
SERVICE              HTTP_RPM  HTTP_LAT   gRPC_RPM  gRPC_LAT   CPU(core) MEM(MiB) PODS
--------------------------------------------------------------------------------------
adservice            0.0       0.0        71.7      1.2        .08       252      2    
cartservice          0.0       0.0        124.4     19.5       .25       168      2    
checkoutservice      0.0       0.0        4.9       90.7       .07       97       2    
currencyservice      0.0       0.0        358.2     3.9        .44       220      2    
emailservice         0.0       0.0        4.6       1.4        .02       150      2    
frontend             125.7     257.3      0.0       0.0        .92       225      2    
kubernetes-dashboard 0.0       0.0        0.0       0.0        0         7        1    
paymentservice       0.0       0.0        4.6       1.7        .01       125      2    
productcatalogservice 0.0       0.0        745.5     1.1        .54       113      2    
recommendationservice 0.0       0.0        96.6      13.0       .30       178      2    
redis-cart           0.0       0.0        0.0       0.0        .03       81       2    
shippingservice      0.0       0.0        38.6      0.8        .05       90       2    

[2025-12-01 20:06:53]
SERVICE              HTTP_RPM  HTTP_LAT   gRPC_RPM  gRPC_LAT   CPU(core) MEM(MiB) PODS
--------------------------------------------------------------------------------------
adservice            0.0       0.0        72.3      1.2        .09       252      2    
cartservice          0.0       0.0        130.0     10.5       .28       168      2    
checkoutservice      0.0       0.0        4.7       80.4       .07       97       2    
currencyservice      0.0       0.0        359.2     3.1        .49       221      2    
emailservice         0.0       0.0        4.5       1.4        .02       150      2    
frontend             126.4     232.2      0.0       0.0        .99       224      2    
kubernetes-dashboard 0.0       0.0        0.0       0.0        0         7        1    
paymentservice       0.0       0.0        4.6       1.5        .01       125      2    
productcatalogservice 0.0       0.0        745.5     1.1        .60       113      2    
recommendationservice 0.0       0.0        99.0      9.1        .31       178      2    
redis-cart           0.0       0.0        0.0       0.0        .04       81       2    
shippingservice      0.0       0.0        40.3      0.7        .05       90       2    

[2025-12-01 20:07:05]
SERVICE              HTTP_RPM  HTTP_LAT   gRPC_RPM  gRPC_LAT   CPU(core) MEM(MiB) PODS
--------------------------------------------------------------------------------------
adservice            0.0       0.0        75.6      1.1        .09       252      2    
cartservice          0.0       0.0        130.0     10.5       .24       168      2    
checkoutservice      0.0       0.0        4.7       136.2      .06       97       2    
currencyservice      0.0       0.0        395.9     5.0        .53       222      2    
emailservice         0.0       0.0        4.8       1.4        .02       150      2    
frontend             131.1     159.8      0.0       0.0        1.03      225      2    
kubernetes-dashboard 0.0       0.0        0.0       0.0        0         7        1    
paymentservice       0.0       0.0        4.7       1.5        .01       125      2    
productcatalogservice 0.0       0.0        772.0     0.8        .62       113      2    
recommendationservice 0.0       0.0        102.5     11.4       .32       178      2    
redis-cart           0.0       0.0        0.0       0.0        .04       81       2    
shippingservice      0.0       0.0        40.4      0.8        .05       90       2    

[2025-12-01 20:07:16]
SERVICE              HTTP_RPM  HTTP_LAT   gRPC_RPM  gRPC_LAT   CPU(core) MEM(MiB) PODS
--------------------------------------------------------------------------------------
adservice            0.0       0.0        77.7      1.3        .09       252      2    
cartservice          0.0       0.0        135.9     53.4       .24       168      2    
checkoutservice      0.0       0.0        4.7       143.5      .06       97       2    
currencyservice      0.0       0.0        416.2     5.5        .53       222      2    
emailservice         0.0       0.0        4.8       1.7        .02       150      2    
frontend             139.8     277.0      0.0       0.0        1.00      225      2    
kubernetes-dashboard 0.0       0.0        0.0       0.0        0         7        1    
paymentservice       0.0       0.0        4.8       1.7        .01       125      2    
productcatalogservice 0.0       0.0        806.8     1.0        .56       113      2    
recommendationservice 0.0       0.0        104.4     15.0       .33       178      2    
redis-cart           0.0       0.0        0.0       0.0        .03       81       2    
shippingservice      0.0       0.0        40.6      0.9        .05       90       2    

[2025-12-01 20:07:28]
SERVICE              HTTP_RPM  HTTP_LAT   gRPC_RPM  gRPC_LAT   CPU(core) MEM(MiB) PODS
--------------------------------------------------------------------------------------
adservice            0.0       0.0        85.3      1.3        .09       252      2    
cartservice          0.0       0.0        144.0     51.8       .24       168      2    
checkoutservice      0.0       0.0        4.7       149.2      .07       97       2    
currencyservice      0.0       0.0        432.4     6.1        .53       222      2    
emailservice         0.0       0.0        5.1       1.7        .02       150      2    
frontend             143.7     277.5      0.0       0.0        1.00      225      2    
kubernetes-dashboard 0.0       0.0        0.0       0.0        0         7        1    
paymentservice       0.0       0.0        5.1       1.7        .01       125      2    
productcatalogservice 0.0       0.0        845.5     1.1        .56       113      2    
recommendationservice 0.0       0.0        110.4     15.4       .33       178      2    
redis-cart           0.0       0.0        0.0       0.0        .03       81       2    
shippingservice      0.0       0.0        42.8      0.9        .06       90       2    

[2025-12-01 20:07:39]
SERVICE              HTTP_RPM  HTTP_LAT   gRPC_RPM  gRPC_LAT   CPU(core) MEM(MiB) PODS
--------------------------------------------------------------------------------------
adservice            0.0       0.0        89.8      1.4        .10       252      2    
cartservice          0.0       0.0        154.1     53.3       .30       168      2    
checkoutservice      0.0       0.0        5.3       150.0      .08       97       2    
currencyservice      0.0       0.0        446.4     6.4        .52       224      2    
emailservice         0.0       0.0        5.5       1.7        .02       150      2    
frontend             153.8     294.7      0.0       0.0        1.10      225      2    
kubernetes-dashboard 0.0       0.0        0.0       0.0        0         7        1    
paymentservice       0.0       0.0        6.1       1.7        .01       125      2    
productcatalogservice 0.0       0.0        845.5     1.1        .59       113      2    
recommendationservice 0.0       0.0        118.2     15.5       .35       178      2    
redis-cart           0.0       0.0        0.0       0.0        .03       81       2    
shippingservice      0.0       0.0        46.5      0.9        .06       90       2    

[2025-12-01 20:07:51]
SERVICE              HTTP_RPM  HTTP_LAT   gRPC_RPM  gRPC_LAT   CPU(core) MEM(MiB) PODS
--------------------------------------------------------------------------------------
adservice            0.0       0.0        92.2      1.3        .11       252      2    
cartservice          0.0       0.0        154.1     53.3       .31       168      2    
checkoutservice      0.0       0.0        6.0       81.5       .10       96       2    
currencyservice      0.0       0.0        447.7     4.4        .57       221      2    
emailservice         0.0       0.0        6.2       1.4        .02       150      2    
frontend             155.9     252.4      0.0       0.0        1.13      225      2    
kubernetes-dashboard 0.0       0.0        0.0       0.0        0         7        1    
paymentservice       0.0       0.0        6.1       1.7        .02       125      2    
productcatalogservice 0.0       0.0        888.5     1.0        .63       113      2    
recommendationservice 0.0       0.0        118.6     13.3       .37       178      2    
redis-cart           0.0       0.0        0.0       0.0        .04       81       2    
shippingservice      0.0       0.0        47.7      0.7        .06       91       2    

[2025-12-01 20:08:03]
SERVICE              HTTP_RPM  HTTP_LAT   gRPC_RPM  gRPC_LAT   CPU(core) MEM(MiB) PODS
--------------------------------------------------------------------------------------
adservice            0.0       0.0        92.8      1.2        .11       252      2    
cartservice          0.0       0.0        157.6     11.7       .31       168      2    
checkoutservice      0.0       0.0        6.5       80.2       .08       96       2    
currencyservice      0.0       0.0        461.7     3.7        .58       222      2    
emailservice         0.0       0.0        6.2       1.4        .02       150      2    
frontend             160.4     197.2      0.0       0.0        1.15      225      2    
kubernetes-dashboard 0.0       0.0        0.0       0.0        0         7        1    
paymentservice       0.0       0.0        6.3       1.6        .01       126      2    
productcatalogservice 0.0       0.0        930.5     0.9        .64       113      2    
recommendationservice 0.0       0.0        121.8     9.9        .38       178      2    
redis-cart           0.0       0.0        0.0       0.0        .04       81       2    
shippingservice      0.0       0.0        49.4      0.7        .06       90       2    

[2025-12-01 20:08:14]
SERVICE              HTTP_RPM  HTTP_LAT   gRPC_RPM  gRPC_LAT   CPU(core) MEM(MiB) PODS
--------------------------------------------------------------------------------------
adservice            0.0       0.0        96.7      1.4        .11       252      2    
cartservice          0.0       0.0        168.0     12.8       .33       167      2    
checkoutservice      0.0       0.0        6.5       80.2       .08       96       2    
currencyservice      0.0       0.0        504.5     5.0        .58       222      2    
emailservice         0.0       0.0        6.5       1.7        .02       150      2    
frontend             171.5     262.9      0.0       0.0        1.15      225      2    
kubernetes-dashboard 0.0       0.0        0.0       0.0        0         7        1    
paymentservice       0.0       0.0        6.6       1.7        .02       125      2    
productcatalogservice 0.0       0.0        981.8     1.3        .64       113      2    
recommendationservice 0.0       0.0        128.3     11.6       .39       178      2    
redis-cart           0.0       0.0        0.0       0.0        .04       81       2    
shippingservice      0.0       0.0        52.7      0.9        .06       90       2    

[2025-12-01 20:08:26]
SERVICE              HTTP_RPM  HTTP_LAT   gRPC_RPM  gRPC_LAT   CPU(core) MEM(MiB) PODS
--------------------------------------------------------------------------------------
adservice            0.0       0.0        102.4     1.5        .11       253      2    
cartservice          0.0       0.0        176.4     14.9       .30       167      2    
checkoutservice      0.0       0.0        6.7       89.3       .09       97       2    
currencyservice      0.0       0.0        521.0     5.5        .60       221      2    
emailservice         0.0       0.0        6.8       1.8        .02       150      2    
frontend             174.4     272.2      0.0       0.0        1.15      228      2    
kubernetes-dashboard 0.0       0.0        0.0       0.0        0         7        1    
paymentservice       0.0       0.0        6.8       1.8        .02       125      2    
productcatalogservice 0.0       0.0        1039.0    1.4        .64       113      2    
recommendationservice 0.0       0.0        135.1     13.1       .39       178      2    
redis-cart           0.0       0.0        0.0       0.0        .04       81       2    
shippingservice      0.0       0.0        55.3      1.0        .06       90       2    

[2025-12-01 20:08:38]
SERVICE              HTTP_RPM  HTTP_LAT   gRPC_RPM  gRPC_LAT   CPU(core) MEM(MiB) PODS
--------------------------------------------------------------------------------------
adservice            0.0       0.0        104.1     1.5        .12       253      2    
cartservice          0.0       0.0        187.7     24.1       .28       167      2    
checkoutservice      0.0       0.0        7.0       122.3      .10       98       2    
currencyservice      0.0       0.0        531.3     5.7        .59       222      2    
emailservice         0.0       0.0        7.0       1.8        .02       150      2    
frontend             186.2     306.1      0.0       0.0        1.15      225      2    
kubernetes-dashboard 0.0       0.0        0.0       0.0        0         7        1    
paymentservice       0.0       0.0        7.2       1.8        .02       125      2    
productcatalogservice 0.0       0.0        1039.0    1.4        .65       113      2    
recommendationservice 0.0       0.0        142.2     14.3       .41       178      2    
redis-cart           0.0       0.0        0.0       0.0        .04       81       2    
shippingservice      0.0       0.0        58.8      1.0        .07       90       2    

[2025-12-01 20:08:50]
SERVICE              HTTP_RPM  HTTP_LAT   gRPC_RPM  gRPC_LAT   CPU(core) MEM(MiB) PODS
--------------------------------------------------------------------------------------
adservice            0.0       0.0        107.2     1.5        .12       253      2    
cartservice          0.0       0.0        187.7     24.1       .31       167      2    
checkoutservice      0.0       0.0        7.4       142.0      .10       98       2    
currencyservice      0.0       0.0        516.3     5.1        .60       220      2    
emailservice         0.0       0.0        7.3       1.8        .02       150      2    
frontend             188.6     316.0      0.0       0.0        1.18      226      2    
kubernetes-dashboard 0.0       0.0        0.0       0.0        0         7        1    
paymentservice       0.0       0.0        7.4       1.8        .02       126      2    
productcatalogservice 0.0       0.0        1069.3    1.4        .67       113      2    
recommendationservice 0.0       0.0        142.1     14.1       .42       178      2    
redis-cart           0.0       0.0        0.0       0.0        .04       81       2    
shippingservice      0.0       0.0        58.0      0.9        .07       90       2    

[2025-12-01 20:09:01]
SERVICE              HTTP_RPM  HTTP_LAT   gRPC_RPM  gRPC_LAT   CPU(core) MEM(MiB) PODS
--------------------------------------------------------------------------------------
adservice            0.0       0.0        107.1     1.3        .12       253      2    
cartservice          0.0       0.0        188.4     36.6       .31       167      2    
checkoutservice      0.0       0.0        7.4       138.8      .10       98       2    
currencyservice      0.0       0.0        536.0     4.7        .60       220      2    
emailservice         0.0       0.0        7.6       1.6        .02       150      2    
frontend             189.4     315.5      0.0       0.0        1.18      230      2    
kubernetes-dashboard 0.0       0.0        0.0       0.0        0         7        1    
paymentservice       0.0       0.0        7.3       1.7        .02       126      2    
productcatalogservice 0.0       0.0        1100.3    1.6        .65       113      2    
recommendationservice 0.0       0.0        144.6     13.5       .42       178      2    
redis-cart           0.0       0.0        0.0       0.0        .04       81       2    
shippingservice      0.0       0.0        58.2      0.9        .07       90       2    

[2025-12-01 20:09:13]
SERVICE              HTTP_RPM  HTTP_LAT   gRPC_RPM  gRPC_LAT   CPU(core) MEM(MiB) PODS
--------------------------------------------------------------------------------------
adservice            0.0       0.0        114.8     1.7        .12       253      2    
cartservice          0.0       0.0        198.6     37.9       .30       167      2    
checkoutservice      0.0       0.0        7.2       142.4      .09       98       2    
currencyservice      0.0       0.0        583.2     8.5        .61       219      2    
emailservice         0.0       0.0        7.4       1.6        .02       150      2    
frontend             198.2     358.9      0.0       0.0        1.18      230      2    
kubernetes-dashboard 0.0       0.0        0.0       0.0        0         7        1    
paymentservice       0.0       0.0        7.4       1.8        .02       126      2    
productcatalogservice 0.0       0.0        1149.7    2.7        .65       113      2    
recommendationservice 0.0       0.0        150.9     18.3       .44       178      2    
redis-cart           0.0       0.0        0.0       0.0        .04       81       2    
shippingservice      0.0       0.0        60.7      1.1        .07       90       2    

[2025-12-01 20:09:25]
SERVICE              HTTP_RPM  HTTP_LAT   gRPC_RPM  gRPC_LAT   CPU(core) MEM(MiB) PODS
--------------------------------------------------------------------------------------
adservice            0.0       0.0        123.0     1.8        .12       252      2    
cartservice          0.0       0.0        211.2     31.7       .30       167      2    
checkoutservice      0.0       0.0        7.6       122.8      .09       98       2    
currencyservice      0.0       0.0        593.4     10.0       .57       220      2    
emailservice         0.0       0.0        7.8       1.6        .02       150      2    
frontend             208.6     498.8      0.0       0.0        1.16      227      2    
kubernetes-dashboard 0.0       0.0        0.0       0.0        0         7        1    
paymentservice       0.0       0.0        7.6       1.7        .02       126      2    
productcatalogservice 0.0       0.0        1149.7    2.7        .62       113      2    
recommendationservice 0.0       0.0        161.7     19.4       .44       178      2    
redis-cart           0.0       0.0        0.0       0.0        .04       81       2    
shippingservice      0.0       0.0        63.1      1.2        .07       90       2    

[2025-12-01 20:09:37]
SERVICE              HTTP_RPM  HTTP_LAT   gRPC_RPM  gRPC_LAT   CPU(core) MEM(MiB) PODS
--------------------------------------------------------------------------------------
adservice            0.0       0.0        126.8     1.8        .13       252      2    
cartservice          0.0       0.0        211.2     31.7       .35       168      2    
checkoutservice      0.0       0.0        7.8       111.3      .11       98       2    
currencyservice      0.0       0.0        624.0     10.6       .61       220      2    
emailservice         0.0       0.0        7.8       1.6        .02       150      2    
frontend             222.3     547.4      0.0       0.0        1.25      228      2    
kubernetes-dashboard 0.0       0.0        0.0       0.0        0         7        1    
paymentservice       0.0       0.0        7.6       1.7        .02       126      2    
productcatalogservice 0.0       0.0        1225.5    2.8        .68       114      2    
recommendationservice 0.0       0.0        168.6     19.2       .49       178      2    
redis-cart           0.0       0.0        0.0       0.0        .04       81       2    
shippingservice      0.0       0.0        65.4      1.2        .08       90       2    

[2025-12-01 20:09:48]
SERVICE              HTTP_RPM  HTTP_LAT   gRPC_RPM  gRPC_LAT   CPU(core) MEM(MiB) PODS
--------------------------------------------------------------------------------------
adservice            0.0       0.0        132.7     1.8        .13       252      2    
cartservice          0.0       0.0        225.1     32.9       .34       168      2    
checkoutservice      0.0       0.0        8.3       122.8      .10       98       2    
currencyservice      0.0       0.0        622.6     10.7       .61       220      2    
emailservice         0.0       0.0        7.8       1.7        .02       155      2    
frontend             225.9     564.3      0.0       0.0        1.25      228      2    
kubernetes-dashboard 0.0       0.0        0.0       0.0        0         7        1    
paymentservice       0.0       0.0        8.1       1.7        .02       126      2    
productcatalogservice 0.0       0.0        1285.6    2.7        .66       113      2    
recommendationservice 0.0       0.0        172.1     21.1       .47       178      2    
redis-cart           0.0       0.0        0.0       0.0        .04       81       2    
shippingservice      0.0       0.0        67.6      1.2        .08       90       2    

[2025-12-01 20:10:00]
SERVICE              HTTP_RPM  HTTP_LAT   gRPC_RPM  gRPC_LAT   CPU(core) MEM(MiB) PODS
--------------------------------------------------------------------------------------
adservice            0.0       0.0        132.1     1.6        .13       252      2    
cartservice          0.0       0.0        228.6     30.6       .34       168      2    
checkoutservice      0.0       0.0        8.3       117.0      .10       98       2    
currencyservice      0.0       0.0        616.6     8.0        .61       220      2    
emailservice         0.0       0.0        8.0       1.5        .02       155      2    
frontend             226.4     456.2      0.0       0.0        1.21      229      2    
kubernetes-dashboard 0.0       0.0        0.0       0.0        0         7        1    
paymentservice       0.0       0.0        7.9       1.5        .02       128      2    
productcatalogservice 0.0       0.0        1289.7    2.1        .67       113      2    
recommendationservice 0.0       0.0        177.0     17.5       .47       178      2    
redis-cart           0.0       0.0        0.0       0.0        .04       81       2    
shippingservice      0.0       0.0        68.4      1.0        .08       90       2    

[2025-12-01 20:10:13]
SERVICE              HTTP_RPM  HTTP_LAT   gRPC_RPM  gRPC_LAT   CPU(core) MEM(MiB) PODS
--------------------------------------------------------------------------------------
adservice            0.0       0.0        127.7     2.1        .12       252      2    
cartservice          0.0       0.0        220.3     32.4       .34       168      2    
checkoutservice      0.0       0.0        7.7       119.8      .10       98       2    
currencyservice      0.0       0.0        610.4     7.7        .62       220      2    
emailservice         0.0       0.0        7.8       1.8        .02       155      2    
frontend             222.2     489.0      0.0       0.0        1.21      229      2    
kubernetes-dashboard 0.0       0.0        0.0       0.0        0         7        1    
paymentservice       0.0       0.0        8.0       1.9        .02       128      2    
productcatalogservice 0.0       0.0        1252.2    4.6        .67       113      2    
recommendationservice 0.0       0.0        169.5     29.6       .44       178      2    
redis-cart           0.0       0.0        0.0       0.0        .04       81       2    
shippingservice      0.0       0.0        66.6      1.4        .07       90       2    

[2025-12-01 20:10:25]
SERVICE              HTTP_RPM  HTTP_LAT   gRPC_RPM  gRPC_LAT   CPU(core) MEM(MiB) PODS
--------------------------------------------------------------------------------------
adservice            0.0       0.0        126.5     2.2        .12       252      2    
cartservice          0.0       0.0        216.7     20.4       .31       168      2    
checkoutservice      0.0       0.0        8.1       114.2      .11       98       2    
currencyservice      0.0       0.0        609.9     7.3        .58       222      2    
emailservice         0.0       0.0        8.2       1.8        .02       155      2    
frontend             218.9     533.9      0.0       0.0        1.19      226      2    
kubernetes-dashboard 0.0       0.0        0.0       0.0        0         7        1    
paymentservice       0.0       0.0        8.2       1.9        .02       126      2    
productcatalogservice 0.0       0.0        1252.2    4.6        .64       113      2    
recommendationservice 0.0       0.0        166.7     28.7       .44       178      2    
redis-cart           0.0       0.0        0.0       0.0        .04       81       2    
shippingservice      0.0       0.0        66.1      1.4        .07       90       2    

[2025-12-01 20:10:37]
SERVICE              HTTP_RPM  HTTP_LAT   gRPC_RPM  gRPC_LAT   CPU(core) MEM(MiB) PODS
--------------------------------------------------------------------------------------
adservice            0.0       0.0        126.2     2.2        .12       253      2    
cartservice          0.0       0.0        216.7     20.4       .32       168      2    
checkoutservice      0.0       0.0        8.3       105.0      .11       97       2    
currencyservice      0.0       0.0        601.3     6.9        .60       221      2    
emailservice         0.0       0.0        8.2       1.9        .02       155      2    
frontend             214.3     535.1      0.0       0.0        1.23      227      2    
kubernetes-dashboard 0.0       0.0        0.0       0.0        0         7        1    
paymentservice       0.0       0.0        8.2       1.9        .02       127      2    
productcatalogservice 0.0       0.0        1237.8    4.7        .68       114      2    
recommendationservice 0.0       0.0        164.6     30.0       .45       178      2    
redis-cart           0.0       0.0        0.0       0.0        .04       81       2    
shippingservice      0.0       0.0        66.0      1.4        .08       90       2    

[2025-12-01 20:10:49]
SERVICE              HTTP_RPM  HTTP_LAT   gRPC_RPM  gRPC_LAT   CPU(core) MEM(MiB) PODS
--------------------------------------------------------------------------------------
adservice            0.0       0.0        126.8     2.2        .12       252      2    
cartservice          0.0       0.0        213.9     26.0       .31       168      2    
checkoutservice      0.0       0.0        9.0       129.1      .11       98       2    
currencyservice      0.0       0.0        602.3     6.7        .61       221      2    
emailservice         0.0       0.0        8.6       1.8        .03       155      2    
frontend             216.7     525.6      0.0       0.0        1.23      227      2    
kubernetes-dashboard 0.0       0.0        0.0       0.0        0         7        1    
paymentservice       0.0       0.0        8.7       2.0        .02       127      2    
productcatalogservice 0.0       0.0        1250.7    4.6        .67       113      2    
recommendationservice 0.0       0.0        164.6     30.0       .45       178      2    
redis-cart           0.0       0.0        0.0       0.0        .04       81       2    
shippingservice      0.0       0.0        65.8      1.4        .08       90       2    

[2025-12-01 20:11:01]
SERVICE              HTTP_RPM  HTTP_LAT   gRPC_RPM  gRPC_LAT   CPU(core) MEM(MiB) PODS
--------------------------------------------------------------------------------------
adservice            0.0       0.0        128.3     1.6        .12       252      2    
cartservice          0.0       0.0        220.4     30.9       .31       168      2    
checkoutservice      0.0       0.0        8.9       130.8      .11       98       2    
currencyservice      0.0       0.0        609.5     6.4        .61       221      2    
emailservice         0.0       0.0        9.0       1.6        .03       155      2    
frontend             218.0     429.0      0.0       0.0        1.24      226      2    
kubernetes-dashboard 0.0       0.0        0.0       0.0        0         7        1    
paymentservice       0.0       0.0        8.9       1.6        .02       127      2    
productcatalogservice 0.0       0.0        1257.0    2.0        .67       112      2    
recommendationservice 0.0       0.0        170.0     17.5       .45       178      2    
redis-cart           0.0       0.0        0.0       0.0        .04       81       2    
shippingservice      0.0       0.0        68.3      1.0        .08       90       2    

[2025-12-01 20:11:13]
SERVICE              HTTP_RPM  HTTP_LAT   gRPC_RPM  gRPC_LAT   CPU(core) MEM(MiB) PODS
--------------------------------------------------------------------------------------
adservice            0.0       0.0        123.3     1.7        .13       252      2    
cartservice          0.0       0.0        213.6     45.5       .33       168      2    
checkoutservice      0.0       0.0        8.7       128.4      .12       98       2    
currencyservice      0.0       0.0        594.6     6.5        .61       223      2    
emailservice         0.0       0.0        8.8       1.6        .02       155      2    
frontend             214.5     435.4      0.0       0.0        1.24      226      2    
kubernetes-dashboard 0.0       0.0        0.0       0.0        0         7        1    
paymentservice       0.0       0.0        8.8       2.7        .02       127      2    
productcatalogservice 0.0       0.0        1211.1    2.3        .67       112      2    
recommendationservice 0.0       0.0        162.4     19.9       .45       178      2    
redis-cart           0.0       0.0        0.0       0.0        .04       81       2    
shippingservice      0.0       0.0        65.2      1.1        .07       90       2    

[2025-12-01 20:11:25]
SERVICE              HTTP_RPM  HTTP_LAT   gRPC_RPM  gRPC_LAT   CPU(core) MEM(MiB) PODS
--------------------------------------------------------------------------------------
adservice            0.0       0.0        119.4     1.7        .11       252      2    
cartservice          0.0       0.0        207.3     42.4       .27       168      2    
checkoutservice      0.0       0.0        8.6       159.3      .11       98       2    
currencyservice      0.0       0.0        586.1     6.3        .58       221      2    
emailservice         0.0       0.0        8.7       1.6        .02       155      2    
frontend             207.8     452.5      0.0       0.0        1.17      226      2    
kubernetes-dashboard 0.0       0.0        0.0       0.0        0         7        1    
paymentservice       0.0       0.0        8.2       2.6        .02       127      2    
productcatalogservice 0.0       0.0        1211.1    2.3        .67       113      2    
recommendationservice 0.0       0.0        159.3     18.6       .44       178      2    
redis-cart           0.0       0.0        0.0       0.0        .04       81       2    
shippingservice      0.0       0.0        64.1      1.0        .07       90       2    

[2025-12-01 20:11:36]
SERVICE              HTTP_RPM  HTTP_LAT   gRPC_RPM  gRPC_LAT   CPU(core) MEM(MiB) PODS
--------------------------------------------------------------------------------------
adservice            0.0       0.0        118.4     1.6        .12       252      2    
cartservice          0.0       0.0        207.3     42.4       .34       168      2    
checkoutservice      0.0       0.0        7.9       131.3      .11       98       2    
currencyservice      0.0       0.0        575.3     5.5        .64       221      2    
emailservice         0.0       0.0        8.1       1.5        .02       155      2    
frontend             202.5     414.2      0.0       0.0        1.21      225      2    
kubernetes-dashboard 0.0       0.0        0.0       0.0        0         7        1    
paymentservice       0.0       0.0        8.2       2.6        .02       123      2    
productcatalogservice 0.0       0.0        1180.8    2.1        .69       113      2    
recommendationservice 0.0       0.0        156.1     18.3       .45       178      2    
redis-cart           0.0       0.0        0.0       0.0        .04       81       2    
shippingservice      0.0       0.0        62.9      1.0        .08       91       2    

[2025-12-01 20:11:48]
SERVICE              HTTP_RPM  HTTP_LAT   gRPC_RPM  gRPC_LAT   CPU(core) MEM(MiB) PODS
--------------------------------------------------------------------------------------
adservice            0.0       0.0        117.0     1.6        .12       252      2    
cartservice          0.0       0.0        201.5     35.1       .32       168      2    
checkoutservice      0.0       0.0        8.0       139.0      .10       98       2    
currencyservice      0.0       0.0        564.7     5.8        .63       222      2    
emailservice         0.0       0.0        7.8       1.5        .02       155      2    
frontend             204.6     396.0      0.0       0.0        1.23      225      2    
kubernetes-dashboard 0.0       0.0        0.0       0.0        0         7        1    
paymentservice       0.0       0.0        7.6       2.7        .02       123      2    
productcatalogservice 0.0       0.0        1172.3    2.0        .68       113      2    
recommendationservice 0.0       0.0        153.8     18.0       .45       178      2    
redis-cart           0.0       0.0        0.0       0.0        .04       81       2    
shippingservice      0.0       0.0        61.4      1.0        .08       91       2    

[2025-12-01 20:12:00]
SERVICE              HTTP_RPM  HTTP_LAT   gRPC_RPM  gRPC_LAT   CPU(core) MEM(MiB) PODS
--------------------------------------------------------------------------------------
adservice            0.0       0.0        118.0     1.4        .12       252      2    
cartservice          0.0       0.0        204.4     22.1       .32       168      2    
checkoutservice      0.0       0.0        7.8       118.2      .10       98       2    
currencyservice      0.0       0.0        577.8     5.3        .63       222      2    
emailservice         0.0       0.0        8.1       1.5        .02       155      2    
frontend             201.9     324.4      0.0       0.0        1.21      226      2    
kubernetes-dashboard 0.0       0.0        0.0       0.0        0         7        1    
paymentservice       0.0       0.0        8.1       1.5        .02       123      2    
productcatalogservice 0.0       0.0        1143.1    1.4        .66       112      2    
recommendationservice 0.0       0.0        157.5     15.4       .43       178      2    
redis-cart           0.0       0.0        0.0       0.0        .04       81       2    
shippingservice      0.0       0.0        63.5      0.9        .08       90       2    

[2025-12-01 20:12:13]
SERVICE              HTTP_RPM  HTTP_LAT   gRPC_RPM  gRPC_LAT   CPU(core) MEM(MiB) PODS
--------------------------------------------------------------------------------------
adservice            0.0       0.0        109.5     1.5        .12       252      2    
cartservice          0.0       0.0        187.5     19.9       .30       168      2    
checkoutservice      0.0       0.0        7.7       105.2      .11       97       2    
currencyservice      0.0       0.0        532.6     5.6        .62       221      2    
emailservice         0.0       0.0        7.4       1.6        .02       155      2    
frontend             192.9     327.8      0.0       0.0        1.21      226      2    
kubernetes-dashboard 0.0       0.0        0.0       0.0        0         7        1    
paymentservice       0.0       0.0        7.4       1.6        .02       123      2    
productcatalogservice 0.0       0.0        1039.8    1.8        .66       112      2    
recommendationservice 0.0       0.0        141.6     18.1       .43       178      2    
redis-cart           0.0       0.0        0.0       0.0        .04       81       2    
shippingservice      0.0       0.0        56.5      1.0        .06       90       2    

[2025-12-01 20:12:24]
SERVICE              HTTP_RPM  HTTP_LAT   gRPC_RPM  gRPC_LAT   CPU(core) MEM(MiB) PODS
--------------------------------------------------------------------------------------
adservice            0.0       0.0        99.4      1.5        .09       252      2    
cartservice          0.0       0.0        171.8     20.0       .29       168      2    
checkoutservice      0.0       0.0        7.3       111.7      .09       97       2    
currencyservice      0.0       0.0        510.2     5.4        .52       222      2    
emailservice         0.0       0.0        7.1       1.8        .02       155      2    
frontend             174.5     340.8      0.0       0.0        1.05      226      2    
kubernetes-dashboard 0.0       0.0        0.0       0.0        0         7        1    
paymentservice       0.0       0.0        6.9       1.6        .01       123      2    
productcatalogservice 0.0       0.0        1039.8    1.8        .63       113      2    
recommendationservice 0.0       0.0        129.2     17.2       .33       178      2    
redis-cart           0.0       0.0        0.0       0.0        .04       81       2    
shippingservice      0.0       0.0        52.6      1.0        .06       90       2    

[2025-12-01 20:12:36]
SERVICE              HTTP_RPM  HTTP_LAT   gRPC_RPM  gRPC_LAT   CPU(core) MEM(MiB) PODS
--------------------------------------------------------------------------------------
adservice            0.0       0.0        94.0      1.5        .10       252      2    
cartservice          0.0       0.0        171.8     20.0       .31       168      2    
checkoutservice      0.0       0.0        6.4       96.8       .09       97       2    
currencyservice      0.0       0.0        460.9     4.5        .56       222      2    
emailservice         0.0       0.0        6.3       1.7        .02       155      2    
frontend             157.1     290.0      0.0       0.0        1.08      224      2    
kubernetes-dashboard 0.0       0.0        0.0       0.0        0         7        1    
paymentservice       0.0       0.0        6.9       1.6        .02       123      2    
productcatalogservice 0.0       0.0        945.4     1.6        .63       113      2    
recommendationservice 0.0       0.0        121.2     16.8       .37       177      2    
redis-cart           0.0       0.0        0.0       0.0        .04       81       2    
shippingservice      0.0       0.0        48.3      1.0        .07       90       2    

[2025-12-01 20:12:48]
SERVICE              HTTP_RPM  HTTP_LAT   gRPC_RPM  gRPC_LAT   CPU(core) MEM(MiB) PODS
--------------------------------------------------------------------------------------
adservice            0.0       0.0        89.2      1.5        .10       252      2    
cartservice          0.0       0.0        154.3     15.0       .31       168      2    
checkoutservice      0.0       0.0        5.9       79.3       .08       97       2    
currencyservice      0.0       0.0        435.8     4.3        .57       221      2    
emailservice         0.0       0.0        5.7       1.7        .02       155      2    
frontend             154.5     251.5      0.0       0.0        1.12      224      2    
kubernetes-dashboard 0.0       0.0        0.0       0.0        0         7        1    
paymentservice       0.0       0.0        5.6       1.5        .02       123      2    
productcatalogservice 0.0       0.0        900.6     1.4        .64       112      2    
recommendationservice 0.0       0.0        116.4     15.2       .37       177      2    
redis-cart           0.0       0.0        0.0       0.0        .04       81       2    
shippingservice      0.0       0.0        46.9      0.9        .06       91       2    

[2025-12-01 20:12:59]
SERVICE              HTTP_RPM  HTTP_LAT   gRPC_RPM  gRPC_LAT   CPU(core) MEM(MiB) PODS
--------------------------------------------------------------------------------------
adservice            0.0       0.0        88.7      1.1        .11       252      2    
cartservice          0.0       0.0        156.6     11.2       .30       174      2    
checkoutservice      0.0       0.0        5.9       79.3       .08       97       2    
currencyservice      0.0       0.0        436.4     3.2        .57       221      2    
emailservice         0.0       0.0        5.9       1.6        .02       155      2    
frontend             151.8     162.7      0.0       0.0        1.12      224      2    
kubernetes-dashboard 0.0       0.0        0.0       0.0        0         7        1    
paymentservice       0.0       0.0        5.8       1.5        .02       123      2    
productcatalogservice 0.0       0.0        875.1     0.7        .66       113      2    
recommendationservice 0.0       0.0        118.2     9.9        .37       177      2    
redis-cart           0.0       0.0        0.0       0.0        .04       81       2    
shippingservice      0.0       0.0        47.4      0.7        .06       89       2    

[2025-12-01 20:13:11]
SERVICE              HTTP_RPM  HTTP_LAT   gRPC_RPM  gRPC_LAT   CPU(core) MEM(MiB) PODS
--------------------------------------------------------------------------------------
adservice            0.0       0.0        85.5      1.3        .10       252      2    
cartservice          0.0       0.0        145.0     11.6       .29       175      2    
checkoutservice      0.0       0.0        5.6       76.2       .09       97       2    
currencyservice      0.0       0.0        417.8     2.9        .55       222      2    
emailservice         0.0       0.0        5.5       1.7        .02       155      2    
frontend             147.7     163.5      0.0       0.0        1.13      224      2    
kubernetes-dashboard 0.0       0.0        0.0       0.0        0         7        1    
paymentservice       0.0       0.0        5.5       2.0        .02       123      2    
productcatalogservice 0.0       0.0        875.1     0.7        .66       113      2    
recommendationservice 0.0       0.0        111.3     10.7       .37       177      2    
redis-cart           0.0       0.0        0.0       0.0        .04       81       2    
shippingservice      0.0       0.0        43.2      0.8        .06       89       2    

[2025-12-01 20:13:22]
SERVICE              HTTP_RPM  HTTP_LAT   gRPC_RPM  gRPC_LAT   CPU(core) MEM(MiB) PODS
--------------------------------------------------------------------------------------
adservice            0.0       0.0        83.8      1.3        .09       252      2    
cartservice          0.0       0.0        142.3     13.2       .24       174      2    
checkoutservice      0.0       0.0        5.5       84.6       .07       97       2    
currencyservice      0.0       0.0        407.4     3.2        .53       221      2    
emailservice         0.0       0.0        5.3       1.7        .02       152      2    
frontend             140.7     175.8      0.0       0.0        .97       224      2    
kubernetes-dashboard 0.0       0.0        0.0       0.0        0         7        1    
paymentservice       0.0       0.0        5.5       2.0        .02       123      2    
productcatalogservice 0.0       0.0        831.0     1.1        .56       112      2    
recommendationservice 0.0       0.0        106.0     11.0       .31       177      2    
redis-cart           0.0       0.0        0.0       0.0        .03       81       2    
shippingservice      0.0       0.0        43.1      0.9        .05       89       2    

[2025-12-01 20:13:34]
SERVICE              HTTP_RPM  HTTP_LAT   gRPC_RPM  gRPC_LAT   CPU(core) MEM(MiB) PODS
--------------------------------------------------------------------------------------
adservice            0.0       0.0        77.3      1.3        .09       252      2    
cartservice          0.0       0.0        138.7     18.5       .25       174      2    
checkoutservice      0.0       0.0        5.1       94.5       .07       96       2    
currencyservice      0.0       0.0        384.0     3.1        .49       221      2    
emailservice         0.0       0.0        5.5       1.7        .02       152      2    
frontend             135.6     179.6      0.0       0.0        .99       224      2    
kubernetes-dashboard 0.0       0.0        0.0       0.0        0         7        1    
paymentservice       0.0       0.0        5.4       2.1        .01       123      2    
productcatalogservice 0.0       0.0        781.2     1.1        .59       113      2    
recommendationservice 0.0       0.0        106.0     11.0       .31       177      2    
redis-cart           0.0       0.0        0.0       0.0        .03       81       2    
shippingservice      0.0       0.0        41.5      0.9        .05       90       2    

[2025-12-01 20:13:45]
SERVICE              HTTP_RPM  HTTP_LAT   gRPC_RPM  gRPC_LAT   CPU(core) MEM(MiB) PODS
--------------------------------------------------------------------------------------
adservice            0.0       0.0        75.8      1.3        .09       252      2    
cartservice          0.0       0.0        128.9     27.0       .25       174      2    
checkoutservice      0.0       0.0        5.0       94.7       .07       96       2    
currencyservice      0.0       0.0        374.4     3.0        .49       221      2    
emailservice         0.0       0.0        4.6       1.7        .02       152      2    
frontend             131.1     189.0      0.0       0.0        .99       224      2    
kubernetes-dashboard 0.0       0.0        0.0       0.0        0         7        1    
paymentservice       0.0       0.0        4.7       2.2        .01       123      2    
productcatalogservice 0.0       0.0        769.4     1.0        .58       113      2    
recommendationservice 0.0       0.0        99.6      10.9       .31       178      2    
redis-cart           0.0       0.0        0.0       0.0        .03       81       2    
shippingservice      0.0       0.0        40.0      0.9        .05       90       2    

[2025-12-01 20:13:57]
SERVICE              HTTP_RPM  HTTP_LAT   gRPC_RPM  gRPC_LAT   CPU(core) MEM(MiB) PODS
--------------------------------------------------------------------------------------
adservice            0.0       0.0        74.0      1.1        .09       252      2    
cartservice          0.0       0.0        133.1     31.0       .24       174      2    
checkoutservice      0.0       0.0        5.1       97.3       .06       97       2    
currencyservice      0.0       0.0        377.5     3.0        .48       222      2    
emailservice         0.0       0.0        5.0       1.4        .02       152      2    
frontend             131.0     186.3      0.0       0.0        .99       224      2    
kubernetes-dashboard 0.0       0.0        0.0       0.0        0         7        1    
paymentservice       0.0       0.0        5.1       1.6        .01       123      2    
productcatalogservice 0.0       0.0        745.7     0.6        .58       113      2    
recommendationservice 0.0       0.0        101.2     9.3        .31       178      2    
redis-cart           0.0       0.0        0.0       0.0        .03       81       2    
shippingservice      0.0       0.0        41.4      0.7        .05       90       2    

[2025-12-01 20:14:08]
SERVICE              HTTP_RPM  HTTP_LAT   gRPC_RPM  gRPC_LAT   CPU(core) MEM(MiB) PODS
--------------------------------------------------------------------------------------
adservice            0.0       0.0        73.6      1.0        .09       252      2    
cartservice          0.0       0.0        125.0     25.0       .27       174      2    
checkoutservice      0.0       0.0        4.9       101.2      .07       96       2    
currencyservice      0.0       0.0        374.4     2.9        .51       221      2    
emailservice         0.0       0.0        4.9       1.5        .02       152      2    
frontend             125.8     159.4      0.0       0.0        1.01      223      2    
kubernetes-dashboard 0.0       0.0        0.0       0.0        0         7        1    
paymentservice       0.0       0.0        4.9       1.6        .01       123      2    
productcatalogservice 0.0       0.0        745.7     0.6        .57       113      2    
recommendationservice 0.0       0.0        94.8      10.4       .31       178      2    
redis-cart           0.0       0.0        0.0       0.0        .03       81       2    
shippingservice      0.0       0.0        39.2      0.9        .05       90       2    

[2025-12-01 20:14:19]
SERVICE              HTTP_RPM  HTTP_LAT   gRPC_RPM  gRPC_LAT   CPU(core) MEM(MiB) PODS
--------------------------------------------------------------------------------------
adservice            0.0       0.0        70.3      1.3        .08       252      2    
cartservice          0.0       0.0        125.0     25.0       .22       174      2    
checkoutservice      0.0       0.0        4.8       101.1      .07       96       2    
currencyservice      0.0       0.0        360.4     2.8        .45       222      2    
emailservice         0.0       0.0        4.7       1.4        .02       152      2    
frontend             125.2     170.4      0.0       0.0        .87       223      2    
kubernetes-dashboard 0.0       0.0        0.0       0.0        0         7        1    
paymentservice       0.0       0.0        4.8       1.6        .01       123      2    
productcatalogservice 0.0       0.0        708.2     1.0        .51       113      2    
recommendationservice 0.0       0.0        94.8      10.4       .27       178      2    
redis-cart           0.0       0.0        0.0       0.0        .03       81       2    
shippingservice      0.0       0.0        39.2      0.9        .05       90       2    

[2025-12-01 20:14:31]
SERVICE              HTTP_RPM  HTTP_LAT   gRPC_RPM  gRPC_LAT   CPU(core) MEM(MiB) PODS
--------------------------------------------------------------------------------------
adservice            0.0       0.0        67.7      1.3        .08       252      2    
cartservice          0.0       0.0        118.6     19.6       .22       174      2    
checkoutservice      0.0       0.0        4.4       92.5       .07       96       2    
currencyservice      0.0       0.0        352.1     2.8        .45       222      2    
emailservice         0.0       0.0        4.6       1.4        .02       152      2    
frontend             117.4     154.3      0.0       0.0        .87       222      2    
kubernetes-dashboard 0.0       0.0        0.0       0.0        0         7        1    
paymentservice       0.0       0.0        4.4       1.6        .01       123      2    
productcatalogservice 0.0       0.0        662.7     1.0        .50       113      2    
recommendationservice 0.0       0.0        89.0      10.2       .26       178      2    
redis-cart           0.0       0.0        0.0       0.0        .03       81       2    
shippingservice      0.0       0.0        36.3      0.9        .04       90       2    

[2025-12-01 20:14:42]
SERVICE              HTTP_RPM  HTTP_LAT   gRPC_RPM  gRPC_LAT   CPU(core) MEM(MiB) PODS
--------------------------------------------------------------------------------------
adservice            0.0       0.0        65.2      1.3        .08       252      2    
cartservice          0.0       0.0        109.7     27.0       .21       174      2    
checkoutservice      0.0       0.0        4.2       96.9       .05       97       2    
currencyservice      0.0       0.0        328.8     2.5        .43       222      2    
emailservice         0.0       0.0        3.9       1.5        .01       152      2    
frontend             112.0     159.2      0.0       0.0        .87       222      2    
kubernetes-dashboard 0.0       0.0        0.0       0.0        0         7        1    
paymentservice       0.0       0.0        3.9       1.6        .01       123      2    
productcatalogservice 0.0       0.0        640.9     0.9        .50       113      2    
recommendationservice 0.0       0.0        83.3      9.8        .26       178      2    
redis-cart           0.0       0.0        0.0       0.0        .03       81       2    
shippingservice      0.0       0.0        33.1      0.9        .04       90       2    

[2025-12-01 20:14:53]
SERVICE              HTTP_RPM  HTTP_LAT   gRPC_RPM  gRPC_LAT   CPU(core) MEM(MiB) PODS
--------------------------------------------------------------------------------------
adservice            0.0       0.0        63.1      1.3        .08       252      2    
cartservice          0.0       0.0        110.3     31.9       .21       174      2    
checkoutservice      0.0       0.0        4.0       96.7       .05       97       2    
currencyservice      0.0       0.0        327.0     2.2        .43       223      2    
emailservice         0.0       0.0        4.0       1.4        .01       152      2    
frontend             110.2     160.7      0.0       0.0        .89       223      2    
kubernetes-dashboard 0.0       0.0        0.0       0.0        0         7        1    
paymentservice       0.0       0.0        3.9       1.6        .01       124      2    
productcatalogservice 0.0       0.0        640.9     0.9        .50       113      2    
recommendationservice 0.0       0.0        84.1      8.0        .26       178      2    
redis-cart           0.0       0.0        0.0       0.0        .03       81       2    
shippingservice      0.0       0.0        32.8      0.7        .05       90       2    

[2025-12-01 20:15:04]
SERVICE              HTTP_RPM  HTTP_LAT   gRPC_RPM  gRPC_LAT   CPU(core) MEM(MiB) PODS
--------------------------------------------------------------------------------------
adservice            0.0       0.0        64.1      1.0        .08       252      2    
cartservice          0.0       0.0        110.3     31.9       .23       175      2    
checkoutservice      0.0       0.0        3.8       90.4       .06       97       2    
currencyservice      0.0       0.0        322.7     2.9        .45       224      2    
emailservice         0.0       0.0        3.9       1.4        .02       153      2    
frontend             108.0     131.1      0.0       0.0        .90       224      2    
kubernetes-dashboard 0.0       0.0        0.0       0.0        0         7        1    
paymentservice       0.0       0.0        3.8       1.4        .01       123      2    
productcatalogservice 0.0       0.0        635.8     0.4        .52       113      2    
recommendationservice 0.0       0.0        84.1      8.0        .27       178      2    
redis-cart           0.0       0.0        0.0       0.0        .03       81       2    
shippingservice      0.0       0.0        33.7      0.8        .04       91       2    

[2025-12-01 20:15:16]
SERVICE              HTTP_RPM  HTTP_LAT   gRPC_RPM  gRPC_LAT   CPU(core) MEM(MiB) PODS
--------------------------------------------------------------------------------------
adservice            0.0       0.0        64.1      1.1        .08       252      2    
cartservice          0.0       0.0        109.4     31.6       .23       175      2    
checkoutservice      0.0       0.0        4.0       98.6       .06       97       2    
currencyservice      0.0       0.0        321.2     3.0        .45       224      2    
emailservice         0.0       0.0        4.3       1.7        .02       153      2    
frontend             110.7     178.5      0.0       0.0        .87       224      2    
kubernetes-dashboard 0.0       0.0        0.0       0.0        0         7        1    
paymentservice       0.0       0.0        4.4       1.5        .01       123      2    
productcatalogservice 0.0       0.0        645.5     0.8        .52       112      2    
recommendationservice 0.0       0.0        85.3      11.6       .27       178      2    
redis-cart           0.0       0.0        0.0       0.0        .03       81       2    
shippingservice      0.0       0.0        33.9      0.8        .04       90       2    

[2025-12-01 20:15:27]
SERVICE              HTTP_RPM  HTTP_LAT   gRPC_RPM  gRPC_LAT   CPU(core) MEM(MiB) PODS
--------------------------------------------------------------------------------------
adservice            0.0       0.0        63.7      1.1        .07       252      2    
cartservice          0.0       0.0        112.1     18.3       .22       175      2    
checkoutservice      0.0       0.0        4.3       85.1       .07       97       2    
currencyservice      0.0       0.0        325.7     3.2        .44       223      2    
emailservice         0.0       0.0        4.5       1.7        .02       150      2    
frontend             112.2     169.4      0.0       0.0        .87       224      2    
kubernetes-dashboard 0.0       0.0        0.0       0.0        0         7        1    
paymentservice       0.0       0.0        4.4       1.5        .01       123      2    
productcatalogservice 0.0       0.0        644.7     0.8        .52       112      2    
recommendationservice 0.0       0.0        85.4      11.9       .27       178      2    
redis-cart           0.0       0.0        0.0       0.0        .03       81       2    
shippingservice      0.0       0.0        34.4      0.8        .05       91       2    

[2025-12-01 20:15:38]
SERVICE              HTTP_RPM  HTTP_LAT   gRPC_RPM  gRPC_LAT   CPU(core) MEM(MiB) PODS
--------------------------------------------------------------------------------------
adservice            0.0       0.0        64.6      1.1        .08       252      2    
cartservice          0.0       0.0        110.8     13.1       .24       175      2    
checkoutservice      0.0       0.0        4.4       68.6       .06       97       2    
currencyservice      0.0       0.0        323.6     3.3        .43       222      2    
emailservice         0.0       0.0        4.5       1.6        .02       150      2    
frontend             111.4     163.9      0.0       0.0        .91       222      2    
kubernetes-dashboard 0.0       0.0        0.0       0.0        0         7        1    
paymentservice       0.0       0.0        4.4       1.5        .01       123      2    
productcatalogservice 0.0       0.0        644.7     0.8        .52       113      2    
recommendationservice 0.0       0.0        85.2      12.1       .27       178      2    
redis-cart           0.0       0.0        0.0       0.0        .03       81       2    
shippingservice      0.0       0.0        34.7      0.8        .05       91       2    

[2025-12-01 20:15:50]
SERVICE              HTTP_RPM  HTTP_LAT   gRPC_RPM  gRPC_LAT   CPU(core) MEM(MiB) PODS
--------------------------------------------------------------------------------------
adservice            0.0       0.0        65.2      1.1        .08       252      2    
cartservice          0.0       0.0        110.8     13.1       .22       175      2    
checkoutservice      0.0       0.0        4.5       112.2      .06       97       2    
currencyservice      0.0       0.0        325.4     2.4        .45       223      2    
emailservice         0.0       0.0        4.3       1.4        .02       150      2    
frontend             112.4     173.7      0.0       0.0        .92       222      2    
kubernetes-dashboard 0.0       0.0        0.0       0.0        0         7        1    
paymentservice       0.0       0.0        4.4       1.4        .01       123      2    
productcatalogservice 0.0       0.0        646.3     0.9        .53       113      2    
recommendationservice 0.0       0.0        84.7      11.6       .26       178      2    
redis-cart           0.0       0.0        0.0       0.0        .03       81       2    
shippingservice      0.0       0.0        34.6      0.6        .05       90       2    

[2025-12-01 20:16:01]
SERVICE              HTTP_RPM  HTTP_LAT   gRPC_RPM  gRPC_LAT   CPU(core) MEM(MiB) PODS
--------------------------------------------------------------------------------------
adservice            0.0       0.0        65.2      1.0        .08       252      2    
cartservice          0.0       0.0        113.8     29.8       .22       175      2    
checkoutservice      0.0       0.0        4.7       108.1      .06       97       2    
currencyservice      0.0       0.0        345.3     2.4        .45       223      2    
emailservice         0.0       0.0        4.4       1.4        .02       150      2    
frontend             113.7     150.7      0.0       0.0        .96       223      2    
kubernetes-dashboard 0.0       0.0        0.0       0.0        0         7        1    
paymentservice       0.0       0.0        4.5       1.3        .01       124      2    
productcatalogservice 0.0       0.0        670.2     0.5        .56       114      2    
recommendationservice 0.0       0.0        87.6      8.5        .29       178      2    
redis-cart           0.0       0.0        0.0       0.0        .03       81       2    
shippingservice      0.0       0.0        35.4      0.6        .05       94       2    

[2025-12-01 20:16:13]
SERVICE              HTTP_RPM  HTTP_LAT   gRPC_RPM  gRPC_LAT   CPU(core) MEM(MiB) PODS
--------------------------------------------------------------------------------------
adservice            0.0       0.0        70.8      1.1        .08       252      2    
cartservice          0.0       0.0        121.4     27.6       .26       175      2    
checkoutservice      0.0       0.0        4.6       112.8      .06       97       2    
currencyservice      0.0       0.0        370.2     4.2        .47       221      2    
emailservice         0.0       0.0        4.7       1.4        .02       150      2    
frontend             119.8     162.5      0.0       0.0        .96       223      2    
kubernetes-dashboard 0.0       0.0        0.0       0.0        0         7        1    
paymentservice       0.0       0.0        4.9       1.4        .01       124      2    
productcatalogservice 0.0       0.0        731.3     1.0        .56       114      2    
recommendationservice 0.0       0.0        94.6      11.2       .29       178      2    
redis-cart           0.0       0.0        0.0       0.0        .03       81       2    
shippingservice      0.0       0.0        38.8      0.7        .05       93       2    

[2025-12-01 20:16:24]
SERVICE              HTTP_RPM  HTTP_LAT   gRPC_RPM  gRPC_LAT   CPU(core) MEM(MiB) PODS
--------------------------------------------------------------------------------------
adservice            0.0       0.0        76.0      1.2        .09       252      2    
cartservice          0.0       0.0        134.9     33.3       .25       175      2    
checkoutservice      0.0       0.0        4.9       123.5      .07       96       2    
currencyservice      0.0       0.0        378.4     4.5        .48       221      2    
emailservice         0.0       0.0        4.9       1.5        .02       150      2    
frontend             132.1     235.6      0.0       0.0        .98       224      2    
kubernetes-dashboard 0.0       0.0        0.0       0.0        0         7        1    
paymentservice       0.0       0.0        5.1       1.4        .01       123      2    
productcatalogservice 0.0       0.0        731.3     1.0        .57       113      2    
recommendationservice 0.0       0.0        102.4     11.7       .32       178      2    
redis-cart           0.0       0.0        0.0       0.0        .03       81       2    
shippingservice      0.0       0.0        41.6      0.7        .05       93       2    

[2025-12-01 20:16:36]
SERVICE              HTTP_RPM  HTTP_LAT   gRPC_RPM  gRPC_LAT   CPU(core) MEM(MiB) PODS
--------------------------------------------------------------------------------------
adservice            0.0       0.0        79.7      1.2        .09       252      2    
cartservice          0.0       0.0        134.9     33.3       .25       175      2    
checkoutservice      0.0       0.0        5.4       87.1       .07       96       2    
currencyservice      0.0       0.0        401.9     4.4        .49       221      2    
emailservice         0.0       0.0        5.3       1.5        .02       150      2    
frontend             141.9     235.6      0.0       0.0        .99       224      2    
kubernetes-dashboard 0.0       0.0        0.0       0.0        0         7        1    
paymentservice       0.0       0.0        5.1       1.4        .01       123      2    
productcatalogservice 0.0       0.0        790.9     1.0        .59       113      2    
recommendationservice 0.0       0.0        107.9     11.4       .32       177      2    
redis-cart           0.0       0.0        0.0       0.0        .03       81       2    
shippingservice      0.0       0.0        43.3      0.7        .05       93       2    

[2025-12-01 20:16:48]
SERVICE              HTTP_RPM  HTTP_LAT   gRPC_RPM  gRPC_LAT   CPU(core) MEM(MiB) PODS
--------------------------------------------------------------------------------------
adservice            0.0       0.0        82.4      1.2        .09       252      2    
cartservice          0.0       0.0        143.6     17.2       .25       175      2    
checkoutservice      0.0       0.0        5.6       79.3       .08       96       2    
currencyservice      0.0       0.0        395.5     4.3        .51       223      2    
emailservice         0.0       0.0        5.3       1.5        .02       150      2    
frontend             145.4     223.8      0.0       0.0        1.07      222      2    
kubernetes-dashboard 0.0       0.0        0.0       0.0        0         7        1    
paymentservice       0.0       0.0        5.5       1.4        .01       123      2    
productcatalogservice 0.0       0.0        832.2     1.0        .63       112      2    
recommendationservice 0.0       0.0        109.5     11.6       .34       177      2    
redis-cart           0.0       0.0        0.0       0.0        .04       81       2    
shippingservice      0.0       0.0        44.6      0.7        .06       94       2    

[2025-12-01 20:16:59]
SERVICE              HTTP_RPM  HTTP_LAT   gRPC_RPM  gRPC_LAT   CPU(core) MEM(MiB) PODS
--------------------------------------------------------------------------------------
adservice            0.0       0.0        82.8      1.1        .10       252      2    
cartservice          0.0       0.0        144.8     16.5       .29       175      2    
checkoutservice      0.0       0.0        5.6       79.3       .08       96       2    
currencyservice      0.0       0.0        415.1     2.6        .51       223      2    
emailservice         0.0       0.0        5.7       1.4        .02       150      2    
frontend             144.0     194.6      0.0       0.0        1.07      222      2    
kubernetes-dashboard 0.0       0.0        0.0       0.0        0         7        1    
paymentservice       0.0       0.0        5.5       1.5        .01       123      2    
productcatalogservice 0.0       0.0        850.6     0.7        .61       113      2    
recommendationservice 0.0       0.0        111.4     9.3        .35       177      2    
redis-cart           0.0       0.0        0.0       0.0        .04       81       2    
shippingservice      0.0       0.0        44.9      0.7        .06       93       2    

[2025-12-01 20:17:11]
SERVICE              HTTP_RPM  HTTP_LAT   gRPC_RPM  gRPC_LAT   CPU(core) MEM(MiB) PODS
--------------------------------------------------------------------------------------
adservice            0.0       0.0        88.0      1.3        .10       253      2    
cartservice          0.0       0.0        150.9     15.1       .32       170      2    
checkoutservice      0.0       0.0        5.9       81.9       .08       96       2    
currencyservice      0.0       0.0        446.9     6.0        .55       221      2    
emailservice         0.0       0.0        5.7       1.7        .02       150      2    
frontend             150.3     214.6      0.0       0.0        1.10      224      2    
kubernetes-dashboard 0.0       0.0        0.0       0.0        0         7        1    
paymentservice       0.0       0.0        5.8       1.5        .02       123      2    
productcatalogservice 0.0       0.0        872.4     1.0        .61       113      2    
recommendationservice 0.0       0.0        116.6     13.1       .35       177      2    
redis-cart           0.0       0.0        0.0       0.0        .04       81       2    
shippingservice      0.0       0.0        46.2      0.9        .06       93       2    

[2025-12-01 20:17:23]
SERVICE              HTTP_RPM  HTTP_LAT   gRPC_RPM  gRPC_LAT   CPU(core) MEM(MiB) PODS
--------------------------------------------------------------------------------------
adservice            0.0       0.0        90.6      1.4        .10       253      2    
cartservice          0.0       0.0        160.7     20.4       .26       169      2    
checkoutservice      0.0       0.0        5.9       87.7       .08       96       2    
currencyservice      0.0       0.0        454.0     6.7        .52       221      2    
emailservice         0.0       0.0        5.8       1.7        .02       150      2    
frontend             158.4     308.6      0.0       0.0        1.06      226      2    
kubernetes-dashboard 0.0       0.0        0.0       0.0        0         7        1    
paymentservice       0.0       0.0        5.8       1.5        .01       123      2    
productcatalogservice 0.0       0.0        892.5     1.3        .59       113      2    
recommendationservice 0.0       0.0        123.6     14.1       .35       177      2    
redis-cart           0.0       0.0        0.0       0.0        .03       81       2    
shippingservice      0.0       0.0        48.9      0.9        .06       93       2    

[2025-12-01 20:17:34]
SERVICE              HTTP_RPM  HTTP_LAT   gRPC_RPM  gRPC_LAT   CPU(core) MEM(MiB) PODS
--------------------------------------------------------------------------------------
adservice            0.0       0.0        96.8      1.5        .10       253      2    
cartservice          0.0       0.0        160.7     20.4       .29       169      2    
checkoutservice      0.0       0.0        6.4       90.3       .10       96       2    
currencyservice      0.0       0.0        481.6     6.7        .55       220      2    
emailservice         0.0       0.0        6.3       1.6        .02       150      2    
frontend             163.2     337.0      0.0       0.0        1.16      225      2    
kubernetes-dashboard 0.0       0.0        0.0       0.0        0         7        1    
paymentservice       0.0       0.0        6.4       1.6        .02       123      2    
productcatalogservice 0.0       0.0        941.6     1.5        .64       113      2    
recommendationservice 0.0       0.0        128.2     14.0       .38       177      2    
redis-cart           0.0       0.0        0.0       0.0        .04       81       2    
shippingservice      0.0       0.0        51.4      0.9        .07       95       2    

[2025-12-01 20:17:46]
SERVICE              HTTP_RPM  HTTP_LAT   gRPC_RPM  gRPC_LAT   CPU(core) MEM(MiB) PODS
--------------------------------------------------------------------------------------
adservice            0.0       0.0        100.0     1.5        .10       253      2    
cartservice          0.0       0.0        173.0     24.0       .29       169      2    
checkoutservice      0.0       0.0        6.9       88.5       .10       96       2    
currencyservice      0.0       0.0        475.2     6.8        .55       220      2    
emailservice         0.0       0.0        7.2       1.7        .02       150      2    
frontend             173.9     326.6      0.0       0.0        1.17      224      2    
kubernetes-dashboard 0.0       0.0        0.0       0.0        0         7        1    
paymentservice       0.0       0.0        7.3       1.5        .02       124      2    
productcatalogservice 0.0       0.0        984.8     1.5        .66       113      2    
recommendationservice 0.0       0.0        131.7     14.7       .40       178      2    
redis-cart           0.0       0.0        0.0       0.0        .04       81       2    
shippingservice      0.0       0.0        53.2      1.0        .07       94       2    

[2025-12-01 20:17:57]
SERVICE              HTTP_RPM  HTTP_LAT   gRPC_RPM  gRPC_LAT   CPU(core) MEM(MiB) PODS
--------------------------------------------------------------------------------------
adservice            0.0       0.0        101.2     1.4        .11       252      2    
cartservice          0.0       0.0        175.3     23.5       .30       169      2    
checkoutservice      0.0       0.0        7.1       86.5       .09       96       2    
currencyservice      0.0       0.0        493.2     4.1        .57       220      2    
emailservice         0.0       0.0        7.3       1.5        .02       150      2    
frontend             172.9     308.1      0.0       0.0        1.17      224      2    
kubernetes-dashboard 0.0       0.0        0.0       0.0        0         7        1    
paymentservice       0.0       0.0        7.4       1.5        .02       124      2    
productcatalogservice 0.0       0.0        1015.5    1.2        .66       113      2    
recommendationservice 0.0       0.0        135.2     11.5       .39       177      2    
redis-cart           0.0       0.0        0.0       0.0        .04       81       2    
shippingservice      0.0       0.0        54.0      0.8        .06       94       2    

[2025-12-01 20:18:10]
SERVICE              HTTP_RPM  HTTP_LAT   gRPC_RPM  gRPC_LAT   CPU(core) MEM(MiB) PODS
--------------------------------------------------------------------------------------
adservice            0.0       0.0        104.8     1.8        .11       252      2    
cartservice          0.0       0.0        181.0     16.1       .32       169      2    
checkoutservice      0.0       0.0        7.2       83.2       .10       97       2    
currencyservice      0.0       0.0        509.6     5.5        .59       220      2    
emailservice         0.0       0.0        7.3       2.1        .02       150      2    
frontend             180.5     291.5      0.0       0.0        1.18      226      2    
kubernetes-dashboard 0.0       0.0        0.0       0.0        0         7        1    
paymentservice       0.0       0.0        7.4       2.2        .02       124      2    
productcatalogservice 0.0       0.0        1015.5    1.2        .65       113      2    
recommendationservice 0.0       0.0        138.6     16.7       .39       177      2    
redis-cart           0.0       0.0        0.0       0.0        .04       81       2    
shippingservice      0.0       0.0        56.0      1.3        .06       94       2    

[2025-12-01 20:18:22]
SERVICE              HTTP_RPM  HTTP_LAT   gRPC_RPM  gRPC_LAT   CPU(core) MEM(MiB) PODS
--------------------------------------------------------------------------------------
adservice            0.0       0.0        107.6     1.8        .12       252      2    
cartservice          0.0       0.0        184.8     16.2       .36       173      2    
checkoutservice      0.0       0.0        7.5       90.0       .09       96       2    
currencyservice      0.0       0.0        525.5     6.3        .56       220      2    
emailservice         0.0       0.0        7.3       2.4        .02       150      2    
frontend             188.8     384.2      0.0       0.0        1.16      226      2    
kubernetes-dashboard 0.0       0.0        0.0       0.0        0         7        1    
paymentservice       0.0       0.0        7.4       2.2        .02       124      2    
productcatalogservice 0.0       0.0        1049.1    3.5        .64       113      2    
recommendationservice 0.0       0.0        145.2     17.2       .41       178      2    
redis-cart           0.0       0.0        0.0       0.0        .04       81       2    
shippingservice      0.0       0.0        56.2      1.3        .07       93       2    

[2025-12-01 20:18:34]
SERVICE              HTTP_RPM  HTTP_LAT   gRPC_RPM  gRPC_LAT   CPU(core) MEM(MiB) PODS
--------------------------------------------------------------------------------------
adservice            0.0       0.0        112.4     2.0        .12       252      2    
cartservice          0.0       0.0        190.2     11.3       .36       173      2    
checkoutservice      0.0       0.0        7.3       92.5       .11       96       2    
currencyservice      0.0       0.0        545.6     6.4        .57       222      2    
emailservice         0.0       0.0        7.5       2.4        .02       150      2    
frontend             191.0     407.2      0.0       0.0        1.18      225      2    
kubernetes-dashboard 0.0       0.0        0.0       0.0        0         7        1    
paymentservice       0.0       0.0        7.5       2.4        .02       123      2    
productcatalogservice 0.0       0.0        1089.6    3.6        .69       113      2    
recommendationservice 0.0       0.0        145.2     17.2       .43       178      2    
redis-cart           0.0       0.0        0.0       0.0        .04       81       2    
shippingservice      0.0       0.0        57.6      1.4        .08       93       2    

[2025-12-01 20:18:45]
SERVICE              HTTP_RPM  HTTP_LAT   gRPC_RPM  gRPC_LAT   CPU(core) MEM(MiB) PODS
--------------------------------------------------------------------------------------
adservice            0.0       0.0        114.1     2.1        .12       252      2    
cartservice          0.0       0.0        196.7     24.1       .36       173      2    
checkoutservice      0.0       0.0        7.2       101.4      .11       96       2    
currencyservice      0.0       0.0        539.8     6.4        .57       222      2    
emailservice         0.0       0.0        7.6       2.4        .02       150      2    
frontend             199.1     420.2      0.0       0.0        1.18      225      2    
kubernetes-dashboard 0.0       0.0        0.0       0.0        0         7        1    
paymentservice       0.0       0.0        7.6       2.3        .02       123      2    
productcatalogservice 0.0       0.0        1137.3    3.7        .66       113      2    
recommendationservice 0.0       0.0        151.3     18.5       .42       178      2    
redis-cart           0.0       0.0        0.0       0.0        .04       81       2    
shippingservice      0.0       0.0        60.7      1.5        .07       93       2    

[2025-12-01 20:18:57]
SERVICE              HTTP_RPM  HTTP_LAT   gRPC_RPM  gRPC_LAT   CPU(core) MEM(MiB) PODS
--------------------------------------------------------------------------------------
adservice            0.0       0.0        115.8     1.7        .12       252      2    
cartservice          0.0       0.0        203.2     24.1       .31       173      2    
checkoutservice      0.0       0.0        7.7       95.3       .09       101      2    
currencyservice      0.0       0.0        540.7     4.8        .57       221      2    
emailservice         0.0       0.0        7.7       1.9        .02       150      2    
frontend             199.7     414.8      0.0       0.0        1.17      224      2    
kubernetes-dashboard 0.0       0.0        0.0       0.0        0         7        1    
paymentservice       0.0       0.0        7.6       1.7        .02       123      2    
productcatalogservice 0.0       0.0        1133.9    1.8        .66       113      2    
recommendationservice 0.0       0.0        154.4     14.3       .42       178      2    
redis-cart           0.0       0.0        0.0       0.0        .04       81       2    
shippingservice      0.0       0.0        60.7      1.1        .08       94       2    

[2025-12-01 20:19:09]
SERVICE              HTTP_RPM  HTTP_LAT   gRPC_RPM  gRPC_LAT   CPU(core) MEM(MiB) PODS
--------------------------------------------------------------------------------------
adservice            0.0       0.0        112.4     1.7        .12       252      2    
cartservice          0.0       0.0        193.9     38.4       .33       173      2    
checkoutservice      0.0       0.0        7.4       127.0      .10       100      2    
currencyservice      0.0       0.0        539.2     5.4        .57       222      2    
emailservice         0.0       0.0        7.5       1.6        .02       150      2    
frontend             195.4     360.7      0.0       0.0        1.18      224      2    
kubernetes-dashboard 0.0       0.0        0.0       0.0        0         7        1    
paymentservice       0.0       0.0        7.4       1.9        .02       124      2    
productcatalogservice 0.0       0.0        1133.9    1.8        .67       113      2    
recommendationservice 0.0       0.0        149.8     15.7       .42       178      2    
redis-cart           0.0       0.0        0.0       0.0        .04       81       2    
shippingservice      0.0       0.0        60.1      1.3        .08       94       2    

[2025-12-01 20:19:21]
SERVICE              HTTP_RPM  HTTP_LAT   gRPC_RPM  gRPC_LAT   CPU(core) MEM(MiB) PODS
--------------------------------------------------------------------------------------
adservice            0.0       0.0        110.9     1.7        .11       252      2    
cartservice          0.0       0.0        193.9     38.4       .29       174      2    
checkoutservice      0.0       0.0        7.6       136.9      .11       100      2    
currencyservice      0.0       0.0        539.7     5.3        .56       223      2    
emailservice         0.0       0.0        7.5       1.8        .02       150      2    
frontend             194.8     386.7      0.0       0.0        1.18      225      2    
kubernetes-dashboard 0.0       0.0        0.0       0.0        0         7        1    
paymentservice       0.0       0.0        7.4       1.9        .02       124      2    
productcatalogservice 0.0       0.0        1125.0    2.5        .66       112      2    
recommendationservice 0.0       0.0        149.6     15.3       .40       178      2    
redis-cart           0.0       0.0        0.0       0.0        .04       81       2    
shippingservice      0.0       0.0        60.0      1.3        .07       93       2    

[2025-12-01 20:19:33]
SERVICE              HTTP_RPM  HTTP_LAT   gRPC_RPM  gRPC_LAT   CPU(core) MEM(MiB) PODS
--------------------------------------------------------------------------------------
adservice            0.0       0.0        110.8     1.7        .11       252      2    
cartservice          0.0       0.0        195.4     26.5       .29       174      2    
checkoutservice      0.0       0.0        7.6       134.1      .10       100      2    
currencyservice      0.0       0.0        540.1     5.2        .59       223      2    
emailservice         0.0       0.0        7.6       1.8        .02       150      2    
frontend             194.6     380.1      0.0       0.0        1.21      224      2    
kubernetes-dashboard 0.0       0.0        0.0       0.0        0         7        1    
paymentservice       0.0       0.0        7.7       2.0        .02       124      2    
productcatalogservice 0.0       0.0        1111.3    2.4        .67       112      2    
recommendationservice 0.0       0.0        148.9     14.9       .41       182      2    
redis-cart           0.0       0.0        0.0       0.0        .04       81       2    
shippingservice      0.0       0.0        60.3      1.3        .08       93       2    

[2025-12-01 20:19:44]
SERVICE              HTTP_RPM  HTTP_LAT   gRPC_RPM  gRPC_LAT   CPU(core) MEM(MiB) PODS
--------------------------------------------------------------------------------------
adservice            0.0       0.0        109.9     1.6        .12       252      2    
cartservice          0.0       0.0        190.1     31.0       .31       174      2    
checkoutservice      0.0       0.0        7.6       134.1      .10       100      2    
currencyservice      0.0       0.0        537.5     4.9        .59       223      2    
emailservice         0.0       0.0        7.4       1.7        .02       150      2    
frontend             192.6     354.2      0.0       0.0        1.21      224      2    
kubernetes-dashboard 0.0       0.0        0.0       0.0        0         7        1    
paymentservice       0.0       0.0        7.6       1.9        .02       124      2    
productcatalogservice 0.0       0.0        1117.8    2.2        .68       113      2    
recommendationservice 0.0       0.0        147.2     14.0       .41       182      2    
redis-cart           0.0       0.0        0.0       0.0        .04       81       2    
shippingservice      0.0       0.0        59.5      1.2        .07       93       2    

[2025-12-01 20:19:56]
SERVICE              HTTP_RPM  HTTP_LAT   gRPC_RPM  gRPC_LAT   CPU(core) MEM(MiB) PODS
--------------------------------------------------------------------------------------
adservice            0.0       0.0        111.6     1.4        .12       252      2    
cartservice          0.0       0.0        195.0     26.6       .31       174      2    
checkoutservice      0.0       0.0        7.5       119.4      .10       100      2    
currencyservice      0.0       0.0        542.6     4.3        .59       223      2    
emailservice         0.0       0.0        7.4       1.5        .02       149      2    
frontend             194.2     343.2      0.0       0.0        1.21      225      2    
kubernetes-dashboard 0.0       0.0        0.0       0.0        0         7        1    
paymentservice       0.0       0.0        7.3       1.7        .02       123      2    
productcatalogservice 0.0       0.0        1101.2    1.3        .68       113      2    
recommendationservice 0.0       0.0        148.2     12.7       .41       182      2    
redis-cart           0.0       0.0        0.0       0.0        .04       81       2    
shippingservice      0.0       0.0        59.4      0.9        .07       87       2    

[2025-12-01 20:20:08]
SERVICE              HTTP_RPM  HTTP_LAT   gRPC_RPM  gRPC_LAT   CPU(core) MEM(MiB) PODS
--------------------------------------------------------------------------------------
adservice            0.0       0.0        109.6     1.4        .12       252      2    
cartservice          0.0       0.0        183.8     26.8       .29       174      2    
checkoutservice      0.0       0.0        7.2       109.9      .11       100      2    
currencyservice      0.0       0.0        531.2     4.7        .59       221      2    
emailservice         0.0       0.0        7.1       1.6        .02       149      2    
frontend             187.1     311.0      0.0       0.0        1.15      227      2    
kubernetes-dashboard 0.0       0.0        0.0       0.0        0         7        1    
paymentservice       0.0       0.0        7.0       1.7        .02       129      2    
productcatalogservice 0.0       0.0        1101.2    1.3        .66       113      2    
recommendationservice 0.0       0.0        140.5     15.6       .41       182      2    
redis-cart           0.0       0.0        0.0       0.0        .04       81       2    
shippingservice      0.0       0.0        56.1      1.1        .07       87       2    

[2025-12-01 20:20:20]
SERVICE              HTTP_RPM  HTTP_LAT   gRPC_RPM  gRPC_LAT   CPU(core) MEM(MiB) PODS
--------------------------------------------------------------------------------------
adservice            0.0       0.0        104.8     1.7        .10       252      2    
cartservice          0.0       0.0        183.8     26.8       .25       174      2    
checkoutservice      0.0       0.0        6.9       130.8      .09       101      2    
currencyservice      0.0       0.0        506.1     4.9        .51       221      2    
emailservice         0.0       0.0        7.1       1.6        .02       149      2    
frontend             180.2     372.2      0.0       0.0        1.11      226      2    
kubernetes-dashboard 0.0       0.0        0.0       0.0        0         7        1    
paymentservice       0.0       0.0        7.0       1.6        .02       129      2    
productcatalogservice 0.0       0.0        1029.7    2.5        .61       112      2    
recommendationservice 0.0       0.0        138.1     17.5       .36       182      2    
redis-cart           0.0       0.0        0.0       0.0        .03       81       2    
shippingservice      0.0       0.0        55.0      1.1        .07       87       2    

[2025-12-01 20:20:31]
SERVICE              HTTP_RPM  HTTP_LAT   gRPC_RPM  gRPC_LAT   CPU(core) MEM(MiB) PODS
--------------------------------------------------------------------------------------
adservice            0.0       0.0        102.2     1.7        .10       252      2    
cartservice          0.0       0.0        176.2     36.2       .25       174      2    
checkoutservice      0.0       0.0        6.9       120.3      .09       101      2    
currencyservice      0.0       0.0        488.4     5.4        .51       221      2    
emailservice         0.0       0.0        6.7       1.6        .02       149      2    
frontend             175.1     408.1      0.0       0.0        1.06      225      2    
kubernetes-dashboard 0.0       0.0        0.0       0.0        0         7        1    
paymentservice       0.0       0.0        6.7       1.7        .02       130      2    
productcatalogservice 0.0       0.0        994.2     2.7        .60       113      2    
recommendationservice 0.0       0.0        133.7     21.4       .35       181      2    
redis-cart           0.0       0.0        0.0       0.0        .03       81       2    
shippingservice      0.0       0.0        53.8      1.1        .06       87       2    

[2025-12-01 20:20:43]
SERVICE              HTTP_RPM  HTTP_LAT   gRPC_RPM  gRPC_LAT   CPU(core) MEM(MiB) PODS
--------------------------------------------------------------------------------------
adservice            0.0       0.0        97.8      1.7        .10       252      2    
cartservice          0.0       0.0        168.3     33.4       .26       175      2    
checkoutservice      0.0       0.0        6.8       105.0      .08       101      2    
currencyservice      0.0       0.0        474.1     5.2        .50       226      2    
emailservice         0.0       0.0        6.6       1.6        .02       149      2    
frontend             169.1     416.8      0.0       0.0        1.06      225      2    
kubernetes-dashboard 0.0       0.0        0.0       0.0        0         7        1    
paymentservice       0.0       0.0        6.8       1.6        .02       130      2    
productcatalogservice 0.0       0.0        983.3     2.8        .60       113      2    
recommendationservice 0.0       0.0        130.0     21.7       .35       181      2    
redis-cart           0.0       0.0        0.0       0.0        .04       81       2    
shippingservice      0.0       0.0        52.1      1.1        .06       87       2    

[2025-12-01 20:20:54]
SERVICE              HTTP_RPM  HTTP_LAT   gRPC_RPM  gRPC_LAT   CPU(core) MEM(MiB) PODS
--------------------------------------------------------------------------------------
adservice            0.0       0.0        99.8      1.5        .10       253      2    
cartservice          0.0       0.0        173.2     31.7       .28       174      2    
checkoutservice      0.0       0.0        6.8       101.3      .09       101      2    
currencyservice      0.0       0.0        477.3     4.9        .56       225      2    
emailservice         0.0       0.0        6.8       1.4        .02       149      2    
frontend             171.0     402.7      0.0       0.0        1.12      228      2    
kubernetes-dashboard 0.0       0.0        0.0       0.0        0         7        1    
paymentservice       0.0       0.0        6.7       1.6        .02       129      2    
productcatalogservice 0.0       0.0        983.3     2.8        .62       112      2    
recommendationservice 0.0       0.0        131.5     17.7       .37       181      2    
redis-cart           0.0       0.0        0.0       0.0        .04       81       2    
shippingservice      0.0       0.0        52.7      0.9        .06       87       2    

[2025-12-01 20:21:07]
SERVICE              HTTP_RPM  HTTP_LAT   gRPC_RPM  gRPC_LAT   CPU(core) MEM(MiB) PODS
--------------------------------------------------------------------------------------
adservice            0.0       0.0        97.8      1.4        .11       255      2    
cartservice          0.0       0.0        169.0     24.6       .31       174      2    
checkoutservice      0.0       0.0        6.5       81.3       .10       99       2    
currencyservice      0.0       0.0        476.9     4.6        .55       225      2    
emailservice         0.0       0.0        6.5       1.5        .02       149      2    
frontend             164.8     291.9      0.0       0.0        1.12      228      2    
kubernetes-dashboard 0.0       0.0        0.0       0.0        0         7        1    
paymentservice       0.0       0.0        6.7       1.6        .02       129      2    
productcatalogservice 0.0       0.0        977.0     1.3        .66       113      2    
recommendationservice 0.0       0.0        124.0     12.6       .37       181      2    
redis-cart           0.0       0.0        0.0       0.0        .04       86       2    
shippingservice      0.0       0.0        51.3      1.1        .07       88       2    

[2025-12-01 20:21:19]
SERVICE              HTTP_RPM  HTTP_LAT   gRPC_RPM  gRPC_LAT   CPU(core) MEM(MiB) PODS
--------------------------------------------------------------------------------------
adservice            0.0       0.0        90.6      1.4        .10       255      2    
cartservice          0.0       0.0        162.8     19.8       .28       174      2    
checkoutservice      0.0       0.0        5.9       83.7       .07       99       2    
currencyservice      0.0       0.0        447.6     3.8        .49       226      2    
emailservice         0.0       0.0        6.5       1.5        .02       149      2    
frontend             159.2     259.3      0.0       0.0        1.06      227      2    
kubernetes-dashboard 0.0       0.0        0.0       0.0        0         7        1    
paymentservice       0.0       0.0        6.1       1.8        .01       129      2    
productcatalogservice 0.0       0.0        915.5     1.3        .60       112      2    
recommendationservice 0.0       0.0        124.0     12.6       .34       182      2    
redis-cart           0.0       0.0        0.0       0.0        .04       91       2    
shippingservice      0.0       0.0        49.6      1.1        .06       87       2    

[2025-12-01 20:21:30]
SERVICE              HTTP_RPM  HTTP_LAT   gRPC_RPM  gRPC_LAT   CPU(core) MEM(MiB) PODS
--------------------------------------------------------------------------------------
adservice            0.0       0.0        87.5      1.4        .10       255      2    
cartservice          0.0       0.0        152.1     13.2       .28       174      2    
checkoutservice      0.0       0.0        5.6       78.5       .07       99       2    
currencyservice      0.0       0.0        425.4     3.7        .49       226      2    
emailservice         0.0       0.0        5.7       1.5        .02       149      2    
frontend             148.4     205.1      0.0       0.0        1.06      227      2    
kubernetes-dashboard 0.0       0.0        0.0       0.0        0         7        1    
paymentservice       0.0       0.0        5.4       1.9        .01       130      2    
productcatalogservice 0.0       0.0        848.4     1.1        .62       112      2    
recommendationservice 0.0       0.0        115.6     11.0       .33       182      2    
redis-cart           0.0       0.0        0.0       0.0        .04       91       2    
shippingservice      0.0       0.0        45.8      1.0        .06       87       2    

[2025-12-01 20:21:42]
SERVICE              HTTP_RPM  HTTP_LAT   gRPC_RPM  gRPC_LAT   CPU(core) MEM(MiB) PODS
--------------------------------------------------------------------------------------
adservice            0.0       0.0        80.8      1.3        .10       255      2    
cartservice          0.0       0.0        140.7     9.8        .31       174      2    
checkoutservice      0.0       0.0        5.2       72.8       .07       99       2    
currencyservice      0.0       0.0        402.4     2.9        .50       228      2    
emailservice         0.0       0.0        5.1       1.5        .02       150      2    
frontend             142.5     189.5      0.0       0.0        1.07      227      2    
kubernetes-dashboard 0.0       0.0        0.0       0.0        0         7        1    
paymentservice       0.0       0.0        5.1       1.8        .01       130      2    
productcatalogservice 0.0       0.0        826.4     1.0        .62       112      2    
recommendationservice 0.0       0.0        108.5     10.3       .33       182      2    
redis-cart           0.0       0.0        0.0       0.0        .04       91       2    
shippingservice      0.0       0.0        43.8      1.0        .06       88       2    

[2025-12-01 20:21:54]
SERVICE              HTTP_RPM  HTTP_LAT   gRPC_RPM  gRPC_LAT   CPU(core) MEM(MiB) PODS
--------------------------------------------------------------------------------------
adservice            0.0       0.0        80.5      1.1        .10       255      2    
cartservice          0.0       0.0        141.9     7.9        .31       174      2    
checkoutservice      0.0       0.0        5.5       65.5       .08       98       2    
currencyservice      0.0       0.0        399.7     2.5        .53       228      2    
emailservice         0.0       0.0        5.1       1.5        .02       149      2    
frontend             141.5     156.3      0.0       0.0        1.09      233      2    
kubernetes-dashboard 0.0       0.0        0.0       0.0        0         7        1    
paymentservice       0.0       0.0        5.6       1.4        .01       131      2    
productcatalogservice 0.0       0.0        826.4     1.0        .64       112      2    
recommendationservice 0.0       0.0        108.6     8.8        .34       182      2    
redis-cart           0.0       0.0        0.0       0.0        .04       91       2    
shippingservice      0.0       0.0        44.1      0.7        .06       88       2    

[2025-12-01 20:22:06]
SERVICE              HTTP_RPM  HTTP_LAT   gRPC_RPM  gRPC_LAT   CPU(core) MEM(MiB) PODS
--------------------------------------------------------------------------------------
adservice            0.0       0.0        80.2      1.1        .10       255      2    
cartservice          0.0       0.0        141.9     7.9        .27       174      2    
checkoutservice      0.0       0.0        5.4       73.6       .07       98       2    
currencyservice      0.0       0.0        402.8     2.6        .52       229      2    
emailservice         0.0       0.0        5.6       1.9        .02       149      2    
frontend             138.5     137.6      0.0       0.0        1.07      232      2    
kubernetes-dashboard 0.0       0.0        0.0       0.0        0         7        1    
paymentservice       0.0       0.0        5.6       1.4        .01       130      2    
productcatalogservice 0.0       0.0        806.4     0.6        .64       112      2    
recommendationservice 0.0       0.0        107.0     9.4        .32       182      2    
redis-cart           0.0       0.0        0.0       0.0        .04       91       2    
shippingservice      0.0       0.0        42.5      0.9        .06       88       2    

[2025-12-01 20:22:17]
SERVICE              HTTP_RPM  HTTP_LAT   gRPC_RPM  gRPC_LAT   CPU(core) MEM(MiB) PODS
--------------------------------------------------------------------------------------
adservice            0.0       0.0        78.9      1.3        .10       255      2    
cartservice          0.0       0.0        136.9     16.4       .27       174      2    
checkoutservice      0.0       0.0        5.1       82.8       .07       98       2    
currencyservice      0.0       0.0        394.7     2.7        .52       227      2    
emailservice         0.0       0.0        5.3       1.9        .02       149      2    
frontend             134.2     155.7      0.0       0.0        .99       233      2    
kubernetes-dashboard 0.0       0.0        0.0       0.0        0         7        1    
paymentservice       0.0       0.0        5.3       1.5        .01       129      2    
productcatalogservice 0.0       0.0        781.4     1.0        .59       112      2    
recommendationservice 0.0       0.0        103.6     10.6       .30       185      2    
redis-cart           0.0       0.0        0.0       0.0        .03       91       2    
shippingservice      0.0       0.0        41.6      0.9        .05       92       2    

[2025-12-01 20:22:28]
SERVICE              HTTP_RPM  HTTP_LAT   gRPC_RPM  gRPC_LAT   CPU(core) MEM(MiB) PODS
--------------------------------------------------------------------------------------
adservice            0.0       0.0        76.9      1.4        .09       261      2    
cartservice          0.0       0.0        131.5     27.7       .23       171      2    
checkoutservice      0.0       0.0        5.0       94.8       .07       98       2    
currencyservice      0.0       0.0        374.5     2.6        .49       227      2    
emailservice         0.0       0.0        4.6       2.0        .02       149      2    
frontend             132.7     163.6      0.0       0.0        .99       233      2    
kubernetes-dashboard 0.0       0.0        0.0       0.0        0         7        1    
paymentservice       0.0       0.0        4.9       1.5        .01       129      2    
productcatalogservice 0.0       0.0        746.3     1.1        .59       112      2    
recommendationservice 0.0       0.0        100.1     10.7       .30       185      2    
redis-cart           0.0       0.0        0.0       0.0        .03       92       2    
shippingservice      0.0       0.0        39.3      0.9        .05       92       2    

[2025-12-01 20:22:39]
SERVICE              HTTP_RPM  HTTP_LAT   gRPC_RPM  gRPC_LAT   CPU(core) MEM(MiB) PODS
--------------------------------------------------------------------------------------
adservice            0.0       0.0        75.2      1.4        .09       261      2    
cartservice          0.0       0.0        126.0     41.7       .23       171      2    
checkoutservice      0.0       0.0        4.4       137.3      .06       98       2    
currencyservice      0.0       0.0        367.2     2.7        .47       227      2    
emailservice         0.0       0.0        4.6       2.0        .02       149      2    
frontend             127.8     175.1      0.0       0.0        .96       233      2    
kubernetes-dashboard 0.0       0.0        0.0       0.0        0         7        1    
paymentservice       0.0       0.0        4.6       1.6        .01       129      2    
productcatalogservice 0.0       0.0        746.3     1.1        .57       113      2    
recommendationservice 0.0       0.0        97.6      10.8       .30       185      2    
redis-cart           0.0       0.0        0.0       0.0        .03       92       2    
shippingservice      0.0       0.0        37.6      0.9        .05       92       2    

[2025-12-01 20:22:51]
SERVICE              HTTP_RPM  HTTP_LAT   gRPC_RPM  gRPC_LAT   CPU(core) MEM(MiB) PODS
--------------------------------------------------------------------------------------
adservice            0.0       0.0        75.0      1.4        .09       261      2    
cartservice          0.0       0.0        126.0     41.7       .25       171      2    
checkoutservice      0.0       0.0        4.8       127.1      .07       99       2    
currencyservice      0.0       0.0        362.7     2.5        .48       226      2    
emailservice         0.0       0.0        4.7       1.7        .02       149      2    
frontend             128.8     174.5      0.0       0.0        .98       233      2    
kubernetes-dashboard 0.0       0.0        0.0       0.0        0         7        1    
paymentservice       0.0       0.0        4.6       1.6        .01       130      2    
productcatalogservice 0.0       0.0        746.5     1.1        .57       113      2    
recommendationservice 0.0       0.0        98.4      10.2       .30       185      2    
redis-cart           0.0       0.0        0.0       0.0        .03       93       2    
shippingservice      0.0       0.0        38.7      0.7        .05       92       2    

[2025-12-01 20:23:02]
SERVICE              HTTP_RPM  HTTP_LAT   gRPC_RPM  gRPC_LAT   CPU(core) MEM(MiB) PODS
--------------------------------------------------------------------------------------
adservice            0.0       0.0        75.7      1.1        .09       261      2    
cartservice          0.0       0.0        129.1     33.6       .25       171      2    
checkoutservice      0.0       0.0        4.6       116.7      .07       99       2    
currencyservice      0.0       0.0        365.8     2.3        .50       228      2    
emailservice         0.0       0.0        4.8       1.7        .02       149      2    
frontend             127.6     133.4      0.0       0.0        1.03      233      2    
kubernetes-dashboard 0.0       0.0        0.0       0.0        0         7        1    
paymentservice       0.0       0.0        4.9       1.4        .01       130      2    
productcatalogservice 0.0       0.0        727.9     0.5        .60       118      2    
recommendationservice 0.0       0.0        99.4      8.7        .31       183      2    
redis-cart           0.0       0.0        0.0       0.0        .03       93       2    
shippingservice      0.0       0.0        38.7      0.7        .05       93       2    

[2025-12-01 20:23:13]
SERVICE              HTTP_RPM  HTTP_LAT   gRPC_RPM  gRPC_LAT   CPU(core) MEM(MiB) PODS
--------------------------------------------------------------------------------------
adservice            0.0       0.0        72.3      1.1        .09       261      2    
cartservice          0.0       0.0        121.9     24.8       .28       171      2    
checkoutservice      0.0       0.0        4.8       106.0      .07       99       2    
currencyservice      0.0       0.0        351.3     2.6        .50       228      2    
emailservice         0.0       0.0        4.7       2.5        .02       149      2    
frontend             124.6     126.9      0.0       0.0        1.03      233      2    
kubernetes-dashboard 0.0       0.0        0.0       0.0        0         7        1    
paymentservice       0.0       0.0        4.6       1.4        .01       130      2    
productcatalogservice 0.0       0.0        701.6     0.8        .60       118      2    
recommendationservice 0.0       0.0        93.4      9.9        .26       184      2    
redis-cart           0.0       0.0        0.0       0.0        .03       93       2    
shippingservice      0.0       0.0        37.1      0.7        .04       93       2    

[2025-12-01 20:23:25]
SERVICE              HTTP_RPM  HTTP_LAT   gRPC_RPM  gRPC_LAT   CPU(core) MEM(MiB) PODS
--------------------------------------------------------------------------------------
adservice            0.0       0.0        66.5      1.1        .08       261      2    
cartservice          0.0       0.0        117.6     11.6       .23       171      2    
checkoutservice      0.0       0.0        4.8       70.0       .06       97       2    
currencyservice      0.0       0.0        344.4     2.6        .43       227      2    
emailservice         0.0       0.0        4.9       2.5        .02       149      2    
frontend             119.3     131.6      0.0       0.0        .91       233      2    
kubernetes-dashboard 0.0       0.0        0.0       0.0        0         7        1    
paymentservice       0.0       0.0        4.4       1.4        .01       130      2    
productcatalogservice 0.0       0.0        701.6     0.8        .54       118      2    
recommendationservice 0.0       0.0        88.4      9.8        .26       184      2    
redis-cart           0.0       0.0        0.0       0.0        .03       93       2    
shippingservice      0.0       0.0        36.4      0.7        .04       93       2    

[2025-12-01 20:23:36]
SERVICE              HTTP_RPM  HTTP_LAT   gRPC_RPM  gRPC_LAT   CPU(core) MEM(MiB) PODS
--------------------------------------------------------------------------------------
adservice            0.0       0.0        64.5      1.1        .07       261      2    
cartservice          0.0       0.0        117.6     11.6       .22       171      2    
checkoutservice      0.0       0.0        4.2       68.8       .07       97       2    
currencyservice      0.0       0.0        327.2     2.4        .43       227      2    
emailservice         0.0       0.0        4.4       2.6        .02       150      2    
frontend             110.1     132.1      0.0       0.0        .87       233      2    
kubernetes-dashboard 0.0       0.0        0.0       0.0        0         7        1    
paymentservice       0.0       0.0        4.4       1.4        .01       130      2    
productcatalogservice 0.0       0.0        652.2     0.8        .53       119      2    
recommendationservice 0.0       0.0        85.6      9.9        .27       183      2    
redis-cart           0.0       0.0        0.0       0.0        .03       93       2    
shippingservice      0.0       0.0        35.0      0.7        .05       93       2    

[2025-12-01 20:23:47]
SERVICE              HTTP_RPM  HTTP_LAT   gRPC_RPM  gRPC_LAT   CPU(core) MEM(MiB) PODS
--------------------------------------------------------------------------------------
adservice            0.0       0.0        62.2      1.1        .07       261      2    
cartservice          0.0       0.0        109.8     10.2       .22       171      2    
checkoutservice      0.0       0.0        4.1       78.6       .06       97       2    
currencyservice      0.0       0.0        316.6     2.4        .44       231      2    
emailservice         0.0       0.0        4.2       2.6        .02       150      2    
frontend             109.6     141.0      0.0       0.0        .92       233      2    
kubernetes-dashboard 0.0       0.0        0.0       0.0        0         7        1    
paymentservice       0.0       0.0        4.0       1.6        .01       131      2    
productcatalogservice 0.0       0.0        634.5     0.8        .54       119      2    
recommendationservice 0.0       0.0        82.8      9.8        .26       183      2    
redis-cart           0.0       0.0        0.0       0.0        .03       93       2    
shippingservice      0.0       0.0        34.3      0.7        .05       93       2    

[2025-12-01 20:23:59]
SERVICE              HTTP_RPM  HTTP_LAT   gRPC_RPM  gRPC_LAT   CPU(core) MEM(MiB) PODS
--------------------------------------------------------------------------------------
adservice            0.0       0.0        60.5      1.0        .08       261      2    
cartservice          0.0       0.0        108.8     15.5       .23       171      2    
checkoutservice      0.0       0.0        4.1       78.6       .06       97       2    
currencyservice      0.0       0.0        332.1     2.2        .44       231      2    
emailservice         0.0       0.0        4.0       1.6        .02       150      2    
frontend             110.0     151.7      0.0       0.0        .92       233      2    
kubernetes-dashboard 0.0       0.0        0.0       0.0        0         7        1    
paymentservice       0.0       0.0        3.8       1.5        .01       125      2    
productcatalogservice 0.0       0.0        641.0     0.6        .54       119      2    
recommendationservice 0.0       0.0        83.5      7.9        .26       183      2    
redis-cart           0.0       0.0        0.0       0.0        .03       93       2    
shippingservice      0.0       0.0        34.3      0.6        .05       93       2    

[2025-12-01 20:24:11]
SERVICE              HTTP_RPM  HTTP_LAT   gRPC_RPM  gRPC_LAT   CPU(core) MEM(MiB) PODS
--------------------------------------------------------------------------------------
adservice            0.0       0.0        67.6      1.4        .08       261      2    
cartservice          0.0       0.0        114.8     54.8       .22       171      2    
checkoutservice      0.0       0.0        3.8       116.1      .04       96       2    
currencyservice      0.0       0.0        359.4     4.1        .45       224      2    
emailservice         0.0       0.0        3.9       1.5        .01       150      2    
frontend             114.1     197.9      0.0       0.0        .92       234      2    
kubernetes-dashboard 0.0       0.0        0.0       0.0        0         7        1    
paymentservice       0.0       0.0        3.9       1.7        .01       125      2    
productcatalogservice 0.0       0.0        673.7     0.7        .54       119      2    
recommendationservice 0.0       0.0        89.7      11.9       .26       183      2    
redis-cart           0.0       0.0        0.0       0.0        .03       93       2    
shippingservice      0.0       0.0        35.4      0.9        .05       93       2    

[2025-12-01 20:24:22]
SERVICE              HTTP_RPM  HTTP_LAT   gRPC_RPM  gRPC_LAT   CPU(core) MEM(MiB) PODS
--------------------------------------------------------------------------------------
adservice            0.0       0.0        70.5      1.4        .09       261      2    
cartservice          0.0       0.0        126.2     52.1       .25       170      2    
checkoutservice      0.0       0.0        4.1       116.9      .06       97       2    
currencyservice      0.0       0.0        365.4     4.4        .45       224      2    
emailservice         0.0       0.0        3.9       1.6        .02       150      2    
frontend             125.3     228.1      0.0       0.0        .92       233      2    
kubernetes-dashboard 0.0       0.0        0.0       0.0        0         7        1    
paymentservice       0.0       0.0        3.9       1.7        .01       126      2    
productcatalogservice 0.0       0.0        704.2     1.2        .52       119      2    
recommendationservice 0.0       0.0        97.6      12.4       .30       183      2    
redis-cart           0.0       0.0        0.0       0.0        .03       93       2    
shippingservice      0.0       0.0        36.5      0.9        .05       93       2    

[2025-12-01 20:24:34]
SERVICE              HTTP_RPM  HTTP_LAT   gRPC_RPM  gRPC_LAT   CPU(core) MEM(MiB) PODS
--------------------------------------------------------------------------------------
adservice            0.0       0.0        77.5      1.5        .09       255      2    
cartservice          0.0       0.0        126.2     52.1       .27       170      2    
checkoutservice      0.0       0.0        4.6       108.8      .08       97       2    
currencyservice      0.0       0.0        390.3     4.7        .47       224      2    
emailservice         0.0       0.0        4.2       1.6        .02       150      2    
frontend             129.6     241.5      0.0       0.0        1.03      233      2    
kubernetes-dashboard 0.0       0.0        0.0       0.0        0         7        1    
paymentservice       0.0       0.0        4.4       1.5        .01       125      2    
productcatalogservice 0.0       0.0        757.1     1.2        .57       119      2    
recommendationservice 0.0       0.0        97.6      12.4       .33       184      2    
redis-cart           0.0       0.0        0.0       0.0        .03       91       2    
shippingservice      0.0       0.0        38.6      0.9        .06       93       2    

[2025-12-01 20:24:45]
SERVICE              HTTP_RPM  HTTP_LAT   gRPC_RPM  gRPC_LAT   CPU(core) MEM(MiB) PODS
--------------------------------------------------------------------------------------
adservice            0.0       0.0        80.9      1.4        .09       255      2    
cartservice          0.0       0.0        137.1     44.2       .27       170      2    
checkoutservice      0.0       0.0        4.7       90.4       .08       97       2    
currencyservice      0.0       0.0        393.5     4.5        .47       224      2    
emailservice         0.0       0.0        4.8       1.7        .02       150      2    
frontend             138.1     205.8      0.0       0.0        1.03      233      2    
kubernetes-dashboard 0.0       0.0        0.0       0.0        0         7        1    
paymentservice       0.0       0.0        5.0       1.5        .02       131      2    
productcatalogservice 0.0       0.0        800.0     1.1        .61       119      2    
recommendationservice 0.0       0.0        105.5     12.3       .32       181      2    
redis-cart           0.0       0.0        0.0       0.0        .03       91       2    
shippingservice      0.0       0.0        40.7      0.9        .05       93       2    

[2025-12-01 20:24:57]
SERVICE              HTTP_RPM  HTTP_LAT   gRPC_RPM  gRPC_LAT   CPU(core) MEM(MiB) PODS
--------------------------------------------------------------------------------------
adservice            0.0       0.0        81.2      1.1        .09       255      2    
cartservice          0.0       0.0        141.8     12.2       .27       170      2    
checkoutservice      0.0       0.0        5.1       80.7       .07       97       2    
currencyservice      0.0       0.0        409.4     3.0        .52       224      2    
emailservice         0.0       0.0        5.1       1.6        .02       153      2    
frontend             139.6     168.6      0.0       0.0        1.04      228      2    
kubernetes-dashboard 0.0       0.0        0.0       0.0        0         7        1    
paymentservice       0.0       0.0        5.2       1.5        .02       131      2    
productcatalogservice 0.0       0.0        819.6     0.7        .61       119      2    
recommendationservice 0.0       0.0        108.8     9.1        .32       181      2    
redis-cart           0.0       0.0        0.0       0.0        .03       85       2    
shippingservice      0.0       0.0        43.9      0.7        .06       93       2    

[2025-12-01 20:25:09]
SERVICE              HTTP_RPM  HTTP_LAT   gRPC_RPM  gRPC_LAT   CPU(core) MEM(MiB) PODS
--------------------------------------------------------------------------------------
adservice            0.0       0.0        85.7      1.3        .10       255      2    
cartservice          0.0       0.0        146.7     35.7       .27       170      2    
checkoutservice      0.0       0.0        5.3       107.0      .07       97       2    
currencyservice      0.0       0.0        433.4     4.9        .54       226      2    
emailservice         0.0       0.0        5.5       1.6        .02       153      2    
frontend             148.2     215.6      0.0       0.0        1.08      226      2    
kubernetes-dashboard 0.0       0.0        0.0       0.0        0         7        1    
paymentservice       0.0       0.0        5.7       1.5        .02       131      2    
productcatalogservice 0.0       0.0        819.6     0.7        .61       119      2    
recommendationservice 0.0       0.0        114.9     16.2       .35       182      2    
redis-cart           0.0       0.0        0.0       0.0        .04       85       2    
shippingservice      0.0       0.0        45.6      0.8        .06       93       2    

[2025-12-01 20:25:21]
SERVICE              HTTP_RPM  HTTP_LAT   gRPC_RPM  gRPC_LAT   CPU(core) MEM(MiB) PODS
--------------------------------------------------------------------------------------
adservice            0.0       0.0        89.4      1.4        .10       253      2    
cartservice          0.0       0.0        146.7     35.7       .24       170      2    
checkoutservice      0.0       0.0        5.8       112.3      .07       97       2    
currencyservice      0.0       0.0        451.8     5.8        .49       223      2    
emailservice         0.0       0.0        6.0       1.5        .02       153      2    
frontend             158.3     312.4      0.0       0.0        1.04      228      2    
kubernetes-dashboard 0.0       0.0        0.0       0.0        0         7        1    
paymentservice       0.0       0.0        5.7       1.5        .01       132      2    
productcatalogservice 0.0       0.0        877.5     1.5        .59       118      2    
recommendationservice 0.0       0.0        119.0     16.1       .34       182      2    
redis-cart           0.0       0.0        0.0       0.0        .03       85       2    
shippingservice      0.0       0.0        47.9      0.9        .06       93       2    

[2025-12-01 20:25:33]
SERVICE              HTTP_RPM  HTTP_LAT   gRPC_RPM  gRPC_LAT   CPU(core) MEM(MiB) PODS
--------------------------------------------------------------------------------------
adservice            0.0       0.0        92.7      1.5        .10       253      2    
cartservice          0.0       0.0        161.8     36.3       .24       170      2    
checkoutservice      0.0       0.0        6.7       106.8      .09       97       2    
currencyservice      0.0       0.0        468.8     5.7        .54       224      2    
emailservice         0.0       0.0        6.4       1.4        .02       153      2    
frontend             163.8     333.1      0.0       0.0        1.13      226      2    
kubernetes-dashboard 0.0       0.0        0.0       0.0        0         7        1    
paymentservice       0.0       0.0        6.6       1.6        .02       131      2    
productcatalogservice 0.0       0.0        941.4     1.7        .63       118      2    
recommendationservice 0.0       0.0        123.6     17.0       .39       182      2    
redis-cart           0.0       0.0        0.0       0.0        .04       85       2    
shippingservice      0.0       0.0        50.5      0.9        .07       93       2    

[2025-12-01 20:25:44]
SERVICE              HTTP_RPM  HTTP_LAT   gRPC_RPM  gRPC_LAT   CPU(core) MEM(MiB) PODS
--------------------------------------------------------------------------------------
adservice            0.0       0.0        98.6      1.5        .11       253      2    
cartservice          0.0       0.0        171.2     39.2       .32       171      2    
checkoutservice      0.0       0.0        6.7       106.8      .09       97       2    
currencyservice      0.0       0.0        472.0     5.7        .54       224      2    
emailservice         0.0       0.0        6.8       1.4        .02       153      2    
frontend             171.7     339.7      0.0       0.0        1.13      226      2    
kubernetes-dashboard 0.0       0.0        0.0       0.0        0         7        1    
paymentservice       0.0       0.0        6.9       1.6        .02       131      2    
productcatalogservice 0.0       0.0        981.8     1.7        .65       118      2    
recommendationservice 0.0       0.0        129.6     17.6       .38       180      2    
redis-cart           0.0       0.0        0.0       0.0        .04       85       2    
shippingservice      0.0       0.0        52.4      1.0        .07       93       2    

[2025-12-01 20:25:56]
SERVICE              HTTP_RPM  HTTP_LAT   gRPC_RPM  gRPC_LAT   CPU(core) MEM(MiB) PODS
--------------------------------------------------------------------------------------
adservice            0.0       0.0        99.7      1.4        .11       253      2    
cartservice          0.0       0.0        174.5     27.9       .26       171      2    
checkoutservice      0.0       0.0        7.0       112.3      .09       98       2    
currencyservice      0.0       0.0        495.8     4.2        .55       225      2    
emailservice         0.0       0.0        6.7       1.5        .02       153      2    
frontend             171.6     309.2      0.0       0.0        1.11      225      2    
kubernetes-dashboard 0.0       0.0        0.0       0.0        0         7        1    
paymentservice       0.0       0.0        6.5       1.5        .02       133      2    
productcatalogservice 0.0       0.0        981.8     1.7        .65       118      2    
recommendationservice 0.0       0.0        133.1     11.7       .38       180      2    
redis-cart           0.0       0.0        0.0       0.0        .04       85       2    
shippingservice      0.0       0.0        53.7      0.9        .07       93       2    

[2025-12-01 20:26:08]
SERVICE              HTTP_RPM  HTTP_LAT   gRPC_RPM  gRPC_LAT   CPU(core) MEM(MiB) PODS
--------------------------------------------------------------------------------------
adservice            0.0       0.0        101.1     1.3        .11       253      2    
cartservice          0.0       0.0        181.2     28.1       .29       171      2    
checkoutservice      0.0       0.0        6.5       113.4      .09       97       2    
currencyservice      0.0       0.0        520.6     6.6        .56       222      2    
emailservice         0.0       0.0        6.6       1.7        .02       153      2    
frontend             181.3     315.8      0.0       0.0        1.14      225      2    
kubernetes-dashboard 0.0       0.0        0.0       0.0        0         7        1    
paymentservice       0.0       0.0        6.4       1.9        .02       130      2    
productcatalogservice 0.0       0.0        1004.2    1.3        .64       118      2    
recommendationservice 0.0       0.0        138.8     17.5       .38       180      2    
redis-cart           0.0       0.0        0.0       0.0        .04       85       2    
shippingservice      0.0       0.0        55.9      1.1        .06       89       2    

[2025-12-01 20:26:20]
SERVICE              HTTP_RPM  HTTP_LAT   gRPC_RPM  gRPC_LAT   CPU(core) MEM(MiB) PODS
--------------------------------------------------------------------------------------
adservice            0.0       0.0        108.5     1.6        .11       253      2    
cartservice          0.0       0.0        181.2     28.1       .28       171      2    
checkoutservice      0.0       0.0        7.2       121.6      .09       98       2    
currencyservice      0.0       0.0        546.8     7.8        .56       225      2    
emailservice         0.0       0.0        7.0       1.7        .03       153      2    
frontend             184.1     426.6      0.0       0.0        1.15      228      2    
kubernetes-dashboard 0.0       0.0        0.0       0.0        0         7        1    
paymentservice       0.0       0.0        6.9       1.9        .02       130      2    
productcatalogservice 0.0       0.0        1056.3    2.1        .63       118      2    
recommendationservice 0.0       0.0        142.8     17.5       .38       180      2    
redis-cart           0.0       0.0        0.0       0.0        .04       85       2    
shippingservice      0.0       0.0        57.3      1.1        .07       89       2    

[2025-12-01 20:26:32]
SERVICE              HTTP_RPM  HTTP_LAT   gRPC_RPM  gRPC_LAT   CPU(core) MEM(MiB) PODS
--------------------------------------------------------------------------------------
adservice            0.0       0.0        111.6     1.7        .11       253      2    
cartservice          0.0       0.0        192.0     24.2       .28       171      2    
checkoutservice      0.0       0.0        7.4       107.6      .09       98       2    
currencyservice      0.0       0.0        566.7     7.8        .56       228      2    
emailservice         0.0       0.0        7.4       1.6        .02       153      2    
frontend             196.3     448.8      0.0       0.0        1.21      228      2    
kubernetes-dashboard 0.0       0.0        0.0       0.0        0         7        1    
paymentservice       0.0       0.0        7.5       1.9        .02       131      2    
productcatalogservice 0.0       0.0        1124.6    2.2        .68       118      2    
recommendationservice 0.0       0.0        147.9     18.0       .44       180      2    
redis-cart           0.0       0.0        0.0       0.0        .04       81       2    
shippingservice      0.0       0.0        59.4      1.1        .08       89       2    

[2025-12-01 20:26:43]
SERVICE              HTTP_RPM  HTTP_LAT   gRPC_RPM  gRPC_LAT   CPU(core) MEM(MiB) PODS
--------------------------------------------------------------------------------------
adservice            0.0       0.0        119.2     1.7        .12       251      2    
cartservice          0.0       0.0        205.2     20.3       .32       171      2    
checkoutservice      0.0       0.0        7.5       103.6      .11       97       2    
currencyservice      0.0       0.0        572.1     7.8        .59       228      2    
emailservice         0.0       0.0        7.9       1.6        .02       153      2    
frontend             202.7     455.1      0.0       0.0        1.21      228      2    
kubernetes-dashboard 0.0       0.0        0.0       0.0        0         7        1    
paymentservice       0.0       0.0        8.1       2.0        .02       131      2    
productcatalogservice 0.0       0.0        1177.6    2.2        .68       118      2    
recommendationservice 0.0       0.0        155.8     19.4       .43       180      2    
redis-cart           0.0       0.0        0.0       0.0        .04       81       2    
shippingservice      0.0       0.0        62.9      1.2        .08       89       2    

[2025-12-01 20:26:55]
SERVICE              HTTP_RPM  HTTP_LAT   gRPC_RPM  gRPC_LAT   CPU(core) MEM(MiB) PODS
--------------------------------------------------------------------------------------
adservice            0.0       0.0        119.6     1.5        .12       254      2    
cartservice          0.0       0.0        208.5     23.1       .31       171      2    
checkoutservice      0.0       0.0        8.3       109.8      .10       98       2    
currencyservice      0.0       0.0        565.1     5.8        .58       225      2    
emailservice         0.0       0.0        8.1       1.5        .02       153      2    
frontend             206.3     429.3      0.0       0.0        1.21      227      2    
kubernetes-dashboard 0.0       0.0        0.0       0.0        0         7        1    
paymentservice       0.0       0.0        8.1       1.6        .02       131      2    
productcatalogservice 0.0       0.0        1177.6    2.2        .68       119      2    
recommendationservice 0.0       0.0        160.5     14.8       .43       180      2    
redis-cart           0.0       0.0        0.0       0.0        .04       81       2    
shippingservice      0.0       0.0        65.6      1.0        .08       89       2    

[2025-12-01 20:27:07]
SERVICE              HTTP_RPM  HTTP_LAT   gRPC_RPM  gRPC_LAT   CPU(core) MEM(MiB) PODS
--------------------------------------------------------------------------------------
adservice            0.0       0.0        120.4     1.5        .12       252      2    
cartservice          0.0       0.0        208.5     23.1       .30       171      2    
checkoutservice      0.0       0.0        8.1       110.5      .11       97       2    
currencyservice      0.0       0.0        599.9     6.5        .61       225      2    
emailservice         0.0       0.0        8.0       1.6        .02       153      2    
frontend             212.1     420.4      0.0       0.0        1.21      227      2    
kubernetes-dashboard 0.0       0.0        0.0       0.0        0         7        1    
paymentservice       0.0       0.0        8.1       1.6        .02       132      2    
productcatalogservice 0.0       0.0        1205.4    1.8        .67       119      2    
recommendationservice 0.0       0.0        165.2     19.3       .44       180      2    
redis-cart           0.0       0.0        0.0       0.0        .04       81       2    
shippingservice      0.0       0.0        66.5      1.2        .08       89       2    

[2025-12-01 20:27:19]
SERVICE              HTTP_RPM  HTTP_LAT   gRPC_RPM  gRPC_LAT   CPU(core) MEM(MiB) PODS
--------------------------------------------------------------------------------------
adservice            0.0       0.0        124.1     1.8        .12       251      2    
cartservice          0.0       0.0        215.0     24.1       .29       171      2    
checkoutservice      0.0       0.0        8.6       169.0      .11       100      2    
currencyservice      0.0       0.0        616.6     7.5        .58       226      2    
emailservice         0.0       0.0        8.2       1.7        .02       153      2    
frontend             214.0     482.9      0.0       0.0        1.23      227      2    
kubernetes-dashboard 0.0       0.0        0.0       0.0        0         7        1    
paymentservice       0.0       0.0        8.2       1.8        .02       132      2    
productcatalogservice 0.0       0.0        1239.0    2.6        .64       119      2    
recommendationservice 0.0       0.0        165.2     19.3       .45       180      2    
redis-cart           0.0       0.0        0.0       0.0        .03       81       2    
shippingservice      0.0       0.0        67.3      1.3        .08       89       2    

[2025-12-01 20:27:30]
SERVICE              HTTP_RPM  HTTP_LAT   gRPC_RPM  gRPC_LAT   CPU(core) MEM(MiB) PODS
--------------------------------------------------------------------------------------
adservice            0.0       0.0        125.4     1.8        .12       251      2    
cartservice          0.0       0.0        223.7     48.3       .29       171      2    
checkoutservice      0.0       0.0        9.1       157.2      .11       100      2    
currencyservice      0.0       0.0        619.0     7.5        .58       226      2    
emailservice         0.0       0.0        9.0       1.7        .02       153      2    
frontend             223.5     534.7      0.0       0.0        1.23      227      2    
kubernetes-dashboard 0.0       0.0        0.0       0.0        0         7        1    
paymentservice       0.0       0.0        9.0       1.7        .02       131      2    
productcatalogservice 0.0       0.0        1285.1    2.8        .67       119      2    
recommendationservice 0.0       0.0        171.3     20.7       .46       180      2    
redis-cart           0.0       0.0        0.0       0.0        .04       81       2    
shippingservice      0.0       0.0        71.4      1.2        .08       89       2    

[2025-12-01 20:27:42]
SERVICE              HTTP_RPM  HTTP_LAT   gRPC_RPM  gRPC_LAT   CPU(core) MEM(MiB) PODS
--------------------------------------------------------------------------------------
adservice            0.0       0.0        129.0     1.8        .12       251      2    
cartservice          0.0       0.0        228.4     41.3       .33       171      2    
checkoutservice      0.0       0.0        9.0       149.5      .13       101      2    
currencyservice      0.0       0.0        619.3     8.2        .58       226      2    
emailservice         0.0       0.0        9.3       1.6        .03       153      2    
frontend             226.0     538.4      0.0       0.0        1.23      227      2    
kubernetes-dashboard 0.0       0.0        0.0       0.0        0         7        1    
paymentservice       0.0       0.0        9.3       1.6        .02       131      2    
productcatalogservice 0.0       0.0        1303.6    2.8        .67       119      2    
recommendationservice 0.0       0.0        174.6     21.4       .46       180      2    
redis-cart           0.0       0.0        0.0       0.0        .04       81       2    
shippingservice      0.0       0.0        71.5      1.2        .08       89       2    

[2025-12-01 20:27:53]
SERVICE              HTTP_RPM  HTTP_LAT   gRPC_RPM  gRPC_LAT   CPU(core) MEM(MiB) PODS
--------------------------------------------------------------------------------------
adservice            0.0       0.0        129.4     1.8        .12       251      2    
cartservice          0.0       0.0        230.6     36.4       .34       172      2    
checkoutservice      0.0       0.0        9.2       137.6      .11       102      2    
currencyservice      0.0       0.0        616.0     7.3        .59       227      2    
emailservice         0.0       0.0        9.6       1.4        .03       153      2    
frontend             228.1     522.2      0.0       0.0        1.24      226      2    
kubernetes-dashboard 0.0       0.0        0.0       0.0        0         7        1    
paymentservice       0.0       0.0        9.6       1.5        .02       132      2    
productcatalogservice 0.0       0.0        1303.6    2.8        .67       119      2    
recommendationservice 0.0       0.0        176.4     17.2       .45       176      2    
redis-cart           0.0       0.0        0.0       0.0        .04       81       2    
shippingservice      0.0       0.0        72.5      1.0        .08       89       2    

[2025-12-01 20:28:06]
SERVICE              HTTP_RPM  HTTP_LAT   gRPC_RPM  gRPC_LAT   CPU(core) MEM(MiB) PODS
--------------------------------------------------------------------------------------
adservice            0.0       0.0        130.5     1.5        .12       251      2    
cartservice          0.0       0.0        230.6     36.4       .37       172      2    
checkoutservice      0.0       0.0        9.0       79.2       .12       102      2    
currencyservice      0.0       0.0        620.6     6.8        .59       228      2    
emailservice         0.0       0.0        9.3       1.7        .03       151      2    
frontend             222.4     484.2      0.0       0.0        1.22      226      2    
kubernetes-dashboard 0.0       0.0        0.0       0.0        0         7        1    
paymentservice       0.0       0.0        9.4       1.5        .02       132      2    
productcatalogservice 0.0       0.0        1304.9    2.2        .68       119      2    
recommendationservice 0.0       0.0        174.3     18.0       .47       176      2    
redis-cart           0.0       0.0        0.0       0.0        .04       81       2    
shippingservice      0.0       0.0        70.2      1.6        .08       89       2    

[2025-12-01 20:28:18]
SERVICE              HTTP_RPM  HTTP_LAT   gRPC_RPM  gRPC_LAT   CPU(core) MEM(MiB) PODS
--------------------------------------------------------------------------------------
adservice            0.0       0.0        128.5     1.9        .12       251      2    
cartservice          0.0       0.0        220.9     8.0        .37       172      2    
checkoutservice      0.0       0.0        8.7       104.7      .11       101      2    
currencyservice      0.0       0.0        622.1     6.8        .56       229      2    
emailservice         0.0       0.0        8.8       1.8        .02       151      2    
frontend             220.9     515.0      0.0       0.0        1.18      226      2    
kubernetes-dashboard 0.0       0.0        0.0       0.0        0         7        1    
paymentservice       0.0       0.0        8.9       1.5        .02       133      2    
productcatalogservice 0.0       0.0        1274.1    3.7        .65       119      2    
recommendationservice 0.0       0.0        171.5     21.8       .42       177      2    
redis-cart           0.0       0.0        0.0       0.0        .04       81       2    
shippingservice      0.0       0.0        68.7      1.6        .08       89       2    

[2025-12-01 20:28:30]
SERVICE              HTTP_RPM  HTTP_LAT   gRPC_RPM  gRPC_LAT   CPU(core) MEM(MiB) PODS
--------------------------------------------------------------------------------------
adservice            0.0       0.0        128.0     1.9        .12       251      2    
cartservice          0.0       0.0        221.9     12.5       .35       172      2    
checkoutservice      0.0       0.0        8.8       102.6      .11       101      2    
currencyservice      0.0       0.0        614.8     6.4        .56       229      2    
emailservice         0.0       0.0        8.4       1.9        .02       151      2    
frontend             221.1     482.8      0.0       0.0        1.18      226      2    
kubernetes-dashboard 0.0       0.0        0.0       0.0        0         7        1    
paymentservice       0.0       0.0        8.5       1.6        .02       133      2    
productcatalogservice 0.0       0.0        1272.9    3.6        .68       119      2    
recommendationservice 0.0       0.0        170.9     21.5       .46       176      2    
redis-cart           0.0       0.0        0.0       0.0        .04       81       2    
shippingservice      0.0       0.0        68.5      1.6        .08       89       2    

[2025-12-01 20:28:41]
SERVICE              HTTP_RPM  HTTP_LAT   gRPC_RPM  gRPC_LAT   CPU(core) MEM(MiB) PODS
--------------------------------------------------------------------------------------
adservice            0.0       0.0        126.5     1.9        .12       251      2    
cartservice          0.0       0.0        219.2     20.5       .35       171      2    
checkoutservice      0.0       0.0        8.6       106.6      .11       102      2    
currencyservice      0.0       0.0        617.8     6.2        .60       226      2    
emailservice         0.0       0.0        8.8       2.0        .02       151      2    
frontend             220.2     490.1      0.0       0.0        1.24      226      2    
kubernetes-dashboard 0.0       0.0        0.0       0.0        0         7        1    
paymentservice       0.0       0.0        8.8       1.6        .02       133      2    
productcatalogservice 0.0       0.0        1268.8    3.6        .68       119      2    
recommendationservice 0.0       0.0        167.5     22.1       .46       176      2    
redis-cart           0.0       0.0        0.0       0.0        .04       81       2    
shippingservice      0.0       0.0        67.2      1.6        .08       89       2    

[2025-12-01 20:28:53]
SERVICE              HTTP_RPM  HTTP_LAT   gRPC_RPM  gRPC_LAT   CPU(core) MEM(MiB) PODS
--------------------------------------------------------------------------------------
adservice            0.0       0.0        127.3     1.9        .13       251      2    
cartservice          0.0       0.0        225.2     32.1       .30       171      2    
checkoutservice      0.0       0.0        9.1       148.4      .13       102      2    
currencyservice      0.0       0.0        621.4     6.5        .60       228      2    
emailservice         0.0       0.0        8.8       1.7        .03       151      2    
frontend             223.6     471.2      0.0       0.0        1.23      225      2    
kubernetes-dashboard 0.0       0.0        0.0       0.0        0         7        1    
paymentservice       0.0       0.0        8.8       1.6        .02       130      2    
productcatalogservice 0.0       0.0        1267.3    3.6        .69       119      2    
recommendationservice 0.0       0.0        171.2     16.1       .44       177      2    
redis-cart           0.0       0.0        0.0       0.0        .04       81       2    
shippingservice      0.0       0.0        67.9      1.0        .08       89       2    

[2025-12-01 20:29:05]
SERVICE              HTTP_RPM  HTTP_LAT   gRPC_RPM  gRPC_LAT   CPU(core) MEM(MiB) PODS
--------------------------------------------------------------------------------------
adservice            0.0       0.0        128.4     1.5        .13       251      2    
cartservice          0.0       0.0        225.2     32.1       .31       171      2    
checkoutservice      0.0       0.0        8.4       139.1      .11       102      2    
currencyservice      0.0       0.0        615.5     6.0        .61       227      2    
emailservice         0.0       0.0        8.8       1.7        .03       151      2    
frontend             223.1     414.4      0.0       0.0        1.23      224      2    
kubernetes-dashboard 0.0       0.0        0.0       0.0        0         7        1    
paymentservice       0.0       0.0        8.8       1.6        .02       131      2    
productcatalogservice 0.0       0.0        1259.5    1.9        .70       119      2    
recommendationservice 0.0       0.0        164.3     16.2       .46       177      2    
redis-cart           0.0       0.0        0.0       0.0        .04       81       2    
shippingservice      0.0       0.0        65.4      1.1        .08       89       2    

[2025-12-01 20:29:16]
SERVICE              HTTP_RPM  HTTP_LAT   gRPC_RPM  gRPC_LAT   CPU(core) MEM(MiB) PODS
--------------------------------------------------------------------------------------
adservice            0.0       0.0        124.2     1.6        .13       251      2    
cartservice          0.0       0.0        210.8     32.1       .31       171      2    
checkoutservice      0.0       0.0        8.2       143.4      .11       102      2    
currencyservice      0.0       0.0        593.6     6.0        .61       227      2    
emailservice         0.0       0.0        8.3       1.8        .02       151      2    
frontend             209.8     390.5      0.0       0.0        1.19      224      2    
kubernetes-dashboard 0.0       0.0        0.0       0.0        0         7        1    
paymentservice       0.0       0.0        8.1       1.7        .02       129      2    
productcatalogservice 0.0       0.0        1188.8    2.1        .68       119      2    
recommendationservice 0.0       0.0        160.0     16.2       .40       177      2    
redis-cart           0.0       0.0        0.0       0.0        .04       81       2    
shippingservice      0.0       0.0        63.0      1.1        .07       89       2    

[2025-12-01 20:29:28]
SERVICE              HTTP_RPM  HTTP_LAT   gRPC_RPM  gRPC_LAT   CPU(core) MEM(MiB) PODS
--------------------------------------------------------------------------------------
adservice            0.0       0.0        116.4     1.5        .12       251      2    
cartservice          0.0       0.0        198.7     24.8       .31       171      2    
checkoutservice      0.0       0.0        7.9       145.2      .09       102      2    
currencyservice      0.0       0.0        550.5     5.6        .57       228      2    
emailservice         0.0       0.0        7.3       1.7        .02       151      2    
frontend             201.0     369.8      0.0       0.0        1.19      224      2    
kubernetes-dashboard 0.0       0.0        0.0       0.0        0         7        1    
paymentservice       0.0       0.0        7.2       1.7        .02       129      2    
productcatalogservice 0.0       0.0        1118.7    1.7        .68       119      2    
recommendationservice 0.0       0.0        151.5     14.6       .40       177      2    
redis-cart           0.0       0.0        0.0       0.0        .04       82       2    
shippingservice      0.0       0.0        59.5      1.0        .07       89       2    

[2025-12-01 20:29:40]
SERVICE              HTTP_RPM  HTTP_LAT   gRPC_RPM  gRPC_LAT   CPU(core) MEM(MiB) PODS
--------------------------------------------------------------------------------------
adservice            0.0       0.0        107.4     1.4        .11       251      2    
cartservice          0.0       0.0        185.2     18.3       .36       171      2    
checkoutservice      0.0       0.0        7.0       103.9      .09       102      2    
currencyservice      0.0       0.0        535.6     4.2        .57       226      2    
emailservice         0.0       0.0        6.8       1.6        .02       152      2    
frontend             188.0     302.6      0.0       0.0        1.18      223      2    
kubernetes-dashboard 0.0       0.0        0.0       0.0        0         7        1    
paymentservice       0.0       0.0        6.7       1.6        .02       131      2    
productcatalogservice 0.0       0.0        1118.7    1.7        .70       119      2    
recommendationservice 0.0       0.0        141.1     13.1       .40       177      2    
redis-cart           0.0       0.0        0.0       0.0        .04       82       2    
shippingservice      0.0       0.0        56.9      1.0        .07       89       2    

[2025-12-01 20:29:52]
SERVICE              HTTP_RPM  HTTP_LAT   gRPC_RPM  gRPC_LAT   CPU(core) MEM(MiB) PODS
--------------------------------------------------------------------------------------
adservice            0.0       0.0        104.8     1.4        .12       251      2    
cartservice          0.0       0.0        185.2     18.3       .32       171      2    
checkoutservice      0.0       0.0        7.2       87.8       .09       102      2    
currencyservice      0.0       0.0        514.2     3.7        .58       225      2    
emailservice         0.0       0.0        7.2       1.7        .02       152      2    
frontend             183.9     254.1      0.0       0.0        1.18      223      2    
kubernetes-dashboard 0.0       0.0        0.0       0.0        0         7        1    
paymentservice       0.0       0.0        6.7       1.6        .02       131      2    
productcatalogservice 0.0       0.0        1072.8    1.6        .71       120      2    
recommendationservice 0.0       0.0        141.8     13.1       .40       176      2    
redis-cart           0.0       0.0        0.0       0.0        .04       82       2    
shippingservice      0.0       0.0        57.0      0.9        .07       89       2    

[2025-12-01 20:30:03]
SERVICE              HTTP_RPM  HTTP_LAT   gRPC_RPM  gRPC_LAT   CPU(core) MEM(MiB) PODS
--------------------------------------------------------------------------------------
adservice            0.0       0.0        104.7     1.3        .12       251      2    
cartservice          0.0       0.0        185.9     15.5       .32       171      2    
checkoutservice      0.0       0.0        7.0       93.2       .09       102      2    
currencyservice      0.0       0.0        503.3     3.6        .58       226      2    
emailservice         0.0       0.0        7.1       1.6        .02       152      2    
frontend             173.1     241.2      0.0       0.0        .77       221      2    
kubernetes-dashboard 0.0       0.0        0.0       0.0        0         7        1    
paymentservice       0.0       0.0        6.9       1.7        .01       131      2    
productcatalogservice 0.0       0.0        924.2     1.1        .57       120      2    
recommendationservice 0.0       0.0        138.7     12.0       .31       176      2    
redis-cart           0.0       0.0        0.0       0.0        .03       82       2    
shippingservice      0.0       0.0        54.9      0.9        .07       89       2    

[2025-12-01 20:30:13]
SERVICE              HTTP_RPM  HTTP_LAT   gRPC_RPM  gRPC_LAT   CPU(core) MEM(MiB) PODS
--------------------------------------------------------------------------------------
adservice            0.0       0.0        78.1      1.2        .08       251      2    
cartservice          0.0       0.0        131.7     21.2       .29       171      2    
checkoutservice      0.0       0.0        6.2       93.2       .08       102      2    
currencyservice      0.0       0.0        355.5     3.6        .58       226      2    
emailservice         0.0       0.0        5.0       1.7        .02       152      2    
frontend             142.5     262.9      0.0       0.0        .77       221      2    
kubernetes-dashboard 0.0       0.0        0.0       0.0        0         7        1    
paymentservice       0.0       0.0        4.5       1.7        .01       131      2    
productcatalogservice 0.0       0.0        566.9     1.2        .57       120      2    
recommendationservice 0.0       0.0        91.3      12.5       .31       176      2    
redis-cart           0.0       0.0        0.0       0.0        .03       82       2    
shippingservice      0.0       0.0        35.4      0.9        .07       89       2    

[2025-12-01 20:30:23]
SERVICE              HTTP_RPM  HTTP_LAT   gRPC_RPM  gRPC_LAT   CPU(core) MEM(MiB) PODS
--------------------------------------------------------------------------------------
adservice            0.0       0.0        60.6      1.3        .03       251      2    
cartservice          0.0       0.0        70.1      16.0       .04       171      2    
checkoutservice      0.0       0.0        3.8       91.5       .03       102      2    
currencyservice      0.0       0.0        273.9     3.1        .09       225      2    
emailservice         0.0       0.0        3.7       1.6        .01       152      2    
frontend             80.4      267.2      0.0       0.0        .49       221      2    
kubernetes-dashboard 0.0       0.0        0.0       0.0        0         7        1    
paymentservice       0.0       0.0        4.5       1.7        .01       131      2    
productcatalogservice 0.0       0.0        566.9     1.2        .16       120      2    
recommendationservice 0.0       0.0        43.8      12.3       .02       176      2    
redis-cart           0.0       0.0        0.0       0.0        .01       82       2    
shippingservice      0.0       0.0        25.6      0.8        .02       90       2    

[2025-12-01 20:30:33]
SERVICE              HTTP_RPM  HTTP_LAT   gRPC_RPM  gRPC_LAT   CPU(core) MEM(MiB) PODS
--------------------------------------------------------------------------------------
adservice            0.0       0.0        25.9      1.4        .03       251      2    
cartservice          0.0       0.0        70.1      16.0       .01       171      2    
checkoutservice      0.0       0.0        1.3       102.0      .01       102      2    
currencyservice      0.0       0.0        181.7     3.5        .01       225      2    
emailservice         0.0       0.0        2.6       1.7        .01       149      2    
frontend             51.9      223.9      0.0       0.0        0         221      2    
kubernetes-dashboard 0.0       0.0        0.0       0.0        0         7        1    
paymentservice       0.0       0.0        2.2       1.8        .01       131      2    
productcatalogservice 0.0       0.0        209.2     1.0        0         120      2    
recommendationservice 0.0       0.0        43.8      12.3       .01       176      2    
redis-cart           0.0       0.0        0.0       0.0        .01       82       2    
shippingservice      0.0       0.0        16.2      0.9        .01       89       2    

[2025-12-01 20:30:43]
SERVICE              HTTP_RPM  HTTP_LAT   gRPC_RPM  gRPC_LAT   CPU(core) MEM(MiB) PODS
--------------------------------------------------------------------------------------
adservice            0.0       0.0        8.4       1.2        .01       251      2    
cartservice          0.0       0.0        7.9       29.5       .01       171      2    
checkoutservice      0.0       0.0        1.3       102.0      .01       102      2    
currencyservice      0.0       0.0        22.2      4.0        .01       225      2    
emailservice         0.0       0.0        0.2       1.4        .01       149      2    
frontend             18.6      338.9      0.0       0.0        0         221      2    
kubernetes-dashboard 0.0       0.0        0.0       0.0        0         7        1    
paymentservice       0.0       0.0        0.0       2.0        .01       131      2    
productcatalogservice 0.0       0.0        0.0       0.0        0         120      2    
recommendationservice 0.0       0.0        0.0       18.4       .01       176      2    
redis-cart           0.0       0.0        0.0       0.0        .01       82       2    
shippingservice      0.0       0.0        0.0       0.0        .01       89       2    

[2025-12-01 20:30:53]
SERVICE              HTTP_RPM  HTTP_LAT   gRPC_RPM  gRPC_LAT   CPU(core) MEM(MiB) PODS
--------------------------------------------------------------------------------------
adservice            0.0       0.0        1.3       1.3        0         251      2    
cartservice          0.0       0.0        0.0       0.0        .01       171      2    
checkoutservice      0.0       0.0        0.0       0.0        .01       102      2    
currencyservice      0.0       0.0        0.0       2.2        0         225      2    
emailservice         0.0       0.0        0.0       0.0        .01       149      2    
frontend             0.0       0.0        0.0       0.0        0         221      2    
kubernetes-dashboard 0.0       0.0        0.0       0.0        0         7        1    
paymentservice       0.0       0.0        0.0       2.0        .01       127      2    
productcatalogservice 0.0       0.0        0.0       0.0        0         117      2    
recommendationservice 0.0       0.0        0.0       0.0        .01       176      2    
redis-cart           0.0       0.0        0.0       0.0        .01       82       2    
shippingservice      0.0       0.0        0.0       0.0        .01       89       2    

[2025-12-01 20:31:04]
SERVICE              HTTP_RPM  HTTP_LAT   gRPC_RPM  gRPC_LAT   CPU(core) MEM(MiB) PODS
--------------------------------------------------------------------------------------
adservice            0.0       0.0        0.0       0.0        0         249      2    
cartservice          0.0       0.0        0.0       0.0        .01       171      2    
checkoutservice      0.0       0.0        0.0       0.0        .01       99       2    
currencyservice      0.0       0.0        0.0       0.0        .01       226      2    
emailservice         0.0       0.0        0.0       0.0        .01       149      2    
frontend             0.0       0.0        0.0       0.0        0         221      2    
kubernetes-dashboard 0.0       0.0        0.0       0.0        0         7        1    
paymentservice       0.0       0.0        0.0       0.0        .01       127      2    
productcatalogservice 0.0       0.0        0.0       0.0        .01       117      2    
recommendationservice 0.0       0.0        0.0       0.0        .01       176      2    
redis-cart           0.0       0.0        0.0       0.0        .01       82       2    
shippingservice      0.0       0.0        0.0       0.0        .01       89       2    

[2025-12-01 20:31:14]
SERVICE              HTTP_RPM  HTTP_LAT   gRPC_RPM  gRPC_LAT   CPU(core) MEM(MiB) PODS
--------------------------------------------------------------------------------------
adservice            0.0       0.0        0.0       0.0        .01       249      2    
cartservice          0.0       0.0        0.0       0.0        .01       171      2    
checkoutservice      0.0       0.0        0.0       0.0        .01       99       2    
currencyservice      0.0       0.0        0.0       0.0        .01       226      2    
emailservice         0.0       0.0        0.0       0.0        .01       149      2    
frontend             0.0       0.0        0.0       0.0        0         221      2    
kubernetes-dashboard 0.0       0.0        0.0       0.0        0         7        1    
paymentservice       0.0       0.0        0.0       0.0        .01       127      2    
productcatalogservice 0.0       0.0        0.0       0.0        .01       117      2    
recommendationservice 0.0       0.0        0.0       0.0        .01       176      2    
redis-cart           0.0       0.0        0.0       0.0        .01       82       2    
shippingservice      0.0       0.0        0.0       0.0        .01       89       2    

[2025-12-01 20:31:24]
SERVICE              HTTP_RPM  HTTP_LAT   gRPC_RPM  gRPC_LAT   CPU(core) MEM(MiB) PODS
--------------------------------------------------------------------------------------
adservice            0.0       0.0        0.0       0.0        0         249      2    
cartservice          0.0       0.0        0.0       0.0        .01       172      2    
checkoutservice      0.0       0.0        0.0       0.0        0         99       2    
currencyservice      0.0       0.0        0.0       0.0        .01       184      2    
emailservice         0.0       0.0        0.0       0.0        .01       149      2    
frontend             0.0       0.0        0.0       0.0        0         221      2    
kubernetes-dashboard 0.0       0.0        0.0       0.0        0         7        1    
paymentservice       0.0       0.0        0.0       0.0        .01       127      2    
productcatalogservice 0.0       0.0        0.0       0.0        0         117      2    
recommendationservice 0.0       0.0        0.0       0.0        .01       176      2    
redis-cart           0.0       0.0        0.0       0.0        .01       82       2    
shippingservice      0.0       0.0        0.0       0.0        .01       89       2    

[2025-12-01 20:31:34]
SERVICE              HTTP_RPM  HTTP_LAT   gRPC_RPM  gRPC_LAT   CPU(core) MEM(MiB) PODS
--------------------------------------------------------------------------------------
adservice            0.0       0.0        0.0       0.0        0         249      2    
cartservice          0.0       0.0        0.0       0.0        .01       171      2    
checkoutservice      0.0       0.0        0.0       0.0        .01       99       2    
currencyservice      0.0       0.0        0.0       0.0        .01       157      2    
emailservice         0.0       0.0        0.0       0.0        .01       149      2    
frontend             0.0       0.0        0.0       0.0        0         221      2    
kubernetes-dashboard 0.0       0.0        0.0       0.0        0         7        1    
paymentservice       0.0       0.0        0.0       0.0        .01       127      2    
productcatalogservice 0.0       0.0        0.0       0.0        .01       117      2    
recommendationservice 0.0       0.0        0.0       0.0        .01       176      2    
redis-cart           0.0       0.0        0.0       0.0        .01       82       2    
shippingservice      0.0       0.0        0.0       0.0        .01       89       2    

[2025-12-01 20:31:44]
SERVICE              HTTP_RPM  HTTP_LAT   gRPC_RPM  gRPC_LAT   CPU(core) MEM(MiB) PODS
--------------------------------------------------------------------------------------
adservice            0.0       0.0        0.0       0.0        .01       249      2    
cartservice          0.0       0.0        0.0       0.0        .01       171      2    
checkoutservice      0.0       0.0        0.0       0.0        .01       99       2    
currencyservice      0.0       0.0        0.0       0.0        .01       157      2    
emailservice         0.0       0.0        0.0       0.0        .01       149      2    
frontend             0.0       0.0        0.0       0.0        0         221      2    
kubernetes-dashboard 0.0       0.0        0.0       0.0        0         7        1    
paymentservice       0.0       0.0        0.0       0.0        .01       127      2    
productcatalogservice 0.0       0.0        0.0       0.0        .01       117      2    
recommendationservice 0.0       0.0        0.0       0.0        .01       176      2    
redis-cart           0.0       0.0        0.0       0.0        .01       82       2    
shippingservice      0.0       0.0        0.0       0.0        .01       89       2    

[2025-12-01 20:31:54]
SERVICE              HTTP_RPM  HTTP_LAT   gRPC_RPM  gRPC_LAT   CPU(core) MEM(MiB) PODS
--------------------------------------------------------------------------------------
adservice            0.0       0.0        0.0       0.0        .01       249      2    
cartservice          0.0       0.0        0.0       0.0        .01       172      2    
checkoutservice      0.0       0.0        0.0       0.0        .01       99       2    
currencyservice      0.0       0.0        0.0       0.0        .01       141      2    
emailservice         0.0       0.0        0.0       0.0        .01       149      2    
frontend             0.0       0.0        0.0       0.0        0         221      2    
kubernetes-dashboard 0.0       0.0        0.0       0.0        0         7        1    
paymentservice       0.0       0.0        0.0       0.0        0         128      2    
productcatalogservice 0.0       0.0        0.0       0.0        .01       117      2    
recommendationservice 0.0       0.0        0.0       0.0        .01       176      2    
redis-cart           0.0       0.0        0.0       0.0        .01       82       2    
shippingservice      0.0       0.0        0.0       0.0        .01       89       2    

[2025-12-01 20:32:04]
SERVICE              HTTP_RPM  HTTP_LAT   gRPC_RPM  gRPC_LAT   CPU(core) MEM(MiB) PODS
--------------------------------------------------------------------------------------
adservice            0.0       0.0        0.0       0.0        .01       249      2    
cartservice          0.0       0.0        0.0       0.0        .01       172      2    
checkoutservice      0.0       0.0        0.0       0.0        .01       99       2    
currencyservice      0.0       0.0        0.0       0.0        .01       137      2    
emailservice         0.0       0.0        0.0       0.0        .01       149      2    
frontend             0.0       0.0        0.0       0.0        0         218      2    
kubernetes-dashboard 0.0       0.0        0.0       0.0        0         7        1    
paymentservice       0.0       0.0        0.0       0.0        0         128      2    
productcatalogservice 0.0       0.0        0.0       0.0        0         117      2    
recommendationservice 0.0       0.0        0.0       0.0        .01       176      2    
redis-cart           0.0       0.0        0.0       0.0        .01       82       2    
shippingservice      0.0       0.0        0.0       0.0        .01       89       2    

[2025-12-01 20:32:14]
SERVICE              HTTP_RPM  HTTP_LAT   gRPC_RPM  gRPC_LAT   CPU(core) MEM(MiB) PODS
--------------------------------------------------------------------------------------
adservice            0.0       0.0        0.0       0.0        .01       249      2    
cartservice          0.0       0.0        0.0       0.0        .01       172      2    
checkoutservice      0.0       0.0        0.0       0.0        .01       99       2    
currencyservice      0.0       0.0        0.0       0.0        .01       137      2    
emailservice         0.0       0.0        0.0       0.0        .01       149      2    
frontend             0.0       0.0        0.0       0.0        0         218      2    
kubernetes-dashboard 0.0       0.0        0.0       0.0        0         7        1    
paymentservice       0.0       0.0        0.0       0.0        0         128      2    
productcatalogservice 0.0       0.0        0.0       0.0        0         117      2    
recommendationservice 0.0       0.0        0.0       0.0        .01       176      2    
redis-cart           0.0       0.0        0.0       0.0        .01       82       2    
shippingservice      0.0       0.0        0.0       0.0        .01       89       2    

[2025-12-01 20:32:24]
SERVICE              HTTP_RPM  HTTP_LAT   gRPC_RPM  gRPC_LAT   CPU(core) MEM(MiB) PODS
--------------------------------------------------------------------------------------
adservice            0.0       0.0        0.0       0.0        0         249      2    
cartservice          0.0       0.0        0.0       0.0        .01       171      2    
checkoutservice      0.0       0.0        0.0       0.0        .01       99       2    
currencyservice      0.0       0.0        0.0       0.0        .01       138      2    
emailservice         0.0       0.0        0.0       0.0        .01       149      2    
frontend             0.0       0.0        0.0       0.0        0         217      2    
kubernetes-dashboard 0.0       0.0        0.0       0.0        0         7        1    
paymentservice       0.0       0.0        0.0       0.0        .01       127      2    
productcatalogservice 0.0       0.0        0.0       0.0        .01       117      2    
recommendationservice 0.0       0.0        0.0       0.0        .01       176      2    
redis-cart           0.0       0.0        0.0       0.0        .01       82       2    
shippingservice      0.0       0.0        0.0       0.0        .01       89       2    

[2025-12-01 20:32:34]
SERVICE              HTTP_RPM  HTTP_LAT   gRPC_RPM  gRPC_LAT   CPU(core) MEM(MiB) PODS
--------------------------------------------------------------------------------------
adservice            0.0       0.0        0.0       0.0        .01       249      2    
cartservice          0.0       0.0        0.0       0.0        .01       171      2    
checkoutservice      0.0       0.0        0.0       0.0        .01       99       2    
currencyservice      0.0       0.0        0.0       0.0        .01       138      2    
emailservice         0.0       0.0        0.0       0.0        .01       149      2    
frontend             0.0       0.0        0.0       0.0        0         217      2    
kubernetes-dashboard 0.0       0.0        0.0       0.0        0         7        1    
paymentservice       0.0       0.0        0.0       0.0        .01       127      2    
productcatalogservice 0.0       0.0        0.0       0.0        .01       118      2    
recommendationservice 0.0       0.0        0.0       0.0        .01       176      2    
redis-cart           0.0       0.0        0.0       0.0        .01       82       2    
shippingservice      0.0       0.0        0.0       0.0        .01       89       2    

[2025-12-01 20:32:44]
SERVICE              HTTP_RPM  HTTP_LAT   gRPC_RPM  gRPC_LAT   CPU(core) MEM(MiB) PODS
--------------------------------------------------------------------------------------
adservice            0.0       0.0        0.0       0.0        .01       249      2    
cartservice          0.0       0.0        0.0       0.0        .01       171      2    
checkoutservice      0.0       0.0        0.0       0.0        .01       99       2    
currencyservice      0.0       0.0        0.0       0.0        .01       138      2    
emailservice         0.0       0.0        0.0       0.0        .01       149      2    
frontend             0.0       0.0        0.0       0.0        0         217      2    
kubernetes-dashboard 0.0       0.0        0.0       0.0        0         7        1    
paymentservice       0.0       0.0        0.0       0.0        .01       127      2    
productcatalogservice 0.0       0.0        0.0       0.0        .01       118      2    
recommendationservice 0.0       0.0        0.0       0.0        .01       176      2    
redis-cart           0.0       0.0        0.0       0.0        .01       82       2    
shippingservice      0.0       0.0        0.0       0.0        .01       89       2    

[2025-12-01 20:32:54]
SERVICE              HTTP_RPM  HTTP_LAT   gRPC_RPM  gRPC_LAT   CPU(core) MEM(MiB) PODS
--------------------------------------------------------------------------------------
adservice            0.0       0.0        0.0       0.0        .01       249      2    
cartservice          0.0       0.0        0.0       0.0        .01       171      2    
checkoutservice      0.0       0.0        0.0       0.0        0         99       2    
currencyservice      0.0       0.0        0.0       0.0        0         138      2    
emailservice         0.0       0.0        0.0       0.0        .01       149      2    
frontend             0.0       0.0        0.0       0.0        0         217      2    
kubernetes-dashboard 0.0       0.0        0.0       0.0        0         7        1    
paymentservice       0.0       0.0        0.0       0.0        0         127      2    
productcatalogservice 0.0       0.0        0.0       0.0        .01       118      2    
recommendationservice 0.0       0.0        0.0       0.0        .01       176      2    
redis-cart           0.0       0.0        0.0       0.0        .01       82       2    
shippingservice      0.0       0.0        0.0       0.0        .01       89       2    

[2025-12-01 20:33:04]
SERVICE              HTTP_RPM  HTTP_LAT   gRPC_RPM  gRPC_LAT   CPU(core) MEM(MiB) PODS
--------------------------------------------------------------------------------------
adservice            0.0       0.0        0.0       0.0        0         249      2    
cartservice          0.0       0.0        0.0       0.0        .01       171      2    
checkoutservice      0.0       0.0        0.0       0.0        0         99       2    
currencyservice      0.0       0.0        0.0       0.0        .01       139      2    
emailservice         0.0       0.0        0.0       0.0        .01       149      2    
frontend             0.0       0.0        0.0       0.0        0         217      2    
kubernetes-dashboard 0.0       0.0        0.0       0.0        0         7        1    
paymentservice       0.0       0.0        0.0       0.0        .01       127      2    
productcatalogservice 0.0       0.0        0.0       0.0        .01       113      2    
recommendationservice 0.0       0.0        0.0       0.0        .01       176      2    
redis-cart           0.0       0.0        0.0       0.0        .01       82       2    
shippingservice      0.0       0.0        0.0       0.0        .01       89       2    

[2025-12-01 20:33:14]
SERVICE              HTTP_RPM  HTTP_LAT   gRPC_RPM  gRPC_LAT   CPU(core) MEM(MiB) PODS
--------------------------------------------------------------------------------------
adservice            0.0       0.0        0.0       0.0        0         249      2    
cartservice          0.0       0.0        0.0       0.0        .01       171      2    
checkoutservice      0.0       0.0        0.0       0.0        0         99       2    
currencyservice      0.0       0.0        0.0       0.0        .01       139      2    
emailservice         0.0       0.0        0.0       0.0        .01       149      2    
frontend             0.0       0.0        0.0       0.0        0         217      2    
kubernetes-dashboard 0.0       0.0        0.0       0.0        0         7        1    
paymentservice       0.0       0.0        0.0       0.0        .01       127      2    
productcatalogservice 0.0       0.0        0.0       0.0        .01       113      2    
recommendationservice 0.0       0.0        0.0       0.0        .01       176      2    
redis-cart           0.0       0.0        0.0       0.0        .01       82       2    
shippingservice      0.0       0.0        0.0       0.0        .01       89       2    

[2025-12-01 20:33:24]
SERVICE              HTTP_RPM  HTTP_LAT   gRPC_RPM  gRPC_LAT   CPU(core) MEM(MiB) PODS
--------------------------------------------------------------------------------------
adservice            0.0       0.0        0.0       0.0        .01       249      2    
cartservice          0.0       0.0        0.0       0.0        .01       171      2    
checkoutservice      0.0       0.0        0.0       0.0        .01       97       2    
currencyservice      0.0       0.0        0.0       0.0        .01       140      2    
emailservice         0.0       0.0        0.0       0.0        .01       149      2    
frontend             0.0       0.0        0.0       0.0        0         217      2    
kubernetes-dashboard 0.0       0.0        0.0       0.0        0         7        1    
paymentservice       0.0       0.0        0.0       0.0        0         127      2    
productcatalogservice 0.0       0.0        0.0       0.0        .01       113      2    
recommendationservice 0.0       0.0        0.0       0.0        .01       176      2    
redis-cart           0.0       0.0        0.0       0.0        .01       82       2    
shippingservice      0.0       0.0        0.0       0.0        .01       89       2    

[2025-12-01 20:33:34]
SERVICE              HTTP_RPM  HTTP_LAT   gRPC_RPM  gRPC_LAT   CPU(core) MEM(MiB) PODS
--------------------------------------------------------------------------------------
adservice            0.0       0.0        0.0       0.0        .01       249      2    
cartservice          0.0       0.0        0.0       0.0        .01       171      2    
checkoutservice      0.0       0.0        0.0       0.0        .01       97       2    
currencyservice      0.0       0.0        0.0       0.0        .01       140      2    
emailservice         0.0       0.0        0.0       0.0        .01       149      2    
frontend             0.0       0.0        0.0       0.0        0         217      2    
kubernetes-dashboard 0.0       0.0        0.0       0.0        0         7        1    
paymentservice       0.0       0.0        0.0       0.0        .01       126      2    
productcatalogservice 0.0       0.0        0.0       0.0        .01       113      2    
recommendationservice 0.0       0.0        0.0       0.0        .01       176      2    
redis-cart           0.0       0.0        0.0       0.0        .01       82       2    
shippingservice      0.0       0.0        0.0       0.0        .01       89       2    

[2025-12-01 20:33:44]
SERVICE              HTTP_RPM  HTTP_LAT   gRPC_RPM  gRPC_LAT   CPU(core) MEM(MiB) PODS
--------------------------------------------------------------------------------------
adservice            0.0       0.0        0.0       0.0        .01       249      2    
cartservice          0.0       0.0        0.0       0.0        .01       171      2    
checkoutservice      0.0       0.0        0.0       0.0        .01       97       2    
currencyservice      0.0       0.0        0.0       0.0        .01       140      2    
emailservice         0.0       0.0        0.0       0.0        .01       149      2    
frontend             0.0       0.0        0.0       0.0        0         217      2    
kubernetes-dashboard 0.0       0.0        0.0       0.0        0         7        1    
paymentservice       0.0       0.0        0.0       0.0        .01       126      2    
productcatalogservice 0.0       0.0        0.0       0.0        .01       113      2    
recommendationservice 0.0       0.0        0.0       0.0        .01       176      2    
redis-cart           0.0       0.0        0.0       0.0        .01       82       2    
shippingservice      0.0       0.0        0.0       0.0        .01       89       2    

[2025-12-01 20:33:54]
SERVICE              HTTP_RPM  HTTP_LAT   gRPC_RPM  gRPC_LAT   CPU(core) MEM(MiB) PODS
--------------------------------------------------------------------------------------
adservice            0.0       0.0        0.0       0.0        0         249      2    
cartservice          0.0       0.0        0.0       0.0        .01       171      2    
checkoutservice      0.0       0.0        0.0       0.0        0         97       2    
currencyservice      0.0       0.0        0.0       0.0        .01       140      2    
emailservice         0.0       0.0        0.0       0.0        .01       149      2    
frontend             0.0       0.0        0.0       0.0        0         217      2    
kubernetes-dashboard 0.0       0.0        0.0       0.0        0         7        1    
paymentservice       0.0       0.0        0.0       0.0        .01       128      2    
productcatalogservice 0.0       0.0        0.0       0.0        0         113      2    
recommendationservice 0.0       0.0        0.0       0.0        .01       176      2    
redis-cart           0.0       0.0        0.0       0.0        .01       82       2    
shippingservice      0.0       0.0        0.0       0.0        .01       89       2    

[2025-12-01 20:34:04]
SERVICE              HTTP_RPM  HTTP_LAT   gRPC_RPM  gRPC_LAT   CPU(core) MEM(MiB) PODS
--------------------------------------------------------------------------------------
adservice            0.0       0.0        0.0       0.0        .01       251      2    
cartservice          0.0       0.0        0.0       0.0        .01       171      2    
checkoutservice      0.0       0.0        0.0       0.0        0         97       2    
currencyservice      0.0       0.0        0.0       0.0        .01       140      2    
emailservice         0.0       0.0        0.0       0.0        .01       149      2    
frontend             0.0       0.0        0.0       0.0        0         217      2    
kubernetes-dashboard 0.0       0.0        0.0       0.0        0         7        1    
paymentservice       0.0       0.0        0.0       0.0        0         128      2    
productcatalogservice 0.0       0.0        0.0       0.0        0         113      2    
recommendationservice 0.0       0.0        0.0       0.0        .01       176      2    
redis-cart           0.0       0.0        0.0       0.0        .01       82       2    
shippingservice      0.0       0.0        0.0       0.0        .01       89       2    

[2025-12-01 20:34:14]
SERVICE              HTTP_RPM  HTTP_LAT   gRPC_RPM  gRPC_LAT   CPU(core) MEM(MiB) PODS
--------------------------------------------------------------------------------------
adservice            0.0       0.0        0.0       0.0        .01       251      2    
cartservice          0.0       0.0        0.0       0.0        .01       171      2    
checkoutservice      0.0       0.0        0.0       0.0        0         97       2    
currencyservice      0.0       0.0        0.0       0.0        .01       140      2    
emailservice         0.0       0.0        0.0       0.0        .01       149      2    
frontend             0.0       0.0        0.0       0.0        0         217      2    
kubernetes-dashboard 0.0       0.0        0.0       0.0        0         7        1    
paymentservice       0.0       0.0        0.0       0.0        0         128      2    
productcatalogservice 0.0       0.0        0.0       0.0        0         113      2    
recommendationservice 0.0       0.0        0.0       0.0        .01       176      2    
redis-cart           0.0       0.0        0.0       0.0        .01       82       2    
shippingservice      0.0       0.0        0.0       0.0        .01       89       2    

[2025-12-01 20:34:24]
SERVICE              HTTP_RPM  HTTP_LAT   gRPC_RPM  gRPC_LAT   CPU(core) MEM(MiB) PODS
--------------------------------------------------------------------------------------
adservice            0.0       0.0        0.0       0.0        .02       250      2    
cartservice          0.0       0.0        0.0       0.0        .01       171      2    
checkoutservice      0.0       0.0        0.0       0.0        .01       98       2    
currencyservice      0.0       0.0        0.0       0.0        .01       140      2    
emailservice         0.0       0.0        0.0       0.0        .01       149      2    
frontend             0.0       0.0        0.0       0.0        0         215      2    
kubernetes-dashboard 0.0       0.0        0.0       0.0        0         7        1    
paymentservice       0.0       0.0        0.0       0.0        0         127      2    
productcatalogservice 0.0       0.0        0.0       0.0        0         113      2    
recommendationservice 0.0       0.0        0.0       0.0        .01       176      2    
redis-cart           0.0       0.0        0.0       0.0        .01       82       2    
shippingservice      0.0       0.0        0.0       0.0        .01       89       2    

[2025-12-01 20:34:34]
SERVICE              HTTP_RPM  HTTP_LAT   gRPC_RPM  gRPC_LAT   CPU(core) MEM(MiB) PODS
--------------------------------------------------------------------------------------
adservice            0.0       0.0        0.0       0.0        .01       249      2    
cartservice          0.0       0.0        0.0       0.0        .01       171      2    
checkoutservice      0.0       0.0        0.0       0.0        0         98       2    
currencyservice      0.0       0.0        0.0       0.0        .01       141      2    
emailservice         0.0       0.0        0.0       0.0        .01       149      2    
frontend             0.0       0.0        0.0       0.0        0         215      2    
kubernetes-dashboard 0.0       0.0        0.0       0.0        0         7        1    
paymentservice       0.0       0.0        0.0       0.0        .01       127      2    
productcatalogservice 0.0       0.0        0.0       0.0        0         113      2    
recommendationservice 0.0       0.0        0.0       0.0        .01       176      2    
redis-cart           0.0       0.0        0.0       0.0        .01       82       2    
shippingservice      0.0       0.0        0.0       0.0        .01       89       2    

[2025-12-01 20:34:44]
SERVICE              HTTP_RPM  HTTP_LAT   gRPC_RPM  gRPC_LAT   CPU(core) MEM(MiB) PODS
--------------------------------------------------------------------------------------
adservice            0.0       0.0        0.0       0.0        .01       249      2    
cartservice          0.0       0.0        0.0       0.0        .01       171      2    
checkoutservice      0.0       0.0        0.0       0.0        0         98       2    
currencyservice      0.0       0.0        0.0       0.0        .01       141      2    
emailservice         0.0       0.0        0.0       0.0        .01       149      2    
frontend             0.0       0.0        0.0       0.0        0         215      2    
kubernetes-dashboard 0.0       0.0        0.0       0.0        0         7        1    
paymentservice       0.0       0.0        0.0       0.0        .01       127      2    
productcatalogservice 0.0       0.0        0.0       0.0        0         113      2    
recommendationservice 0.0       0.0        0.0       0.0        .01       176      2    
redis-cart           0.0       0.0        0.0       0.0        .01       82       2    
shippingservice      0.0       0.0        0.0       0.0        .01       89       2    

[2025-12-01 20:34:54]
SERVICE              HTTP_RPM  HTTP_LAT   gRPC_RPM  gRPC_LAT   CPU(core) MEM(MiB) PODS
--------------------------------------------------------------------------------------
adservice            0.0       0.0        0.0       0.0        0         249      2    
cartservice          0.0       0.0        0.0       0.0        .01       171      2    
checkoutservice      0.0       0.0        0.0       0.0        0         98       2    
currencyservice      0.0       0.0        0.0       0.0        .01       141      2    
emailservice         0.0       0.0        0.0       0.0        .01       149      2    
frontend             0.0       0.0        0.0       0.0        0         215      2    
kubernetes-dashboard 0.0       0.0        0.0       0.0        0         7        1    
paymentservice       0.0       0.0        0.0       0.0        0         127      2    
productcatalogservice 0.0       0.0        0.0       0.0        0         113      2    
recommendationservice 0.0       0.0        0.0       0.0        .01       176      2    
redis-cart           0.0       0.0        0.0       0.0        .01       82       2    
shippingservice      0.0       0.0        0.0       0.0        .01       89       2    

[2025-12-01 20:35:04]
SERVICE              HTTP_RPM  HTTP_LAT   gRPC_RPM  gRPC_LAT   CPU(core) MEM(MiB) PODS
--------------------------------------------------------------------------------------
adservice            0.0       0.0        0.0       0.0        0         249      2    
cartservice          0.0       0.0        0.0       0.0        .01       171      2    
checkoutservice      0.0       0.0        0.0       0.0        .01       98       2    
currencyservice      0.0       0.0        0.0       0.0        .01       140      2    
emailservice         0.0       0.0        0.0       0.0        .01       149      2    
frontend             0.0       0.0        0.0       0.0        0         215      2    
kubernetes-dashboard 0.0       0.0        0.0       0.0        0         7        1    
paymentservice       0.0       0.0        0.0       0.0        .01       128      2    
productcatalogservice 0.0       0.0        0.0       0.0        .01       113      2    
recommendationservice 0.0       0.0        0.0       0.0        .01       176      2    
redis-cart           0.0       0.0        0.0       0.0        .01       82       2    
shippingservice      0.0       0.0        0.0       0.0        .01       89       2    

[2025-12-01 20:35:14]
SERVICE              HTTP_RPM  HTTP_LAT   gRPC_RPM  gRPC_LAT   CPU(core) MEM(MiB) PODS
--------------------------------------------------------------------------------------
adservice            0.0       0.0        0.0       0.0        0         249      2    
cartservice          0.0       0.0        0.0       0.0        .01       171      2    
checkoutservice      0.0       0.0        0.0       0.0        .01       98       2    
currencyservice      0.0       0.0        0.0       0.0        .01       140      2    
emailservice         0.0       0.0        0.0       0.0        .01       149      2    
frontend             0.0       0.0        0.0       0.0        0         215      2    
kubernetes-dashboard 0.0       0.0        0.0       0.0        0         7        1    
paymentservice       0.0       0.0        0.0       0.0        .01       128      2    
productcatalogservice 0.0       0.0        0.0       0.0        .01       113      2    
recommendationservice 0.0       0.0        0.0       0.0        .01       176      2    
redis-cart           0.0       0.0        0.0       0.0        .01       82       2    
shippingservice      0.0       0.0        0.0       0.0        .01       89       2    

[2025-12-01 20:35:25]
SERVICE              HTTP_RPM  HTTP_LAT   gRPC_RPM  gRPC_LAT   CPU(core) MEM(MiB) PODS
--------------------------------------------------------------------------------------
adservice            0.0       0.0        0.0       0.0        0         249      2    
cartservice          0.0       0.0        0.0       0.0        .01       171      2    
checkoutservice      0.0       0.0        0.0       0.0        .01       98       2    
currencyservice      0.0       0.0        0.0       0.0        .01       140      2    
emailservice         0.0       0.0        0.0       0.0        .01       149      2    
frontend             0.0       0.0        0.0       0.0        0         215      2    
kubernetes-dashboard 0.0       0.0        0.0       0.0        0         7        1    
paymentservice       0.0       0.0        0.0       0.0        .01       128      2    
productcatalogservice 0.0       0.0        0.0       0.0        0         113      2    
recommendationservice 0.0       0.0        0.0       0.0        .01       176      2    
redis-cart           0.0       0.0        0.0       0.0        .01       82       2    
shippingservice      0.0       0.0        0.0       0.0        .01       89       2    

[2025-12-01 20:35:35]
SERVICE              HTTP_RPM  HTTP_LAT   gRPC_RPM  gRPC_LAT   CPU(core) MEM(MiB) PODS
--------------------------------------------------------------------------------------
adservice            0.0       0.0        0.0       0.0        0         249      2    
cartservice          0.0       0.0        0.0       0.0        .01       171      2    
checkoutservice      0.0       0.0        0.0       0.0        .01       98       2    
currencyservice      0.0       0.0        0.0       0.0        .01       139      2    
emailservice         0.0       0.0        0.0       0.0        .01       149      2    
frontend             0.0       0.0        0.0       0.0        0         215      2    
kubernetes-dashboard 0.0       0.0        0.0       0.0        0         7        1    
paymentservice       0.0       0.0        0.0       0.0        .01       128      2    
productcatalogservice 0.0       0.0        0.0       0.0        .01       113      2    
recommendationservice 0.0       0.0        0.0       0.0        .01       176      2    
redis-cart           0.0       0.0        0.0       0.0        .01       82       2    
shippingservice      0.0       0.0        0.0       0.0        .01       89       2    

[2025-12-01 20:35:45]
SERVICE              HTTP_RPM  HTTP_LAT   gRPC_RPM  gRPC_LAT   CPU(core) MEM(MiB) PODS
--------------------------------------------------------------------------------------
adservice            0.0       0.0        0.0       0.0        0         249      2    
cartservice          0.0       0.0        0.0       0.0        .01       171      2    
checkoutservice      0.0       0.0        0.0       0.0        .01       98       2    
currencyservice      0.0       0.0        0.0       0.0        .01       139      2    
emailservice         0.0       0.0        0.0       0.0        .01       149      2    
frontend             0.0       0.0        0.0       0.0        0         215      2    
kubernetes-dashboard 0.0       0.0        0.0       0.0        0         7        1    
paymentservice       0.0       0.0        0.0       0.0        .01       128      2    
productcatalogservice 0.0       0.0        0.0       0.0        .01       113      2    
recommendationservice 0.0       0.0        0.0       0.0        .01       176      2    
redis-cart           0.0       0.0        0.0       0.0        .01       82       2    
shippingservice      0.0       0.0        0.0       0.0        .01       90       2    

[2025-12-01 20:35:55]
SERVICE              HTTP_RPM  HTTP_LAT   gRPC_RPM  gRPC_LAT   CPU(core) MEM(MiB) PODS
--------------------------------------------------------------------------------------
adservice            0.0       0.0        0.0       0.0        .02       250      2    
cartservice          0.0       0.0        0.0       0.0        .01       171      2    
checkoutservice      0.0       0.0        0.0       0.0        0         98       2    
currencyservice      0.0       0.0        0.0       0.0        .01       139      2    
emailservice         0.0       0.0        0.0       0.0        .01       149      2    
frontend             0.0       0.0        0.0       0.0        0         215      2    
kubernetes-dashboard 0.0       0.0        0.0       0.0        0         7        1    
paymentservice       0.0       0.0        0.0       0.0        .01       128      2    
productcatalogservice 0.0       0.0        0.0       0.0        0         113      2    
recommendationservice 0.0       0.0        0.0       0.0        .01       176      2    
redis-cart           0.0       0.0        0.0       0.0        .01       82       2    
shippingservice      0.0       0.0        0.0       0.0        .01       90       2    

[2025-12-01 20:36:05]
SERVICE              HTTP_RPM  HTTP_LAT   gRPC_RPM  gRPC_LAT   CPU(core) MEM(MiB) PODS
--------------------------------------------------------------------------------------
adservice            0.0       0.0        0.0       0.0        .01       249      2    
cartservice          0.0       0.0        0.0       0.0        .01       172      2    
checkoutservice      0.0       0.0        0.0       0.0        .01       98       2    
currencyservice      0.0       0.0        0.0       0.0        .01       139      2    
emailservice         0.0       0.0        0.0       0.0        .01       149      2    
frontend             0.0       0.0        0.0       0.0        0         215      2    
kubernetes-dashboard 0.0       0.0        0.0       0.0        0         7        1    
paymentservice       0.0       0.0        0.0       0.0        0         128      2    
productcatalogservice 0.0       0.0        0.0       0.0        0         114      2    
recommendationservice 0.0       0.0        0.0       0.0        .01       176      2    
redis-cart           0.0       0.0        0.0       0.0        .01       82       2    
shippingservice      0.0       0.0        0.0       0.0        .01       90       2    

[2025-12-01 20:36:15]
SERVICE              HTTP_RPM  HTTP_LAT   gRPC_RPM  gRPC_LAT   CPU(core) MEM(MiB) PODS
--------------------------------------------------------------------------------------
adservice            0.0       0.0        0.0       0.0        .01       249      2    
cartservice          0.0       0.0        0.0       0.0        .01       172      2    
checkoutservice      0.0       0.0        0.0       0.0        .01       98       2    
currencyservice      0.0       0.0        0.0       0.0        .01       139      2    
emailservice         0.0       0.0        0.0       0.0        .01       149      2    
frontend             0.0       0.0        0.0       0.0        0         215      2    
kubernetes-dashboard 0.0       0.0        0.0       0.0        0         7        1    
paymentservice       0.0       0.0        0.0       0.0        0         128      2    
productcatalogservice 0.0       0.0        0.0       0.0        0         114      2    
recommendationservice 0.0       0.0        0.0       0.0        .01       176      2    
redis-cart           0.0       0.0        0.0       0.0        .01       82       2    
shippingservice      0.0       0.0        0.0       0.0        .01       89       2    

[2025-12-01 20:36:25]
SERVICE              HTTP_RPM  HTTP_LAT   gRPC_RPM  gRPC_LAT   CPU(core) MEM(MiB) PODS
--------------------------------------------------------------------------------------
adservice            0.0       0.0        0.0       0.0        0         249      2    
cartservice          0.0       0.0        0.0       0.0        .01       171      2    
checkoutservice      0.0       0.0        0.0       0.0        .01       98       2    
currencyservice      0.0       0.0        0.0       0.0        .01       139      2    
emailservice         0.0       0.0        0.0       0.0        .01       149      2    
frontend             0.0       0.0        0.0       0.0        0         215      2    
kubernetes-dashboard 0.0       0.0        0.0       0.0        0         7        1    
paymentservice       0.0       0.0        0.0       0.0        .01       128      2    
productcatalogservice 0.0       0.0        0.0       0.0        .01       114      2    
recommendationservice 0.0       0.0        0.0       0.0        .01       176      2    
redis-cart           0.0       0.0        0.0       0.0        .01       82       2    
shippingservice      0.0       0.0        0.0       0.0        .01       89       2    

[2025-12-01 20:36:35]
SERVICE              HTTP_RPM  HTTP_LAT   gRPC_RPM  gRPC_LAT   CPU(core) MEM(MiB) PODS
--------------------------------------------------------------------------------------
adservice            0.0       0.0        0.0       0.0        .01       249      2    
cartservice          0.0       0.0        0.0       0.0        .01       171      2    
checkoutservice      0.0       0.0        0.0       0.0        0         98       2    
currencyservice      0.0       0.0        0.0       0.0        0         139      2    
emailservice         0.0       0.0        0.0       0.0        .01       149      2    
frontend             0.0       0.0        0.0       0.0        0         215      2    
kubernetes-dashboard 0.0       0.0        0.0       0.0        0         7        1    
paymentservice       0.0       0.0        0.0       0.0        0         127      2    
productcatalogservice 0.0       0.0        0.0       0.0        0         114      2    
recommendationservice 0.0       0.0        0.0       0.0        .01       176      2    
redis-cart           0.0       0.0        0.0       0.0        .01       82       2    
shippingservice      0.0       0.0        0.0       0.0        .01       89       2    

[2025-12-01 20:36:45]
SERVICE              HTTP_RPM  HTTP_LAT   gRPC_RPM  gRPC_LAT   CPU(core) MEM(MiB) PODS
--------------------------------------------------------------------------------------
adservice            0.0       0.0        0.0       0.0        .01       249      2    
cartservice          0.0       0.0        0.0       0.0        .01       171      2    
checkoutservice      0.0       0.0        0.0       0.0        0         98       2    
currencyservice      0.0       0.0        0.0       0.0        0         139      2    
emailservice         0.0       0.0        0.0       0.0        .01       149      2    
frontend             0.0       0.0        0.0       0.0        0         215      2    
kubernetes-dashboard 0.0       0.0        0.0       0.0        0         7        1    
paymentservice       0.0       0.0        0.0       0.0        0         127      2    
productcatalogservice 0.0       0.0        0.0       0.0        0         114      2    
recommendationservice 0.0       0.0        0.0       0.0        .01       176      2    
redis-cart           0.0       0.0        0.0       0.0        .01       82       2    
shippingservice      0.0       0.0        0.0       0.0        .01       89       2    

[2025-12-01 20:36:54]
SERVICE              HTTP_RPM  HTTP_LAT   gRPC_RPM  gRPC_LAT   CPU(core) MEM(MiB) PODS
--------------------------------------------------------------------------------------
adservice            0.0       0.0        0.0       0.0        0         249      2    
cartservice          0.0       0.0        0.0       0.0        .01       171      2    
checkoutservice      0.0       0.0        0.0       0.0        0         98       2    
currencyservice      0.0       0.0        0.0       0.0        0         139      2    
emailservice         0.0       0.0        0.0       0.0        .01       149      2    
frontend             0.0       0.0        0.0       0.0        0         215      2    
kubernetes-dashboard 0.0       0.0        0.0       0.0        0         7        1    
paymentservice       0.0       0.0        0.0       0.0        .01       127      2    
productcatalogservice 0.0       0.0        0.0       0.0        .01       114      2    
recommendationservice 0.0       0.0        0.0       0.0        .01       176      2    
redis-cart           0.0       0.0        0.0       0.0        .01       82       2    
shippingservice      0.0       0.0        0.0       0.0        .01       89       2    

[2025-12-01 20:37:05]
SERVICE              HTTP_RPM  HTTP_LAT   gRPC_RPM  gRPC_LAT   CPU(core) MEM(MiB) PODS
--------------------------------------------------------------------------------------
adservice            0.0       0.0        0.0       0.0        0         249      2    
cartservice          0.0       0.0        0.0       0.0        .01       171      2    
checkoutservice      0.0       0.0        0.0       0.0        .01       98       2    
currencyservice      0.0       0.0        0.0       0.0        .01       139      2    
emailservice         0.0       0.0        0.0       0.0        .01       149      2    
frontend             0.0       0.0        0.0       0.0        0         215      2    
kubernetes-dashboard 0.0       0.0        0.0       0.0        0         7        1    
paymentservice       0.0       0.0        0.0       0.0        0         127      2    
productcatalogservice 0.0       0.0        0.0       0.0        0         113      2    
recommendationservice 0.0       0.0        0.0       0.0        .01       176      2    
redis-cart           0.0       0.0        0.0       0.0        .01       82       2    
shippingservice      0.0       0.0        0.0       0.0        .01       89       2    

[2025-12-01 20:37:14]
SERVICE              HTTP_RPM  HTTP_LAT   gRPC_RPM  gRPC_LAT   CPU(core) MEM(MiB) PODS
--------------------------------------------------------------------------------------
adservice            0.0       0.0        0.0       0.0        0         249      2    
cartservice          0.0       0.0        0.0       0.0        .01       171      2    
checkoutservice      0.0       0.0        0.0       0.0        .01       98       2    
currencyservice      0.0       0.0        0.0       0.0        .01       139      2    
emailservice         0.0       0.0        0.0       0.0        .01       149      2    
frontend             0.0       0.0        0.0       0.0        0         215      2    
kubernetes-dashboard 0.0       0.0        0.0       0.0        0         7        1    
paymentservice       0.0       0.0        0.0       0.0        0         127      2    
productcatalogservice 0.0       0.0        0.0       0.0        0         113      2    
recommendationservice 0.0       0.0        0.0       0.0        .01       176      2    
redis-cart           0.0       0.0        0.0       0.0        .01       82       2    
shippingservice      0.0       0.0        0.0       0.0        .01       89       2    

[2025-12-01 20:37:24]
SERVICE              HTTP_RPM  HTTP_LAT   gRPC_RPM  gRPC_LAT   CPU(core) MEM(MiB) PODS
--------------------------------------------------------------------------------------
adservice            0.0       0.0        0.0       0.0        .01       249      2    
cartservice          0.0       0.0        0.0       0.0        .01       171      2    
checkoutservice      0.0       0.0        0.0       0.0        .01       98       2    
currencyservice      0.0       0.0        0.0       0.0        .01       139      2    
emailservice         0.0       0.0        0.0       0.0        .01       149      2    
frontend             0.0       0.0        0.0       0.0        0         215      2    
kubernetes-dashboard 0.0       0.0        0.0       0.0        0         7        1    
paymentservice       0.0       0.0        0.0       0.0        .01       127      2    
productcatalogservice 0.0       0.0        0.0       0.0        .01       113      2    
recommendationservice 0.0       0.0        0.0       0.0        .01       176      2    
redis-cart           0.0       0.0        0.0       0.0        .01       82       2    
shippingservice      0.0       0.0        0.0       0.0        .01       89       2    

[2025-12-01 20:37:35]
SERVICE              HTTP_RPM  HTTP_LAT   gRPC_RPM  gRPC_LAT   CPU(core) MEM(MiB) PODS
--------------------------------------------------------------------------------------
adservice            0.0       0.0        0.0       0.0        .01       249      2    
cartservice          0.0       0.0        0.0       0.0        .01       171      2    
checkoutservice      0.0       0.0        0.0       0.0        .01       98       2    
currencyservice      0.0       0.0        0.0       0.0        .01       137      2    
emailservice         0.0       0.0        0.0       0.0        .01       149      2    
frontend             0.0       0.0        0.0       0.0        0         215      2    
kubernetes-dashboard 0.0       0.0        0.0       0.0        0         7        1    
paymentservice       0.0       0.0        0.0       0.0        0         127      2    
productcatalogservice 0.0       0.0        0.0       0.0        0         113      2    
recommendationservice 0.0       0.0        0.0       0.0        .01       176      2    
redis-cart           0.0       0.0        0.0       0.0        .01       82       2    
shippingservice      0.0       0.0        0.0       0.0        .01       89       2    

[2025-12-01 20:37:44]
SERVICE              HTTP_RPM  HTTP_LAT   gRPC_RPM  gRPC_LAT   CPU(core) MEM(MiB) PODS
--------------------------------------------------------------------------------------
adservice            0.0       0.0        0.0       0.0        .01       249      2    
cartservice          0.0       0.0        0.0       0.0        .01       171      2    
checkoutservice      0.0       0.0        0.0       0.0        .01       98       2    
currencyservice      0.0       0.0        0.0       0.0        .01       137      2    
emailservice         0.0       0.0        0.0       0.0        .01       149      2    
frontend             0.0       0.0        0.0       0.0        0         215      2    
kubernetes-dashboard 0.0       0.0        0.0       0.0        0         7        1    
paymentservice       0.0       0.0        0.0       0.0        0         127      2    
productcatalogservice 0.0       0.0        0.0       0.0        0         113      2    
recommendationservice 0.0       0.0        0.0       0.0        .01       176      2    
redis-cart           0.0       0.0        0.0       0.0        .01       82       2    
shippingservice      0.0       0.0        0.0       0.0        .01       89       2    

[2025-12-01 20:37:54]
SERVICE              HTTP_RPM  HTTP_LAT   gRPC_RPM  gRPC_LAT   CPU(core) MEM(MiB) PODS
--------------------------------------------------------------------------------------
adservice            0.0       0.0        0.0       0.0        0         249      2    
cartservice          0.0       0.0        0.0       0.0        .01       171      2    
checkoutservice      0.0       0.0        0.0       0.0        0         98       2    
currencyservice      0.0       0.0        0.0       0.0        0         138      2    
emailservice         0.0       0.0        0.0       0.0        .01       149      2    
frontend             0.0       0.0        0.0       0.0        0         215      2    
kubernetes-dashboard 0.0       0.0        0.0       0.0        0         7        1    
paymentservice       0.0       0.0        0.0       0.0        0         127      2    
productcatalogservice 0.0       0.0        0.0       0.0        .01       113      2    
recommendationservice 0.0       0.0        0.0       0.0        .01       176      2    
redis-cart           0.0       0.0        0.0       0.0        .01       82       2    
shippingservice      0.0       0.0        0.0       0.0        .01       89       2    

[2025-12-01 20:38:04]
SERVICE              HTTP_RPM  HTTP_LAT   gRPC_RPM  gRPC_LAT   CPU(core) MEM(MiB) PODS
--------------------------------------------------------------------------------------
adservice            0.0       0.0        0.0       0.0        .01       249      2    
cartservice          0.0       0.0        0.0       0.0        .01       171      2    
checkoutservice      0.0       0.0        0.0       0.0        .01       98       2    
currencyservice      0.0       0.0        0.0       0.0        .01       138      2    
emailservice         0.0       0.0        0.0       0.0        .01       149      2    
frontend             0.0       0.0        0.0       0.0        0         215      2    
kubernetes-dashboard 0.0       0.0        0.0       0.0        0         7        1    
paymentservice       0.0       0.0        0.0       0.0        0         127      2    
productcatalogservice 0.0       0.0        0.0       0.0        0         113      2    
recommendationservice 0.0       0.0        0.0       0.0        .01       176      2    
redis-cart           0.0       0.0        0.0       0.0        .01       83       2    
shippingservice      0.0       0.0        0.0       0.0        .01       89       2    

[2025-12-01 20:38:14]
SERVICE              HTTP_RPM  HTTP_LAT   gRPC_RPM  gRPC_LAT   CPU(core) MEM(MiB) PODS
--------------------------------------------------------------------------------------
adservice            0.0       0.0        0.0       0.0        .01       249      2    
cartservice          0.0       0.0        0.0       0.0        .01       171      2    
checkoutservice      0.0       0.0        0.0       0.0        .01       98       2    
currencyservice      0.0       0.0        0.0       0.0        .01       138      2    
emailservice         0.0       0.0        0.0       0.0        .01       149      2    
frontend             0.0       0.0        0.0       0.0        0         215      2    
kubernetes-dashboard 0.0       0.0        0.0       0.0        0         7        1    
paymentservice       0.0       0.0        0.0       0.0        0         127      2    
productcatalogservice 0.0       0.0        0.0       0.0        0         113      2    
recommendationservice 0.0       0.0        0.0       0.0        .01       176      2    
redis-cart           0.0       0.0        0.0       0.0        .01       82       2    
shippingservice      0.0       0.0        0.0       0.0        .01       89       2    

[2025-12-01 20:38:24]
SERVICE              HTTP_RPM  HTTP_LAT   gRPC_RPM  gRPC_LAT   CPU(core) MEM(MiB) PODS
--------------------------------------------------------------------------------------
adservice            0.0       0.0        0.0       0.0        .01       249      2    
cartservice          0.0       0.0        0.0       0.0        .01       171      2    
checkoutservice      0.0       0.0        0.0       0.0        .01       98       2    
currencyservice      0.0       0.0        0.0       0.0        .01       139      2    
emailservice         0.0       0.0        0.0       0.0        .01       149      2    
frontend             0.0       0.0        0.0       0.0        0         215      2    
kubernetes-dashboard 0.0       0.0        0.0       0.0        0         7        1    
paymentservice       0.0       0.0        0.0       0.0        .01       127      2    
productcatalogservice 0.0       0.0        0.0       0.0        0         113      2    
recommendationservice 0.0       0.0        0.0       0.0        .01       176      2    
redis-cart           0.0       0.0        0.0       0.0        .01       82       2    
shippingservice      0.0       0.0        0.0       0.0        .01       89       2    

[2025-12-01 20:38:35]
SERVICE              HTTP_RPM  HTTP_LAT   gRPC_RPM  gRPC_LAT   CPU(core) MEM(MiB) PODS
--------------------------------------------------------------------------------------
adservice            0.0       0.0        0.0       0.0        .01       249      2    
cartservice          0.0       0.0        0.0       0.0        .01       171      2    
checkoutservice      0.0       0.0        0.0       0.0        .01       98       2    
currencyservice      0.0       0.0        0.0       0.0        .01       139      2    
emailservice         0.0       0.0        0.0       0.0        .01       149      2    
frontend             0.0       0.0        0.0       0.0        0         215      2    
kubernetes-dashboard 0.0       0.0        0.0       0.0        0         7        1    
paymentservice       0.0       0.0        0.0       0.0        0         127      2    
productcatalogservice 0.0       0.0        0.0       0.0        0         113      2    
recommendationservice 0.0       0.0        0.0       0.0        .01       176      2    
redis-cart           0.0       0.0        0.0       0.0        .01       82       2    
shippingservice      0.0       0.0        0.0       0.0        .01       89       2    

[2025-12-01 20:38:44]
SERVICE              HTTP_RPM  HTTP_LAT   gRPC_RPM  gRPC_LAT   CPU(core) MEM(MiB) PODS
--------------------------------------------------------------------------------------
adservice            0.0       0.0        0.0       0.0        .01       249      2    
cartservice          0.0       0.0        0.0       0.0        .01       171      2    
checkoutservice      0.0       0.0        0.0       0.0        .01       98       2    
currencyservice      0.0       0.0        0.0       0.0        .01       139      2    
emailservice         0.0       0.0        0.0       0.0        .01       149      2    
frontend             0.0       0.0        0.0       0.0        0         215      2    
kubernetes-dashboard 0.0       0.0        0.0       0.0        0         7        1    
paymentservice       0.0       0.0        0.0       0.0        0         127      2    
productcatalogservice 0.0       0.0        0.0       0.0        0         113      2    
recommendationservice 0.0       0.0        0.0       0.0        .01       176      2    
redis-cart           0.0       0.0        0.0       0.0        .01       82       2    
shippingservice      0.0       0.0        0.0       0.0        .01       89       2    

[2025-12-01 20:38:54]
SERVICE              HTTP_RPM  HTTP_LAT   gRPC_RPM  gRPC_LAT   CPU(core) MEM(MiB) PODS
--------------------------------------------------------------------------------------
adservice            0.0       0.0        0.0       0.0        .01       249      2    
cartservice          0.0       0.0        0.0       0.0        .01       171      2    
checkoutservice      0.0       0.0        0.0       0.0        .01       98       2    
currencyservice      0.0       0.0        0.0       0.0        .01       138      2    
emailservice         0.0       0.0        0.0       0.0        .01       149      2    
frontend             0.0       0.0        0.0       0.0        0         215      2    
kubernetes-dashboard 0.0       0.0        0.0       0.0        0         7        1    
paymentservice       0.0       0.0        0.0       0.0        0         127      2    
productcatalogservice 0.0       0.0        0.0       0.0        .01       113      2    
recommendationservice 0.0       0.0        0.0       0.0        .01       176      2    
redis-cart           0.0       0.0        0.0       0.0        .01       82       2    
shippingservice      0.0       0.0        0.0       0.0        .01       89       2    

[2025-12-01 20:39:04]
SERVICE              HTTP_RPM  HTTP_LAT   gRPC_RPM  gRPC_LAT   CPU(core) MEM(MiB) PODS
--------------------------------------------------------------------------------------
adservice            0.0       0.0        0.0       0.0        .01       249      2    
cartservice          0.0       0.0        0.0       0.0        .01       172      2    
checkoutservice      0.0       0.0        0.0       0.0        0         97       2    
currencyservice      0.0       0.0        0.0       0.0        0         138      2    
emailservice         0.0       0.0        0.0       0.0        .01       149      2    
frontend             0.0       0.0        0.0       0.0        0         215      2    
kubernetes-dashboard 0.0       0.0        0.0       0.0        0         7        1    
paymentservice       0.0       0.0        0.0       0.0        .01       128      2    
productcatalogservice 0.0       0.0        0.0       0.0        .01       113      2    
recommendationservice 0.0       0.0        0.0       0.0        .01       176      2    
redis-cart           0.0       0.0        0.0       0.0        .01       82       2    
shippingservice      0.0       0.0        0.0       0.0        .01       89       2    

[2025-12-01 20:39:14]
SERVICE              HTTP_RPM  HTTP_LAT   gRPC_RPM  gRPC_LAT   CPU(core) MEM(MiB) PODS
--------------------------------------------------------------------------------------
adservice            0.0       0.0        0.0       0.0        .01       249      2    
cartservice          0.0       0.0        0.0       0.0        .01       172      2    
checkoutservice      0.0       0.0        0.0       0.0        0         97       2    
currencyservice      0.0       0.0        0.0       0.0        0         138      2    
emailservice         0.0       0.0        0.0       0.0        .01       149      2    
frontend             0.0       0.0        0.0       0.0        0         215      2    
kubernetes-dashboard 0.0       0.0        0.0       0.0        0         7        1    
paymentservice       0.0       0.0        0.0       0.0        .01       128      2    
productcatalogservice 0.0       0.0        0.0       0.0        .01       113      2    
recommendationservice 0.0       0.0        0.0       0.0        .01       176      2    
redis-cart           0.0       0.0        0.0       0.0        .01       82       2    
shippingservice      0.0       0.0        0.0       0.0        .01       89       2    

[2025-12-01 20:39:24]
SERVICE              HTTP_RPM  HTTP_LAT   gRPC_RPM  gRPC_LAT   CPU(core) MEM(MiB) PODS
--------------------------------------------------------------------------------------
adservice            0.0       0.0        0.0       0.0        .01       249      2    
cartservice          0.0       0.0        0.0       0.0        .01       172      2    
checkoutservice      0.0       0.0        0.0       0.0        .01       97       2    
currencyservice      0.0       0.0        0.0       0.0        .01       139      2    
emailservice         0.0       0.0        0.0       0.0        .01       149      2    
frontend             0.0       0.0        0.0       0.0        0         215      2    
kubernetes-dashboard 0.0       0.0        0.0       0.0        0         7        1    
paymentservice       0.0       0.0        0.0       0.0        0         128      2    
productcatalogservice 0.0       0.0        0.0       0.0        0         113      2    
recommendationservice 0.0       0.0        0.0       0.0        .01       176      2    
redis-cart           0.0       0.0        0.0       0.0        .01       82       2    
shippingservice      0.0       0.0        0.0       0.0        .01       89       2    

[2025-12-01 20:39:34]
SERVICE              HTTP_RPM  HTTP_LAT   gRPC_RPM  gRPC_LAT   CPU(core) MEM(MiB) PODS
--------------------------------------------------------------------------------------
adservice            0.0       0.0        0.0       0.0        0         249      2    
cartservice          0.0       0.0        0.0       0.0        .01       172      2    
checkoutservice      0.0       0.0        0.0       0.0        0         97       2    
currencyservice      0.0       0.0        0.0       0.0        .01       138      2    
emailservice         0.0       0.0        0.0       0.0        .01       149      2    
frontend             0.0       0.0        0.0       0.0        0         215      2    
kubernetes-dashboard 0.0       0.0        0.0       0.0        0         7        1    
paymentservice       0.0       0.0        0.0       0.0        0         128      2    
productcatalogservice 0.0       0.0        0.0       0.0        0         113      2    
recommendationservice 0.0       0.0        0.0       0.0        .01       176      2    
redis-cart           0.0       0.0        0.0       0.0        .01       82       2    
shippingservice      0.0       0.0        0.0       0.0        .01       89       2    

[2025-12-01 20:39:44]
SERVICE              HTTP_RPM  HTTP_LAT   gRPC_RPM  gRPC_LAT   CPU(core) MEM(MiB) PODS
--------------------------------------------------------------------------------------
adservice            0.0       0.0        0.0       0.0        0         249      2    
cartservice          0.0       0.0        0.0       0.0        .01       172      2    
checkoutservice      0.0       0.0        0.0       0.0        0         97       2    
currencyservice      0.0       0.0        0.0       0.0        .01       138      2    
emailservice         0.0       0.0        0.0       0.0        .01       149      2    
frontend             0.0       0.0        0.0       0.0        0         215      2    
kubernetes-dashboard 0.0       0.0        0.0       0.0        0         7        1    
paymentservice       0.0       0.0        0.0       0.0        0         128      2    
productcatalogservice 0.0       0.0        0.0       0.0        0         113      2    
recommendationservice 0.0       0.0        0.0       0.0        .01       176      2    
redis-cart           0.0       0.0        0.0       0.0        .01       82       2    
shippingservice      0.0       0.0        0.0       0.0        .01       89       2    

[2025-12-01 20:39:54]
SERVICE              HTTP_RPM  HTTP_LAT   gRPC_RPM  gRPC_LAT   CPU(core) MEM(MiB) PODS
--------------------------------------------------------------------------------------
