Timestamp,User Count,Type,Name,Requests/s,Failures/s,50%,66%,75%,80%,90%,95%,98%,99%,99.9%,99.99%,100%,Total Request Count,Total Failure Count,Total Median Response Time,Total Average Response Time,Total Min Response Time,Total Max Response Time,Total Average Content Size
1787720534,0,,Aggregated,0.000000,0.000000,N/A,N/A,N/A,N/A,N/A,N/A,N/A,N/A,N/A,N/A,N/A,0,0,0,0.0,0,0,0
1787720535,10,,Aggregated,0.000000,0.000000,740,740,740,740,740,750,750,750,750,750,750,12,0,210,472.5248228254107,174.43966586142778,745.3757498878986,9168.666666666666
1787720536,10,,Aggregated,0.000000,0.000000,260,740,740,750,1200,1200,1400,1400,1400,1400,1400,24,0,220,508.0355659107833,116.10700003802776,1370.7594589795917,10271.166666666666
1787720537,10,,Aggregated,0.000000,0.000000,220,740,740,740,1200,1200,1400,1400,1400,1400,1400,26,0,210,481.0978364593421,116.10700003802776,1370.7594589795917,10030.923076923076
1787720538,10,,Aggregated,0.000000,0.000000,210,740,740,740,1200,1200,1400,1400,1400,1400,1400,28,0,210,455.25537342265517,114.85220794565976,1370.7594589795917,9865.25
1787720539,10,,Aggregated,8.333333,0.000000,210,740,740,740,1200,1200,1400,1400,1400,1400,1400,29,0,210,443.8156507877183,114.85220794565976,1370.7594589795917,9791.448275862069
1787720540,10,,Aggregated,7.000000,0.000000,210,260,740,740,1200,1200,1400,1400,1400,1400,1400,35,0,210,394.5152939297259,102.8125409502536,1370.7594589795917,9963.685714285713
1787720541,10,,Aggregated,5.600000,0.000000,200,210,260,740,750,1200,1400,1400,1400,1400,1400,42,0,200,352.97526577154974,102.8125409502536,1370.7594589795917,9918.47619047619
1787720542,10,,Aggregated,5.600000,0.000000,200,210,260,740,750,1200,1400,1400,1400,1400,1400,42,0,200,352.97526577154974,102.8125409502536,1370.7594589795917,9918.47619047619
1787720543,10,,Aggregated,5.428571,0.000000,200,210,260,740,750,1200,1400,1400,1400,1400,1400,47,0,200,335.3231515378711,102.8125409502536,1370.7594589795917,10053.27659574468
1787720544,10,,Aggregated,5.250000,0.000000,190,210,240,260,740,1200,1200,1400,1400,1400,1400,51,0,190,318.25932592847477,102.8125409502536,1370.7594589795917,9874.313725490196
1787720545,10,,Aggregated,4.777778,0.000000,190,210,220,260,740,1200,1200,1400,1400,1400,1400,53,0,190,312.0573804590781,102.8125409502536,1370.7594589795917,9840.509433962265
1787720546,10,,Aggregated,4.800000,0.000000,190,210,220,260,740,1200,1200,1400,1400,1400,1400,58,0,190,298.0649970945549,102.8125409502536,1370.7594589795917,9763.689655172413
1787720547,10,,Aggregated,5.100000,0.000000,190,210,220,240,740,1200,1200,1400,1400,1400,1400,62,0,170,287.80427014064645,102.8125409502536,1370.7594589795917,9776.435483870968
1787720548,10,,Aggregated,3.800000,0.000000,170,210,210,240,740,1200,1200,1400,1400,1400,1400,66,0,170,279.14979225236243,102.8125409502536,1370.7594589795917,9818.5
1787720549,10,,Aggregated,3.300000,0.000000,170,200,210,240,740,1200,1200,1400,1400,1400,1400,70,0,160,271.5792208111712,102.8125409502536,1370.7594589795917,9736.328571428572
1787720550,10,,Aggregated,3.400000,0.000000,160,200,210,240,740,1200,1200,1400,1400,1400,1400,77,0,160,261.4568019098324,99.54175003804266,1370.7594589795917,9783.77922077922
1787720551,10,,Aggregated,3.900000,0.000000,160,200,210,240,740,1200,1200,1400,1400,1400,1400,79,0,160,258.91392506199264,99.54175003804266,1370.7594589795917,9797.0
1787720552,10,,Aggregated,4.000000,0.000000,150,200,210,220,740,750,1200,1400,1400,1400,1400,85,0,150,250.43384948033182,99.54175003804266,1370.7594589795917,9750.211764705882
1787720553,10,,Aggregated,3.900000,0.000000,150,200,210,240,740,750,1200,1400,1400,1400,1400,90,0,150,247.5509620245753,99.54175003804266,1370.7594589795917,9719.333333333334
1787720554,10,,Aggregated,3.800000,0.000000,150,200,210,240,740,750,1200,1400,1400,1400,1400,95,0,150,242.84177586240205,99.54175003804266,1370.7594589795917,9704.378947368421
1787720555,10,,Aggregated,4.300000,0.000000,140,200,210,220,740,750,1200,1400,1400,1400,1400,97,0,140,240.4913165649764,99.54175003804266,1370.7594589795917,9663.958762886597
1787720556,10,,Aggregated,4.200000,0.000000,150,200,210,220,340,740,1200,1200,1400,1400,1400,101,0,150,238.329480178562,99.54175003804266,1370.7594589795917,9698.168316831683
1787720557,10,,Aggregated,4.400000,0.000000,140,200,210,220,340,740,1200,1200,1400,1400,1400,104,0,140,235.02102643117092,99.54175003804266,1370.7594589795917,9656.432692307691
1787720558,10,,Aggregated,4.300000,0.000000,150,200,210,220,340,740,1200,1200,1400,1400,1400,110,0,140,232.05093599178574,99.54175003804266,1370.7594589795917,9720.045454545454
1787720559,10,,Aggregated,4.300000,0.000000,150,200,210,240,310,740,1200,1200,1400,1400,1400,115,0,150,231.0803213743898,99.54175003804266,1370.7594589795917,9784.217391304348
1787720560,10,,Aggregated,4.200000,0.000000,150,200,210,220,310,740,1200,1200,1400,1400,1400,118,0,140,228.93039512811072,99.54175003804266,1370.7594589795917,9753.661016949152
1787720561,10,,Aggregated,4.300000,0.000000,150,200,210,220,290,740,1200,1200,1400,1400,1400,121,0,150,227.16694869570557,99.54175003804266,1370.7594589795917,9776.231404958678
1787720562,10,,Aggregated,4.500000,0.000000,140,200,210,220,290,740,1200,1200,1400,1400,1400,125,0,140,224.1405290029943,99.54175003804266,1370.7594589795917,9703.072
1787720563,10,,Aggregated,4.100000,0.000000,150,190,210,220,290,740,1200,1200,1400,1400,1400,130,0,140,222.141572756048,99.54175003804266,1370.7594589795917,9772.438461538462
1787720564,10,,Aggregated,4.100000,0.000000,150,190,210,210,270,740,1200,1200,1400,1400,1400,136,0,150,219.99924969243105,99.54175003804266,1370.7594589795917,9879.35294117647
1787720566,10,,Aggregated,3.900000,0.000000,150,200,210,220,290,740,1200,1200,1400,1400,1400,140,0,150,219.52203482422712,99.54175003804266,1370.7594589795917,9917.285714285714
1787720567,10,,Aggregated,4.000000,0.000000,150,200,210,210,270,740,1200,1200,1400,1400,1400,141,0,150,219.42324911620705,99.54175003804266,1370.7594589795917,9982.432624113475
1787720568,10,,Aggregated,4.100000,0.000000,150,190,210,210,270,740,1200,1200,1400,1400,1400,145,0,150,217.0419684049256,99.54175003804266,1370.7594589795917,9929.63448275862
1787720569,10,,Aggregated,4.300000,0.000000,150,200,210,210,270,740,1200,1200,1400,1400,1400,147,0,150,216.1816020518364,99.54175003804266,1370.7594589795917,9900.190476190477
1787720570,10,,Aggregated,4.000000,0.000000,150,190,210,210,260,740,1200,1200,1400,1400,1400,154,0,140,213.24351461235338,99.54175003804266,1370.7594589795917,9911.993506493507
1787720571,10,,Aggregated,4.100000,0.000000,140,190,200,210,260,740,1200,1200,1400,1400,1400,158,0,140,210.80984943251633,99.54175003804266,1370.7594589795917,9858.151898734177
1787720572,10,,Aggregated,3.700000,0.000000,140,190,200,210,260,740,1200,1200,1400,1400,1400,159,0,140,210.25375814071663,99.54175003804266,1370.7594589795917,9844.220125786163
1787720573,10,,Aggregated,3.800000,0.000000,140,190,200,210,260,740,1200,1200,1400,1400,1400,161,0,140,209.66689131997802,99.54175003804266,1370.7594589795917,9833.857142857143
1787720574,10,,Aggregated,4.000000,0.000000,140,190,200,210,260,740,1200,1200,1400,1400,1400,163,0,140,209.10922292351404,99.54175003804266,1370.7594589795917,9877.895705521472
1787720575,10,,Aggregated,3.600000,0.000000,140,190,210,210,260,740,1200,1200,1400,1400,1400,168,0,140,208.40222968503699,99.54175003804266,1370.7594589795917,9948.32142857143
1787720576,10,,Aggregated,3.300000,0.000000,140,190,200,210,260,740,1200,1200,1400,1400,1400,172,0,140,206.68829870978803,99.54175003804266,1370.7594589795917,9899.162790697674
1787720577,10,,Aggregated,3.300000,0.000000,140,190,200,210,260,740,1200,1200,1400,1400,1400,173,0,140,206.1948095033796,99.54175003804266,1370.7594589795917,9886.86705202312
1787720578,10,,Aggregated,3.000000,0.000000,140,190,200,210,260,740,1200,1200,1400,1400,1400,178,0,140,204.71373643318003,99.54175003804266,1370.7594589795917,9868.724719101123
1787720579,10,,Aggregated,3.100000,0.000000,140,190,200,210,260,740,1200,1200,1400,1400,1400,183,0,140,203.99686454825837,99.54175003804266,1370.7594589795917,9864.579234972678
1787720580,10,,Aggregated,3.200000,0.000000,140,190,200,210,260,740,1200,1200,1400,1400,1400,184,0,140,204.0529812296407,99.54175003804266,1370.7594589795917,9914.864130434782
1787720581,10,,Aggregated,3.300000,0.000000,140,190,200,210,260,740,1200,1200,1400,1400,1400,190,0,140,203.33053445271952,99.54175003804266,1370.7594589795917,9965.405263157894
1787720582,10,,Aggregated,3.000000,0.000000,140,190,200,210,260,740,1200,1200,1400,1400,1400,195,0,140,202.50959062518982,99.54175003804266,1370.7594589795917,10040.625641025641
1787720583,10,,Aggregated,3.000000,0.000000,140,190,200,210,260,740,1200,1200,1400,1400,1400,199,0,140,201.1784120853616,99.54175003804266,1370.7594589795917,9994.854271356784
1787720584,10,,Aggregated,3.200000,0.000000,140,190,200,210,260,340,750,1200,1400,1400,1400,202,0,140,200.02183645023126,99.54175003804266,1370.7594589795917,9973.935643564357
1787720585,10,,Aggregated,3.800000,0.000000,140,190,200,210,260,340,750,1200,1400,1400,1400,204,0,140,199.2352671759185,99.54175003804266,1370.7594589795917,9951.950980392157
1787720586,10,,Aggregated,3.800000,0.000000,140,190,200,210,260,340,750,1200,1400,1400,1400,207,0,140,198.3885596042886,99.54175003804266,1370.7594589795917,9955.502415458937
1787720587,10,,Aggregated,3.700000,0.000000,140,190,200,210,260,340,750,1200,1400,1400,1400,210,0,140,198.78056808042206,99.54175003804266,1370.7594589795917,10051.82380952381
1787720588,10,,Aggregated,3.600000,0.000000,140,190,200,210,260,340,750,1200,1400,1400,1400,216,0,140,197.18047474830033,99.54175003804266,1370.7594589795917,10040.12037037037
1787720589,10,,Aggregated,3.600000,0.000000,140,190,200,210,260,340,750,1200,1400,1400,1400,219,0,140,197.2173152780628,99.54175003804266,1370.7594589795917,10093.890410958904
1787720590,10,,Aggregated,3.700000,0.000000,140,190,200,210,260,310,750,1200,1400,1400,1400,222,0,140,196.63090561097067,99.54175003804266,1370.7594589795917,10106.657657657657
1787720591,10,,Aggregated,3.600000,0.000000,140,190,200,210,260,310,750,1200,1400,1400,1400,227,0,140,196.0128353752754,99.54175003804266,1370.7594589795917,10098.625550660792
1787720592,10,,Aggregated,3.700000,0.000000,140,190,200,210,260,310,750,1200,1400,1400,1400,231,0,140,194.9576591181839,99.54175003804266,1370.7594589795917,10094.34632034632
1787720593,10,,Aggregated,3.600000,0.000000,140,190,200,210,260,310,750,1200,1400,1400,1400,235,0,140,195.715993642807,99.54175003804266,1370.7594589795917,10180.83829787234
1787720594,10,,Aggregated,3.600000,0.000000,140,190,200,210,260,310,750,1200,1400,1400,1400,238,0,140,195.40481322382365,99.54175003804266,1370.7594589795917,10233.79411764706
1787720595,10,,Aggregated,3.500000,0.000000,140,190,200,210,260,310,750,1200,1400,1400,1400,241,0,140,194.39314732509683,96.74070798791945,1370.7594589795917,10212.809128630706
1787720596,10,,Aggregated,3.600000,0.000000,140,190,200,210,260,310,750,1200,1400,1400,1400,245,0,140,193.2986843741822,96.74070798791945,1370.7594589795917,10172.538775510204
1787720597,10,,Aggregated,3.600000,0.000000,140,190,200,210,260,310,750,1200,1400,1400,1400,246,0,140,193.24634250298868,96.74070798791945,1370.7594589795917,10197.361788617885
1787720598,10,,Aggregated,3.700000,0.000000,140,190,200,210,260,310,750,1200,1400,1400,1400,249,0,140,192.88210443830692,96.74070798791945,1370.7594589795917,10213.33734939759
1787720599,10,,Aggregated,3.700000,0.000000,140,190,200,210,260,310,740,1200,1400,1400,1400,252,0,140,192.68429003626343,96.74070798791945,1370.7594589795917,10237.781746031746
1787720600,10,,Aggregated,3.400000,0.000000,140,190,200,210,260,310,740,1200,1400,1400,1400,257,0,140,191.77966004741245,96.74070798791945,1370.7594589795917,10233.677042801557
1787720601,10,,Aggregated,3.400000,0.000000,140,190,200,210,260,310,740,1200,1400,1400,1400,259,0,140,191.51587052626758,96.74070798791945,1370.7594589795917,10247.293436293436
1787720602,10,,Aggregated,3.400000,0.000000,140,190,200,210,260,300,740,1200,1400,1400,1400,262,0,140,191.37269739001164,96.74070798791945,1370.7594589795917,10266.946564885497
1787720603,10,,Aggregated,3.300000,0.000000,140,190,200,210,260,300,740,1200,1400,1400,1400,268,0,140,190.6791971683669,96.74070798791945,1370.7594589795917,10288.477611940298
1787720604,10,,Aggregated,3.100000,0.000000,140,190,200,210,260,300,740,1200,1400,1400,1400,270,0,140,190.21218027833297,96.74070798791945,1370.7594589795917,10265.633333333333
1787720605,10,,Aggregated,3.300000,0.000000,140,190,200,210,260,300,740,1200,1400,1400,1400,275,0,140,190.44403670271012,96.74070798791945,1370.7594589795917,10307.792727272727
1787720606,10,,Aggregated,3.100000,0.000000,140,190,200,210,260,300,740,1200,1400,1400,1400,279,0,140,189.6140921800848,96.74070798791945,1370.7594589795917,10276.125448028673
1787720607,10,,Aggregated,3.100000,0.000000,140,190,200,210,260,300,740,1200,1400,1400,1400,281,0,140,189.6831296314734,96.74070798791945,1370.7594589795917,10293.523131672599
1787720608,10,,Aggregated,3.200000,0.000000,140,190,200,210,260,300,740,1200,1400,1400,1400,286,0,140,189.51243388961507,96.74070798791945,1370.7594589795917,10357.800699300698
1787720609,10,,Aggregated,3.200000,0.000000,140,190,200,210,260,300,740,1200,1400,1400,1400,289,0,140,189.06832773924828,96.74070798791945,1370.7594589795917,10339.712802768167
1787720610,10,,Aggregated,3.500000,0.000000,140,190,200,210,260,300,740,1200,1400,1400,1400,291,0,140,188.93225246614736,96.74070798791945,1370.7594589795917,10356.182130584193
1787720611,10,,Aggregated,3.600000,0.000000,140,190,200,210,260,300,740,1200,1400,1400,1400,294,0,140,188.32694135961077,96.74070798791945,1370.7594589795917,10329.683673469388
1787720612,10,,Aggregated,3.700000,0.000000,140,190,200,210,260,300,740,1200,1400,1400,1400,297,0,140,187.95783308598052,96.74070798791945,1370.7594589795917,10332.481481481482
1787720613,10,,Aggregated,3.500000,0.000000,140,190,200,210,260,300,740,1200,1400,1400,1400,306,0,140,187.74155845479078,96.74070798791945,1370.7594589795917,10322.356209150326
1787720614,10,,Aggregated,3.600000,0.000000,140,190,200,210,260,300,740,1200,1400,1400,1400,309,0,140,187.71159389390817,96.74070798791945,1370.7594589795917,10330.472491909386
1787720615,10,,Aggregated,3.500000,0.000000,140,190,200,210,260,300,740,1200,1400,1400,1400,312,0,140,187.10428930801123,96.74070798791945,1370.7594589795917,10313.935897435897
1787720616,10,,Aggregated,3.500000,0.000000,140,190,200,210,260,300,740,1200,1400,1400,1400,314,0,140,186.681983589082,96.74070798791945,1370.7594589795917,10297.519108280254
1787720617,10,,Aggregated,3.500000,0.000000,140,190,200,210,260,300,740,1200,1400,1400,1400,316,0,140,186.43293437648188,96.74070798791945,1370.7594589795917,10289.243670886075
1787720618,10,,Aggregated,3.800000,0.000000,140,180,200,210,260,300,740,1200,1400,1400,1400,318,0,140,186.0313433326441,96.74070798791945,1370.7594589795917,10273.235849056604
1787720619,10,,Aggregated,3.400000,0.000000,130,180,200,210,260,290,740,1200,1400,1400,1400,322,0,130,185.25543055274403,96.74070798791945,1370.7594589795917,10241.97204968944
1787720620,10,,Aggregated,3.200000,0.000000,130,180,200,210,260,290,740,1200,1400,1400,1400,325,0,130,184.75129016889974,96.74070798791945,1370.7594589795917,10219.043076923077
1787720621,10,,Aggregated,3.200000,0.000000,130,180,200,210,260,290,740,1200,1400,1400,1400,330,0,130,184.64405773786095,96.74070798791945,1370.7594589795917,10203.878787878788
1787720622,10,,Aggregated,3.200000,0.000000,130,180,200,210,260,290,740,1200,1400,1400,1400,331,0,130,184.44593420063688,96.74070798791945,1370.7594589795917,10196.166163141994
1787720623,10,,Aggregated,3.600000,0.000000,130,180,200,210,260,290,740,1200,1400,1400,1400,335,0,130,184.36428212713616,96.74070798791945,1370.7594589795917,10193.050746268656
1787720624,10,,Aggregated,3.400000,0.000000,140,180,200,210,260,290,740,1200,1400,1400,1400,340,0,130,184.25978398470974,96.74070798791945,1370.7594589795917,10169.141176470588
1787720625,10,,Aggregated,3.000000,0.000000,140,190,200,210,260,300,740,1200,1400,1400,1400,350,0,140,184.70263873359985,96.74070798791945,1370.7594589795917,10224.742857142857
1787720626,10,,Aggregated,3.100000,0.000000,140,180,200,210,260,300,740,1200,1400,1400,1400,353,0,140,184.66975382085963,96.74070798791945,1370.7594589795917,10231.827195467422
1787720627,10,,Aggregated,3.900000,0.000000,140,180,200,210,260,300,740,1200,1400,1400,1400,355,0,140,184.2999957036227,96.74070798791945,1370.7594589795917,10217.701408450705
1787720628,10,,Aggregated,3.700000,0.000000,140,180,200,210,260,300,740,1200,1400,1400,1400,358,0,140,184.01729206062916,96.74070798791945,1370.7594589795917,10224.287709497206
1787720629,10,,Aggregated,3.900000,0.000000,140,180,200,210,260,290,740,1200,1400,1400,1400,361,0,140,183.76479032604215,96.74070798791945,1370.7594589795917,10200.573407202217
1787720630,10,,Aggregated,4.000000,0.000000,140,180,200,210,260,290,740,1200,1400,1400,1400,366,0,140,183.72164018162084,96.74070798791945,1370.7594589795917,10222.210382513662
1787720631,10,,Aggregated,3.800000,0.000000,140,180,200,210,260,290,740,1200,1400,1400,1400,368,0,140,183.6370577840843,96.74070798791945,1370.7594589795917,10231.592391304348
1787720632,10,,Aggregated,4.200000,0.000000,140,180,200,210,260,290,740,1200,1400,1400,1400,371,0,140,183.6667261174265,96.74070798791945,1370.7594589795917,10235.210242587602
1787720633,10,,Aggregated,4.200000,0.000000,140,180,200,210,260,290,740,1200,1400,1400,1400,373,0,140,183.3550240551109,96.74070798791945,1370.7594589795917,10218.949061662199
1787720634,10,,Aggregated,3.900000,0.000000,140,180,200,210,260,290,740,1200,1400,1400,1400,380,0,140,183.0883045276431,96.74070798791945,1370.7594589795917,10240.457894736843
1787720635,10,,Aggregated,3.900000,0.000000,140,180,200,210,260,290,740,1200,1400,1400,1400,381,0,140,182.9417196286994,96.74070798791945,1370.7594589795917,10233.761154855643
1787720636,10,,Aggregated,3.800000,0.000000,140,180,200,210,260,290,740,1200,1400,1400,1400,385,0,140,182.7816604201186,96.74070798791945,1370.7594589795917,10229.6
1787720637,10,,Aggregated,3.300000,0.000000,130,180,200,210,260,290,740,1200,1400,1400,1400,390,0,130,182.08301787634787,96.74070798791945,1370.7594589795917,10195.05641025641
1787720638,10,,Aggregated,3.300000,0.000000,140,180,200,210,260,290,740,1200,1400,1400,1400,399,0,140,182.5364240040223,96.74070798791945,1370.7594589795917,10247.847117794487
1787720639,10,,Aggregated,3.300000,0.000000,140,180,200,210,260,290,740,750,1400,1400,1400,401,0,140,182.32257390380872,96.74070798791945,1370.7594589795917,10232.690773067332
1787720640,10,,Aggregated,3.300000,0.000000,140,180,200,210,260,290,740,750,1400,1400,1400,403,0,140,182.89085000547726,96.74070798791945,1370.7594589795917,10232.660049627792
1787720641,10,,Aggregated,4.100000,0.000000,140,180,200,210,260,290,740,750,1400,1400,1400,408,0,140,182.53951432416216,96.74070798791945,1370.7594589795917,10220.151960784313
1787720642,10,,Aggregated,3.900000,0.000000,140,180,200,210,260,290,740,750,1400,1400,1400,412,0,140,182.19000649880346,96.74070798791945,1370.7594589795917,10196.099514563106
1787720643,10,,Aggregated,4.100000,0.000000,140,180,200,210,260,290,740,750,1400,1400,1400,414,0,140,181.96088307849828,96.74070798791945,1370.7594589795917,10183.86231884058
1787720644,10,,Aggregated,3.900000,0.000000,140,180,200,210,260,290,740,750,1400,1400,1400,419,0,140,181.40444483359062,96.74070798791945,1370.7594589795917,10158.315035799522
1787720645,10,,Aggregated,3.900000,0.000000,130,180,200,210,260,290,740,750,1400,1400,1400,421,0,130,181.09672785528676,96.74070798791945,1370.7594589795917,10146.94299287411
1787720646,10,,Aggregated,3.900000,0.000000,140,180,200,210,260,290,740,750,1400,1400,1400,424,0,130,180.959967396635,96.74070798791945,1370.7594589795917,10155.771226415094
1787720647,10,,Aggregated,4.000000,0.000000,140,180,200,210,260,290,740,750,1400,1400,1400,429,0,140,180.84264221212595,96.74070798791945,1370.7594589795917,10153.379953379954
1787720648,10,,Aggregated,3.700000,0.000000,140,180,200,210,260,290,740,750,1400,1400,1400,433,0,140,180.6379733644813,96.74070798791945,1370.7594589795917,10154.009237875289
1787720649,10,,Aggregated,4.000000,0.000000,140,180,200,210,260,290,740,750,1400,1400,1400,437,0,140,180.66494338623582,96.74070798791945,1370.7594589795917,10152.029748283752
1787720650,10,,Aggregated,4.000000,0.000000,140,180,200,210,260,290,740,750,1400,1400,1400,438,0,130,180.52925477835635,96.74070798791945,1370.7594589795917,10146.570776255709
1787720651,10,,Aggregated,3.600000,0.000000,130,180,200,210,260,290,740,750,1400,1400,1400,441,0,130,180.1201559163951,96.74070798791945,1370.7594589795917,10130.387755102041
1787720652,10,,Aggregated,3.500000,0.000000,130,180,200,210,260,290,740,750,1400,1400,1400,448,0,130,179.71145826231805,96.74070798791945,1370.7594589795917,10114.497767857143
1787720653,10,,Aggregated,3.200000,0.000000,140,180,200,210,260,290,740,750,1400,1400,1400,452,0,140,179.86691179911944,96.74070798791945,1370.7594589795917,10112.320796460177
1787720654,10,,Aggregated,3.500000,0.000000,140,180,200,210,260,290,740,750,1400,1400,1400,455,0,140,179.80432080483618,96.74070798791945,1370.7594589795917,10135.892307692307
1787720655,10,,Aggregated,3.600000,0.000000,140,180,200,210,260,290,740,750,1400,1400,1400,457,0,140,179.84227418004895,96.74070798791945,1370.7594589795917,10153.23194748359
1787720656,10,,Aggregated,3.800000,0.000000,140,180,200,210,260,290,740,750,1400,1400,1400,463,0,140,179.30012087983363,96.74070798791945,1370.7594589795917,10140.380129589634
1787720657,10,,Aggregated,3.400000,0.000000,140,180,200,210,260,290,740,750,1400,1400,1400,466,0,140,179.26660364907426,96.74070798791945,1370.7594589795917,10135.663090128755
1787720658,10,,Aggregated,3.900000,0.000000,140,180,200,210,260,290,740,750,1400,1400,1400,470,0,140,179.18064008823575,96.74070798791945,1370.7594589795917,10138.606382978724
1787720659,10,,Aggregated,3.600000,0.000000,140,180,200,210,260,290,740,750,1400,1400,1400,474,0,140,178.96137290873924,96.74070798791945,1370.7594589795917,10148.51687763713
1787720660,10,,Aggregated,3.800000,0.000000,140,180,200,210,260,290,740,750,1400,1400,1400,477,0,140,178.9616970857898,96.74070798791945,1370.7594589795917,10148.610062893082
1787720661,10,,Aggregated,3.700000,0.000000,140,180,200,210,260,290,740,750,1400,1400,1400,481,0,140,178.6170864735271,96.74070798791945,1370.7594589795917,10155.754677754678
1787720662,10,,Aggregated,3.800000,0.000000,130,180,200,210,260,290,740,750,1400,1400,1400,486,0,130,177.95962493707628,96.74070798791945,1370.7594589795917,10130.730452674898
1787720663,10,,Aggregated,4.000000,0.000000,140,180,200,210,260,290,740,750,1400,1400,1400,493,0,140,178.10420354244508,96.74070798791945,1370.7594589795917,10188.841784989858
1787720664,10,,Aggregated,3.900000,0.000000,140,180,200,210,260,290,740,750,1400,1400,1400,495,0,140,178.26182342491893,96.74070798791945,1370.7594589795917,10199.044444444444
1787720665,10,,Aggregated,4.000000,0.000000,140,180,200,210,260,290,740,750,1400,1400,1400,497,0,140,178.0618015841639,96.74070798791945,1370.7594589795917,10189.30985915493
1787720666,10,,Aggregated,4.000000,0.000000,140,180,200,210,260,290,340,740,1400,1400,1400,502,0,140,177.98030405607727,96.74070798791945,1370.7594589795917,10189.756972111554
1787720667,10,,Aggregated,4.000000,0.000000,140,180,200,210,260,290,340,740,1400,1400,1400,508,0,140,178.22267522111417,96.74070798791945,1370.7594589795917,10233.498031496063
1787720668,10,,Aggregated,3.800000,0.000000,140,180,200,210,260,290,340,740,1400,1400,1400,512,0,140,178.11919956648126,96.74070798791945,1370.7594589795917,10235.623046875
1787720669,10,,Aggregated,4.100000,0.000000,140,180,200,210,260,290,340,740,1400,1400,1400,514,0,140,178.0914496816151,96.74070798791945,1370.7594589795917,10245.268482490272
1787720670,10,,Aggregated,4.200000,0.000000,140,180,200,210,260,290,340,740,1400,1400,1400,517,0,140,178.0358046636425,96.74070798791945,1370.7594589795917,10255.052224371373
1787720671,10,,Aggregated,3.900000,0.000000,140,180,200,210,260,290,340,740,1400,1400,1400,524,0,140,177.81674095655202,96.74070798791945,1370.7594589795917,10275.238549618321
1787720672,10,,Aggregated,4.000000,0.000000,140,180,200,210,260,290,340,740,1400,1400,1400,527,0,140,177.65628646898386,96.74070798791945,1370.7594589795917,10279.74762808349
1787720673,10,,Aggregated,4.200000,0.000000,140,180,200,210,260,290,340,740,1400,1400,1400,530,0,140,177.6291498624421,96.74070798791945,1370.7594589795917,10284.81320754717
1787720674,10,,Aggregated,4.200000,0.000000,140,180,200,210,260,290,340,740,1400,1400,1400,533,0,140,177.51806818811994,96.74070798791945,1370.7594589795917,10270.65478424015
1787720675,10,,Aggregated,3.800000,0.000000,140,180,200,210,260,290,340,740,1400,1400,1400,537,0,140,177.0625225219744,96.74070798791945,1370.7594589795917,10250.072625698323
1787720676,10,,Aggregated,3.900000,0.000000,140,180,200,210,260,290,340,740,1400,1400,1400,543,0,140,176.6024919614388,96.74070798791945,1370.7594589795917,10236.756906077348
1787720677,10,,Aggregated,3.900000,0.000000,140,180,200,210,260,290,380,740,1400,1400,1400,549,0,140,176.92536765536488,96.74070798791945,1370.7594589795917,10276.979963570127
1787720678,10,,Aggregated,4.100000,0.000000,140,180,200,210,260,290,340,740,1400,1400,1400,551,0,140,176.70875031901642,96.74070798791945,1370.7594589795917,10267.860254083485
1787720679,10,,Aggregated,4.000000,0.000000,140,180,200,210,260,290,340,740,1400,1400,1400,557,0,140,176.57050540164127,96.74070798791945,1370.7594589795917,10256.53500897666
1787720680,10,,Aggregated,3.900000,0.000000,140,180,200,210,260,290,340,740,1400,1400,1400,560,0,140,176.83151601397964,96.74070798791945,1370.7594589795917,10273.360714285714
1787720681,10,,Aggregated,4.200000,0.000000,140,180,200,210,260,290,340,740,1400,1400,1400,565,0,140,176.37639876652872,96.74070798791945,1370.7594589795917,10248.846017699116
1787720682,10,,Aggregated,4.200000,0.000000,140,180,200,210,260,290,340,740,1400,1400,1400,568,0,140,176.0752994618805,96.74070798791945,1370.7594589795917,10235.62676056338
1787720683,10,,Aggregated,4.100000,0.000000,140,180,200,210,260,290,340,740,1400,1400,1400,573,0,140,176.36608015331416,96.74070798791945,1370.7594589795917,10249.272251308901
1787720684,10,,Aggregated,4.100000,0.000000,140,180,200,210,260,290,340,740,1400,1400,1400,577,0,140,176.60655338475334,96.74070798791945,1370.7594589795917,10254.526863084922
1787720685,10,,Aggregated,4.200000,0.000000,140,180,200,210,260,290,340,740,1400,1400,1400,583,0,140,176.26076874380698,96.74070798791945,1370.7594589795917,10235.63293310463
1787720686,10,,Aggregated,4.100000,0.000000,140,180,200,210,260,290,340,740,1400,1400,1400,588,0,140,176.1828095435963,96.74070798791945,1370.7594589795917,10251.03911564626
1787720687,10,,Aggregated,4.100000,0.000000,140,180,200,210,260,290,340,740,1400,1400,1400,590,0,140,176.29375771808802,96.74070798791945,1370.7594589795917,10257.057627118644
1787720688,10,,Aggregated,4.500000,0.000000,140,180,200,210,260,290,340,740,1400,1400,1400,593,0,140,176.07451512786116,96.74070798791945,1370.7594589795917,10244.283305227656
1787720689,10,,Aggregated,4.600000,0.000000,140,180,200,210,260,290,340,740,1400,1400,1400,598,0,140,175.75658558296308,96.74070798791945,1370.7594589795917,10227.794314381272
1787720690,10,,Aggregated,4.300000,0.000000,140,180,200,210,260,290,340,740,1400,1400,1400,600,0,140,175.65895890933461,96.74070798791945,1370.7594589795917,10233.733333333334
1787720691,10,,Aggregated,4.000000,0.000000,140,180,200,210,260,290,340,740,1400,1400,1400,604,0,140,175.42705679387902,96.74070798791945,1370.7594589795917,10221.556291390729
1787720692,10,,Aggregated,4.000000,0.000000,140,180,200,210,260,290,340,740,1400,1400,1400,608,0,140,175.5153942772028,96.74070798791945,1370.7594589795917,10232.830592105263
1787720693,10,,Aggregated,4.000000,0.000000,140,180,200,210,260,290,340,740,1400,1400,1400,609,0,140,175.61953983992976,96.74070798791945,1370.7594589795917,10228.830870279146
1787720694,10,,Aggregated,3.900000,0.000000,140,180,200,210,260,290,340,740,1400,1400,1400,612,0,140,175.39339592403374,96.74070798791945,1370.7594589795917,10216.48366013072
1787720695,10,,Aggregated,4.000000,0.000000,140,180,200,210,260,290,340,740,1400,1400,1400,614,0,140,175.24239911314052,96.74070798791945,1370.7594589795917,10208.415309446254
1787720696,10,,Aggregated,3.600000,0.000000,140,180,200,210,260,290,340,740,1400,1400,1400,620,0,130,174.88023302285,96.74070798791945,1370.7594589795917,10200.501612903226
1787720697,10,,Aggregated,3.500000,0.000000,140,180,200,210,260,290,340,740,1400,1400,1400,623,0,140,174.77122701765794,96.74070798791945,1370.7594589795917,10202.29695024077
1787720698,10,,Aggregated,3.100000,0.000000,130,180,200,210,260,290,340,740,1400,1400,1400,626,0,130,174.50649995831387,96.74070798791945,1370.7594589795917,10188.9089456869
1787720699,10,,Aggregated,3.000000,0.000000,130,180,200,210,260,290,340,740,1400,1400,1400,627,0,130,174.43407378775888,96.74070798791945,1370.7594589795917,10185.039872408293
1787720700,10,,Aggregated,3.200000,0.000000,130,180,200,210,260,290,340,740,1400,1400,1400,631,0,130,174.23626078734037,96.74070798791945,1370.7594589795917,10167.660855784468
1787720701,10,,Aggregated,3.200000,0.000000,130,180,200,210,260,290,340,740,1400,1400,1400,635,0,130,174.19306072113142,96.74070798791945,1370.7594589795917,10168.505511811023
1787720702,10,,Aggregated,2.900000,0.000000,130,180,200,210,260,290,340,740,1400,1400,1400,638,0,130,174.1415171378196,96.74070798791945,1370.7594589795917,10161.062695924766
1787720703,10,,Aggregated,3.000000,0.000000,140,180,200,210,260,290,340,740,1400,1400,1400,642,0,130,174.27389586171734,96.74070798791945,1370.7594589795917,10152.271028037383
1787720704,10,,Aggregated,3.000000,0.000000,140,180,200,210,260,290,340,740,1400,1400,1400,647,0,140,174.27271531701916,96.74070798791945,1370.7594589795917,10161.802163833076
1787720705,10,,Aggregated,3.000000,0.000000,130,180,200,210,260,290,340,740,1400,1400,1400,651,0,130,173.92562317358653,96.74070798791945,1370.7594589795917,10145.299539170506
1787720706,10,,Aggregated,3.200000,0.000000,130,180,200,210,260,290,340,740,1400,1400,1400,654,0,130,173.84050582786196,96.74070798791945,1370.7594589795917,10149.622324159021
1787720707,10,,Aggregated,3.400000,0.000000,130,180,200,210,260,290,340,740,1400,1400,1400,659,0,130,173.91797790038137,96.74070798791945,1370.7594589795917,10160.55842185129
1787720708,10,,Aggregated,3.600000,0.000000,130,180,200,210,260,290,340,740,1400,1400,1400,661,0,130,174.01538782650195,96.74070798791945,1370.7594589795917,10149.751891074131
1787720709,10,,Aggregated,3.500000,0.000000,130,180,200,210,260,290,340,740,1400,1400,1400,665,0,130,174.12140535687874,96.74070798791945,1370.7594589795917,10150.209022556392
1787720710,10,,Aggregated,3.500000,0.000000,140,180,200,210,260,290,340,740,1400,1400,1400,670,0,130,173.97012335262193,96.74070798791945,1370.7594589795917,10150.677611940298
1787720711,10,,Aggregated,3.500000,0.000000,140,180,200,210,260,290,340,740,1400,1400,1400,672,0,130,173.94921692140912,96.74070798791945,1370.7594589795917,10160.313988095239
1787720712,10,,Aggregated,3.800000,0.000000,140,180,200,210,260,290,340,740,1400,1400,1400,676,0,130,173.83953177414216,96.74070798791945,1370.7594589795917,10156.78698224852
1787720713,10,,Aggregated,3.900000,0.000000,140,180,200,210,260,290,340,740,1400,1400,1400,679,0,140,173.92039816587922,96.74070798791945,1370.7594589795917,10162.328424153166
1787720714,10,,Aggregated,3.700000,0.000000,140,180,200,210,260,290,340,740,1400,1400,1400,685,0,140,174.01899163760788,96.74070798791945,1370.7594589795917,10155.522627737226
1787720716,10,,Aggregated,3.700000,0.000000,140,180,200,210,260,290,340,740,1400,1400,1400,690,0,130,173.71911211006775,96.74070798791945,1370.7594589795917,10156.70724637681
1787720717,10,,Aggregated,3.700000,0.000000,140,180,200,210,260,290,340,740,1400,1400,1400,693,0,140,173.80710332761927,96.74070798791945,1370.7594589795917,10150.040404040405
1787720718,10,,Aggregated,3.800000,0.000000,140,180,200,210,260,290,340,740,1400,1400,1400,701,0,140,174.00373309450796,96.74070798791945,1370.7594589795917,10151.563480741797
1787720719,10,,Aggregated,3.900000,0.000000,140,180,200,210,260,290,340,740,1400,1400,1400,705,0,140,174.0299035808243,96.74070798791945,1370.7594589795917,10149.809929078014
1787720720,10,,Aggregated,3.800000,0.000000,140,180,200,210,260,290,340,740,1400,1400,1400,708,0,140,173.8082221380335,96.74070798791945,1370.7594589795917,10137.889830508475
1787720721,10,,Aggregated,4.200000,0.000000,140,180,200,210,260,290,340,740,1400,1400,1400,712,0,140,173.6431496709669,96.74070798791945,1370.7594589795917,10138.922752808989
1787720722,10,,Aggregated,4.400000,0.000000,140,180,200,210,260,290,340,740,1400,1400,1400,716,0,140,173.62306177760502,96.74070798791945,1370.7594589795917,10140.899441340782
1787720723,10,,Aggregated,4.300000,0.000000,140,180,200,210,260,290,340,740,1400,1400,1400,722,0,140,173.73447458568052,96.74070798791945,1370.7594589795917,10145.216066481995
1787720724,10,,Aggregated,4.200000,0.000000,140,180,200,210,260,290,340,740,1400,1400,1400,724,0,140,173.5689735052289,96.74070798791945,1370.7594589795917,10138.53591160221
1787720725,10,,Aggregated,4.400000,0.000000,140,180,200,210,260,290,340,740,1400,1400,1400,726,0,140,173.49453757134762,96.74070798791945,1370.7594589795917,10132.037190082645
1787720726,10,,Aggregated,4.600000,0.000000,140,180,200,210,260,290,340,740,1400,1400,1400,730,0,140,173.22148137266606,96.74070798791945,1370.7594589795917,10118.841095890411
1787720727,10,,Aggregated,4.500000,0.000000,140,180,200,210,260,290,340,740,1400,1400,1400,735,0,140,173.13213801917425,96.74070798791945,1370.7594589795917,10129.907482993198
1787720728,10,,Aggregated,4.100000,0.000000,140,180,200,210,260,290,340,740,1400,1400,1400,741,0,140,173.00520190282873,96.74070798791945,1370.7594589795917,10123.825910931175
1787720729,10,,Aggregated,4.000000,0.000000,140,180,200,210,260,290,340,740,1400,1400,1400,742,0,140,172.9387844579465,96.74070798791945,1370.7594589795917,10120.659029649596
1787720730,10,,Aggregated,4.000000,0.000000,140,180,200,210,260,290,340,740,1400,1400,1400,749,0,140,173.29085656461643,96.74070798791945,1370.7594589795917,10128.276368491323
1787720731,10,,Aggregated,4.000000,0.000000,140,180,200,210,260,290,340,740,1400,1400,1400,750,0,140,173.32099147854993,96.74070798791945,1370.7594589795917,10128.553333333333
1787720732,10,,Aggregated,3.700000,0.000000,140,180,200,210,260,290,340,740,1400,1400,1400,753,0,140,173.17593640092497,96.74070798791945,1370.7594589795917,10122.398406374503
1787720733,10,,Aggregated,3.800000,0.000000,140,180,200,210,260,290,340,740,1400,1400,1400,760,0,140,173.10588912437916,96.74070798791945,1370.7594589795917,10145.32105263158
1787720734,10,,Aggregated,3.800000,0.000000,140,180,200,210,260,290,340,740,1400,1400,1400,760,0,140,173.10588912437916,96.74070798791945,1370.7594589795917,10145.32105263158
1787720735,10,,Aggregated,3.700000,0.000000,140,180,200,210,260,290,340,740,1400,1400,1400,763,0,140,173.07494536895416,96.74070798791945,1370.7594589795917,10161.929226736565
1787720736,10,,Aggregated,3.700000,0.000000,140,180,200,210,260,290,340,740,1400,1400,1400,765,0,140,173.02735694988442,96.74070798791945,1370.7594589795917,10168.640522875818
1787720737,10,,Aggregated,3.600000,0.000000,140,180,200,210,260,290,340,740,1400,1400,1400,769,0,140,172.8985230607963,96.74070798791945,1370.7594589795917,10159.344603381014
1787720738,10,,Aggregated,3.700000,0.000000,140,180,200,210,260,290,340,740,1400,1400,1400,773,0,140,172.75925779373011,96.74070798791945,1370.7594589795917,10156.319534282018
1787720739,10,,Aggregated,3.500000,0.000000,140,180,200,210,260,290,340,740,1400,1400,1400,777,0,140,172.7152076688268,96.74070798791945,1370.7594589795917,10158.49806949807
1787720740,10,,Aggregated,3.400000,0.000000,140,180,200,210,260,290,340,740,1400,1400,1400,780,0,140,172.78773913559957,96.74070798791945,1370.7594589795917,10158.712820512821
1787720741,10,,Aggregated,3.200000,0.000000,140,180,200,210,260,290,340,740,1400,1400,1400,784,0,140,172.6127393506301,96.74070798791945,1370.7594589795917,10164.581632653062
1787720742,10,,Aggregated,3.200000,0.000000,140,180,200,210,260,290,340,740,1400,1400,1400,789,0,140,172.52234857486908,96.74070798791945,1370.7594589795917,10176.319391634981
1787720743,10,,Aggregated,3.400000,0.000000,140,180,200,210,260,290,340,740,1400,1400,1400,792,0,140,172.50646983427373,96.74070798791945,1370.7594589795917,10179.77904040404
1787720744,10,,Aggregated,3.400000,0.000000,140,180,200,210,260,290,340,740,1400,1400,1400,792,0,140,172.50646983427373,96.74070798791945,1370.7594589795917,10179.77904040404
1787720745,10,,Aggregated,3.200000,0.000000,140,180,200,210,260,290,340,740,1400,1400,1400,799,0,140,172.42881167010964,96.74070798791945,1370.7594589795917,10176.216520650814
1787720746,10,,Aggregated,3.200000,0.000000,140,180,200,210,260,290,340,740,1400,1400,1400,800,0,140,172.35922560299514,96.74070798791945,1370.7594589795917,10173.2425
1787720747,10,,Aggregated,3.200000,0.000000,140,180,200,210,260,290,330,740,1400,1400,1400,804,0,140,172.29490171896703,96.74070798791945,1370.7594589795917,10185.896766169155
1787720748,10,,Aggregated,3.500000,0.000000,140,180,200,210,260,290,330,740,1400,1400,1400,808,0,140,172.19237049137897,96.74070798791945,1370.7594589795917,10173.846534653465
1787720749,10,,Aggregated,3.500000,0.000000,140,180,200,210,260,290,330,740,1400,1400,1400,812,0,140,172.09366120523063,96.74070798791945,1370.7594589795917,10165.112068965518
1787720750,10,,Aggregated,3.400000,0.000000,140,180,200,210,260,290,340,740,1400,1400,1400,819,0,140,172.29749702607418,96.74070798791945,1370.7594589795917,10192.670329670329
1787720751,10,,Aggregated,3.400000,0.000000,140,180,200,210,260,290,340,740,1400,1400,1400,819,0,140,172.29749702607418,96.74070798791945,1370.7594589795917,10192.670329670329
1787720752,10,,Aggregated,3.600000,0.000000,140,180,200,210,260,290,340,740,1400,1400,1400,823,0,140,172.0904386664581,96.74070798791945,1370.7594589795917,10181.030376670717
1787720753,10,,Aggregated,3.500000,0.000000,140,180,200,210,260,290,340,740,1400,1400,1400,829,0,140,172.06632401131372,96.74070798791945,1370.7594589795917,10205.891435464415
1787720754,10,,Aggregated,3.300000,0.000000,140,180,200,210,260,290,340,740,1400,1400,1400,833,0,140,172.20480644897674,96.74070798791945,1370.7594589795917,10221.623049219688
1787720755,10,,Aggregated,3.600000,0.000000,140,180,200,210,260,290,340,740,1400,1400,1400,839,0,140,172.14481438858672,96.74070798791945,1370.7594589795917,10241.252681764005
1787720756,10,,Aggregated,3.600000,0.000000,140,180,200,210,260,290,340,740,1400,1400,1400,846,0,140,172.37353652008935,96.74070798791945,1370.7594589795917,10255.083924349881
1787720757,10,,Aggregated,4.000000,0.000000,140,180,200,210,260,290,340,740,1400,1400,1400,849,0,140,172.27219893526862,96.74070798791945,1370.7594589795917,10249.362779740872
1787720758,10,,Aggregated,4.600000,0.000000,140,180,200,210,260,290,340,740,1400,1400,1400,853,0,140,172.26580326835182,96.74070798791945,1370.7594589795917,10264.153575615475
1787720759,10,,Aggregated,4.600000,0.000000,140,180,200,210,260,290,340,740,1400,1400,1400,857,0,140,172.1108267455967,96.74070798791945,1370.7594589795917,10255.38039673279
1787720760,10,,Aggregated,4.600000,0.000000,140,180,200,210,260,290,340,740,1400,1400,1400,857,0,140,172.1108267455967,96.74070798791945,1370.7594589795917,10255.38039673279
1787720761,10,,Aggregated,4.600000,0.000000,140,180,200,210,260,290,340,740,1400,1400,1400,860,0,140,172.14428006297757,96.74070798791945,1370.7594589795917,10261.646511627907
1787720762,10,,Aggregated,4.600000,0.000000,140,180,200,210,260,290,340,740,1400,1400,1400,862,0,140,172.03931286207157,96.74070798791945,1370.7594589795917,10255.866589327146
1787720763,10,,Aggregated,4.000000,0.000000,140,180,200,210,260,290,340,740,1400,1400,1400,866,0,140,171.81184663524417,96.74070798791945,1370.7594589795917,10244.233256351039
1787720764,10,,Aggregated,4.100000,0.000000,140,180,200,210,260,290,340,740,1400,1400,1400,871,0,140,171.61042539613487,96.74070798791945,1370.7594589795917,10229.944890929966
1787720765,10,,Aggregated,3.800000,0.000000,140,180,200,210,260,290,340,740,1400,1400,1400,874,0,140,171.53796155055775,96.74070798791945,1370.7594589795917,10224.429061784896
1787720766,10,,Aggregated,3.800000,0.000000,140,180,200,210,260,290,340,740,1400,1400,1400,877,0,140,171.4986263056994,96.74070798791945,1370.7594589795917,10230.588369441277
1787720767,10,,Aggregated,3.400000,0.000000,140,180,200,210,260,290,340,740,1400,1400,1400,880,0,140,171.43192128437065,96.74070798791945,1370.7594589795917,10234.970454545455
1787720768,10,,Aggregated,3.000000,0.000000,140,180,200,210,250,290,340,740,1400,1400,1400,883,0,140,171.54395170478173,96.74070798791945,1370.7594589795917,10237.80973952435
1787720769,10,,Aggregated,3.000000,0.000000,140,180,200,210,250,290,340,740,1400,1400,1400,885,0,140,171.54338279223376,96.74070798791945,1370.7594589795917,10241.833898305085
1787720770,10,,Aggregated,3.000000,0.000000,140,180,200,210,250,290,340,740,1400,1400,1400,887,0,140,171.4641169449073,96.74070798791945,1370.7594589795917,10236.298759864712
1787720771,10,,Aggregated,2.700000,0.000000,140,180,200,210,250,290,340,740,1400,1400,1400,892,0,140,171.37847638808006,96.74070798791945,1370.7594589795917,10225.309417040358
1787720772,10,,Aggregated,3.000000,0.000000,140,180,200,210,250,290,340,740,1400,1400,1400,894,0,140,171.33989250230118,96.74070798791945,1370.7594589795917,10222.690156599552
1787720773,10,,Aggregated,3.100000,0.000000,140,180,200,210,250,290,340,740,1400,1400,1400,899,0,140,171.38603195787363,96.74070798791945,1370.7594589795917,10237.072302558397
1787720774,10,,Aggregated,3.100000,0.000000,140,180,200,210,250,290,340,740,1400,1400,1400,902,0,140,171.6607957092339,96.74070798791945,1370.7594589795917,10247.458980044346
1787720775,10,,Aggregated,3.300000,0.000000,140,180,200,210,250,290,340,740,1400,1400,1400,907,0,140,171.55757145838075,96.74070798791945,1370.7594589795917,10252.46637265711
1787720776,12,,Aggregated,3.000000,0.000000,140,180,200,210,250,290,340,740,1400,1400,1400,914,0,140,171.47837994830107,96.74070798791945,1370.7594589795917,10246.757111597373
1787720777,12,,Aggregated,3.300000,0.000000,140,180,200,210,250,290,340,740,1400,1400,1400,917,0,140,171.47030827595427,96.74070798791945,1370.7594589795917,10244.163576881134
1787720778,12,,Aggregated,3.700000,0.000000,140,180,200,210,260,290,340,740,1400,1400,1400,927,0,140,171.9442128960823,96.74070798791945,1370.7594589795917,10246.504854368932
1787720779,12,,Aggregated,3.700000,0.000000,140,180,200,210,260,290,340,740,1400,1400,1400,929,0,140,171.91301886091537,96.74070798791945,1370.7594589795917,10250.326157158235
1787720780,12,,Aggregated,3.700000,0.000000,140,180,200,210,250,290,340,740,1400,1400,1400,935,0,140,171.84349864218285,96.74070798791945,1370.7594589795917,10255.288770053476
1787720781,12,,Aggregated,4.400000,0.000000,140,180,200,210,250,290,340,740,1400,1400,1400,940,0,140,171.8984738269702,96.74070798791945,1370.7594589795917,10279.427659574469
1787720782,12,,Aggregated,4.800000,0.000000,140,180,200,210,250,290,340,740,1400,1400,1400,948,0,140,171.64876540746533,96.74070798791945,1370.7594589795917,10256.889240506329
1787720783,12,,Aggregated,4.800000,0.000000,140,180,200,210,250,290,340,740,1400,1400,1400,948,0,140,171.64876540746533,96.74070798791945,1370.7594589795917,10256.889240506329
1787720784,12,,Aggregated,4.700000,0.000000,140,180,200,210,250,290,340,740,1400,1400,1400,949,0,140,171.597332874945,96.74070798791945,1370.7594589795917,10256.846153846154
1787720785,12,,Aggregated,5.000000,0.000000,140,180,200,210,250,290,330,740,1400,1400,1400,953,0,140,171.48996622776582,96.74070798791945,1370.7594589795917,10256.753410283316
1787720786,12,,Aggregated,4.900000,0.000000,140,180,200,210,250,290,330,740,1400,1400,1400,960,0,140,171.38126816644217,96.74070798791945,1370.7594589795917,10250.609375
1787720787,12,,Aggregated,4.700000,0.000000,140,180,200,210,250,290,330,740,1400,1400,1400,964,0,140,171.19606637035562,96.74070798791945,1370.7594589795917,10242.600622406639
1787720788,12,,Aggregated,4.600000,0.000000,140,180,200,210,250,290,330,740,1400,1400,1400,966,0,140,171.10550123113583,96.74070798791945,1370.7594589795917,10237.42132505176
1787720789,12,,Aggregated,4.600000,0.000000,140,180,200,210,250,290,330,740,1400,1400,1400,969,0,140,171.10821244213633,96.74070798791945,1370.7594589795917,10250.152734778121
1787720790,12,,Aggregated,4.100000,0.000000,140,180,200,210,250,290,330,740,1400,1400,1400,979,0,140,170.94192686286186,96.74070798791945,1370.7594589795917,10244.52604698672
1787720791,12,,Aggregated,4.100000,0.000000,140,180,200,210,250,280,330,740,1400,1400,1400,985,0,140,170.96071283942854,96.74070798791945,1370.7594589795917,10251.809137055838
1787720792,12,,Aggregated,3.800000,0.000000,140,180,200,210,250,280,330,740,1400,1400,1400,991,0,140,170.8766433528289,96.74070798791945,1370.7594589795917,10245.399596367306
1787720793,12,,Aggregated,4.500000,0.000000,140,180,200,210,250,280,330,740,1400,1400,1400,994,0,140,170.79646611057777,96.74070798791945,1370.7594589795917,10246.441649899396
1787720794,12,,Aggregated,4.300000,0.000000,140,180,200,210,250,280,330,400,1200,1400,1400,1004,0,140,171.02560813031326,96.74070798791945,1370.7594589795917,10241.901394422312
1787720795,12,,Aggregated,4.400000,0.000000,140,180,200,210,250,280,330,400,1200,1400,1400,1009,0,140,170.85010061507566,96.74070798791945,1370.7594589795917,10238.28939544103
1787720796,12,,Aggregated,4.900000,0.000000,140,180,200,210,250,280,330,400,1200,1400,1400,1014,0,140,170.7129181652923,96.74070798791945,1370.7594589795917,10229.8224852071
1787720797,12,,Aggregated,5.400000,0.000000,140,180,200,210,250,280,330,400,1200,1400,1400,1018,0,140,170.65715993281586,96.74070798791945,1370.7594589795917,10231.234774066797
1787720798,12,,Aggregated,5.400000,0.000000,140,180,200,210,250,280,330,400,1200,1400,1400,1020,0,140,170.56141876953416,96.74070798791945,1370.7594589795917,10226.288235294118
1787720799,12,,Aggregated,5.200000,0.000000,140,180,200,210,250,280,330,400,1200,1400,1400,1025,0,140,170.6110582732391,96.74070798791945,1370.7594589795917,10239.980487804878
1787720800,12,,Aggregated,5.500000,0.000000,140,180,200,210,250,280,330,400,1200,1400,1400,1031,0,140,170.62058141450538,96.74070798791945,1370.7594589795917,10235.252182347236
1787720801,12,,Aggregated,5.300000,0.000000,140,180,200,210,250,280,330,400,1200,1400,1400,1035,0,140,170.47469547189377,96.74070798791945,1370.7594589795917,10227.937198067633
1787720802,12,,Aggregated,5.500000,0.000000,140,180,200,210,250,280,330,400,1200,1400,1400,1039,0,140,170.51172403383845,96.74070798791945,1370.7594589795917,10236.196342637151
1787720803,12,,Aggregated,5.200000,0.000000,140,180,200,210,250,280,340,400,1200,1400,1400,1045,0,140,170.53115233226399,96.74070798791945,1370.7594589795917,10228.802870813397
1787720804,12,,Aggregated,4.900000,0.000000,140,180,200,210,250,280,340,400,1200,1400,1400,1048,0,140,170.53923689900677,96.74070798791945,1370.7594589795917,10235.287213740457
1787720805,12,,Aggregated,4.900000,0.000000,140,180,200,210,250,280,330,400,1200,1400,1400,1055,0,140,170.46542229523698,96.74070798791945,1370.7594589795917,10234.590521327014
1787720806,12,,Aggregated,4.800000,0.000000,140,180,200,210,250,280,330,400,1200,1400,1400,1059,0,140,170.33680187862777,96.74070798791945,1370.7594589795917,10236.509915014165
1787720807,12,,Aggregated,4.400000,0.000000,140,180,200,210,250,280,330,400,1200,1400,1400,1065,0,140,170.33842337785612,96.74070798791945,1370.7594589795917,10237.209389671361
1787720808,12,,Aggregated,4.700000,0.000000,140,180,200,210,250,280,330,400,1200,1400,1400,1067,0,140,170.32003942300977,96.74070798791945,1370.7594589795917,10243.119962511715
1787720809,12,,Aggregated,4.500000,0.000000,140,180,200,210,250,280,330,400,1200,1400,1400,1069,0,140,170.2325639048795,96.74070798791945,1370.7594589795917,10240.750233863424
1787720810,12,,Aggregated,4.600000,0.000000,140,180,200,210,250,280,330,400,1200,1400,1400,1075,0,140,170.14170943932652,96.74070798791945,1370.7594589795917,10240.241860465116
1787720811,12,,Aggregated,4.600000,0.000000,140,180,200,210,250,280,330,400,1200,1400,1400,1078,0,140,170.09109228219603,96.74070798791945,1370.7594589795917,10234.691094619666
1787720812,12,,Aggregated,4.300000,0.000000,140,180,200,210,250,280,330,400,1200,1400,1400,1081,0,140,170.1613213286703,96.74070798791945,1370.7594589795917,10248.754856614247
1787720813,12,,Aggregated,4.200000,0.000000,140,180,200,210,250,280,330,400,1200,1400,1400,1087,0,140,170.00466603644384,96.74070798791945,1370.7594589795917,10238.650413983441
1787720814,12,,Aggregated,4.200000,0.000000,140,180,200,210,250,280,330,400,1200,1400,1400,1090,0,140,169.93161726106436,96.74070798791945,1370.7594589795917,10239.460550458716
1787720815,12,,Aggregated,4.100000,0.000000,140,180,200,210,250,280,330,400,1200,1400,1400,1095,0,140,169.96213635940055,96.74070798791945,1370.7594589795917,10245.188127853882
1787720816,12,,Aggregated,4.100000,0.000000,140,180,200,210,250,280,330,400,1200,1400,1400,1101,0,140,170.02710602313897,96.74070798791945,1370.7594589795917,10259.133514986375
1787720817,12,,Aggregated,4.100000,0.000000,140,180,200,210,250,280,330,400,1200,1400,1400,1102,0,140,170.0957055185024,96.74070798791945,1370.7594589795917,10259.177858439201
1787720818,12,,Aggregated,3.800000,0.000000,140,180,200,210,250,280,330,400,1200,1400,1400,1109,0,140,170.33251264339145,96.74070798791945,1370.7594589795917,10272.64021641118
1787720819,12,,Aggregated,4.200000,0.000000,140,180,200,210,250,280,330,400,1200,1400,1400,1113,0,140,170.27721370579567,96.74070798791945,1370.7594589795917,10272.711590296496
1787720820,12,,Aggregated,3.700000,0.000000,140,180,200,210,250,280,330,400,1200,1400,1400,1119,0,140,170.17940611002587,96.74070798791945,1370.7594589795917,10278.966041108133
1787720821,12,,Aggregated,4.300000,0.000000,140,180,200,210,250,280,330,400,1200,1400,1400,1122,0,140,170.09692637784383,96.74070798791945,1370.7594589795917,10279.786987522282
1787720822,12,,Aggregated,4.400000,0.000000,140,180,200,210,250,280,330,400,1200,1400,1400,1128,0,140,169.91855346879274,96.74070798791945,1370.7594589795917,10273.913120567377
1787720823,12,,Aggregated,4.400000,0.000000,140,180,200,210,250,280,330,400,1200,1400,1400,1133,0,140,169.85831592032244,96.74070798791945,1370.7594589795917,10273.799646954987
1787720824,12,,Aggregated,4.400000,0.000000,140,180,200,210,250,280,330,400,1200,1400,1400,1136,0,140,169.99766243024052,96.74070798791945,1370.7594589795917,10277.110035211268
1787720825,12,,Aggregated,4.600000,0.000000,140,180,200,210,250,280,330,400,1200,1400,1400,1138,0,140,169.98613625826226,96.74070798791945,1370.7594589795917,10281.395430579965
1787720826,12,,Aggregated,4.700000,0.000000,140,180,200,210,250,280,330,400,1200,1400,1400,1144,0,140,169.74506029632053,96.74070798791945,1370.7594589795917,10275.606643356643
1787720827,12,,Aggregated,4.400000,0.000000,140,180,200,210,250,280,330,400,1200,1400,1400,1149,0,140,169.82829219133174,96.74070798791945,1370.7594589795917,10281.84595300261
1787720828,12,,Aggregated,4.400000,0.000000,140,180,200,210,250,280,320,400,1200,1400,1400,1154,0,140,169.85497120453087,96.74070798791945,1370.7594589795917,10295.603986135182
1787720829,12,,Aggregated,4.300000,0.000000,140,180,200,210,250,280,320,400,1200,1400,1400,1158,0,140,169.86333619339138,96.74070798791945,1370.7594589795917,10301.322107081174
1787720830,12,,Aggregated,4.700000,0.000000,140,180,200,210,250,280,320,400,1200,1400,1400,1161,0,140,169.90819126672395,96.74070798791945,1370.7594589795917,10305.71834625323
1787720831,12,,Aggregated,4.300000,0.000000,140,180,200,210,250,280,320,400,1200,1400,1400,1165,0,140,169.7990324552063,96.74070798791945,1370.7594589795917,10304.12103004292
1787720832,12,,Aggregated,4.400000,0.000000,140,180,200,210,250,280,320,400,1200,1400,1400,1172,0,140,169.75183377647136,96.74070798791945,1370.7594589795917,10309.081911262798
1787720833,12,,Aggregated,4.100000,0.000000,140,180,200,210,250,280,320,400,1200,1400,1400,1175,0,140,169.6838188113922,96.74070798791945,1370.7594589795917,10304.79914893617
1787720834,12,,Aggregated,4.300000,0.000000,140,180,200,210,250,280,320,400,1200,1400,1400,1182,0,140,169.6695571941798,96.74070798791945,1370.7594589795917,10309.021996615906
1787720835,12,,Aggregated,4.500000,0.000000,140,180,200,210,250,280,320,400,1200,1400,1400,1189,0,140,169.72212740153552,96.74070798791945,1370.7594589795917,10311.072329688814
1787720836,9,,Aggregated,4.500000,0.000000,140,180,200,210,250,280,320,400,1200,1400,1400,1190,0,140,169.68879879280112,96.74070798791945,1370.7594589795917,10308.933613445379
1787720837,9,,Aggregated,4.700000,0.000000,140,180,200,210,250,280,320,400,1200,1400,1400,1192,0,140,169.62241423773366,96.74070798791945,1370.7594589795917,10304.639261744966
1787720838,9,,Aggregated,5.000000,0.000000,140,180,200,210,250,280,340,400,1200,1400,1400,1198,0,140,170.1790953149478,96.74070798791945,1370.7594589795917,10308.885642737896
1787720839,9,,Aggregated,4.600000,0.000000,140,180,200,210,250,280,340,400,1200,1400,1400,1200,0,140,170.15946105937473,96.74070798791945,1370.7594589795917,10304.555833333334
1787720840,9,,Aggregated,4.300000,0.000000,140,180,200,210,250,280,330,400,1200,1400,1400,1204,0,140,170.10982857399816,96.74070798791945,1370.7594589795917,10298.304817275748
1787720841,9,,Aggregated,4.500000,0.000000,140,180,200,210,250,280,330,400,1200,1400,1400,1205,0,140,170.06801243009687,96.74070798791945,1370.7594589795917,10296.179253112034
1787720842,9,,Aggregated,4.200000,0.000000,140,180,200,210,250,280,330,400,1200,1400,1400,1208,0,140,170.01944389760908,96.74070798791945,1370.7594589795917,10289.956125827815
1787720843,9,,Aggregated,4.300000,0.000000,140,180,200,210,250,280,330,400,1200,1400,1400,1212,0,140,169.96468191162649,96.74070798791945,1370.7594589795917,10290.675742574258
1787720844,9,,Aggregated,4.300000,0.000000,140,180,200,210,250,280,330,400,1200,1400,1400,1212,0,140,169.96468191162649,96.74070798791945,1370.7594589795917,10290.675742574258
1787720845,9,,Aggregated,3.500000,0.000000,140,180,200,210,250,280,330,400,1200,1400,1400,1214,0,140,169.95284464068348,96.74070798791945,1370.7594589795917,10295.897858319604
1787720846,9,,Aggregated,3.600000,0.000000,140,180,200,210,250,280,330,400,1200,1400,1400,1220,0,140,170.00859355912772,96.74070798791945,1370.7594589795917,10313.38606557377
1787720847,9,,Aggregated,2.900000,0.000000,140,180,200,210,250,280,330,400,1200,1400,1400,1222,0,140,169.92173995613084,96.74070798791945,1370.7594589795917,10309.266775777414
1787720848,9,,Aggregated,2.500000,0.000000,140,180,200,210,250,280,330,400,1200,1400,1400,1228,0,140,169.94781353217414,96.74070798791945,1370.7594589795917,10318.50651465798
1787720849,9,,Aggregated,3.000000,0.000000,140,180,200,210,250,280,330,400,1200,1400,1400,1231,0,140,169.95279814565296,96.74070798791945,1370.7594589795917,10318.223395613322
1787720850,9,,Aggregated,2.900000,0.000000,140,180,200,210,250,280,330,400,1200,1400,1400,1238,0,140,169.99163258759086,96.74070798791945,1370.7594589795917,10324.275444264944
1787720851,9,,Aggregated,2.900000,0.000000,140,180,200,210,250,280,330,400,1200,1400,1400,1239,0,140,170.0129805435671,96.74070798791945,1370.7594589795917,10324.284100080711
1787720852,9,,Aggregated,3.000000,0.000000,140,180,200,210,250,280,330,400,1200,1400,1400,1241,0,140,169.94233475866713,96.74070798791945,1370.7594589795917,10319.284448025786
1787720853,9,,Aggregated,3.400000,0.000000,140,180,200,210,250,280,330,400,1200,1400,1400,1245,0,140,169.89881537637737,96.74070798791945,1370.7594589795917,10310.158232931726
1787720854,9,,Aggregated,3.400000,0.000000,140,180,200,210,250,280,330,400,1200,1400,1400,1249,0,140,170.03734158803138,96.74070798791945,1370.7594589795917,10314.261008807045
1787720855,9,,Aggregated,3.300000,0.000000,140,180,200,210,250,280,330,400,1200,1400,1400,1252,0,140,170.01589950819027,96.74070798791945,1370.7594589795917,10313.89856230032
1787720856,9,,Aggregated,3.400000,0.000000,140,180,200,210,250,280,330,400,1200,1400,1400,1262,0,140,170.03405333619133,96.74070798791945,1370.7594589795917,10318.477020602219
1787720857,9,,Aggregated,3.700000,0.000000,140,180,200,210,250,280,330,400,1200,1400,1400,1264,0,140,169.9588779156329,96.74070798791945,1370.7594589795917,10314.448575949367
1787720858,9,,Aggregated,3.700000,0.000000,140,180,200,210,250,290,330,400,1200,1400,1400,1270,0,140,170.0814575609553,96.74070798791945,1370.7594589795917,10319.287401574804
1787720859,9,,Aggregated,4.100000,0.000000,140,180,200,210,250,290,330,400,1200,1400,1400,1272,0,140,170.02028912604558,96.74070798791945,1370.7594589795917,10315.165880503144
1787720860,9,,Aggregated,4.300000,0.000000,140,180,200,210,250,290,330,400,1200,1400,1400,1275,0,140,170.1127280860993,96.74070798791945,1370.7594589795917,10320.286274509805
1787720862,9,,Aggregated,4.200000,0.000000,140,180,200,210,250,290,330,400,1200,1400,1400,1280,0,140,170.18501280672353,96.74070798791945,1370.7594589795917,10331.30234375
1787720863,9,,Aggregated,4.200000,0.000000,140,180,200,210,250,290,330,400,1200,1400,1400,1281,0,140,170.15231168424677,96.74070798791945,1370.7594589795917,10329.227166276347
1787720864,9,,Aggregated,3.700000,0.000000,140,180,200,210,250,290,330,400,1200,1400,1400,1288,0,140,170.13858726229344,96.74070798791945,1370.7594589795917,10324.262422360249
1787720865,9,,Aggregated,4.100000,0.000000,140,180,200,210,250,290,330,400,1200,1400,1400,1289,0,140,170.11016884712464,96.74070798791945,1370.7594589795917,10322.21179208689
1787720866,9,,Aggregated,4.000000,0.000000,140,180,200,210,250,290,330,400,1200,1400,1400,1293,0,140,169.9887171779505,96.74070798791945,1370.7594589795917,10318.195668986853
1787720867,9,,Aggregated,4.200000,0.000000,140,180,200,210,250,290,330,400,1200,1400,1400,1296,0,140,170.0755330657782,96.74070798791945,1370.7594589795917,10324.33487654321
1787720868,9,,Aggregated,4.000000,0.000000,140,180,200,210,250,290,330,380,1200,1400,1400,1301,0,140,169.95786422245106,96.74070798791945,1370.7594589795917,10320.156802459647
1787720869,9,,Aggregated,4.100000,0.000000,140,180,200,210,250,290,330,380,1200,1400,1400,1302,0,140,169.92034358952407,96.74070798791945,1370.7594589795917,10318.15360983103
1787720870,9,,Aggregated,3.600000,0.000000,140,180,200,210,250,290,330,380,1200,1400,1400,1306,0,140,169.9009243718735,96.74070798791945,1370.7594589795917,10323.911944869831
1787720871,9,,Aggregated,3.600000,0.000000,140,180,200,210,250,290,330,380,1200,1400,1400,1313,0,140,169.96594124561585,96.74070798791945,1370.7594589795917,10336.324447829398
1787720872,9,,Aggregated,3.200000,0.000000,140,180,200,210,250,290,330,380,1200,1400,1400,1319,0,140,169.90360107175425,96.74070798791945,1370.7594589795917,10334.363153904473
1787720873,9,,Aggregated,3.800000,0.000000,140,180,200,210,250,290,330,380,1200,1400,1400,1323,0,140,169.94719783027915,96.74070798791945,1370.7594589795917,10328.362811791383
1787720874,9,,Aggregated,3.800000,0.000000,140,180,200,210,250,290,330,380,1200,1400,1400,1329,0,140,170.09007275185812,96.74070798791945,1370.7594589795917,10336.801354401807
1787720875,9,,Aggregated,4.100000,0.000000,140,180,200,210,250,290,330,380,1200,1400,1400,1333,0,140,170.02143137228927,96.74070798791945,1370.7594589795917,10335.240060015003
1787720876,9,,Aggregated,4.100000,0.000000,140,180,200,210,250,290,330,380,1200,1400,1400,1336,0,140,170.20278051617544,96.74070798791945,1370.7594589795917,10334.779191616766
1787720877,9,,Aggregated,4.300000,0.000000,140,180,200,210,250,290,330,380,1200,1400,1400,1340,0,140,170.06018213482935,96.74070798791945,1370.7594589795917,10328.079850746268
1787720878,9,,Aggregated,4.300000,0.000000,140,180,200,210,250,290,330,380,1200,1400,1400,1342,0,140,169.99453991035975,96.74070798791945,1370.7594589795917,10326.047690014902
1787720879,9,,Aggregated,4.300000,0.000000,140,180,200,210,250,290,330,380,1200,1400,1400,1346,0,140,170.0529858350953,96.74070798791945,1370.7594589795917,10330.751114413075
1787720880,9,,Aggregated,4.300000,0.000000,140,180,200,210,250,290,330,380,1200,1400,1400,1349,0,140,169.94092959080103,96.74070798791945,1370.7594589795917,10326.759822090437
1787720881,9,,Aggregated,4.100000,0.000000,140,180,200,210,250,290,330,380,1200,1400,1400,1351,0,140,169.93117130631725,96.74070798791945,1370.7594589795917,10329.171724648408
1787720882,9,,Aggregated,4.400000,0.000000,140,180,200,210,250,290,330,380,1200,1400,1400,1355,0,140,169.77162688980874,96.74070798791945,1370.7594589795917,10321.49889298893
1787720883,9,,Aggregated,3.800000,0.000000,140,180,200,210,250,290,330,380,1200,1400,1400,1356,0,140,169.73560713101068,96.74070798791945,1370.7594589795917,10319.51622418879
1787720884,9,,Aggregated,3.800000,0.000000,140,180,200,210,250,290,330,380,1200,1400,1400,1358,0,140,169.72913572291085,96.74070798791945,1370.7594589795917,10322.019882179677
1787720885,9,,Aggregated,3.300000,0.000000,140,180,200,210,250,290,330,380,1200,1400,1400,1366,0,140,169.86276453451592,96.74070798791945,1370.7594589795917,10328.864568081992
1787720886,9,,Aggregated,2.900000,0.000000,140,180,200,210,250,290,330,380,1200,1400,1400,1369,0,140,169.9224634620193,96.74070798791945,1370.7594589795917,10336.716581446311
1787720887,9,,Aggregated,2.900000,0.000000,140,180,200,210,250,290,330,380,1200,1400,1400,1374,0,140,169.85129316783411,96.74070798791945,1370.7594589795917,10330.110625909752
1787720888,9,,Aggregated,3.300000,0.000000,140,180,200,210,250,290,330,380,1200,1400,1400,1377,0,140,169.72085710201674,94.61562498472631,1370.7594589795917,10326.320261437908
1787720889,9,,Aggregated,3.200000,0.000000,140,180,200,210,250,290,330,380,1200,1400,1400,1379,0,140,169.644108457299,94.61562498472631,1370.7594589795917,10321.736765772299
1787720890,9,,Aggregated,3.500000,0.000000,140,180,200,210,250,290,330,380,1200,1400,1400,1380,0,140,169.60941028082743,94.61562498472631,1370.7594589795917,10319.896376811594
1787720891,9,,Aggregated,3.500000,0.000000,140,180,200,210,250,290,330,380,1200,1400,1400,1386,0,140,169.57816373557523,94.61562498472631,1370.7594589795917,10322.484126984127
1787720892,9,,Aggregated,3.300000,0.000000,140,180,200,210,250,290,330,380,1200,1400,1400,1395,0,140,169.43822507579614,94.61562498472631,1370.7594589795917,10317.27741935484
1787720893,9,,Aggregated,3.500000,0.000000,140,180,200,210,250,290,330,380,1200,1400,1400,1399,0,140,169.49846505039665,94.61562498472631,1370.7594589795917,10328.619728377413
1787720894,9,,Aggregated,4.000000,0.000000,140,180,200,210,250,290,330,380,1200,1400,1400,1401,0,140,169.47012674063444,94.61562498472631,1370.7594589795917,10324.89079229122
1787720895,9,,Aggregated,4.300000,0.000000,140,180,200,210,250,290,330,380,1200,1400,1400,1403,0,140,169.40711874960235,94.61562498472631,1370.7594589795917,10321.16393442623
1787720896,9,,Aggregated,4.200000,0.000000,140,180,200,210,250,290,330,380,1200,1400,1400,1405,0,140,169.41401923267549,94.61562498472631,1370.7594589795917,10328.311743772241
1787720897,10,,Aggregated,3.700000,0.000000,140,180,200,210,250,290,330,380,1200,1400,1400,1412,0,140,169.39371909020159,94.61562498472631,1370.7594589795917,10324.986543909348
1787720898,10,,Aggregated,3.700000,0.000000,140,180,200,210,250,290,330,380,1200,1400,1400,1416,0,140,169.32086424594928,94.61562498472631,1370.7594589795917,10323.650423728814
1787720899,10,,Aggregated,3.600000,0.000000,140,180,200,210,250,290,330,380,1200,1400,1400,1420,0,140,169.33604273879507,94.61562498472631,1370.7594589795917,10321.580281690141
1787720900,10,,Aggregated,3.600000,0.000000,140,180,200,210,250,290,330,380,1200,1400,1400,1424,0,140,169.29408966866453,94.61562498472631,1370.7594589795917,10320.5
1787720901,10,,Aggregated,3.900000,0.000000,140,180,200,210,250,290,330,380,1200,1400,1400,1427,0,140,169.2351088382711,94.61562498472631,1370.7594589795917,10318.620882971269
1787720902,10,,Aggregated,4.500000,0.000000,140,180,200,210,250,290,330,380,1200,1400,1400,1431,0,140,169.12063497351645,94.61562498472631,1370.7594589795917,10312.508036338226
1787720903,10,,Aggregated,4.100000,0.000000,140,180,200,210,250,290,330,380,1200,1400,1400,1432,0,140,169.0999362934784,94.61562498472631,1370.7594589795917,10310.664106145252
1787720904,10,,Aggregated,3.500000,0.000000,140,180,200,210,250,290,330,380,1200,1400,1400,1438,0,140,169.15402229747738,94.61562498472631,1370.7594589795917,10322.621696801112
1787720905,10,,Aggregated,3.300000,0.000000,140,180,200,210,250,290,330,380,1200,1400,1400,1442,0,140,169.03019196453315,94.61562498472631,1370.7594589795917,10315.422330097088
1787720906,10,,Aggregated,3.700000,0.000000,140,180,200,210,250,290,330,380,1200,1400,1400,1449,0,140,168.89467896004075,94.61562498472631,1370.7594589795917,10308.012422360249
1787720907,10,,Aggregated,3.700000,0.000000,140,180,200,210,250,290,320,380,1200,1400,1400,1452,0,140,168.96116625121218,94.61562498472631,1370.7594589795917,10312.431818181818
1787720908,10,,Aggregated,4.400000,0.000000,140,180,200,210,250,290,320,380,1200,1400,1400,1456,0,140,168.91127591265064,94.61562498472631,1370.7594589795917,10307.01923076923
1787720909,10,,Aggregated,4.400000,0.000000,140,180,200,210,250,290,320,380,1200,1400,1400,1458,0,140,168.84644297306107,94.61562498472631,1370.7594589795917,10303.530178326475
1787720910,10,,Aggregated,3.900000,0.000000,140,180,200,210,250,290,320,380,1200,1400,1400,1462,0,140,168.80156411107745,94.61562498472631,1370.7594589795917,10298.186046511628
1787720911,10,,Aggregated,4.000000,0.000000,140,180,200,210,250,290,320,380,1200,1400,1400,1466,0,140,168.73489209723317,94.61562498472631,1370.7594589795917,10298.950204638471
1787720912,10,,Aggregated,3.700000,0.000000,140,180,200,210,250,290,320,380,1200,1400,1400,1469,0,140,168.64556340891247,94.61562498472631,1370.7594589795917,10293.689584751532
1787720913,10,,Aggregated,3.700000,0.000000,140,180,200,210,250,290,320,380,1200,1400,1400,1473,0,140,168.61033679943378,94.61562498472631,1370.7594589795917,10293.476578411406
1787720914,10,,Aggregated,3.800000,0.000000,140,180,200,210,250,290,320,380,1200,1400,1400,1477,0,140,168.7761497281532,94.61562498472631,1370.7594589795917,10293.997968855789
1787720915,10,,Aggregated,3.800000,0.000000,140,180,200,210,250,290,320,380,1200,1400,1400,1477,0,140,168.7761497281532,94.61562498472631,1370.7594589795917,10293.997968855789
1787720916,10,,Aggregated,3.700000,0.000000,140,180,200,210,250,290,320,380,1200,1400,1400,1484,0,140,168.74495725510792,94.61562498472631,1370.7594589795917,10302.03167115903
1787720917,10,,Aggregated,3.800000,0.000000,140,180,200,210,250,290,320,380,1200,1400,1400,1488,0,140,168.74495801445153,94.61562498472631,1370.7594589795917,10301.731182795698
1787720918,10,,Aggregated,3.400000,0.000000,140,180,200,210,250,290,320,380,1200,1400,1400,1493,0,140,168.63085461573954,94.61562498472631,1370.7594589795917,10300.52310783657
1787720919,10,,Aggregated,3.500000,0.000000,140,180,200,210,250,290,320,380,1200,1400,1400,1495,0,140,168.6044217841108,94.61562498472631,1370.7594589795917,10298.84347826087
1787720920,10,,Aggregated,3.700000,0.000000,140,180,200,210,250,290,320,380,1200,1400,1400,1501,0,140,168.5733111433469,94.61562498472631,1370.7594589795917,10296.912724850099
1787720921,10,,Aggregated,3.700000,0.000000,140,180,200,210,250,290,320,380,1200,1400,1400,1504,0,140,168.62485196767747,94.61562498472631,1370.7594589795917,10300.168218085106
1787720922,10,,Aggregated,3.800000,0.000000,140,180,200,210,250,290,320,380,1200,1400,1400,1507,0,140,168.57185428075286,94.61562498472631,1370.7594589795917,10300.63901791639
1787720923,10,,Aggregated,3.800000,0.000000,140,180,200,210,250,290,320,380,1200,1400,1400,1508,0,140,168.55522244226864,94.61562498472631,1370.7594589795917,10298.90053050398
1787720924,10,,Aggregated,3.800000,0.000000,140,180,200,210,250,290,320,380,1200,1400,1400,1512,0,140,168.5683028723197,94.61562498472631,1370.7594589795917,10302.044312169312
1787720925,10,,Aggregated,3.500000,0.000000,140,180,200,210,250,290,320,380,1200,1400,1400,1515,0,140,168.52800243690905,94.61562498472631,1370.7594589795917,10302.630363036304
1787720926,10,,Aggregated,3.700000,0.000000,140,180,200,210,250,290,320,380,1200,1400,1400,1518,0,140,168.55571724303257,94.61562498472631,1370.7594589795917,10304.286561264822
1787720927,10,,Aggregated,3.700000,0.000000,140,180,200,210,250,280,320,380,1200,1400,1400,1521,0,140,168.52068289992553,94.61562498472631,1370.7594589795917,10299.282708744247
1787720928,10,,Aggregated,3.500000,0.000000,140,180,200,210,250,290,340,400,1200,1400,1400,1529,0,140,170.24535027166928,94.61562498472631,1370.7594589795917,10304.709614126881
1787720929,10,,Aggregated,3.400000,0.000000,140,180,200,210,250,290,340,400,1200,1400,1400,1533,0,140,170.22443548970614,94.61562498472631,1370.7594589795917,10305.418134377038
1787720930,10,,Aggregated,3.500000,0.000000,140,180,200,210,250,290,340,400,1200,1400,1400,1536,0,140,170.21084918936444,94.61562498472631,1370.7594589795917,10302.110677083334
1787720931,10,,Aggregated,3.700000,0.000000,140,180,200,210,250,290,340,400,1200,1400,1400,1539,0,140,170.15044556769087,94.61562498472631,1370.7594589795917,10303.557504873294
1787720932,10,,Aggregated,3.400000,0.000000,140,180,200,210,250,290,340,400,1200,1400,1400,1544,0,140,170.10462142308748,94.61562498472631,1370.7594589795917,10309.020725388602
1787720933,10,,Aggregated,3.400000,0.000000,140,180,200,210,250,290,340,400,1200,1400,1400,1545,0,140,170.12395349068984,94.61562498472631,1370.7594589795917,10312.88220064725
1787720934,10,,Aggregated,3.400000,0.000000,140,180,200,210,250,290,330,400,1200,1400,1400,1552,0,140,170.16106581383806,94.61562498472631,1370.7594589795917,10321.512242268042
1787720935,10,,Aggregated,3.700000,0.000000,140,180,200,210,250,290,330,400,1200,1400,1400,1555,0,140,170.16546997433332,94.61562498472631,1370.7594589795917,10330.169774919614
1787720936,10,,Aggregated,3.700000,0.000000,140,180,200,210,250,290,330,400,1200,1400,1400,1557,0,140,170.09915581317566,94.61562498472631,1370.7594589795917,10326.850995504175
1787720937,10,,Aggregated,4.000000,0.000000,140,180,200,210,250,290,330,400,1200,1400,1400,1560,0,140,170.08491659832472,94.61562498472631,1370.7594589795917,10330.057692307691
1787720938,10,,Aggregated,3.800000,0.000000,140,180,200,210,250,290,330,400,1200,1400,1400,1563,0,140,170.08470072067192,94.61562498472631,1370.7594589795917,10338.73896353167
1787720939,10,,Aggregated,3.700000,0.000000,140,180,200,210,250,290,330,400,1200,1400,1400,1570,0,140,170.14271508543425,94.61562498472631,1370.7594589795917,10352.475796178343
1787720940,10,,Aggregated,3.300000,0.000000,140,180,200,210,250,290,330,400,1200,1400,1400,1573,0,140,170.22784118503876,94.61562498472631,1370.7594589795917,10347.549904640813
1787720941,10,,Aggregated,3.800000,0.000000,140,180,200,210,250,290,330,400,1200,1400,1400,1577,0,140,170.1607588092757,94.61562498472631,1370.7594589795917,10347.466074825617
1787720942,10,,Aggregated,3.700000,0.000000,140,180,200,210,250,290,330,400,1200,1400,1400,1582,0,140,170.10253759447778,94.61562498472631,1370.7594589795917,10353.649178255373
1787720943,10,,Aggregated,3.800000,0.000000,140,180,200,210,250,290,330,400,1200,1400,1400,1584,0,140,170.11939792192985,94.61562498472631,1370.7594589795917,10357.51957070707
1787720944,10,,Aggregated,4.000000,0.000000,140,180,200,210,250,290,330,400,1200,1400,1400,1588,0,140,170.15624615250587,94.61562498472631,1370.7594589795917,10359.70717884131
1787720945,10,,Aggregated,3.800000,0.000000,140,180,200,210,250,290,330,400,1200,1400,1400,1594,0,140,170.06361959843898,94.61562498472631,1370.7594589795917,10356.260978670012
1787720946,10,,Aggregated,3.900000,0.000000,140,180,200,210,250,290,330,400,1200,1400,1400,1602,0,140,170.08685456593514,94.61562498472631,1370.7594589795917,10358.497503121098
1787720947,10,,Aggregated,3.600000,0.000000,140,180,200,210,250,290,330,400,1200,1400,1400,1605,0,140,170.11421664945806,94.61562498472631,1370.7594589795917,10365.916510903427
1787720948,10,,Aggregated,4.200000,0.000000,140,180,200,210,250,290,330,400,1200,1400,1400,1609,0,140,170.04928074796229,94.61562498472631,1370.7594589795917,10361.751398384089
1787720949,10,,Aggregated,4.500000,0.000000,140,180,200,210,250,290,330,400,1200,1400,1400,1612,0,140,169.997920915392,94.61562498472631,1370.7594589795917,10364.859801488834
1787720950,10,,Aggregated,4.600000,0.000000,140,180,200,210,250,290,330,400,1200,1400,1400,1616,0,140,170.05429649797597,94.61562498472631,1370.7594589795917,10373.29146039604
1787720951,10,,Aggregated,4.300000,0.000000,140,180,200,210,250,290,330,400,1200,1400,1400,1619,0,140,169.97812264207738,94.61562498472631,1370.7594589795917,10369.99197035207
1787720952,10,,Aggregated,4.300000,0.000000,140,180,200,210,250,290,330,400,1200,1400,1400,1621,0,140,169.91714454505347,94.61562498472631,1370.7594589795917,10368.285009253546
1787720953,10,,Aggregated,4.100000,0.000000,140,180,200,210,250,290,330,400,1200,1400,1400,1627,0,140,169.77932530220028,94.61562498472631,1370.7594589795917,10360.135832821143
1787720954,10,,Aggregated,4.100000,0.000000,140,180,200,210,250,290,330,400,1200,1400,1400,1632,0,140,169.88031343013668,94.61562498472631,1370.7594589795917,10363.911764705883
1787720955,10,,Aggregated,3.900000,0.000000,140,180,200,210,250,290,330,400,1200,1400,1400,1639,0,140,169.9330268308118,94.61562498472631,1370.7594589795917,10387.35875533862
1787720956,8,,Aggregated,4.200000,0.000000,140,180,200,210,250,290,330,400,1200,1400,1400,1642,0,140,169.84221915318545,94.61562498472631,1370.7594589795917,10382.54993909866
1787720957,8,,Aggregated,4.200000,0.000000,140,180,200,210,250,290,330,400,1200,1400,1400,1642,0,140,169.84221915318545,94.61562498472631,1370.7594589795917,10382.54993909866
1787720958,8,,Aggregated,4.200000,0.000000,140,180,200,210,250,290,330,400,1200,1400,1400,1645,0,140,169.88008645884014,94.61562498472631,1370.7594589795917,10385.38237082067
1787720959,8,,Aggregated,3.900000,0.000000,140,180,200,210,250,290,330,400,1200,1400,1400,1651,0,140,169.95913217756345,94.61562498472631,1370.7594589795917,10389.94124772865
1787720960,8,,Aggregated,3.700000,0.000000,140,180,200,210,250,290,330,400,1200,1400,1400,1654,0,140,169.911475625495,94.61562498472631,1370.7594589795917,10386.70737605804
1787720961,8,,Aggregated,3.400000,0.000000,140,180,200,210,250,290,330,400,1200,1400,1400,1657,0,140,170.0013204450749,94.61562498472631,1370.7594589795917,10394.87929993965
1787720962,8,,Aggregated,3.700000,0.000000,140,180,200,210,250,290,330,400,1200,1400,1400,1661,0,140,170.05698455941697,94.61562498472631,1370.7594589795917,10402.255869957857
1787720963,8,,Aggregated,3.900000,0.000000,140,180,200,210,250,290,330,400,1200,1400,1400,1668,0,140,170.02416697927646,94.61562498472631,1370.7594589795917,10410.284772182255
1787720964,8,,Aggregated,3.800000,0.000000,140,180,200,210,250,290,330,400,1200,1400,1400,1669,0,140,169.99661844723715,94.61562498472631,1370.7594589795917,10408.704613541042
1787720965,8,,Aggregated,3.900000,0.000000,140,180,200,210,250,290,330,400,1200,1400,1400,1671,0,140,169.9394232377227,94.61562498472631,1370.7594589795917,10405.490724117295
1787720966,8,,Aggregated,3.900000,0.000000,140,180,200,210,250,290,330,400,1200,1400,1400,1674,0,140,170.0095017063693,94.61562498472631,1370.7594589795917,10422.805854241338
1787720967,8,,Aggregated,3.500000,0.000000,140,180,200,210,250,290,330,400,1200,1400,1400,1677,0,140,169.94879431381142,94.61562498472631,1370.7594589795917,10419.550387596899
1787720968,8,,Aggregated,3.300000,0.000000,140,180,200,210,250,290,330,400,1200,1400,1400,1681,0,140,169.8639074844352,94.61562498472631,1370.7594589795917,10414.648423557406
1787720969,8,,Aggregated,3.200000,0.000000,140,180,200,210,250,290,330,400,1200,1400,1400,1684,0,140,169.82571569530208,94.61562498472631,1370.7594589795917,10414.941805225653
1787720970,8,,Aggregated,3.400000,0.000000,140,180,200,210,250,290,330,400,1200,1400,1400,1687,0,140,169.87919244099857,94.61562498472631,1370.7594589795917,10417.813278008298
1787720971,8,,Aggregated,3.800000,0.000000,140,180,200,210,250,290,330,400,1200,1400,1400,1692,0,140,169.82631071527922,94.61562498472631,1370.7594589795917,10420.518321513002
1787720972,8,,Aggregated,3.500000,0.000000,140,180,200,210,250,290,330,400,1200,1400,1400,1695,0,140,169.74539775250256,94.61562498472631,1370.7594589795917,10415.179351032448
1787720973,8,,Aggregated,3.300000,0.000000,140,180,200,210,250,290,320,400,1200,1400,1400,1701,0,140,169.79426767516648,94.61562498472631,1370.7594589795917,10427.504409171075
1787720974,8,,Aggregated,3.300000,0.000000,140,180,200,210,250,290,320,400,1200,1400,1400,1702,0,140,169.77370474881522,94.61562498472631,1370.7594589795917,10425.878965922444
1787720975,8,,Aggregated,3.300000,0.000000,140,180,200,210,250,290,320,400,1200,1400,1400,1704,0,140,169.7147535109628,94.61562498472631,1370.7594589795917,10422.80985915493
1787720976,8,,Aggregated,3.400000,0.000000,140,180,200,210,250,290,320,400,1200,1400,1400,1705,0,140,169.6866973012391,94.61562498472631,1370.7594589795917,10421.260410557185
1787720977,8,,Aggregated,3.400000,0.000000,140,180,200,210,250,290,320,400,1200,1400,1400,1709,0,140,169.67699737963798,94.61562498472631,1370.7594589795917,10422.483908718548
1787720978,8,,Aggregated,3.300000,0.000000,140,180,200,210,250,290,320,400,1200,1400,1400,1715,0,140,169.74625003716906,94.61562498472631,1370.7594589795917,10428.186588921282
1787720979,8,,Aggregated,3.200000,0.000000,140,180,200,210,250,290,330,400,1200,1400,1400,1718,0,140,169.80454776754843,94.61562498472631,1370.7594589795917,10432.412107101281
1787720980,8,,Aggregated,3.200000,0.000000,140,180,200,210,250,290,330,400,1200,1400,1400,1721,0,140,169.82535646813295,94.61562498472631,1370.7594589795917,10440.078442765835
1787720981,8,,Aggregated,3.300000,0.000000,140,180,200,210,250,290,330,400,1200,1400,1400,1722,0,140,169.80499045628054,94.61562498472631,1370.7594589795917,10438.492450638792
1787720982,8,,Aggregated,3.200000,0.000000,140,180,200,210,250,290,330,400,1200,1400,1400,1726,0,140,169.69775520470145,94.61562498472631,1370.7594589795917,10433.073580533024
1787720983,8,,Aggregated,3.200000,0.000000,140,180,200,210,250,290,330,400,1200,1400,1400,1729,0,140,169.80463279892749,94.61562498472631,1370.7594589795917,10437.237131289763
1787720984,8,,Aggregated,3.000000,0.000000,140,180,200,210,250,290,330,400,1200,1400,1400,1730,0,140,169.78526044410864,94.61562498472631,1370.7594589795917,10435.69710982659
1787720985,8,,Aggregated,3.100000,0.000000,140,180,200,210,250,290,330,400,1200,1400,1400,1734,0,140,169.82227435707188,94.61562498472631,1370.7594589795917,10437.448096885813
1787720986,8,,Aggregated,2.700000,0.000000,140,180,200,210,250,290,330,400,1200,1400,1400,1736,0,140,169.77714959353375,94.61562498472631,1370.7594589795917,10435.158986175114
1787720987,8,,Aggregated,2.600000,0.000000,140,180,200,210,250,290,330,400,1200,1400,1400,1740,0,140,169.7348752554142,94.61562498472631,1370.7594589795917,10436.29827586207
1787720988,8,,Aggregated,2.900000,0.000000,140,180,200,210,250,290,330,400,1200,1400,1400,1743,0,140,169.65395937715425,94.61562498472631,1370.7594589795917,10431.063109581182
1787720989,8,,Aggregated,3.000000,0.000000,140,180,200,210,250,290,330,400,1200,1400,1400,1744,0,140,169.6305566865453,94.61562498472631,1370.7594589795917,10429.497133027522
1787720990,8,,Aggregated,3.100000,0.000000,140,180,200,210,250,290,330,400,1200,1400,1400,1748,0,140,169.58549296074744,94.61562498472631,1370.7594589795917,10428.399313501144
1787720991,8,,Aggregated,2.700000,0.000000,140,180,200,210,250,290,330,400,1200,1400,1400,1752,0,140,169.65397250079485,94.61562498472631,1370.7594589795917,10434.402397260274
1787720992,8,,Aggregated,2.600000,0.000000,140,180,200,210,250,290,330,400,1200,1400,1400,1756,0,140,169.64829303676916,94.61562498472631,1370.7594589795917,10436.992027334853
1787720993,8,,Aggregated,2.700000,0.000000,140,180,200,210,250,290,330,400,1200,1400,1400,1760,0,140,169.57144511688966,94.61562498472631,1370.7594589795917,10435.72784090909
1787720994,8,,Aggregated,3.100000,0.000000,140,180,200,210,250,290,330,400,1200,1400,1400,1761,0,140,169.54721772037382,94.61562498472631,1370.7594589795917,10434.17149346962
1787720995,8,,Aggregated,3.000000,0.000000,140,180,200,210,250,290,330,400,1200,1400,1400,1762,0,140,169.51289348606608,94.61562498472631,1370.7594589795917,10432.031214528944
1787720996,8,,Aggregated,3.100000,0.000000,140,180,200,210,250,290,330,400,1200,1400,1400,1765,0,140,169.43681878446688,94.61562498472631,1370.7594589795917,10427.424362606233
1787720997,8,,Aggregated,3.100000,0.000000,140,180,200,210,250,290,330,400,1200,1400,1400,1770,0,140,169.4281606569276,94.61562498472631,1370.7594589795917,10419.28418079096
1787720998,8,,Aggregated,2.800000,0.000000,140,180,200,210,250,290,330,400,1200,1400,1400,1772,0,140,169.42855908336227,94.61562498472631,1370.7594589795917,10424.145033860044
1787720999,8,,Aggregated,3.000000,0.000000,140,180,200,210,250,290,330,400,1200,1400,1400,1777,0,140,169.36836343365536,94.61562498472631,1370.7594589795917,10418.066404051773
1787721000,8,,Aggregated,3.000000,0.000000,140,180,200,210,250,290,330,400,1200,1400,1400,1778,0,140,169.44141846495347,94.61562498472631,1370.7594589795917,10418.003937007874
1787721001,8,,Aggregated,2.900000,0.000000,140,180,200,210,250,290,330,400,1200,1400,1400,1782,0,140,169.4628244887057,94.61562498472631,1370.7594589795917,10423.278900112233
1787721003,8,,Aggregated,3.300000,0.000000,140,180,200,210,250,290,330,400,1200,1400,1400,1785,0,140,169.42087303304456,94.61562498472631,1370.7594589795917,10418.804481792717
1787721004,8,,Aggregated,3.000000,0.000000,140,180,200,210,250,290,330,400,1200,1400,1400,1788,0,140,169.46793015370713,94.61562498472631,1370.7594589795917,10415.796420581655
1787721005,8,,Aggregated,2.900000,0.000000,140,180,200,210,250,290,330,400,1200,1400,1400,1793,0,140,169.51552197808266,94.61562498472631,1370.7594589795917,10414.852760736196
1787721006,8,,Aggregated,2.800000,0.000000,140,180,200,210,250,290,330,400,1200,1400,1400,1798,0,140,169.48005860037915,94.61562498472631,1370.7594589795917,10419.219688542826
1787721007,8,,Aggregated,2.800000,0.000000,140,180,200,210,250,290,330,400,1200,1400,1400,1799,0,140,169.4996054461583,94.61562498472631,1370.7594589795917,10419.166759310729
1787721008,8,,Aggregated,3.200000,0.000000,140,180,200,210,250,290,330,400,1200,1400,1400,1801,0,140,169.5386423223364,94.61562498472631,1370.7594589795917,10424.729594669629
1787721009,8,,Aggregated,3.500000,0.000000,140,180,200,210,250,290,330,400,1200,1400,1400,1804,0,140,169.51234730080847,94.61562498472631,1370.7594589795917,10427.150776053215
1787721010,8,,Aggregated,3.300000,0.000000,140,180,200,210,250,290,330,400,1200,1400,1400,1807,0,140,169.49058786989616,94.61562498472631,1370.7594589795917,10424.073049252906
1787721011,8,,Aggregated,3.200000,0.000000,140,180,200,210,250,290,330,400,1200,1400,1400,1811,0,140,169.4715014433366,94.61562498472631,1370.7594589795917,10426.01546107123
1787721012,8,,Aggregated,3.200000,0.000000,140,180,200,210,250,290,330,400,1200,1400,1400,1815,0,140,169.45559556362508,94.61562498472631,1370.7594589795917,10425.929476584022
1787721013,8,,Aggregated,3.000000,0.000000,140,180,200,210,250,290,330,400,1200,1400,1400,1817,0,140,169.43871598674346,94.61562498472631,1370.7594589795917,10427.665932856356
1787721014,8,,Aggregated,3.200000,0.000000,140,180,200,210,250,290,330,400,1200,1400,1400,1820,0,140,169.37433772305906,94.61562498472631,1370.7594589795917,10423.271978021978
1787721015,8,,Aggregated,3.300000,0.000000,140,180,200,210,250,290,330,400,1200,1400,1400,1821,0,140,169.34843391322218,94.61562498472631,1370.7594589795917,10421.781438769907
1787721016,8,,Aggregated,3.200000,0.000000,140,180,200,210,250,290,330,400,1200,1400,1400,1825,0,140,169.3371004502812,94.61562498472631,1370.7594589795917,10419.855342465753
1787721017,10,,Aggregated,2.800000,0.000000,140,180,200,210,250,290,330,400,1200,1400,1400,1832,0,140,169.428966628839,94.61562498472631,1370.7594589795917,10416.927947598253
1787721018,10,,Aggregated,2.800000,0.000000,140,180,200,210,250,290,330,400,1200,1400,1400,1839,0,140,169.46516206154783,94.61562498472631,1370.7594589795917,10418.404023926047
1787721019,10,,Aggregated,2.700000,0.000000,140,180,200,210,250,290,330,400,1200,1400,1400,1840,0,140,169.48332302462128,94.61562498472631,1370.7594589795917,10418.352717391304
1787721020,10,,Aggregated,3.200000,0.000000,140,180,200,210,250,290,330,400,1200,1400,1400,1846,0,140,169.53510759228826,94.61562498472631,1370.7594589795917,10416.416576381365
1787721021,10,,Aggregated,3.800000,0.000000,140,180,200,210,250,290,330,400,1200,1400,1400,1848,0,140,169.4834399747902,94.61562498472631,1370.7594589795917,10413.563852813853
1787721022,10,,Aggregated,3.900000,0.000000,140,180,200,210,250,290,320,400,1200,1400,1400,1853,0,140,169.51273611989987,94.61562498472631,1370.7594589795917,10411.647598488937
1787721023,10,,Aggregated,3.900000,0.000000,140,180,200,210,250,290,320,400,1200,1400,1400,1856,0,140,169.51851400216552,94.61562498472631,1370.7594589795917,10412.739224137931
1787721024,10,,Aggregated,3.800000,0.000000,140,180,200,210,250,290,330,400,1200,1400,1400,1861,0,140,169.62759725250052,94.61562498472631,1370.7594589795917,10413.89306824288
1787721025,10,,Aggregated,3.900000,0.000000,140,180,200,210,250,290,330,400,1200,1400,1400,1865,0,140,169.5569161468013,94.61562498472631,1370.7594589795917,10408.080428954423
1787721026,10,,Aggregated,3.900000,0.000000,140,180,200,210,250,290,330,400,1200,1400,1400,1867,0,140,169.5583399555316,94.61562498472631,1370.7594589795917,10411.34172469202
1787721027,10,,Aggregated,4.100000,0.000000,140,180,200,210,250,290,330,400,1200,1400,1400,1872,0,140,169.56944501651333,94.61562498472631,1370.7594589795917,10410.26014957265
1787721028,10,,Aggregated,4.300000,0.000000,140,180,200,210,250,290,330,400,1200,1400,1400,1877,0,140,169.70116566056876,94.61562498472631,1370.7594589795917,10410.475226425147
1787721029,10,,Aggregated,4.300000,0.000000,140,180,200,210,250,290,330,400,1200,1400,1400,1881,0,140,169.64664625782265,94.61562498472631,1370.7594589795917,10409.975013290803
1787721030,10,,Aggregated,4.100000,0.000000,140,180,200,210,250,290,330,400,1200,1400,1400,1884,0,140,169.5787752271608,94.61562498472631,1370.7594589795917,10406.482484076432
1787721031,10,,Aggregated,3.800000,0.000000,140,180,200,210,250,290,330,400,1200,1400,1400,1886,0,140,169.55138610484335,94.61562498472631,1370.7594589795917,10403.091198303287
1787721032,10,,Aggregated,4.100000,0.000000,140,180,200,210,250,290,330,400,1200,1400,1400,1893,0,140,169.59320150224252,94.61562498472631,1370.7594589795917,10405.967247754887
1787721033,10,,Aggregated,3.800000,0.000000,140,180,200,210,250,290,330,400,1200,1400,1400,1895,0,140,169.58409025159352,94.61562498472631,1370.7594589795917,10407.608443271767
1787721034,10,,Aggregated,4.100000,0.000000,140,180,200,210,250,290,330,400,1200,1400,1400,1898,0,140,169.54331246996642,94.61562498472631,1370.7594589795917,10402.158061116965
1787721035,10,,Aggregated,3.900000,0.000000,140,180,200,210,250,290,320,400,1200,1400,1400,1905,0,140,169.47461066552464,94.61562498472631,1370.7594589795917,10401.5375328084
1787721036,10,,Aggregated,3.500000,0.000000,140,180,200,210,250,290,320,400,1200,1400,1400,1908,0,140,169.46908328142817,94.61562498472631,1370.7594589795917,10406.261530398322
1787721037,10,,Aggregated,3.500000,0.000000,140,180,200,210,250,290,320,400,1200,1400,1400,1911,0,140,169.41373475083097,94.61562498472631,1370.7594589795917,10402.027734170591
1787721038,10,,Aggregated,4.000000,0.000000,140,180,200,210,250,290,320,400,1200,1400,1400,1914,0,140,169.43965836397936,94.61562498472631,1370.7594589795917,10402.295193312435
1787721039,10,,Aggregated,3.900000,0.000000,140,180,200,210,250,290,320,400,1200,1400,1400,1918,0,140,169.38912607809553,94.61562498472631,1370.7594589795917,10396.713242961418
1787721040,10,,Aggregated,3.900000,0.000000,140,180,200,210,250,290,320,400,1200,1400,1400,1921,0,140,169.39742420690948,94.61562498472631,1370.7594589795917,10396.393024466424
1787721041,10,,Aggregated,3.500000,0.000000,140,180,200,210,250,290,320,400,1200,1400,1400,1923,0,140,169.38874344799126,94.61562498472631,1370.7594589795917,10398.219968798752
1787721042,10,,Aggregated,3.500000,0.000000,140,180,200,210,250,290,320,400,1200,1400,1400,1927,0,140,169.3671058983502,94.61562498472631,1370.7594589795917,10393.502335236119
1787721043,10,,Aggregated,3.600000,0.000000,140,180,200,210,250,290,320,400,1200,1400,1400,1933,0,140,169.30662193039285,94.61562498472631,1370.7594589795917,10390.422659079151
1787721044,10,,Aggregated,3.600000,0.000000,140,180,200,210,250,290,320,400,1200,1400,1400,1935,0,140,169.28707865182338,94.61562498472631,1370.7594589795917,10392.798449612403
1787721045,10,,Aggregated,3.200000,0.000000,140,180,200,210,250,290,320,400,1200,1400,1400,1938,0,140,169.30895724986902,94.61562498472631,1370.7594589795917,10399.11145510836
1787721046,10,,Aggregated,3.900000,0.000000,140,180,200,210,250,290,320,400,1200,1400,1400,1939,0,140,169.3277756916239,94.61562498472631,1370.7594589795917,10403.597730789066
1787721047,10,,Aggregated,3.900000,0.000000,140,180,200,210,250,290,320,400,1200,1400,1400,1944,0,140,169.28971158230385,94.61562498472631,1370.7594589795917,10405.607510288066
1787721048,10,,Aggregated,3.100000,0.000000,140,180,200,210,250,290,320,400,1200,1400,1400,1949,0,140,169.24579150837607,94.61562498472631,1370.7594589795917,10399.66290405336
1787721049,10,,Aggregated,3.100000,0.000000,140,180,200,210,250,290,320,400,1200,1400,1400,1952,0,140,169.2050802714638,94.61562498472631,1370.7594589795917,10396.842725409837
1787721050,10,,Aggregated,3.300000,0.000000,140,180,200,210,250,290,320,400,1200,1400,1400,1955,0,140,169.19262861330395,94.61562498472631,1370.7594589795917,10402.33094629156
1787721051,10,,Aggregated,3.300000,0.000000,140,180,200,210,250,290,320,400,1200,1400,1400,1956,0,140,169.20548083988191,94.61562498472631,1370.7594589795917,10406.05572597137
1787721052,10,,Aggregated,3.600000,0.000000,140,180,200,210,250,290,320,400,1200,1400,1400,1961,0,140,169.20627801572692,94.61562498472631,1370.7594589795917,10408.57929627741
1787721053,10,,Aggregated,3.400000,0.000000,140,180,200,210,250,290,320,400,1200,1400,1400,1968,0,140,169.15731450114058,94.61562498472631,1370.7594589795917,10408.474085365853
1787721054,10,,Aggregated,3.400000,0.000000,140,180,200,210,250,290,320,400,1200,1400,1400,1969,0,140,169.13517829517463,94.61562498472631,1370.7594589795917,10407.084306754698
1787721055,10,,Aggregated,3.800000,0.000000,140,180,200,210,250,290,320,400,1200,1400,1400,1972,0,140,169.06985567772145,94.61562498472631,1370.7594589795917,10403.094320486816
1787721056,10,,Aggregated,3.300000,0.000000,140,180,200,210,250,290,320,400,1200,1400,1400,1980,0,140,169.07142145403972,94.61562498472631,1370.7594589795917,10405.678787878787
1787721057,10,,Aggregated,3.400000,0.000000,140,180,200,210,250,290,320,400,1200,1400,1400,1984,0,140,169.05662828644233,94.61562498472631,1370.7594589795917,10405.340221774193
1787721058,10,,Aggregated,4.000000,0.000000,140,180,200,210,250,290,320,400,1200,1400,1400,1988,0,140,169.02094520183402,94.61562498472631,1370.7594589795917,10409.226358148893
1787721059,10,,Aggregated,3.700000,0.000000,140,180,200,210,250,290,320,400,1200,1400,1400,1994,0,140,168.9880289504708,94.61562498472631,1370.7594589795917,10409.8074222668
1787721060,10,,Aggregated,3.700000,0.000000,140,180,200,210,250,290,320,400,1200,1400,1400,1994,0,140,168.9880289504708,94.61562498472631,1370.7594589795917,10409.8074222668
1787721061,10,,Aggregated,4.000000,0.000000,140,180,200,210,250,290,320,400,1200,1400,1400,1999,0,140,168.99291630074933,94.61562498472631,1370.7594589795917,10413.803901950976
1787721062,10,,Aggregated,3.900000,0.000000,140,180,200,210,250,290,320,390,1200,1400,1400,2007,0,140,168.88601910814785,94.61562498472631,1370.7594589795917,10414.54658694569
1787721063,10,,Aggregated,3.900000,0.000000,140,180,200,210,250,290,320,390,1200,1400,1400,2007,0,140,168.88601910814785,94.61562498472631,1370.7594589795917,10414.54658694569
1787721064,10,,Aggregated,4.200000,0.000000,140,180,200,210,250,290,320,390,1200,1400,1400,2009,0,140,168.88066256850414,94.61562498472631,1370.7594589795917,10419.506222000995
1787721065,10,,Aggregated,4.200000,0.000000,140,180,200,210,250,290,320,390,1200,1400,1400,2016,0,140,168.76280213182326,94.61562498472631,1370.7594589795917,10415.714285714286
1787721066,10,,Aggregated,4.100000,0.000000,140,180,200,210,250,290,320,390,1200,1400,1400,2018,0,140,168.7633220255892,94.61562498472631,1370.7594589795917,10418.149157581764
1787721067,10,,Aggregated,4.300000,0.000000,140,180,200,210,250,280,320,390,1200,1400,1400,2025,0,140,168.74918111841436,94.61562498472631,1370.7594589795917,10414.010864197531
1787721068,10,,Aggregated,4.300000,0.000000,140,180,200,210,250,280,320,390,1200,1400,1400,2028,0,140,168.8134966788288,94.61562498472631,1370.7594589795917,10422.006903353058
1787721069,10,,Aggregated,4.100000,0.000000,140,180,200,210,250,280,320,390,1200,1400,1400,2032,0,140,168.78626222825815,94.61562498472631,1370.7594589795917,10420.300196850394
1787721070,10,,Aggregated,4.100000,0.000000,140,180,200,210,250,280,320,390,1200,1400,1400,2037,0,140,168.70867154240025,94.61562498472631,1370.7594589795917,10417.363279332352
1787721071,10,,Aggregated,3.900000,0.000000,140,180,200,210,250,280,320,390,1200,1400,1400,2041,0,140,168.70456711160514,94.61562498472631,1370.7594589795917,10417.507594316512
1787721072,10,,Aggregated,4.200000,0.000000,140,180,200,210,250,280,320,390,1200,1400,1400,2044,0,140,168.71764959182877,94.61562498472631,1370.7594589795917,10420.57191780822
1787721073,10,,Aggregated,4.200000,0.000000,140,180,200,210,250,280,320,390,1200,1400,1400,2048,0,140,168.6829946980879,94.61562498472631,1370.7594589795917,10416.587890625
1787721074,10,,Aggregated,4.100000,0.000000,140,180,200,210,250,280,320,390,1200,1400,1400,2053,0,140,168.65162537396915,94.61562498472631,1370.7594589795917,10411.351193375547
1787721075,10,,Aggregated,4.100000,0.000000,140,180,200,210,250,280,320,390,1200,1400,1400,2053,0,140,168.65162537396915,94.61562498472631,1370.7594589795917,10411.351193375547
1787721076,12,,Aggregated,4.100000,0.000000,140,180,200,210,250,290,320,390,1200,1400,1400,2059,0,140,168.71929896039677,94.61562498472631,1370.7594589795917,10405.881981544439
1787721077,12,,Aggregated,3.900000,0.000000,140,180,200,210,250,290,320,390,1200,1400,1400,2063,0,140,168.67759331965559,94.61562498472631,1370.7594589795917,10401.980610761027
1787721078,12,,Aggregated,3.900000,0.000000,140,180,200,210,250,290,320,390,1200,1400,1400,2069,0,140,168.74036131496013,94.61562498472631,1370.7594589795917,10404.420492991783
1787721079,12,,Aggregated,3.900000,0.000000,140,180,200,210,250,290,320,390,1200,1400,1400,2072,0,140,168.6930641383391,94.61562498472631,1370.7594589795917,10401.765926640926
1787721080,12,,Aggregated,4.100000,0.000000,140,180,200,210,250,290,320,390,1200,1400,1400,2076,0,140,168.62580490306195,94.61562498472631,1370.7594589795917,10400.838631984585
1787721081,12,,Aggregated,4.000000,0.000000,140,180,200,210,250,290,320,390,1200,1400,1400,2080,0,140,168.60620545798716,94.61562498472631,1370.7594589795917,10401.058653846154
1787721082,12,,Aggregated,4.000000,0.000000,140,180,200,210,250,290,320,390,1200,1400,1400,2082,0,140,168.59161904482949,94.61562498472631,1370.7594589795917,10402.072526416907
1787721083,12,,Aggregated,3.700000,0.000000,140,180,200,210,250,290,320,390,1200,1400,1400,2088,0,140,168.47052964202567,94.61562498472631,1370.7594589795917,10394.48898467433
1787721084,12,,Aggregated,3.900000,0.000000,140,180,200,210,250,290,320,390,1200,1400,1400,2090,0,140,168.42664311022796,94.61562498472631,1370.7594589795917,10391.946889952153
1787721085,12,,Aggregated,3.900000,0.000000,140,180,200,210,250,290,320,390,1200,1400,1400,2094,0,140,168.40297036033493,94.61562498472631,1370.7594589795917,10395.703915950335
1787721086,12,,Aggregated,3.900000,0.000000,140,180,200,210,250,290,320,390,1200,1400,1400,2099,0,140,168.34057244330666,94.61562498472631,1370.7594589795917,10394.798951881849
1787721087,12,,Aggregated,4.100000,0.000000,140,180,200,210,250,280,320,380,1200,1400,1400,2102,0,140,168.37956310308792,94.61562498472631,1370.7594589795917,10392.220742150334
1787721088,12,,Aggregated,3.900000,0.000000,140,180,200,210,250,280,320,380,1200,1400,1400,2105,0,140,168.4106228709433,94.61562498472631,1370.7594589795917,10396.446080760095
1787721089,12,,Aggregated,4.000000,0.000000,140,180,200,210,250,280,320,380,1200,1400,1400,2110,0,140,168.3809998900943,94.61562498472631,1370.7594589795917,10394.16682464455
1787721090,12,,Aggregated,3.400000,0.000000,140,180,200,210,250,280,320,380,1200,1400,1400,2114,0,140,168.34226575598134,94.61562498472631,1370.7594589795917,10389.867549668874
1787721091,12,,Aggregated,3.500000,0.000000,140,180,200,210,250,280,320,380,1200,1400,1400,2119,0,140,168.32207236911464,94.61562498472631,1370.7594589795917,10395.75884851345
1787721092,12,,Aggregated,3.800000,0.000000,140,180,200,210,250,280,320,380,1200,1400,1400,2124,0,140,168.29079171353706,94.61562498472631,1370.7594589795917,10394.72033898305
1787721093,12,,Aggregated,3.800000,0.000000,140,180,200,210,250,290,320,390,1200,1400,1400,2132,0,140,168.84486365335596,94.61562498472631,1370.7594589795917,10399.60506566604
1787721094,12,,Aggregated,3.700000,0.000000,140,180,200,210,250,290,320,390,1200,1400,1400,2133,0,140,168.83586092397528,94.61562498472631,1370.7594589795917,10398.39099859353
1787721095,12,,Aggregated,4.000000,0.000000,140,180,200,210,250,290,320,390,1200,1400,1400,2139,0,140,168.77533643897894,94.61562498472631,1370.7594589795917,10393.452080411407
1787721096,12,,Aggregated,4.300000,0.000000,140,180,200,210,250,290,320,390,1200,1400,1400,2143,0,140,168.71030695759876,94.61562498472631,1370.7594589795917,10388.47036864209
1787721097,12,,Aggregated,4.300000,0.000000,140,180,200,210,250,290,320,390,1200,1400,1400,2146,0,140,168.6593961137289,94.61562498472631,1370.7594589795917,10385.89468779124
1787721098,12,,Aggregated,4.300000,0.000000,140,180,200,210,250,290,320,390,1200,1400,1400,2152,0,140,168.63132815353217,94.61562498472631,1370.7594589795917,10388.407992565055
1787721099,12,,Aggregated,4.300000,0.000000,140,180,200,210,250,290,320,390,1200,1400,1400,2159,0,140,168.7029252053532,94.61562498472631,1370.7594589795917,10395.135710977303
1787721100,12,,Aggregated,4.500000,0.000000,140,180,200,210,250,290,320,390,1200,1400,1400,2168,0,140,168.77980193849635,94.61562498472631,1370.7594589795917,10392.42758302583
1787721101,12,,Aggregated,4.800000,0.000000,140,180,200,210,250,290,320,390,1200,1400,1400,2171,0,140,168.72352678150725,94.61562498472631,1370.7594589795917,10389.970981114693
1787721102,12,,Aggregated,5.200000,0.000000,140,180,200,210,250,290,320,390,1200,1400,1400,2179,0,140,168.81856293844496,94.61562498472631,1370.7594589795917,10396.184488297384
1787721103,12,,Aggregated,5.400000,0.000000,140,180,200,210,250,290,320,390,1200,1400,1400,2185,0,140,168.86233032853673,94.61562498472631,1370.7594589795917,10394.889702517163
1787721104,12,,Aggregated,5.500000,0.000000,140,180,200,210,250,290,320,390,1200,1400,1400,2190,0,140,168.83164873308414,94.61562498472631,1370.7594589795917,10392.326027397261
1787721105,12,,Aggregated,5.500000,0.000000,140,180,200,210,250,290,320,390,1200,1400,1400,2191,0,140,168.81280249532605,94.61562498472631,1370.7594589795917,10391.10908261068
1787721106,12,,Aggregated,5.600000,0.000000,140,180,200,210,250,290,320,390,1200,1400,1400,2195,0,140,168.7813975395325,94.61562498472631,1370.7594589795917,10391.884282460136
1787721107,12,,Aggregated,5.300000,0.000000,140,180,200,210,250,290,320,390,1200,1400,1400,2203,0,140,168.6793029461778,94.61562498472631,1370.7594589795917,10385.059918293236
1787721108,12,,Aggregated,5.100000,0.000000,140,180,200,210,250,290,320,390,1200,1400,1400,2209,0,140,168.73658665963066,94.61562498472631,1370.7594589795917,10387.496152105025
1787721109,12,,Aggregated,5.400000,0.000000,140,180,200,210,250,290,320,390,1200,1400,1400,2213,0,140,168.69569634667303,94.61562498472631,1370.7594589795917,10386.521915951198
1787721110,12,,Aggregated,5.600000,0.000000,140,180,200,210,250,290,320,390,1200,1400,1400,2218,0,140,168.64565091207203,94.61562498472631,1370.7594589795917,10379.98872858431
1787721111,12,,Aggregated,5.500000,0.000000,140,180,200,210,250,290,320,390,1200,1400,1400,2223,0,140,168.52880306921068,94.61562498472631,1370.7594589795917,10373.010346378767
1787721112,12,,Aggregated,5.300000,0.000000,140,180,200,210,250,290,320,390,1200,1400,1400,2226,0,140,168.52091204972064,94.61562498472631,1370.7594589795917,10370.628481581312
1787721113,12,,Aggregated,5.000000,0.000000,140,180,200,210,250,290,320,390,1200,1400,1400,2230,0,140,168.43817095134423,94.61562498472631,1370.7594589795917,10365.831838565022
1787721114,12,,Aggregated,5.100000,0.000000,140,180,200,210,250,290,320,390,1200,1400,1400,2237,0,140,168.50789735771494,94.61562498472631,1370.7594589795917,10369.742065265982
1787721115,12,,Aggregated,4.600000,0.000000,140,180,200,210,250,290,320,390,1200,1400,1400,2239,0,140,168.53326474503183,94.61562498472631,1370.7594589795917,10369.666815542652
1787721116,12,,Aggregated,4.400000,0.000000,140,180,200,210,250,290,320,390,1200,1400,1400,2243,0,140,168.4849092239,94.61562498472631,1370.7594589795917,10366.131520285333
1787721117,12,,Aggregated,4.700000,0.000000,140,180,200,210,250,290,320,390,1200,1400,1400,2245,0,140,168.45571136492032,94.61562498472631,1370.7594589795917,10363.266369710467
1787721118,12,,Aggregated,4.900000,0.000000,140,180,200,210,250,290,320,390,1200,1400,1400,2251,0,140,168.43862556105606,94.61562498472631,1370.7594589795917,10357.395824078187
1787721119,12,,Aggregated,4.500000,0.000000,140,180,200,210,250,290,320,390,1200,1400,1400,2257,0,140,168.41657052679406,94.61562498472631,1370.7594589795917,10358.091714665485
1787721120,12,,Aggregated,4.200000,0.000000,140,180,200,210,250,290,320,390,1200,1400,1400,2266,0,140,168.43386926825528,94.61562498472631,1370.7594589795917,10364.575022065314
1787721121,12,,Aggregated,4.200000,0.000000,140,180,200,210,250,290,320,390,1200,1400,1400,2266,0,140,168.43386926825528,94.61562498472631,1370.7594589795917,10364.575022065314
1787721122,12,,Aggregated,4.200000,0.000000,140,180,200,210,250,290,320,390,1200,1400,1400,2274,0,140,168.3514946740958,94.61562498472631,1370.7594589795917,10359.09014951627
1787721123,12,,Aggregated,4.700000,0.000000,140,180,200,210,250,290,320,390,1200,1400,1400,2277,0,140,168.34175456245748,94.61562498472631,1370.7594589795917,10358.817303469477
1787721124,12,,Aggregated,4.200000,0.000000,140,180,200,210,250,290,320,390,1200,1400,1400,2282,0,140,168.24089700780976,94.61562498472631,1370.7594589795917,10353.074496056091
1787721125,12,,Aggregated,4.800000,0.000000,140,180,200,210,250,290,320,390,1200,1400,1400,2287,0,140,168.22417122692644,94.61562498472631,1370.7594589795917,10352.912111937036
1787721126,12,,Aggregated,4.600000,0.000000,140,180,200,210,250,290,320,390,1200,1400,1400,2290,0,140,168.18600888475856,94.61562498472631,1370.7594589795917,10353.158951965066
1787721127,12,,Aggregated,4.500000,0.000000,140,180,200,210,250,290,320,390,1200,1400,1400,2292,0,140,168.18124546076578,94.61562498472631,1370.7594589795917,10354.627835951134
1787721128,12,,Aggregated,4.700000,0.000000,140,180,200,210,250,290,320,390,1200,1400,1400,2296,0,140,168.1491660914718,94.61562498472631,1370.7594589795917,10350.779616724738
1787721129,12,,Aggregated,4.700000,0.000000,140,180,200,210,250,280,320,380,1200,1400,1400,2304,0,140,168.17180056912346,94.61562498472631,1370.7594589795917,10360.865885416666
1787721130,12,,Aggregated,4.700000,0.000000,140,180,200,210,250,280,320,380,1200,1400,1400,2307,0,140,168.1526103754349,94.61562498472631,1370.7594589795917,10359.695275249242
1787721131,12,,Aggregated,4.600000,0.000000,140,180,200,210,250,280,320,380,1200,1400,1400,2312,0,140,168.13896343731935,94.61562498472631,1370.7594589795917,10362.059256055363
1787721132,12,,Aggregated,4.700000,0.000000,140,180,200,210,250,280,320,380,1200,1400,1400,2318,0,140,168.10964488468957,94.61562498472631,1370.7594589795917,10360.691544434858
1787721133,12,,Aggregated,4.100000,0.000000,140,180,200,210,250,280,320,390,1200,1400,1400,2323,0,140,168.36520833776342,94.61562498472631,1370.7594589795917,10365.545845888937
1787721134,12,,Aggregated,4.500000,0.000000,140,180,200,210,250,280,320,390,1200,1400,1400,2328,0,140,168.29804739848026,94.61562498472631,1370.7594589795917,10363.600085910653
1787721135,12,,Aggregated,4.400000,0.000000,140,180,200,210,250,290,320,390,1200,1400,1400,2335,0,140,168.3335093721524,94.61562498472631,1370.7594589795917,10366.688650963597
1787721136,11,,Aggregated,4.500000,0.000000,140,180,200,210,250,290,320,390,1200,1400,1400,2336,0,140,168.31326899997816,94.61562498472631,1370.7594589795917,10365.60359589041
1787721137,11,,Aggregated,4.600000,0.000000,140,180,200,210,250,290,320,390,1200,1400,1400,2340,0,140,168.25296047440148,94.61562498472631,1370.7594589795917,10361.166239316239
1787721138,11,,Aggregated,4.800000,0.000000,140,180,200,210,250,280,320,390,1200,1400,1400,2344,0,140,168.17068133631136,94.61562498472631,1370.7594589795917,10356.758532423208
1787721139,11,,Aggregated,4.600000,0.000000,140,180,200,210,250,280,320,390,1200,1400,1400,2350,0,140,168.14817645933798,94.61562498472631,1370.7594589795917,10357.95574468085
1787721140,11,,Aggregated,4.800000,0.000000,140,180,200,210,250,280,320,390,1200,1400,1400,2353,0,140,168.16658962536184,94.61562498472631,1370.7594589795917,10363.061198470039
1787721141,11,,Aggregated,4.600000,0.000000,140,180,200,210,250,280,320,390,1200,1400,1400,2357,0,140,168.1660672517965,94.61562498472631,1370.7594589795917,10365.865082732287
1787721142,11,,Aggregated,4.500000,0.000000,140,180,200,210,250,280,320,390,1200,1400,1400,2362,0,140,168.20875630330747,94.61562498472631,1370.7594589795917,10369.893734123623
1787721143,11,,Aggregated,4.600000,0.000000,140,180,200,210,250,280,320,390,1200,1400,1400,2366,0,140,168.12355354166922,94.61562498472631,1370.7594589795917,10365.491969568893
1787721144,11,,Aggregated,4.500000,0.000000,140,180,200,210,250,280,320,390,1200,1400,1400,2369,0,140,168.19570329057586,94.61562498472631,1370.7594589795917,10372.810046433095
1787721145,11,,Aggregated,4.400000,0.000000,140,180,200,210,250,280,320,390,1200,1400,1400,2374,0,140,168.21981424276686,94.61562498472631,1370.7594589795917,10377.505054759898
1787721146,11,,Aggregated,4.300000,0.000000,140,180,200,210,250,280,320,390,1200,1400,1400,2379,0,140,168.17340145199574,94.61562498472631,1370.7594589795917,10375.591004623791
1787721147,11,,Aggregated,4.100000,0.000000,140,180,200,210,250,280,320,390,1200,1400,1400,2385,0,140,168.3459749526346,94.61562498472631,1370.7594589795917,10379.02641509434
1787721149,11,,Aggregated,3.900000,0.000000,140,180,200,210,250,290,320,390,1200,1400,1400,2391,0,140,168.38418446373723,94.61562498472631,1370.7594589795917,10377.190296946885
1787721150,11,,Aggregated,4.300000,0.000000,140,180,200,210,250,290,320,390,1200,1400,1400,2392,0,140,168.37895572480252,94.61562498472631,1370.7594589795917,10376.104096989966
1787721151,11,,Aggregated,4.400000,0.000000,140,180,200,210,250,290,320,390,1200,1400,1400,2395,0,140,168.45468077993328,94.61562498472631,1370.7594589795917,10373.862630480167
1787721152,11,,Aggregated,4.700000,0.000000,140,180,200,210,250,290,320,390,1200,1400,1400,2400,0,140,168.49366680903282,94.61562498472631,1370.7594589795917,10378.827083333334
1787721153,11,,Aggregated,4.200000,0.000000,140,180,200,210,250,290,320,380,1200,1400,1400,2403,0,140,168.48320278797968,94.61562498472631,1370.7594589795917,10375.588014981273
1787721154,11,,Aggregated,4.200000,0.000000,140,180,200,210,250,290,320,380,1200,1400,1400,2404,0,140,168.46610878014275,94.61562498472631,1370.7594589795917,10374.512063227954
1787721155,11,,Aggregated,4.100000,0.000000,140,180,200,210,250,290,320,380,1200,1400,1400,2408,0,140,168.43567850560171,94.61562498472631,1370.7594589795917,10374.87707641196
1787721156,11,,Aggregated,4.100000,0.000000,140,180,200,210,250,290,320,380,1200,1400,1400,2415,0,140,168.4527897716579,94.61562498472631,1370.7594589795917,10379.380124223602
1787721157,11,,Aggregated,3.800000,0.000000,140,180,200,210,250,290,320,380,1200,1400,1400,2422,0,140,168.541929296304,94.61562498472631,1370.7594589795917,10387.560693641619
1787721158,11,,Aggregated,3.800000,0.000000,140,180,200,210,250,290,320,380,1200,1400,1400,2425,0,140,168.53843501999435,94.61562498472631,1370.7594589795917,10389.029690721649
1787721159,11,,Aggregated,4.100000,0.000000,140,180,200,210,250,290,320,380,1200,1400,1400,2429,0,140,168.52123911015937,94.61562498472631,1370.7594589795917,10385.755043227666
1787721160,11,,Aggregated,4.300000,0.000000,140,180,200,210,250,290,320,380,1200,1400,1400,2433,0,140,168.57097916137786,94.61562498472631,1370.7594589795917,10385.543362104398
1787721161,11,,Aggregated,4.000000,0.000000,140,180,200,210,250,290,320,380,1200,1400,1400,2438,0,140,168.66966653340194,94.61562498472631,1370.7594589795917,10391.104183757177
1787721162,11,,Aggregated,3.800000,0.000000,140,180,200,210,250,290,320,380,1200,1400,1400,2440,0,140,168.66469938865268,94.61562498472631,1370.7594589795917,10390.012704918032
1787721163,11,,Aggregated,4.300000,0.000000,140,180,200,210,250,290,320,380,1200,1400,1400,2443,0,140,168.70021996859535,94.61562498472631,1370.7594589795917,10393.020875972165
1787721164,11,,Aggregated,4.300000,0.000000,140,180,200,210,250,290,320,380,1200,1400,1400,2445,0,140,168.66485015632003,94.61562498472631,1370.7594589795917,10390.892433537832
1787721165,11,,Aggregated,4.000000,0.000000,140,180,200,210,250,290,320,380,1200,1400,1400,2448,0,140,168.67338742817725,94.61562498472631,1370.7594589795917,10395.3125
1787721166,11,,Aggregated,4.100000,0.000000,140,180,200,210,250,290,320,380,1200,1400,1400,2454,0,140,168.66095269917864,94.61562498472631,1370.7594589795917,10399.27098614507
1787721167,11,,Aggregated,4.100000,0.000000,140,180,200,210,250,290,320,380,1200,1400,1400,2458,0,140,168.64681374027785,94.61562498472631,1370.7594589795917,10399.593572009764
1787721168,11,,Aggregated,4.100000,0.000000,140,180,200,210,250,290,320,380,1200,1400,1400,2462,0,140,168.57552318899968,94.61562498472631,1370.7594589795917,10395.301380991064
1787721169,11,,Aggregated,3.600000,0.000000,140,180,200,210,250,290,320,380,1200,1400,1400,2465,0,140,168.554782778172,94.61562498472631,1370.7594589795917,10396.713995943204
1787721170,11,,Aggregated,3.700000,0.000000,140,180,200,210,250,290,320,380,1200,1400,1400,2472,0,140,168.67309714044734,94.61562498472631,1370.7594589795917,10407.727750809061
1787721171,11,,Aggregated,3.500000,0.000000,140,180,200,210,250,290,320,380,1200,1400,1400,2476,0,140,168.73909092535715,94.61562498472631,1370.7594589795917,10407.95718901454
1787721172,11,,Aggregated,3.800000,0.000000,140,180,200,210,250,290,320,380,1200,1400,1400,2478,0,140,168.77814531484145,94.61562498472631,1370.7594589795917,10406.849071832123
1787721173,11,,Aggregated,3.800000,0.000000,140,180,200,210,250,290,320,380,1200,1400,1400,2482,0,140,168.78121530257786,94.61562498472631,1370.7594589795917,10405.595487510072
1787721174,11,,Aggregated,3.700000,0.000000,140,180,200,210,250,290,320,380,1200,1400,1400,2488,0,140,168.80291286779948,94.61562498472631,1370.7594589795917,10410.4115755627
1787721175,11,,Aggregated,3.700000,0.000000,140,180,200,210,250,290,320,380,1200,1400,1400,2491,0,140,168.78606057079043,94.61562498472631,1370.7594589795917,10411.13970293055
1787721176,11,,Aggregated,4.200000,0.000000,140,180,200,210,250,290,320,380,1200,1400,1400,2494,0,140,168.75875723645697,94.61562498472631,1370.7594589795917,10411.931836407377
1787721177,11,,Aggregated,4.300000,0.000000,140,180,200,210,250,290,320,380,1200,1400,1400,2498,0,140,168.80428643192158,94.61562498472631,1370.7594589795917,10412.110488390712
1787721178,11,,Aggregated,4.300000,0.000000,140,180,200,210,250,290,320,380,1200,1400,1400,2500,0,140,168.7867222027853,94.61562498472631,1370.7594589795917,10409.4988
1787721179,11,,Aggregated,4.000000,0.000000,140,180,200,210,250,290,320,380,1200,1400,1400,2503,0,140,168.7690820211014,94.61562498472631,1370.7594589795917,10410.827007590891
1787721180,11,,Aggregated,3.800000,0.000000,140,180,200,210,250,290,320,380,1200,1400,1400,2511,0,140,168.87272161081856,94.61562498472631,1370.7594589795917,10421.025089605735
1787721181,11,,Aggregated,3.900000,0.000000,140,180,200,210,250,290,320,380,1200,1400,1400,2516,0,140,168.89156611232437,94.61562498472631,1370.7594589795917,10422.338235294117
1787721182,11,,Aggregated,3.900000,0.000000,140,180,200,210,250,290,320,380,1200,1400,1400,2521,0,140,168.8436280430074,94.61562498472631,1370.7594589795917,10422.121380404602
1787721183,11,,Aggregated,3.900000,0.000000,140,180,200,210,250,290,320,380,1200,1400,1400,2523,0,140,168.83424678178793,94.61562498472631,1370.7594589795917,10419.090764962346
1787721184,11,,Aggregated,4.000000,0.000000,140,180,200,210,250,290,320,380,1200,1400,1400,2526,0,140,168.78237233042603,94.61562498472631,1370.7594589795917,10415.88281868567
1787721185,11,,Aggregated,4.300000,0.000000,140,180,200,210,250,290,320,380,1200,1400,1400,2530,0,140,168.74184328317273,94.61562498472631,1370.7594589795917,10416.138735177865
1787721186,11,,Aggregated,3.900000,0.000000,140,180,200,210,250,290,320,380,1200,1400,1400,2535,0,140,168.74712155084814,94.61562498472631,1370.7594589795917,10419.2291913215
1787721187,11,,Aggregated,3.900000,0.000000,140,180,200,210,250,290,320,380,1200,1400,1400,2539,0,140,168.71908809472492,94.61562498472631,1370.7594589795917,10419.513194170933
1787721188,11,,Aggregated,4.000000,0.000000,140,180,200,210,250,280,320,380,1200,1400,1400,2544,0,140,168.67466377024465,94.61562498472631,1370.7594589795917,10415.865172955975
1787721189,11,,Aggregated,4.200000,0.000000,140,180,200,210,250,290,320,380,1200,1400,1400,2550,0,140,168.77142036214983,94.61562498472631,1370.7594589795917,10424.516862745098
1787721190,11,,Aggregated,4.200000,0.000000,140,180,200,210,250,290,320,380,1200,1400,1400,2553,0,140,168.7625382093569,94.61562498472631,1370.7594589795917,10426.374069721896
1787721191,11,,Aggregated,4.600000,0.000000,140,180,200,210,250,290,320,380,1200,1400,1400,2556,0,140,168.7446452001531,94.61562498472631,1370.7594589795917,10428.218701095462
1787721192,11,,Aggregated,4.100000,0.000000,140,180,200,210,250,290,320,380,1200,1400,1400,2561,0,140,168.7200322009191,94.61562498472631,1370.7594589795917,10429.39945333854
1787721193,11,,Aggregated,4.000000,0.000000,140,180,200,210,250,290,320,380,1200,1400,1400,2564,0,140,168.6969218866801,94.61562498472631,1370.7594589795917,10425.847503900157
1787721194,11,,Aggregated,4.000000,0.000000,140,180,200,210,250,290,320,380,1200,1400,1400,2566,0,140,168.66258866273793,94.61562498472631,1370.7594589795917,10423.759937646142
1787721195,11,,Aggregated,4.000000,0.000000,140,180,200,210,250,290,320,380,1200,1400,1400,2571,0,140,168.6534001553545,94.61562498472631,1370.7594589795917,10423.527032283158
1787721196,11,,Aggregated,4.000000,0.000000,140,180,200,210,250,290,320,380,1200,1400,1400,2576,0,140,168.62569296953444,94.61562498472631,1370.7594589795917,10419.275232919255
1787721197,11,,Aggregated,3.800000,0.000000,140,180,200,210,250,280,320,380,1200,1400,1400,2581,0,140,168.56976864808584,94.61562498472631,1370.7594589795917,10417.51724137931
1787721198,11,,Aggregated,3.900000,0.000000,140,180,200,210,250,280,320,380,1200,1400,1400,2582,0,140,168.55427733881112,94.61562498472631,1370.7594589795917,10416.485282726568
1787721199,11,,Aggregated,4.200000,0.000000,140,180,200,210,250,280,320,380,1200,1400,1400,2588,0,140,168.62919344278873,94.61562498472631,1370.7594589795917,10423.24768160742
1787721200,11,,Aggregated,3.900000,0.000000,140,180,200,210,250,290,320,380,1200,1400,1400,2597,0,140,168.73892513946527,94.61562498472631,1370.7594589795917,10428.076241817482
1787721201,11,,Aggregated,3.500000,0.000000,140,180,200,210,250,290,320,380,1200,1400,1400,2600,0,140,168.68202979273448,94.61562498472631,1370.7594589795917,10424.943076923077
1787721202,11,,Aggregated,3.500000,0.000000,140,180,200,210,250,290,320,380,1200,1400,1400,2600,0,140,168.68202979273448,94.61562498472631,1370.7594589795917,10424.943076923077
1787721203,11,,Aggregated,4.300000,0.000000,140,180,200,210,250,280,320,380,1200,1400,1400,2604,0,140,168.6111647474219,94.61562498472631,1370.7594589795917,10419.994239631336
1787721204,11,,Aggregated,4.100000,0.000000,140,180,200,210,250,280,320,380,1200,1400,1400,2609,0,140,168.64253534361058,94.61562498472631,1370.7594589795917,10415.761594480644
1787721205,11,,Aggregated,4.100000,0.000000,140,180,200,210,250,280,320,380,1200,1400,1400,2612,0,140,168.61708904527396,94.61562498472631,1370.7594589795917,10416.918836140889
1787721206,11,,Aggregated,3.900000,0.000000,140,180,200,210,250,280,320,380,1200,1400,1400,2616,0,140,168.61024855127678,94.61562498472631,1370.7594589795917,10418.636850152905
1787721207,11,,Aggregated,3.900000,0.000000,140,180,200,210,250,280,320,380,1200,1400,1400,2616,0,140,168.61024855127678,94.61562498472631,1370.7594589795917,10418.636850152905
1787721208,11,,Aggregated,4.300000,0.000000,140,180,200,210,250,280,320,380,1200,1400,1400,2628,0,140,168.65015501300684,94.61562498472631,1370.7594589795917,10417.415905631658
1787721209,11,,Aggregated,4.300000,0.000000,140,180,200,210,250,280,320,380,1200,1400,1400,2629,0,140,168.64603256913713,94.61562498472631,1370.7594589795917,10415.951692658806
1787721210,11,,Aggregated,4.200000,0.000000,140,180,200,210,250,280,320,380,1200,1400,1400,2633,0,140,168.58619798407767,94.61562498472631,1370.7594589795917,10412.900113938473
1787721211,11,,Aggregated,4.200000,0.000000,140,180,200,210,250,280,320,380,1200,1400,1400,2635,0,140,168.55828331763973,94.61562498472631,1370.7594589795917,10410.870967741936
1787721212,11,,Aggregated,3.700000,0.000000,140,180,200,210,250,280,320,380,1200,1400,1400,2641,0,140,168.55729120908342,94.61562498472631,1370.7594589795917,10412.280954184022
1787721213,11,,Aggregated,3.600000,0.000000,140,180,200,210,250,280,320,380,1200,1400,1400,2647,0,140,168.60558943969698,94.61562498472631,1370.7594589795917,10415.552701171137
1787721214,11,,Aggregated,3.600000,0.000000,140,180,200,210,250,280,320,380,1200,1400,1400,2650,0,140,168.5922337094111,94.61562498472631,1370.7594589795917,10412.094716981132
1787721215,11,,Aggregated,3.900000,0.000000,140,180,200,210,250,280,320,380,1200,1400,1400,2654,0,140,168.56972495812963,94.61562498472631,1370.7594589795917,10412.891107761869
1787721216,11,,Aggregated,4.500000,0.000000,140,180,200,210,250,280,320,380,1200,1400,1400,2660,0,140,168.49500770563316,94.61562498472631,1370.7594589795917,10407.822556390978
1787721217,11,,Aggregated,4.200000,0.000000,140,180,200,210,250,280,320,380,1200,1400,1400,2664,0,140,168.482621933572,94.61562498472631,1370.7594589795917,10403.779654654654
1787721218,11,,Aggregated,4.100000,0.000000,140,180,200,210,250,280,320,380,1200,1400,1400,2666,0,140,168.4699903874758,94.61562498472631,1370.7594589795917,10402.72993248312
1787721219,11,,Aggregated,4.600000,0.000000,140,180,200,210,250,280,320,380,1200,1400,1400,2668,0,140,168.45366808727545,94.61562498472631,1370.7594589795917,10400.71964017991
1787721220,11,,Aggregated,4.200000,0.000000,140,180,200,210,250,280,320,380,1200,1400,1400,2673,0,140,168.52140891878926,94.61562498472631,1370.7594589795917,10397.637111859334
1787721221,11,,Aggregated,3.800000,0.000000,140,180,200,210,250,280,320,380,1200,1400,1400,2681,0,140,168.51414556070364,94.61562498472631,1370.7594589795917,10398.90488623648
1787721222,11,,Aggregated,3.900000,0.000000,140,180,200,210,250,280,320,380,1200,1400,1400,2684,0,140,168.52910279961867,94.61562498472631,1370.7594589795917,10398.675856929955
1787721223,11,,Aggregated,4.100000,0.000000,140,180,200,210,250,280,320,380,1200,1400,1400,2691,0,140,168.5259983735903,94.61562498472631,1370.7594589795917,10399.829803047194
1787721224,11,,Aggregated,4.200000,0.000000,140,180,200,210,250,280,320,380,1200,1400,1400,2695,0,140,168.50818614674134,94.61562498472631,1370.7594589795917,10399.008905380333
1787721225,11,,Aggregated,4.200000,0.000000,140,180,200,210,250,280,320,380,1200,1400,1400,2699,0,140,168.4620672780482,94.61562498472631,1370.7594589795917,10395.034827713967
1787721226,11,,Aggregated,4.200000,0.000000,140,180,200,210,250,280,320,380,1200,1400,1400,2703,0,140,168.39462922402953,94.61562498472631,1370.7594589795917,10391.10654827969
1787721227,11,,Aggregated,4.200000,0.000000,140,180,200,210,250,280,320,380,1200,1400,1400,2710,0,140,168.33748068914807,94.61562498472631,1370.7594589795917,10387.976752767529
1787721228,11,,Aggregated,4.500000,0.000000,140,180,200,210,250,280,320,380,1200,1400,1400,2713,0,140,168.33383623615987,94.61562498472631,1370.7594589795917,10386.87688905271
1787721229,11,,Aggregated,4.400000,0.000000,140,180,200,210,250,280,320,380,1200,1400,1400,2715,0,140,168.29526703521734,94.61562498472631,1370.7594589795917,10384.51344383057
1787721230,11,,Aggregated,4.600000,0.000000,140,180,200,210,250,280,320,380,1200,1400,1400,2721,0,140,168.1905346382642,94.61562498472631,1370.7594589795917,10378.703417861081
1787721231,11,,Aggregated,4.600000,0.000000,140,180,200,210,250,280,320,380,1200,1400,1400,2722,0,140,168.17681138305517,94.61562498472631,1370.7594589795917,10378.687729610581
1787721232,11,,Aggregated,4.800000,0.000000,140,180,200,210,250,280,320,380,1200,1400,1400,2727,0,140,168.14445523208067,94.61562498472631,1370.7594589795917,10374.756508984232
1787721233,11,,Aggregated,4.500000,0.000000,140,180,200,210,250,280,320,380,1200,1400,1400,2729,0,140,168.10583736448552,94.61562498472631,1370.7594589795917,10372.828508611214
1787721234,11,,Aggregated,4.300000,0.000000,140,180,200,210,250,280,320,380,1200,1400,1400,2734,0,140,168.09589455363047,94.61562498472631,1370.7594589795917,10370.786759326993
1787721235,11,,Aggregated,4.100000,0.000000,140,180,200,210,250,280,320,380,1200,1400,1400,2738,0,140,168.0681595759578,94.61562498472631,1370.7594589795917,10367.855368882396
1787721236,11,,Aggregated,3.900000,0.000000,140,180,200,210,250,280,320,380,1200,1400,1400,2742,0,140,168.01984672163587,94.61562498472631,1370.7594589795917,10366.675419401896
1787721237,11,,Aggregated,4.000000,0.000000,140,180,200,210,250,280,320,380,1200,1400,1400,2745,0,140,167.9736925630859,94.61562498472631,1370.7594589795917,10363.819307832422
1787721238,11,,Aggregated,3.900000,0.000000,140,180,200,210,250,280,320,380,1200,1400,1400,2749,0,140,167.94037389404335,94.61562498472631,1370.7594589795917,10364.497999272462
1787721239,11,,Aggregated,3.700000,0.000000,140,180,200,210,250,280,320,380,1200,1400,1400,2752,0,140,167.90808690728775,94.61562498472631,1370.7594589795917,10361.667877906977
1787721240,11,,Aggregated,3.500000,0.000000,140,180,200,210,250,280,320,380,1200,1400,1400,2757,0,140,167.86726856039076,94.61562498472631,1370.7594589795917,10360.095030830613
1787721241,11,,Aggregated,3.700000,0.000000,140,180,200,210,250,280,320,380,1200,1400,1400,2766,0,140,167.81062769845994,94.61562498472631,1370.7594589795917,10363.223788864787
1787721242,11,,Aggregated,3.700000,0.000000,140,180,200,210,250,280,320,380,1200,1400,1400,2766,0,140,167.81062769845994,94.61562498472631,1370.7594589795917,10363.223788864787
1787721243,11,,Aggregated,4.000000,0.000000,140,180,200,210,250,280,320,380,1200,1400,1400,2771,0,140,167.725775805186,94.61562498472631,1370.7594589795917,10358.504150126308
1787721244,11,,Aggregated,4.200000,0.000000,140,180,200,210,250,280,320,380,1200,1400,1400,2778,0,140,167.75336157779637,94.61562498472631,1370.7594589795917,10360.52015838733
1787721245,11,,Aggregated,4.100000,0.000000,140,180,200,210,250,280,320,380,1200,1400,1400,2781,0,140,167.73363685291307,94.61562498472631,1370.7594589795917,10360.781014023732
1787721246,11,,Aggregated,4.200000,0.000000,140,180,200,210,250,280,320,380,1200,1400,1400,2787,0,140,167.75038259618177,94.61562498472631,1370.7594589795917,10360.095084320057
1787721247,11,,Aggregated,4.300000,0.000000,140,180,200,210,250,280,320,380,1200,1400,1400,2794,0,140,167.65525097073422,94.61562498472631,1370.7594589795917,10356.17072297781
1787721248,11,,Aggregated,4.200000,0.000000,140,180,200,210,250,280,320,380,1200,1400,1400,2795,0,140,167.66734084844163,94.61562498472631,1370.7594589795917,10358.790339892665
1787721249,11,,Aggregated,4.500000,0.000000,140,180,200,210,250,280,320,380,1200,1400,1400,2799,0,140,167.63113417214154,94.61562498472631,1370.7594589795917,10355.996784565916
1787721250,11,,Aggregated,4.800000,0.000000,140,180,200,210,250,280,320,380,1200,1400,1400,2802,0,140,167.68180282150317,94.61562498472631,1370.7594589795917,10356.855817273376
1787721251,11,,Aggregated,4.500000,0.000000,140,180,200,210,250,280,320,380,1200,1400,1400,2808,0,140,167.6201607926352,94.61562498472631,1370.7594589795917,10351.742165242165
1787721252,11,,Aggregated,4.600000,0.000000,140,180,200,210,250,280,320,380,1200,1400,1400,2810,0,140,167.58422350454612,94.61562498472631,1370.7594589795917,10349.481138790035
1787721253,11,,Aggregated,4.200000,0.000000,140,180,200,210,250,280,320,380,1200,1400,1400,2815,0,140,167.56793105607557,94.61562498472631,1370.7594589795917,10349.241563055062
1787721254,11,,Aggregated,4.200000,0.000000,140,180,200,210,250,280,320,380,1200,1400,1400,2821,0,140,167.5348510453659,94.61562498472631,1370.7594589795917,10347.792272243885
1787721255,11,,Aggregated,4.300000,0.000000,140,180,200,210,250,280,320,380,1200,1400,1400,2828,0,140,167.49886390804136,94.61562498472631,1370.7594589795917,10343.509193776521
1787721256,10,,Aggregated,4.300000,0.000000,140,180,200,210,250,280,320,380,1200,1400,1400,2833,0,140,167.49359132119437,94.61562498472631,1370.7594589795917,10343.810448288034
1787721257,10,,Aggregated,4.400000,0.000000,140,180,200,210,250,280,320,380,1200,1400,1400,2836,0,140,167.45306564592173,94.61562498472631,1370.7594589795917,10341.025740479548
1787721258,10,,Aggregated,4.600000,0.000000,140,180,200,210,250,280,320,380,1200,1400,1400,2841,0,140,167.42387146735547,94.61562498472631,1370.7594589795917,10338.26399155227
1787721259,10,,Aggregated,4.500000,0.000000,140,180,200,210,250,280,320,380,1200,1400,1400,2847,0,140,167.4401213431814,94.61562498472631,1370.7594589795917,10340.250790305585
1787721260,10,,Aggregated,4.400000,0.000000,140,180,200,210,250,280,320,380,1200,1400,1400,2849,0,140,167.40621205026375,94.61562498472631,1370.7594589795917,10338.019656019656
1787721261,10,,Aggregated,4.700000,0.000000,140,180,200,210,250,280,320,380,1200,1400,1400,2854,0,140,167.35997731504034,94.61562498472631,1370.7594589795917,10337.936580238262
1787721262,10,,Aggregated,4.800000,0.000000,140,180,200,210,250,280,320,380,1200,1400,1400,2856,0,140,167.38766599828065,94.61562498472631,1370.7594589795917,10339.077030812325
1787721263,10,,Aggregated,4.700000,0.000000,140,180,200,210,250,280,320,380,1200,1400,1400,2860,0,140,167.41197207442752,94.61562498472631,1370.7594589795917,10339.326573426573
1787721264,10,,Aggregated,4.700000,0.000000,140,180,200,210,250,280,320,380,1200,1400,1400,2863,0,140,167.38173374636187,94.61562498472631,1370.7594589795917,10336.587146349983
1787721265,10,,Aggregated,4.600000,0.000000,140,180,200,210,250,280,320,380,1200,1400,1400,2867,0,140,167.38847276731224,94.61562498472631,1370.7594589795917,10337.423090338332
1787721266,10,,Aggregated,4.400000,0.000000,140,180,200,210,250,280,320,380,1200,1400,1400,2872,0,140,167.38037375513073,94.61562498472631,1370.7594589795917,10337.218314763231
1787721267,10,,Aggregated,4.100000,0.000000,140,180,200,210,250,280,320,380,1200,1400,1400,2875,0,140,167.39527537965256,94.61562498472631,1370.7594589795917,10337.974608695653
1787721268,10,,Aggregated,3.900000,0.000000,140,180,200,210,250,280,320,380,1200,1400,1400,2877,0,140,167.36304291469287,94.61562498472631,1370.7594589795917,10335.801529370872
1787721269,10,,Aggregated,3.900000,0.000000,140,180,200,210,250,280,320,380,1200,1400,1400,2883,0,140,167.3282816104993,94.61562498472631,1370.7594589795917,10333.804370447451
1787721270,10,,Aggregated,3.900000,0.000000,140,180,200,210,250,280,320,380,1200,1400,1400,2883,0,140,167.3282816104993,94.61562498472631,1370.7594589795917,10333.804370447451
1787721271,10,,Aggregated,3.500000,0.000000,140,180,200,210,250,280,320,380,1200,1400,1400,2890,0,140,167.32882707892148,94.61562498472631,1370.7594589795917,10330.48858131488
1787721272,10,,Aggregated,3.500000,0.000000,140,180,200,210,250,280,320,380,1200,1400,1400,2895,0,140,167.32743169536528,94.61562498472631,1370.7594589795917,10331.881865284975
1787721273,10,,Aggregated,3.300000,0.000000,140,180,200,210,250,280,320,380,1200,1400,1400,2899,0,140,167.35841698580586,94.61562498472631,1370.7594589795917,10337.911003794412
1787721274,10,,Aggregated,3.700000,0.000000,140,180,200,210,250,280,320,370,1200,1400,1400,2902,0,140,167.40580775045234,94.61562498472631,1370.7594589795917,10339.007580978636
1787721275,10,,Aggregated,3.800000,0.000000,140,180,200,210,250,280,320,370,1200,1400,1400,2905,0,140,167.3583522402135,94.61562498472631,1370.7594589795917,10336.381755593804
1787721276,10,,Aggregated,3.900000,0.000000,140,180,200,210,250,280,320,370,1200,1400,1400,2908,0,140,167.36219728883086,94.61562498472631,1370.7594589795917,10339.594222833563
1787721277,10,,Aggregated,3.800000,0.000000,140,180,200,210,250,280,320,370,1200,1400,1400,2912,0,140,167.38971194190327,94.61562498472631,1370.7594589795917,10338.925824175823
1787721278,10,,Aggregated,3.800000,0.000000,140,180,200,210,250,280,320,370,1200,1400,1400,2913,0,140,167.37594755123143,94.61562498472631,1370.7594589795917,10338.040164778578
1787721279,10,,Aggregated,3.800000,0.000000,140,180,200,210,250,280,320,370,1200,1400,1400,2917,0,140,167.33502195704247,94.61562498472631,1370.7594589795917,10335.36612958519
1787721280,10,,Aggregated,3.700000,0.000000,140,180,200,210,250,280,320,370,1200,1400,1400,2919,0,140,167.30585019343474,94.61562498472631,1370.7594589795917,10333.62452894827
1787721281,10,,Aggregated,3.600000,0.000000,140,180,200,210,250,280,320,370,1200,1400,1400,2923,0,140,167.29955796121766,94.61562498472631,1370.7594589795917,10336.51556619911
1787721282,10,,Aggregated,3.500000,0.000000,140,180,200,210,250,280,320,370,1200,1400,1400,2926,0,140,167.2838476602044,94.61562498472631,1370.7594589795917,10333.481544771019
1787721283,10,,Aggregated,3.600000,0.000000,140,180,200,210,250,280,320,370,1200,1400,1400,2932,0,140,167.20391337132133,94.61562498472631,1370.7594589795917,10329.961118690313
1787721284,10,,Aggregated,3.100000,0.000000,140,180,200,210,250,280,320,370,1200,1400,1400,2935,0,140,167.21563597560385,94.61562498472631,1370.7594589795917,10330.795911413968
1787721285,10,,Aggregated,3.100000,0.000000,140,180,200,210,250,280,320,370,1200,1400,1400,2937,0,140,167.18589591303478,94.61562498472631,1370.7594589795917,10329.030303030304
1787721286,10,,Aggregated,3.400000,0.000000,140,180,200,210,250,280,320,370,1200,1400,1400,2941,0,140,167.15081351492853,94.61562498472631,1370.7594589795917,10328.40836450187
1787721287,10,,Aggregated,3.300000,0.000000,140,180,200,210,250,280,320,370,1200,1400,1400,2943,0,140,167.12453065389744,94.61562498472631,1370.7594589795917,10326.615698267075
1787721288,10,,Aggregated,3.200000,0.000000,140,180,200,210,250,280,320,370,1200,1400,1400,2948,0,140,167.12442240695148,94.61562498472631,1370.7594589795917,10326.00407055631
1787721289,10,,Aggregated,3.100000,0.000000,140,180,200,210,250,280,320,370,1200,1400,1400,2950,0,140,167.08956637214553,94.61562498472631,1370.7594589795917,10324.253220338984
1787721291,10,,Aggregated,3.100000,0.000000,140,180,200,210,250,280,310,370,1200,1400,1400,2955,0,140,167.0663184171949,94.61562498472631,1370.7594589795917,10324.22233502538
1787721292,10,,Aggregated,3.500000,0.000000,140,180,200,210,250,280,310,370,1200,1400,1400,2957,0,140,167.0579478514088,94.61562498472631,1370.7594589795917,10323.325667906662
1787721293,10,,Aggregated,3.200000,0.000000,140,180,200,210,250,280,310,370,1200,1400,1400,2962,0,140,167.02633742796436,94.61562498472631,1370.7594589795917,10321.919648885889
1787721294,10,,Aggregated,3.600000,0.000000,140,180,200,210,250,280,310,370,1200,1400,1400,2965,0,140,167.05566815730393,94.61562498472631,1370.7594589795917,10326.033389544687
1787721295,10,,Aggregated,3.600000,0.000000,140,180,200,210,250,280,310,370,1200,1400,1400,2969,0,140,167.03643746595327,94.61562498472631,1370.7594589795917,10324.981812057931
1787721296,10,,Aggregated,3.200000,0.000000,140,180,200,210,250,280,310,370,1200,1400,1400,2976,0,140,166.9864217504754,94.61562498472631,1370.7594589795917,10321.335685483871
1787721297,10,,Aggregated,3.200000,0.000000,140,180,200,210,250,280,310,370,1200,1400,1400,2979,0,140,166.96676896760297,94.61562498472631,1370.7594589795917,10321.582745887881
1787721298,10,,Aggregated,3.300000,0.000000,140,180,200,210,250,280,310,370,1200,1400,1400,2980,0,140,166.9501224008464,94.61562498472631,1370.7594589795917,10320.73422818792
1787721299,10,,Aggregated,3.800000,0.000000,140,180,200,210,250,280,310,370,1200,1400,1400,2984,0,140,166.95569593582024,94.61562498472631,1370.7594589795917,10321.938672922251
1787721300,10,,Aggregated,3.800000,0.000000,140,180,200,210,250,280,310,370,1200,1400,1400,2989,0,140,166.92400621940428,94.61562498472631,1370.7594589795917,10317.226831716293
1787721301,10,,Aggregated,3.700000,0.000000,140,180,200,210,250,280,310,370,1200,1400,1400,2993,0,140,166.923189193609,94.61562498472631,1370.7594589795917,10319.948880721684
1787721302,10,,Aggregated,3.500000,0.000000,140,180,200,210,250,280,310,370,1200,1400,1400,2994,0,140,166.91018968715431,94.61562498472631,1370.7594589795917,10319.064796259185
1787721303,10,,Aggregated,3.800000,0.000000,140,180,200,210,250,280,310,370,1200,1400,1400,2997,0,140,166.92124063168984,94.61562498472631,1370.7594589795917,10322.756756756757
1787721304,10,,Aggregated,3.800000,0.000000,140,180,200,210,250,280,310,360,1200,1400,1400,3001,0,140,166.85676178988038,94.61562498472631,1370.7594589795917,10318.57914028657
1787721305,10,,Aggregated,3.400000,0.000000,140,180,200,210,250,280,310,360,1200,1400,1400,3006,0,140,166.86646119104012,94.61562498472631,1370.7594589795917,10315.21623419827
1787721306,10,,Aggregated,3.600000,0.000000,140,180,200,210,250,280,310,360,1200,1400,1400,3009,0,140,166.81605427022672,94.61562498472631,1370.7594589795917,10312.266201395812
1787721307,10,,Aggregated,3.600000,0.000000,140,180,200,210,250,280,310,360,1200,1400,1400,3015,0,140,166.84437713108548,94.61562498472631,1370.7594589795917,10312.089220563847
1787721308,10,,Aggregated,3.700000,0.000000,140,180,200,210,250,280,310,360,1200,1400,1400,3017,0,140,166.85184667764844,94.61562498472631,1370.7594589795917,10311.253563142194
1787721309,10,,Aggregated,3.600000,0.000000,140,180,200,210,250,280,310,360,1200,1400,1400,3019,0,140,166.86345369910742,94.61562498472631,1370.7594589795917,10310.423981450811
1787721310,10,,Aggregated,3.600000,0.000000,140,180,200,210,250,280,310,360,1200,1400,1400,3022,0,140,166.84697597069712,94.61562498472631,1370.7594589795917,10310.696889477167
1787721311,10,,Aggregated,3.500000,0.000000,140,180,200,210,250,280,310,360,1200,1400,1400,3026,0,140,166.79097831571477,94.61562498472631,1370.7594589795917,10307.266688697951
1787721312,10,,Aggregated,3.500000,0.000000,140,180,200,210,250,280,310,360,1200,1400,1400,3030,0,140,166.7884010202236,94.61562498472631,1370.7594589795917,10309.480198019803
1787721313,10,,Aggregated,3.000000,0.000000,140,180,200,210,250,280,310,360,1200,1400,1400,3036,0,140,166.75562246302903,94.61562498472631,1370.7594589795917,10308.525691699604
1787721314,10,,Aggregated,3.000000,0.000000,140,180,200,210,250,280,310,360,1200,1400,1400,3038,0,140,166.74877682872733,94.61562498472631,1370.7594589795917,10310.108294930875
1787721315,10,,Aggregated,3.900000,0.000000,140,180,200,210,250,280,310,360,1200,1400,1400,3045,0,140,166.71221145514355,94.61562498472631,1370.7594589795917,10311.169458128079
1787721316,10,,Aggregated,3.700000,0.000000,140,180,200,210,250,280,310,360,1200,1400,1400,3046,0,140,166.6967194290888,94.61562498472631,1370.7594589795917,10310.34668417597
1787721317,16,,Aggregated,3.900000,0.000000,140,180,200,210,250,280,320,380,1200,1400,1400,3066,0,140,167.33722120472726,94.61562498472631,1370.7594589795917,10308.47586431833
1787721318,16,,Aggregated,3.900000,0.000000,140,180,200,210,250,280,320,380,1200,1400,1400,3075,0,140,167.40624636926543,94.61562498472631,1370.7594589795917,10308.586341463415
1787721319,16,,Aggregated,3.700000,0.000000,140,180,200,210,250,280,320,380,1200,1400,1400,3077,0,140,167.37723989874672,94.61562498472631,1370.7594589795917,10306.917452063699
1787721320,16,,Aggregated,5.800000,0.000000,140,180,200,210,250,280,320,380,1200,1400,1400,3085,0,140,167.36322554142322,94.61562498472631,1370.7594589795917,10303.800324149108
1787721321,16,,Aggregated,5.900000,0.000000,140,180,200,210,250,280,320,380,1200,1400,1400,3091,0,140,167.2825519127644,94.61562498472631,1370.7594589795917,10299.589453251376
1787721322,16,,Aggregated,6.200000,0.000000,140,180,200,210,250,280,320,380,1200,1400,1400,3100,0,140,167.2198047184746,94.61562498472631,1370.7594589795917,10298.481935483871
1787721323,16,,Aggregated,6.700000,0.000000,140,180,200,210,250,280,320,380,1200,1400,1400,3111,0,140,167.3153391743617,94.61562498472631,1370.7594589795917,10296.659594985535
1787721324,16,,Aggregated,6.900000,0.000000,140,180,200,210,250,280,320,380,1200,1400,1400,3117,0,140,167.3338204752391,94.61562498472631,1370.7594589795917,10293.696823869104
1787721325,16,,Aggregated,7.300000,0.000000,140,180,200,210,250,280,320,380,1200,1400,1400,3120,0,140,167.33289332411144,94.61562498472631,1370.7594589795917,10292.48782051282
1787721326,16,,Aggregated,7.700000,0.000000,140,180,200,210,250,280,320,380,1200,1400,1400,3128,0,140,167.22778135837981,94.61562498472631,1370.7594589795917,10287.587595907928
1787721327,16,,Aggregated,7.500000,0.000000,140,180,200,210,250,280,320,380,1200,1400,1400,3136,0,140,167.29229099113655,94.61562498472631,1370.7594589795917,10287.42825255102
1787721328,16,,Aggregated,7.500000,0.000000,140,180,200,210,250,280,320,380,1200,1400,1400,3139,0,140,167.29985417527575,94.61562498472631,1370.7594589795917,10289.407136030582
1787721329,16,,Aggregated,7.000000,0.000000,140,180,200,210,250,280,320,380,1200,1400,1400,3146,0,140,167.25211226110787,94.61562498472631,1370.7594589795917,10286.479338842975
1787721330,16,,Aggregated,6.400000,0.000000,140,180,200,210,250,280,320,380,1200,1400,1400,3153,0,140,167.18798961549172,94.61562498472631,1370.7594589795917,10283.381541389153
1787721331,16,,Aggregated,6.800000,0.000000,140,180,200,210,250,280,320,380,1200,1400,1400,3157,0,140,167.1955340801059,94.61562498472631,1370.7594589795917,10280.96484003801
1787721332,16,,Aggregated,6.600000,0.000000,140,180,200,210,250,280,320,380,1200,1400,1400,3164,0,140,167.26480141431023,94.61562498472631,1370.7594589795917,10284.393805309735
1787721333,16,,Aggregated,6.600000,0.000000,140,180,200,210,250,280,320,380,1200,1400,1400,3170,0,140,167.27997475283144,94.61562498472631,1370.7594589795917,10289.418611987381
1787721334,16,,Aggregated,6.400000,0.000000,140,180,200,210,250,280,320,380,1200,1400,1400,3176,0,140,167.21981348622631,94.61562498472631,1370.7594589795917,10287.83879093199
1787721335,16,,Aggregated,6.100000,0.000000,140,180,200,210,250,280,320,380,1200,1400,1400,3182,0,140,167.19060930239633,94.61562498472631,1370.7594589795917,10287.940917661848
1787721336,16,,Aggregated,6.000000,0.000000,140,180,200,210,250,280,320,380,1200,1400,1400,3189,0,140,167.19665849118766,94.61562498472631,1370.7594589795917,10291.816556914393
1787721337,16,,Aggregated,6.200000,0.000000,140,180,200,210,250,280,320,380,1200,1400,1400,3196,0,140,167.17987337307912,94.61562498472631,1370.7594589795917,10291.498748435544
1787721338,16,,Aggregated,6.100000,0.000000,140,180,200,210,250,280,320,380,1200,1400,1400,3203,0,140,167.1898676009219,94.61562498472631,1370.7594589795917,10292.040586949735
1787721339,16,,Aggregated,6.100000,0.000000,140,180,200,210,250,280,320,380,1200,1400,1400,3207,0,140,167.1556449467087,94.61562498472631,1370.7594589795917,10291.193015279077
1787721340,16,,Aggregated,6.200000,0.000000,140,180,200,210,250,280,320,380,1200,1400,1400,3211,0,140,167.12045244536412,94.61562498472631,1370.7594589795917,10290.623170351915
1787721341,16,,Aggregated,6.200000,0.000000,140,180,200,210,250,280,320,380,1200,1400,1400,3217,0,140,167.06925364250864,94.61562498472631,1370.7594589795917,10286.710599937831
1787721342,16,,Aggregated,6.000000,0.000000,140,180,200,210,250,280,320,380,1200,1400,1400,3224,0,140,167.0539170703949,94.61562498472631,1370.7594589795917,10285.580955334988
1787721343,16,,Aggregated,6.000000,0.000000,140,180,200,210,250,280,320,380,1200,1400,1400,3237,0,140,167.28132484111893,94.61562498472631,1370.7594589795917,10291.995983935743
1787721344,16,,Aggregated,5.700000,0.000000,140,180,200,210,250,280,320,380,1200,1400,1400,3239,0,140,167.2570292175727,94.61562498472631,1370.7594589795917,10290.440259339302
1787721345,16,,Aggregated,6.000000,0.000000,140,180,200,210,250,280,320,380,1200,1400,1400,3243,0,140,167.22344304736492,94.61562498472631,1370.7594589795917,10289.917052112241
1787721346,16,,Aggregated,6.300000,0.000000,140,180,200,210,250,280,320,380,1200,1400,1400,3251,0,140,167.13973639263065,94.61562498472631,1370.7594589795917,10289.640725930483
1787721347,16,,Aggregated,6.000000,0.000000,140,180,200,210,250,280,320,380,1200,1400,1400,3258,0,140,167.197888764722,94.61562498472631,1370.7594589795917,10298.18262737876
1787721348,16,,Aggregated,5.900000,0.000000,140,180,200,210,250,280,320,380,1200,1400,1400,3264,0,140,167.24262326783455,94.61562498472631,1370.7594589795917,10299.642156862745
1787721349,16,,Aggregated,6.200000,0.000000,140,180,200,210,250,280,320,380,1200,1400,1400,3273,0,140,167.21011001959312,94.61562498472631,1370.7594589795917,10296.936755270393
1787721350,16,,Aggregated,6.000000,0.000000,140,180,200,210,250,280,320,380,1200,1400,1400,3280,0,140,167.2242930290295,94.61562498472631,1370.7594589795917,10296.702743902439
1787721351,16,,Aggregated,6.500000,0.000000,140,180,200,210,250,280,320,380,1200,1400,1400,3288,0,140,167.17947584915672,94.61562498472631,1370.7594589795917,10294.280717761558
1787721352,16,,Aggregated,6.900000,0.000000,140,180,200,210,250,280,320,380,1200,1400,1400,3293,0,140,167.17017834844629,94.61562498472631,1370.7594589795917,10293.162769511084
1787721353,16,,Aggregated,6.700000,0.000000,140,180,200,210,250,280,320,380,1200,1400,1400,3300,0,140,167.23118389222884,94.61562498472631,1370.7594589795917,10297.542121212122
1787721354,16,,Aggregated,7.100000,0.000000,140,180,200,210,250,280,320,380,1200,1400,1400,3305,0,140,167.22069898220104,94.61562498472631,1370.7594589795917,10294.395158850228
1787721355,16,,Aggregated,6.900000,0.000000,140,180,200,210,250,280,320,380,1200,1400,1400,3313,0,140,167.19215462194268,94.61562498472631,1370.7594589795917,10293.467552067612
1787721356,16,,Aggregated,6.400000,0.000000,140,180,200,210,250,280,320,380,1200,1400,1400,3321,0,140,167.1943104645314,94.61562498472631,1370.7594589795917,10296.471544715447
1787721357,16,,Aggregated,6.600000,0.000000,140,180,200,210,250,280,320,380,1200,1400,1400,3327,0,140,167.23133537745892,94.61562498472631,1370.7594589795917,10294.85873159002
1787721358,16,,Aggregated,7.200000,0.000000,140,180,200,210,250,280,320,380,1200,1400,1400,3333,0,140,167.26648423875503,94.61562498472631,1370.7594589795917,10294.228622862287
1787721359,16,,Aggregated,6.800000,0.000000,140,180,200,210,250,280,320,380,1200,1400,1400,3340,0,140,167.21839448883236,94.61562498472631,1370.7594589795917,10288.515868263474
1787721360,16,,Aggregated,6.700000,0.000000,140,180,200,210,250,280,320,380,1200,1400,1400,3346,0,140,167.1865720787429,94.61562498472631,1370.7594589795917,10287.670053795577
1787721361,16,,Aggregated,6.300000,0.000000,140,180,200,210,250,280,320,380,1200,1400,1400,3351,0,140,167.15226451278798,94.61562498472631,1370.7594589795917,10286.48134885109
1787721362,16,,Aggregated,6.400000,0.000000,140,180,200,210,250,280,320,380,1200,1400,1400,3354,0,140,167.16826013943316,94.61562498472631,1370.7594589795917,10287.877161598091
1787721363,16,,Aggregated,6.600000,0.000000,140,180,200,210,250,280,320,380,1200,1400,1400,3360,0,140,167.1188125765877,94.61562498472631,1370.7594589795917,10287.520238095238
1787721364,16,,Aggregated,6.100000,0.000000,140,180,200,210,250,280,320,380,1200,1400,1400,3365,0,140,167.18360366725972,94.61562498472631,1370.7594589795917,10286.75572065379
1787721365,16,,Aggregated,5.800000,0.000000,140,180,200,210,250,280,320,380,1200,1400,1400,3373,0,140,167.13376208383832,94.61562498472631,1370.7594589795917,10284.839608656983
1787721366,16,,Aggregated,6.000000,0.000000,140,180,200,210,250,280,320,380,1200,1400,1400,3380,0,140,167.1291948005436,94.61562498472631,1370.7594589795917,10287.836094674556
1787721367,16,,Aggregated,6.200000,0.000000,140,180,200,210,250,280,320,380,1200,1400,1400,3386,0,140,167.07765527460967,94.61562498472631,1370.7594589795917,10283.734790313054
1787721368,16,,Aggregated,5.800000,0.000000,140,180,200,210,250,280,320,380,1200,1400,1400,3392,0,140,167.07291159599544,94.61562498472631,1370.7594589795917,10285.18012971698
1787721369,16,,Aggregated,6.100000,0.000000,140,180,200,210,250,280,320,380,1200,1400,1400,3395,0,140,167.07828332339474,94.61562498472631,1370.7594589795917,10286.158762886598
1787721370,16,,Aggregated,6.000000,0.000000,140,180,200,210,250,280,320,380,1200,1400,1400,3401,0,140,167.10612099647568,94.61562498472631,1370.7594589795917,10285.412525727726
1787721371,16,,Aggregated,5.700000,0.000000,140,180,200,210,250,280,320,380,1200,1400,1400,3408,0,140,167.11755258691423,94.61562498472631,1370.7594589795917,10283.399941314554
1787721372,16,,Aggregated,5.500000,0.000000,140,180,200,210,250,280,320,380,1200,1400,1400,3411,0,140,167.1386081941739,94.61562498472631,1370.7594589795917,10283.625329815304
1787721373,16,,Aggregated,5.600000,0.000000,140,180,200,210,250,280,320,380,1200,1400,1400,3418,0,140,167.16291569418564,94.61562498472631,1370.7594589795917,10284.564657694558
1787721374,16,,Aggregated,5.600000,0.000000,140,180,200,210,250,280,320,380,1200,1400,1400,3424,0,140,167.1429501464819,94.61562498472631,1370.7594589795917,10281.241822429907
1787721375,16,,Aggregated,5.900000,0.000000,140,180,200,210,250,280,320,380,1200,1400,1400,3428,0,140,167.1178732521054,94.61562498472631,1370.7594589795917,10279.027712952158
1787721376,14,,Aggregated,5.900000,0.000000,140,180,200,210,250,280,320,380,1200,1400,1400,3432,0,140,167.063450214243,94.61562498472631,1370.7594589795917,10276.025932400933
1787721377,14,,Aggregated,5.500000,0.000000,140,180,200,210,250,280,320,380,1200,1400,1400,3441,0,140,167.09811787082566,94.61562498472631,1370.7594589795917,10274.8349317059
1787721378,14,,Aggregated,5.400000,0.000000,140,180,200,210,250,280,320,380,1200,1400,1400,3446,0,140,167.07309209041674,94.61562498472631,1370.7594589795917,10273.80934416715
1787721379,14,,Aggregated,5.000000,0.000000,140,180,200,210,250,280,320,380,1200,1400,1400,3453,0,140,167.09180404989078,94.61562498472631,1370.7594589795917,10275.302345786273
1787721380,14,,Aggregated,5.500000,0.000000,140,180,200,210,250,280,320,380,1200,1400,1400,3459,0,140,167.0874227164138,94.61562498472631,1370.7594589795917,10274.803122289679
1787721381,14,,Aggregated,5.700000,0.000000,140,180,200,210,250,280,320,380,1200,1400,1400,3465,0,140,167.09257361941405,94.61562498472631,1370.7594589795917,10275.595670995672
1787721382,14,,Aggregated,5.600000,0.000000,140,180,200,210,250,280,320,380,1200,1400,1400,3472,0,140,167.09028379677812,94.61562498472631,1370.7594589795917,10278.32142857143
1787721383,14,,Aggregated,5.600000,0.000000,140,180,200,210,250,280,320,380,1200,1400,1400,3478,0,140,167.06309200963676,94.61562498472631,1370.7594589795917,10276.052041403105
1787721384,14,,Aggregated,5.900000,0.000000,140,180,200,210,250,280,320,380,1200,1400,1400,3487,0,140,167.0854973379343,94.61562498472631,1370.7594589795917,10274.772583882994
1787721385,14,,Aggregated,5.800000,0.000000,140,180,200,210,250,280,320,380,1200,1400,1400,3490,0,140,167.05735447979333,94.61562498472631,1370.7594589795917,10272.584813753581
1787721386,14,,Aggregated,5.800000,0.000000,140,180,200,210,250,280,320,380,1200,1400,1400,3491,0,140,167.0443693095078,94.61562498472631,1370.7594589795917,10271.863935835005
1787721387,14,,Aggregated,6.300000,0.000000,140,180,200,210,250,280,320,380,1200,1400,1400,3500,0,140,167.06284170498006,94.61562498472631,1370.7594589795917,10271.581142857143
1787721388,14,,Aggregated,6.000000,0.000000,140,180,200,210,250,280,320,380,1200,1400,1400,3508,0,140,167.0123805611728,94.61562498472631,1370.7594589795917,10267.94897377423
1787721389,14,,Aggregated,5.900000,0.000000,140,180,200,210,250,280,320,380,1200,1400,1400,3516,0,140,167.5782824132885,94.61562498472631,1370.7594589795917,10269.90898748578
1787721390,14,,Aggregated,5.900000,0.000000,140,180,200,210,250,280,320,380,1200,1400,1400,3517,0,140,167.5907108706457,94.61562498472631,1370.7594589795917,10269.927779357407
1787721391,14,,Aggregated,6.000000,0.000000,140,180,200,210,250,280,320,380,1200,1400,1400,3523,0,140,167.56432871133345,94.61562498472631,1370.7594589795917,10270.82514902072
1787721392,14,,Aggregated,6.300000,0.000000,140,180,200,210,250,280,320,380,1200,1400,1400,3530,0,140,167.60943174222353,94.61562498472631,1370.7594589795917,10272.09490084986
1787721393,14,,Aggregated,5.700000,0.000000,140,180,200,210,250,280,320,380,1200,1400,1400,3536,0,140,167.61731146492392,94.61562498472631,1370.7594589795917,10278.303450226244
1787721394,14,,Aggregated,5.900000,0.000000,140,180,200,210,250,280,320,380,1200,1400,1400,3538,0,140,167.61115513907282,94.61562498472631,1370.7594589795917,10279.267665347654
1787721395,14,,Aggregated,5.800000,0.000000,140,180,200,210,250,280,320,380,1200,1400,1400,3543,0,140,167.58180496986296,94.61562498472631,1370.7594589795917,10276.42788597234
1787721396,14,,Aggregated,5.600000,0.000000,140,180,200,210,250,280,320,380,1200,1400,1400,3551,0,140,167.5711339199299,94.61562498472631,1370.7594589795917,10277.034638130104
1787721397,14,,Aggregated,5.100000,0.000000,140,180,200,210,250,280,320,380,1200,1400,1400,3554,0,140,167.5786348035534,94.61562498472631,1370.7594589795917,10278.90377039955
1787721398,14,,Aggregated,5.400000,0.000000,140,180,200,210,250,280,320,380,1200,1400,1400,3560,0,140,167.56170167609935,94.61562498472631,1370.7594589795917,10279.420786516854
1787721399,14,,Aggregated,5.700000,0.000000,140,180,200,210,250,280,320,380,1200,1400,1400,3563,0,140,167.52112274546434,94.61562498472631,1370.7594589795917,10277.308728599495
1787721400,14,,Aggregated,5.300000,0.000000,140,180,200,210,250,280,320,380,1200,1400,1400,3570,0,140,167.50436340144338,94.61562498472631,1370.7594589795917,10275.892717086836
1787721401,14,,Aggregated,5.100000,0.000000,140,180,200,210,250,280,320,380,1200,1400,1400,3574,0,140,167.5091851359988,94.61562498472631,1370.7594589795917,10275.537213206491
1787721402,14,,Aggregated,4.800000,0.000000,140,180,200,210,250,280,320,380,1200,1400,1400,3580,0,140,167.4944484192753,94.61562498472631,1370.7594589795917,10274.51843575419
1787721403,14,,Aggregated,5.200000,0.000000,140,180,200,210,250,280,320,380,1200,1400,1400,3584,0,140,167.52934067134058,94.61562498472631,1370.7594589795917,10278.822544642857
1787721404,14,,Aggregated,4.800000,0.000000,140,180,200,210,250,280,320,380,1200,1400,1400,3587,0,140,167.51858302179681,94.61562498472631,1370.7594589795917,10277.414552550877
1787721405,14,,Aggregated,5.000000,0.000000,140,180,200,210,250,280,320,380,1200,1400,1400,3592,0,140,167.56066555546997,94.61562498472631,1370.7594589795917,10279.160356347438
1787721406,14,,Aggregated,4.800000,0.000000,140,180,200,210,250,280,320,380,1200,1400,1400,3599,0,140,167.54203691077657,94.61562498472631,1370.7594589795917,10282.405668241177
1787721407,14,,Aggregated,5.000000,0.000000,140,180,200,210,250,280,320,380,1200,1400,1400,3602,0,140,167.52935332477017,94.61562498472631,1370.7594589795917,10282.679067184898
1787721408,14,,Aggregated,4.800000,0.000000,140,180,200,210,250,280,330,380,1200,1400,1400,3612,0,140,167.67305468077848,94.61562498472631,1370.7594589795917,10284.56976744186
1787721409,14,,Aggregated,4.800000,0.000000,140,180,200,210,250,280,330,380,1200,1400,1400,3617,0,140,167.72167222055006,94.61562498472631,1370.7594589795917,10292.44124965441
1787721410,14,,Aggregated,4.600000,0.000000,140,180,200,210,250,280,330,380,1200,1400,1400,3621,0,140,167.68787332138655,94.61562498472631,1370.7594589795917,10291.96575531621
1787721411,14,,Aggregated,5.200000,0.000000,140,180,200,210,250,280,330,380,1200,1400,1400,3629,0,140,167.66832690541247,94.61562498472631,1370.7594589795917,10291.624689997245
1787721412,14,,Aggregated,5.200000,0.000000,140,180,200,210,250,280,330,380,1200,1400,1400,3633,0,140,167.6662096882789,94.61562498472631,1370.7594589795917,10293.512248830168
1787721413,14,,Aggregated,5.100000,0.000000,140,180,200,210,250,280,330,380,1200,1400,1400,3635,0,140,167.66166385984434,94.61562498472631,1370.7594589795917,10294.540027510317
1787721414,14,,Aggregated,5.500000,0.000000,140,180,200,210,250,280,330,380,1200,1400,1400,3639,0,140,167.67216468737652,94.61562498472631,1370.7594589795917,10297.931574608408
1787721415,14,,Aggregated,5.200000,0.000000,140,180,200,210,250,280,330,380,1200,1400,1400,3647,0,140,167.70841111614178,94.61562498472631,1370.7594589795917,10297.687414313134
1787721416,14,,Aggregated,5.000000,0.000000,140,180,200,210,250,280,320,380,1200,1400,1400,3655,0,140,167.67218494252717,94.61562498472631,1370.7594589795917,10296.349384404924
1787721417,14,,Aggregated,5.100000,0.000000,140,180,200,210,250,280,320,380,1200,1400,1400,3661,0,140,167.68248989538063,94.61562498472631,1370.7594589795917,10297.225621414915
1787721418,14,,Aggregated,5.500000,0.000000,140,180,200,210,250,280,330,380,1200,1400,1400,3667,0,140,167.82621739139893,94.61562498472631,1370.7594589795917,10303.525224979547
1787721419,14,,Aggregated,5.600000,0.000000,140,180,200,210,250,280,330,380,1200,1400,1400,3674,0,140,167.8710775179905,94.61562498472631,1370.7594589795917,10306.090636908002
1787721420,14,,Aggregated,5.900000,0.000000,140,180,200,210,250,280,330,380,1200,1400,1400,3680,0,140,167.92198432117203,94.61562498472631,1370.7594589795917,10305.505706521739
1787721421,14,,Aggregated,5.500000,0.000000,140,180,200,210,250,280,330,380,1200,1400,1400,3682,1,140,167.88749810179723,94.61562498472631,1370.7594589795917,10303.248506246606
1787721422,14,,Aggregated,5.700000,0.000000,140,180,200,210,250,280,330,380,1200,1400,1400,3688,1,140,167.8524286567775,94.61562498472631,1370.7594589795917,10301.482917570498
1787721423,14,,Aggregated,5.900000,0.000000,140,180,200,210,250,280,330,380,1200,1400,1400,3692,1,140,167.94590494399466,94.61562498472631,1370.7594589795917,10302.591549295774
1787721424,14,,Aggregated,5.300000,0.100000,140,180,200,210,250,280,330,380,1200,1400,1400,3699,1,140,167.9553221848877,94.61562498472631,1370.7594589795917,10305.84860773182
1787721425,14,,Aggregated,5.700000,0.100000,140,180,200,210,250,280,330,380,1200,1400,1400,3703,1,140,167.96748238238936,94.61562498472631,1370.7594589795917,10306.18147448015
1787721426,14,,Aggregated,5.700000,0.100000,140,180,200,210,250,280,330,380,1200,1400,1400,3711,1,140,167.9165435786658,94.61562498472631,1370.7594589795917,10305.652923740232
1787721427,14,,Aggregated,6.000000,0.100000,140,180,200,210,250,280,330,380,1200,1400,1400,3716,1,140,167.88365238500796,94.61562498472631,1370.7594589795917,10305.546824542518
1787721428,14,,Aggregated,5.600000,0.100000,140,180,200,210,250,280,330,380,1200,1400,1400,3720,1,140,167.8826843447838,94.61562498472631,1370.7594589795917,10305.151344086022
1787721430,14,,Aggregated,5.600000,0.100000,140,180,200,210,250,280,330,380,1200,1400,1400,3727,1,140,167.9298126212838,94.61562498472631,1370.7594589795917,10307.511671585726
1787721431,14,,Aggregated,5.500000,0.100000,140,180,200,210,250,280,330,380,1200,1400,1400,3732,1,140,167.9382025314613,94.61562498472631,1370.7594589795917,10312.450696677384
1787721432,14,,Aggregated,5.300000,0.100000,140,180,200,210,250,280,330,380,1200,1400,1400,3740,1,140,167.88342044692496,94.61562498472631,1370.7594589795917,10313.057486631016
1787721433,14,,Aggregated,5.200000,0.100000,140,180,200,210,250,280,330,380,1200,1400,1400,3743,1,140,167.9053207911773,94.61562498472631,1370.7594589795917,10314.044616617686
1787721434,14,,Aggregated,5.200000,0.100000,140,180,200,210,250,280,330,380,1200,1400,1400,3747,1,140,167.9115319737137,94.61562498472631,1370.7594589795917,10314.918334667735
1787721435,14,,Aggregated,5.200000,0.000000,140,180,200,210,250,280,330,380,1200,1400,1400,3752,1,140,167.86216016273514,94.61562498472631,1370.7594589795917,10311.498667377398
1787721436,14,,Aggregated,5.200000,0.000000,140,180,200,210,250,280,330,380,1200,1400,1400,3759,1,140,167.87826870294325,94.61562498472631,1370.7594589795917,10313.00824687417
1787721437,16,,Aggregated,5.500000,0.000000,140,180,200,210,250,280,330,380,1200,1400,1400,3770,1,140,167.9907291147497,94.61562498472631,1370.7594589795917,10313.54827586207
1787721438,16,,Aggregated,5.200000,0.000000,140,180,200,210,250,280,330,380,1200,1400,1400,3777,1,140,167.9754498646971,94.61562498472631,1370.7594589795917,10312.284882181626
1787721439,16,,Aggregated,5.900000,0.000000,140,180,200,210,250,280,330,380,1200,1400,1400,3782,1,140,168.03116656046672,94.61562498472631,1370.7594589795917,10313.757271285034
1787721440,16,,Aggregated,5.900000,0.000000,140,180,200,210,250,280,330,380,1200,1400,1400,3788,1,140,168.0241561990301,94.61562498472631,1370.7594589795917,10315.57312565998
1787721441,16,,Aggregated,6.100000,0.000000,140,180,200,210,250,280,330,380,1200,1400,1400,3794,1,140,168.01997325145018,94.61562498472631,1370.7594589795917,10315.090933052188
1787721442,16,,Aggregated,6.100000,0.000000,140,180,200,210,250,280,330,380,1200,1400,1400,3799,1,140,168.02559315364746,94.61562498472631,1370.7594589795917,10319.950513292972
1787721443,16,,Aggregated,6.200000,0.000000,140,180,200,210,250,280,330,380,1200,1400,1400,3805,1,140,167.97905296048103,94.61562498472631,1370.7594589795917,10318.623653088041
1787721444,16,,Aggregated,5.900000,0.000000,140,180,200,210,250,280,330,380,1200,1400,1400,3814,1,140,167.99740203089502,94.61562498472631,1370.7594589795917,10319.662558993183
1787721445,16,,Aggregated,5.900000,0.000000,140,180,200,210,250,280,330,380,1200,1400,1400,3818,1,140,167.9950772906981,94.61562498472631,1370.7594589795917,10317.648768989
1787721446,16,,Aggregated,6.200000,0.000000,140,180,200,210,250,280,330,380,1200,1400,1400,3824,1,140,167.97165710326317,94.61562498472631,1370.7594589795917,10317.27588912134
1787721447,16,,Aggregated,6.700000,0.000000,140,180,200,210,250,280,330,380,1200,1400,1400,3832,1,140,167.95980560922382,94.61562498472631,1370.7594589795917,10317.782881002087
1787721448,16,,Aggregated,6.500000,0.000000,140,180,200,210,250,280,330,380,1200,1400,1400,3840,1,140,167.9628472352609,94.61562498472631,1370.7594589795917,10316.988802083333
1787721449,16,,Aggregated,6.100000,0.000000,140,180,200,210,250,280,330,380,1200,1400,1400,3846,1,140,168.01164853309092,94.61562498472631,1370.7594589795917,10318.479199167967
1787721450,16,,Aggregated,6.100000,0.000000,140,180,200,210,250,280,330,380,1200,1400,1400,3853,1,140,167.97465327008013,94.61562498472631,1370.7594589795917,10317.4092914612
1787721451,16,,Aggregated,6.100000,0.000000,140,180,200,210,250,280,330,380,1200,1400,1400,3858,1,140,168.0786488267524,94.61562498472631,1370.7594589795917,10318.186365992742
1787721452,16,,Aggregated,6.400000,0.000000,140,180,200,210,250,280,330,380,1200,1400,1400,3870,1,140,168.1756986887495,94.61562498472631,1370.7594589795917,10322.189147286821
1787721453,16,,Aggregated,6.400000,0.000000,140,180,200,210,250,280,330,380,1200,1400,1400,3873,1,140,168.14249716223003,94.61562498472631,1370.7594589795917,10320.200619674672
1787721454,16,,Aggregated,6.400000,0.000000,140,180,200,210,250,280,330,380,1200,1400,1400,3880,1,140,168.15792063158725,94.61562498472631,1370.7594589795917,10321.099484536082
1787721455,16,,Aggregated,6.800000,0.000000,140,180,200,210,250,280,330,380,1200,1400,1400,3885,1,140,168.11388633861188,94.61562498472631,1370.7594589795917,10318.478764478765
1787721456,16,,Aggregated,6.800000,0.000000,140,180,200,210,250,280,330,380,1200,1400,1400,3892,1,140,168.0293095049607,94.61562498472631,1370.7594589795917,10313.864337101748
1787721457,16,,Aggregated,6.600000,0.000000,140,180,200,210,250,280,330,380,1200,1400,1400,3898,1,140,167.9998300328689,94.61562498472631,1370.7594589795917,10313.120318111853
1787721458,16,,Aggregated,6.600000,0.000000,140,180,200,210,250,280,330,380,1200,1400,1400,3906,1,140,167.9843999429344,94.61562498472631,1370.7594589795917,10310.749359959038
1787721459,16,,Aggregated,6.500000,0.000000,140,180,200,210,250,280,330,380,1200,1400,1400,3913,1,140,168.0327225199225,94.61562498472631,1370.7594589795917,10316.025044722719
1787721460,16,,Aggregated,6.500000,0.000000,140,180,200,210,250,280,330,380,1200,1400,1400,3916,1,140,168.01786739536132,94.61562498472631,1370.7594589795917,10316.575076608784
1787721461,16,,Aggregated,6.800000,0.000000,140,180,200,210,250,280,330,380,1200,1400,1400,3923,1,140,167.9610914825869,94.61562498472631,1370.7594589795917,10314.903135355595
1787721462,16,,Aggregated,6.400000,0.000000,140,180,200,210,250,280,330,380,1200,1400,1400,3935,1,140,167.85762263065513,94.61562498472631,1370.7594589795917,10310.35120711563
1787721463,16,,Aggregated,6.500000,0.000000,140,180,200,210,250,280,330,380,1200,1400,1400,3938,1,140,167.84716438384535,94.61562498472631,1370.7594589795917,10308.412646013205
1787721464,16,,Aggregated,6.500000,0.000000,140,180,200,210,250,280,330,380,1200,1400,1400,3944,1,140,167.8241129483934,94.61562498472631,1370.7594589795917,10307.423427991886
1787721465,16,,Aggregated,6.400000,0.000000,140,180,200,210,250,280,330,380,1200,1400,1400,3952,1,140,167.80729526445327,94.61562498472631,1370.7594589795917,10311.34286437247
1787721466,16,,Aggregated,6.400000,0.000000,140,180,200,210,250,280,330,380,1200,1400,1400,3957,1,140,167.79093398051918,94.61562498472631,1370.7594589795917,10310.052565074551
1787721467,16,,Aggregated,6.400000,0.000000,140,180,200,210,250,280,330,380,1200,1400,1400,3960,1,140,167.7681781487972,94.61562498472631,1370.7594589795917,10310.28409090909
1787721468,16,,Aggregated,6.400000,0.000000,140,180,200,210,250,280,330,380,1200,1400,1400,3966,1,140,167.7181644840598,94.61562498472631,1370.7594589795917,10307.042612203732
1787721469,16,,Aggregated,6.400000,0.000000,140,180,200,210,250,280,330,380,1200,1400,1400,3974,1,140,167.68057451827877,94.61562498472631,1370.7594589795917,10304.372924006038
1787721470,16,,Aggregated,6.400000,0.000000,140,180,200,210,250,280,330,380,1200,1400,1400,3981,1,140,167.66189436548262,94.61562498472631,1370.7594589795917,10305.93770409445
1787721471,16,,Aggregated,5.900000,0.000000,140,180,200,210,250,280,330,380,1200,1400,1400,3984,1,140,167.62715722540585,94.61562498472631,1370.7594589795917,10304.00251004016
1787721472,16,,Aggregated,6.500000,0.000000,140,180,200,210,250,280,330,380,1200,1400,1400,3992,1,140,167.6187034300785,94.61562498472631,1370.7594589795917,10302.951402805611
1787721473,16,,Aggregated,6.500000,0.000000,140,180,200,210,250,280,330,380,1200,1400,1400,3998,1,140,167.54913855076867,94.61562498472631,1370.7594589795917,10299.776888444223
1787721474,16,,Aggregated,5.700000,0.000000,140,180,200,210,250,280,320,380,940,1400,1400,4003,1,140,167.57086379190173,94.61562498472631,1370.7594589795917,10306.524606545092
1787721475,16,,Aggregated,6.200000,0.000000,140,180,200,210,250,280,320,380,940,1400,1400,4010,1,140,167.56023000995455,94.61562498472631,1370.7594589795917,10307.239900249377
1787721476,16,,Aggregated,5.700000,0.000000,140,180,200,210,250,280,320,380,940,1400,1400,4017,1,140,167.56367181274294,94.61562498472631,1370.7594589795917,10309.138909634055
1787721477,16,,Aggregated,5.600000,0.000000,140,180,200,210,250,280,320,380,940,1400,1400,4024,1,140,167.56926221998916,94.61562498472631,1370.7594589795917,10309.71421471173
1787721478,16,,Aggregated,5.700000,0.000000,140,180,200,210,250,280,320,380,940,1400,1400,4029,1,140,167.53033576540133,94.61562498472631,1370.7594589795917,10306.236535120377
1787721479,16,,Aggregated,6.300000,0.000000,140,180,200,210,250,280,320,380,940,1400,1400,4037,1,140,167.501951759999,94.61562498472631,1370.7594589795917,10306.41416893733
1787721480,16,,Aggregated,6.200000,0.000000,140,180,200,210,250,280,320,380,940,1400,1400,4042,1,140,167.50604313212312,94.61562498472631,1370.7594589795917,10306.090054428501
1787721481,16,,Aggregated,6.300000,0.000000,140,180,200,210,250,280,330,380,940,1400,1400,4050,1,140,167.49565634905235,94.61562498472631,1370.7594589795917,10306.337530864197
1787721482,16,,Aggregated,6.000000,0.000000,140,180,200,210,250,280,320,380,940,1400,1400,4057,1,140,167.48297905986948,94.61562498472631,1370.7594589795917,10302.5388217895
1787721483,16,,Aggregated,6.000000,0.000000,140,180,200,210,250,280,320,380,940,1400,1400,4061,1,140,167.44875237132416,94.61562498472631,1370.7594589795917,10300.676926865304
1787721484,16,,Aggregated,6.200000,0.000000,140,180,200,210,250,280,320,380,940,1400,1400,4069,1,140,167.4033510288703,94.61562498472631,1370.7594589795917,10299.338166625706
1787721485,16,,Aggregated,6.300000,0.000000,140,180,200,210,250,280,320,380,940,1400,1400,4072,1,140,167.3742745485393,94.61562498472631,1370.7594589795917,10298.079322200392
1787721486,16,,Aggregated,6.500000,0.000000,140,180,200,210,250,280,320,380,940,1400,1400,4078,1,140,167.3312786195332,94.61562498472631,1370.7594589795917,10296.803089749877
1787721487,16,,Aggregated,6.300000,0.000000,140,180,200,210,250,280,330,380,940,1400,1400,4086,1,140,167.37429740860588,94.61562498472631,1370.7594589795917,10297.651003426334
1787721488,16,,Aggregated,6.400000,0.000000,140,180,200,210,250,280,330,380,940,1400,1400,4093,1,140,167.40009572330544,94.61562498472631,1370.7594589795917,10297.86684583435
1787721489,16,,Aggregated,6.000000,0.000000,140,180,200,210,250,280,330,380,940,1400,1400,4097,1,140,167.3591178615139,94.61562498472631,1370.7594589795917,10295.383207224799
1787721490,16,,Aggregated,6.500000,0.000000,140,180,200,210,250,280,320,380,940,1400,1400,4101,1,140,167.3846904829261,94.61562498472631,1370.7594589795917,10295.96049743965
1787721491,16,,Aggregated,5.900000,0.000000,140,180,200,210,250,280,320,380,940,1400,1400,4109,1,140,167.31938033451522,94.61562498472631,1370.7594589795917,10294.82234120224
1787721492,16,,Aggregated,5.900000,0.000000,140,180,200,210,250,280,320,380,940,1400,1400,4113,1,140,167.28489910100228,94.61562498472631,1370.7594589795917,10292.70483831753
1787721493,16,,Aggregated,5.700000,0.000000,140,180,200,210,250,280,320,380,940,1400,1400,4121,1,140,167.24656605439927,94.61562498472631,1370.7594589795917,10292.525843241932
1787721494,16,,Aggregated,5.900000,0.000000,140,180,200,210,250,280,320,380,940,1400,1400,4125,1,140,167.23829682882536,94.61562498472631,1370.7594589795917,10294.500848484848
1787721495,16,,Aggregated,5.600000,0.000000,140,180,200,210,250,280,320,380,940,1400,1400,4129,1,140,167.2353188532747,94.61562498472631,1370.7594589795917,10291.987890530394
1787721496,11,,Aggregated,5.800000,0.000000,140,180,200,210,250,280,320,380,940,1400,1400,4133,1,140,167.2056829187268,94.61562498472631,1370.7594589795917,10290.149044277765
1787721497,11,,Aggregated,5.600000,0.000000,140,180,200,210,250,280,320,380,940,1400,1400,4138,1,140,167.2358156322313,94.61562498472631,1370.7594589795917,10291.363702271628
1787721498,11,,Aggregated,5.500000,0.000000,140,180,200,210,250,280,320,380,940,1400,1400,4141,1,140,167.21255201113178,94.61562498472631,1370.7594589795917,10289.223858971263
1787721499,11,,Aggregated,5.500000,0.000000,140,180,200,210,250,280,320,380,940,1400,1400,4146,1,140,167.25132234954557,94.61562498472631,1370.7594589795917,10294.247226242162
1787721500,11,,Aggregated,5.200000,0.000000,140,180,200,210,250,280,320,380,940,1400,1400,4147,1,140,167.25989949630318,94.61562498472631,1370.7594589795917,10295.690137448759
1787721501,11,,Aggregated,5.100000,0.000000,140,180,200,210,250,280,320,380,940,1400,1400,4153,1,140,167.19439730410124,94.61562498472631,1370.7594589795917,10292.00890922225
1787721502,11,,Aggregated,4.700000,0.000000,140,180,200,210,250,280,320,380,940,1400,1400,4156,1,140,167.2044206178488,94.61562498472631,1370.7594589795917,10290.171077959576
1787721503,11,,Aggregated,4.500000,0.000000,140,180,200,210,250,280,320,380,940,1400,1400,4164,1,140,167.23594190369428,94.61562498472631,1370.7594589795917,10295.52785782901
1787721504,11,,Aggregated,4.400000,0.000000,140,180,200,210,250,280,320,380,940,1400,1400,4165,1,140,167.23955145138143,94.61562498472631,1370.7594589795917,10296.964465786314
1787721505,11,,Aggregated,4.300000,0.000000,140,180,200,210,250,280,320,380,940,1400,1400,4168,1,140,167.2352143521881,94.61562498472631,1370.7594589795917,10299.806861804223
1787721506,11,,Aggregated,4.000000,0.000000,140,180,200,210,250,280,320,380,940,1400,1400,4170,1,140,167.2481284280837,94.61562498472631,1370.7594589795917,10299.204316546762
1787721507,11,,Aggregated,4.000000,0.000000,140,180,200,210,250,280,320,380,940,1400,1400,4175,1,140,167.250078104626,94.61562498472631,1370.7594589795917,10302.27497005988
1787721508,11,,Aggregated,3.700000,0.000000,140,180,200,210,250,280,320,380,940,1400,1400,4180,1,140,167.22905704808426,94.61562498472631,1370.7594589795917,10301.593540669857
1787721509,11,,Aggregated,3.700000,0.000000,140,180,200,210,250,280,320,380,940,1400,1400,4184,1,140,167.21009892868065,94.61562498472631,1370.7594589795917,10301.187141491397
1787721510,11,,Aggregated,3.900000,0.000000,140,180,200,210,250,280,320,380,940,1400,1400,4189,1,140,167.19788148541002,94.61562498472631,1370.7594589795917,10300.487705896396
1787721511,11,,Aggregated,3.500000,0.000000,140,180,200,210,250,280,320,380,940,1400,1400,4194,1,140,167.1755460284572,94.61562498472631,1370.7594589795917,10299.569146399619
1787721512,11,,Aggregated,3.800000,0.000000,140,180,200,210,250,280,320,380,940,1400,1400,4198,1,140,167.1543839134022,94.61562498472631,1370.7594589795917,10299.526679371129
1787721513,11,,Aggregated,4.100000,0.000000,140,180,200,210,250,280,320,380,940,1400,1400,4201,1,140,167.16659661424336,94.61562498472631,1370.7594589795917,10300.426565103548
1787721514,11,,Aggregated,4.100000,0.000000,140,180,200,210,250,280,320,380,940,1400,1400,4206,1,140,167.14986445990277,94.61562498472631,1370.7594589795917,10300.000475511175
1787721515,11,,Aggregated,3.900000,0.000000,140,180,200,210,250,280,320,380,940,1400,1400,4211,1,140,167.10128476068058,94.61562498472631,1370.7594589795917,10299.67014960817
1787721516,11,,Aggregated,4.100000,0.000000,140,180,200,210,250,280,320,380,940,1400,1400,4212,1,140,167.09323265912155,94.61562498472631,1370.7594589795917,10299.070750237417
1787721517,11,,Aggregated,4.200000,0.000000,140,180,200,210,250,280,320,380,940,1400,1400,4217,1,140,167.0716922877735,94.61562498472631,1370.7594589795917,10300.442968935262
1787721518,11,,Aggregated,4.200000,0.000000,140,180,200,210,250,280,320,380,940,1400,1400,4223,1,140,167.10299733641799,94.61562498472631,1370.7594589795917,10301.649301444471
1787721519,11,,Aggregated,4.200000,0.000000,140,180,200,210,250,280,320,380,940,1400,1400,4225,1,140,167.09701766315075,94.61562498472631,1370.7594589795917,10302.457041420119
1787721520,11,,Aggregated,4.200000,0.000000,140,180,200,210,250,280,320,380,940,1400,1400,4225,1,140,167.09701766315075,94.61562498472631,1370.7594589795917,10302.457041420119
1787721521,11,,Aggregated,4.300000,0.000000,140,180,200,210,250,280,320,380,940,1400,1400,4232,1,140,167.02915241045918,94.61562498472631,1370.7594589795917,10299.213610586012
1787721522,11,,Aggregated,4.000000,0.000000,140,180,200,210,250,280,320,380,940,1400,1400,4237,1,140,167.00520891390025,94.61562498472631,1370.7594589795917,10298.261033750296
1787721523,11,,Aggregated,4.000000,0.000000,140,180,200,210,250,280,320,380,940,1400,1400,4240,1,140,167.00327945164764,94.61562498472631,1370.7594589795917,10298.475235849057
1787721524,11,,Aggregated,3.900000,0.000000,140,180,200,210,250,280,320,380,940,1400,1400,4243,1,140,167.0195226743137,94.61562498472631,1370.7594589795917,10298.657553617722
1787721525,11,,Aggregated,4.100000,0.000000,140,180,200,210,250,280,320,380,940,1400,1400,4251,1,140,167.01746416511287,94.61562498472631,1370.7594589795917,10300.882380616325
1787721526,11,,Aggregated,3.500000,0.000000,140,180,200,210,250,280,320,380,940,1400,1400,4255,1,140,166.98130665847114,94.61562498472631,1370.7594589795917,10298.19670975323
1787721527,11,,Aggregated,3.600000,0.000000,140,180,200,210,250,280,320,380,940,1400,1400,4257,1,140,166.9879084251605,94.61562498472631,1370.7594589795917,10299.003053793751
1787721528,11,,Aggregated,4.300000,0.000000,140,180,200,210,250,280,320,380,940,1400,1400,4260,1,140,167.05606775205285,94.61562498472631,1370.7594589795917,10299.852582159625
1787721529,11,,Aggregated,4.200000,0.000000,140,180,200,210,250,280,320,380,940,1400,1400,4265,1,140,167.07675375114223,94.61562498472631,1370.7594589795917,10303.185228604923
1787721530,11,,Aggregated,3.800000,0.000000,140,180,200,210,250,280,320,380,940,1400,1400,4270,1,140,167.08916836430208,94.61562498472631,1370.7594589795917,10303.982669789228
1787721531,11,,Aggregated,3.900000,0.000000,140,180,200,210,250,280,320,380,940,1400,1400,4273,1,140,167.08865597909073,94.61562498472631,1370.7594589795917,10304.156564474608
1787721532,11,,Aggregated,4.100000,0.000000,140,180,200,210,250,280,320,380,940,1400,1400,4279,1,140,167.0743790018231,94.61562498472631,1370.7594589795917,10301.771909324609
1787721533,11,,Aggregated,4.200000,0.000000,140,180,200,210,250,280,320,380,940,1400,1400,4282,1,140,167.1227206230696,94.61562498472631,1370.7594589795917,10303.295189163942
1787721534,11,,Aggregated,3.900000,0.000000,140,180,200,210,250,280,320,380,940,1400,1400,4289,1,140,167.17162963365982,94.61562498472631,1370.7594589795917,10306.14572161343
1787721535,11,,Aggregated,3.900000,0.000000,140,180,200,210,250,280,320,380,940,1400,1400,4292,1,140,167.1783379151053,94.61562498472631,1370.7594589795917,10306.666821994408
1787721536,11,,Aggregated,4.200000,0.000000,140,180,200,210,250,280,320,380,940,1400,1400,4296,1,140,167.14403403314174,94.61562498472631,1370.7594589795917,10304.619180633146
1787721537,11,,Aggregated,4.600000,0.000000,140,180,200,210,250,280,320,380,940,1400,1400,4303,1,140,167.13001250080305,94.61562498472631,1370.7594589795917,10300.77666744132
1787721538,11,,Aggregated,4.600000,0.000000,140,180,200,210,250,280,320,380,940,1400,1400,4305,1,140,167.1113507935191,94.61562498472631,1370.7594589795917,10299.589082462253
1787721539,11,,Aggregated,4.100000,0.000000,140,180,200,210,250,280,320,380,940,1400,1400,4307,1,140,167.09669756582852,94.61562498472631,1370.7594589795917,10298.12653819364
1787721540,11,,Aggregated,4.700000,0.000000,140,180,200,210,250,280,320,380,940,1400,1400,4313,1,140,167.12147607043758,94.61562498472631,1370.7594589795917,10301.839322977046
1787721541,11,,Aggregated,4.200000,0.000000,140,180,200,210,250,280,320,380,940,1400,1400,4317,1,140,167.09678157097653,94.61562498472631,1370.7594589795917,10301.770210794533
1787721542,11,,Aggregated,4.300000,0.000000,140,180,200,210,250,280,320,380,940,1400,1400,4321,1,140,167.11033686250406,94.61562498472631,1370.7594589795917,10301.11201110854
1787721543,11,,Aggregated,4.400000,0.000000,140,180,200,210,250,280,320,380,940,1400,1400,4325,1,140,167.09267522116875,94.61562498472631,1370.7594589795917,10298.479768786126
1787721544,11,,Aggregated,4.400000,0.000000,140,180,200,210,250,280,320,380,940,1400,1400,4331,1,140,167.05905262401697,94.61562498472631,1370.7594589795917,10297.069960748095
1787721545,11,,Aggregated,4.200000,0.000000,140,180,200,210,250,280,320,380,940,1400,1400,4333,1,140,167.06394041783525,94.61562498472631,1370.7594589795917,10298.52688668359
1787721546,11,,Aggregated,4.300000,0.000000,140,180,200,210,250,280,320,380,940,1400,1400,4334,1,140,167.05345914986657,94.61562498472631,1370.7594589795917,10297.94646977388
1787721547,11,,Aggregated,4.100000,0.000000,140,180,200,210,250,280,320,380,940,1400,1400,4338,1,140,167.00988142499327,94.61562498472631,1370.7594589795917,10295.07561088059
1787721548,11,,Aggregated,3.800000,0.000000,140,180,200,210,250,280,320,380,940,1400,1400,4342,1,140,167.01469293033867,94.61562498472631,1370.7594589795917,10295.603638876093
1787721549,11,,Aggregated,3.700000,0.000000,140,180,200,210,250,280,320,380,940,1400,1400,4344,1,140,166.99086529223985,94.61562498472631,1370.7594589795917,10294.42564456722
1787721550,11,,Aggregated,3.400000,0.000000,140,180,200,210,250,280,320,380,940,1400,1400,4349,1,140,166.9592439151712,94.61562498472631,1370.7594589795917,10292.649344676936
1787721551,11,,Aggregated,3.800000,0.000000,140,180,200,210,250,280,320,380,940,1400,1400,4353,1,140,166.98096488908834,94.61562498472631,1370.7594589795917,10292.897312198484
1787721552,11,,Aggregated,3.500000,0.000000,140,180,200,210,250,280,320,380,940,1400,1400,4360,1,140,166.9440908916615,94.61562498472631,1370.7594589795917,10290.434633027522
1787721553,11,,Aggregated,3.500000,0.000000,140,180,200,210,250,280,320,380,940,1400,1400,4363,1,140,166.93034159313524,94.61562498472631,1370.7594589795917,10291.012147604859
1787721554,11,,Aggregated,3.600000,0.000000,140,180,200,210,250,280,320,380,940,1400,1400,4371,1,140,166.9482329257985,94.61562498472631,1370.7594589795917,10291.527796842827
1787721555,11,,Aggregated,3.900000,0.000000,140,180,200,210,250,280,320,380,940,1400,1400,4373,1,140,166.92900527709497,94.61562498472631,1370.7594589795917,10290.351246284015
1787721556,14,,Aggregated,3.900000,0.000000,140,180,200,210,250,280,320,380,940,1400,1400,4386,1,140,167.16316693112708,94.61562498472631,1370.7594589795917,10291.62471500228
1787721557,14,,Aggregated,4.000000,0.000000,140,180,200,210,250,280,320,380,940,1400,1400,4387,1,140,167.16312894003022,94.61562498472631,1370.7594589795917,10291.058126282198
1787721558,14,,Aggregated,4.000000,0.000000,140,180,200,210,250,280,320,380,940,1400,1400,4390,1,140,167.1724655644773,94.61562498472631,1370.7594589795917,10291.87403189066
1787721559,14,,Aggregated,5.200000,0.000000,140,180,200,210,250,280,320,380,940,1400,1400,4398,1,140,167.10345669385475,94.61562498472631,1370.7594589795917,10287.158026375626
1787721560,14,,Aggregated,4.800000,0.000000,140,180,200,210,250,280,320,380,940,1400,1400,4401,1,140,167.09194006033283,94.61562498472631,1370.7594589795917,10288.604408089072
1787721561,14,,Aggregated,4.700000,0.000000,140,180,200,210,250,280,320,380,940,1400,1400,4408,1,140,167.03268150616643,94.61562498472631,1370.7594589795917,10286.985480943738
1787721562,14,,Aggregated,5.400000,0.000000,140,180,200,210,250,280,320,380,940,1400,1400,4414,1,140,167.034692586833,94.61562498472631,1370.7594589795917,10287.747847757137
1787721563,14,,Aggregated,5.100000,0.000000,140,180,200,210,250,280,320,380,940,1400,1400,4418,1,140,167.05133602949178,94.61562498472631,1370.7594589795917,10284.924400181077
1787721564,14,,Aggregated,5.600000,0.000000,140,180,200,210,250,280,320,380,940,1400,1400,4422,1,140,167.01133798671805,94.61562498472631,1370.7594589795917,10282.635911352329
1787721565,14,,Aggregated,5.600000,0.000000,140,180,200,210,250,280,320,380,940,1400,1400,4431,1,140,167.04617710365812,94.61562498472631,1370.7594589795917,10284.628300609344
1787721566,14,,Aggregated,5.400000,0.000000,140,180,200,210,250,280,320,380,940,1400,1400,4437,1,140,167.00545064157268,94.61562498472631,1370.7594589795917,10281.719179625874
1787721567,14,,Aggregated,5.100000,0.000000,140,180,200,210,250,280,320,380,940,1400,1400,4443,1,140,166.99670374649403,94.61562498472631,1370.7594589795917,10283.841323430115
1787721568,14,,Aggregated,5.800000,0.000000,140,180,200,210,250,280,320,380,940,1400,1400,4446,1,140,166.99548803142713,94.61562498472631,1370.7594589795917,10282.464912280702
1787721569,14,,Aggregated,5.100000,0.000000,140,180,200,210,250,280,320,380,940,1400,1400,4451,1,140,166.96302041577118,94.61562498472631,1370.7594589795917,10282.082453381263
1787721570,14,,Aggregated,5.600000,0.000000,140,180,200,210,250,280,320,380,940,1400,1400,4457,1,140,166.91259964566075,94.61562498472631,1370.7594589795917,10278.98272380525
1787721571,14,,Aggregated,5.600000,0.000000,140,180,200,210,250,280,320,380,940,1400,1400,4465,1,140,166.89199290675302,94.61562498472631,1370.7594589795917,10278.300559910414
1787721572,14,,Aggregated,5.300000,0.000000,140,180,200,210,250,280,320,380,940,1400,1400,4466,1,140,166.88298230039425,94.61562498472631,1370.7594589795917,10277.724585759068
1787721573,14,,Aggregated,5.600000,0.000000,140,180,200,210,250,280,320,380,940,1400,1400,4470,1,140,166.85605670098357,94.61562498472631,1370.7594589795917,10278.000447427294
1787721574,14,,Aggregated,5.500000,0.000000,140,180,200,210,250,280,320,380,940,1400,1400,4476,1,140,166.82117197127226,94.61562498472631,1370.7594589795917,10276.460232350313
1787721575,14,,Aggregated,5.000000,0.000000,140,180,200,210,250,280,320,380,940,1400,1400,4481,1,140,166.80507087178862,94.61562498472631,1370.7594589795917,10273.096407051997
1787721576,14,,Aggregated,5.200000,0.000000,140,180,200,210,250,280,320,380,940,1400,1400,4487,1,140,166.80576651826615,94.61562498472631,1370.7594589795917,10275.0713171384
1787721577,14,,Aggregated,5.600000,0.000000,140,180,200,210,250,280,320,380,940,1400,1400,4493,1,140,166.7583990543513,94.61562498472631,1370.7594589795917,10272.791230803472
1787721578,14,,Aggregated,5.000000,0.000000,140,180,200,210,250,280,320,380,940,1400,1400,4498,1,140,166.75078850603927,94.61562498472631,1370.7594589795917,10270.838817252112
1787721580,14,,Aggregated,5.000000,0.000000,140,180,200,210,250,280,320,380,940,1400,1400,4507,1,140,166.76932517779048,94.61562498472631,1370.7594589795917,10273.708453516752
1787721581,14,,Aggregated,5.000000,0.000000,140,180,200,210,250,280,320,380,940,1400,1400,4508,1,140,166.7597670976908,94.61562498472631,1370.7594589795917,10273.149290150843
1787721582,14,,Aggregated,5.200000,0.000000,140,180,200,210,250,280,320,380,940,1400,1400,4512,1,140,166.71931634049,94.61562498472631,1370.7594589795917,10270.9257535461
1787721583,14,,Aggregated,5.100000,0.000000,140,180,200,210,250,280,320,380,940,1400,1400,4517,1,140,166.74802139986375,94.61562498472631,1370.7594589795917,10272.187956608368
1787721584,14,,Aggregated,5.100000,0.000000,140,180,200,210,250,280,320,380,940,1400,1400,4523,1,140,166.70420401203137,94.61562498472631,1370.7594589795917,10270.423391554277
1787721585,14,,Aggregated,5.000000,0.000000,140,180,200,210,250,280,320,380,940,1400,1400,4529,1,140,166.73743980402054,94.61562498472631,1370.7594589795917,10268.199160962686
1787721586,14,,Aggregated,5.000000,0.000000,140,180,200,210,250,280,320,380,940,1400,1400,4536,1,140,166.74780845790946,94.61562498472631,1370.7594589795917,10269.804894179893
1787721587,14,,Aggregated,5.000000,0.000000,140,180,200,210,250,280,320,380,940,1400,1400,4541,1,140,166.72674264965764,94.61562498472631,1370.7594589795917,10268.898040079277
1787721588,14,,Aggregated,5.000000,0.000000,140,180,200,210,250,280,320,380,940,1400,1400,4547,1,140,166.74211262872765,94.61562498472631,1370.7594589795917,10272.112821640641
1787721589,14,,Aggregated,5.300000,0.000000,140,180,200,210,250,280,320,380,940,1400,1400,4555,1,140,166.71188735754794,94.61562498472631,1370.7594589795917,10274.295060373217
1787721590,14,,Aggregated,5.300000,0.000000,140,180,200,210,250,280,320,380,940,1400,1400,4558,1,140,166.73768595426608,94.61562498472631,1370.7594589795917,10276.739798157087
1787721591,14,,Aggregated,5.400000,0.000000,140,180,200,210,250,280,320,380,940,1400,1400,4562,1,140,166.7043109646321,94.61562498472631,1370.7594589795917,10274.525646646207
1787721592,14,,Aggregated,5.500000,0.000000,140,180,200,210,250,280,320,380,940,1400,1400,4567,1,140,166.65999115839722,94.61562498472631,1370.7594589795917,10272.841690387562
1787721593,14,,Aggregated,5.100000,0.000000,140,180,200,210,240,280,320,380,940,1400,1400,4572,1,140,166.66229075405093,94.61562498472631,1370.7594589795917,10273.44094488189
1787721594,14,,Aggregated,5.400000,0.000000,140,180,200,210,240,280,320,380,940,1400,1400,4580,1,140,166.6394604242907,94.61562498472631,1370.7594589795917,10273.700655021834
1787721595,14,,Aggregated,5.500000,0.000000,140,180,200,210,240,280,320,380,940,1400,1400,4585,1,140,166.59305373352984,94.61562498472631,1370.7594589795917,10271.280479825518
1787721596,14,,Aggregated,5.600000,0.000000,140,180,200,210,240,280,320,380,940,1400,1400,4589,1,140,166.55703872323724,94.61562498472631,1370.7594589795917,10269.10285465243
1787721597,14,,Aggregated,5.700000,0.000000,140,180,200,210,240,280,320,380,940,1400,1400,4593,1,140,166.53190533443595,94.61562498472631,1370.7594589795917,10267.43522752014
1787721598,14,,Aggregated,5.700000,0.000000,140,180,200,210,240,280,320,380,940,1400,1400,4599,1,140,166.5411005280106,94.61562498472631,1370.7594589795917,10268.774516199173
1787721599,14,,Aggregated,5.300000,0.000000,140,180,200,210,240,280,320,380,940,1400,1400,4604,1,140,166.5544324942082,94.61562498472631,1370.7594589795917,10272.509339704604
1787721600,14,,Aggregated,5.300000,0.000000,140,180,200,210,240,280,320,380,940,1400,1400,4609,1,140,166.57376300794513,94.61562498472631,1370.7594589795917,10275.200260360165
1787721601,14,,Aggregated,5.200000,0.000000,140,180,200,210,240,280,320,380,940,1400,1400,4614,1,140,166.5795949455952,94.61562498472631,1370.7594589795917,10275.807108799307
1787721602,14,,Aggregated,5.100000,0.000000,140,180,200,210,240,280,320,380,940,1400,1400,4622,1,140,166.55735080335927,94.61562498472631,1370.7594589795917,10275.442665512765
1787721603,14,,Aggregated,5.200000,0.000000,140,180,200,210,240,280,320,380,940,1400,1400,4627,1,140,166.5814579991849,94.61562498472631,1370.7594589795917,10277.85454938405
1787721604,14,,Aggregated,5.200000,0.000000,140,180,200,210,240,280,320,380,940,1400,1400,4630,1,140,166.56918779596865,94.61562498472631,1370.7594589795917,10278.37041036717
1787721605,14,,Aggregated,5.300000,0.000000,140,180,200,210,240,280,320,380,940,1400,1400,4636,1,140,166.62846314094034,94.61562498472631,1370.7594589795917,10282.734037963763
1787721606,14,,Aggregated,5.300000,0.000000,140,180,200,210,240,280,320,380,940,1400,1400,4643,1,140,166.6015591831437,94.61562498472631,1370.7594589795917,10282.897910833513
1787721607,14,,Aggregated,5.000000,0.000000,140,180,200,210,240,280,320,380,940,1400,1400,4647,1,140,166.62958932199564,94.61562498472631,1370.7594589795917,10283.168926188939
1787721608,14,,Aggregated,5.000000,0.000000,140,180,200,210,240,280,320,380,940,1400,1400,4655,1,140,166.62527808732483,94.61562498472631,1370.7594589795917,10285.906766917293
1787721609,14,,Aggregated,5.300000,0.000000,140,180,200,210,240,280,320,380,940,1400,1400,4658,1,140,166.61875342520153,94.61562498472631,1370.7594589795917,10286.079862601975
1787721610,14,,Aggregated,5.600000,0.000000,140,180,200,210,240,280,320,380,940,1400,1400,4664,1,140,166.60005306474798,94.61562498472631,1370.7594589795917,10282.807461406517
1787721611,14,,Aggregated,5.600000,0.000000,140,180,200,210,240,280,320,380,940,1400,1400,4667,1,140,166.59928150518928,94.61562498472631,1370.7594589795917,10283.92479108635
1787721612,14,,Aggregated,5.300000,0.000000,140,180,200,210,240,280,320,380,940,1400,1400,4674,1,140,166.6318462577967,94.61562498472631,1370.7594589795917,10289.496148908858
1787721613,14,,Aggregated,5.300000,0.000000,140,180,200,210,240,280,320,380,940,1400,1400,4680,1,140,166.64297316436313,94.61562498472631,1370.7594589795917,10290.869444444445
1787721614,14,,Aggregated,5.300000,0.000000,140,180,200,210,240,280,320,380,940,1400,1400,4685,1,140,166.6128649930455,94.61562498472631,1370.7594589795917,10290.059338313768
1787721615,14,,Aggregated,5.200000,0.000000,140,180,200,210,240,280,320,380,940,1400,1400,4690,1,140,166.5863215691968,94.61562498472631,1370.7594589795917,10288.902985074626
1787721616,14,,Aggregated,5.500000,0.000000,140,180,200,210,240,280,320,380,940,1400,1400,4696,1,140,166.55503845325626,94.61562498472631,1370.7594589795917,10286.751916524701
1787721617,11,,Aggregated,5.500000,0.000000,140,180,200,210,240,280,320,380,940,1400,1400,4701,1,140,166.56592727498716,94.61562498472631,1370.7594589795917,10288.633482237821
1787721618,11,,Aggregated,5.100000,0.000000,140,180,200,210,240,280,320,380,940,1400,1400,4704,1,140,166.53547590590742,94.61562498472631,1370.7594589795917,10286.778911564626
1787721619,11,,Aggregated,5.100000,0.000000,140,180,200,210,240,280,320,380,940,1400,1400,4708,1,140,166.53283681039412,94.61562498472631,1370.7594589795917,10286.798215802888
1787721620,11,,Aggregated,4.800000,0.000000,140,180,200,210,240,280,320,380,940,1400,1400,4718,1,140,166.5401744552927,94.61562498472631,1370.7594589795917,10290.640313692242
1787721621,11,,Aggregated,5.100000,0.000000,140,180,200,210,240,280,320,380,940,1400,1400,4720,1,140,166.52164863091025,94.61562498472631,1370.7594589795917,10289.312711864406
1787721622,11,,Aggregated,5.400000,0.000000,140,180,200,210,240,280,320,380,940,1400,1400,4725,1,140,166.48474157778003,94.61562498472631,1370.7594589795917,10286.644444444444
1787721623,11,,Aggregated,5.400000,0.000000,140,180,200,210,240,280,320,380,940,1400,1400,4728,1,140,166.4966751878759,94.61562498472631,1370.7594589795917,10287.655879864637
1787721624,11,,Aggregated,5.200000,0.000000,140,180,200,210,240,280,320,380,940,1400,1400,4732,1,140,166.51447555563936,94.61562498472631,1370.7594589795917,10288.210904480135
1787721625,11,,Aggregated,5.200000,0.000000,140,180,200,210,240,280,320,380,940,1400,1400,4732,1,140,166.51447555563936,94.61562498472631,1370.7594589795917,10288.210904480135
1787721626,11,,Aggregated,4.500000,0.000000,140,180,200,210,240,280,320,380,940,1400,1400,4738,1,140,166.50871537672376,94.61562498472631,1370.7594589795917,10287.43056141832
1787721627,11,,Aggregated,4.200000,0.000000,140,180,200,210,240,280,320,380,940,1400,1400,4743,1,140,166.52539788358322,94.61562498472631,1370.7594589795917,10288.378874130298
1787721628,11,,Aggregated,4.200000,0.000000,140,180,200,210,240,280,320,380,940,1400,1400,4746,1,140,166.54398505662493,94.61562498472631,1370.7594589795917,10289.146860514116
1787721629,11,,Aggregated,4.200000,0.000000,140,180,200,210,240,280,320,380,940,1400,1400,4747,1,140,166.534546923435,94.61562498472631,1370.7594589795917,10288.600589846219
1787721630,11,,Aggregated,4.200000,0.000000,140,180,200,210,250,280,320,380,940,1400,1400,4755,1,140,166.57995394221481,94.61562498472631,1370.7594589795917,10288.071713985279
1787721631,11,,Aggregated,3.900000,0.000000,140,180,200,210,250,280,320,380,940,1400,1400,4760,1,140,166.5944082189954,94.61562498472631,1370.7594589795917,10292.268907563026
1787721632,11,,Aggregated,3.800000,0.000000,140,180,200,210,250,280,320,380,940,1400,1400,4769,1,140,166.61162780428688,94.61562498472631,1370.7594589795917,10294.105892220592
1787721633,11,,Aggregated,4.100000,0.000000,140,180,200,210,250,280,320,380,940,1400,1400,4773,1,140,166.59109543255013,94.61562498472631,1370.7594589795917,10292.486486486487
1787721634,11,,Aggregated,4.200000,0.000000,140,180,200,210,250,280,320,380,940,1400,1400,4777,1,140,166.59098634928557,94.61562498472631,1370.7594589795917,10295.093364036005
1787721635,11,,Aggregated,4.200000,0.000000,140,180,200,210,250,280,320,380,940,1400,1400,4780,1,140,166.5806443861074,94.61562498472631,1370.7594589795917,10294.004184100419
1787721636,11,,Aggregated,4.200000,0.000000,140,180,200,210,250,280,320,380,940,1400,1400,4787,1,140,166.60598140772754,94.61562498472631,1370.7594589795917,10297.369542510967
1787721637,11,,Aggregated,4.500000,0.000000,140,180,200,210,250,280,320,380,940,1400,1400,4790,1,140,166.58503883916862,94.61562498472631,1370.7594589795917,10295.563674321504
1787721638,11,,Aggregated,5.100000,0.000000,140,180,200,210,250,280,320,380,940,1400,1400,4797,1,140,166.61195951425222,94.61562498472631,1370.7594589795917,10297.119658119658
1787721639,11,,Aggregated,4.700000,0.000000,140,180,200,210,250,280,320,380,940,1400,1400,4803,1,140,166.61302260673494,94.61562498472631,1370.7594589795917,10297.313345825525
1787721640,11,,Aggregated,4.900000,0.000000,140,180,200,210,250,280,320,380,940,1400,1400,4807,1,140,166.60385209029928,94.61562498472631,1370.7594589795917,10297.795090493031
1787721641,11,,Aggregated,5.400000,0.000000,140,180,200,210,250,280,320,380,940,1400,1400,4809,1,140,166.59570485842468,94.61562498472631,1370.7594589795917,10299.08151382824
1787721642,11,,Aggregated,5.100000,0.000000,140,180,200,210,250,280,320,380,940,1400,1400,4813,1,140,166.58859337531433,94.61562498472631,1370.7594589795917,10299.028256804488
1787721643,11,,Aggregated,4.900000,0.000000,140,180,200,210,250,280,320,380,940,1400,1400,4819,1,140,166.6164504391479,94.61562498472631,1370.7594589795917,10298.401328076365
1787721644,11,,Aggregated,4.500000,0.000000,140,180,200,210,250,280,320,380,940,1400,1400,4822,1,140,166.6304948414266,94.61562498472631,1370.7594589795917,10298.55412691829
1787721645,11,,Aggregated,4.500000,0.000000,140,180,200,210,250,280,320,380,940,1400,1400,4828,1,140,166.6550208420829,94.61562498472631,1370.7594589795917,10300.714581607292
1787721646,11,,Aggregated,4.600000,0.000000,140,180,200,210,250,280,320,380,940,1400,1400,4829,1,140,166.64512927990523,94.61562498472631,1370.7594589795917,10300.18595982605
1787721647,11,,Aggregated,5.100000,0.000000,140,180,200,210,250,280,320,380,940,1400,1400,4833,1,140,166.61963659568352,94.61562498472631,1370.7594589795917,10299.816677012208
1787721648,11,,Aggregated,4.200000,0.000000,140,180,200,210,250,280,320,380,940,1400,1400,4840,1,140,166.5956877844027,94.61562498472631,1370.7594589795917,10297.99173553719
1787721649,11,,Aggregated,4.300000,0.000000,140,180,200,210,250,280,320,380,940,1400,1400,4846,1,140,166.6223958162614,94.61562498472631,1370.7594589795917,10301.141766405282
1787721650,11,,Aggregated,4.300000,0.000000,140,180,200,210,250,280,320,380,940,1400,1400,4851,1,140,166.6318776630828,94.61562498472631,1370.7594589795917,10302.393733250876
1787721651,11,,Aggregated,4.100000,0.000000,140,180,200,210,250,280,320,380,940,1400,1400,4856,1,140,166.5826894995362,94.61562498472631,1370.7594589795917,10299.511943986821
1787721652,11,,Aggregated,4.600000,0.000000,140,180,200,210,250,280,320,380,940,1400,1400,4860,1,140,166.58113955773047,94.61562498472631,1370.7594589795917,10299.465020576132
1787721653,11,,Aggregated,4.600000,0.000000,140,180,200,210,250,280,320,380,940,1400,1400,4861,1,140,166.5713098129103,94.61562498472631,1370.7594589795917,10298.937872865665
1787721654,11,,Aggregated,4.800000,0.000000,140,180,200,210,250,280,320,380,940,1400,1400,4866,1,140,166.5592039833852,94.61562498472631,1370.7594589795917,10299.488697081792
1787721655,11,,Aggregated,4.500000,0.000000,140,180,200,210,250,280,320,380,940,1400,1400,4872,1,140,166.50352652075895,94.61562498472631,1370.7594589795917,10295.656403940886
1787721656,11,,Aggregated,4.600000,0.000000,140,180,200,210,250,280,320,380,940,1400,1400,4874,1,140,166.48787051214958,94.61562498472631,1370.7594589795917,10294.581452605662
1787721657,11,,Aggregated,4.200000,0.000000,140,180,200,210,250,280,320,380,940,1400,1400,4878,1,140,166.47710514090866,94.61562498472631,1370.7594589795917,10294.738007380074
1787721658,11,,Aggregated,4.300000,0.000000,140,180,200,210,250,280,320,380,940,1400,1400,4883,1,140,166.4754842226238,94.61562498472631,1370.7594589795917,10295.887569117345
1787721659,11,,Aggregated,4.300000,0.000000,140,180,200,210,250,280,320,380,940,1400,1400,4887,1,140,166.4955853031011,94.61562498472631,1370.7594589795917,10297.970124820953
1787721660,11,,Aggregated,4.500000,0.000000,140,180,200,210,250,280,320,380,940,1400,1400,4894,1,140,166.51517833932445,94.61562498472631,1370.7594589795917,10299.021863506334
1787721661,11,,Aggregated,4.300000,0.000000,140,180,200,210,250,280,320,380,940,1400,1400,4896,1,140,166.52066665818555,94.61562498472631,1370.7594589795917,10300.5829248366
1787721662,11,,Aggregated,4.200000,0.000000,140,180,200,210,250,280,320,380,940,1400,1400,4903,1,140,166.47158384294818,94.61562498472631,1370.7594589795917,10298.629206608199
1787721663,11,,Aggregated,4.200000,0.000000,140,180,200,210,250,280,320,380,940,1400,1400,4909,1,140,166.4808748555452,94.61562498472631,1370.7594589795917,10299.821144836016
1787721664,11,,Aggregated,4.000000,0.000000,140,180,200,210,250,280,320,380,940,1400,1400,4916,1,140,166.4818935957775,94.61562498472631,1370.7594589795917,10301.297599674532
1787721665,11,,Aggregated,4.600000,0.000000,140,180,200,210,250,280,320,380,940,1400,1400,4923,1,140,166.48737340021017,94.61562498472631,1370.7594589795917,10300.735527117611
1787721666,11,,Aggregated,4.600000,0.000000,140,180,200,210,250,280,320,380,940,1400,1400,4925,1,140,166.46868045668728,94.61562498472631,1370.7594589795917,10299.715126903553
1787721667,11,,Aggregated,4.800000,0.000000,140,180,200,210,250,280,320,380,940,1400,1400,4931,1,140,166.42964100379243,94.61562498472631,1370.7594589795917,10298.344554857027
1787721668,11,,Aggregated,5.100000,0.000000,140,180,200,210,250,280,320,380,940,1400,1400,4935,1,140,166.42459587084568,94.61562498472631,1370.7594589795917,10299.077608915906
1787721669,11,,Aggregated,5.300000,0.000000,140,180,200,210,250,280,320,380,940,1400,1400,4939,1,140,166.43453575232306,94.61562498472631,1370.7594589795917,10299.244583923872
1787721670,11,,Aggregated,5.300000,0.000000,140,180,200,210,250,280,320,380,940,1400,1400,4939,1,140,166.43453575232306,94.61562498472631,1370.7594589795917,10299.244583923872
1787721671,11,,Aggregated,5.000000,0.000000,140,180,200,210,250,280,320,380,940,1400,1400,4944,1,140,166.4077743471971,94.61562498472631,1370.7594589795917,10298.645024271844
1787721672,11,,Aggregated,4.600000,0.000000,140,180,200,210,250,280,320,380,940,1400,1400,4950,1,140,166.41247306353026,94.61562498472631,1370.7594589795917,10298.871717171718
1787721673,11,,Aggregated,4.600000,0.000000,140,180,200,210,240,280,320,380,940,1400,1400,4951,1,140,166.40643876599356,94.61562498472631,1370.7594589795917,10298.366390628156
1787721674,11,,Aggregated,4.900000,0.000000,140,180,200,210,240,280,320,380,940,1400,1400,4956,1,140,166.38584032756614,94.61562498472631,1370.7594589795917,10298.386400322841
1787721675,11,,Aggregated,4.900000,0.000000,140,180,200,210,240,280,320,380,940,1400,1400,4958,1,140,166.37073496481335,94.61562498472631,1370.7594589795917,10297.34872932634
1787721676,10,,Aggregated,4.300000,0.000000,140,180,200,210,240,280,320,380,940,1400,1400,4964,1,140,166.35322163698933,94.61562498472631,1370.7594589795917,10299.638195004029
1787721677,10,,Aggregated,4.300000,0.000000,140,180,200,210,240,280,320,380,940,1400,1400,4964,1,140,166.35322163698933,94.61562498472631,1370.7594589795917,10299.638195004029
1787721678,10,,Aggregated,3.500000,0.000000,140,180,200,210,240,280,320,380,940,1400,1400,4971,1,140,166.36786861280535,94.61562498472631,1370.7594589795917,10300.075035204185
1787721679,10,,Aggregated,3.500000,0.000000,140,180,200,210,240,280,320,380,940,1400,1400,4971,1,140,166.36786861280535,94.61562498472631,1370.7594589795917,10300.075035204185
1787721680,10,,Aggregated,3.400000,0.000000,140,180,200,210,240,280,320,380,940,1400,1400,4977,1,140,166.35476681880985,94.61562498472631,1370.7594589795917,10298.562989752863
1787721681,10,,Aggregated,3.600000,0.000000,140,180,200,210,240,280,320,380,940,1400,1400,4981,1,140,166.35304036981387,94.61562498472631,1370.7594589795917,10299.064645653483
1787721682,10,,Aggregated,3.400000,0.000000,140,180,200,210,240,280,320,380,940,1400,1400,4983,1,140,166.33240128916856,94.61562498472631,1370.7594589795917,10298.005217740318
1787721683,10,,Aggregated,3.800000,0.000000,140,180,200,210,240,280,320,380,940,1400,1400,4987,1,140,166.3133534104198,94.61562498472631,1370.7594589795917,10297.65550431121
1787721684,10,,Aggregated,3.300000,0.000000,140,180,200,210,240,280,320,380,940,1400,1400,4991,1,140,166.30018087553856,94.61562498472631,1370.7594589795917,10295.608695652174
1787721685,10,,Aggregated,3.300000,0.000000,140,180,200,210,240,280,320,380,940,1400,1400,4994,1,140,166.3251560790077,94.61562498472631,1370.7594589795917,10298.60412494994
1787721686,10,,Aggregated,3.300000,0.000000,140,180,200,210,240,280,320,380,940,1400,1400,4998,1,140,166.2990898443606,94.61562498472631,1370.7594589795917,10298.556822729091
1787721687,10,,Aggregated,3.500000,0.000000,140,180,200,210,240,280,320,380,850,1400,1400,5002,1,140,166.285217812954,94.61562498472631,1370.7594589795917,10298.014594162336
1787721688,10,,Aggregated,3.700000,0.000000,140,180,200,210,240,280,320,380,850,1400,1400,5003,1,140,166.27659533446862,94.61562498472631,1370.7594589795917,10297.509694183489
1787721689,10,,Aggregated,3.400000,0.000000,140,180,200,210,240,280,320,380,850,1400,1400,5009,1,140,166.31658353314197,94.61562498472631,1370.7594589795917,10298.709922140148
1787721690,10,,Aggregated,3.600000,0.000000,140,180,200,210,240,280,320,380,850,1400,1400,5012,1,140,166.3027501329932,94.61562498472631,1370.7594589795917,10297.171588188348
1787721691,10,,Aggregated,3.200000,0.000000,140,180,200,210,240,280,320,380,850,1400,1400,5016,1,140,166.2684148894192,94.61562498472631,1370.7594589795917,10295.650119617225
1787721692,10,,Aggregated,3.600000,0.000000,140,180,200,210,240,280,320,380,850,1400,1400,5019,1,140,166.27656804189132,94.61562498472631,1370.7594589795917,10296.320183303447
1787721693,10,,Aggregated,3.300000,0.000000,140,180,200,210,240,280,320,380,850,1400,1400,5021,1,140,166.25735017966633,94.61562498472631,1370.7594589795917,10295.304919338778
1787721694,10,,Aggregated,3.500000,0.000000,140,180,200,210,240,280,320,380,850,1400,1400,5025,1,140,166.24892299406378,94.61562498472631,1370.7594589795917,10295.530547263681
1787721695,10,,Aggregated,3.500000,0.000000,140,180,200,210,240,280,320,380,850,1400,1400,5031,1,140,166.20884953334016,94.61562498472631,1370.7594589795917,10294.44623335321
1787721696,10,,Aggregated,3.500000,0.000000,140,180,200,210,240,280,320,380,850,1400,1400,5033,1,140,166.19410862517594,94.61562498472631,1370.7594589795917,10293.45380488774
1787721697,10,,Aggregated,3.300000,0.000000,140,180,200,210,240,280,320,380,850,1400,1400,5035,1,140,166.22333203464592,94.61562498472631,1370.7594589795917,10294.686395233366
1787721698,10,,Aggregated,3.700000,0.000000,140,180,200,210,240,280,320,380,850,1400,1400,5040,1,140,166.2237864756857,94.61562498472631,1370.7594589795917,10294.13630952381
1787721699,10,,Aggregated,3.600000,0.000000,140,180,200,210,240,280,320,380,850,1400,1400,5044,1,140,166.21706654013207,94.61562498472631,1370.7594589795917,10292.123116574148
1787721700,10,,Aggregated,3.400000,0.000000,140,180,200,210,240,280,320,380,850,1400,1400,5048,1,140,166.24354348309845,94.61562498472631,1370.7594589795917,10293.759508716323
1787721701,10,,Aggregated,3.800000,0.000000,140,180,200,210,240,280,320,380,850,1400,1400,5051,1,140,166.2470494545229,94.61562498472631,1370.7594589795917,10296.46327459909
1787721702,10,,Aggregated,3.600000,0.000000,140,180,200,210,240,280,320,380,850,1400,1400,5055,1,140,166.2539995387823,94.61562498472631,1370.7594589795917,10297.178041543028
1787721703,10,,Aggregated,3.600000,0.000000,140,180,200,210,240,280,320,380,850,1400,1400,5059,1,140,166.28405680486176,94.61562498472631,1370.7594589795917,10297.918363312907
1787721704,10,,Aggregated,3.500000,0.000000,140,180,200,210,240,280,320,380,850,1400,1400,5065,1,140,166.2961647748811,94.61562498472631,1370.7594589795917,10298.311549851926
1787721705,10,,Aggregated,3.600000,0.000000,140,180,200,210,240,280,320,380,850,1400,1400,5071,1,140,166.27352834788277,94.61562498472631,1370.7594589795917,10298.341944389667
1787721706,10,,Aggregated,3.800000,0.000000,140,180,200,210,240,280,320,380,850,1400,1400,5073,1,140,166.27708969094525,94.61562498472631,1370.7594589795917,10298.99862014587
1787721707,10,,Aggregated,4.000000,0.000000,140,180,200,210,240,280,320,380,850,1400,1400,5076,1,140,166.31244568424293,94.61562498472631,1370.7594589795917,10301.50768321513
1787721708,10,,Aggregated,3.900000,0.000000,140,180,200,210,240,280,320,380,850,1400,1400,5080,1,140,166.33336516573848,94.61562498472631,1370.7594589795917,10303.131299212599
1787721709,10,,Aggregated,3.900000,0.000000,140,180,200,210,240,280,320,380,850,1400,1400,5085,1,140,166.33236039848404,94.61562498472631,1370.7594589795917,10301.140412979352
1787721710,10,,Aggregated,4.000000,0.000000,140,180,200,210,250,280,320,380,850,1400,1400,5089,1,140,166.4435225160085,94.61562498472631,1370.7594589795917,10304.103753193162
1787721711,10,,Aggregated,4.100000,0.000000,140,180,200,210,250,280,320,380,850,1400,1400,5094,1,140,166.46531995978793,94.61562498472631,1370.7594589795917,10308.847663918335
1787721712,10,,Aggregated,4.000000,0.000000,140,180,200,210,250,280,320,380,850,1400,1400,5096,1,140,166.46425408009458,94.61562498472631,1370.7594589795917,10308.347135007849
1787721713,10,,Aggregated,4.000000,0.000000,140,180,200,210,250,280,320,380,850,1400,1400,5102,1,140,166.45708348823297,94.61562498472631,1370.7594589795917,10308.654253234026
1787721714,10,,Aggregated,4.300000,0.000000,140,180,200,210,250,280,320,380,850,1400,1400,5103,1,140,166.4675511461749,94.61562498472631,1370.7594589795917,10311.141877327063
1787721715,10,,Aggregated,4.100000,0.000000,140,180,200,210,250,280,320,380,850,1400,1400,5107,1,140,166.4532702007235,94.61562498472631,1370.7594589795917,10311.650088114353
1787721716,10,,Aggregated,4.200000,0.000000,140,180,200,210,250,280,320,380,850,1400,1400,5112,1,140,166.4737955542647,94.61562498472631,1370.7594589795917,10312.171752738654
1787721717,10,,Aggregated,3.700000,0.000000,140,180,200,210,250,280,320,380,850,1400,1400,5116,1,140,166.4931220757033,94.61562498472631,1370.7594589795917,10312.446247068023
1787721718,10,,Aggregated,3.600000,0.000000,140,180,200,210,250,280,320,380,850,1400,1400,5120,1,140,166.5582152422303,94.61562498472631,1370.7594589795917,10314.43359375
1787721720,10,,Aggregated,3.900000,0.000000,140,180,200,210,250,280,320,380,850,1400,1400,5121,1,140,166.55049196901294,94.61562498472631,1370.7594589795917,10313.916617848077
1787721721,10,,Aggregated,4.000000,0.000000,140,180,200,210,250,280,320,380,850,1400,1400,5126,1,140,166.52190132765008,94.61562498472631,1370.7594589795917,10313.626999609833
1787721722,10,,Aggregated,3.800000,0.000000,140,180,200,210,250,280,320,380,850,1400,1400,5130,1,140,166.52685657872493,94.61562498472631,1370.7594589795917,10314.41812865497
1787721723,10,,Aggregated,3.600000,0.000000,140,180,200,210,250,280,320,380,850,1400,1400,5132,1,140,166.51672108806792,94.61562498472631,1370.7594589795917,10313.396921278254
1787721724,10,,Aggregated,3.700000,0.000000,140,180,200,210,250,280,320,380,850,1400,1400,5136,1,140,166.51537912104254,94.61562498472631,1370.7594589795917,10314.050623052959
1787721725,10,,Aggregated,3.600000,0.000000,140,180,200,210,250,280,320,380,850,1400,1400,5137,1,140,166.50885085316753,94.61562498472631,1370.7594589795917,10313.557718512751
1787721726,10,,Aggregated,3.600000,0.000000,140,180,200,210,250,280,320,380,850,1400,1400,5142,1,140,166.48128874964348,94.61562498472631,1370.7594589795917,10313.49572150914
1787721727,10,,Aggregated,3.400000,0.000000,140,180,200,210,250,280,320,380,850,1400,1400,5144,1,140,166.48873954305816,94.61562498472631,1370.7594589795917,10314.649688958008
1787721728,10,,Aggregated,3.500000,0.000000,140,180,200,210,250,280,320,380,850,1400,1400,5148,1,140,166.48745987929402,94.61562498472631,1370.7594589795917,10317.078477078478
1787721729,10,,Aggregated,3.500000,0.000000,140,180,200,210,250,280,320,380,850,1400,1400,5151,1,140,166.48294935442277,94.61562498472631,1370.7594589795917,10315.378761405553
1787721730,10,,Aggregated,3.200000,0.000000,140,180,200,210,250,280,320,380,850,1400,1400,5155,1,140,166.47448221783432,94.61562498472631,1370.7594589795917,10313.900872938893
1787721731,10,,Aggregated,3.100000,0.000000,140,180,200,210,250,280,320,380,850,1400,1400,5160,1,140,166.47887638893678,94.61562498472631,1370.7594589795917,10315.001744186047
1787721732,10,,Aggregated,3.400000,0.000000,140,180,200,210,250,280,320,380,850,1400,1400,5163,1,140,166.4542168718042,94.61562498472631,1370.7594589795917,10313.517915940345
1787721733,10,,Aggregated,3.400000,0.000000,140,180,200,210,250,280,320,380,850,1400,1400,5166,1,140,166.4448842271334,94.61562498472631,1370.7594589795917,10312.537553232674
1787721734,10,,Aggregated,3.400000,0.000000,140,180,200,210,250,280,320,380,850,1400,1400,5169,1,140,166.42117975767962,94.61562498472631,1370.7594589795917,10311.050686786613
1787721735,10,,Aggregated,3.300000,0.000000,140,180,200,210,250,280,320,380,850,1400,1400,5175,1,140,166.41767248821756,94.61562498472631,1370.7594589795917,10309.72347826087
1787721736,10,,Aggregated,3.300000,0.000000,140,180,200,210,250,280,320,380,850,1400,1400,5179,1,140,166.4117724225781,94.61562498472631,1370.7594589795917,10312.702066035914
1787721737,12,,Aggregated,3.300000,0.000000,140,180,200,210,250,280,320,380,850,1400,1400,5187,1,140,166.41934715030584,94.61562498472631,1370.7594589795917,10312.384229805282
1787721738,12,,Aggregated,3.700000,0.000000,140,180,200,210,250,280,320,380,850,1400,1400,5191,1,140,166.42173230156453,94.61562498472631,1370.7594589795917,10315.336929300713
1787721739,12,,Aggregated,4.300000,0.000000,140,180,200,210,250,280,320,380,850,1400,1400,5194,1,140,166.40199858845529,94.61562498472631,1370.7594589795917,10313.880824027725
1787721740,12,,Aggregated,4.400000,0.000000,140,180,200,210,250,280,320,380,850,1400,1400,5200,1,140,166.3890982058365,94.61562498472631,1370.7594589795917,10314.774615384615
1787721741,12,,Aggregated,4.400000,0.000000,140,180,200,210,250,280,320,380,850,1400,1400,5207,1,140,166.39464675054091,94.61562498472631,1370.7594589795917,10315.45477242174
1787721742,12,,Aggregated,4.400000,0.000000,140,180,200,210,240,280,320,380,850,1400,1400,5211,1,140,166.36930428541135,94.61562498472631,1370.7594589795917,10313.483400498944
1787721743,12,,Aggregated,4.400000,0.000000,140,180,200,210,240,280,320,380,850,1400,1400,5215,1,140,166.38062592794046,94.61562498472631,1370.7594589795917,10313.484180249281
1787721744,12,,Aggregated,4.700000,0.000000,140,180,200,210,240,280,320,380,850,1400,1400,5218,1,140,166.3555230303436,94.61562498472631,1370.7594589795917,10312.033921042545
1787721745,12,,Aggregated,5.000000,0.000000,140,180,200,210,250,280,320,380,850,1400,1400,5224,1,140,166.45687230522879,94.61562498472631,1370.7594589795917,10310.530819295558
1787721746,12,,Aggregated,4.900000,0.000000,140,180,200,210,250,280,320,380,850,1400,1400,5227,1,140,166.48703702839146,94.61562498472631,1370.7594589795917,10311.227472737708
1787721747,12,,Aggregated,4.900000,0.000000,140,180,200,210,250,280,320,380,850,1400,1400,5233,1,140,166.4485511267314,94.61562498472631,1370.7594589795917,10310.769157271165
1787721748,12,,Aggregated,4.600000,0.000000,140,180,200,210,250,280,320,380,850,1400,1400,5234,1,140,166.4399626249957,94.61562498472631,1370.7594589795917,10310.291937332824
1787721749,12,,Aggregated,4.600000,0.000000,140,180,200,210,250,280,320,380,850,1400,1400,5239,1,140,166.48884485799255,94.61562498472631,1370.7594589795917,10311.249475090666
1787721750,12,,Aggregated,4.600000,0.000000,140,180,200,210,250,280,320,380,850,1400,1400,5246,1,140,166.4836309731093,94.61562498472631,1370.7594589795917,10313.676134197483
1787721751,12,,Aggregated,4.500000,0.000000,140,180,200,210,250,280,320,380,850,1400,1400,5250,1,140,166.46601620644685,94.61562498472631,1370.7594589795917,10313.332571428571
1787721752,12,,Aggregated,4.700000,0.000000,140,180,200,210,250,280,320,380,850,1400,1400,5255,1,140,166.4850833253327,94.61562498472631,1370.7594589795917,10312.50009514748
1787721753,12,,Aggregated,4.700000,0.000000,140,180,200,210,250,280,320,380,850,1400,1400,5257,1,140,166.47200221924825,94.61562498472631,1370.7594589795917,10311.3174814533
1787721754,12,,Aggregated,4.200000,0.000000,140,180,200,210,250,280,320,380,850,1400,1400,5263,1,140,166.4808977452984,94.61562498472631,1370.7594589795917,10311.768193045791
1787721755,12,,Aggregated,4.200000,0.000000,140,180,200,210,250,280,320,380,850,1400,1400,5267,1,140,166.48058224961343,94.61562498472631,1370.7594589795917,10312.207518511486
1787721756,12,,Aggregated,4.300000,0.000000,140,180,200,210,250,280,320,380,850,1400,1400,5270,1,140,166.48229256031973,94.61562498472631,1370.7594589795917,10311.690512333966
1787721757,12,,Aggregated,4.500000,0.000000,140,180,200,210,250,280,320,380,850,1400,1400,5276,1,140,166.52330433406323,94.61562498472631,1370.7594589795917,10313.883623957543
1787721758,12,,Aggregated,4.500000,0.000000,140,180,200,210,250,280,320,380,850,1400,1400,5280,1,140,166.49949207719393,94.61562498472631,1370.7594589795917,10313.527272727273
1787721759,12,,Aggregated,4.200000,0.000000,140,180,200,210,250,280,320,380,850,1400,1400,5283,1,140,166.5113097828089,94.61562498472631,1370.7594589795917,10313.685595305698
1787721760,12,,Aggregated,4.200000,0.000000,140,180,200,210,250,280,320,380,850,1400,1400,5287,1,140,166.51290897439395,94.61562498472631,1370.7594589795917,10313.411764705883
1787721761,12,,Aggregated,4.300000,0.000000,140,180,200,210,250,280,320,380,850,1400,1400,5293,1,140,166.52420214533063,94.61562498472631,1370.7594589795917,10312.12167013036
1787721762,12,,Aggregated,4.100000,0.000000,140,180,200,210,250,280,320,380,850,1400,1400,5294,1,140,166.53073926392588,94.61562498472631,1370.7594589795917,10312.120891575369
1787721763,12,,Aggregated,4.300000,0.000000,140,180,200,210,250,280,320,380,850,1400,1400,5300,1,140,166.51139918156846,94.61562498472631,1370.7594589795917,10312.966415094339
1787721764,12,,Aggregated,4.300000,0.000000,140,180,200,210,250,280,320,380,850,1400,1400,5302,1,140,166.4953117446534,94.61562498472631,1370.7594589795917,10311.796491889852
1787721765,12,,Aggregated,4.200000,0.000000,140,180,200,210,250,280,320,380,850,1400,1400,5310,1,140,166.5141040399204,94.61562498472631,1370.7594589795917,10314.575141242938
1787721766,12,,Aggregated,4.100000,0.000000,140,180,200,210,250,280,320,380,850,1400,1400,5314,1,140,166.50670276510314,94.61562498472631,1370.7594589795917,10313.606887467067
1787721767,12,,Aggregated,4.200000,0.000000,140,180,200,210,250,280,320,380,850,1400,1400,5317,1,140,166.48045493114142,94.61562498472631,1370.7594589795917,10312.167199548618
1787721768,12,,Aggregated,4.400000,0.000000,140,180,200,210,250,280,320,380,850,1400,1400,5322,1,140,166.47290956442114,94.61562498472631,1370.7594589795917,10311.37185268696
1787721769,12,,Aggregated,4.400000,0.000000,140,180,200,210,250,280,320,380,850,1400,1400,5325,1,140,166.50320891107262,94.61562498472631,1370.7594589795917,10314.6758685446
1787721770,12,,Aggregated,3.800000,0.000000,140,180,200,210,250,280,320,380,850,1400,1400,5330,1,140,166.48327352869626,94.61562498472631,1370.7594589795917,10313.855909943715
1787721771,12,,Aggregated,3.800000,0.000000,140,180,200,210,250,280,320,380,850,1400,1400,5335,1,140,166.43954407050157,94.61562498472631,1370.7594589795917,10311.426616682287
1787721772,12,,Aggregated,4.100000,0.000000,140,180,200,210,250,280,320,380,850,1400,1400,5339,1,140,166.41356426606552,94.61562498472631,1370.7594589795917,10309.991946057315
1787721773,12,,Aggregated,4.300000,0.000000,140,180,200,210,250,280,320,380,850,1400,1400,5341,1,140,166.39855241540215,94.61562498472631,1370.7594589795917,10309.035761093428
1787721774,12,,Aggregated,4.400000,0.000000,140,180,200,210,250,280,320,380,850,1400,1400,5348,1,140,166.38896067674838,94.61562498472631,1370.7594589795917,10310.980927449515
1787721775,12,,Aggregated,4.100000,0.000000,140,180,200,210,250,280,320,380,850,1400,1400,5352,1,140,166.37837034272536,94.61562498472631,1370.7594589795917,10309.357810164425
1787721776,12,,Aggregated,4.300000,0.000000,140,180,200,210,250,280,320,380,850,1400,1400,5355,1,140,166.39129418608437,94.61562498472631,1370.7594589795917,10310.737815126051
1787721777,12,,Aggregated,4.300000,0.000000,140,180,200,210,250,280,320,380,850,1400,1400,5360,1,140,166.37691362546374,94.61562498472631,1370.7594589795917,10309.939925373134
1787721778,12,,Aggregated,4.300000,0.000000,140,180,200,210,240,280,320,380,850,1400,1400,5363,1,140,166.37173857721885,94.61562498472631,1370.7594589795917,10310.351668842066
1787721779,12,,Aggregated,4.300000,0.000000,140,180,200,210,240,280,320,380,850,1400,1400,5366,1,140,166.3690743163614,94.61562498472631,1370.7594589795917,10310.287551248603
1787721780,12,,Aggregated,4.500000,0.000000,140,180,200,210,240,280,320,380,850,1400,1400,5372,1,140,166.37243632712088,94.61562498472631,1370.7594589795917,10311.939873417721
1787721781,12,,Aggregated,3.800000,0.000000,140,180,200,210,240,280,320,380,850,1400,1400,5374,1,140,166.36528308213224,94.61562498472631,1370.7594589795917,10311.46743580201
1787721782,12,,Aggregated,4.200000,0.000000,140,180,200,210,240,280,320,380,850,1400,1400,5377,1,140,166.33674834804845,94.61562498472631,1370.7594589795917,10310.044634554584
1787721783,12,,Aggregated,3.800000,0.000000,140,180,200,210,240,280,320,380,850,1400,1400,5380,1,140,166.3359032900135,94.61562498472631,1370.7594589795917,10311.476394052044
1787721784,12,,Aggregated,3.800000,0.000000,140,180,200,210,240,280,320,380,850,1400,1400,5384,1,140,166.30018314142208,94.61562498472631,1370.7594589795917,10309.379457652303
1787721785,12,,Aggregated,3.900000,0.000000,140,180,200,210,240,280,320,380,850,1400,1400,5391,1,140,166.282247904278,94.61562498472631,1370.7594589795917,10309.770914487108
1787721786,12,,Aggregated,3.900000,0.000000,140,180,200,210,240,280,320,380,850,1400,1400,5394,1,140,166.26032811042555,94.61562498472631,1370.7594589795917,10308.37115313311
1787721787,12,,Aggregated,3.700000,0.000000,140,180,200,210,240,280,320,380,850,1400,1400,5397,1,140,166.26010956616278,94.61562498472631,1370.7594589795917,10309.778951269223
1787721788,12,,Aggregated,4.000000,0.000000,140,180,200,210,240,280,320,380,850,1400,1400,5405,1,140,166.27938017140553,94.61562498472631,1370.7594589795917,10308.82849213691
1787721789,12,,Aggregated,4.000000,0.000000,140,180,200,210,240,280,320,380,850,1400,1400,5406,1,140,166.27154471762714,94.61562498472631,1370.7594589795917,10308.36533481317
1787721790,12,,Aggregated,3.900000,0.000000,140,180,200,210,240,280,320,380,850,1400,1400,5412,1,140,166.27604017956202,94.61562498472631,1370.7594589795917,10310.055432372506
1787721791,12,,Aggregated,4.300000,0.000000,140,180,200,210,240,280,320,380,850,1400,1400,5416,1,140,166.28438433069266,94.61562498472631,1370.7594589795917,10311.614844903988
1787721792,12,,Aggregated,3.800000,0.000000,140,180,200,210,240,280,320,380,850,1400,1400,5422,1,140,166.28736121251413,94.61562498472631,1370.7594589795917,10313.245665805976
1787721793,12,,Aggregated,4.200000,0.000000,140,180,200,210,240,280,320,380,850,1400,1400,5425,1,140,166.2661020188219,94.61562498472631,1370.7594589795917,10312.287557603686
1787721794,12,,Aggregated,4.400000,0.000000,140,180,200,210,240,280,320,380,850,1400,1400,5432,1,140,166.32481324260118,94.61562498472631,1370.7594589795917,10310.578608247422
1787721795,12,,Aggregated,4.400000,0.000000,140,180,200,210,250,280,320,380,850,1400,1400,5438,1,140,166.396909585312,94.61562498472631,1370.7594589795917,10315.625413755057
1787721796,26,,Aggregated,4.300000,0.000000,140,180,200,210,250,280,330,400,850,1400,1400,5456,1,140,167.72545288611187,94.61562498472631,1370.7594589795917,10313.449046920821
1787721797,26,,Aggregated,5.000000,0.000000,140,180,200,210,250,290,350,450,940,1400,1400,5478,1,140,169.32074484866223,94.61562498472631,1370.7594589795917,10310.584884994523
1787721798,26,,Aggregated,4.500000,0.000000,140,180,200,210,250,290,350,450,940,1400,1400,5486,1,140,169.39330983197712,94.61562498472631,1370.7594589795917,10312.081662413417
1787721799,26,,Aggregated,7.100000,0.000000,140,180,200,210,250,290,350,450,940,1400,1400,5498,1,140,169.41683154259957,94.61562498472631,1370.7594589795917,10309.992178974173
1787721800,26,,Aggregated,8.000000,0.000000,140,180,200,210,250,290,350,440,940,1400,1400,5511,1,140,169.49300127530802,94.61562498472631,1370.7594589795917,10314.86626746507
1787721801,26,,Aggregated,8.700000,0.000000,140,180,200,210,250,290,350,440,940,1400,1400,5518,1,140,169.4587035663797,94.61562498472631,1370.7594589795917,10313.364262413917
1787721802,26,,Aggregated,9.400000,0.000000,140,180,200,210,250,290,350,440,940,1400,1400,5532,1,140,169.39870061829117,94.61562498472631,1370.7594589795917,10307.802964569775
1787721803,26,,Aggregated,9.900000,0.000000,140,180,200,210,250,290,350,440,940,1400,1400,5543,1,140,169.54334335929735,94.61562498472631,1370.7594589795917,10309.02742197366
1787721804,26,,Aggregated,10.400000,0.000000,140,180,200,210,250,290,350,440,940,1400,1400,5553,1,140,169.51297057718583,94.61562498472631,1370.7594589795917,10307.081217359986
1787721805,26,,Aggregated,11.500000,0.000000,140,180,200,210,250,290,350,440,940,1400,1400,5566,1,140,169.54076639221807,94.61562498472631,1370.7594589795917,10306.685231764282
1787721806,26,,Aggregated,11.900000,0.000000,140,180,200,210,250,290,350,440,940,1400,1400,5578,1,140,169.64499069065224,94.61562498472631,1370.7594589795917,10307.238795267122
1787721807,26,,Aggregated,11.900000,0.000000,140,180,200,210,250,290,350,440,940,1400,1400,5585,1,140,169.5999408817384,94.61562498472631,1370.7594589795917,10304.04333034915
1787721808,26,,Aggregated,13.300000,0.000000,140,180,200,210,250,290,350,440,940,1400,1400,5595,1,140,169.646182244309,94.61562498472631,1370.7594589795917,10307.794816800715
1787721809,26,,Aggregated,11.500000,0.000000,140,180,200,210,250,290,350,440,940,1400,1400,5606,1,140,169.65606501044374,94.61562498472631,1370.7594589795917,10307.264002854085
1787721810,26,,Aggregated,10.800000,0.000000,140,180,200,210,250,290,350,440,940,1400,1400,5621,1,140,169.72601591313503,94.61562498472631,1370.7594589795917,10307.53015477673
1787721811,26,,Aggregated,10.600000,0.000000,140,180,200,210,250,290,350,440,940,1400,1400,5627,1,140,169.6864078159841,94.61562498472631,1370.7594589795917,10305.712280078194
1787721812,26,,Aggregated,11.200000,0.000000,140,180,200,210,250,290,350,440,940,1400,1400,5640,1,140,169.61680032277368,94.61562498472631,1370.7594589795917,10303.777482269503
1787721813,26,,Aggregated,10.800000,0.000000,140,180,200,210,250,290,350,440,940,1400,1400,5651,1,140,169.59386141594172,94.61562498472631,1370.7594589795917,10304.937002300478
1787721814,26,,Aggregated,11.000000,0.000000,140,180,200,210,250,290,350,440,940,1400,1400,5663,1,140,169.6191390874922,94.61562498472631,1370.7594589795917,10304.384072046618
1787721815,26,,Aggregated,10.600000,0.000000,140,180,200,210,250,290,350,440,940,1400,1400,5671,1,140,169.62143958738693,94.61562498472631,1370.7594589795917,10305.029624404868
1787721816,26,,Aggregated,11.000000,0.000000,140,180,200,210,250,290,350,440,940,1400,1400,5681,1,140,169.62658910968833,94.61562498472631,1370.7594589795917,10310.016722408027
1787721817,26,,Aggregated,10.900000,0.000000,140,180,200,210,250,290,350,440,940,1400,1400,5693,1,140,169.62657539664244,94.61562498472631,1370.7594589795917,10311.381696820657
1787721818,26,,Aggregated,10.400000,0.000000,140,180,200,210,250,290,350,440,940,1400,1400,5700,1,140,169.57845770868292,94.61562498472631,1370.7594589795917,10309.72403508772
1787721819,26,,Aggregated,10.200000,0.000000,140,180,200,210,250,290,350,430,940,1400,1400,5714,1,140,169.54129490082758,94.61562498472631,1370.7594589795917,10307.966223311165
1787721820,26,,Aggregated,10.400000,0.000000,140,180,200,210,250,290,350,430,940,1400,1400,5718,1,140,169.53964070695505,94.61562498472631,1370.7594589795917,10307.039699195522
1787721821,26,,Aggregated,11.000000,0.000000,140,180,200,210,250,290,350,430,940,1400,1400,5731,1,140,169.53424252930438,94.61562498472631,1370.7594589795917,10309.194730413541
1787721822,26,,Aggregated,10.100000,0.000000,140,180,200,210,250,290,350,430,940,1400,1400,5746,1,140,169.4884841299797,94.61562498472631,1370.7594589795917,10307.770623042115
1787721823,26,,Aggregated,10.100000,0.000000,140,180,200,210,250,290,350,430,940,1400,1400,5757,1,140,169.43469014125057,94.61562498472631,1370.7594589795917,10306.423310752129
1787721824,26,,Aggregated,10.100000,0.000000,140,180,200,210,250,290,350,430,940,1400,1400,5767,1,140,169.44248759062924,94.61562498472631,1370.7594589795917,10306.769030691867
1787721825,26,,Aggregated,10.300000,0.000000,140,180,200,210,250,290,350,430,940,1400,1400,5779,1,140,169.3851299494309,94.61562498472631,1370.7594589795917,10305.254023187403
1787721826,26,,Aggregated,10.400000,0.000000,140,180,200,210,250,290,350,430,940,1400,1400,5786,1,140,169.3680725057828,94.61562498472631,1370.7594589795917,10306.282578638093
1787721827,26,,Aggregated,10.500000,0.000000,140,180,200,210,250,290,350,430,940,1400,1400,5795,1,140,169.3873954590529,94.61562498472631,1370.7594589795917,10306.179637618638
1787721828,26,,Aggregated,10.600000,0.000000,140,180,200,210,250,280,350,420,940,1400,1400,5805,1,140,169.35225412322563,94.61562498472631,1370.7594589795917,10304.547803617572
1787721829,26,,Aggregated,10.500000,0.000000,140,180,200,210,250,280,350,420,940,1400,1400,5815,1,140,169.3155968719525,94.61562498472631,1370.7594589795917,10304.504557179707
1787721830,26,,Aggregated,10.500000,0.000000,140,180,200,210,250,280,350,420,940,1400,1400,5825,1,140,169.29469611915428,94.61562498472631,1370.7594589795917,10303.323090128755
1787721831,26,,Aggregated,9.900000,0.000000,140,180,200,210,250,280,350,420,940,1400,1400,5835,1,140,169.26596623417643,94.61562498472631,1370.7594589795917,10305.519108826049
1787721832,26,,Aggregated,10.300000,0.000000,140,180,200,210,250,280,350,420,940,1400,1400,5841,1,140,169.21805086506743,94.61562498472631,1370.7594589795917,10303.313473720253
1787721833,26,,Aggregated,10.600000,0.000000,140,180,200,210,250,280,350,420,940,1400,1400,5850,1,140,169.19223374973697,94.61562498472631,1370.7594589795917,10300.452478632478
1787721834,26,,Aggregated,10.100000,0.000000,140,180,200,210,250,280,350,420,940,1400,1400,5860,1,140,169.17613086921605,94.61562498472631,1370.7594589795917,10300.721501706485
1787721835,26,,Aggregated,9.500000,0.000000,140,180,200,210,250,280,350,420,940,1400,1400,5868,1,140,169.16848933095673,94.61562498472631,1370.7594589795917,10299.34543285617
1787721836,26,,Aggregated,9.200000,0.000000,140,180,200,210,250,280,350,420,940,1400,1400,5875,1,140,169.18646940053935,94.61562498472631,1370.7594589795917,10302.873361702128
1787721837,26,,Aggregated,9.100000,0.000000,140,180,200,210,250,280,350,420,940,1400,1400,5885,1,140,169.2027476951306,94.61562498472631,1370.7594589795917,10304.757519116398
1787721838,26,,Aggregated,8.600000,0.000000,140,180,200,210,250,280,350,420,940,1400,1400,5895,1,140,169.1640606127913,94.61562498472631,1370.7594589795917,10302.086683630196
1787721839,26,,Aggregated,8.800000,0.000000,140,180,200,210,250,280,350,420,940,1400,1400,5902,1,140,169.13176555602624,94.61562498472631,1370.7594589795917,10301.626906133513
1787721840,26,,Aggregated,8.900000,0.000000,140,180,200,210,250,280,350,420,940,1400,1400,5912,1,140,169.17258151137383,94.61562498472631,1370.7594589795917,10304.072225981055
1787721841,26,,Aggregated,9.000000,0.000000,140,180,200,210,250,280,350,420,940,1400,1400,5922,1,140,169.13822988105284,94.61562498472631,1370.7594589795917,10301.494427558257
1787721842,26,,Aggregated,8.800000,0.000000,140,180,200,210,250,280,350,420,940,1400,1400,5932,1,140,169.12435355237656,94.61562498472631,1370.7594589795917,10304.315407956845
1787721843,26,,Aggregated,8.600000,0.000000,140,180,200,210,250,280,350,420,940,1400,1400,5938,1,140,169.14309876064092,94.61562498472631,1370.7594589795917,10308.261872684405
1787721844,26,,Aggregated,8.700000,0.000000,140,180,200,210,250,280,350,420,940,1400,1400,5946,1,140,169.10537122000883,94.61562498472631,1370.7594589795917,10306.913387151026
1787721845,26,,Aggregated,9.200000,0.000000,140,180,200,210,250,280,350,420,940,1400,1400,5954,1,140,169.08880423898046,94.61562498472631,1370.7594589795917,10305.324991602285
1787721846,26,,Aggregated,9.000000,0.000000,140,180,200,210,250,280,350,420,940,1400,1400,5965,1,140,169.08846915705786,94.61562498472631,1370.7594589795917,10307.094048616933
1787721847,26,,Aggregated,8.500000,0.000000,140,180,200,210,250,280,350,420,940,1400,1400,5976,1,140,169.0879915251834,94.61562498472631,1370.7594589795917,10305.369143239624
1787721848,26,,Aggregated,8.700000,0.000000,140,180,200,210,250,280,350,420,940,1400,1400,5984,1,140,169.10217182998227,94.61562498472631,1370.7594589795917,10308.483622994652
1787721849,26,,Aggregated,8.800000,0.000000,140,180,200,210,250,280,350,420,940,1400,1400,5993,1,140,169.1493543128169,94.61562498472631,1370.7594589795917,10308.927582179209
1787721850,26,,Aggregated,9.000000,0.000000,140,180,200,210,250,280,350,420,850,1400,1400,6006,1,140,169.22100447106652,94.61562498472631,1370.7594589795917,10313.88394938395
1787721851,26,,Aggregated,8.700000,0.000000,140,180,200,210,250,280,350,420,850,1400,1400,6016,1,140,169.20566667710213,94.61562498472631,1370.7594589795917,10316.15541888298
1787721852,26,,Aggregated,8.800000,0.000000,140,180,200,210,250,280,350,420,850,1400,1400,6026,1,140,169.22450074317862,94.61562498472631,1370.7594589795917,10318.13956189844
1787721853,26,,Aggregated,9.300000,0.000000,140,180,200,210,250,280,350,420,850,1400,1400,6036,1,140,169.19410976869344,94.61562498472631,1370.7594589795917,10317.434559310801
1787721854,26,,Aggregated,9.300000,0.000000,140,180,200,210,250,280,350,420,850,1400,1400,6048,1,140,169.2155021946987,94.61562498472631,1370.7594589795917,10319.352347883598
1787721855,26,,Aggregated,9.200000,0.000000,140,180,200,210,250,280,350,420,850,1400,1400,6055,1,140,169.2103075870243,94.61562498472631,1370.7594589795917,10318.702394715112
1787721856,19,,Aggregated,9.500000,0.000000,140,180,200,210,250,280,350,420,850,1400,1400,6061,1,140,169.20173238434919,94.61562498472631,1370.7594589795917,10319.418907770994
1787721857,19,,Aggregated,10.400000,0.000000,140,180,200,210,250,280,350,420,850,1400,1400,6071,1,140,169.25272940689635,94.61562498472631,1370.7594589795917,10327.018942513589
1787721858,19,,Aggregated,10.100000,0.000000,140,180,200,210,250,280,350,420,850,1400,1400,6077,1,140,169.2052495508993,94.61562498472631,1370.7594589795917,10324.476057265098
1787721859,19,,Aggregated,9.800000,0.000000,140,180,200,210,250,280,350,420,850,1400,1400,6086,1,140,169.16369313100702,94.61562498472631,1370.7594589795917,10320.911929017417
1787721860,19,,Aggregated,9.400000,0.000000,140,180,200,210,250,280,350,420,850,1400,1400,6091,1,140,169.12906070747016,94.61562498472631,1370.7594589795917,10320.211952060417
1787721861,19,,Aggregated,9.200000,0.000000,140,180,200,210,250,280,350,420,850,1400,1400,6096,1,140,169.1103833693164,94.61562498472631,1370.7594589795917,10318.483923884514
1787721862,19,,Aggregated,9.200000,0.000000,140,180,200,210,250,280,350,420,850,1400,1400,6105,1,140,169.0950827493449,94.61562498472631,1370.7594589795917,10319.297788697788
1787721863,19,,Aggregated,8.300000,0.000000,140,180,200,210,250,280,350,420,850,1400,1400,6109,1,140,169.0900209489027,94.61562498472631,1370.7594589795917,10321.095432967753
1787721864,19,,Aggregated,8.000000,0.000000,140,180,200,210,250,280,350,420,850,1400,1400,6121,1,140,169.07299673578066,94.61562498472631,1370.7594589795917,10320.578826989055
1787721866,19,,Aggregated,7.900000,0.000000,140,180,200,210,250,280,350,420,850,1400,1400,6126,1,140,169.04952447545824,94.61562498472631,1370.7594589795917,10319.482206986615
1787721867,19,,Aggregated,7.300000,0.000000,140,180,200,210,250,280,350,420,850,1400,1400,6133,1,140,169.02604287245157,94.61562498472631,1370.7594589795917,10320.962987118864
1787721868,19,,Aggregated,7.100000,0.000000,140,180,200,210,250,280,350,420,850,1400,1400,6140,1,140,169.02781075245096,94.61562498472631,1370.7594589795917,10323.297394136807
1787721869,19,,Aggregated,7.000000,0.000000,140,180,200,210,250,280,350,420,850,1400,1400,6144,1,140,169.00484957883086,94.61562498472631,1370.7594589795917,10321.443522135416
1787721870,19,,Aggregated,7.000000,0.000000,140,180,200,210,250,280,340,420,850,1400,1400,6152,1,140,168.96368841765846,94.61562498472631,1370.7594589795917,10318.335988296489
1787721871,19,,Aggregated,6.800000,0.000000,140,180,200,210,250,280,340,420,850,1400,1400,6158,1,140,168.91932007440008,94.61562498472631,1370.7594589795917,10315.863429684963
1787721872,19,,Aggregated,6.700000,0.000000,140,180,200,210,250,280,340,420,850,1400,1400,6170,2,140,168.86217007285205,94.61562498472631,1370.7594589795917,10312.56304700162
1787721873,19,,Aggregated,6.600000,0.000000,140,180,200,210,250,280,340,420,850,1400,1400,6177,2,140,168.86773007646414,94.61562498472631,1370.7594589795917,10312.28039501376
1787721874,19,,Aggregated,6.700000,0.000000,140,180,200,210,250,280,340,420,850,1400,1400,6181,2,140,168.8601753584118,94.61562498472631,1370.7594589795917,10312.416275683547
1787721875,19,,Aggregated,7.400000,0.100000,140,180,200,210,250,280,340,420,850,1400,1400,6189,2,140,168.9018279969458,94.61562498472631,1370.7594589795917,10312.90773953789
1787721876,19,,Aggregated,7.100000,0.100000,140,180,200,210,250,280,340,420,850,1400,1400,6200,2,140,168.86813369207835,94.61562498472631,1370.7594589795917,10311.172741935485
1787721877,19,,Aggregated,6.800000,0.100000,140,180,200,210,250,280,340,420,850,1400,1400,6204,2,140,168.86237091248222,94.61562498472631,1370.7594589795917,10310.922469374596
1787721878,19,,Aggregated,7.300000,0.100000,140,180,200,210,250,280,340,420,850,1400,1400,6213,2,140,168.82464466553554,94.61562498472631,1370.7594589795917,10310.024464831804
1787721879,19,,Aggregated,7.300000,0.100000,140,180,200,210,250,280,340,420,850,1400,1400,6219,2,140,168.83772218452856,94.61562498472631,1370.7594589795917,10310.894999196013
1787721880,19,,Aggregated,7.000000,0.100000,140,180,200,210,250,280,340,420,850,1400,1400,6223,2,140,168.83868474055188,94.61562498472631,1370.7594589795917,10310.630403342439
1787721881,19,,Aggregated,7.500000,0.100000,140,180,200,210,250,280,340,420,850,1400,1400,6233,2,140,168.83518036669182,94.61562498472631,1370.7594589795917,10310.40702711375
1787721882,19,,Aggregated,7.100000,0.100000,140,180,200,210,250,280,340,420,850,1400,1400,6239,2,140,168.8227579766748,94.61562498472631,1370.7594589795917,10309.342683122295
1787721883,19,,Aggregated,7.300000,0.100000,140,180,200,210,250,280,340,420,850,1400,1400,6251,2,140,168.90475590155512,94.61562498472631,1370.7594589795917,10314.825627899536
1787721884,19,,Aggregated,7.300000,0.100000,140,180,200,210,250,280,340,420,850,1400,1400,6257,2,140,168.92422341899547,94.61562498472631,1370.7594589795917,10317.800703212402
1787721885,19,,Aggregated,7.300000,0.000000,140,180,200,210,250,280,340,420,850,1400,1400,6262,2,140,168.9177766380652,94.61562498472631,1370.7594589795917,10317.819865857553
1787721886,19,,Aggregated,7.600000,0.000000,140,180,200,210,250,280,340,420,850,1400,1400,6271,2,140,168.8700645590705,94.61562498472631,1370.7594589795917,10317.956944665922
1787721887,19,,Aggregated,7.200000,0.000000,140,180,200,210,250,280,340,420,850,1400,1400,6281,2,140,168.89571660155863,94.61562498472631,1370.7594589795917,10320.372870562012
1787721888,19,,Aggregated,7.100000,0.000000,140,180,200,210,250,280,340,420,850,1400,1400,6288,2,140,168.89767963042289,94.61562498472631,1370.7594589795917,10321.140108142494
1787721889,19,,Aggregated,7.100000,0.000000,140,180,200,210,250,280,340,420,850,1400,1400,6292,2,140,168.88992178144446,94.61562498472631,1370.7594589795917,10322.438970120787
1787721890,19,,Aggregated,7.500000,0.000000,140,180,200,210,250,280,340,420,850,1400,1400,6300,2,140,168.89016523410285,94.61562498472631,1370.7594589795917,10322.935714285713
1787721891,19,,Aggregated,7.500000,0.000000,140,180,200,210,250,280,340,420,850,1400,1400,6309,2,140,168.95736554504842,94.61562498472631,1370.7594589795917,10327.21461404343
1787721892,19,,Aggregated,7.300000,0.000000,140,180,200,210,250,280,340,420,850,1400,1400,6313,2,140,168.95806851841652,94.61562498472631,1370.7594589795917,10328.739426580072
1787721893,19,,Aggregated,7.800000,0.000000,140,180,200,210,250,280,340,420,850,1400,1400,6325,2,140,168.9690378020801,94.61562498472631,1370.7594589795917,10329.479841897233
1787721894,19,,Aggregated,7.800000,0.000000,140,180,200,210,250,280,340,420,850,1400,1400,6331,2,140,168.95647642776092,94.61562498472631,1370.7594589795917,10330.64744906018
1787721895,19,,Aggregated,7.400000,0.000000,140,180,200,210,250,280,340,420,850,1400,1400,6342,2,140,168.96176404898733,94.61562498472631,1370.7594589795917,10332.141911069064
1787721896,19,,Aggregated,7.400000,0.000000,140,180,200,210,250,280,340,420,850,1400,1400,6349,2,140,168.9646320771335,94.61562498472631,1370.7594589795917,10335.981414395968
1787721897,19,,Aggregated,7.700000,0.000000,140,180,200,210,250,280,340,420,850,1400,1400,6356,2,140,168.9670369558885,94.61562498472631,1370.7594589795917,10338.058055380743
1787721898,19,,Aggregated,7.700000,0.000000,140,180,200,210,250,280,340,420,850,1400,1400,6362,2,140,168.98566408234208,94.61562498472631,1370.7594589795917,10340.561615844073
1787721899,19,,Aggregated,7.300000,0.000000,140,180,200,210,250,280,340,420,850,1400,1400,6370,2,140,168.98985725682772,94.61562498472631,1370.7594589795917,10340.083673469388
1787721900,19,,Aggregated,7.500000,0.000000,140,180,200,210,250,280,340,420,850,1400,1400,6379,2,140,168.9879853580761,94.61562498472631,1370.7594589795917,10339.627371061295
1787721901,19,,Aggregated,7.600000,0.000000,140,180,200,210,250,280,340,420,850,1400,1400,6387,2,140,169.02279774242078,94.61562498472631,1370.7594589795917,10343.991075622358
1787721902,19,,Aggregated,8.000000,0.000000,140,180,200,210,250,280,340,420,850,1400,1400,6394,2,140,169.0128634287677,94.61562498472631,1370.7594589795917,10343.009540193932
1787721903,19,,Aggregated,7.500000,0.000000,140,180,200,210,250,280,340,420,850,1400,1400,6405,2,140,169.02737680427836,94.61562498472631,1370.7594589795917,10345.175331772052
1787721904,19,,Aggregated,7.900000,0.000000,140,180,200,210,250,280,340,420,850,1400,1400,6415,2,140,169.0473502298595,94.61562498472631,1370.7594589795917,10348.619641465315
1787721905,19,,Aggregated,7.800000,0.000000,140,180,200,210,250,280,340,420,850,1400,1400,6424,2,140,169.07041610493604,94.61562498472631,1370.7594589795917,10352.775373599005
1787721906,19,,Aggregated,7.800000,0.000000,140,180,200,210,250,280,340,420,850,1400,1400,6429,2,140,169.07130779417022,94.61562498472631,1370.7594589795917,10352.147923471768
1787721907,19,,Aggregated,8.200000,0.000000,140,180,200,210,250,280,340,420,850,1400,1400,6439,2,140,169.04760063962877,94.61562498472631,1370.7594589795917,10352.111507998135
1787721908,19,,Aggregated,8.300000,0.000000,140,180,200,210,250,280,340,420,850,1400,1400,6445,2,140,169.0408674517431,94.61562498472631,1370.7594589795917,10351.53902249806
1787721909,19,,Aggregated,8.200000,0.000000,140,180,200,210,250,280,340,420,850,1400,1400,6455,2,140,169.0568857629712,94.61562498472631,1370.7594589795917,10355.699147947327
1787721910,19,,Aggregated,8.100000,0.000000,140,180,200,210,250,280,340,420,850,1400,1400,6462,2,140,169.07964632576906,94.61562498472631,1370.7594589795917,10356.272051996286
1787721911,19,,Aggregated,8.400000,0.000000,140,180,200,210,250,280,340,420,850,1400,1400,6468,2,140,169.06857755076632,94.61562498472631,1370.7594589795917,10355.656617192331
1787721912,19,,Aggregated,8.100000,0.000000,140,180,200,210,250,280,340,420,850,1400,1400,6475,2,140,169.08586141825958,94.61562498472631,1370.7594589795917,10354.218687258688
1787721913,19,,Aggregated,8.100000,0.000000,140,180,200,210,250,290,340,420,850,1400,1400,6487,2,140,169.156368335309,94.61562498472631,1370.7594589795917,10358.323416062894
1787721914,19,,Aggregated,8.000000,0.000000,140,180,200,210,250,290,340,420,850,1400,1400,6492,2,140,169.20764336476674,94.61562498472631,1370.7594589795917,10358.074091189155
1787721915,19,,Aggregated,8.000000,0.000000,140,180,200,210,250,290,340,420,850,1400,1400,6497,2,140,169.19064074684476,94.61562498472631,1370.7594589795917,10357.604894566723
1787721916,39,,Aggregated,7.700000,0.000000,140,180,200,210,250,290,360,480,940,1400,1400,6518,2,140,170.9398339426713,94.61562498472631,1370.7594589795917,10357.316047867444
1787721917,59,,Aggregated,7.600000,0.000000,140,180,200,210,250,290,380,670,1100,1400,1400,6542,2,140,173.46364311563994,94.61562498472631,1370.7594589795917,10350.047844695811
1787721918,69,,Aggregated,7.100000,0.000000,140,180,200,210,260,300,420,780,1600,1700,1700,6573,2,140,178.72102162496097,94.61562498472631,1691.065541934222,10349.90658755515
1787721919,69,,Aggregated,8.900000,0.000000,140,180,200,210,260,300,560,890,1900,2000,2000,6599,2,140,183.77063231411313,94.61562498472631,1972.919792169705,10348.845885740264
1787721920,69,,Aggregated,12.200000,0.000000,140,190,200,210,260,310,740,1100,1900,2000,2000,6641,2,140,189.76576479681665,94.61562498472631,1972.919792169705,10339.69085981027
1787721921,69,,Aggregated,12.900000,0.000000,140,190,200,210,260,320,770,1100,1900,2000,2000,6667,2,140,191.2310101335693,94.61562498472631,1972.919792169705,10348.074096295186
1787721922,69,,Aggregated,16.400000,0.000000,140,190,200,210,270,320,770,1100,1900,2000,2000,6689,2,140,191.58378598223305,94.61562498472631,1972.919792169705,10343.278666467335
1787721923,69,,Aggregated,19.300000,0.000000,140,190,200,210,270,330,760,1100,1900,2000,2000,6713,2,140,192.22641585034864,94.61562498472631,1972.919792169705,10340.457172650082
1787721924,69,,Aggregated,20.900000,0.000000,140,190,200,210,270,330,760,1100,1900,2000,2000,6743,2,140,192.78666406192977,94.61562498472631,1972.919792169705,10333.004152454398
1787721925,69,,Aggregated,22.100000,0.000000,140,190,200,220,270,340,760,1100,1900,2000,2000,6772,2,140,193.3538954675707,94.61562498472631,1972.919792169705,10328.826343768458
1787721926,69,,Aggregated,24.200000,0.000000,140,190,200,220,270,340,760,1100,1900,2000,2000,6791,2,140,193.36909200633286,94.61562498472631,1972.919792169705,10328.438668826388
1787721927,69,,Aggregated,25.900000,0.000000,140,190,200,220,270,350,760,1100,1900,2000,2000,6823,2,140,194.09076954515479,94.61562498472631,1972.919792169705,10326.926571889198
1787721928,69,,Aggregated,28.200000,0.000000,140,190,200,220,270,350,760,1100,1900,2000,2000,6849,2,140,194.3482877887529,94.61562498472631,1972.919792169705,10328.356402394511
1787721929,69,,Aggregated,27.800000,0.000000,140,190,200,220,270,350,760,1100,1900,2000,2000,6874,2,140,194.20143843025286,94.61562498472631,1972.919792169705,10326.264329356998
1787721930,69,,Aggregated,27.600000,0.000000,140,190,200,220,270,350,760,1100,1900,2000,2000,6895,2,140,194.10695958091722,94.61562498472631,1972.919792169705,10325.737781000726
1787721931,69,,Aggregated,27.900000,0.000000,140,190,200,220,270,350,750,1100,1900,2000,2000,6929,2,140,193.91514497840967,94.61562498472631,1972.919792169705,10323.049935055564
1787721932,69,,Aggregated,26.100000,0.000000,140,190,200,220,270,350,750,1100,1900,2000,2000,6954,2,140,193.78917042564024,94.61562498472631,1972.919792169705,10321.242881794651
1787721933,69,,Aggregated,25.500000,0.000000,140,190,200,220,270,340,750,1100,1900,2000,2000,6973,2,140,193.65866265952064,94.61562498472631,1972.919792169705,10317.721640613796
1787721934,69,,Aggregated,25.600000,0.000000,140,190,200,220,270,340,750,1100,1900,2000,2000,6994,2,140,193.52886145521,94.61562498472631,1972.919792169705,10313.394766943095
1787721935,69,,Aggregated,25.900000,0.000000,140,190,200,220,270,340,740,1100,1900,2000,2000,7025,2,140,193.4428057023175,94.61562498472631,1972.919792169705,10315.692241992883
1787721936,69,,Aggregated,25.300000,0.000000,140,190,200,220,270,340,740,1100,1900,2000,2000,7053,2,140,193.24927017696552,94.61562498472631,1972.919792169705,10310.42577626542
1787721937,69,,Aggregated,25.500000,0.000000,140,190,200,220,270,340,740,1100,1900,2000,2000,7079,2,140,193.303175032859,94.61562498472631,1972.919792169705,10304.732448085888
1787721938,69,,Aggregated,25.200000,0.000000,140,190,200,220,270,340,740,1000,1900,2000,2000,7103,2,140,193.4448612526945,94.61562498472631,1972.919792169705,10305.457130789808
1787721939,69,,Aggregated,26.000000,0.000000,140,190,200,220,270,340,740,1000,1900,2000,2000,7122,2,140,193.36216861775867,94.61562498472631,1972.919792169705,10303.648132547038
1787721940,69,,Aggregated,25.000000,0.000000,140,190,200,220,270,340,740,1000,1900,2000,2000,7152,2,140,193.33323167485418,94.61562498472631,1972.919792169705,10299.986577181207
1787721941,69,,Aggregated,24.900000,0.000000,140,190,200,220,270,340,740,1000,1900,2000,2000,7179,2,140,193.30245467450436,94.61562498472631,1972.919792169705,10300.718763058921
1787721942,69,,Aggregated,25.700000,0.000000,140,190,200,220,270,340,740,1000,1900,2000,2000,7201,2,140,193.25098149936142,94.61562498472631,1972.919792169705,10292.960838772393
1787721943,69,,Aggregated,25.100000,0.000000,140,190,200,220,270,340,740,1000,1900,2000,2000,7225,2,140,193.12364768526908,94.61562498472631,1972.919792169705,10290.598615916955
1787721944,69,,Aggregated,25.300000,0.000000,140,190,200,220,270,340,740,1000,1900,2000,2000,7253,2,140,193.2845105796253,94.61562498472631,1972.919792169705,10290.000965117883
1787721945,69,,Aggregated,24.800000,0.000000,140,190,200,220,270,340,740,1000,1900,2000,2000,7284,2,140,193.30061829367878,94.61562498472631,1972.919792169705,10288.617655134542
1787721946,69,,Aggregated,25.300000,0.000000,140,190,200,220,270,340,740,990,1900,2000,2000,7311,2,140,193.1680806758599,94.61562498472631,1972.919792169705,10286.773081657777
1787721947,69,,Aggregated,26.100000,0.000000,140,190,200,220,270,340,740,990,1900,2000,2000,7327,2,140,193.16258164828406,94.61562498472631,1972.919792169705,10289.347618397707
1787721948,69,,Aggregated,25.500000,0.000000,140,190,200,220,270,340,730,990,1900,2000,2000,7353,2,140,193.0573913288377,94.61562498472631,1972.919792169705,10288.150414796683
1787721949,69,,Aggregated,25.600000,0.000000,140,190,200,220,270,340,730,990,1900,2000,2000,7381,2,140,193.15857206919955,94.61562498472631,1972.919792169705,10281.347784853
1787721950,69,,Aggregated,24.700000,0.000000,140,190,210,220,270,340,720,980,1900,2000,2000,7414,2,140,193.15856776420944,94.61562498472631,1972.919792169705,10281.496358241166
1787721951,69,,Aggregated,25.200000,0.000000,140,190,210,220,270,340,720,980,1900,2000,2000,7434,2,140,193.11520163332384,94.61562498472631,1972.919792169705,10282.255986010223
1787721952,69,,Aggregated,25.500000,0.000000,140,190,210,220,270,340,720,980,1900,2000,2000,7460,2,140,193.12399580891196,94.61562498472631,1972.919792169705,10284.229490616623
1787721953,69,,Aggregated,25.800000,0.000000,140,190,210,220,270,340,720,980,1900,2000,2000,7486,2,140,193.08512162492067,94.61562498472631,1972.919792169705,10282.706518835159
1787721954,69,,Aggregated,25.000000,0.000000,140,190,210,220,270,340,720,980,1900,2000,2000,7514,2,140,193.02953077422066,94.61562498472631,1972.919792169705,10280.40244876231
1787721955,69,,Aggregated,25.600000,0.000000,140,190,210,220,270,340,720,980,1900,2000,2000,7540,2,140,192.89328098888151,94.61562498472631,1972.919792169705,10276.940053050397
1787721956,69,,Aggregated,25.900000,0.000000,140,190,210,220,270,340,710,980,1900,2000,2000,7563,2,140,192.8859436497241,94.61562498472631,1972.919792169705,10277.985455507074
1787721957,69,,Aggregated,25.100000,0.000000,140,190,210,220,270,340,710,980,1900,2000,2000,7583,2,140,192.8107781814023,94.61562498472631,1972.919792169705,10276.14914941316
1787721958,69,,Aggregated,25.800000,0.000000,140,190,210,220,270,340,710,970,1900,2000,2000,7614,2,140,192.67383202943938,94.61562498472631,1972.919792169705,10276.38731284476
1787721959,69,,Aggregated,25.100000,0.000000,140,190,210,220,270,340,710,970,1900,2000,2000,7630,2,140,192.60622903956087,94.61562498472631,1972.919792169705,10276.67116644823
1787721960,69,,Aggregated,25.400000,0.000000,140,190,210,220,270,340,710,970,1900,2000,2000,7655,2,140,192.47652072593897,94.61562498472631,1972.919792169705,10275.547093403005
1787721961,69,,Aggregated,25.800000,0.000000,140,190,210,220,270,340,710,970,1900,2000,2000,7683,2,140,192.34446537150956,94.61562498472631,1972.919792169705,10278.37641546271
1787721962,69,,Aggregated,24.400000,0.000000,140,190,210,220,270,340,710,970,1900,2000,2000,7708,2,140,192.23610480328307,94.61562498472631,1972.919792169705,10276.744810586404
1787721963,69,,Aggregated,24.200000,0.000000,140,190,200,220,270,340,710,970,1900,2000,2000,7731,2,140,192.12183297079073,94.61562498472631,1972.919792169705,10276.859655930668
1787721964,69,,Aggregated,25.300000,0.000000,140,190,200,220,270,340,710,970,1900,2000,2000,7755,2,140,192.08423132806425,94.61562498472631,1972.919792169705,10273.595099935525
1787721965,69,,Aggregated,24.900000,0.000000,140,190,210,220,270,340,710,970,1900,2000,2000,7780,2,140,192.03720249428358,94.61562498472631,1972.919792169705,10272.19473007712
1787721966,69,,Aggregated,24.200000,0.000000,140,190,210,220,270,340,700,950,1900,2000,2000,7804,2,140,191.95552677426178,94.61562498472631,1972.919792169705,10266.984366991286
1787721967,69,,Aggregated,23.800000,0.000000,140,190,210,220,270,330,700,950,1900,2000,2000,7831,2,140,191.864971085753,94.61562498472631,1972.919792169705,10264.727237900652
1787721968,69,,Aggregated,23.900000,0.000000,140,190,210,220,270,330,690,950,1900,2000,2000,7864,2,140,191.84238574912771,94.61562498472631,1972.919792169705,10262.443794506613
1787721969,69,,Aggregated,24.300000,0.000000,140,190,210,220,270,330,690,950,1900,2000,2000,7896,2,140,191.8445031386326,94.61562498472631,1972.919792169705,10268.84295845998
1787721970,69,,Aggregated,25.000000,0.000000,140,190,210,220,270,330,670,950,1900,2000,2000,7921,2,140,191.72035445231205,94.61562498472631,1972.919792169705,10267.101754828936
1787721971,69,,Aggregated,25.500000,0.000000,140,190,210,220,270,330,670,950,1900,2000,2000,7942,2,140,191.64201123676293,94.61562498472631,1972.919792169705,10264.38630067993
1787721972,69,,Aggregated,26.300000,0.000000,140,190,210,220,270,330,670,950,1900,2000,2000,7969,2,140,191.57836532097767,94.61562498472631,1972.919792169705,10262.073534947924
1787721973,69,,Aggregated,26.100000,0.000000,140,190,210,220,270,330,670,940,1900,2000,2000,8003,2,140,191.7027031256166,94.61562498472631,1972.919792169705,10263.114706984881
1787721974,69,,Aggregated,25.800000,0.000000,150,190,210,220,270,340,670,940,1900,2000,2000,8027,2,150,191.81186780915377,94.61562498472631,1972.919792169705,10264.572567584402
1787721975,69,,Aggregated,26.300000,0.000000,150,190,210,220,270,340,670,940,1900,2000,2000,8051,2,150,191.78956485070694,94.61562498472631,1972.919792169705,10269.635573220718
1787721976,49,,Aggregated,27.300000,0.000000,150,190,210,220,270,330,670,940,1900,2000,2000,8073,2,150,191.73491129770028,94.61562498472631,1972.919792169705,10268.156819026384
1787721977,29,,Aggregated,27.100000,0.000000,150,190,210,220,270,330,670,940,1900,2000,2000,8086,2,150,191.67003833155871,94.61562498472631,1972.919792169705,10265.8068266139
1787721978,21,,Aggregated,26.900000,0.000000,150,190,210,220,270,330,670,940,1900,2000,2000,8093,2,150,191.63553017395506,94.61562498472631,1972.919792169705,10265.034474236994
1787721979,21,,Aggregated,26.500000,0.000000,150,190,210,220,270,330,670,940,1900,2000,2000,8097,2,150,191.61212992341655,94.61562498472631,1972.919792169705,10265.187353340743
1787721980,21,,Aggregated,24.600000,0.000000,150,190,210,220,270,330,670,940,1900,2000,2000,8104,2,150,191.60064984254217,94.61562498472631,1972.919792169705,10266.371668311946
1787721981,21,,Aggregated,22.000000,0.000000,150,190,210,220,270,330,670,940,1900,2000,2000,8112,2,150,191.54376976379822,94.61562498472631,1972.919792169705,10265.2458086785
1787721982,21,,Aggregated,19.400000,0.000000,150,190,210,220,270,330,670,940,1900,2000,2000,8122,2,150,191.47480401880483,94.61562498472631,1972.919792169705,10263.224452105393
1787721983,21,,Aggregated,18.000000,0.000000,150,190,210,220,270,330,670,940,1900,2000,2000,8129,2,150,191.42082308597546,94.61562498472631,1972.919792169705,10261.545946610899
1787721984,21,,Aggregated,16.100000,0.000000,150,190,210,220,270,330,670,940,1900,2000,2000,8135,2,150,191.43801494970913,94.61562498472631,1972.919792169705,10262.148248309773
1787721985,21,,Aggregated,14.400000,0.000000,150,190,210,220,270,330,670,940,1900,2000,2000,8145,2,150,191.4034171721128,94.61562498472631,1972.919792169705,10262.699324739104
1787721986,21,,Aggregated,11.900000,0.000000,150,190,210,220,270,330,670,940,1900,2000,2000,8154,2,150,191.39384643433638,94.61562498472631,1972.919792169705,10262.59835663478
1787721987,21,,Aggregated,10.700000,0.000000,150,190,210,220,270,330,670,940,1900,2000,2000,8168,2,150,191.36883638315513,94.61562498472631,1972.919792169705,10264.146914789422
1787721988,21,,Aggregated,9.200000,0.000000,150,190,210,220,270,330,670,940,1900,2000,2000,8173,2,150,191.34167912052655,94.61562498472631,1972.919792169705,10264.693502997676
1787721989,21,,Aggregated,7.800000,0.000000,150,190,210,220,270,330,670,940,1900,2000,2000,8180,2,150,191.36666647234844,94.61562498472631,1972.919792169705,10264.387041564793
1787721990,21,,Aggregated,8.000000,0.000000,150,190,210,220,270,330,670,940,1900,2000,2000,8194,2,150,191.35296365676035,94.61562498472631,1972.919792169705,10266.55028069319
1787721991,21,,Aggregated,7.900000,0.000000,150,190,210,220,270,330,670,920,1900,2000,2000,8205,2,150,191.33543256604403,94.61562498472631,1972.919792169705,10267.866666666667
1787721992,21,,Aggregated,8.500000,0.000000,150,190,210,220,270,330,670,920,1900,2000,2000,8209,2,150,191.32558238365954,94.61562498472631,1972.919792169705,10267.837982701913
1787721993,21,,Aggregated,8.900000,0.000000,150,190,210,220,270,330,670,920,1900,2000,2000,8218,2,150,191.31445927080446,94.61562498472631,1972.919792169705,10269.077512776832
1787721994,21,,Aggregated,9.400000,0.000000,150,190,210,220,270,330,670,920,1900,2000,2000,8231,2,150,191.28438948225147,94.61562498472631,1972.919792169705,10266.420483537844
1787721995,21,,Aggregated,8.700000,0.000000,150,190,210,220,270,330,670,920,1900,2000,2000,8242,2,150,191.24915818817703,94.61562498472631,1972.919792169705,10268.756005823829
1787721996,21,,Aggregated,9.000000,0.000000,150,190,210,220,270,330,670,920,1900,2000,2000,8246,2,150,191.2265332226691,94.61562498472631,1972.919792169705,10267.401891826341
1787721997,21,,Aggregated,9.400000,0.000000,150,190,210,220,270,330,670,920,1900,2000,2000,8253,2,150,191.18895085083201,94.61562498472631,1972.919792169705,10266.355022416092
1787721998,21,,Aggregated,9.500000,0.000000,150,190,210,220,270,330,670,920,1900,2000,2000,8262,2,150,191.12747855619415,94.61562498472631,1972.919792169705,10266.03957879448
1787721999,21,,Aggregated,9.100000,0.000000,150,190,210,220,270,330,670,920,1900,2000,2000,8270,2,150,191.09274632203986,94.61562498472631,1972.919792169705,10264.613784764208
1787722000,21,,Aggregated,8.600000,0.000000,150,190,210,220,270,330,670,920,1900,2000,2000,8278,2,150,191.05571030637876,94.61562498472631,1972.919792169705,10263.704880405896
1787722001,21,,Aggregated,8.900000,0.000000,150,190,210,220,270,330,670,920,1900,2000,2000,8285,2,150,191.03856088827416,94.61562498472631,1972.919792169705,10262.89957754979
1787722003,21,,Aggregated,8.900000,0.000000,150,190,210,220,270,330,670,920,1900,2000,2000,8294,2,150,190.99199829687333,94.61562498472631,1972.919792169705,10262.719918013021
1787722004,21,,Aggregated,8.400000,0.000000,150,190,210,220,270,330,660,920,1900,2000,2000,8308,2,150,190.9932194168179,94.61562498472631,1972.919792169705,10262.529610014444
1787722005,21,,Aggregated,7.900000,0.000000,150,190,210,220,270,330,660,920,1900,2000,2000,8316,2,150,190.94590892504135,94.61562498472631,1972.919792169705,10261.065536315537
1787722006,21,,Aggregated,8.500000,0.000000,150,190,210,220,270,330,660,920,1900,2000,2000,8325,2,150,190.92595942891776,94.61562498472631,1972.919792169705,10262.306306306305
1787722007,21,,Aggregated,8.900000,0.000000,150,190,210,220,270,330,660,920,1900,2000,2000,8336,2,150,190.8925039632936,94.61562498472631,1972.919792169705,10262.0830134357
1787722008,21,,Aggregated,8.400000,0.000000,150,190,210,220,270,330,660,920,1900,2000,2000,8346,2,150,190.87872914606697,94.61562498472631,1972.919792169705,10262.621615144979
1787722009,21,,Aggregated,8.300000,0.000000,150,190,210,220,270,330,650,920,1900,2000,2000,8353,2,150,190.8179761507518,94.61562498472631,1972.919792169705,10260.361786184605
1787722010,21,,Aggregated,9.000000,0.000000,150,190,210,220,270,330,650,920,1900,2000,2000,8362,2,150,190.80534420057256,94.61562498472631,1972.919792169705,10261.864386510404
1787722011,21,,Aggregated,9.100000,0.000000,150,190,210,220,270,330,650,920,1900,2000,2000,8371,2,150,190.7705977827105,94.61562498472631,1972.919792169705,10261.544140485008
1787722012,21,,Aggregated,9.100000,0.000000,150,190,210,220,270,330,650,920,1900,2000,2000,8380,2,150,190.73288024009733,94.61562498472631,1972.919792169705,10262.084128878281
1787722013,21,,Aggregated,9.200000,0.000000,150,190,210,220,270,330,650,920,1900,2000,2000,8387,2,150,190.7171752309724,94.61562498472631,1972.919792169705,10260.725408370097
1787722014,21,,Aggregated,9.500000,0.000000,140,190,210,220,270,330,650,920,1900,2000,2000,8398,2,140,190.65438833094447,94.61562498472631,1972.919792169705,10260.024767801857
1787722015,21,,Aggregated,9.500000,0.000000,140,190,210,220,270,330,650,910,1900,2000,2000,8401,2,140,190.66495575361532,94.61562498472631,1972.919792169705,10260.336983692418
1787722016,21,,Aggregated,9.100000,0.000000,140,190,210,220,270,330,650,910,1900,2000,2000,8412,2,140,190.62293010434007,94.61562498472631,1972.919792169705,10261.138849262958
1787722017,21,,Aggregated,8.800000,0.000000,140,190,210,220,270,330,650,910,1900,2000,2000,8417,2,140,190.60232442711512,94.61562498472631,1972.919792169705,10259.815730070097
1787722018,21,,Aggregated,8.500000,0.000000,140,190,210,220,270,330,650,910,1900,2000,2000,8423,2,140,190.57326606163787,94.61562498472631,1972.919792169705,10259.21785587083
1787722019,21,,Aggregated,8.100000,0.000000,140,190,210,220,270,330,650,910,1900,2000,2000,8432,2,140,190.52148601001034,94.61562498472631,1972.919792169705,10257.900853889943
1787722020,21,,Aggregated,7.700000,0.000000,140,190,210,220,270,330,650,910,1900,2000,2000,8442,2,140,190.4735156204538,94.61562498472631,1972.919792169705,10258.838071547027
1787722021,21,,Aggregated,7.800000,0.000000,140,190,210,220,270,330,650,910,1900,2000,2000,8452,2,140,190.42077177905327,94.61562498472631,1972.919792169705,10259.0383341221
1787722022,21,,Aggregated,7.800000,0.000000,140,190,200,220,270,330,650,910,1900,2000,2000,8457,2,140,190.39920088287192,94.61562498472631,1972.919792169705,10257.40983800402
1787722023,21,,Aggregated,8.000000,0.000000,140,190,200,220,270,330,650,910,1900,2000,2000,8464,2,140,190.37976031749957,94.61562498472631,1972.919792169705,10257.888232514179
1787722024,21,,Aggregated,7.700000,0.000000,140,190,200,220,270,330,650,910,1900,2000,2000,8471,2,140,190.3654224552461,94.61562498472631,1972.919792169705,10258.139416833905
1787722025,21,,Aggregated,7.600000,0.000000,140,190,200,220,270,330,650,910,1900,2000,2000,8480,2,140,190.33613373552348,94.61562498472631,1972.919792169705,10257.991863207548
1787722026,21,,Aggregated,7.300000,0.000000,140,190,200,220,270,330,650,910,1900,2000,2000,8489,2,140,190.2774542684541,94.61562498472631,1972.919792169705,10256.268582871951
1787722027,21,,Aggregated,7.800000,0.000000,140,190,200,220,270,330,650,910,1900,2000,2000,8497,2,140,190.23047606442117,94.61562498472631,1972.919792169705,10254.899611627634
1787722028,21,,Aggregated,7.300000,0.000000,140,190,200,220,270,330,650,910,1900,2000,2000,8503,2,140,190.2174132162902,94.61562498472631,1972.919792169705,10254.708691050218
1787722029,21,,Aggregated,7.900000,0.000000,140,190,200,220,270,330,650,910,1900,2000,2000,8515,2,140,190.15728868604256,94.61562498472631,1972.919792169705,10254.843452730476
1787722030,21,,Aggregated,7.600000,0.000000,140,190,200,220,270,330,650,910,1900,2000,2000,8525,2,140,190.1408661138321,94.61562498472631,1972.919792169705,10254.362228739003
1787722031,21,,Aggregated,8.200000,0.000000,140,190,200,220,270,330,650,910,1900,2000,2000,8533,2,140,190.12222419295676,94.61562498472631,1972.919792169705,10254.838274932614
1787722032,21,,Aggregated,8.200000,0.000000,140,190,200,220,270,330,650,910,1900,2000,2000,8542,2,140,190.11228030094594,94.61562498472631,1972.919792169705,10255.238702879888
1787722033,21,,Aggregated,7.900000,0.000000,140,190,200,220,270,330,650,910,1900,2000,2000,8555,2,140,190.09487246253545,94.61562498472631,1972.919792169705,10255.045821157219
1787722034,21,,Aggregated,8.400000,0.000000,140,190,200,220,270,330,650,910,1900,2000,2000,8563,2,140,190.1049095769183,94.61562498472631,1972.919792169705,10254.000350344506
1787722035,21,,Aggregated,9.200000,0.000000,140,190,200,220,270,330,650,910,1900,2000,2000,8570,2,140,190.12152388167016,94.61562498472631,1972.919792169705,10255.531388564761
1787722036,21,,Aggregated,9.000000,0.000000,140,190,200,220,270,330,650,910,1900,2000,2000,8573,2,140,190.0952309819244,94.61562498472631,1972.919792169705,10254.654729966172
1787722037,15,,Aggregated,8.900000,0.000000,140,190,200,220,270,330,650,910,1900,2000,2000,8584,2,140,190.0984429024307,94.61562498472631,1972.919792169705,10256.39433830382
1787722038,15,,Aggregated,8.600000,0.000000,140,190,200,220,270,330,650,910,1900,2000,2000,8592,2,140,190.06220939518988,94.61562498472631,1972.919792169705,10257.081354748603
1787722039,15,,Aggregated,8.400000,0.000000,140,190,200,220,270,330,650,910,1900,2000,2000,8595,2,140,190.0463957871555,94.61562498472631,1972.919792169705,10256.505293775452
1787722040,15,,Aggregated,9.200000,0.000000,140,190,200,220,270,330,650,910,1900,2000,2000,8598,2,140,190.01981694851708,94.61562498472631,1972.919792169705,10255.63561293324
1787722041,15,,Aggregated,9.200000,0.000000,140,190,200,220,270,330,640,900,1900,2000,2000,8604,2,140,190.00968633744904,94.61562498472631,1972.919792169705,10257.805788005579
1787722042,15,,Aggregated,7.300000,0.000000,140,190,200,220,270,330,640,900,1900,2000,2000,8610,2,140,189.97103182777965,94.61562498472631,1972.919792169705,10257.348432055749
1787722043,15,,Aggregated,7.500000,0.000000,140,190,200,220,270,330,640,900,1900,2000,2000,8615,2,140,189.97160849265228,94.61562498472631,1972.919792169705,10257.966802089379
1787722044,15,,Aggregated,6.600000,0.000000,140,190,200,220,270,330,640,900,1900,2000,2000,8619,2,140,189.9571967791128,94.61562498472631,1972.919792169705,10259.097923192945
1787722045,15,,Aggregated,6.000000,0.000000,140,190,200,220,270,330,640,900,1900,2000,2000,8629,2,140,189.94471978172007,94.61562498472631,1972.919792169705,10259.640050990845
1787722046,15,,Aggregated,5.900000,0.000000,140,190,200,220,270,330,640,900,1900,2000,2000,8636,2,140,189.90769096368285,94.61562498472631,1972.919792169705,10260.061486799445
1787722047,15,,Aggregated,5.900000,0.000000,140,190,200,220,270,330,640,900,1900,2000,2000,8638,2,140,189.9043774016311,94.61562498472631,1972.919792169705,10260.798217179903
1787722048,15,,Aggregated,6.300000,0.000000,140,190,200,220,270,330,640,900,1900,2000,2000,8645,2,140,189.90452417046987,94.61562498472631,1972.919792169705,10261.397802197802
1787722049,15,,Aggregated,5.800000,0.000000,140,190,200,220,270,330,640,900,1900,2000,2000,8648,2,140,189.8942621842694,94.61562498472631,1972.919792169705,10261.802150786309
1787722050,15,,Aggregated,5.000000,0.000000,140,190,200,220,270,330,630,900,1900,2000,2000,8654,2,140,189.86475938309724,94.61562498472631,1972.919792169705,10262.95100531546
1787722051,15,,Aggregated,5.200000,0.000000,140,190,200,220,270,330,630,900,1900,2000,2000,8660,2,140,189.81465434378086,94.61562498472631,1972.919792169705,10261.516743648961
1787722052,15,,Aggregated,5.600000,0.000000,140,190,200,220,270,330,630,900,1900,2000,2000,8666,2,140,189.7909547214218,94.61562498472631,1972.919792169705,10262.077775213478
1787722053,15,,Aggregated,5.300000,0.000000,140,190,200,220,270,330,630,900,1900,2000,2000,8670,2,140,189.78532451828522,94.61562498472631,1972.919792169705,10264.683737024221
1787722054,15,,Aggregated,5.500000,0.000000,140,190,200,220,270,330,630,900,1900,2000,2000,8675,2,140,189.78579144927562,94.61562498472631,1972.919792169705,10265.679538904898
1787722055,15,,Aggregated,5.500000,0.000000,140,190,200,220,270,330,630,900,1900,2000,2000,8677,2,140,189.78357063092795,94.61562498472631,1972.919792169705,10265.393799700358
1787722056,15,,Aggregated,5.200000,0.000000,140,190,200,220,270,330,630,900,1900,2000,2000,8685,2,140,189.75366759143458,94.61562498472631,1972.919792169705,10267.662176165803
1787722057,15,,Aggregated,5.100000,0.000000,140,190,200,220,270,330,630,900,1900,2000,2000,8695,2,140,189.7215521508531,94.61562498472631,1972.919792169705,10269.424726854513
1787722058,15,,Aggregated,4.600000,0.000000,140,190,200,220,270,330,630,900,1900,2000,2000,8701,2,140,189.69855386758567,94.61562498472631,1972.919792169705,10270.009309274796
1787722059,15,,Aggregated,5.000000,0.000000,140,190,200,220,270,330,630,900,1900,2000,2000,8707,2,140,189.65531306162555,94.61562498472631,1972.919792169705,10268.27908579304
1787722060,15,,Aggregated,5.900000,0.000000,140,190,200,220,270,330,630,900,1900,2000,2000,8715,2,140,189.60430571270814,94.61562498472631,1972.919792169705,10266.292828456684
1787722061,15,,Aggregated,5.900000,0.000000,140,190,200,220,270,330,630,900,1900,2000,2000,8716,2,140,189.59572767455666,94.61562498472631,1972.919792169705,10266.00068838917
1787722062,15,,Aggregated,5.700000,0.000000,140,190,200,220,270,330,630,900,1900,2000,2000,8719,2,140,189.57723123286326,94.61562498472631,1972.919792169705,10265.131781167565
1787722063,15,,Aggregated,5.800000,0.000000,140,190,200,220,270,330,630,900,1900,2000,2000,8724,2,140,189.5461477146203,94.61562498472631,1972.919792169705,10264.834021091243
1787722064,15,,Aggregated,5.600000,0.000000,140,190,200,220,270,330,630,900,1900,2000,2000,8732,2,140,189.60253881754298,94.61562498472631,1972.919792169705,10266.40242785158
1787722065,15,,Aggregated,5.300000,0.000000,140,190,200,220,270,330,630,900,1900,2000,2000,8738,2,140,189.57059692775178,94.61562498472631,1972.919792169705,10266.094644083314
1787722066,15,,Aggregated,5.800000,0.000000,140,190,200,220,270,330,630,900,1900,2000,2000,8743,2,140,189.55960759051428,94.61562498472631,1972.919792169705,10267.541118609173
1787722067,15,,Aggregated,5.900000,0.000000,140,190,200,220,270,330,610,900,1900,2000,2000,8751,2,140,189.53647085072464,94.61562498472631,1972.919792169705,10267.564506913495
1787722068,15,,Aggregated,6.000000,0.000000,140,190,200,220,270,330,610,900,1900,2000,2000,8756,2,140,189.52332666624966,94.61562498472631,1972.919792169705,10267.290429419827
1787722069,15,,Aggregated,5.700000,0.000000,140,190,200,220,270,330,610,900,1900,2000,2000,8760,2,140,189.5257418615888,94.61562498472631,1972.919792169705,10269.345091324201
1787722070,15,,Aggregated,5.700000,0.000000,140,190,200,220,270,330,610,900,1900,2000,2000,8763,2,140,189.51595741544443,94.61562498472631,1972.919792169705,10269.746091521169
1787722071,15,,Aggregated,5.300000,0.000000,140,190,200,220,270,330,610,900,1900,2000,2000,8767,2,140,189.4898147786624,94.61562498472631,1972.919792169705,10269.549674917303
1787722072,15,,Aggregated,5.400000,0.000000,140,190,200,220,270,330,610,900,1900,2000,2000,8772,2,140,189.46792547303522,94.61562498472631,1972.919792169705,10269.529525763794
1787722073,15,,Aggregated,4.800000,0.000000,140,190,200,220,270,330,610,900,1900,2000,2000,8780,2,140,189.44010710410544,94.61562498472631,1972.919792169705,10268.373804100227
1787722074,15,,Aggregated,5.100000,0.000000,140,190,200,220,270,330,610,900,1900,2000,2000,8783,2,140,189.44390778096107,94.61562498472631,1972.919792169705,10269.136855288625
1787722075,15,,Aggregated,5.300000,0.000000,140,190,200,220,270,330,610,900,1900,2000,2000,8788,2,140,189.4442551488955,94.61562498472631,1972.919792169705,10270.70254893036
1787722076,15,,Aggregated,5.300000,0.000000,140,190,200,220,270,330,610,900,1900,2000,2000,8796,2,140,189.40830408226404,94.61562498472631,1972.919792169705,10269.56684856753
1787722077,15,,Aggregated,4.900000,0.000000,140,190,200,220,270,330,610,900,1900,2000,2000,8802,2,140,189.3981147796729,94.61562498472631,1972.919792169705,10270.529879572825
1787722078,15,,Aggregated,5.100000,0.000000,140,190,200,220,270,330,610,900,1900,2000,2000,8812,2,140,189.42489530838864,94.61562498472631,1972.919792169705,10274.66874716296
1787722079,15,,Aggregated,5.200000,0.000000,140,190,200,220,270,330,610,900,1900,2000,2000,8814,2,140,189.42884175261787,94.61562498472631,1972.919792169705,10274.396982073973
1787722080,15,,Aggregated,5.300000,0.000000,140,190,200,220,270,330,610,900,1900,2000,2000,8822,2,140,189.38320156026776,94.61562498472631,1972.919792169705,10273.280888687372
1787722081,15,,Aggregated,5.300000,0.000000,140,190,200,220,270,330,610,900,1900,2000,2000,8827,2,140,189.36167272739218,94.61562498472631,1972.919792169705,10273.111589441487
1787722082,15,,Aggregated,5.500000,0.000000,140,190,200,220,270,330,610,900,1900,2000,2000,8832,2,140,189.33081654271834,94.61562498472631,1972.919792169705,10271.984601449276
1787722083,15,,Aggregated,6.400000,0.000000,140,190,200,220,270,330,610,900,1900,2000,2000,8836,2,140,189.32111959561036,94.61562498472631,1972.919792169705,10271.965029425079
1787722084,15,,Aggregated,6.000000,0.000000,140,190,200,220,270,330,610,900,1900,2000,2000,8841,2,140,189.31615598697394,94.61562498472631,1972.919792169705,10271.675376088679
1787722085,15,,Aggregated,5.900000,0.000000,140,190,200,220,270,330,610,900,1900,2000,2000,8849,2,140,189.3037891803493,94.61562498472631,1972.919792169705,10272.138320714204
1787722086,15,,Aggregated,5.600000,0.000000,140,190,200,220,270,330,610,900,1900,2000,2000,8853,2,140,189.29437959795413,94.61562498472631,1972.919792169705,10273.086863210212
1787722087,15,,Aggregated,6.000000,0.000000,140,190,200,220,270,330,610,900,1900,2000,2000,8858,2,140,189.279508349099,94.61562498472631,1972.919792169705,10272.467487017386
1787722088,15,,Aggregated,5.800000,0.000000,140,190,200,220,270,330,610,900,1900,2000,2000,8860,2,140,189.28462934993527,94.61562498472631,1972.919792169705,10273.911625282168
1787722089,15,,Aggregated,5.800000,0.000000,140,190,200,220,270,330,610,900,1900,2000,2000,8866,2,140,189.25492122529118,94.61562498472631,1972.919792169705,10273.531806902774
1787722090,15,,Aggregated,5.300000,0.000000,140,190,200,220,270,330,610,900,1900,2000,2000,8875,2,140,189.25072938961986,94.61562498472631,1972.919792169705,10273.86614084507
1787722091,15,,Aggregated,4.900000,0.000000,140,190,200,220,270,330,610,900,1900,2000,2000,8880,2,140,189.23553614402587,94.61562498472631,1972.919792169705,10274.57849099099
1787722092,15,,Aggregated,5.200000,0.000000,140,190,200,220,270,330,610,900,1900,2000,2000,8886,2,140,189.21262360295947,94.61562498472631,1972.919792169705,10275.119851451722
1787722093,15,,Aggregated,4.900000,0.000000,140,190,200,220,270,330,610,900,1900,2000,2000,8894,2,140,189.21329366256407,94.61562498472631,1972.919792169705,10277.256802338656
1787722094,15,,Aggregated,5.100000,0.000000,140,190,200,220,270,330,610,900,1900,2000,2000,8896,2,140,189.21869295681057,94.61562498472631,1972.919792169705,10276.851281474821
1787722095,15,,Aggregated,5.300000,0.000000,140,190,200,220,270,330,600,900,1900,2000,2000,8903,2,140,189.17705754639744,94.61562498472631,1972.919792169705,10277.125800292037
1787722096,13,,Aggregated,5.800000,0.000000,140,190,200,220,270,330,600,900,1900,2000,2000,8911,2,140,189.1469570755908,94.61562498472631,1972.919792169705,10277.726181124453
1787722097,13,,Aggregated,5.500000,0.000000,140,190,200,220,270,330,600,900,1900,2000,2000,8913,2,140,189.13131586365753,94.61562498472631,1972.919792169705,10277.156400762931
1787722098,13,,Aggregated,5.700000,0.000000,140,190,200,220,270,330,600,900,1900,2000,2000,8921,2,140,189.08499348422697,94.61562498472631,1972.919792169705,10275.717296267234
1787722099,13,,Aggregated,5.700000,0.000000,140,190,200,220,270,330,600,900,1900,2000,2000,8929,2,140,189.06668308283832,94.61562498472631,1972.919792169705,10277.278642625153
1787722100,13,,Aggregated,5.700000,0.000000,140,190,200,220,270,330,600,900,1900,2000,2000,8933,2,140,189.0386075876788,94.61562498472631,1972.919792169705,10276.027426396508
1787722101,13,,Aggregated,6.100000,0.000000,140,190,200,220,270,330,600,900,1900,2000,2000,8939,2,140,189.0465878731069,94.61562498472631,1972.919792169705,10279.975165007272
1787722102,13,,Aggregated,6.000000,0.000000,140,190,200,220,270,330,600,900,1900,2000,2000,8947,2,140,189.0575248918829,94.61562498472631,1972.919792169705,10282.026489326032
1787722103,13,,Aggregated,5.800000,0.000000,140,190,200,220,270,330,600,900,1900,2000,2000,8955,2,140,189.0021084357232,94.61562498472631,1972.919792169705,10280.740145170295
1787722104,13,,Aggregated,6.200000,0.000000,140,190,200,220,270,330,600,900,1900,2000,2000,8960,2,140,189.0334266368622,94.61562498472631,1972.919792169705,10282.726897321429
1787722105,13,,Aggregated,6.100000,0.000000,140,190,200,220,270,320,600,900,1900,2000,2000,8963,2,140,189.02237455371085,94.61562498472631,1972.919792169705,10283.136896128528
1787722106,13,,Aggregated,6.100000,0.000000,140,190,200,220,270,320,600,900,1900,2000,2000,8967,2,140,189.01504221948943,94.61562498472631,1972.919792169705,10283.267648042824
1787722107,13,,Aggregated,6.200000,0.000000,140,190,200,220,270,320,600,900,1900,2000,2000,8972,2,140,188.99623281677947,94.61562498472631,1972.919792169705,10282.955751226036
1787722108,13,,Aggregated,5.800000,0.000000,140,190,200,220,270,320,600,900,1900,2000,2000,8981,2,140,188.96275658323566,94.61562498472631,1972.919792169705,10281.78911034406
1787722109,13,,Aggregated,5.500000,0.000000,140,190,200,220,270,320,600,900,1900,2000,2000,8983,2,140,188.94775441565122,94.61562498472631,1972.919792169705,10281.228097517533
1787722110,13,,Aggregated,5.900000,0.000000,140,190,200,220,270,320,600,900,1900,2000,2000,8986,2,140,188.93377472355922,94.61562498472631,1972.919792169705,10280.27131092811
1787722111,13,,Aggregated,5.900000,0.000000,140,190,200,220,270,320,600,900,1900,2000,2000,8992,2,140,188.8902261963005,94.61562498472631,1972.919792169705,10278.569951067615
1787722112,13,,Aggregated,5.300000,0.000000,140,190,200,220,270,320,600,900,1900,2000,2000,8996,2,140,188.88557284227508,94.61562498472631,1972.919792169705,10279.960760337928
1787722113,13,,Aggregated,5.200000,0.000000,140,190,200,220,270,320,600,900,1900,2000,2000,9000,2,140,188.88485407379144,94.61562498472631,1972.919792169705,10279.765666666666
1787722114,13,,Aggregated,5.100000,0.000000,140,190,200,220,270,320,600,900,1900,2000,2000,9005,2,140,188.90015919835537,94.61562498472631,1972.919792169705,10280.292726263187
1787722115,13,,Aggregated,4.900000,0.000000,140,190,200,220,270,320,600,900,1900,2000,2000,9013,2,140,188.8731565514463,94.61562498472631,1972.919792169705,10281.526461777432
1787722116,13,,Aggregated,4.400000,0.000000,140,190,200,220,270,320,600,900,1900,2000,2000,9017,2,140,188.85544829655782,94.61562498472631,1972.919792169705,10280.563823888211
1787722117,13,,Aggregated,4.400000,0.000000,140,190,200,220,270,320,600,900,1900,2000,2000,9022,2,140,188.84599555690608,94.61562498472631,1972.919792169705,10281.01163821769
1787722119,13,,Aggregated,5.000000,0.000000,140,190,200,220,270,320,600,900,1900,2000,2000,9028,2,140,188.83037696116224,94.61562498472631,1972.919792169705,10280.703035002216
1787722120,13,,Aggregated,5.000000,0.000000,140,190,200,220,270,320,600,900,1900,2000,2000,9030,2,140,188.83013225331746,94.61562498472631,1972.919792169705,10281.82569213732
1787722121,13,,Aggregated,4.800000,0.000000,140,190,200,220,270,320,600,900,1900,2000,2000,9037,2,140,188.79978936094463,94.61562498472631,1972.919792169705,10281.643797720482
1787722122,13,,Aggregated,4.700000,0.000000,140,190,200,220,270,320,600,900,1900,2000,2000,9040,2,140,188.77570062640856,94.61562498472631,1972.919792169705,10280.801880530973
1787722123,13,,Aggregated,5.100000,0.000000,140,190,200,220,270,320,600,900,1900,2000,2000,9050,2,140,188.81334274837448,94.61562498472631,1972.919792169705,10282.759889502762
1787722124,13,,Aggregated,5.100000,0.000000,140,190,200,220,270,320,590,900,1900,2000,2000,9054,2,140,188.83276659453125,94.61562498472631,1972.919792169705,10284.65208747515
1787722125,13,,Aggregated,4.700000,0.000000,140,190,200,220,270,320,590,900,1900,2000,2000,9060,2,140,188.81551323565972,94.61562498472631,1972.919792169705,10285.162582781457
1787722126,13,,Aggregated,5.300000,0.000000,140,190,200,220,270,320,590,900,1900,2000,2000,9067,2,140,188.8026570298796,94.61562498472631,1972.919792169705,10285.754714900188
1787722127,13,,Aggregated,5.400000,0.000000,140,190,200,220,270,320,590,900,1900,2000,2000,9074,2,140,188.76872482721492,94.61562498472631,1972.919792169705,10284.727573286313
1787722128,13,,Aggregated,5.500000,0.000000,140,190,200,220,270,320,590,900,1900,2000,2000,9077,2,140,188.7495059672781,94.61562498472631,1972.919792169705,10283.878373912086
1787722129,13,,Aggregated,5.300000,0.000000,140,190,200,220,270,320,590,900,1900,2000,2000,9083,2,140,188.7150731584303,94.61562498472631,1972.919792169705,10283.133876472531
1787722130,13,,Aggregated,5.700000,0.000000,140,190,200,220,270,320,590,900,1900,2000,2000,9087,2,140,188.7162329196404,94.61562498472631,1972.919792169705,10283.241113678881
1787722131,13,,Aggregated,5.500000,0.000000,140,190,200,220,270,320,590,900,1900,2000,2000,9091,2,140,188.69441848153176,94.61562498472631,1972.919792169705,10282.284127158728
1787722132,13,,Aggregated,5.700000,0.000000,140,190,200,220,270,320,590,900,1900,2000,2000,9097,2,140,188.6858937788271,94.61562498472631,1972.919792169705,10284.18654501484
1787722133,13,,Aggregated,5.700000,0.000000,140,190,200,220,270,320,590,900,1900,2000,2000,9100,2,140,188.6900904072336,94.61562498472631,1972.919792169705,10284.913736263736
1787722134,13,,Aggregated,5.400000,0.000000,140,190,200,220,270,320,590,900,1900,2000,2000,9105,2,140,188.68338329165678,94.61562498472631,1972.919792169705,10284.057770455793
1787722135,13,,Aggregated,5.600000,0.000000,140,190,200,220,270,320,590,900,1900,2000,2000,9109,2,140,188.66895787073946,94.61562498472631,1972.919792169705,10283.22066088484
1787722136,13,,Aggregated,5.100000,0.000000,140,190,200,220,270,320,590,900,1900,2000,2000,9114,2,140,188.63506203769,94.61562498472631,1972.919792169705,10281.983541803818
1787722137,13,,Aggregated,4.900000,0.000000,140,190,200,220,270,320,590,900,1900,2000,2000,9123,2,140,188.64809441280465,94.61562498472631,1972.919792169705,10282.97500822098
1787722138,13,,Aggregated,4.900000,0.000000,140,190,200,220,270,320,590,900,1900,2000,2000,9126,2,140,188.63203578547774,94.61562498472631,1972.919792169705,10282.131821170282
1787722139,13,,Aggregated,4.800000,0.000000,140,190,200,220,270,320,590,900,1900,2000,2000,9128,2,140,188.62178858494983,94.61562498472631,1972.919792169705,10281.581288343557
1787722140,13,,Aggregated,4.800000,0.000000,140,190,200,220,270,320,590,900,1900,2000,2000,9134,2,140,188.61761826159542,94.61562498472631,1972.919792169705,10281.54904751478
1787722141,13,,Aggregated,4.900000,0.000000,140,190,200,220,270,320,590,900,1900,2000,2000,9142,2,140,188.6445561046866,94.61562498472631,1972.919792169705,10282.394115073288
1787722142,13,,Aggregated,4.700000,0.000000,140,190,200,220,270,320,590,900,1900,2000,2000,9147,2,140,188.61679366562808,94.61562498472631,1972.919792169705,10281.175358040888
1787722143,13,,Aggregated,5.100000,0.000000,140,190,200,220,270,320,580,900,1900,2000,2000,9152,2,140,188.63298539404528,94.61562498472631,1972.919792169705,10281.798951048951
1787722144,13,,Aggregated,5.100000,0.000000,140,190,200,220,270,320,580,900,1900,2000,2000,9153,2,140,188.62579318629244,94.61562498472631,1972.919792169705,10281.519174041297
1787722145,13,,Aggregated,4.800000,0.000000,140,190,200,220,270,320,580,900,1900,2000,2000,9159,2,140,188.61979639712033,94.61562498472631,1972.919792169705,10281.649634239546
1787722146,13,,Aggregated,5.100000,0.000000,140,190,200,220,270,320,580,900,1900,2000,2000,9165,2,140,188.58699949472975,94.61562498472631,1972.919792169705,10281.218003273323
1787722147,13,,Aggregated,4.800000,0.000000,140,190,200,220,270,320,580,900,1900,2000,2000,9169,2,140,188.59391255801518,94.61562498472631,1972.919792169705,10282.150179954193
1787722148,13,,Aggregated,5.400000,0.000000,140,190,200,220,270,320,580,900,1900,2000,2000,9175,2,140,188.58533950910805,94.61562498472631,1972.919792169705,10284.586158038148
1787722149,13,,Aggregated,4.700000,0.000000,140,190,200,220,270,320,580,900,1900,2000,2000,9179,2,140,188.59185953403866,94.61562498472631,1972.919792169705,10286.624904673712
1787722150,13,,Aggregated,4.800000,0.000000,140,190,200,220,270,320,580,900,1900,2000,2000,9184,2,140,188.58645669958767,94.61562498472631,1972.919792169705,10287.402656794426
1787722151,13,,Aggregated,5.100000,0.000000,140,190,200,220,270,320,580,900,1900,2000,2000,9187,2,140,188.5802345518919,94.61562498472631,1972.919792169705,10287.492543811908
1787722152,13,,Aggregated,4.900000,0.000000,140,190,200,220,270,320,580,900,1900,2000,2000,9193,2,140,188.55663137212574,94.61562498472631,1972.919792169705,10287.03513542913
1787722153,13,,Aggregated,4.400000,0.000000,140,190,200,220,270,320,580,900,1900,2000,2000,9196,2,140,188.54589509883962,94.61562498472631,1972.919792169705,10287.441496302741
1787722154,13,,Aggregated,4.400000,0.000000,140,190,200,220,270,320,580,890,1900,2000,2000,9202,2,140,188.5798735416765,94.61562498472631,1972.919792169705,10287.533253640513
1787722155,13,,Aggregated,4.300000,0.000000,140,190,200,220,270,320,580,890,1900,2000,2000,9206,2,140,188.56175653983956,94.61562498472631,1972.919792169705,10287.353791005866
1787722156,13,,Aggregated,4.900000,0.000000,140,190,200,220,270,320,580,890,1900,2000,2000,9211,2,140,188.5328569507926,94.61562498472631,1972.919792169705,10287.06448811204
1787722157,12,,Aggregated,4.500000,0.000000,140,190,200,220,270,320,580,890,1900,2000,2000,9218,2,140,188.5226411999505,94.61562498472631,1972.919792169705,10287.310913430245
1787722158,12,,Aggregated,4.500000,0.000000,140,190,200,220,270,320,580,890,1900,2000,2000,9221,2,140,188.5125269266109,94.61562498472631,1972.919792169705,10286.49343888949
1787722159,12,,Aggregated,4.500000,0.000000,140,190,200,220,270,320,580,890,1900,2000,2000,9222,2,140,188.52602817071005,94.61562498472631,1972.919792169705,10287.450661461722
1787722160,12,,Aggregated,4.600000,0.000000,140,190,200,220,270,320,580,890,1900,2000,2000,9225,2,140,188.51446696920547,94.61562498472631,1972.919792169705,10286.901680216803
1787722161,12,,Aggregated,4.400000,0.000000,140,190,200,220,270,320,580,890,1900,2000,2000,9230,2,140,188.50296073497847,94.61562498472631,1972.919792169705,10289.404767063921
1787722162,12,,Aggregated,4.200000,0.000000,140,190,200,220,270,320,580,890,1900,2000,2000,9239,2,140,188.47628113627616,94.61562498472631,1972.919792169705,10290.284013421366
1787722163,12,,Aggregated,4.300000,0.000000,140,190,200,220,270,320,580,890,1900,2000,2000,9242,3,140,188.47135489711204,94.61562498472631,1972.919792169705,10290.039926422853
1787722164,12,,Aggregated,4.600000,0.000000,140,190,200,220,270,320,580,890,1900,2000,2000,9244,3,140,188.47179297839477,94.61562498472631,1972.919792169705,10289.360666378192
1787722165,12,,Aggregated,4.500000,0.000000,140,190,200,220,270,320,580,890,1900,2000,2000,9249,3,140,188.49067680284656,94.61562498472631,1972.919792169705,10290.127257000757
1787722166,12,,Aggregated,4.100000,0.100000,140,190,200,220,270,320,580,890,1900,2000,2000,9254,3,140,188.47942104307893,94.61562498472631,1972.919792169705,10290.103738923708
1787722167,12,,Aggregated,4.100000,0.100000,140,190,200,220,270,320,580,890,1900,2000,2000,9258,3,140,188.46893624885848,94.61562498472631,1972.919792169705,10290.400086411752
1787722168,12,,Aggregated,4.300000,0.100000,140,190,200,220,270,320,580,890,1900,2000,2000,9262,3,140,188.44868361777876,94.61562498472631,1972.919792169705,10288.936514791621
1787722169,12,,Aggregated,4.200000,0.100000,140,190,200,220,270,320,580,890,1900,2000,2000,9269,3,140,188.42789171809568,94.61562498472631,1972.919792169705,10289.323227964182
1787722170,12,,Aggregated,4.100000,0.100000,140,190,200,220,270,320,580,890,1900,2000,2000,9278,3,140,188.42344115135197,94.61562498472631,1972.919792169705,10291.096572537184
1787722171,12,,Aggregated,4.200000,0.100000,140,190,200,220,270,320,580,890,1900,2000,2000,9281,3,140,188.43129007749351,94.61562498472631,1972.919792169705,10290.15892683978
1787722172,12,,Aggregated,4.200000,0.100000,140,190,200,220,270,320,580,890,1900,2000,2000,9282,3,140,188.43258525018834,94.61562498472631,1972.919792169705,10290.162572721396
1787722173,12,,Aggregated,5.100000,0.100000,140,190,200,220,270,320,580,890,1900,2000,2000,9289,3,140,188.409427813557,94.61562498472631,1972.919792169705,10288.95543115513
1787722174,12,,Aggregated,4.500000,0.100000,140,190,200,220,270,320,580,890,1900,2000,2000,9296,3,140,188.39969490043134,94.61562498472631,1972.919792169705,10289.5625
1787722175,12,,Aggregated,4.700000,0.100000,140,190,200,220,270,320,580,890,1900,2000,2000,9302,3,140,188.38752360639634,94.61562498472631,1972.919792169705,10290.201999569985
1787722176,12,,Aggregated,5.200000,0.000000,140,190,200,220,270,320,580,890,1900,2000,2000,9307,3,140,188.37276746468777,94.61562498472631,1972.919792169705,10290.293435048889
1787722177,12,,Aggregated,5.400000,0.000000,140,190,200,220,270,320,580,890,1900,2000,2000,9311,3,140,188.36900159792023,94.61562498472631,1972.919792169705,10290.419181613146
1787722178,12,,Aggregated,5.200000,0.000000,140,190,200,220,270,320,580,890,1900,2000,2000,9314,3,140,188.3471343232201,94.61562498472631,1972.919792169705,10289.590508911317
1787722179,12,,Aggregated,5.100000,0.000000,140,190,200,220,270,320,580,890,1900,2000,2000,9319,3,140,188.3324992982436,94.61562498472631,1972.919792169705,10290.25485567121
1787722180,12,,Aggregated,5.300000,0.000000,140,190,200,220,270,320,580,890,1900,2000,2000,9326,3,140,188.31133327996423,94.61562498472631,1972.919792169705,10289.568839802701
1787722181,12,,Aggregated,5.300000,0.000000,140,190,200,220,270,320,580,890,1900,2000,2000,9331,3,140,188.29415963381084,94.61562498472631,1972.919792169705,10289.306505197728
1787722182,12,,Aggregated,5.300000,0.000000,140,190,200,220,270,320,580,890,1900,2000,2000,9333,3,140,188.28612244197515,94.61562498472631,1972.919792169705,10288.751312546876
1787722183,12,,Aggregated,4.900000,0.000000,140,190,200,220,270,320,580,890,1900,2000,2000,9336,3,140,188.27205577430007,94.61562498472631,1972.919792169705,10288.476006855184
1787722184,12,,Aggregated,4.900000,0.000000,140,190,200,220,270,320,580,890,1900,2000,2000,9340,3,140,188.25156350826498,94.61562498472631,1972.919792169705,10288.291327623127
1787722185,12,,Aggregated,4.800000,0.000000,140,190,200,220,270,320,580,890,1900,2000,2000,9346,3,140,188.22652512639937,94.61562498472631,1972.919792169705,10287.648833725658
1787722186,12,,Aggregated,4.500000,0.000000,140,190,200,220,270,320,580,890,1900,2000,2000,9348,3,140,188.22519216659788,94.61562498472631,1972.919792169705,10288.925545571245
1787722187,12,,Aggregated,4.600000,0.000000,140,190,200,220,270,320,570,890,1900,2000,2000,9354,3,140,188.20674404424156,94.61562498472631,1972.919792169705,10288.196707291
1787722188,12,,Aggregated,4.200000,0.000000,140,190,200,220,270,320,570,890,1900,2000,2000,9358,3,140,188.18925495978905,94.61562498472631,1972.919792169705,10288.175785424235
1787722189,12,,Aggregated,4.100000,0.000000,140,190,200,220,270,320,570,890,1900,2000,2000,9363,3,140,188.18932521599302,94.61562498472631,1972.919792169705,10287.862330449641
1787722190,12,,Aggregated,4.300000,0.000000,140,190,200,220,270,320,570,890,1900,2000,2000,9370,3,140,188.17477430156833,94.61562498472631,1972.919792169705,10287.175560298827
1787722191,12,,Aggregated,4.200000,0.000000,140,190,200,220,270,320,570,890,1900,2000,2000,9374,3,140,188.16073708276355,94.61562498472631,1972.919792169705,10288.515574994666
1787722192,12,,Aggregated,4.200000,0.000000,140,190,200,220,270,320,570,890,1900,2000,2000,9378,3,140,188.16193171922717,94.61562498472631,1972.919792169705,10290.118788654298
1787722193,12,,Aggregated,4.200000,0.000000,140,190,200,220,270,320,570,890,1900,2000,2000,9381,3,140,188.16683108547767,94.61562498472631,1972.919792169705,10290.679778275236
1787722194,12,,Aggregated,4.300000,0.000000,140,190,200,220,270,320,570,890,1900,2000,2000,9388,3,140,188.14871091606224,94.61562498472631,1972.919792169705,10289.867170856412
1787722195,12,,Aggregated,4.500000,0.000000,140,190,200,220,270,320,570,890,1900,2000,2000,9393,3,140,188.12018776803563,94.61562498472631,1972.919792169705,10288.518364739699
1787722196,12,,Aggregated,4.700000,0.000000,140,190,200,220,270,320,570,890,1900,2000,2000,9398,3,140,188.1172984985547,94.61562498472631,1972.919792169705,10289.309533943393
1787722197,12,,Aggregated,4.600000,0.000000,140,190,200,220,270,320,570,890,1900,2000,2000,9401,3,140,188.11608805323536,94.61562498472631,1972.919792169705,10289.715349430911
1787722198,12,,Aggregated,4.800000,0.000000,140,190,200,220,270,320,570,890,1900,2000,2000,9406,3,140,188.09994353317995,94.61562498472631,1972.919792169705,10288.26876461833
1787722199,12,,Aggregated,5.000000,0.000000,140,190,200,220,270,320,570,890,1900,2000,2000,9411,3,140,188.074637556141,94.61562498472631,1972.919792169705,10287.824885771968
1787722200,12,,Aggregated,4.600000,0.000000,140,190,200,220,270,320,570,890,1900,2000,2000,9420,3,140,188.06055160560655,94.61562498472631,1972.919792169705,10288.900743099788
1787722201,12,,Aggregated,4.900000,0.000000,140,190,200,220,270,320,570,890,1900,2000,2000,9421,3,140,188.0524242118627,94.61562498472631,1972.919792169705,10288.627958815412
1787722202,12,,Aggregated,5.100000,0.000000,140,190,200,220,270,320,570,890,1900,2000,2000,9424,3,140,188.03633457117522,94.61562498472631,1972.919792169705,10287.817487266553
1787722203,12,,Aggregated,5.100000,0.000000,140,190,200,220,270,320,570,890,1900,2000,2000,9428,3,140,188.0196376924607,94.61562498472631,1972.919792169705,10286.893084429359
1787722204,12,,Aggregated,4.700000,0.000000,140,190,200,220,270,320,570,890,1900,2000,2000,9431,3,140,188.00809540309473,94.61562498472631,1972.919792169705,10286.355953769484
1787722205,12,,Aggregated,4.900000,0.000000,140,190,200,220,270,320,570,890,1900,2000,2000,9438,3,140,187.96075672763521,94.61562498472631,1972.919792169705,10284.23606696334
1787722206,12,,Aggregated,4.100000,0.000000,140,190,200,220,270,320,570,890,1900,2000,2000,9446,3,140,187.95494635690184,94.61562498472631,1972.919792169705,10286.734384924835
1787722207,12,,Aggregated,4.400000,0.000000,140,190,200,220,270,320,570,890,1900,2000,2000,9448,3,140,187.9447740962501,94.61562498472631,1972.919792169705,10285.951947502117
1787722208,12,,Aggregated,4.500000,0.000000,140,190,200,220,270,320,570,890,1900,2000,2000,9454,3,140,187.91306293569014,94.61562498472631,1972.919792169705,10285.239369579014
1787722209,12,,Aggregated,4.800000,0.000000,140,190,200,220,270,320,570,890,1900,2000,2000,9461,3,140,187.9047345102155,94.61562498472631,1972.919792169705,10284.54994186661
1787722210,12,,Aggregated,4.800000,0.000000,140,190,200,220,270,320,570,890,1900,2000,2000,9465,3,140,187.87526780612987,94.61562498472631,1972.919792169705,10283.480929741152
1787722211,12,,Aggregated,4.700000,0.000000,140,190,200,220,270,320,570,890,1900,2000,2000,9467,3,140,187.8616324286464,94.61562498472631,1972.919792169705,10282.821802049224
1787722212,12,,Aggregated,4.500000,0.000000,140,190,200,220,270,320,570,890,1900,2000,2000,9478,3,140,187.84086446191426,94.61562498472631,1972.919792169705,10283.52859253007
1787722213,12,,Aggregated,4.500000,0.000000,140,190,200,220,270,320,570,890,1900,2000,2000,9479,3,140,187.84259162304417,94.61562498472631,1972.919792169705,10283.134507859479
1787722214,12,,Aggregated,4.500000,0.000000,140,190,200,220,270,320,570,890,1900,2000,2000,9484,3,140,187.81969084278026,94.61562498472631,1972.919792169705,10282.984500210881
1787722215,12,,Aggregated,5.100000,0.000000,140,190,200,220,270,320,570,890,1900,2000,2000,9485,3,140,187.8153778197029,94.61562498472631,1972.919792169705,10282.977648919346
1787722216,13,,Aggregated,5.100000,0.000000,140,190,200,220,270,320,570,890,1900,2000,2000,9490,3,140,187.81514600835922,94.61562498472631,1972.919792169705,10283.064910432035
1787722217,13,,Aggregated,4.900000,0.000000,140,190,200,220,270,320,570,890,1900,2000,2000,9497,3,140,187.76829064827805,94.61562498472631,1972.919792169705,10281.17847741392
1787722218,13,,Aggregated,4.600000,0.000000,140,190,200,220,270,320,560,890,1900,2000,2000,9505,3,140,187.75249283666722,94.61562498472631,1972.919792169705,10281.734139926355
1787722219,13,,Aggregated,4.600000,0.000000,140,190,200,220,270,320,560,890,1900,2000,2000,9509,3,140,187.74223688481368,94.61562498472631,1972.919792169705,10281.431906614785
1787722220,13,,Aggregated,4.800000,0.000000,140,190,200,220,270,320,560,890,1900,2000,2000,9512,3,140,187.7202786518636,94.61562498472631,1972.919792169705,10280.623738435661
1787722221,13,,Aggregated,5.100000,0.000000,140,190,200,220,270,320,560,890,1900,2000,2000,9514,3,140,187.70550176439994,94.61562498472631,1972.919792169705,10279.98129072945
1787722222,13,,Aggregated,4.900000,0.000000,140,190,200,220,270,320,560,890,1900,2000,2000,9520,3,140,187.68980806150978,94.61562498472631,1972.919792169705,10280.005987394958
1787722223,13,,Aggregated,4.700000,0.000000,140,190,200,220,270,320,560,890,1900,2000,2000,9525,3,140,187.67182966266463,94.61562498472631,1972.919792169705,10279.827611548557
1787722224,13,,Aggregated,4.700000,0.000000,140,190,200,220,270,320,560,890,1900,2000,2000,9533,3,140,187.67957513756562,94.61562498472631,1972.919792169705,10280.19458722333
1787722225,13,,Aggregated,4.100000,0.000000,140,190,200,220,270,320,560,890,1900,2000,2000,9536,3,140,187.67894067591655,94.61562498472631,1972.919792169705,10279.658871644295
1787722226,13,,Aggregated,4.700000,0.000000,140,190,200,220,270,320,560,890,1900,2000,2000,9543,3,140,187.661825054262,94.61562498472631,1972.919792169705,10278.423451744735
1787722227,13,,Aggregated,4.900000,0.000000,140,190,200,220,270,320,560,890,1900,2000,2000,9549,3,140,187.65256308203104,94.61562498472631,1972.919792169705,10277.928788354802
1787722228,13,,Aggregated,5.000000,0.000000,140,190,200,220,270,320,560,890,1900,2000,2000,9557,3,140,187.6424249236086,94.61562498472631,1972.919792169705,10278.452443235325
1787722229,13,,Aggregated,5.000000,0.000000,140,190,200,220,270,320,560,890,1900,2000,2000,9562,3,140,187.6277702403152,94.61562498472631,1972.919792169705,10277.998535871156
1787722230,13,,Aggregated,5.100000,0.000000,140,190,200,220,270,320,560,890,1900,2000,2000,9564,3,140,187.61632576983968,94.61562498472631,1972.919792169705,10277.74424926809
1787722231,13,,Aggregated,5.100000,0.000000,140,190,200,220,270,320,560,890,1900,2000,2000,9572,3,140,187.59740716344285,94.61562498472631,1972.919792169705,10277.722732971166
1787722232,13,,Aggregated,5.200000,0.000000,140,190,200,220,270,320,560,890,1900,2000,2000,9574,3,140,187.58589079730402,94.61562498472631,1972.919792169705,10277.195947357426
1787722233,13,,Aggregated,5.200000,0.000000,140,190,200,220,270,320,560,890,1900,2000,2000,9581,3,140,187.57801451156993,94.61562498472631,1972.919792169705,10276.304874230247
1787722234,13,,Aggregated,5.700000,0.000000,140,190,200,220,270,320,560,890,1900,2000,2000,9589,3,140,187.56572599180407,94.61562498472631,1972.919792169705,10275.077901762435
1787722235,13,,Aggregated,5.400000,0.000000,140,190,200,220,270,320,560,890,1900,2000,2000,9592,3,140,187.55087248855844,94.61562498472631,1972.919792169705,10275.172956630526
1787722236,13,,Aggregated,5.500000,0.000000,140,190,200,220,270,320,560,890,1900,2000,2000,9597,3,140,187.52399628280423,94.61562498472631,1972.919792169705,10274.730228196311
1787722238,13,,Aggregated,5.600000,0.000000,140,190,200,220,270,320,560,890,1900,2000,2000,9600,3,140,187.5049809019644,94.61562498472631,1972.919792169705,10273.931145833334
1787722239,13,,Aggregated,5.600000,0.000000,140,190,200,220,270,320,560,890,1900,2000,2000,9605,3,140,187.51195652353664,94.61562498472631,1972.919792169705,10273.905570015617
1787722240,13,,Aggregated,5.400000,0.000000,140,190,200,220,270,320,560,890,1900,2000,2000,9613,3,140,187.4860293906394,94.61562498472631,1972.919792169705,10274.00135233538
1787722241,13,,Aggregated,5.100000,0.000000,140,190,200,220,270,320,560,890,1900,2000,2000,9618,3,140,187.46311011363767,94.61562498472631,1972.919792169705,10273.440944063215
1787722242,13,,Aggregated,4.800000,0.000000,140,190,200,220,270,320,560,890,1900,2000,2000,9620,3,140,187.44915918107753,94.61562498472631,1972.919792169705,10272.912577962577
1787722243,13,,Aggregated,5.400000,0.000000,140,190,200,220,270,320,560,890,1900,2000,2000,9623,3,140,187.4542117613773,94.61562498472631,1972.919792169705,10274.040008313415
1787722244,13,,Aggregated,5.400000,0.000000,140,190,200,220,270,320,560,890,1900,2000,2000,9629,3,140,187.428316559694,94.61562498472631,1972.919792169705,10273.645653754284
1787722245,13,,Aggregated,4.800000,0.000000,140,190,200,220,270,320,560,890,1900,2000,2000,9632,3,140,187.4072056932445,94.61562498472631,1972.919792169705,10273.122196843853
1787722246,13,,Aggregated,4.800000,0.000000,140,190,200,220,270,320,560,890,1900,2000,2000,9638,3,140,187.39436690581655,94.61562498472631,1972.919792169705,10272.84280971156
1787722247,13,,Aggregated,4.800000,0.000000,140,190,200,220,270,320,560,890,1900,2000,2000,9642,3,140,187.37896568712918,94.61562498472631,1972.919792169705,10271.802323169466
1787722248,13,,Aggregated,4.300000,0.000000,140,190,200,220,270,320,560,890,1900,2000,2000,9645,3,140,187.35776015961935,94.61562498472631,1972.919792169705,10271.021669258684
1787722249,13,,Aggregated,4.600000,0.000000,140,190,200,220,270,320,550,890,1900,2000,2000,9654,3,140,187.34866117557206,94.61562498472631,1972.919792169705,10272.423244251087
1787722250,13,,Aggregated,4.500000,0.000000,140,190,200,220,270,320,550,890,1900,2000,2000,9656,3,140,187.33460924002884,94.61562498472631,1972.919792169705,10271.913007456504
1787722251,13,,Aggregated,4.900000,0.000000,140,190,200,220,270,320,550,890,1900,2000,2000,9662,3,140,187.2913539800018,94.61562498472631,1972.919792169705,10270.369695715173
1787722252,13,,Aggregated,4.900000,0.000000,140,190,200,220,270,320,550,890,1900,2000,2000,9668,3,140,187.3012599070733,94.61562498472631,1972.919792169705,10270.724968969796
1787722253,13,,Aggregated,4.300000,0.000000,140,190,200,220,270,320,550,890,1900,2000,2000,9675,3,140,187.29617260863344,94.61562498472631,1972.919792169705,10270.52992248062
1787722254,13,,Aggregated,4.300000,0.000000,140,190,200,220,270,320,550,890,1900,2000,2000,9678,3,140,187.28182290037017,94.61562498472631,1972.919792169705,10270.636495143624
1787722255,13,,Aggregated,5.200000,0.000000,140,190,200,220,270,320,550,890,1900,2000,2000,9681,3,140,187.26313463534882,94.61562498472631,1972.919792169705,10269.85435388906
1787722256,13,,Aggregated,4.900000,0.000000,140,190,200,220,270,320,550,890,1900,2000,2000,9688,3,140,187.25221455109696,94.61562498472631,1972.919792169705,10270.612200660611
1787722257,13,,Aggregated,4.900000,0.000000,140,190,200,220,270,320,550,890,1900,2000,2000,9692,3,140,187.23796791486112,94.61562498472631,1972.919792169705,10270.619376805613
1787722258,13,,Aggregated,4.700000,0.000000,140,190,200,220,270,320,550,890,1900,2000,2000,9695,3,140,187.22477630959932,94.61562498472631,1972.919792169705,10270.719339865911
1787722259,13,,Aggregated,4.800000,0.000000,140,190,200,220,270,320,550,890,1900,2000,2000,9698,3,140,187.2055252403106,94.61562498472631,1972.919792169705,10269.936481748815
1787722260,13,,Aggregated,5.000000,0.000000,140,190,200,220,270,320,550,890,1900,2000,2000,9704,3,140,187.22135758342515,94.61562498472631,1972.919792169705,10270.692497938995
1787722261,13,,Aggregated,4.400000,0.000000,140,190,200,220,270,320,550,890,1900,2000,2000,9716,3,140,187.21899918865543,94.61562498472631,1972.919792169705,10270.541066282422
1787722262,13,,Aggregated,4.400000,0.000000,140,190,200,220,270,320,550,890,1900,2000,2000,9718,3,140,187.20740126062552,94.61562498472631,1972.919792169705,10270.01800782054
1787722263,13,,Aggregated,5.300000,0.000000,140,190,200,220,270,320,550,890,1900,2000,2000,9724,3,140,187.22417415593796,94.61562498472631,1972.919792169705,10268.607466063348
1787722264,13,,Aggregated,5.300000,0.000000,140,190,200,220,270,320,550,890,1900,2000,2000,9726,3,140,187.21684498093646,94.61562498472631,1972.919792169705,10268.852560148056
1787722265,13,,Aggregated,4.700000,0.000000,140,190,200,220,270,320,550,890,1900,2000,2000,9731,3,140,187.18099174829638,94.61562498472631,1972.919792169705,10267.566848217039
1787722266,13,,Aggregated,4.800000,0.000000,140,190,200,220,270,320,550,890,1900,2000,2000,9740,3,140,187.17338755486335,94.61562498472631,1972.919792169705,10266.530390143736
1787722267,13,,Aggregated,4.800000,0.000000,140,190,200,220,270,320,550,890,1900,2000,2000,9743,3,140,187.1726236905808,94.61562498472631,1972.919792169705,10267.072154367239
1787722268,13,,Aggregated,4.900000,0.000000,140,190,200,220,270,320,550,890,1900,2000,2000,9752,3,140,187.14777596398594,94.61562498472631,1972.919792169705,10267.946472518457
1787722269,13,,Aggregated,5.100000,0.000000,140,190,200,220,270,320,550,890,1900,2000,2000,9762,3,140,187.13779575052627,94.61562498472631,1972.919792169705,10267.109198934644
1787722270,13,,Aggregated,5.100000,0.000000,140,190,200,220,270,320,550,890,1900,2000,2000,9763,3,140,187.14762770487917,94.61562498472631,1972.919792169705,10268.159069958005
1787722271,13,,Aggregated,6.000000,0.000000,140,190,200,220,270,320,550,890,1900,2000,2000,9768,3,140,187.12199704725765,94.61562498472631,1972.919792169705,10267.988841113842
1787722272,13,,Aggregated,6.100000,0.000000,140,190,200,220,270,320,550,890,1900,2000,2000,9774,3,140,187.10994819498956,94.61562498472631,1972.919792169705,10269.302741968488
1787722273,13,,Aggregated,5.300000,0.000000,140,190,200,220,270,320,550,890,1900,2000,2000,9778,3,140,187.09184954220635,94.61562498472631,1972.919792169705,10269.121701779504
1787722274,13,,Aggregated,5.300000,0.000000,140,190,200,220,270,320,550,890,1900,2000,2000,9784,3,140,187.0780197718563,94.61562498472631,1972.919792169705,10267.724243663124
1787722275,13,,Aggregated,5.300000,0.000000,140,190,200,220,270,320,550,890,1900,2000,2000,9790,3,140,187.06808875874256,94.61562498472631,1972.919792169705,10269.245454545455
1787722276,13,,Aggregated,5.600000,0.000000,140,190,200,220,270,320,550,890,1900,2000,2000,9796,3,140,187.05575147480826,94.61562498472631,1972.919792169705,10270.128215598203
1787722277,13,,Aggregated,6.100000,0.000000,140,190,200,220,270,320,550,890,1900,2000,2000,9803,3,140,187.03366495676678,94.61562498472631,1972.919792169705,10269.445271855555
1787722278,13,,Aggregated,6.100000,0.000000,140,190,200,220,270,320,550,890,1900,2000,2000,9805,3,140,187.02202018410676,94.61562498472631,1972.919792169705,10268.934421213666
1787722279,13,,Aggregated,6.000000,0.000000,140,190,200,220,270,320,550,890,1900,2000,2000,9807,3,140,187.01842153870615,94.61562498472631,1972.919792169705,10268.420719893953
1787722280,13,,Aggregated,5.600000,0.000000,140,190,200,220,270,320,550,890,1900,2000,2000,9813,3,140,186.98815844920696,94.61562498472631,1972.919792169705,10268.265566085805
1787722281,13,,Aggregated,5.600000,0.000000,140,190,200,220,270,320,550,890,1900,2000,2000,9815,3,140,186.97995523304428,94.61562498472631,1972.919792169705,10268.014365766683
1787722282,13,,Aggregated,4.800000,0.000000,140,190,200,220,270,320,550,890,1900,2000,2000,9822,3,140,186.9544335703074,94.61562498472631,1972.919792169705,10267.661270616982
1787722283,13,,Aggregated,4.800000,0.000000,140,190,200,220,270,320,550,890,1900,2000,2000,9827,3,140,186.93800381885848,94.61562498472631,1972.919792169705,10266.902208201893
1787722284,13,,Aggregated,4.800000,0.000000,140,190,200,220,270,320,550,890,1900,2000,2000,9832,3,140,186.92599345951803,94.61562498472631,1972.919792169705,10266.900630593978
1787722285,13,,Aggregated,4.800000,0.000000,140,190,200,220,270,320,550,890,1900,2000,2000,9834,3,140,186.9281442937592,94.61562498472631,1972.919792169705,10267.832418141143
1787722286,13,,Aggregated,4.800000,0.000000,140,190,200,220,270,320,550,890,1900,2000,2000,9837,3,140,186.9146280736763,94.61562498472631,1972.919792169705,10267.940835620617
1787722287,13,,Aggregated,4.400000,0.000000,140,190,200,220,270,320,550,890,1900,2000,2000,9845,3,140,186.91335685466973,94.61562498472631,1972.919792169705,10266.926663280854
1787722288,13,,Aggregated,4.200000,0.000000,140,190,200,220,270,320,550,890,1900,2000,2000,9848,3,140,186.90100251169304,94.61562498472631,1972.919792169705,10266.913992688871
1787722289,13,,Aggregated,4.000000,0.000000,140,190,200,220,270,320,550,890,1900,2000,2000,9854,3,140,186.88188534983632,94.61562498472631,1972.919792169705,10266.401359853866
1787722290,13,,Aggregated,4.000000,0.000000,140,190,200,220,270,320,550,890,1900,2000,2000,9858,3,140,186.87274450397783,94.61562498472631,1972.919792169705,10265.888516940557
1787722291,13,,Aggregated,4.400000,0.000000,140,190,200,220,270,320,550,890,1900,2000,2000,9859,3,140,186.86648091716586,94.61562498472631,1972.919792169705,10265.6354599858
1787722292,13,,Aggregated,4.700000,0.000000,140,190,200,220,270,320,550,890,1900,2000,2000,9863,3,140,186.86346701343223,94.61562498472631,1972.919792169705,10266.487174287742
1787722293,13,,Aggregated,4.300000,0.000000,140,190,200,220,270,320,550,890,1900,2000,2000,9873,3,140,186.87539213285783,94.61562498472631,1972.919792169705,10267.005874607516
1787722294,13,,Aggregated,4.100000,0.000000,140,190,200,220,270,320,550,890,1900,2000,2000,9877,3,140,186.85536388687524,94.61562498472631,1972.919792169705,10267.2449124228
1787722295,13,,Aggregated,4.600000,0.000000,140,190,200,220,270,320,550,890,1900,2000,2000,9880,3,140,186.8525151933943,94.61562498472631,1972.919792169705,10267.775809716599
1787722296,13,,Aggregated,4.600000,0.000000,140,190,200,220,270,320,550,890,1900,2000,2000,9885,3,140,186.82590063515772,94.61562498472631,1972.919792169705,10266.49033889732
1787722297,13,,Aggregated,4.500000,0.000000,140,190,200,220,270,320,550,890,1900,2000,2000,9887,3,140,186.84950410341781,94.61562498472631,1972.919792169705,10266.831192474967
1787722298,13,,Aggregated,4.500000,0.000000,140,190,200,220,270,320,550,890,1900,2000,2000,9890,3,140,186.8303768693199,94.61562498472631,1972.919792169705,10265.942669362992
1787722299,13,,Aggregated,4.700000,0.000000,140,190,200,220,270,320,550,890,1900,2000,2000,9898,3,140,186.8313859309032,94.61562498472631,1972.919792169705,10267.218124873712
1787722300,13,,Aggregated,4.500000,0.000000,140,190,200,220,270,320,540,880,1900,2000,2000,9903,3,140,186.81295209636778,94.61562498472631,1972.919792169705,10266.803392911239
1787722301,13,,Aggregated,4.700000,0.000000,140,190,200,220,270,320,540,880,1900,2000,2000,9905,3,140,186.8019809003812,94.61562498472631,1972.919792169705,10266.187178192831
1787722302,13,,Aggregated,4.300000,0.000000,140,190,200,220,270,320,540,880,1900,2000,2000,9912,3,140,186.79022368783495,94.61562498472631,1972.919792169705,10266.399213075061
1787722303,13,,Aggregated,4.600000,0.000000,140,190,200,220,270,320,540,880,1900,2000,2000,9920,3,140,186.8066819835334,94.61562498472631,1972.919792169705,10268.82127016129
1787722304,13,,Aggregated,4.600000,0.000000,140,190,200,220,270,320,540,880,1900,2000,2000,9922,3,140,186.7939621028752,94.61562498472631,1972.919792169705,10268.307397702076
1787722305,13,,Aggregated,4.400000,0.000000,140,190,200,220,270,320,540,880,1900,2000,2000,9927,3,140,186.78029661388248,94.61562498472631,1972.919792169705,10268.717336556865
1787722306,13,,Aggregated,4.600000,0.000000,140,190,200,220,270,320,540,880,1900,2000,2000,9929,3,140,186.779371754639,94.61562498472631,1972.919792169705,10270.064961224696
1787722307,13,,Aggregated,4.300000,0.000000,140,190,200,220,270,320,540,880,1900,2000,2000,9936,3,140,186.7460010887458,94.61562498472631,1972.919792169705,10268.803542673108
1787722308,13,,Aggregated,4.400000,0.000000,140,190,200,220,270,320,540,880,1900,2000,2000,9940,3,140,186.74455009060264,94.61562498472631,1972.919792169705,10269.068309859154
1787722309,13,,Aggregated,4.700000,0.000000,140,190,200,220,270,320,540,880,1900,2000,2000,9945,3,140,186.76553497827473,94.61562498472631,1972.919792169705,10269.573051784817
1787722310,13,,Aggregated,4.700000,0.000000,140,190,200,220,270,320,540,880,1900,2000,2000,9945,3,140,186.76553497827473,94.61562498472631,1972.919792169705,10269.573051784817
1787722311,13,,Aggregated,4.400000,0.000000,140,190,200,220,270,320,530,880,1900,2000,2000,9952,3,140,186.7310468900471,94.61562498472631,1972.919792169705,10267.931672025723
1787722312,13,,Aggregated,4.400000,0.000000,140,190,200,220,270,320,530,880,1900,2000,2000,9956,3,140,186.72284265603986,94.61562498472631,1972.919792169705,10268.171655283246
1787722313,13,,Aggregated,4.400000,0.000000,140,190,200,220,270,320,530,880,1900,2000,2000,9960,3,140,186.6981458736361,94.61562498472631,1972.919792169705,10267.197289156626
1787722314,13,,Aggregated,4.700000,0.000000,140,190,200,220,270,320,530,880,1900,2000,2000,9964,3,140,186.6891659835822,94.61562498472631,1972.919792169705,10267.451124046567
1787722315,13,,Aggregated,4.300000,0.000000,140,190,200,220,270,320,530,880,1900,2000,2000,9968,3,140,186.6645137718918,94.61562498472631,1972.919792169705,10266.6941211878
1787722316,13,,Aggregated,4.000000,0.000000,140,190,200,220,270,320,530,880,1900,2000,2000,9971,3,140,186.6512940681209,94.61562498472631,1972.919792169705,10266.790392137198
1787722317,13,,Aggregated,4.500000,0.000000,140,190,200,220,270,320,530,880,1900,2000,2000,9978,3,140,186.64376006658995,94.61562498472631,1972.919792169705,10268.276207656845
1787722318,13,,Aggregated,4.000000,0.000000,140,190,200,220,270,320,530,880,1900,2000,2000,9983,3,140,186.64015805064963,94.61562498472631,1972.919792169705,10267.768105779825
1787722319,13,,Aggregated,4.500000,0.000000,140,190,200,220,270,320,530,880,1900,2000,2000,9984,3,140,186.63453916542494,94.61562498472631,1972.919792169705,10267.509014423076
1787722320,13,,Aggregated,4.300000,0.000000,140,190,200,220,270,320,530,880,1900,2000,2000,9990,3,140,186.6208017293319,94.61562498472631,1972.919792169705,10267.077277277278
1787722321,13,,Aggregated,4.100000,0.000000,140,190,200,220,270,320,530,880,1900,2000,2000,9997,3,140,186.5927533369921,94.61562498472631,1972.919792169705,10266.195158547564
1787722322,13,,Aggregated,4.100000,0.000000,140,190,200,220,270,320,530,880,1900,1900,2000,10001,3,140,186.57570012008668,94.61562498472631,1972.919792169705,10266.16098390161
1787722323,13,,Aggregated,4.200000,0.000000,140,190,200,220,270,320,530,880,1900,1900,2000,10007,3,140,186.55142859425766,94.61562498472631,1972.919792169705,10265.510842410313
1787722324,13,,Aggregated,4.600000,0.000000,140,190,200,220,270,320,530,880,1900,1900,2000,10008,3,140,186.54594538377137,94.61562498472631,1972.919792169705,10265.253197442047
1787722325,13,,Aggregated,4.500000,0.000000,140,190,200,220,270,320,530,880,1900,1900,2000,10015,3,140,186.5301901964202,94.61562498472631,1972.919792169705,10265.01328007988
1787722326,13,,Aggregated,4.600000,0.000000,140,190,200,220,270,320,530,880,1900,1900,2000,10020,3,140,186.51083177232096,94.61562498472631,1972.919792169705,10264.63373253493
1787722327,13,,Aggregated,4.200000,0.000000,140,190,200,220,270,320,530,880,1900,1900,2000,10026,3,140,186.49390101846723,94.61562498472631,1972.919792169705,10265.385697187314
1787722328,13,,Aggregated,4.700000,0.000000,140,190,200,220,270,320,530,880,1900,1900,2000,10028,3,140,186.50455423003888,94.61562498472631,1972.919792169705,10265.147487036298
1787722329,13,,Aggregated,4.300000,0.000000,140,190,200,220,270,320,530,880,1900,1900,2000,10035,3,140,186.49108076997575,94.61562498472631,1972.919792169705,10265.498754359742
1787722330,13,,Aggregated,4.800000,0.000000,140,190,200,220,270,320,530,880,1900,1900,2000,10041,3,140,186.498427873446,94.61562498472631,1972.919792169705,10266.395080171298
1787722331,13,,Aggregated,4.900000,0.000000,140,190,200,220,270,320,530,880,1900,1900,2000,10046,3,140,186.4789230525822,94.61562498472631,1972.919792169705,10266.83028070874
1787722332,13,,Aggregated,5.100000,0.000000,140,190,200,220,270,320,530,880,1900,1900,2000,10050,3,140,186.45268246559286,94.61562498472631,1972.919792169705,10265.82855721393
1787722333,13,,Aggregated,5.100000,0.000000,140,190,200,220,270,320,520,880,1900,1900,2000,10054,3,140,186.44528857794313,94.61562498472631,1972.919792169705,10265.08235528148
1787722334,13,,Aggregated,4.700000,0.000000,140,190,200,220,270,320,520,880,1900,1900,2000,10057,3,140,186.43275054578308,94.61562498472631,1972.919792169705,10264.316495972955
1787722335,13,,Aggregated,4.700000,0.000000,140,190,200,220,270,320,520,880,1900,1900,2000,10067,3,140,186.38475441946167,94.61562498472631,1972.919792169705,10264.324823681334
1787722336,13,,Aggregated,4.700000,0.000000,140,190,200,220,270,320,520,880,1900,1900,2000,10067,3,140,186.38475441946167,94.61562498472631,1972.919792169705,10264.324823681334
1787722337,13,,Aggregated,5.000000,0.000000,140,190,200,220,270,320,520,880,1900,1900,2000,10069,3,140,186.37376082438152,94.61562498472631,1972.919792169705,10263.811997219187
1787722338,13,,Aggregated,5.200000,0.000000,140,190,200,220,270,320,520,880,1900,1900,2000,10078,3,140,186.3741186774532,94.61562498472631,1972.919792169705,10262.669577297083
1787722339,13,,Aggregated,4.800000,0.000000,140,190,200,220,270,320,520,880,1900,1900,2000,10083,3,140,186.36450737946697,94.61562498472631,1972.919792169705,10262.391351780225
1787722340,13,,Aggregated,4.300000,0.000000,140,190,200,220,270,320,520,880,1900,1900,2000,10088,3,140,186.3660768808503,94.61562498472631,1972.919792169705,10263.23463521015
1787722341,13,,Aggregated,4.600000,0.000000,140,190,200,220,270,320,520,880,1900,1900,2000,10090,3,140,186.36401784260147,94.61562498472631,1972.919792169705,10262.982457879089
1787722342,13,,Aggregated,4.600000,0.000000,140,190,200,220,270,320,520,880,1900,1900,2000,10094,3,140,186.33660563520203,94.61562498472631,1972.919792169705,10262.222805627105
1787722343,13,,Aggregated,4.700000,0.000000,140,190,200,220,270,320,520,880,1900,1900,2000,10098,3,140,186.32349818777536,94.61562498472631,1972.919792169705,10262.324222618341
1787722344,13,,Aggregated,4.400000,0.000000,140,190,200,220,270,320,520,870,1900,1900,2000,10106,3,140,186.3119338833805,94.61562498472631,1972.919792169705,10262.046012269939
1787722345,13,,Aggregated,4.400000,0.000000,140,190,200,220,270,320,520,870,1900,1900,2000,10108,3,140,186.3059732052422,94.61562498472631,1972.919792169705,10261.55688563514
1787722346,13,,Aggregated,4.300000,0.000000,140,190,200,220,270,320,520,870,1900,1900,2000,10110,3,140,186.3000372889692,94.61562498472631,1972.919792169705,10261.906231454006
1787722347,13,,Aggregated,4.700000,0.000000,140,190,200,220,270,320,520,870,1900,1900,2000,10118,3,140,186.26898813903546,94.61562498472631,1972.919792169705,10260.90571259142
1787722348,13,,Aggregated,4.200000,0.000000,140,190,200,220,270,320,520,870,1900,1900,2000,10123,3,140,186.2692629481361,94.61562498472631,1972.919792169705,10262.88659488294
1787722349,13,,Aggregated,4.300000,0.000000,140,190,200,220,270,320,520,870,1900,1900,2000,10125,3,140,186.26283636937538,94.61562498472631,1972.919792169705,10263.376197530864
1787722350,13,,Aggregated,4.900000,0.000000,140,190,200,220,270,320,520,870,1900,1900,2000,10132,3,140,186.23890470686445,94.61562498472631,1972.919792169705,10263.884030793526
1787722351,13,,Aggregated,4.500000,0.000000,140,190,200,220,270,320,520,870,1900,1900,2000,10135,3,140,186.24133756673712,94.61562498472631,1972.919792169705,10264.424864331524
1787722352,13,,Aggregated,4.200000,0.000000,140,190,200,220,270,320,520,870,1900,1900,2000,10142,3,140,186.21953710932206,94.61562498472631,1972.919792169705,10264.7605008874
1787722353,13,,Aggregated,4.400000,0.000000,140,190,200,220,270,320,520,870,1900,1900,2000,10145,3,140,186.2049568494522,94.61562498472631,1972.919792169705,10264.016362740265
1787722354,13,,Aggregated,4.600000,0.000000,140,190,200,220,270,320,520,870,1900,1900,2000,10153,3,140,186.20775965111483,94.61562498472631,1972.919792169705,10264.516694573033
1787722355,13,,Aggregated,4.800000,0.000000,140,190,200,220,270,320,520,870,1900,1900,2000,10158,3,140,186.17877175503463,94.61562498472631,1972.919792169705,10263.281059263634
1787722356,13,,Aggregated,4.700000,0.000000,140,190,200,220,270,320,520,870,1900,1900,2000,10164,3,140,186.15819399641106,94.61562498472631,1972.919792169705,10263.849567099567
1787722357,13,,Aggregated,4.700000,0.000000,140,190,200,220,270,320,520,870,1900,1900,2000,10170,3,140,186.15181088457186,94.61562498472631,1972.919792169705,10264.347984267453
1787722358,13,,Aggregated,5.000000,0.000000,140,190,200,220,270,320,520,870,1900,1900,2000,10176,3,140,186.1724699730939,94.61562498472631,1972.919792169705,10265.89435927673
1787722360,13,,Aggregated,5.300000,0.000000,140,190,200,220,270,320,520,870,1900,1900,2000,10180,3,140,186.16652861296993,94.61562498472631,1972.919792169705,10266.842632612967
1787722361,13,,Aggregated,5.100000,0.000000,140,190,200,220,270,320,520,870,1900,1900,2000,10185,3,140,186.1464666941733,94.61562498472631,1972.919792169705,10266.101914580266
1787722362,13,,Aggregated,5.500000,0.000000,140,190,200,220,270,320,520,870,1900,1900,2000,10191,3,140,186.13526434982592,94.61562498472631,1972.919792169705,10267.980571092141
1787722363,13,,Aggregated,5.500000,0.000000,140,190,200,220,270,320,520,870,1900,1900,2000,10195,3,140,186.13449536842194,94.61562498472631,1972.919792169705,10268.939872486513
1787722364,13,,Aggregated,5.300000,0.000000,140,190,200,220,270,320,520,870,1900,1900,2000,10200,3,140,186.1146200642072,94.61562498472631,1972.919792169705,10268.658627450981
1787722365,13,,Aggregated,5.300000,0.000000,140,190,200,220,270,320,520,870,1900,1900,2000,10204,3,140,186.12470072077136,94.61562498472631,1972.919792169705,10267.666209329675
1787722366,13,,Aggregated,5.300000,0.000000,140,190,200,220,270,320,520,870,1900,1900,2000,10210,3,140,186.0955834995096,94.61562498472631,1972.919792169705,10266.441429970617
1787722367,13,,Aggregated,5.400000,0.000000,140,190,200,220,270,320,520,870,1900,1900,2000,10217,3,140,186.09401164608315,94.61562498472631,1972.919792169705,10267.128609180778
1787722368,13,,Aggregated,5.100000,0.000000,140,190,200,220,270,320,520,870,1900,1900,2000,10218,3,140,186.08799430211383,94.61562498472631,1972.919792169705,10266.883636719514
1787722369,13,,Aggregated,5.100000,0.000000,140,190,200,220,270,320,520,870,1900,1900,2000,10225,3,140,186.08491066699816,94.61562498472631,1972.919792169705,10268.067970660146
1787722370,13,,Aggregated,5.300000,0.000000,140,190,200,220,270,320,520,870,1900,1900,2000,10232,3,140,186.0890625598063,94.61562498472631,1972.919792169705,10269.665559030493
1787722371,13,,Aggregated,4.800000,0.000000,140,190,200,220,270,320,520,870,1900,1900,2000,10237,3,140,186.067707554511,94.61562498472631,1972.919792169705,10269.258962586695
1787722372,13,,Aggregated,4.900000,0.000000,140,190,200,220,270,320,520,870,1900,1900,2000,10243,3,140,186.07395908441697,94.61562498472631,1972.919792169705,10269.885287513423
1787722373,13,,Aggregated,5.200000,0.000000,140,190,200,220,270,320,520,870,1900,1900,2000,10250,3,140,186.07466502292309,94.61562498472631,1972.919792169705,10269.17043902439
1787722374,13,,Aggregated,5.200000,0.000000,140,190,200,220,270,320,520,870,1900,1900,2000,10253,3,140,186.05442673550976,94.61562498472631,1972.919792169705,10268.336974544036
1787722375,13,,Aggregated,5.400000,0.000000,140,190,200,220,270,320,520,870,1900,1900,2000,10259,3,140,186.01953701495336,94.61562498472631,1972.919792169705,10266.880885076518
1787722376,13,,Aggregated,5.200000,0.000000,140,190,200,220,270,320,520,870,1900,1900,2000,10261,3,140,186.00820619203589,94.61562498472631,1972.919792169705,10266.389630640288
1787722377,13,,Aggregated,5.500000,0.000000,140,190,200,220,270,320,520,870,1900,1900,2000,10262,3,140,186.0024646580088,94.61562498472631,1972.919792169705,10266.148509062561
1787722378,13,,Aggregated,5.500000,0.000000,140,190,200,220,270,320,520,870,1900,1900,2000,10269,3,140,185.99561313052942,94.61562498472631,1972.919792169705,10268.561008861623
1787722379,13,,Aggregated,5.100000,0.000000,140,190,200,220,270,320,520,870,1900,1900,2000,10274,3,140,185.98153790184733,94.61562498472631,1972.919792169705,10268.148432937513
1787722380,13,,Aggregated,4.400000,0.000000,140,190,200,220,270,320,520,870,1900,1900,2000,10280,3,140,185.97173410608679,94.61562498472631,1972.919792169705,10267.658754863813
1787722381,13,,Aggregated,4.900000,0.000000,140,190,200,220,270,320,520,870,1900,1900,2000,10285,3,140,185.95505650078277,94.61562498472631,1972.919792169705,10267.401361205639
1787722382,13,,Aggregated,4.900000,0.000000,140,190,200,220,270,320,520,870,1900,1900,2000,10286,3,140,185.94850699023252,94.61562498472631,1972.919792169705,10267.162745479292
1787722383,13,,Aggregated,4.700000,0.000000,140,190,200,220,270,320,520,870,1900,1900,2000,10291,3,140,185.925426649653,94.61562498472631,1972.919792169705,10267.051792828684
1787722384,13,,Aggregated,4.700000,0.000000,140,190,200,220,270,320,520,870,1900,1900,2000,10295,3,140,185.91026926357543,94.61562498472631,1972.919792169705,10266.574939290918
1787722385,13,,Aggregated,4.200000,0.000000,140,190,200,220,270,320,520,870,1900,1900,2000,10299,3,140,185.8934091199893,94.61562498472631,1972.919792169705,10266.420720458296
1787722386,13,,Aggregated,4.200000,0.000000,140,190,200,220,270,320,520,860,1900,1900,2000,10304,3,140,185.87603815526197,94.61562498472631,1972.919792169705,10266.556579968945
1787722387,13,,Aggregated,3.900000,0.000000,140,190,200,220,270,320,520,860,1900,1900,2000,10309,3,140,185.8549067668905,94.61562498472631,1972.919792169705,10266.291880880784
1787722388,13,,Aggregated,4.300000,0.000000,140,190,200,220,270,320,520,860,1900,1900,2000,10318,3,140,185.84696525723365,94.61562498472631,1972.919792169705,10268.904632680753
1787722389,13,,Aggregated,4.300000,0.000000,140,190,200,220,270,320,520,860,1900,1900,2000,10323,3,140,185.8528448754551,94.61562498472631,1972.919792169705,10269.599728761019
1787722390,13,,Aggregated,4.700000,0.000000,140,190,200,220,270,320,520,860,1900,1900,2000,10324,3,140,185.85190071100737,94.61562498472631,1972.919792169705,10270.180647036033
1787722391,13,,Aggregated,4.900000,0.000000,140,190,200,220,270,320,520,860,1900,1900,2000,10331,3,140,185.83591076861026,94.61562498472631,1972.919792169705,10270.688897492983
1787722392,13,,Aggregated,4.400000,0.000000,140,190,200,220,270,320,520,860,1900,1900,2000,10334,3,140,185.82723635414305,94.61562498472631,1972.919792169705,10269.845171279272
1787722393,13,,Aggregated,4.500000,0.000000,140,190,200,220,270,320,520,860,1900,1900,2000,10342,3,140,185.81305328039122,94.61562498472631,1972.919792169705,10269.94623863856
1787722394,13,,Aggregated,4.500000,0.000000,140,190,200,220,270,320,520,860,1900,1900,2000,10344,3,140,185.8051058609663,94.61562498472631,1972.919792169705,10269.709783449343
1787722395,13,,Aggregated,5.100000,0.000000,140,190,200,220,270,320,520,860,1900,1900,2000,10348,3,140,185.80152075936616,94.61562498472631,1972.919792169705,10270.927908774642
1787722396,13,,Aggregated,4.900000,0.000000,140,190,200,220,270,320,510,860,1900,1900,2000,10351,3,140,185.80804633455043,94.61562498472631,1972.919792169705,10273.208385663222
1787722397,11,,Aggregated,4.800000,0.000000,140,190,200,220,270,320,510,860,1900,1900,2000,10353,3,140,185.79688911269287,94.61562498472631,1972.919792169705,10272.963295663092
1787722398,11,,Aggregated,4.600000,0.000000,140,190,200,220,270,320,510,860,1900,1900,2000,10360,3,140,185.757795570447,94.61562498472631,1972.919792169705,10271.52471042471
1787722399,11,,Aggregated,4.400000,0.000000,140,190,200,220,270,320,510,860,1900,1900,2000,10364,3,140,185.7629917728566,94.61562498472631,1972.919792169705,10272.631802392898
1787722400,11,,Aggregated,4.400000,0.000000,140,190,200,220,270,320,510,860,1900,1900,2000,10365,3,140,185.757089988789,94.61562498472631,1972.919792169705,10272.38494934877
1787722401,11,,Aggregated,4.000000,0.000000,140,190,200,220,270,320,510,860,1900,1900,2000,10368,3,140,185.74918379317188,94.61562498472631,1972.919792169705,10272.742669753086
1787722402,11,,Aggregated,4.100000,0.000000,140,190,200,220,270,320,510,860,1900,1900,2000,10372,3,140,185.74566549612632,94.61562498472631,1972.919792169705,10273.392499035866
1787722403,11,,Aggregated,3.800000,0.000000,140,190,200,220,270,320,510,860,1900,1900,2000,10380,3,140,185.74859174962114,94.61562498472631,1972.919792169705,10275.119460500964
1787722404,11,,Aggregated,3.800000,0.000000,140,190,200,220,270,320,510,860,1900,1900,2000,10383,3,140,185.7373042580036,94.61562498472631,1972.919792169705,10274.647500722334
1787722405,11,,Aggregated,3.800000,0.000000,140,190,200,220,270,320,510,860,1900,1900,2000,10386,3,140,185.72850616473667,94.61562498472631,1972.919792169705,10275.013383400732
1787722406,11,,Aggregated,3.800000,0.000000,140,190,200,220,270,320,510,860,1900,1900,2000,10389,3,140,185.72628714130963,94.61562498472631,1972.919792169705,10275.517277890076
1787722407,11,,Aggregated,4.000000,0.000000,140,190,200,220,270,320,510,860,1900,1900,2000,10394,3,140,185.70380258909378,94.61562498472631,1972.919792169705,10275.018760823552
1787722408,11,,Aggregated,3.900000,0.000000,140,190,200,220,270,320,510,860,1900,1900,2000,10399,3,140,185.6737867768955,94.61562498472631,1972.919792169705,10273.792383883067
1787722409,11,,Aggregated,3.900000,0.000000,140,190,200,220,270,320,510,860,1900,1900,2000,10400,3,140,185.66774280296298,94.61562498472631,1972.919792169705,10273.550673076923
1787722410,11,,Aggregated,3.700000,0.000000,140,190,200,220,270,320,510,860,1900,1900,2000,10406,3,140,185.65148616025886,94.61562498472631,1972.919792169705,10273.435229675188
1787722411,11,,Aggregated,3.700000,0.000000,140,190,200,220,270,320,510,860,1900,1900,2000,10409,3,140,185.65253406758245,94.61562498472631,1972.919792169705,10272.9426457873
1787722412,11,,Aggregated,3.700000,0.000000,140,190,200,220,270,320,510,860,1900,1900,2000,10412,3,140,185.64075217529066,94.61562498472631,1972.919792169705,10273.446696119861
1787722413,11,,Aggregated,4.100000,0.000000,140,190,200,220,270,320,510,860,1900,1900,2000,10417,3,140,185.6372756335008,94.61562498472631,1972.919792169705,10273.991360276472
1787722414,11,,Aggregated,4.100000,0.000000,140,190,200,220,270,320,510,860,1900,1900,2000,10424,3,140,185.63469719551455,94.61562498472631,1972.919792169705,10274.761991557943
1787722415,11,,Aggregated,3.500000,0.000000,140,190,200,220,270,320,510,860,1900,1900,2000,10429,3,140,185.62970316577898,94.61562498472631,1972.919792169705,10276.028286508774
1787722416,11,,Aggregated,4.000000,0.000000,140,190,200,220,270,320,510,860,1900,1900,2000,10434,3,140,185.61486153283994,94.61562498472631,1972.919792169705,10276.990128426298
1787722417,11,,Aggregated,4.000000,0.000000,140,190,200,220,270,320,510,860,1900,1900,2000,10434,3,140,185.61486153283994,94.61562498472631,1972.919792169705,10276.990128426298
1787722418,11,,Aggregated,4.200000,0.000000,140,190,200,220,270,320,510,860,1900,1900,2000,10439,3,140,185.6287721947224,94.61562498472631,1972.919792169705,10276.862438930932
1787722419,11,,Aggregated,4.200000,0.000000,140,190,200,220,270,320,510,860,1900,1900,2000,10442,3,140,185.62880053148893,94.61562498472631,1972.919792169705,10278.310955755602
1787722420,11,,Aggregated,4.000000,0.000000,140,190,200,220,270,320,510,860,1900,1900,2000,10448,3,140,185.6372232670032,94.61562498472631,1972.919792169705,10280.14040964778
1787722421,11,,Aggregated,4.000000,0.000000,140,190,200,220,270,320,510,860,1900,1900,2000,10451,3,140,185.61931491668872,94.61562498472631,1972.919792169705,10279.668070041145
1787722422,11,,Aggregated,4.000000,0.000000,140,190,200,220,270,320,510,860,1900,1900,2000,10453,3,140,185.6093580617529,94.61562498472631,1972.919792169705,10279.184540323353
1787722423,11,,Aggregated,4.200000,0.000000,140,190,200,220,270,320,510,860,1900,1900,2000,10460,3,140,185.64185573893954,94.61562498472631,1972.919792169705,10280.335564053537
1787722424,11,,Aggregated,4.000000,0.000000,140,190,200,220,270,320,510,860,1900,1900,2000,10463,3,140,185.63035979826392,94.61562498472631,1972.919792169705,10279.843543916659
1787722425,11,,Aggregated,4.400000,0.000000,140,190,200,220,270,320,510,860,1900,1900,2000,10467,3,140,185.610881041474,94.61562498472631,1972.919792169705,10278.874080443298
1787722426,11,,Aggregated,4.400000,0.000000,140,190,200,220,270,320,510,860,1900,1900,2000,10471,3,140,185.60909967062005,94.61562498472631,1972.919792169705,10279.938687804412
1787722427,11,,Aggregated,3.900000,0.000000,140,190,200,220,270,320,510,860,1900,1900,2000,10478,3,140,185.61530724950623,94.61562498472631,1972.919792169705,10281.904561939302
1787722428,11,,Aggregated,4.000000,0.000000,140,190,200,220,270,320,510,860,1900,1900,2000,10481,3,140,185.6307912557365,94.61562498472631,1972.919792169705,10281.06077664345
1787722429,11,,Aggregated,3.900000,0.000000,140,190,200,220,270,320,510,860,1900,1900,2000,10485,3,140,185.61511540549603,94.61562498472631,1972.919792169705,10281.322079160705
1787722430,11,,Aggregated,4.400000,0.000000,140,190,200,220,270,320,510,860,1900,1900,2000,10489,3,140,185.6048304597991,94.61562498472631,1972.919792169705,10281.43092763848
1787722431,11,,Aggregated,4.200000,0.000000,140,190,200,220,270,320,510,860,1900,1900,2000,10490,3,140,185.59806680027572,94.61562498472631,1972.919792169705,10281.1807435653
1787722432,11,,Aggregated,4.200000,0.000000,140,190,200,220,270,320,510,860,1900,1900,2000,10497,3,140,185.59783123205307,94.61562498472631,1972.919792169705,10281.517100123845
1787722433,11,,Aggregated,3.900000,0.000000,140,190,200,220,270,320,510,860,1900,1900,2000,10500,3,140,185.58564280405906,94.61562498472631,1972.919792169705,10281.73161904762
1787722434,11,,Aggregated,4.100000,0.000000,140,190,200,220,270,320,510,860,1900,1900,2000,10505,3,140,185.61082040948233,94.61562498472631,1972.919792169705,10281.479105188006
1787722435,11,,Aggregated,4.200000,0.000000,140,190,200,220,270,320,510,860,1900,1900,2000,10507,3,140,185.600472370303,94.61562498472631,1972.919792169705,10280.994670219854
1787722436,11,,Aggregated,4.100000,0.000000,140,190,200,220,270,320,510,860,1900,1900,2000,10511,3,140,185.5931348494665,94.61562498472631,1972.919792169705,10282.465607458853
1787722437,11,,Aggregated,4.000000,0.000000,140,190,200,220,270,320,510,860,1900,1900,2000,10515,3,140,185.56980762670116,94.61562498472631,1972.919792169705,10281.504707560627
1787722438,11,,Aggregated,3.600000,0.000000,140,190,200,220,270,320,510,860,1900,1900,2000,10523,3,140,185.56635921197403,94.61562498472631,1972.919792169705,10282.844816117076
1787722439,11,,Aggregated,4.000000,0.000000,140,190,200,220,270,320,510,860,1900,1900,2000,10526,3,140,185.57571297535435,94.61562498472631,1972.919792169705,10283.358065741972
1787722440,11,,Aggregated,3.800000,0.000000,140,190,200,220,270,320,510,860,1900,1900,2000,10530,3,140,185.5808421599715,94.61562498472631,1972.919792169705,10283.829819563152
1787722441,11,,Aggregated,3.800000,0.000000,140,190,200,220,270,320,510,860,1900,1900,2000,10533,3,140,185.5667256545254,94.61562498472631,1972.919792169705,10283.008544574195
1787722442,11,,Aggregated,4.100000,0.000000,140,190,200,220,270,320,510,860,1900,1900,2000,10536,3,140,185.56007933382588,94.61562498472631,1972.919792169705,10283.225607441154
1787722443,11,,Aggregated,4.400000,0.000000,140,190,200,220,270,320,510,860,1900,1900,2000,10541,3,140,185.54921067608635,94.61562498472631,1972.919792169705,10283.716914903709
1787722444,11,,Aggregated,4.100000,0.000000,140,190,200,220,270,320,510,860,1900,1900,2000,10544,3,140,185.53788736765998,94.61562498472631,1972.919792169705,10283.239472685887
1787722445,11,,Aggregated,4.000000,0.000000,140,190,200,220,270,320,510,860,1900,1900,2000,10546,3,140,185.52498685799821,94.61562498472631,1972.919792169705,10282.551014602694
1787722446,11,,Aggregated,4.000000,0.000000,140,190,200,220,270,320,510,860,1900,1900,2000,10550,3,140,185.50820369538255,94.61562498472631,1972.919792169705,10282.428530805688
1787722447,11,,Aggregated,3.900000,0.000000,140,190,200,220,270,320,500,860,1900,1900,2000,10554,3,140,185.49187573714943,94.61562498472631,1972.919792169705,10282.501705514496
1787722448,11,,Aggregated,4.200000,0.000000,140,190,200,220,270,320,500,860,1900,1900,2000,10559,3,140,185.48785976715666,94.61562498472631,1972.919792169705,10282.79278340752
1787722449,11,,Aggregated,3.700000,0.000000,140,190,200,220,270,320,500,860,1900,1900,2000,10564,3,140,185.47129526676432,94.61562498472631,1972.919792169705,10282.63574403635
1787722450,11,,Aggregated,4.000000,0.000000,140,190,200,220,270,320,500,860,1900,1900,2000,10565,3,140,185.4692632976833,94.61562498472631,1972.919792169705,10282.39630856602
1787722451,11,,Aggregated,3.500000,0.000000,140,190,200,220,270,320,500,860,1900,1900,2000,10567,3,140,185.45862396988989,94.61562498472631,1972.919792169705,10281.81035298571
1787722452,11,,Aggregated,3.600000,0.000000,140,190,200,220,270,320,500,860,1900,1900,2000,10575,3,140,185.4641667128393,94.61562498472631,1972.919792169705,10283.188936170212
1787722453,11,,Aggregated,3.200000,0.000000,140,190,200,220,270,320,500,860,1900,1900,2000,10577,3,140,185.45881047606002,94.61562498472631,1972.919792169705,10283.645268034414
1787722454,11,,Aggregated,3.500000,0.000000,140,190,200,220,270,320,500,860,1900,1900,2000,10586,3,140,185.50646496037908,94.61562498472631,1972.919792169705,10284.793595314566
1787722455,11,,Aggregated,3.600000,0.000000,140,190,200,220,270,320,500,860,1900,1900,2000,10591,3,140,185.49170942201306,94.61562498472631,1972.919792169705,10284.940893211216
1787722456,12,,Aggregated,3.500000,0.000000,140,190,200,220,270,320,500,860,1900,1900,2000,10595,3,140,185.47950150122503,94.61562498472631,1972.919792169705,10284.208966493628
1787722457,12,,Aggregated,4.400000,0.000000,140,190,200,220,270,320,500,860,1900,1900,2000,10598,3,140,185.47716114959067,94.61562498472631,1972.919792169705,10285.62540101906
1787722458,12,,Aggregated,4.300000,0.000000,140,190,200,220,270,320,500,860,1900,1900,2000,10603,3,140,185.47587207116055,94.61562498472631,1972.919792169705,10284.709138922946
1787722459,12,,Aggregated,4.600000,0.000000,140,190,200,220,270,320,500,860,1900,1900,2000,10606,3,140,185.46367777169365,94.61562498472631,1972.919792169705,10285.325004714312
1787722460,12,,Aggregated,4.200000,0.000000,140,190,200,220,270,320,500,860,1900,1900,2000,10610,3,140,185.45904030674905,94.61562498472631,1972.919792169705,10285.410744580584
1787722461,12,,Aggregated,4.300000,0.000000,140,190,200,220,270,320,500,860,1900,1900,2000,10612,3,140,185.4486618085866,94.61562498472631,1972.919792169705,10284.926121372031
1787722462,12,,Aggregated,4.200000,0.000000,140,190,200,220,270,320,500,860,1900,1900,2000,10616,3,140,185.44199386040557,94.61562498472631,1972.919792169705,10285.2109080633
1787722463,12,,Aggregated,4.500000,0.000000,140,190,200,220,270,320,500,860,1900,1900,2000,10622,3,140,185.4379884348479,94.61562498472631,1972.919792169705,10285.628977593673
1787722464,12,,Aggregated,4.400000,0.000000,140,190,200,220,270,320,500,860,1900,1900,2000,10626,3,140,185.44786038055912,94.61562498472631,1972.919792169705,10286.009034443818
1787722465,12,,Aggregated,4.200000,0.000000,140,190,200,220,270,320,500,860,1900,1900,2000,10631,3,140,185.44416068852937,94.61562498472631,1972.919792169705,10287.473991157935
1787722466,12,,Aggregated,4.200000,0.000000,140,190,200,220,270,320,500,860,1900,1900,2000,10632,3,140,185.44391977723913,94.61562498472631,1972.919792169705,10287.475921745674
1787722467,12,,Aggregated,3.900000,0.000000,140,190,200,220,270,320,500,860,1900,1900,2000,10638,3,140,185.44044406355056,94.61562498472631,1972.919792169705,10287.228802406467
1787722468,12,,Aggregated,4.000000,0.000000,140,190,200,220,270,310,500,860,1900,1900,2000,10643,3,140,185.4269805731703,94.61562498472631,1972.919792169705,10288.02358357606
1787722469,12,,Aggregated,3.700000,0.000000,140,190,200,220,270,310,500,860,1900,1900,2000,10650,3,140,185.40324202939834,94.61562498472631,1972.919792169705,10287.27352112676
1787722470,12,,Aggregated,4.100000,0.000000,140,190,200,220,270,310,500,860,1900,1900,2000,10656,3,140,185.3871805309631,94.61562498472631,1972.919792169705,10286.524587087088
1787722471,12,,Aggregated,4.200000,0.000000,140,190,200,220,270,310,500,860,1900,1900,2000,10659,3,140,185.38934315956894,94.61562498472631,1972.919792169705,10288.074397223005
1787722472,12,,Aggregated,4.400000,0.000000,140,190,200,220,270,310,500,860,1900,1900,2000,10661,3,140,185.37935525391276,94.61562498472631,1972.919792169705,10287.592908732764
1787722473,12,,Aggregated,4.600000,0.000000,140,190,200,220,270,310,500,860,1900,1900,2000,10669,3,140,185.3743158008279,94.61562498472631,1972.919792169705,10286.972724716468
1787722474,12,,Aggregated,4.600000,0.000000,140,190,200,220,270,310,500,860,1900,1900,2000,10672,3,140,185.35895173772042,94.61562498472631,1972.919792169705,10286.486787856073
1787722475,12,,Aggregated,4.400000,0.000000,140,190,200,220,270,310,500,860,1900,1900,2000,10679,3,140,185.33613765596982,94.61562498472631,1972.919792169705,10287.107968910947
1787722476,12,,Aggregated,4.800000,0.000000,140,190,200,220,270,310,500,860,1900,1900,2000,10682,3,140,185.33287113323613,94.61562498472631,1972.919792169705,10288.390657180304
1787722477,12,,Aggregated,4.500000,0.000000,140,190,200,220,270,310,500,860,1900,1900,2000,10686,3,140,185.3421077292762,94.61562498472631,1972.919792169705,10289.30750514692
1787722478,12,,Aggregated,4.700000,0.000000,140,190,200,220,270,310,500,860,1900,1900,2000,10695,3,140,185.36188391661216,94.61562498472631,1972.919792169705,10291.54773258532
1787722479,12,,Aggregated,4.900000,0.000000,140,190,200,220,270,310,500,860,1900,1900,2000,10697,3,140,185.35153234834675,94.61562498472631,1972.919792169705,10290.968495839956
1787722480,12,,Aggregated,4.600000,0.000000,140,190,200,220,270,310,490,850,1900,1900,2000,10701,3,140,185.36251065984533,94.61562498472631,1972.919792169705,10291.243435192973
1787722482,12,,Aggregated,5.000000,0.000000,140,190,200,220,270,310,490,850,1900,1900,2000,10703,3,140,185.35126027637034,94.61562498472631,1972.919792169705,10290.773054283845
1787722483,12,,Aggregated,4.700000,0.000000,140,190,200,220,270,320,500,860,1900,1900,2000,10708,3,140,185.52602753677218,94.61562498472631,1972.919792169705,10291.587504669405
1787722484,12,,Aggregated,4.500000,0.000000,140,190,200,220,270,320,500,860,1900,1900,2000,10710,3,140,185.52835034900002,94.61562498472631,1972.919792169705,10291.350420168068
1787722485,12,,Aggregated,4.400000,0.000000,140,190,200,220,270,320,500,860,1900,1900,2000,10717,3,140,185.49385602590144,94.61562498472631,1972.919792169705,10290.753849024914
1787722486,12,,Aggregated,4.000000,0.000000,140,190,200,220,270,310,500,860,1900,1900,2000,10723,3,140,185.4880139835135,94.61562498472631,1972.919792169705,10291.720787093163
1787722487,12,,Aggregated,4.000000,0.000000,140,190,200,220,270,310,500,860,1900,1900,2000,10724,3,140,185.482121486416,94.61562498472631,1972.919792169705,10291.48787765759
1787722488,12,,Aggregated,4.500000,0.000000,140,190,200,220,270,310,500,860,1900,1900,2000,10733,3,140,185.4683180870201,94.61562498472631,1972.919792169705,10292.434640827354
1787722489,12,,Aggregated,4.300000,0.000000,140,190,200,220,270,310,500,860,1900,1900,2000,10735,3,140,185.4706489430063,94.61562498472631,1972.919792169705,10292.880763856543
1787722490,12,,Aggregated,4.700000,0.000000,140,190,200,220,270,310,500,860,1900,1900,2000,10739,3,140,185.45072820124415,94.61562498472631,1972.919792169705,10291.926529472017
1787722491,12,,Aggregated,4.700000,0.000000,140,190,200,220,270,310,500,860,1900,1900,2000,10745,3,140,185.44343610078775,94.61562498472631,1972.919792169705,10291.879013494648
1787722492,12,,Aggregated,4.000000,0.000000,140,190,200,220,270,310,500,860,1900,1900,2000,10749,3,140,185.44384066210168,94.61562498472631,1972.919792169705,10292.222811424319
1787722493,12,,Aggregated,4.100000,0.000000,140,190,200,220,270,310,500,860,1900,1900,2000,10755,3,140,185.4332691602762,94.61562498472631,1972.919792169705,10292.232078103209
1787722494,12,,Aggregated,4.400000,0.000000,140,190,200,220,270,310,500,860,1900,1900,2000,10757,3,140,185.42096056294747,94.61562498472631,1972.919792169705,10291.748721762573
1787722495,12,,Aggregated,4.600000,0.000000,140,190,200,220,270,310,500,860,1900,1900,2000,10762,3,140,185.39162406546774,94.61562498472631,1972.919792169705,10290.566251626093
1787722496,12,,Aggregated,4.700000,0.000000,140,190,200,220,270,310,500,860,1900,1900,2000,10763,3,140,185.3856127808011,94.61562498472631,1972.919792169705,10290.329554956796
1787722497,12,,Aggregated,4.500000,0.000000,140,190,200,220,270,310,500,860,1900,1900,2000,10769,3,140,185.37899933299465,94.61562498472631,1972.919792169705,10291.51908255177
1787722498,12,,Aggregated,4.500000,0.000000,140,190,200,220,270,310,500,860,1900,1900,2000,10769,3,140,185.37899933299465,94.61562498472631,1972.919792169705,10291.51908255177
1787722499,12,,Aggregated,4.400000,0.000000,140,190,200,220,270,310,500,860,1900,1900,2000,10773,3,140,185.35553431652772,94.61562498472631,1972.919792169705,10290.475912002228
1787722500,12,,Aggregated,4.400000,0.000000,140,190,200,220,270,310,500,860,1900,1900,2000,10778,3,140,185.33370899298174,94.61562498472631,1972.919792169705,10289.288272406755
1787722501,12,,Aggregated,3.600000,0.000000,140,190,200,220,270,310,500,860,1900,1900,2000,10781,3,140,185.3537251747595,94.61562498472631,1972.919792169705,10290.245988312772
1787722502,12,,Aggregated,4.000000,0.000000,140,190,200,220,270,310,500,860,1900,1900,2000,10788,3,140,185.34545170802028,94.61562498472631,1972.919792169705,10290.412680756395
1787722503,12,,Aggregated,3.600000,0.000000,140,190,200,220,270,310,500,860,1900,1900,2000,10795,3,140,185.34107972283715,94.61562498472631,1972.919792169705,10289.343307086614
1787722504,12,,Aggregated,3.600000,0.000000,140,190,200,220,270,310,500,860,1900,1900,2000,10798,3,140,185.3292595526898,94.61562498472631,1972.919792169705,10288.780607519911
1787722505,12,,Aggregated,3.800000,0.000000,140,190,200,220,270,310,490,850,1900,1900,2000,10806,3,140,185.3220217340501,94.61562498472631,1972.919792169705,10289.759578012216
1787722506,12,,Aggregated,4.100000,0.000000,140,190,200,220,270,310,490,850,1900,1900,2000,10808,3,140,185.3092731795943,94.61562498472631,1972.919792169705,10289.189304219097
1787722507,12,,Aggregated,4.200000,0.000000,140,190,200,220,270,310,490,850,1900,1900,2000,10812,3,140,185.31417472337455,94.61562498472631,1972.919792169705,10291.65658527562
1787722508,12,,Aggregated,4.400000,0.000000,140,190,200,220,270,310,490,850,1900,1900,2000,10815,3,140,185.3001255956894,94.61562498472631,1972.919792169705,10290.955062413315
1787722509,12,,Aggregated,4.300000,0.000000,140,190,200,220,270,310,490,850,1900,1900,2000,10823,3,140,185.27821879560295,94.61562498472631,1972.919792169705,10289.445994641042
1787722510,12,,Aggregated,4.500000,0.000000,140,190,200,220,270,310,490,850,1900,1900,2000,10826,3,140,185.2690314197842,94.61562498472631,1972.919792169705,10288.984019951968
1787722511,12,,Aggregated,4.900000,0.000000,140,190,200,220,270,310,490,850,1900,1900,2000,10829,3,140,185.26140369069986,94.61562498472631,1972.919792169705,10289.462369563209
1787722512,12,,Aggregated,4.700000,0.000000,140,190,200,220,270,310,490,850,1900,1900,2000,10835,3,140,185.25913227426878,94.61562498472631,1972.919792169705,10291.489432395016
1787722513,12,,Aggregated,4.700000,0.000000,140,190,200,220,270,310,490,850,1900,1900,2000,10838,3,140,185.24681077612703,94.61562498472631,1972.919792169705,10291.261671895183
1787722514,12,,Aggregated,4.700000,0.000000,140,190,200,220,270,310,490,850,1900,1900,2000,10842,3,140,185.2299972200497,94.61562498472631,1972.919792169705,10291.105976757055
1787722515,12,,Aggregated,4.300000,0.000000,140,190,200,220,270,310,490,850,1900,1900,2000,10848,3,140,185.21850228787912,94.61562498472631,1972.919792169705,10291.398230088496
1787722516,12,,Aggregated,4.400000,0.000000,140,190,200,220,270,310,490,850,1900,1900,2000,10853,3,140,185.212401646553,94.61562498472631,1972.919792169705,10291.878835345065
1787722517,12,,Aggregated,4.400000,0.000000,140,190,200,220,270,310,490,850,1900,1900,2000,10855,3,140,185.20160024835099,94.61562498472631,1972.919792169705,10291.415845232612
1787722518,12,,Aggregated,4.400000,0.000000,140,190,200,220,270,310,490,850,1900,1900,2000,10861,3,140,185.21120128865016,94.61562498472631,1972.919792169705,10291.053494153393
1787722519,12,,Aggregated,4.400000,0.000000,140,190,200,220,270,310,490,850,1900,1900,2000,10867,3,140,185.2120816490528,94.61562498472631,1972.919792169705,10293.443820741695
1787722520,12,,Aggregated,4.400000,0.000000,140,190,200,220,270,310,490,850,1900,1900,2000,10871,3,140,185.20473346420687,94.61562498472631,1972.919792169705,10293.172845184436
1787722521,12,,Aggregated,4.500000,0.000000,140,190,200,220,270,310,490,850,1900,1900,2000,10878,3,140,185.1730595188836,94.61562498472631,1972.919792169705,10292.347674204817
1787722522,12,,Aggregated,4.600000,0.000000,140,190,200,220,270,310,490,850,1900,1900,2000,10880,3,140,185.16545185621533,94.61562498472631,1972.919792169705,10291.866636029412
1787722523,12,,Aggregated,4.700000,0.000000,140,190,200,220,270,310,490,850,1900,1900,2000,10885,3,140,185.16782804588638,94.61562498472631,1972.919792169705,10291.871658245293
1787722524,12,,Aggregated,4.500000,0.000000,140,190,200,220,270,310,490,850,1900,1900,2000,10888,3,140,185.15712300142374,94.61562498472631,1972.919792169705,10291.16789125643
1787722525,12,,Aggregated,4.500000,0.000000,140,190,200,220,270,310,490,850,1900,1900,2000,10894,3,140,185.1630649468358,94.61562498472631,1972.919792169705,10293.01817514228
1787722526,12,,Aggregated,4.500000,0.000000,140,190,200,220,270,310,490,850,1900,1900,2000,10898,3,140,185.1534676154148,94.61562498472631,1972.919792169705,10292.223160212883
1787722527,12,,Aggregated,4.500000,0.000000,140,190,200,220,270,310,490,830,1900,1900,2000,10902,3,140,185.13832558924153,94.61562498472631,1972.919792169705,10292.328196661163
1787722528,12,,Aggregated,4.500000,0.000000,140,190,200,220,270,310,490,830,1900,1900,2000,10906,3,140,185.12755682183914,94.61562498472631,1972.919792169705,10291.629745094444
1787722529,12,,Aggregated,4.700000,0.000000,140,190,200,220,270,310,490,830,1900,1900,2000,10911,3,140,185.10714027029064,94.61562498472631,1972.919792169705,10290.693978553752
1787722530,12,,Aggregated,4.400000,0.000000,140,190,200,220,270,310,490,830,1900,1900,2000,10914,3,140,185.11885253923137,94.61562498472631,1972.919792169705,10291.03527579256
1787722531,12,,Aggregated,4.300000,0.000000,140,190,200,220,270,310,490,830,1900,1900,2000,10919,3,140,185.12611268861409,94.61562498472631,1972.919792169705,10292.54309002656
1787722532,12,,Aggregated,4.200000,0.000000,140,190,200,220,270,310,490,830,1900,1900,2000,10927,3,140,185.09197657839826,94.61562498472631,1972.919792169705,10291.732497483299
1787722533,12,,Aggregated,4.300000,0.000000,140,190,200,220,270,310,490,830,1900,1900,2000,10929,3,140,185.07999357489942,94.61562498472631,1972.919792169705,10291.265166071918
1787722534,12,,Aggregated,4.200000,0.000000,140,190,200,220,270,310,490,830,1900,1900,2000,10935,3,140,185.08939078151346,94.61562498472631,1972.919792169705,10290.634110653864
1787722535,12,,Aggregated,4.600000,0.000000,140,190,200,220,270,310,490,830,1900,1900,2000,10939,3,140,185.07808160295366,94.61562498472631,1972.919792169705,10290.53524088125
1787722536,12,,Aggregated,4.400000,0.000000,140,190,200,220,270,310,490,830,1900,1900,2000,10940,3,140,185.07216989913601,94.61562498472631,1972.919792169705,10290.204296160877
1787722537,12,,Aggregated,4.300000,0.000000,140,190,200,220,270,310,490,830,1900,1900,2000,10946,3,140,185.05935913315813,94.61562498472631,1972.919792169705,10291.014069066325
1787722538,12,,Aggregated,4.300000,0.000000,140,190,200,220,270,310,490,830,1900,1900,2000,10949,3,140,185.05157296990157,94.61562498472631,1972.919792169705,10290.304411361769
1787722539,12,,Aggregated,4.000000,0.000000,140,190,200,220,270,310,490,830,1900,1900,2000,10956,3,140,185.02838710045347,94.61562498472631,1972.919792169705,10289.446422051844
1787722540,12,,Aggregated,4.200000,0.000000,140,190,200,220,270,310,490,830,1900,1900,2000,10962,3,140,185.0296818201655,94.61562498472631,1972.919792169705,10291.063948184637
1787722541,12,,Aggregated,4.200000,0.000000,140,190,200,220,270,310,490,830,1900,1900,2000,10964,3,140,185.02759984072634,94.61562498472631,1972.919792169705,10290.836647209047
1787722542,12,,Aggregated,4.700000,0.000000,140,190,200,220,270,310,490,830,1900,1900,2000,10969,3,140,185.0013713178879,94.61562498472631,1972.919792169705,10289.484091530678
1787722543,12,,Aggregated,4.600000,0.000000,140,190,200,220,270,310,490,830,1900,1900,2000,10975,3,140,184.9816460846573,94.61562498472631,1972.919792169705,10290.073986332574
1787722544,12,,Aggregated,4.500000,0.000000,140,190,200,220,270,310,490,830,1900,1900,2000,10978,3,140,184.98120205445915,94.61562498472631,1972.919792169705,10290.648296593186
1787722545,12,,Aggregated,4.500000,0.000000,140,190,200,220,270,310,490,830,1900,1900,2000,10984,3,140,184.9636321720382,94.61562498472631,1972.919792169705,10289.85560815732
1787722546,12,,Aggregated,4.600000,0.000000,140,190,200,220,270,310,490,830,1900,1900,2000,10989,3,140,184.9436348380894,94.61562498472631,1972.919792169705,10289.69251069251
1787722547,12,,Aggregated,4.300000,0.000000,140,190,200,220,270,310,490,830,1900,1900,2000,10994,3,140,184.9259963375029,94.61562498472631,1972.919792169705,10288.452610514827
1787722548,12,,Aggregated,4.600000,0.000000,140,190,200,220,270,310,490,830,1900,1900,2000,11001,3,140,184.91577072416655,94.61562498472631,1972.919792169705,10289.268157440232
1787722549,12,,Aggregated,5.000000,0.000000,140,190,200,220,270,310,490,830,1900,1900,2000,11004,3,140,184.90510034865014,94.61562498472631,1972.919792169705,10289.603416939295
1787722550,12,,Aggregated,5.300000,0.000000,140,190,200,220,270,310,490,830,1900,1900,2000,11009,3,140,184.8843239913108,94.61562498472631,1972.919792169705,10289.505041329821
1787722551,12,,Aggregated,5.300000,0.000000,140,190,200,220,270,310,490,830,1900,1900,2000,11011,3,140,184.8731822824885,94.61562498472631,1972.919792169705,10289.269911906276
1787722552,12,,Aggregated,4.700000,0.000000,140,190,200,220,270,310,490,830,1900,1900,2000,11017,3,140,184.86581915346036,94.61562498472631,1972.919792169705,10288.3726967414
1787722553,12,,Aggregated,4.700000,0.000000,140,190,200,220,270,310,490,830,1900,1900,2000,11023,3,140,184.85081687796134,94.61562498472631,1972.919792169705,10289.016148054068
1787722554,12,,Aggregated,4.900000,0.000000,140,190,200,220,270,310,490,830,1900,1900,2000,11024,3,140,184.84545040255412,94.61562498472631,1972.919792169705,10288.792815674891
1787722555,12,,Aggregated,4.600000,0.000000,140,190,200,220,270,310,490,830,1900,1900,2000,11030,3,140,184.84316202296841,94.61562498472631,1972.919792169705,10290.229102447869
1787722556,12,,Aggregated,4.600000,0.000000,140,190,200,220,270,310,490,830,1900,1900,2000,11032,3,140,184.83822674850478,94.61562498472631,1972.919792169705,10290.006254532269
1787722557,12,,Aggregated,4.700000,0.000000,140,190,200,220,270,310,490,830,1900,1900,2000,11040,3,140,184.82363886145902,94.61562498472631,1972.919792169705,10289.98097826087
1787722558,12,,Aggregated,4.600000,0.000000,140,190,200,220,270,310,490,830,1900,1900,2000,11045,3,140,184.81719089617582,94.61562498472631,1972.919792169705,10290.757356269805
1787722559,12,,Aggregated,4.300000,0.000000,140,190,200,220,270,310,490,830,1900,1900,2000,11050,3,140,184.8068922576895,94.61562498472631,1972.919792169705,10291.655837104072
1787722560,12,,Aggregated,4.300000,0.000000,140,190,200,220,270,310,480,830,1900,1900,2000,11056,3,140,184.78746453558557,94.61562498472631,1972.919792169705,10291.187771345876
1787722561,12,,Aggregated,4.500000,0.000000,140,190,200,220,270,310,480,830,1900,1900,2000,11059,3,140,184.7823766642808,94.61562498472631,1972.919792169705,10292.452120444887
1787722562,12,,Aggregated,4.600000,0.000000,140,190,200,220,270,310,480,830,1900,1900,2000,11060,3,140,184.7770147405356,94.61562498472631,1972.919792169705,10292.223236889693
1787722563,12,,Aggregated,4.600000,0.000000,140,190,200,220,270,310,480,830,1900,1900,2000,11067,3,140,184.79910517271983,94.61562498472631,1972.919792169705,10292.110779795788
1787722564,12,,Aggregated,4.400000,0.000000,140,190,200,220,270,310,480,830,1900,1900,2000,11071,3,140,184.79869648826903,94.61562498472631,1972.919792169705,10292.222021497606
1787722565,12,,Aggregated,4.600000,0.000000,140,190,200,220,270,310,480,830,1900,1900,2000,11075,3,140,184.77622714343545,94.61562498472631,1972.919792169705,10291.115304740406
1787722566,12,,Aggregated,4.600000,0.000000,140,190,200,220,270,310,480,830,1900,1900,2000,11078,3,140,184.76794063960463,94.61562498472631,1972.919792169705,10291.683246073299
1787722567,12,,Aggregated,4.700000,0.000000,140,190,200,220,270,310,480,830,1900,1900,2000,11085,3,140,184.75596895096945,94.61562498472631,1972.919792169705,10292.251601262968
1787722568,12,,Aggregated,4.600000,0.000000,140,190,200,220,270,310,480,830,1900,1900,2000,11089,3,140,184.7471888910716,94.61562498472631,1972.919792169705,10292.32157994409
1787722569,12,,Aggregated,4.300000,0.000000,140,190,200,220,270,310,480,830,1900,1900,2000,11091,3,140,184.74169018693146,94.61562498472631,1972.919792169705,10292.859255252006
1787722570,12,,Aggregated,4.300000,0.000000,140,190,200,220,270,310,480,830,1900,1900,2000,11096,3,140,184.72820849375006,94.61562498472631,1972.919792169705,10292.176279740446
1787722571,12,,Aggregated,4.100000,0.000000,140,190,200,220,270,310,480,830,1900,1900,2000,11097,3,140,184.72301247605637,94.61562498472631,1972.919792169705,10291.940614580517
1787722572,12,,Aggregated,4.100000,0.000000,140,190,200,220,270,310,480,820,1900,1900,2000,11103,3,140,184.72119300981618,94.61562498472631,1972.919792169705,10292.48086102855
1787722573,12,,Aggregated,3.900000,0.000000,140,190,200,220,270,310,480,820,1900,1900,2000,11107,3,140,184.7352524862749,94.61562498472631,1972.919792169705,10293.725758530656
1787722574,12,,Aggregated,3.800000,0.000000,140,190,200,220,270,310,480,820,1900,1900,2000,11109,3,140,184.73492246809454,94.61562498472631,1972.919792169705,10294.289404986948
1787722575,12,,Aggregated,3.900000,0.000000,140,190,200,220,270,310,480,820,1900,1900,2000,11115,3,140,184.73730824983693,94.61562498472631,1972.919792169705,10294.527215474583
1787722576,13,,Aggregated,3.900000,0.000000,140,190,200,220,270,310,480,820,1900,1900,2000,11118,3,140,184.7261197634524,94.61562498472631,1972.919792169705,10294.060712358338
1787722577,13,,Aggregated,3.900000,0.000000,140,190,200,220,270,310,480,820,1900,1900,2000,11125,3,140,184.70426596531624,94.61562498472631,1972.919792169705,10293.916404494383
1787722578,13,,Aggregated,3.900000,0.000000,140,190,200,220,270,310,480,820,1900,1900,2000,11127,3,140,184.69374217264993,94.61562498472631,1972.919792169705,10293.363080794465
1787722579,13,,Aggregated,4.200000,0.000000,140,190,200,220,270,310,480,820,1900,1900,2000,11132,3,140,184.68778049666585,94.61562498472631,1972.919792169705,10293.588842975207
1787722580,13,,Aggregated,4.100000,0.000000,140,190,200,220,270,310,480,820,1900,1900,2000,11139,3,140,184.6711864161401,94.61562498472631,1972.919792169705,10293.862465212316
1787722581,13,,Aggregated,4.000000,0.000000,140,190,200,220,270,310,480,820,1900,1900,2000,11145,3,140,184.64984844378984,94.61562498472631,1972.919792169705,10293.534768954689
1787722582,13,,Aggregated,4.100000,0.000000,140,190,200,220,270,310,480,820,1900,1900,2000,11149,3,140,184.64191124288513,94.61562498472631,1972.919792169705,10294.009148802583
1787722583,13,,Aggregated,4.500000,0.000000,140,190,200,220,270,310,480,820,1900,1900,2000,11155,3,140,184.62032507370336,94.61562498472631,1972.919792169705,10292.768803227253
1787722584,13,,Aggregated,4.500000,0.000000,140,190,200,220,270,310,480,820,1900,1900,2000,11155,3,140,184.62032507370336,94.61562498472631,1972.919792169705,10292.768803227253
1787722585,13,,Aggregated,4.600000,0.000000,140,190,200,220,270,310,480,820,1900,1900,2000,11157,3,140,184.6088056964562,94.61562498472631,1972.919792169705,10292.295957694721
1787722586,13,,Aggregated,4.700000,0.000000,140,190,200,220,270,310,480,820,1900,1900,2000,11167,3,140,184.5759376127907,94.61562498472631,1972.919792169705,10292.717202471567
1787722587,13,,Aggregated,4.400000,0.000000,140,190,200,220,270,310,480,820,1900,1900,2000,11174,3,140,184.5625243038846,94.61562498472631,1972.919792169705,10293.383479505996
1787722588,13,,Aggregated,4.400000,0.000000,140,190,200,220,270,310,480,820,1900,1900,2000,11174,3,140,184.5625243038846,94.61562498472631,1972.919792169705,10293.383479505996
1787722589,13,,Aggregated,4.700000,0.000000,140,190,200,220,270,310,480,820,1900,1900,2000,11178,3,140,184.54762632587995,94.61562498472631,1972.919792169705,10292.695920558239
1787722590,13,,Aggregated,4.800000,0.000000,140,190,200,220,270,310,480,820,1900,1900,2000,11182,3,140,184.53852176389577,94.61562498472631,1972.919792169705,10292.77106063316
1787722591,13,,Aggregated,4.500000,0.000000,140,190,200,220,270,310,480,820,1900,1900,2000,11186,3,140,184.51657656051273,94.61562498472631,1972.919792169705,10291.852762381548
1787722592,13,,Aggregated,4.300000,0.000000,140,190,200,220,270,310,480,820,1900,1900,2000,11191,3,140,184.4972068542386,94.61562498472631,1972.919792169705,10291.855866321152
1787722593,13,,Aggregated,4.100000,0.000000,140,190,200,220,270,310,480,820,1900,1900,2000,11199,3,140,184.50624040736372,94.61562498472631,1972.919792169705,10292.708366818466
1787722594,13,,Aggregated,4.100000,0.000000,140,190,200,220,270,310,470,820,1900,1900,2000,11202,3,140,184.506143916742,94.61562498472631,1972.919792169705,10293.399482235314
1787722595,13,,Aggregated,4.200000,0.000000,140,190,200,220,270,310,470,820,1900,1900,2000,11209,3,140,184.5070914099805,94.61562498472631,1972.919792169705,10293.700062449818
1787722596,13,,Aggregated,4.400000,0.000000,140,190,200,220,270,310,470,820,1900,1900,2000,11217,3,140,184.497053856926,94.61562498472631,1972.919792169705,10293.67442275118
1787722597,13,,Aggregated,4.600000,0.000000,140,190,200,220,270,310,470,820,1900,1900,2000,11224,3,140,184.48205518579252,94.61562498472631,1972.919792169705,10293.841411261583
1787722598,13,,Aggregated,5.100000,0.000000,140,190,200,220,270,310,470,820,1900,1900,2000,11228,3,140,184.47467071794443,94.61562498472631,1972.919792169705,10293.901852511579
1787722599,13,,Aggregated,5.000000,0.000000,140,190,200,220,270,310,470,820,1900,1900,2000,11232,3,140,184.4650945056187,94.61562498472631,1972.919792169705,10293.212962962964
1787722600,13,,Aggregated,5.000000,0.000000,140,190,200,220,270,310,470,820,1900,1900,2000,11235,3,140,184.4680790190718,94.61562498472631,1972.919792169705,10294.815665331553
1787722601,13,,Aggregated,5.400000,0.000000,140,190,200,220,270,310,470,820,1900,1900,2000,11238,3,140,184.45335133666674,94.61562498472631,1972.919792169705,10294.143085958356
1787722602,13,,Aggregated,5.600000,0.000000,140,190,200,220,270,310,470,820,1900,1900,2000,11240,3,140,184.44276712903192,94.61562498472631,1972.919792169705,10293.590480427047
1787722603,13,,Aggregated,5.400000,0.000000,140,190,200,220,270,310,470,820,1900,1900,2000,11251,3,140,184.43449633992725,94.61562498472631,1972.919792169705,10295.761798951204
1787722604,13,,Aggregated,5.300000,0.000000,140,190,200,220,270,310,470,820,1900,1900,2000,11259,3,140,184.42645908718993,94.61562498472631,1972.919792169705,10296.36806110667
1787722605,13,,Aggregated,4.900000,0.000000,140,190,200,220,270,310,470,820,1900,1900,2000,11263,3,140,184.4157319049621,94.61562498472631,1972.919792169705,10296.118085767557
1787722607,13,,Aggregated,5.200000,0.000000,140,190,200,220,270,310,470,820,1900,1900,2000,11267,3,140,184.4037321368977,94.61562498472631,1972.919792169705,10295.429928108635
1787722608,13,,Aggregated,5.800000,0.000000,140,190,200,220,270,310,470,820,1900,1900,2000,11273,3,140,184.38400872914468,94.61562498472631,1972.919792169705,10295.442029628315
1787722609,13,,Aggregated,5.300000,0.000000,140,190,200,220,270,310,470,820,1900,1900,2000,11278,3,140,184.40983268200438,94.61562498472631,1972.919792169705,10296.231867352368
1787722610,13,,Aggregated,5.000000,0.000000,140,190,200,220,270,310,470,820,1900,1900,2000,11281,3,140,184.40143906307617,94.61562498472631,1972.919792169705,10296.332151405017
1787722611,13,,Aggregated,4.900000,0.000000,140,190,200,220,270,310,470,820,1900,1900,2000,11285,3,140,184.40053405961882,94.61562498472631,1972.919792169705,10297.311652636243
1787722612,13,,Aggregated,5.000000,0.000000,140,190,200,220,270,310,470,820,1900,1900,2000,11295,3,140,184.3946706238951,94.61562498472631,1972.919792169705,10296.669765382912
1787722613,13,,Aggregated,4.900000,0.000000,140,190,200,220,270,310,470,810,1900,1900,2000,11302,3,140,184.3942552856861,94.61562498472631,1972.919792169705,10296.595027428773
1787722614,13,,Aggregated,4.900000,0.000000,140,190,200,220,270,310,470,810,1900,1900,2000,11309,3,140,184.42408318855925,94.61562498472631,1972.919792169705,10299.442567866301
1787722615,13,,Aggregated,6.000000,0.000000,140,190,200,220,270,310,470,810,1900,1900,2000,11312,3,140,184.40832364121965,94.61562498472631,1972.919792169705,10298.672206506364
1787722616,13,,Aggregated,6.000000,0.000000,140,190,200,220,270,310,470,810,1900,1900,2000,11313,3,140,184.40891321456905,94.61562498472631,1972.919792169705,10298.448422169186
1787722617,13,,Aggregated,5.800000,0.000000,140,190,200,220,270,310,470,810,1900,1900,2000,11318,3,140,184.3920510754244,94.61562498472631,1972.919792169705,10298.205336631914
1787722618,13,,Aggregated,5.000000,0.000000,140,190,200,220,270,310,470,810,1900,1900,2000,11328,3,140,184.44919128762328,94.61562498472631,1972.919792169705,10300.336334745763
1787722619,13,,Aggregated,5.100000,0.000000,140,190,200,220,270,310,470,810,1900,1900,2000,11334,3,140,184.45438150239565,94.61562498472631,1972.919792169705,10301.52488088936
1787722620,13,,Aggregated,5.100000,0.000000,140,190,200,220,270,310,470,810,1900,1900,2000,11342,3,140,184.45323995170676,94.61562498472631,1972.919792169705,10304.08878504673
1787722621,13,,Aggregated,5.200000,0.000000,140,190,200,220,270,310,470,810,1900,1900,2000,11343,3,140,184.44767865195266,94.61562498472631,1972.919792169705,10303.865291369126
1787722622,13,,Aggregated,6.100000,0.000000,140,190,200,220,270,310,470,810,1900,1900,2000,11349,3,140,184.4355569794119,94.61562498472631,1972.919792169705,10304.372631949951
1787722623,13,,Aggregated,6.100000,0.000000,140,190,200,220,270,310,470,810,1900,1900,2000,11356,3,140,184.44409112968998,94.61562498472631,1972.919792169705,10304.882264882
1787722624,13,,Aggregated,5.300000,0.000000,140,190,200,220,270,310,470,810,1900,1900,2000,11359,3,140,184.43019383635564,94.61562498472631,1972.919792169705,10304.21075798926
1787722625,13,,Aggregated,5.300000,0.000000,140,190,200,220,270,310,470,810,1900,1900,2000,11369,3,140,184.48325930481022,94.61562498472631,1972.919792169705,10304.97581141701
1787722626,13,,Aggregated,5.600000,0.000000,140,190,200,220,270,310,470,810,1900,1900,2000,11374,3,140,184.46022974509722,94.61562498472631,1972.919792169705,10303.867153156321
1787722627,13,,Aggregated,5.800000,0.000000,140,190,200,220,270,310,470,810,1900,1900,2000,11379,3,140,184.4474589078931,94.61562498472631,1972.919792169705,10304.130239915634
1787722628,13,,Aggregated,5.800000,0.000000,140,190,200,220,270,310,470,810,1900,1900,2000,11384,3,140,184.44901335911985,94.61562498472631,1972.919792169705,10304.759838369642
1787722629,13,,Aggregated,6.100000,0.000000,140,190,200,220,270,310,470,810,1900,1900,2000,11390,3,140,184.46241480423444,94.61562498472631,1972.919792169705,10304.608340649693
1787722630,13,,Aggregated,5.900000,0.000000,140,190,200,220,270,310,470,810,1900,1900,2000,11396,3,140,184.44877234663488,94.61562498472631,1972.919792169705,10304.70358020358
1787722631,13,,Aggregated,5.900000,0.000000,140,190,200,220,270,310,470,810,1900,1900,2000,11400,3,140,184.4645351422297,94.61562498472631,1972.919792169705,10306.017807017544
1787722632,13,,Aggregated,5.800000,0.000000,140,190,200,220,270,310,460,800,1900,1900,2000,11405,3,140,184.4658610475499,94.61562498472631,1972.919792169705,10306.566505918458
1787722633,13,,Aggregated,5.700000,0.000000,140,190,200,220,270,310,460,800,1900,1900,2000,11409,3,140,184.458913029138,94.61562498472631,1972.919792169705,10305.672100972915
1787722634,13,,Aggregated,5.700000,0.000000,140,190,200,220,270,310,460,800,1900,1900,2000,11411,3,140,184.45080276701904,94.61562498472631,1972.919792169705,10305.225922355621
1787722635,13,,Aggregated,5.100000,0.000000,140,190,200,220,270,310,460,800,1900,1900,2000,11418,3,140,184.44322780544488,94.61562498472631,1972.919792169705,10306.512173760728
1787722636,13,,Aggregated,5.300000,0.000000,140,190,200,220,270,310,460,800,1900,1900,2000,11421,3,140,184.4257017663689,94.61562498472631,1972.919792169705,10305.842658261097
1787722637,16,,Aggregated,4.800000,0.000000,140,190,200,220,270,310,460,800,1900,1900,2000,11436,3,140,184.47778472567666,94.61562498472631,1972.919792169705,10306.376442812172
1787722638,16,,Aggregated,4.800000,0.000000,140,190,200,220,270,310,460,800,1900,1900,2000,11438,3,140,184.47432816748787,94.61562498472631,1972.919792169705,10306.37795069068
1787722639,16,,Aggregated,4.600000,0.000000,140,190,200,220,270,310,460,800,1900,1900,2000,11443,3,140,184.46188607998403,94.61562498472631,1972.919792169705,10306.026828628856
1787722640,16,,Aggregated,5.400000,0.000000,140,190,200,220,270,310,460,800,1900,1900,2000,11446,3,140,184.4561866115951,94.61562498472631,1972.919792169705,10306.839769351738
1787722641,16,,Aggregated,5.300000,0.000000,140,190,200,220,270,310,460,800,1900,1900,2000,11455,3,140,184.4558780189296,94.61562498472631,1972.919792169705,10307.391444783938
1787722642,16,,Aggregated,5.300000,0.000000,140,190,200,220,270,310,460,800,1900,1900,2000,11462,3,140,184.43760518440052,94.61562498472631,1972.919792169705,10307.734165067179
1787722643,16,,Aggregated,5.400000,0.000000,140,190,200,220,270,310,460,800,1900,1900,2000,11469,3,140,184.42729814418604,94.61562498472631,1972.919792169705,10308.904961199756
1787722644,16,,Aggregated,5.700000,0.000000,140,190,200,220,270,310,460,800,1900,1900,2000,11473,3,140,184.40679447386265,94.61562498472631,1972.919792169705,10307.916586768935
1787722645,16,,Aggregated,5.700000,0.000000,140,190,200,220,270,310,460,800,1900,1900,2000,11478,3,140,184.40044049829123,94.61562498472631,1972.919792169705,10309.305192542255
1787722646,16,,Aggregated,6.000000,0.000000,140,190,200,220,270,310,460,800,1900,1900,2000,11486,3,140,184.39529298332147,94.61562498472631,1972.919792169705,10310.744906843114
1787722647,16,,Aggregated,6.000000,0.000000,140,190,200,220,270,310,460,800,1900,1900,2000,11490,3,140,184.38467731335817,94.61562498472631,1972.919792169705,10309.74134029591
1787722648,16,,Aggregated,6.200000,0.000000,140,190,200,220,270,310,460,800,1900,1900,2000,11495,3,140,184.3603690333499,94.61562498472631,1972.919792169705,10309.292387994781
1787722649,16,,Aggregated,5.700000,0.000000,140,190,200,220,270,310,460,800,1900,1900,2000,11503,3,140,184.35476159448675,94.61562498472631,1972.919792169705,10309.141962966183
1787722650,16,,Aggregated,5.600000,0.000000,140,190,200,220,270,310,460,800,1900,1900,2000,11507,3,140,184.34061292739233,94.61562498472631,1972.919792169705,10308.88980620492
1787722651,16,,Aggregated,5.900000,0.000000,140,190,200,220,270,310,460,800,1900,1900,2000,11514,3,140,184.3429353538757,94.61562498472631,1972.919792169705,10309.151641479937
1787722652,16,,Aggregated,6.100000,0.000000,140,190,200,220,270,310,460,800,1900,1900,2000,11519,3,140,184.3536451911454,94.61562498472631,1972.919792169705,10310.601701536592
1787722653,16,,Aggregated,5.700000,0.000000,140,190,200,220,270,310,460,800,1900,1900,2000,11524,3,140,184.33791848875973,94.61562498472631,1972.919792169705,10310.128861506422
1787722654,16,,Aggregated,5.600000,0.000000,140,190,200,220,270,310,460,800,1900,1900,2000,11528,3,140,184.3431773433734,94.61562498472631,1972.919792169705,10310.129944482998
1787722655,16,,Aggregated,5.500000,0.000000,140,190,200,220,270,310,460,800,1900,1900,2000,11537,3,140,184.3256452280272,94.61562498472631,1972.919792169705,10310.829591748288
1787722656,16,,Aggregated,5.500000,0.000000,140,190,200,220,270,310,460,800,1900,1900,2000,11546,3,140,184.30899578467188,94.61562498472631,1972.919792169705,10311.733327559328
1787722657,16,,Aggregated,5.500000,0.000000,140,190,200,220,270,310,460,800,1900,1900,2000,11551,3,140,184.28633239147013,94.61562498472631,1972.919792169705,10310.526188208813
1787722658,16,,Aggregated,6.100000,0.000000,140,190,200,220,270,310,460,800,1900,1900,2000,11558,3,140,184.28928518806734,94.61562498472631,1972.919792169705,10311.578819865028
1787722659,16,,Aggregated,5.800000,0.000000,140,190,200,220,270,310,460,800,1900,1900,2000,11565,3,140,184.2758348604428,94.61562498472631,1972.919792169705,10312.1121487246
1787722660,16,,Aggregated,6.100000,0.000000,140,190,200,220,270,310,460,800,1900,1900,2000,11574,3,140,184.2536046306693,94.61562498472631,1972.919792169705,10310.770174529118
1787722661,16,,Aggregated,6.000000,0.000000,140,190,200,220,270,310,460,800,1900,1900,2000,11582,3,140,184.24038898680334,94.61562498472631,1972.919792169705,10312.186064582973
1787722662,16,,Aggregated,6.300000,0.000000,140,190,200,220,270,310,460,800,1900,1900,2000,11590,3,140,184.22369258309536,94.61562498472631,1972.919792169705,10312.244693701467
1787722663,16,,Aggregated,6.700000,0.000000,140,190,200,220,270,310,460,800,1900,1900,2000,11596,3,140,184.20609244890446,94.61562498472631,1972.919792169705,10312.632976888583
1787722664,16,,Aggregated,6.600000,0.000000,140,190,200,220,270,310,460,800,1900,1900,2000,11603,3,140,184.21250950523964,94.61562498472631,1972.919792169705,10314.022321813323
1787722665,16,,Aggregated,7.000000,0.000000,140,190,200,220,270,310,460,800,1900,1900,2000,11611,3,140,184.1790303231579,94.61562498472631,1972.919792169705,10313.359831194557
1787722666,16,,Aggregated,7.300000,0.000000,140,190,200,220,270,310,460,800,1900,1900,2000,11618,3,140,184.16221334333142,94.61562498472631,1972.919792169705,10313.902220692029
1787722667,16,,Aggregated,7.300000,0.000000,140,190,200,220,270,310,460,800,1900,1900,2000,11622,3,140,184.14423443665342,94.61562498472631,1972.919792169705,10313.030545517122
1787722668,16,,Aggregated,7.000000,0.000000,140,190,200,220,270,310,460,800,1900,1900,2000,11629,3,140,184.13689204759402,94.61562498472631,1972.919792169705,10313.870152205693
1787722669,16,,Aggregated,7.000000,0.000000,140,190,200,220,270,310,460,800,1900,1900,2000,11633,3,140,184.13333889913335,94.61562498472631,1972.919792169705,10314.068597954096
1787722670,16,,Aggregated,7.100000,0.000000,140,190,200,220,270,310,460,800,1900,1900,2000,11640,3,140,184.16482405104958,94.61562498472631,1972.919792169705,10314.351030927835
1787722671,16,,Aggregated,6.800000,0.000000,140,190,200,220,270,310,460,800,1900,1900,2000,11646,3,140,184.14657934734439,94.61562498472631,1972.919792169705,10314.21303451829
1787722672,16,,Aggregated,6.800000,0.000000,140,190,200,220,270,310,460,800,1900,1900,2000,11652,3,140,184.1341320942527,94.61562498472631,1972.919792169705,10314.962152420185
1787722673,16,,Aggregated,6.400000,0.000000,140,190,200,220,270,310,460,800,1900,1900,2000,11655,3,140,184.13114483735527,94.61562498472631,1972.919792169705,10315.024538824538
1787722674,16,,Aggregated,6.400000,0.000000,140,190,200,220,270,310,460,800,1900,1900,2000,11658,3,140,184.11624503520386,94.61562498472631,1972.919792169705,10314.580373992108
1787722675,16,,Aggregated,6.200000,0.000000,140,190,200,220,270,310,460,800,1900,1900,2000,11664,3,140,184.10723365305773,94.61562498472631,1972.919792169705,10314.43029835391
1787722676,16,,Aggregated,5.700000,0.000000,140,190,200,220,270,310,460,800,1900,1900,2000,11671,3,140,184.09309516069646,94.61562498472631,1972.919792169705,10314.197412389683
1787722677,16,,Aggregated,5.300000,0.000000,140,190,200,220,270,310,460,800,1900,1900,2000,11678,3,140,184.0890896196818,94.61562498472631,1972.919792169705,10314.85494091454
1787722678,16,,Aggregated,5.200000,0.000000,140,190,200,220,270,310,460,800,1900,1900,2000,11686,3,140,184.09014206755256,94.61562498472631,1972.919792169705,10316.138370699982
1787722679,16,,Aggregated,5.500000,0.000000,140,190,200,220,270,310,460,800,1900,1900,2000,11693,3,140,184.09661201086033,94.61562498472631,1972.919792169705,10315.033951937055
1787722680,16,,Aggregated,5.600000,0.000000,140,190,200,220,270,310,460,800,1900,1900,2000,11699,3,140,184.1047758277565,94.61562498472631,1972.919792169705,10317.217283528507
1787722681,16,,Aggregated,5.900000,0.000000,140,190,200,220,270,310,460,800,1900,1900,2000,11704,3,140,184.09527290117276,94.61562498472631,1972.919792169705,10317.196001367054
1787722682,16,,Aggregated,5.700000,0.000000,140,190,200,220,270,310,460,800,1900,1900,2000,11708,3,140,184.08334910550857,94.61562498472631,1972.919792169705,10316.735309190297
1787722683,16,,Aggregated,5.700000,0.000000,140,190,200,220,270,310,460,800,1900,1900,2000,11712,3,140,184.0906716823981,94.61562498472631,1972.919792169705,10316.805242486338
1787722684,16,,Aggregated,5.900000,0.000000,140,190,200,220,270,310,460,800,1900,1900,2000,11720,3,140,184.08697589545721,94.61562498472631,1972.919792169705,10317.669027303755
1787722685,16,,Aggregated,5.600000,0.000000,140,190,200,220,270,310,460,800,1900,1900,2000,11721,3,140,184.082355600607,94.61562498472631,1972.919792169705,10317.667946420954
1787722686,16,,Aggregated,5.800000,0.000000,140,190,200,220,270,310,460,800,1900,1900,2000,11726,3,140,184.06309713044416,94.61562498472631,1972.919792169705,10317.640286542726
1787722687,16,,Aggregated,6.100000,0.000000,140,190,200,220,270,310,460,800,1900,1900,2000,11733,3,140,184.07753943935163,94.61562498472631,1972.919792169705,10317.66803034177
1787722688,16,,Aggregated,5.800000,0.000000,140,190,200,220,270,310,460,800,1900,1900,2000,11740,3,140,184.0873357495991,94.61562498472631,1972.919792169705,10318.412776831346
1787722689,16,,Aggregated,5.500000,0.000000,140,190,200,220,270,310,460,800,1900,1900,2000,11749,3,140,184.08494248737898,94.61562498472631,1972.919792169705,10320.534513575623
1787722690,16,,Aggregated,5.100000,0.000000,140,190,200,220,270,310,460,800,1900,1900,2000,11752,3,140,184.09624756725555,94.61562498472631,1972.919792169705,10320.850663716814
1787722691,16,,Aggregated,5.200000,0.000000,140,190,200,220,270,310,460,800,1900,1900,2000,11756,3,140,184.08522598343063,94.61562498472631,1972.919792169705,10320.194368832936
1787722692,16,,Aggregated,5.500000,0.000000,140,190,200,220,270,310,460,800,1900,1900,2000,11766,3,140,184.11649708512942,94.61562498472631,1972.919792169705,10321.437446880844
1787722693,16,,Aggregated,5.400000,0.000000,140,190,200,220,270,310,460,800,1900,1900,2000,11773,3,140,184.10655266252027,94.61562498472631,1972.919792169705,10321.62057249639
1787722694,16,,Aggregated,5.200000,0.000000,140,190,200,220,270,310,460,800,1900,1900,2000,11776,3,140,184.0976652333468,94.61562498472631,1972.919792169705,10320.865658967392
1787722695,16,,Aggregated,5.800000,0.000000,140,190,200,220,270,310,460,800,1900,1900,2000,11789,3,140,184.0760094824523,94.61562498472631,1972.919792169705,10320.803036729154
1787722696,18,,Aggregated,6.100000,0.000000,140,190,200,220,270,310,460,800,1900,1900,2000,11797,3,140,184.09805039384088,94.61562498472631,1972.919792169705,10322.593116894126
1787722697,18,,Aggregated,5.700000,0.000000,140,190,200,220,270,310,460,800,1900,1900,2000,11800,3,140,184.0846392829208,94.61562498472631,1972.919792169705,10321.948898305085
1787722698,18,,Aggregated,6.600000,0.000000,140,190,200,220,270,310,460,800,1900,1900,2000,11806,3,140,184.06009530074618,94.61562498472631,1972.919792169705,10321.251143486363
1787722699,18,,Aggregated,6.900000,0.000000,140,190,200,220,270,310,460,800,1900,1900,2000,11810,3,140,184.04292489368876,94.61562498472631,1972.919792169705,10320.281625740898
1787722700,18,,Aggregated,6.700000,0.000000,140,190,200,220,270,310,460,800,1900,1900,2000,11821,3,140,184.06853914574745,94.61562498472631,1972.919792169705,10318.962101345063
1787722701,18,,Aggregated,6.600000,0.000000,140,190,200,220,270,310,460,800,1900,1900,2000,11826,3,140,184.05540322450756,94.61562498472631,1972.919792169705,10318.851006257399
1787722702,18,,Aggregated,6.300000,0.000000,140,190,200,220,270,310,460,800,1900,1900,2000,11831,3,140,184.05432088292162,94.61562498472631,1972.919792169705,10318.750486011326
1787722703,18,,Aggregated,6.900000,0.000000,140,190,200,220,270,310,460,800,1900,1900,2000,11844,3,140,184.0621057946912,94.61562498472631,1972.919792169705,10320.02794663965
1787722704,18,,Aggregated,6.800000,0.000000,140,190,200,220,270,310,450,800,1900,1900,2000,11851,3,140,184.0591079191363,94.61562498472631,1972.919792169705,10321.257699772172
1787722705,18,,Aggregated,6.400000,0.000000,140,190,200,220,270,310,450,800,1900,1900,2000,11858,3,140,184.05456661399398,94.61562498472631,1972.919792169705,10323.088210490809
1787722706,18,,Aggregated,7.000000,0.000000,140,190,200,220,270,310,450,800,1900,1900,2000,11864,3,140,184.04122810560077,94.61562498472631,1972.919792169705,10322.978084962913
1787722707,18,,Aggregated,7.400000,0.000000,140,190,200,220,270,310,450,800,1900,1900,2000,11867,3,140,184.02735818125822,94.61562498472631,1972.919792169705,10322.543524058314
1787722708,18,,Aggregated,7.000000,0.000000,140,190,200,220,270,310,450,800,1900,1900,2000,11876,3,140,184.01767207975317,94.61562498472631,1972.919792169705,10322.716655439543
1787722709,18,,Aggregated,6.700000,0.000000,140,190,200,220,270,310,450,800,1900,1900,2000,11885,3,140,184.00046647327287,94.61562498472631,1972.919792169705,10322.957761884729
1787722710,18,,Aggregated,7.000000,0.000000,140,190,200,220,270,310,450,800,1900,1900,2000,11891,3,140,183.98629146991965,94.61562498472631,1972.919792169705,10322.854680010092
1787722711,18,,Aggregated,7.200000,0.000000,140,190,200,220,270,310,450,800,1900,1900,2000,11895,3,140,183.97153153594311,94.61562498472631,1972.919792169705,10322.694745691468
1787722712,18,,Aggregated,7.500000,0.000000,140,190,200,220,270,310,450,800,1900,1900,2000,11899,3,140,183.9677098631237,94.61562498472631,1972.919792169705,10323.507689721826
1787722713,18,,Aggregated,7.000000,0.000000,140,190,200,220,270,310,450,800,1900,1900,2000,11905,3,140,183.97184640162493,94.61562498472631,1972.919792169705,10325.92734145317
1787722714,18,,Aggregated,6.900000,0.000000,140,190,200,220,270,310,450,800,1900,1900,2000,11912,3,140,183.96515605008466,94.61562498472631,1972.919792169705,10326.669073203493
1787722715,18,,Aggregated,6.700000,0.000000,140,190,200,220,270,310,450,800,1900,1900,2000,11918,3,140,183.9402959209314,94.61562498472631,1972.919792169705,10326.445796274542
1787722716,18,,Aggregated,6.100000,0.000000,140,190,200,220,270,310,450,800,1900,1900,2000,11923,3,140,183.9197813116522,94.61562498472631,1972.919792169705,10326.076994045123
1787722717,18,,Aggregated,6.200000,0.000000,140,190,200,220,270,310,450,800,1900,1900,2000,11930,3,140,183.9179314364783,94.61562498472631,1972.919792169705,10324.785163453478
1787722718,18,,Aggregated,5.900000,0.000000,140,190,200,220,270,310,450,800,1900,1900,2000,11940,3,140,183.94045232037797,94.61562498472631,1972.919792169705,10325.246984924623
1787722719,18,,Aggregated,6.200000,0.000000,140,190,200,220,270,310,450,800,1900,1900,2000,11946,3,140,183.93183391918262,94.61562498472631,1972.919792169705,10324.681985601876
1787722720,18,,Aggregated,6.100000,0.000000,140,190,200,220,270,310,450,800,1900,1900,2000,11959,3,140,183.91541822749826,94.61562498472631,1972.919792169705,10324.379212308722
1787722721,18,,Aggregated,6.300000,0.000000,140,190,200,220,270,310,450,800,1900,1900,2000,11965,3,140,183.90441014064803,94.61562498472631,1972.919792169705,10323.929043042206
1787722722,18,,Aggregated,6.000000,0.000000,140,190,200,220,270,310,450,800,1900,1900,2000,11972,3,140,183.9051063105346,94.61562498472631,1972.919792169705,10324.270464416973
1787722723,18,,Aggregated,6.800000,0.000000,140,190,200,220,270,310,450,800,1900,1900,2000,11982,3,140,183.90664535315707,94.61562498472631,1972.919792169705,10325.443665498247
1787722724,18,,Aggregated,6.900000,0.000000,140,190,200,220,270,310,450,800,1900,1900,2000,11991,3,140,183.8906657941723,94.61562498472631,1972.919792169705,10325.28454674339
1787722725,18,,Aggregated,7.300000,0.000000,140,190,200,220,270,310,450,800,1900,1900,2000,11997,3,140,183.88218515352062,94.61562498472631,1972.919792169705,10325.466866716679
1787722726,18,,Aggregated,7.700000,0.000000,140,190,200,220,270,310,450,800,1900,1900,2000,12001,3,140,183.86769472292264,94.61562498472631,1972.919792169705,10325.419715023749
1787722727,18,,Aggregated,7.800000,0.000000,140,190,200,220,270,310,450,800,1900,1900,2000,12008,3,140,183.8693841738258,94.61562498472631,1972.919792169705,10327.084776815456
1787722728,18,,Aggregated,7.900000,0.000000,140,190,200,220,270,310,450,800,1900,1900,2000,12014,3,140,183.8457778663101,94.61562498472631,1972.919792169705,10325.989345763277
1787722729,18,,Aggregated,7.600000,0.000000,140,190,200,220,270,310,450,800,1900,1900,2000,12025,3,140,183.85192749779787,94.61562498472631,1972.919792169705,10325.992266112265
1787722731,18,,Aggregated,7.700000,0.000000,140,190,200,220,270,310,450,800,1900,1900,2000,12031,3,140,183.84092697979688,94.61562498472631,1972.919792169705,10325.736597124096
1787722732,18,,Aggregated,7.200000,0.000000,140,190,200,220,270,310,450,800,1900,1900,2000,12037,3,140,183.8291154767129,94.61562498472631,1972.919792169705,10326.311124034228
1787722733,18,,Aggregated,7.800000,0.000000,140,190,200,220,270,310,450,800,1900,1900,2000,12044,3,140,183.83318689057995,94.61562498472631,1972.919792169705,10326.981816672202
1787722734,18,,Aggregated,7.100000,0.000000,140,190,200,220,270,310,450,800,1900,1900,2000,12053,3,140,183.83774855096084,94.61562498472631,1972.919792169705,10327.066871318344
1787722735,18,,Aggregated,7.200000,0.000000,140,190,200,220,270,310,450,800,1900,1900,2000,12065,3,140,183.81362985854315,94.61562498472631,1972.919792169705,10327.456775797762
1787722736,18,,Aggregated,7.200000,0.000000,140,190,200,220,270,310,450,800,1900,1900,2000,12068,3,140,183.7987670762743,94.61562498472631,1972.919792169705,10326.816208153796
1787722737,18,,Aggregated,7.400000,0.000000,140,190,200,220,270,310,450,800,1900,1900,2000,12075,3,140,183.79518043762747,94.61562498472631,1972.919792169705,10329.402732919254
1787722738,18,,Aggregated,7.400000,0.000000,140,190,200,220,270,310,450,800,1900,1900,2000,12080,3,140,183.77749962328983,94.61562498472631,1972.919792169705,10328.241639072849
1787722739,18,,Aggregated,7.200000,0.000000,140,190,200,220,270,310,450,800,1900,1900,2000,12086,3,140,183.75195522301237,94.61562498472631,1972.919792169705,10327.370925037234
1787722740,18,,Aggregated,7.200000,0.000000,140,190,200,220,270,310,450,800,1900,1900,2000,12098,3,140,183.76279848859537,94.61562498472631,1972.919792169705,10327.82848404695
1787722741,18,,Aggregated,7.200000,0.000000,140,190,200,220,270,310,450,800,1900,1900,2000,12101,3,140,183.75695311602826,94.61562498472631,1972.919792169705,10328.240310718122
1787722742,18,,Aggregated,7.100000,0.000000,140,190,200,220,270,310,450,800,1900,1900,2000,12111,3,140,183.74129258788,94.61562498472631,1972.919792169705,10328.040211378086
1787722743,18,,Aggregated,7.200000,0.000000,140,190,200,220,270,310,450,800,1900,1900,2000,12115,3,140,183.74922433891112,94.61562498472631,1972.919792169705,10328.912422616591
1787722744,18,,Aggregated,7.400000,0.000000,140,190,200,220,270,310,450,800,1900,1900,2000,12123,3,140,183.72287124965857,94.61562498472631,1972.919792169705,10328.267837993895
1787722745,18,,Aggregated,7.100000,0.000000,140,190,200,220,270,310,450,800,1900,1900,2000,12134,3,140,183.73796546844238,94.61562498472631,1972.919792169705,10330.198285808472
1787722746,18,,Aggregated,6.800000,0.000000,140,190,200,220,270,310,450,800,1900,1900,2000,12139,3,140,183.7292249322236,94.61562498472631,1972.919792169705,10330.557871323832
1787722747,18,,Aggregated,6.800000,0.000000,140,190,200,220,270,310,450,800,1900,1900,2000,12145,3,140,183.73399052029717,94.61562498472631,1972.919792169705,10329.695183202964
1787722748,18,,Aggregated,7.000000,0.000000,140,190,200,220,270,310,450,800,1900,1900,2000,12153,3,140,183.7061292062018,94.61562498472631,1972.919792169705,10328.686168024356
1787722749,18,,Aggregated,6.900000,0.000000,140,190,200,220,270,310,450,800,1900,1900,2000,12161,3,140,183.68100272660823,94.61562498472631,1972.919792169705,10327.700846969821
1787722750,18,,Aggregated,6.900000,0.000000,140,190,200,220,270,310,450,800,1900,1900,2000,12169,3,140,183.67934785723978,94.61562498472631,1972.919792169705,10327.8621086367
1787722751,18,,Aggregated,7.200000,0.000000,140,190,200,220,270,310,450,800,1900,1900,2000,12173,3,140,183.67410936702086,94.61562498472631,1972.919792169705,10327.822968865523
1787722752,18,,Aggregated,7.200000,0.000000,140,190,200,220,270,310,450,800,1900,1900,2000,12181,3,140,183.66534782262173,94.61562498472631,1972.919792169705,10328.898530498316
1787722753,18,,Aggregated,7.200000,0.000000,140,190,200,220,270,310,450,800,1900,1900,2000,12190,3,140,183.67734069552446,94.61562498472631,1972.919792169705,10329.032895816243
1787722754,18,,Aggregated,6.800000,0.000000,140,190,200,220,270,310,450,800,1900,1900,2000,12194,3,140,183.66901607993347,94.61562498472631,1972.919792169705,10329.144169263573
1787722755,18,,Aggregated,7.300000,0.000000,140,190,200,220,270,310,450,790,1900,1900,2000,12203,3,140,183.64254267026013,94.61562498472631,1972.919792169705,10328.966155863312
1787722756,18,,Aggregated,7.200000,0.000000,140,190,200,220,270,310,450,790,1900,1900,2000,12210,3,140,183.6305958159187,94.61562498472631,1972.919792169705,10330.903194103194
1787722757,21,,Aggregated,6.700000,0.000000,140,190,200,220,270,310,450,790,1900,1900,2000,12221,3,140,183.67408268862314,94.61562498472631,1972.919792169705,10331.322805007774
1787722758,21,,Aggregated,7.000000,0.000000,140,190,200,220,270,310,450,790,1900,1900,2000,12230,3,140,183.64715955942833,94.61562498472631,1972.919792169705,10330.628127555192
1787722759,21,,Aggregated,7.700000,0.000000,140,190,200,220,270,310,450,790,1900,1900,2000,12238,3,140,183.6264021381505,94.61562498472631,1972.919792169705,10329.04069292368
1787722760,21,,Aggregated,7.600000,0.000000,140,190,200,220,270,310,450,790,1900,1900,2000,12249,3,140,183.6071835380277,94.61562498472631,1972.919792169705,10329.70013878684
1787722761,21,,Aggregated,7.700000,0.000000,140,190,200,220,270,310,450,790,1900,1900,2000,12258,3,140,183.59780551733573,94.61562498472631,1972.919792169705,10330.521781693587
1787722762,21,,Aggregated,7.600000,0.000000,140,190,200,220,270,310,450,790,1900,1900,2000,12265,3,140,183.59258514663824,94.61562498472631,1972.919792169705,10331.298736241337
1787722763,21,,Aggregated,8.100000,0.000000,140,190,200,220,270,310,450,790,1900,1900,2000,12274,3,140,183.57014861936304,94.61562498472631,1972.919792169705,10331.43351800554
1787722764,21,,Aggregated,8.500000,0.000000,140,190,200,220,270,310,450,790,1900,1900,2000,12281,3,140,183.5645290615498,94.61562498472631,1972.919792169705,10331.718915397769
1787722765,21,,Aggregated,8.500000,0.000000,140,190,200,220,270,310,450,790,1900,1900,2000,12284,3,140,183.55395621580314,94.61562498472631,1972.919792169705,10331.202784109411
1787722766,21,,Aggregated,8.600000,0.000000,140,190,200,220,270,310,450,790,1900,1900,2000,12294,3,140,183.56500568268865,94.61562498472631,1972.919792169705,10332.414592484138
1787722767,21,,Aggregated,8.400000,0.000000,140,190,200,220,270,310,450,790,1900,1900,2000,12303,3,140,183.5639169568929,94.61562498472631,1972.919792169705,10333.248150857515
1787722768,21,,Aggregated,8.300000,0.000000,140,190,200,220,270,310,450,790,1900,1900,2000,12308,3,140,183.5598085753754,94.61562498472631,1972.919792169705,10335.284367890803
1787722769,21,,Aggregated,8.000000,0.000000,140,190,200,220,270,310,450,790,1900,1900,2000,12319,3,140,183.5703154264845,94.61562498472631,1972.919792169705,10334.535514246287
1787722770,21,,Aggregated,8.000000,0.000000,140,190,200,220,270,310,450,790,1900,1900,2000,12327,3,140,183.59655514554018,94.61562498472631,1972.919792169705,10335.461263892268
1787722771,21,,Aggregated,7.800000,0.000000,140,190,200,220,270,310,450,790,1900,1900,2000,12332,3,140,183.58025206351866,94.61562498472631,1972.919792169705,10334.609633473889
1787722772,21,,Aggregated,8.200000,0.000000,140,190,200,220,270,310,450,790,1900,1900,2000,12340,3,140,183.5686247054498,94.61562498472631,1972.919792169705,10334.464991896271
1787722773,21,,Aggregated,7.500000,0.000000,140,190,200,220,270,310,450,790,1900,1900,2000,12342,3,140,183.56026248713835,94.61562498472631,1972.919792169705,10334.053719008265
1787722774,21,,Aggregated,7.400000,0.000000,140,190,200,220,270,310,450,790,1900,1900,2000,12353,3,140,183.58034899683787,94.61562498472631,1972.919792169705,10335.712620416094
1787722775,21,,Aggregated,6.800000,0.000000,140,190,200,220,270,310,450,790,1900,1900,2000,12361,3,140,183.56293175714123,94.61562498472631,1972.919792169705,10335.279103632392
1787722776,21,,Aggregated,7.000000,0.000000,140,190,200,220,270,310,450,790,1900,1900,2000,12369,3,140,183.5648209395393,94.61562498472631,1972.919792169705,10334.660360578866
1787722777,21,,Aggregated,7.300000,0.000000,140,190,200,220,270,310,450,790,1900,1900,2000,12377,3,140,183.55956781344634,94.61562498472631,1972.919792169705,10335.619132261452
1787722778,21,,Aggregated,7.700000,0.000000,140,190,200,220,270,310,450,790,1900,1900,2000,12384,3,140,183.56035504103139,94.61562498472631,1972.919792169705,10335.426437338501
1787722779,21,,Aggregated,7.300000,0.000000,140,190,200,220,270,310,450,790,1900,1900,2000,12388,3,140,183.55164973126602,94.61562498472631,1972.919792169705,10335.490716822731
1787722780,21,,Aggregated,7.400000,0.000000,140,190,200,220,270,310,450,790,1900,1900,2000,12398,3,140,183.5949016305053,94.61562498472631,1972.919792169705,10336.107033392482
1787722781,21,,Aggregated,7.200000,0.000000,140,190,200,220,270,310,450,790,1900,1900,2000,12405,3,140,183.58413948672225,94.61562498472631,1972.919792169705,10336.911809754132
1787722782,21,,Aggregated,6.900000,0.000000,140,190,200,220,270,310,450,790,1900,1900,2000,12412,3,140,183.5982174004018,94.61562498472631,1972.919792169705,10337.328553013213
1787722783,21,,Aggregated,7.500000,0.000000,140,190,200,220,270,310,450,790,1900,1900,2000,12418,3,140,183.58891332466686,94.61562498472631,1972.919792169705,10337.199226928651
1787722784,21,,Aggregated,6.900000,0.000000,140,190,200,220,270,310,450,790,1900,1900,2000,12431,3,140,183.57303883115375,94.61562498472631,1972.919792169705,10338.191376397715
1787722785,21,,Aggregated,6.900000,0.000000,140,190,200,220,270,310,450,790,1900,1900,2000,12435,3,140,183.5711046911785,94.61562498472631,1972.919792169705,10339.156895858465
1787722786,21,,Aggregated,7.300000,0.000000,140,190,200,220,270,310,450,790,1900,1900,2000,12445,3,140,183.56576332881937,94.61562498472631,1972.919792169705,10339.707754118119
1787722787,21,,Aggregated,7.800000,0.000000,140,190,200,220,270,310,440,790,1900,1900,2000,12455,3,140,183.53382535811568,94.61562498472631,1972.919792169705,10338.263990365314
1787722788,21,,Aggregated,7.200000,0.000000,140,190,200,220,270,310,440,790,1900,1900,2000,12462,3,140,183.54006257719254,94.61562498472631,1972.919792169705,10337.922163376665
1787722789,21,,Aggregated,7.800000,0.000000,140,190,200,220,270,310,440,790,1900,1900,2000,12470,3,140,183.5618722538218,94.61562498472631,1972.919792169705,10338.440657578187
1787722790,21,,Aggregated,7.700000,0.000000,140,190,200,220,270,310,440,790,1900,1900,2000,12477,3,140,183.5467525251918,94.61562498472631,1972.919792169705,10338.502604792819
1787722791,21,,Aggregated,8.100000,0.000000,140,190,200,220,270,310,440,790,1900,1900,2000,12488,3,140,183.55770596171567,94.61562498472631,1972.919792169705,10340.390054452275
1787722792,21,,Aggregated,7.700000,0.000000,140,190,200,220,270,310,440,790,1900,1900,2000,12495,3,140,183.53487723493944,94.61562498472631,1972.919792169705,10339.659383753502
1787722793,21,,Aggregated,7.900000,0.000000,140,190,200,220,270,310,440,790,1900,1900,2000,12507,3,140,183.52391305261915,94.61562498472631,1972.919792169705,10338.959942432239
1787722794,21,,Aggregated,8.400000,0.000000,140,190,200,220,270,310,440,790,1900,1900,2000,12514,3,140,183.50643146060025,94.61562498472631,1972.919792169705,10339.09365510628
1787722795,21,,Aggregated,8.500000,0.000000,140,190,200,220,270,310,440,790,1900,1900,2000,12521,3,140,183.47877208346904,94.61562498472631,1972.919792169705,10338.54899768389
1787722796,21,,Aggregated,8.900000,0.000000,140,190,200,220,270,310,440,790,1900,1900,2000,12530,3,140,183.45504572766654,94.61562498472631,1972.919792169705,10337.355626496408
1787722797,21,,Aggregated,8.300000,0.000000,140,190,200,220,270,310,440,790,1900,1900,2000,12539,3,140,183.45569387588623,94.61562498472631,1972.919792169705,10337.999680995295
1787722798,21,,Aggregated,8.300000,0.000000,140,190,200,220,270,310,440,790,1900,1900,2000,12544,3,140,183.4512683960328,94.61562498472631,1972.919792169705,10338.667410714286
1787722799,21,,Aggregated,8.300000,0.000000,140,190,200,220,270,310,440,790,1900,1900,2000,12552,3,140,183.42465892293666,94.61562498472631,1972.919792169705,10337.328154875717
1787722800,21,,Aggregated,8.200000,0.000000,140,190,200,220,270,310,440,790,1900,1900,2000,12559,3,140,183.42573736046876,94.61562498472631,1972.919792169705,10337.757146269607
1787722801,21,,Aggregated,8.000000,0.000000,140,190,200,220,270,310,440,790,1900,1900,2000,12572,3,140,183.3869417134035,94.61562498472631,1972.919792169705,10336.648106904231
1787722802,21,,Aggregated,8.300000,0.000000,140,190,200,220,270,310,440,790,1900,1900,2000,12580,3,140,183.37122596821055,94.61562498472631,1972.919792169705,10336.796422893482
1787722803,21,,Aggregated,8.200000,0.000000,140,190,200,220,270,310,440,790,1900,1900,2000,12587,3,140,183.33621776874085,94.61562498472631,1972.919792169705,10335.275522364343
1787722804,21,,Aggregated,8.300000,0.000000,140,190,200,220,270,310,440,790,1900,1900,2000,12595,3,140,183.3211368808516,94.61562498472631,1972.919792169705,10335.55339420405
1787722805,21,,Aggregated,8.300000,0.000000,140,190,200,220,270,310,440,790,1900,1900,2000,12600,3,140,183.3009527922083,94.61562498472631,1972.919792169705,10334.640634920635
1787722806,21,,Aggregated,7.900000,0.000000,140,190,200,220,260,310,440,790,1900,1900,2000,12611,3,140,183.25328686711114,94.61562498472631,1972.919792169705,10332.4978986599
1787722807,21,,Aggregated,7.900000,0.000000,140,190,200,220,260,310,440,790,1900,1900,2000,12619,3,140,183.25697655091153,94.61562498472631,1972.919792169705,10333.735082019177
1787722808,21,,Aggregated,8.000000,0.000000,140,190,200,220,260,310,440,790,1900,1900,2000,12625,3,140,183.23365101090974,94.61562498472631,1972.919792169705,10333.165465346534
1787722809,21,,Aggregated,8.000000,0.000000,140,190,200,220,260,310,440,790,1900,1900,2000,12636,3,140,183.21055158648517,94.61562498472631,1972.919792169705,10333.58792339348
1787722810,21,,Aggregated,8.200000,0.000000,140,190,200,220,260,310,440,790,1900,1900,2000,12644,3,140,183.2138376942226,94.61562498472631,1972.919792169705,10335.039623536855
1787722811,21,,Aggregated,7.900000,0.000000,140,190,200,220,260,310,440,790,1900,1900,2000,12650,3,140,183.20375641095617,94.61562498472631,1972.919792169705,10335.335652173913
1787722812,21,,Aggregated,8.200000,0.000000,140,190,200,220,260,310,440,790,1900,1900,2000,12656,3,140,183.1899767216846,94.61562498472631,1972.919792169705,10335.213179519595
1787722813,21,,Aggregated,8.100000,0.000000,140,190,200,220,260,310,440,790,1900,1900,2000,12666,3,140,183.19958617676406,94.61562498472631,1972.919792169705,10336.330885836096
1787722814,21,,Aggregated,7.800000,0.000000,140,190,200,220,260,310,440,790,1900,1900,2000,12673,3,140,183.21260519518714,94.61562498472631,1972.919792169705,10337.991083405666
1787722815,21,,Aggregated,7.800000,0.000000,140,190,200,220,260,310,440,790,1900,1900,2000,12681,3,140,183.2072576273645,94.61562498472631,1972.919792169705,10338.76247929974
1787722816,23,,Aggregated,7.700000,0.000000,140,190,200,220,260,310,440,790,1900,1900,2000,12697,3,140,183.19508066983502,94.61562498472631,1972.919792169705,10338.43081042766
1787722817,23,,Aggregated,8.100000,0.000000,140,190,200,220,260,310,440,790,1900,1900,2000,12701,3,140,183.1963023428719,94.61562498472631,1972.919792169705,10337.620029918904
1787722818,23,,Aggregated,8.200000,0.000000,140,190,200,220,270,310,450,790,1900,1900,2000,12713,3,140,183.70230848138948,94.61562498472631,1972.919792169705,10337.922913553057
1787722819,23,,Aggregated,8.300000,0.000000,140,190,200,220,270,310,450,790,1900,1900,2000,12722,3,140,183.7379660311437,94.61562498472631,1972.919792169705,10338.514856154692
1787722820,23,,Aggregated,7.900000,0.000000,140,190,200,220,270,310,450,790,1900,1900,2000,12729,3,140,183.742740822699,94.61562498472631,1972.919792169705,10340.27582685207
1787722821,23,,Aggregated,9.200000,0.000000,140,190,200,220,270,310,450,790,1900,1900,2000,12733,3,140,183.73525739678314,94.61562498472631,1972.919792169705,10340.447891306056
1787722822,23,,Aggregated,8.500000,0.000000,140,190,200,220,270,310,450,790,1900,1900,2000,12746,3,140,183.75289158504114,94.61562498472631,1972.919792169705,10341.027773419111
1787722823,23,,Aggregated,8.400000,0.000000,140,190,200,220,270,310,450,790,1900,1900,2000,12753,3,140,183.767891605339,94.61562498472631,1972.919792169705,10341.864110405395
1787722824,23,,Aggregated,8.500000,0.000000,140,190,200,220,270,310,450,790,1900,1900,2000,12759,3,140,183.77741006811323,94.61562498472631,1972.919792169705,10341.635237871307
1787722825,23,,Aggregated,9.000000,0.000000,140,190,200,220,270,310,450,790,1900,1900,2000,12768,3,140,183.75588210563222,94.61562498472631,1972.919792169705,10341.44846491228
1787722826,23,,Aggregated,8.900000,0.000000,140,190,200,220,270,310,450,790,1900,1900,2000,12780,3,140,183.73276367175052,94.61562498472631,1972.919792169705,10342.253051643193
1787722827,23,,Aggregated,8.400000,0.000000,140,190,200,220,270,310,450,790,1900,1900,2000,12792,3,140,183.72328643698137,94.61562498472631,1972.919792169705,10341.82246716698
1787722828,23,,Aggregated,8.700000,0.000000,140,190,200,220,270,310,450,790,1900,1900,2000,12799,3,140,183.72041114046544,94.61562498472631,1972.919792169705,10341.381201656379
1787722829,23,,Aggregated,8.500000,0.000000,140,190,200,220,270,310,450,790,1900,1900,2000,12804,3,140,183.71345043686512,94.61562498472631,1972.919792169705,10341.352936582318
1787722830,23,,Aggregated,9.500000,0.000000,140,190,200,220,270,310,450,790,1900,1900,2000,12815,3,140,183.7190317351573,94.61562498472631,1972.919792169705,10341.781662114709
1787722831,23,,Aggregated,8.100000,0.000000,140,190,200,220,270,310,450,790,1900,1900,2000,12822,3,140,183.7039137923334,94.61562498472631,1972.919792169705,10342.697863047886
1787722832,23,,Aggregated,8.300000,0.000000,140,190,200,220,270,310,450,790,1900,1900,2000,12831,3,140,183.6790799027151,94.61562498472631,1972.919792169705,10341.6505338633
1787722833,23,,Aggregated,8.500000,0.000000,140,190,200,220,270,310,450,790,1900,1900,2000,12836,3,140,183.6833806987286,94.61562498472631,1972.919792169705,10342.568323465253
1787722834,23,,Aggregated,8.700000,0.000000,140,190,200,220,270,310,450,790,1900,1900,2000,12848,3,140,183.66492739652432,94.61562498472631,1972.919792169705,10341.806818181818
1787722835,23,,Aggregated,8.200000,0.000000,140,190,200,220,270,310,450,790,1900,1900,2000,12860,3,140,183.6369979477192,94.61562498472631,1972.919792169705,10340.949533437013
1787722836,23,,Aggregated,8.200000,0.000000,140,190,200,220,270,310,450,790,1900,1900,2000,12867,3,140,183.6317105112658,94.61562498472631,1972.919792169705,10341.233543172457
1787722837,23,,Aggregated,9.000000,0.000000,140,190,200,220,270,310,450,790,1900,1900,2000,12879,3,140,183.66578466737874,94.61562498472631,1972.919792169705,10342.785620001552
1787722838,23,,Aggregated,8.800000,0.000000,140,190,200,220,270,310,450,790,1900,1900,2000,12886,3,140,183.66344407541658,94.61562498472631,1972.919792169705,10343.340058978736
1787722839,23,,Aggregated,8.600000,0.000000,140,190,200,220,270,310,450,790,1900,1900,2000,12897,3,140,183.64241347312634,94.61562498472631,1972.919792169705,10342.806389082732
1787722840,23,,Aggregated,8.500000,0.000000,140,190,200,220,270,310,450,790,1900,1900,2000,12904,3,140,183.67745324929814,94.61562498472631,1972.919792169705,10343.45009299442
1787722841,23,,Aggregated,8.700000,0.000000,140,190,200,220,270,310,450,790,1900,1900,2000,12922,3,140,183.75150002385283,94.61562498472631,1972.919792169705,10343.665918588455
1787722842,23,,Aggregated,9.300000,0.000000,140,190,200,220,270,310,450,790,1900,1900,2000,12929,3,140,183.7618716045412,94.61562498472631,1972.919792169705,10343.714053677779
1787722843,23,,Aggregated,8.900000,0.000000,140,190,200,220,270,310,450,790,1900,1900,2000,12934,3,140,183.74225301028278,94.61562498472631,1972.919792169705,10342.617133137468
1787722844,23,,Aggregated,9.900000,0.000000,140,190,200,220,270,310,450,790,1900,1900,2000,12941,3,140,183.735021216203,94.61562498472631,1972.919792169705,10343.030291322155
1787722845,23,,Aggregated,9.800000,0.000000,140,190,200,220,270,310,450,790,1900,1900,2000,12947,3,140,183.71661956249895,94.61562498472631,1972.919792169705,10343.395767359234
1787722846,23,,Aggregated,9.600000,0.000000,140,190,200,220,270,310,450,790,1900,1900,2000,12958,3,140,183.67104865208833,94.61562498472631,1972.919792169705,10341.849590986263
1787722847,23,,Aggregated,8.900000,0.000000,140,190,200,220,270,310,450,790,1900,1900,2000,12963,3,140,183.67268639404512,94.61562498472631,1972.919792169705,10341.237830749054
1787722848,23,,Aggregated,8.800000,0.000000,140,190,200,220,270,310,450,790,1900,1900,2000,12973,3,140,183.63188376958118,94.61562498472631,1972.919792169705,10340.140676790257
1787722849,23,,Aggregated,9.000000,0.000000,140,190,200,220,270,310,450,790,1900,1900,2000,12979,3,140,183.60796714699126,94.61562498472631,1972.919792169705,10339.59465290084
1787722850,23,,Aggregated,8.200000,0.000000,140,190,200,220,270,310,450,790,1900,1900,2000,12984,3,140,183.59220027338998,94.61562498472631,1972.919792169705,10339.448166974738
1787722851,23,,Aggregated,8.800000,0.000000,140,190,200,220,270,310,450,790,1900,1900,2000,12993,3,140,183.57091246378218,94.61562498472631,1972.919792169705,10338.261371507735
1787722852,23,,Aggregated,8.100000,0.000000,140,190,200,220,270,310,440,790,1900,1900,2000,13005,3,140,183.5750425138476,94.61562498472631,1972.919792169705,10338.657900807382
1787722853,23,,Aggregated,8.100000,0.000000,140,190,200,220,270,310,440,790,1900,1900,2000,13012,3,140,183.54532274511985,94.61562498472631,1972.919792169705,10337.81609283738
1787722854,23,,Aggregated,7.100000,0.000000,140,190,200,220,270,310,440,790,1900,1900,2000,13020,3,140,183.55381516394593,94.61562498472631,1972.919792169705,10338.981029185868
1787722855,23,,Aggregated,7.600000,0.000000,140,190,200,220,270,310,440,790,1900,1900,2000,13029,3,140,183.53450740146081,94.61562498472631,1972.919792169705,10339.698058177912
1787722857,23,,Aggregated,7.800000,0.000000,140,190,200,220,270,310,440,790,1900,1900,2000,13036,3,140,183.5173296557427,94.61562498472631,1972.919792169705,10339.061138386009
1787722858,23,,Aggregated,7.900000,0.000000,140,190,200,220,270,310,440,790,1900,1900,2000,13046,3,140,183.50448544063224,94.61562498472631,1972.919792169705,10339.99885022229
1787722859,23,,Aggregated,8.100000,0.000000,140,190,200,220,270,310,440,790,1900,1900,2000,13051,3,140,183.487763151695,94.61562498472631,1972.919792169705,10339.655658570224
1787722860,23,,Aggregated,7.800000,0.000000,140,190,200,220,270,310,440,790,1900,1900,2000,13061,3,140,183.48528913512254,94.61562498472631,1972.919792169705,10338.912181303116
1787722861,23,,Aggregated,7.700000,0.000000,140,190,200,220,270,310,440,790,1900,1900,2000,13066,3,140,183.47641507363008,94.61562498472631,1972.919792169705,10338.788458594827
1787722862,23,,Aggregated,7.700000,0.000000,140,190,200,220,270,310,440,790,1900,1900,2000,13080,3,140,183.46896587500052,94.61562498472631,1972.919792169705,10339.291819571865
1787722863,23,,Aggregated,8.100000,0.000000,140,190,200,220,270,310,440,790,1900,1900,2000,13092,3,140,183.45794630136407,94.61562498472631,1972.919792169705,10338.367399938894
1787722864,23,,Aggregated,8.000000,0.000000,140,190,200,220,270,310,440,790,1900,1900,2000,13096,3,140,183.44715270070841,94.61562498472631,1972.919792169705,10338.832849725108
1787722865,23,,Aggregated,8.600000,0.000000,140,190,200,220,270,310,440,790,1900,1900,2000,13109,3,140,183.468791347188,94.61562498472631,1972.919792169705,10339.750476771684
1787722866,23,,Aggregated,8.700000,0.000000,140,190,200,220,270,310,440,790,1900,1900,2000,13120,3,140,183.4522226039198,94.61562498472631,1972.919792169705,10340.742301829268
1787722867,23,,Aggregated,8.900000,0.000000,140,190,200,220,270,310,440,790,1900,1900,2000,13129,3,140,183.44567185399393,94.61562498472631,1972.919792169705,10339.703557011197
1787722868,23,,Aggregated,8.900000,0.000000,140,190,200,220,270,310,440,790,1900,1900,2000,13134,3,140,183.44989940062126,94.61562498472631,1972.919792169705,10342.252093802344
1787722869,23,,Aggregated,9.100000,0.000000,140,190,200,220,270,310,440,790,1900,1900,2000,13140,3,140,183.43598364869734,94.61562498472631,1972.919792169705,10342.491324200913
1787722870,23,,Aggregated,8.800000,0.000000,140,190,200,220,270,310,440,790,1900,1900,2000,13151,3,140,183.45932260032242,94.61562498472631,1972.919792169705,10343.675385902212
1787722871,23,,Aggregated,8.800000,0.000000,140,190,200,220,270,310,440,790,1900,1900,2000,13161,3,140,183.46803419640625,94.61562498472631,1972.919792169705,10344.073778588254
1787722872,23,,Aggregated,8.900000,0.000000,140,190,200,220,270,310,440,790,1900,1900,2000,13168,3,140,183.4720080195873,94.61562498472631,1972.919792169705,10345.11626670717
1787722873,23,,Aggregated,9.600000,0.000000,140,190,200,220,270,310,440,790,1900,1900,2000,13175,3,140,183.4591069874624,94.61562498472631,1972.919792169705,10344.696925996204
1787722874,23,,Aggregated,8.700000,0.000000,140,190,200,220,270,310,440,790,1900,1900,2000,13188,3,140,183.449681352984,94.61562498472631,1972.919792169705,10345.856460418563
1787722875,23,,Aggregated,8.000000,0.000000,140,190,200,220,270,310,440,790,1900,1900,2000,13200,3,140,183.43827105875155,94.61562498472631,1972.919792169705,10344.457272727273
1787722876,23,,Aggregated,9.100000,0.000000,140,190,200,220,270,310,440,790,1900,1900,2000,13206,3,140,183.43853235407516,94.61562498472631,1972.919792169705,10345.58496138119
1787722877,29,,Aggregated,8.700000,0.000000,140,190,200,220,270,310,440,790,1900,1900,2000,13230,3,140,183.51683376914133,94.61562498472631,1972.919792169705,10345.965003779289
1787722878,29,,Aggregated,8.700000,0.000000,140,190,200,220,270,310,440,790,1900,1900,2000,13238,3,140,183.50632446167998,94.61562498472631,1972.919792169705,10345.572745127663
1787722879,29,,Aggregated,8.500000,0.000000,140,190,200,220,270,310,440,790,1900,1900,2000,13250,3,140,183.4742043501223,94.61562498472631,1972.919792169705,10345.415320754717
1787722880,29,,Aggregated,10.400000,0.000000,140,190,200,220,270,310,440,790,1900,1900,2000,13258,3,140,183.453737527447,94.61562498472631,1972.919792169705,10344.894629657565
1787722881,29,,Aggregated,11.200000,0.000000,140,190,200,220,270,310,440,790,1900,1900,2000,13272,3,140,183.39993329406093,94.61562498472631,1972.919792169705,10342.00625376733
1787722882,29,,Aggregated,10.600000,0.000000,140,190,200,220,270,310,440,790,1900,1900,2000,13282,3,140,183.36045588724645,94.61562498472631,1972.919792169705,10340.79152236109
1787722883,29,,Aggregated,10.700000,0.000000,140,190,200,220,270,310,440,790,1900,1900,2000,13292,3,140,183.3322817962639,94.61562498472631,1972.919792169705,10339.733373457719
1787722884,29,,Aggregated,11.400000,0.000000,140,190,200,220,270,310,440,780,1900,1900,2000,13302,3,140,183.31229876223958,94.61562498472631,1972.919792169705,10338.949105397685
1787722885,29,,Aggregated,11.700000,0.000000,140,190,200,220,270,310,440,780,1900,1900,2000,13314,3,140,183.29584817726285,94.61562498472631,1972.919792169705,10339.127910470183
1787722886,29,,Aggregated,11.700000,0.000000,140,190,200,220,270,310,440,780,1900,1900,2000,13319,3,140,183.28172922822733,94.61562498472631,1972.919792169705,10338.886703205946
1787722887,29,,Aggregated,11.600000,0.000000,140,190,200,220,270,310,440,780,1900,1900,2000,13336,3,140,183.24838866060753,94.61562498472631,1972.919792169705,10337.940161967606
1787722888,29,,Aggregated,11.400000,0.000000,140,190,200,220,270,310,440,780,1900,1900,2000,13348,3,140,183.22501012104166,94.61562498472631,1972.919792169705,10338.390095894516
1787722889,29,,Aggregated,10.700000,0.000000,140,190,200,220,270,310,440,780,1900,1900,2000,13365,3,140,183.2212213564628,94.61562498472631,1972.919792169705,10337.783613916947
1787722890,29,,Aggregated,10.800000,0.000000,140,190,200,220,270,310,440,780,1900,1900,2000,13379,3,140,183.1855894228691,94.61562498472631,1972.919792169705,10337.88078331714
1787722891,29,,Aggregated,11.300000,0.000000,140,190,200,220,270,310,440,780,1900,1900,2000,13391,3,140,183.1503506128384,94.61562498472631,1972.919792169705,10336.557314614292
1787722892,29,,Aggregated,12.000000,0.000000,140,190,200,220,270,310,440,780,1900,1900,2000,13399,3,140,183.14149692563973,94.61562498472631,1972.919792169705,10337.317486379581
1787722893,29,,Aggregated,11.800000,0.000000,140,190,200,220,270,310,440,780,1900,1900,2000,13415,3,140,183.12087697016878,94.61562498472631,1972.919792169705,10337.945508758852
1787722894,29,,Aggregated,11.400000,0.000000,140,190,200,220,270,310,440,780,1900,1900,2000,13423,3,140,183.09287995211102,94.61562498472631,1972.919792169705,10338.241749236386
1787722895,29,,Aggregated,11.900000,0.000000,140,190,200,220,270,310,440,780,1900,1900,2000,13432,3,140,183.07483013297895,94.61562498472631,1972.919792169705,10338.127977963073
1787722896,29,,Aggregated,12.100000,0.000000,140,190,200,220,270,310,440,780,1900,1900,2000,13441,3,140,183.04738343605527,94.61562498472631,1972.919792169705,10337.164199092329
1787722897,29,,Aggregated,11.900000,0.000000,140,190,200,220,270,310,440,780,1900,1900,2000,13454,3,140,183.005285458325,94.61562498472631,1972.919792169705,10336.162702541995
1787722898,29,,Aggregated,11.700000,0.000000,140,190,200,220,270,310,440,780,1900,1900,2000,13468,3,140,183.00204198947645,94.61562498472631,1972.919792169705,10337.095708345709
1787722899,29,,Aggregated,11.700000,0.000000,140,190,200,220,270,310,440,780,1900,1900,2000,13474,3,140,182.97741088810014,94.61562498472631,1972.919792169705,10336.552100341398
1787722900,29,,Aggregated,11.800000,0.000000,140,190,200,220,270,310,440,780,1900,1900,2000,13484,3,140,182.96735275868514,94.61562498472631,1972.919792169705,10336.375927024621
1787722901,29,,Aggregated,10.800000,0.000000,140,190,200,220,270,310,440,780,1900,1900,2000,13495,3,140,182.9862102395163,94.61562498472631,1972.919792169705,10336.843423490182
1787722902,29,,Aggregated,10.400000,0.000000,140,190,200,220,270,310,440,780,1900,1900,2000,13504,3,140,182.97840435983338,94.61562498472631,1972.919792169705,10336.732819905214
1787722903,29,,Aggregated,10.700000,0.000000,140,190,200,220,270,310,440,780,1900,1900,2000,13522,3,140,182.96008552230728,94.61562498472631,1972.919792169705,10336.979958586007
1787722904,29,,Aggregated,10.500000,0.000000,140,190,200,220,270,310,440,780,1900,1900,2000,13531,3,140,182.9411441117278,94.61562498472631,1972.919792169705,10336.188603946493
1787722905,29,,Aggregated,10.500000,0.000000,140,190,200,220,270,310,440,780,1900,1900,2000,13543,3,140,182.90256473340932,94.61562498472631,1972.919792169705,10334.973196485269
1787722906,29,,Aggregated,10.600000,0.000000,140,190,200,220,270,310,440,780,1900,1900,2000,13550,3,140,182.88746351597837,94.61562498472631,1972.919792169705,10335.014243542435
1787722907,29,,Aggregated,10.600000,0.000000,140,190,200,220,270,310,440,780,1900,1900,2000,13564,3,140,182.8879724372114,94.61562498472631,1972.919792169705,10334.122087879681
1787722908,29,,Aggregated,11.000000,0.000000,140,190,200,220,270,310,440,780,1900,1900,2000,13575,3,140,182.88613854898878,94.61562498472631,1972.919792169705,10333.77738489871
1787722909,29,,Aggregated,10.900000,0.000000,140,190,200,220,270,310,440,780,1900,1900,2000,13582,3,140,182.8521067995763,94.61562498472631,1972.919792169705,10332.360477102047
1787722910,29,,Aggregated,10.600000,0.000000,140,190,200,220,270,310,440,780,1900,1900,2000,13589,3,140,182.84433173979386,94.61562498472631,1972.919792169705,10332.013687541394
1787722911,29,,Aggregated,10.700000,0.000000,140,190,200,220,270,310,440,780,1900,1900,2000,13599,3,140,182.8297555680808,94.61562498472631,1972.919792169705,10332.376351202294
1787722912,29,,Aggregated,10.500000,0.000000,140,190,200,220,270,310,440,780,1900,1900,2000,13616,3,140,182.7921816468998,94.61562498472631,1972.919792169705,10331.223854289072
1787722913,29,,Aggregated,9.800000,0.000000,140,190,200,220,270,310,440,780,1900,1900,2000,13621,3,140,182.79621224067122,94.61562498472631,1972.919792169705,10332.253725864473
1787722914,29,,Aggregated,11.000000,0.000000,140,190,200,220,270,310,440,780,1900,1900,2000,13631,3,140,182.78239760879248,94.61562498472631,1972.919792169705,10334.649548822537
1787722915,29,,Aggregated,10.600000,0.000000,140,190,200,220,270,310,440,780,1900,1900,2000,13640,3,140,182.75125542929726,94.61562498472631,1972.919792169705,10334.071187683285
1787722916,29,,Aggregated,9.900000,0.000000,140,190,200,220,270,310,440,780,1900,1900,2000,13648,3,140,182.72577893071283,94.61562498472631,1972.919792169705,10333.94292203986
1787722917,29,,Aggregated,9.900000,0.000000,140,190,200,220,270,310,430,780,1900,1900,2000,13667,3,140,182.71182740751547,94.61562498472631,1972.919792169705,10333.94651349967
1787722918,29,,Aggregated,9.800000,0.000000,140,190,200,220,270,310,430,780,1900,1900,2000,13675,3,140,182.68843611901528,94.61562498472631,1972.919792169705,10333.6163071298
1787722919,29,,Aggregated,9.700000,0.000000,140,190,200,220,270,310,430,780,1900,1900,2000,13693,3,140,182.65249597505584,94.61562498472631,1972.919792169705,10333.312203315563
1787722920,29,,Aggregated,10.400000,0.000000,140,190,200,220,270,310,430,780,1900,1900,2000,13698,3,140,182.63318649695972,94.61562498472631,1972.919792169705,10332.545773105563
1787722921,29,,Aggregated,10.200000,0.000000,140,190,200,220,260,310,430,780,1900,1900,2000,13713,3,140,182.58391758185246,94.61562498472631,1972.919792169705,10332.110989571938
1787722922,29,,Aggregated,10.900000,0.000000,140,190,200,220,260,310,430,780,1900,1900,2000,13723,3,140,182.56396625876351,94.61562498472631,1972.919792169705,10330.865772790206
1787722923,29,,Aggregated,11.800000,0.000000,140,190,200,220,260,310,430,780,1900,1900,2000,13731,3,140,182.55714068599138,94.61562498472631,1972.919792169705,10331.103779768408
1787722924,29,,Aggregated,10.700000,0.000000,140,190,200,220,260,310,430,780,1900,1900,2000,13741,3,140,182.52235997274934,94.61562498472631,1972.919792169705,10329.413070373335
1787722925,29,,Aggregated,10.700000,0.000000,140,190,200,220,260,310,430,780,1900,1900,2000,13753,3,140,182.5076568693842,94.61562498472631,1972.919792169705,10330.674543735911
1787722926,29,,Aggregated,10.700000,0.000000,140,190,200,220,260,310,430,780,1900,1900,2000,13761,3,140,182.4831516943435,94.61562498472631,1972.919792169705,10330.720514497492
1787722927,29,,Aggregated,11.400000,0.000000,140,190,200,220,260,310,430,780,1900,1900,2000,13773,3,140,182.47631842559295,94.61562498472631,1972.919792169705,10331.407826907718
1787722928,29,,Aggregated,11.300000,0.000000,140,190,200,220,260,310,430,780,1900,1900,2000,13790,3,140,182.46207910990364,94.61562498472631,1972.919792169705,10330.33654822335
1787722929,29,,Aggregated,10.900000,0.000000,140,190,200,220,260,310,430,780,1900,1900,2000,13804,3,140,182.45435880985698,94.61562498472631,1972.919792169705,10331.03426543031
1787722930,29,,Aggregated,10.600000,0.000000,140,190,200,220,260,310,430,780,1900,1900,2000,13811,3,140,182.43616560245303,94.61562498472631,1972.919792169705,10330.40576352183
1787722931,29,,Aggregated,11.600000,0.000000,140,190,200,220,260,310,430,780,1900,1900,2000,13827,3,140,182.37694823315474,94.61562498472631,1972.919792169705,10329.436537209807
1787722932,29,,Aggregated,11.300000,0.000000,140,190,200,220,260,310,430,780,1900,1900,2000,13840,3,140,182.36710245746613,94.61562498472631,1972.919792169705,10329.931791907515
1787722933,29,,Aggregated,10.600000,0.000000,140,190,200,220,260,310,430,780,1900,1900,2000,13849,3,140,182.33290918177997,94.61562498472631,1972.919792169705,10329.076034370713
1787722934,29,,Aggregated,11.700000,0.000000,140,190,200,220,260,310,430,780,1900,1900,2000,13864,3,140,182.29908904710175,94.61562498472631,1972.919792169705,10328.159405654933
1787722935,29,,Aggregated,11.700000,0.000000,140,190,200,220,260,310,430,780,1900,1900,2000,13875,3,140,182.2654840515272,94.61562498472631,1972.919792169705,10327.627891891892
1787722936,31,,Aggregated,12.000000,0.000000,140,190,200,220,260,310,430,780,1900,1900,2000,13891,3,140,182.2410917025597,94.61562498472631,1972.919792169705,10327.636023324454
1787722937,31,,Aggregated,11.600000,0.000000,140,190,200,220,260,310,430,780,1900,1900,2000,13900,3,140,182.23639681704154,94.61562498472631,1972.919792169705,10327.992589928057
1787722938,31,,Aggregated,12.500000,0.000000,140,190,200,220,260,310,430,780,1900,1900,2000,13914,3,140,182.22638184009384,94.61562498472631,1972.919792169705,10328.870058933448
1787722939,31,,Aggregated,12.700000,0.000000,140,190,200,220,260,310,430,780,1900,1900,2000,13930,3,140,182.22168573278302,94.61562498472631,1972.919792169705,10328.32727925341
1787722940,31,,Aggregated,12.200000,0.000000,140,190,200,220,260,310,430,780,1900,1900,2000,13940,3,140,182.2323541702279,94.61562498472631,1972.919792169705,10330.347489239599
1787722941,31,,Aggregated,11.800000,0.000000,140,190,200,220,260,310,430,780,1900,1900,2000,13951,3,140,182.1977054904798,94.61562498472631,1972.919792169705,10329.1006379471
1787722942,31,,Aggregated,12.800000,0.000000,140,190,200,220,260,310,430,780,1900,1900,2000,13959,3,140,182.18964773662057,94.61562498472631,1972.919792169705,10329.263056092843
1787722943,31,,Aggregated,13.000000,0.000000,140,190,200,220,260,310,430,780,1900,1900,2000,13976,3,140,182.16524348029097,94.61562498472631,1972.919792169705,10329.17329708071
1787722944,31,,Aggregated,11.900000,0.000000,140,190,200,220,260,310,430,780,1900,1900,2000,13993,3,140,182.15543467308606,94.61562498472631,1972.919792169705,10329.171728721503
1787722945,31,,Aggregated,12.200000,0.000000,140,190,200,220,260,310,430,770,1900,1900,2000,14006,3,140,182.11198673822216,94.61562498472631,1972.919792169705,10328.190346994146
1787722946,31,,Aggregated,12.700000,0.000000,140,190,200,220,260,310,430,770,1900,1900,2000,14011,3,140,182.1415177780585,94.61562498472631,1972.919792169705,10329.3733495111
1787722947,31,,Aggregated,13.000000,0.000000,140,190,200,220,260,310,430,770,1900,1900,2000,14027,3,140,182.13878966481306,94.61562498472631,1972.919792169705,10328.596563769872
1787722948,31,,Aggregated,12.700000,0.000000,140,190,200,220,260,310,430,770,1900,1900,2000,14038,3,140,182.10540463417024,94.61562498472631,1972.919792169705,10327.483473429264
1787722949,31,,Aggregated,11.800000,0.000000,140,190,200,220,260,310,430,770,1900,1900,2000,14048,3,140,182.09627277638054,94.61562498472631,1972.919792169705,10327.356634396356
1787722950,31,,Aggregated,12.900000,0.000000,140,190,200,220,260,310,430,770,1900,1900,2000,14057,3,140,182.07966834757903,94.61562498472631,1972.919792169705,10327.03884185815
1787722951,31,,Aggregated,12.500000,0.000000,140,190,200,220,260,310,430,770,1900,1900,2000,14074,3,140,182.03759735771553,94.61562498472631,1972.919792169705,10326.814125337502
1787722952,31,,Aggregated,11.500000,0.000000,140,190,200,220,260,310,430,770,1900,1900,2000,14087,3,140,182.02843584243308,94.61562498472631,1972.919792169705,10329.099950308795
1787722953,31,,Aggregated,11.300000,0.000000,140,190,200,220,260,310,430,760,1900,1900,2000,14104,3,140,182.01004284266892,94.61562498472631,1972.919792169705,10329.843519568916
1787722954,31,,Aggregated,12.300000,0.000000,140,190,200,220,260,310,430,760,1900,1900,2000,14117,3,140,181.99574422116842,94.61562498472631,1972.919792169705,10331.877240206843
1787722955,31,,Aggregated,12.400000,0.000000,140,190,200,220,260,310,430,760,1900,1900,2000,14132,3,140,181.96674638571525,94.61562498472631,1972.919792169705,10332.154401358619
1787722956,31,,Aggregated,12.400000,0.000000,140,190,200,220,260,310,430,760,1900,1900,2000,14144,3,140,181.93955263166373,94.61562498472631,1972.919792169705,10332.016119909502
1787722957,31,,Aggregated,12.500000,0.000000,140,190,200,210,260,310,430,760,1900,1900,2000,14158,3,140,181.89831337160894,94.61562498472631,1972.919792169705,10330.0824975279
1787722958,31,,Aggregated,12.400000,0.000000,140,190,200,210,260,310,430,760,1900,1900,2000,14165,3,140,181.88351266078868,94.61562498472631,1972.919792169705,10329.513660430639
1787722959,31,,Aggregated,13.300000,0.000000,140,190,200,210,260,310,430,760,1900,1900,2000,14181,3,140,181.86329873954523,94.61562498472631,1972.919792169705,10330.10062760031
1787722960,31,,Aggregated,12.800000,0.000000,140,190,200,210,260,310,430,760,1900,1900,2000,14197,3,140,181.84414536888937,94.61562498472631,1972.919792169705,10330.673099950694
1787722961,31,,Aggregated,12.900000,0.000000,140,190,200,210,260,310,420,760,1900,1900,2000,14207,3,140,181.80832765624308,94.61562498472631,1972.919792169705,10329.664813120293
1787722962,31,,Aggregated,13.400000,0.000000,140,190,200,210,260,310,420,760,1900,1900,2000,14220,3,140,181.8046920981786,94.61562498472631,1972.919792169705,10329.763924050632
1787722963,31,,Aggregated,14.100000,0.000000,140,190,200,210,260,310,420,760,1900,1900,2000,14230,3,140,181.76576798230028,94.61562498472631,1972.919792169705,10328.049472944484
1787722964,31,,Aggregated,13.400000,0.000000,140,190,200,210,260,310,420,760,1900,1900,2000,14240,3,140,181.76051314177548,94.61562498472631,1972.919792169705,10328.183918539326
1787722965,31,,Aggregated,13.100000,0.000000,140,190,200,210,260,310,420,760,1900,1900,2000,14251,3,140,181.72658317639775,94.61562498472631,1972.919792169705,10326.97466844432
1787722966,31,,Aggregated,12.600000,0.000000,140,190,200,210,260,310,420,760,1900,1900,2000,14262,3,140,181.6859922704905,94.61562498472631,1972.919792169705,10325.872668629925
1787722967,31,,Aggregated,12.100000,0.000000,140,190,200,210,260,310,420,760,1900,1900,2000,14277,3,140,181.68729806456585,94.61562498472631,1972.919792169705,10327.107935840862
1787722968,31,,Aggregated,11.900000,0.000000,140,190,200,210,260,310,420,760,1900,1900,2000,14289,3,140,181.69108496974187,94.61562498472631,1972.919792169705,10326.607040380712
1787722969,31,,Aggregated,11.800000,0.000000,140,190,200,210,260,310,420,760,1900,1900,2000,14305,3,140,181.67380895711383,94.61562498472631,1972.919792169705,10327.302202027264
1787722970,31,,Aggregated,11.900000,0.000000,140,190,200,210,260,310,420,760,1900,1900,2000,14317,3,140,181.65629053201633,94.61562498472631,1972.919792169705,10325.741565970524
1787722971,31,,Aggregated,12.300000,0.000000,140,190,200,210,260,310,420,760,1900,1900,2000,14331,3,140,181.62784921729317,94.61562498472631,1972.919792169705,10326.05589281976
1787722972,31,,Aggregated,12.100000,0.000000,140,190,200,210,260,310,420,760,1900,1900,2000,14339,3,140,181.61676543047977,94.61562498472631,1972.919792169705,10326.188227909895
1787722973,31,,Aggregated,12.100000,0.000000,140,190,200,210,260,310,420,760,1900,1900,2000,14352,3,140,181.59121456704298,94.61562498472631,1972.919792169705,10326.52438684504
1787722974,31,,Aggregated,12.100000,0.000000,140,190,200,210,260,310,420,760,1900,1900,2000,14357,3,140,181.57143599862368,94.61562498472631,1972.919792169705,10325.632444103921
1787722975,31,,Aggregated,12.100000,0.000000,140,190,200,210,260,310,420,760,1900,1900,2000,14374,3,140,181.53129902743652,94.61562498472631,1972.919792169705,10324.547307638792
1787722976,31,,Aggregated,12.100000,0.000000,140,190,200,210,260,310,420,760,1900,1900,2000,14387,3,140,181.5221396061179,94.61562498472631,1972.919792169705,10326.107319107528
1787722977,31,,Aggregated,11.500000,0.000000,140,190,200,210,260,310,420,760,1900,1900,2000,14399,3,140,181.51294709510813,94.61562498472631,1972.919792169705,10326.015278838808
1787722978,31,,Aggregated,12.200000,0.000000,140,190,200,210,260,310,420,760,1900,1900,2000,14407,3,140,181.50932924194476,94.61562498472631,1972.919792169705,10325.016727979455
1787722980,31,,Aggregated,12.500000,0.000000,140,190,200,210,260,310,420,760,1900,1900,2000,14420,3,140,181.49929643239201,94.61562498472631,1972.919792169705,10325.085852981969
1787722981,31,,Aggregated,12.100000,0.000000,140,190,200,210,260,310,420,760,1900,1900,2000,14432,3,140,181.49892329639098,94.61562498472631,1972.919792169705,10325.201358093127
1787722982,31,,Aggregated,11.600000,0.000000,140,190,200,210,260,310,420,760,1900,1900,2000,14447,3,140,181.4592958495428,94.61562498472631,1972.919792169705,10324.865369973004
1787722983,31,,Aggregated,11.500000,0.000000,140,190,200,210,260,310,420,760,1900,1900,2000,14459,3,140,181.45410596720643,94.61562498472631,1972.919792169705,10325.369250985545
1787722984,31,,Aggregated,11.200000,0.000000,140,190,200,210,260,310,420,760,1900,1900,2000,14467,3,140,181.43366672523,94.61562498472631,1972.919792169705,10324.369461533144
1787722985,31,,Aggregated,11.600000,0.000000,140,190,200,210,260,310,420,760,1900,1900,2000,14477,3,140,181.40160563975584,94.61562498472631,1972.919792169705,10324.792083995302
1787722986,31,,Aggregated,11.800000,0.000000,140,190,200,210,260,310,420,760,1900,1900,2000,14492,3,140,181.37255216173784,94.61562498472631,1972.919792169705,10326.661606403533
1787722987,31,,Aggregated,11.500000,0.000000,140,190,200,210,260,310,420,750,1900,1900,2000,14503,3,140,181.34755624505007,94.61562498472631,1972.919792169705,10325.123836447632
1787722988,31,,Aggregated,11.800000,0.000000,140,190,200,210,260,310,420,750,1900,1900,2000,14509,3,140,181.32492327279607,94.61562498472631,1972.919792169705,10324.22882348887
1787722989,31,,Aggregated,11.800000,0.000000,140,190,200,210,260,310,420,750,1900,1900,2000,14527,3,140,181.31953548354596,93.51133392192423,1972.919792169705,10324.124044881944
1787722990,31,,Aggregated,11.600000,0.000000,140,190,200,210,260,310,420,750,1900,1900,2000,14533,3,140,181.31523040165388,93.51133392192423,1972.919792169705,10323.656643500997
1787722991,31,,Aggregated,10.900000,0.000000,140,190,200,210,260,310,420,750,1900,1900,2000,14547,3,140,181.3223807179694,93.51133392192423,1972.919792169705,10323.649480992644
1787722992,31,,Aggregated,11.300000,0.000000,140,190,200,210,260,310,420,750,1900,1900,2000,14559,3,140,181.2883169068242,93.51133392192423,1972.919792169705,10323.497492959681
1787722993,31,,Aggregated,11.500000,0.000000,140,190,200,210,260,310,420,750,1900,1900,2000,14572,3,140,181.27498341374488,93.51133392192423,1972.919792169705,10324.489500411748
1787722994,31,,Aggregated,10.900000,0.000000,140,190,200,210,260,310,420,750,1900,1900,2000,14584,3,140,181.2446581307719,93.51133392192423,1972.919792169705,10324.484297860668
1787722995,31,,Aggregated,10.900000,0.000000,140,190,200,210,260,310,420,750,1900,1900,2000,14599,3,140,181.2325991117675,93.51133392192423,1972.919792169705,10324.654222891979
1787722996,31,,Aggregated,11.500000,0.000000,140,190,200,210,260,310,420,750,1900,1900,2000,14610,3,140,181.2017254601344,93.51133392192423,1972.919792169705,10324.35106091718
1787722997,34,,Aggregated,12.000000,0.000000,140,190,200,210,260,310,420,750,1900,1900,2000,14623,3,140,181.1946412027575,93.51133392192423,1972.919792169705,10323.369759967174
1787722998,34,,Aggregated,12.000000,0.000000,140,190,200,210,260,310,420,750,1900,1900,2000,14638,3,140,181.17380176420744,93.51133392192423,1972.919792169705,10323.036207132121
1787722999,34,,Aggregated,11.600000,0.000000,140,190,200,210,260,310,420,750,1900,1900,2000,14647,3,140,181.15647271458772,93.51133392192423,1972.919792169705,10321.399740561206
1787723000,34,,Aggregated,13.000000,0.000000,140,190,200,210,260,310,420,750,1900,1900,2000,14663,3,140,181.14927687143222,93.51133392192423,1972.919792169705,10321.377412534952
1787723001,34,,Aggregated,12.000000,0.000000,140,190,200,210,260,310,420,750,1900,1900,2000,14670,3,140,181.140759626712,93.51133392192423,1972.919792169705,10321.940354464894
1787723002,34,,Aggregated,12.600000,0.000000,140,190,200,210,260,310,420,750,1900,1900,2000,14679,3,140,181.12092514072734,93.51133392192423,1972.919792169705,10321.833435520131
1787723003,34,,Aggregated,12.200000,0.000000,140,190,200,210,260,310,420,750,1900,1900,2000,14698,3,140,181.11894848884614,93.51133392192423,1972.919792169705,10324.013199074703
1787723004,34,,Aggregated,12.200000,0.000000,140,190,200,210,260,310,420,740,1900,1900,2000,14706,3,140,181.10065039033032,93.51133392192423,1972.919792169705,10323.521895824833
1787723005,34,,Aggregated,12.700000,0.000000,140,190,200,210,260,310,420,740,1900,1900,2000,14718,3,140,181.07541883043186,93.51133392192423,1972.919792169705,10322.357181682293
1787723006,34,,Aggregated,12.400000,0.000000,140,190,200,210,260,310,420,740,1900,1900,2000,14731,3,140,181.0593718073345,93.51133392192423,1972.919792169705,10323.22456045075
1787723007,34,,Aggregated,11.900000,0.000000,140,190,200,210,260,310,420,740,1900,1900,2000,14745,3,140,181.07449953736742,93.51133392192423,1972.919792169705,10324.265852831468
1787723008,34,,Aggregated,12.000000,0.000000,140,190,200,210,260,310,420,740,1900,1900,2000,14755,3,140,181.08661788467145,93.51133392192423,1972.919792169705,10325.327143341241
1787723009,34,,Aggregated,12.200000,0.000000,140,190,200,210,260,310,420,740,1900,1900,2000,14767,3,140,181.0616883824983,93.51133392192423,1972.919792169705,10325.930791629986
1787723010,34,,Aggregated,11.500000,0.000000,140,190,200,210,260,310,420,740,1900,1900,2000,14782,3,140,181.0265481281114,93.51133392192423,1972.919792169705,10325.50568258693
1787723011,34,,Aggregated,11.900000,0.000000,140,190,200,210,260,310,420,740,1900,1900,2000,14796,3,140,181.0762335999324,93.51133392192423,1972.919792169705,10328.13686131387
1787723012,34,,Aggregated,11.500000,0.000000,140,190,200,210,260,310,420,740,1900,1900,2000,14806,3,140,181.05171386110803,93.51133392192423,1972.919792169705,10327.730987437526
1787723013,34,,Aggregated,12.500000,0.000000,140,190,200,210,260,310,420,740,1900,1900,2000,14816,3,140,181.1108624916173,93.51133392192423,1972.919792169705,10328.262621490281
1787723014,34,,Aggregated,12.900000,0.000000,140,190,200,210,260,310,420,740,1900,1900,2000,14829,3,140,181.11618960939646,93.51133392192423,1972.919792169705,10329.464832422955
1787723015,34,,Aggregated,11.900000,0.000000,140,190,200,210,260,310,420,740,1900,1900,2000,14845,3,140,181.09792478162382,93.51133392192423,1972.919792169705,10328.32509262378
1787723016,34,,Aggregated,11.900000,0.000000,140,190,200,210,260,310,420,740,1900,1900,2000,14854,3,140,181.15804592533755,93.51133392192423,1972.919792169705,10329.48727615457
1787723017,34,,Aggregated,12.600000,0.000000,140,190,200,210,260,310,420,740,1900,1900,2000,14873,3,140,181.21083809356455,93.51133392192423,1972.919792169705,10329.230552006993
1787723018,34,,Aggregated,12.300000,0.000000,140,190,200,210,260,310,420,740,1900,1900,2000,14884,3,140,181.195637682074,93.51133392192423,1972.919792169705,10329.847957538295
1787723019,34,,Aggregated,12.500000,0.000000,140,190,200,210,260,310,420,740,1900,1900,2000,14897,3,140,181.16461632160548,93.51133392192423,1972.919792169705,10328.998120426932
1787723020,34,,Aggregated,13.000000,0.000000,140,190,200,210,260,310,420,740,1900,1900,2000,14909,3,140,181.1450814280877,93.51133392192423,1972.919792169705,10328.136964249781
1787723021,34,,Aggregated,12.900000,0.000000,140,190,200,210,260,310,420,740,1900,1900,2000,14925,3,140,181.1411371251796,93.51133392192423,1972.919792169705,10328.24120603015
1787723022,34,,Aggregated,12.700000,0.000000,140,190,200,210,260,310,420,740,1900,1900,2000,14934,3,140,181.14408906462532,93.51133392192423,1972.919792169705,10328.744676576938
1787723023,34,,Aggregated,12.800000,0.000000,140,190,200,210,260,310,420,740,1900,1900,2000,14951,3,140,181.12374869343193,93.51133392192423,1972.919792169705,10327.799277640292
1787723024,34,,Aggregated,12.700000,0.000000,140,190,200,210,260,310,420,740,1900,1900,2000,14966,3,140,181.18389002613455,93.51133392192423,1972.919792169705,10327.760256581585
1787723025,34,,Aggregated,12.800000,0.000000,140,190,200,210,260,310,420,740,1900,1900,2000,14976,3,140,181.16008034828863,93.51133392192423,1972.919792169705,10327.211071047008
1787723026,34,,Aggregated,13.300000,0.000000,140,190,200,210,260,310,420,740,1800,1900,2000,15001,3,140,181.2510611847485,93.51133392192423,1972.919792169705,10328.66862209186
1787723027,34,,Aggregated,12.800000,0.000000,140,190,200,210,260,310,420,740,1800,1900,2000,15011,3,140,181.31764477991666,93.51133392192423,1972.919792169705,10329.058890147226
1787723028,34,,Aggregated,14.100000,0.000000,140,190,200,210,260,310,420,740,1800,1900,2000,15029,3,140,181.2802795732684,93.51133392192423,1972.919792169705,10327.316587930001
1787723029,34,,Aggregated,14.100000,0.000000,140,190,200,210,260,310,420,740,1800,1900,2000,15038,3,140,181.27380383844968,93.51133392192423,1972.919792169705,10327.856563372789
1787723030,34,,Aggregated,14.000000,0.000000,140,190,200,210,260,310,420,740,1800,1900,2000,15057,3,140,181.2719527212541,93.51133392192423,1972.919792169705,10331.37915919506
1787723031,34,,Aggregated,14.300000,0.000000,140,190,200,210,260,310,420,740,1800,1900,2000,15070,3,140,181.2553332973174,93.51133392192423,1972.919792169705,10330.375646980756
1787723032,34,,Aggregated,15.200000,0.000000,140,190,200,210,260,310,420,740,1800,1900,2000,15083,3,140,181.2479411478329,93.51133392192423,1972.919792169705,10330.687794205396
1787723033,34,,Aggregated,14.500000,0.000000,140,190,200,210,260,310,420,740,1800,1900,2000,15092,3,140,181.23981626562093,93.51133392192423,1972.919792169705,10331.921680360456
1787723034,34,,Aggregated,14.600000,0.000000,140,190,200,210,260,310,420,740,1800,1900,2000,15106,3,140,181.2082905133256,93.51133392192423,1972.919792169705,10330.914934463128
1787723035,34,,Aggregated,14.500000,0.000000,140,190,200,210,260,310,420,740,1800,1900,2000,15116,3,140,181.1830770675885,93.51133392192423,1972.919792169705,10331.00734321249
1787723036,34,,Aggregated,14.200000,0.000000,140,190,200,210,260,310,420,740,1800,1900,2000,15129,3,140,181.17265259840335,93.51133392192423,1972.919792169705,10331.861392028555
1787723037,34,,Aggregated,14.100000,0.000000,140,190,200,210,260,310,420,740,1800,1900,2000,15144,3,140,181.14958547341195,93.51133392192423,1972.919792169705,10331.131273111463
1787723038,34,,Aggregated,13.300000,0.000000,140,190,200,210,260,310,420,740,1800,1900,2000,15151,3,140,181.12358455389145,93.51133392192423,1972.919792169705,10330.499636987657
1787723039,34,,Aggregated,12.900000,0.000000,140,190,200,210,260,310,420,740,1800,1900,2000,15165,3,140,181.11336993288765,93.51133392192423,1972.919792169705,10330.572964061985
1787723040,34,,Aggregated,12.500000,0.000000,140,190,200,210,260,310,420,740,1800,1900,2000,15179,3,140,181.1426737454447,93.51133392192423,1972.919792169705,10332.371038935371
1787723041,34,,Aggregated,12.100000,0.000000,140,190,200,210,260,310,420,740,1800,1900,2000,15188,3,140,181.14785624267645,93.51133392192423,1972.919792169705,10332.815380563603
1787723042,34,,Aggregated,12.200000,0.000000,140,190,200,210,260,310,420,740,1800,1900,2000,15208,3,140,181.17056980630264,93.51133392192423,1972.919792169705,10331.810231457128
1787723043,34,,Aggregated,11.400000,0.000000,140,190,200,210,260,310,420,740,1800,1900,2000,15219,3,140,181.1688069374377,93.51133392192423,1972.919792169705,10332.324134305802
1787723044,34,,Aggregated,11.800000,0.000000,140,190,200,210,260,310,420,740,1800,1900,2000,15234,3,140,181.17850826483354,93.51133392192423,1972.919792169705,10332.343245372194
1787723045,34,,Aggregated,12.700000,0.000000,140,190,200,210,260,310,420,740,1800,1900,2000,15246,3,140,181.15885380539342,93.51133392192423,1972.919792169705,10332.668240850058
1787723046,34,,Aggregated,12.600000,0.000000,140,190,200,210,260,310,420,740,1800,1900,2000,15257,3,140,181.13270518667554,93.51133392192423,1972.919792169705,10332.274693583273
1787723047,34,,Aggregated,12.800000,0.000000,140,190,200,210,260,310,420,740,1800,1900,2000,15270,3,140,181.12059461023628,93.51133392192423,1972.919792169705,10330.88631303209
1787723048,34,,Aggregated,12.500000,0.000000,140,190,200,210,260,310,420,740,1800,1900,2000,15282,3,140,181.1074865221527,93.51133392192423,1972.919792169705,10330.390393927497
1787723049,34,,Aggregated,12.400000,0.000000,140,190,200,210,260,310,420,740,1800,1900,2000,15292,3,140,181.0988338448183,93.51133392192423,1972.919792169705,10331.051987967565
1787723050,34,,Aggregated,13.100000,0.000000,140,190,200,210,260,310,420,740,1800,1900,2000,15303,3,140,181.09777281073292,93.51133392192423,1972.919792169705,10331.909233483631
1787723051,34,,Aggregated,12.800000,0.000000,140,190,200,210,260,310,420,740,1800,1900,2000,15319,3,140,181.09737576088358,93.51133392192423,1972.919792169705,10331.222338272733
1787723052,34,,Aggregated,12.200000,0.000000,140,190,200,210,260,310,420,740,1800,1900,2000,15333,3,140,181.07262657540923,93.51133392192423,1972.919792169705,10329.679840866105
1787723053,34,,Aggregated,13.000000,0.000000,140,190,200,210,260,310,420,740,1800,1900,2000,15341,3,140,181.0695105917389,93.51133392192423,1972.919792169705,10330.170653803532
1787723054,34,,Aggregated,12.900000,0.000000,140,190,200,210,260,310,420,740,1800,1900,2000,15351,3,140,181.05575685549445,93.51133392192423,1972.919792169705,10329.224610774543
1787723055,34,,Aggregated,12.100000,0.000000,140,190,200,210,260,310,420,740,1800,1900,2000,15362,3,140,181.03573954051674,93.51133392192423,1972.919792169705,10329.118799635464
1787723056,36,,Aggregated,12.000000,0.000000,140,190,200,210,260,310,420,740,1800,1900,2000,15386,3,140,181.00227199434428,93.51133392192423,1972.919792169705,10328.644157025868
1787723057,36,,Aggregated,11.700000,0.000000,140,190,200,210,260,310,420,740,1800,1900,2000,15399,3,140,181.01982342132987,93.51133392192423,1972.919792169705,10331.576141307876
1787723058,36,,Aggregated,12.500000,0.000000,140,190,200,210,260,310,420,730,1800,1900,2000,15415,3,140,181.0104226287209,93.51133392192423,1972.919792169705,10330.974440480051
1787723059,36,,Aggregated,13.000000,0.000000,140,190,200,210,260,310,420,730,1800,1900,2000,15430,3,140,181.0050091401258,93.51133392192423,1972.919792169705,10330.359624108878
1787723060,36,,Aggregated,12.400000,0.000000,140,190,200,210,260,310,420,730,1800,1900,2000,15447,3,140,181.00774235228002,93.51133392192423,1972.919792169705,10331.870071858613
1787723061,36,,Aggregated,13.400000,0.000000,140,190,200,210,260,310,420,730,1800,1900,2000,15462,3,140,180.989314763216,93.51133392192423,1972.919792169705,10332.049023412237
1787723062,36,,Aggregated,13.900000,0.000000,140,190,200,210,260,310,420,730,1800,1900,2000,15474,3,140,180.95372331517856,93.51133392192423,1972.919792169705,10331.335207444747
1787723063,36,,Aggregated,14.100000,0.000000,140,190,200,210,260,310,420,730,1800,1900,2000,15492,3,140,180.93344483163202,93.51133392192423,1972.919792169705,10330.952104311902
1787723064,36,,Aggregated,14.200000,0.000000,140,190,200,210,260,310,420,720,1800,1900,2000,15510,3,140,180.9194158390855,93.51133392192423,1972.919792169705,10331.10528691167
1787723065,36,,Aggregated,14.200000,0.000000,140,190,200,210,260,310,420,720,1800,1900,2000,15523,3,140,180.89071934112076,93.51133392192423,1972.919792169705,10329.452876376989
1787723066,36,,Aggregated,15.700000,0.000000,140,190,200,210,260,310,420,720,1800,1900,2000,15533,3,140,180.8489255293939,93.51133392192423,1972.919792169705,10327.950878774223
1787723067,36,,Aggregated,16.000000,0.000000,140,190,200,210,260,310,420,720,1800,1900,2000,15543,3,140,180.83052502721628,93.51133392192423,1972.919792169705,10326.92614038474
1787723068,36,,Aggregated,15.200000,0.000000,140,190,200,210,260,310,420,720,1800,1900,2000,15560,3,140,180.81444654298605,93.51133392192423,1972.919792169705,10326.559318766067
1787723069,36,,Aggregated,14.400000,0.000000,140,190,200,210,260,310,420,720,1800,1900,2000,15573,3,140,180.78902260324284,93.51133392192423,1972.919792169705,10326.262890900918
1787723070,36,,Aggregated,14.500000,0.000000,140,190,200,210,260,310,420,720,1800,1900,2000,15583,3,140,180.78395853924505,93.51133392192423,1972.919792169705,10327.055637553745
1787723071,36,,Aggregated,14.400000,0.000000,140,190,200,210,260,310,420,720,1800,1900,2000,15598,3,140,180.773041511802,93.51133392192423,1972.919792169705,10327.561738684446
1787723072,36,,Aggregated,13.800000,0.000000,140,190,200,210,260,310,420,720,1800,1900,2000,15614,3,140,180.7465395720243,93.51133392192423,1972.919792169705,10327.411617778916
1787723073,36,,Aggregated,13.500000,0.000000,140,190,200,210,260,310,420,720,1800,1900,2000,15628,3,140,180.72259732531785,93.51133392192423,1972.919792169705,10326.820386485795
1787723074,36,,Aggregated,13.600000,0.000000,140,190,200,210,260,310,420,720,1800,1900,2000,15650,3,140,180.7565295845776,93.51133392192423,1972.919792169705,10328.218849840256
1787723075,36,,Aggregated,14.000000,0.000000,140,190,200,210,260,310,420,720,1800,1900,2000,15657,3,140,180.7373756173235,93.51133392192423,1972.919792169705,10327.795043750399
1787723076,36,,Aggregated,13.000000,0.000000,140,190,200,210,260,310,420,720,1800,1900,2000,15676,3,140,180.70013897035602,93.51133392192423,1972.919792169705,10326.67223781577
1787723077,36,,Aggregated,13.800000,0.000000,140,190,200,210,260,310,420,720,1800,1900,2000,15687,3,140,180.6815206672852,93.51133392192423,1972.919792169705,10326.12309555683
1787723078,36,,Aggregated,13.700000,0.000000,140,190,200,210,260,310,420,720,1800,1900,2000,15703,3,140,180.68124808690504,93.51133392192423,1972.919792169705,10326.12768260842
1787723079,36,,Aggregated,14.100000,0.000000,140,190,200,210,260,310,420,720,1800,1900,2000,15720,3,140,180.66228703353093,93.51133392192423,1972.919792169705,10325.75496183206
1787723080,36,,Aggregated,14.500000,0.000000,140,190,200,210,260,310,420,720,1800,1900,2000,15731,3,140,180.67382009771933,93.51133392192423,1972.919792169705,10325.07838026826
1787723081,36,,Aggregated,14.100000,0.000000,140,190,200,210,260,310,420,720,1800,1900,2000,15742,3,140,180.64468885512684,93.51133392192423,1972.919792169705,10325.232943717443
1787723082,36,,Aggregated,14.800000,0.000000,140,190,200,210,260,310,420,720,1800,1900,2000,15759,3,140,180.62322915759103,93.51133392192423,1972.919792169705,10323.218478329843
1787723083,36,,Aggregated,14.500000,0.000000,140,190,200,210,260,310,420,720,1800,1900,2000,15772,3,140,180.61054476295064,93.51133392192423,1972.919792169705,10324.824625919351
1787723084,36,,Aggregated,14.300000,0.000000,140,190,200,210,260,310,420,720,1800,1900,2000,15779,3,140,180.60018607543103,93.51133392192423,1972.919792169705,10324.215729767413
1787723085,36,,Aggregated,14.200000,0.000000,140,190,200,210,260,310,420,720,1800,1900,2000,15795,3,140,180.58462003794307,93.51133392192423,1972.919792169705,10325.99138968028
1787723086,36,,Aggregated,14.000000,0.000000,140,190,200,210,260,310,420,710,1800,1900,2000,15816,3,140,180.55381149876018,93.51133392192423,1972.919792169705,10325.928616590794
1787723087,36,,Aggregated,12.900000,0.000000,140,190,200,210,260,310,420,710,1800,1900,2000,15822,3,140,180.53300624379315,93.51133392192423,1972.919792169705,10324.887308810517
1787723088,36,,Aggregated,13.700000,0.000000,140,190,200,210,260,310,420,710,1800,1900,2000,15840,3,140,180.49462047285598,93.51133392192423,1972.919792169705,10324.414962121213
1787723089,36,,Aggregated,13.900000,0.000000,140,190,200,210,260,310,420,710,1800,1900,2000,15856,3,140,180.48004725860812,93.51133392192423,1972.919792169705,10324.625126135217
1787723090,36,,Aggregated,13.100000,0.000000,140,190,200,210,260,310,420,710,1800,1900,2000,15867,3,140,180.44663319565106,93.51133392192423,1972.919792169705,10324.022247431776
1787723091,36,,Aggregated,13.700000,0.000000,140,190,200,210,260,310,420,710,1800,1900,2000,15882,3,140,180.4803700178894,93.51133392192423,1972.919792169705,10324.75173151996
1787723092,36,,Aggregated,13.700000,0.000000,140,190,200,210,260,310,420,710,1800,1900,2000,15896,3,140,180.46349007573326,93.51133392192423,1972.919792169705,10324.867576748868
1787723093,36,,Aggregated,13.700000,0.000000,140,190,200,210,260,310,420,710,1800,1900,2000,15912,3,140,180.444048838584,93.51133392192423,1972.919792169705,10325.000439919557
1787723094,36,,Aggregated,13.700000,0.000000,140,190,200,210,260,310,420,710,1800,1900,2000,15920,3,140,180.43669832722065,93.51133392192423,1972.919792169705,10324.967085427135
1787723095,36,,Aggregated,13.700000,0.000000,140,190,200,210,260,310,420,710,1800,1900,2000,15925,3,140,180.42160953912634,93.51133392192423,1972.919792169705,10324.873783359497
1787723096,36,,Aggregated,14.000000,0.000000,140,190,200,210,260,310,420,710,1800,1900,2000,15944,3,140,180.408607984234,93.51133392192423,1972.919792169705,10325.986389864525
1787723097,36,,Aggregated,13.700000,0.000000,140,190,200,210,260,310,420,710,1800,1900,2000,15958,3,140,180.3897108994806,93.51133392192423,1972.919792169705,10326.47725278857
1787723098,36,,Aggregated,12.600000,0.000000,140,190,200,210,260,310,420,710,1800,1900,2000,15977,3,140,180.3568702061066,93.51133392192423,1972.919792169705,10325.496588846467
1787723099,36,,Aggregated,13.100000,0.000000,140,190,200,210,260,310,420,710,1800,1900,2000,15989,3,140,180.3384856485176,93.51133392192423,1972.919792169705,10325.324097817249
1787723100,36,,Aggregated,13.400000,0.000000,140,190,200,210,260,310,420,710,1800,1900,2000,16002,3,140,180.342399035524,93.51133392192423,1972.919792169705,10325.81583552056
1787723101,36,,Aggregated,13.600000,0.000000,140,190,200,210,260,310,420,710,1800,1900,2000,16015,3,140,180.32281075768833,93.51133392192423,1972.919792169705,10325.193755853887
1787723102,36,,Aggregated,13.300000,0.000000,140,190,200,210,260,300,420,710,1800,1900,2000,16027,3,140,180.30895880081394,93.51133392192423,1972.919792169705,10326.57197229675
1787723103,36,,Aggregated,13.400000,0.000000,140,190,200,210,260,310,420,710,1800,1900,2000,16045,3,140,180.3044595039659,93.51133392192423,1972.919792169705,10325.846618884387
1787723104,36,,Aggregated,13.300000,0.000000,140,190,200,210,260,310,420,710,1800,1900,2000,16060,3,140,180.31609917432417,93.51133392192423,1972.919792169705,10327.805479452054
1787723105,36,,Aggregated,13.200000,0.000000,140,190,200,210,260,310,420,710,1800,1900,2000,16078,3,140,180.2731802094937,93.51133392192423,1972.919792169705,10327.074511755194
1787723106,36,,Aggregated,13.500000,0.000000,140,190,200,210,260,310,420,710,1800,1900,2000,16086,3,140,180.25789079217566,93.51133392192423,1972.919792169705,10326.949459157031
1787723107,36,,Aggregated,14.200000,0.000000,140,190,200,210,260,310,420,710,1800,1900,2000,16103,3,140,180.25850936094227,93.51133392192423,1972.919792169705,10327.121405949201
1787723108,36,,Aggregated,15.300000,0.000000,140,190,200,210,260,310,420,710,1800,1900,2000,16123,3,140,180.2340823971896,93.51133392192423,1972.919792169705,10327.613843577497
1787723109,36,,Aggregated,14.000000,0.000000,140,190,200,210,260,310,420,710,1800,1900,2000,16135,3,140,180.22348561034423,93.51133392192423,1972.919792169705,10326.944530523706
1787723110,36,,Aggregated,14.700000,0.000000,140,190,200,210,260,310,420,710,1800,1900,2000,16151,3,140,180.20625013855368,93.51133392192423,1972.919792169705,10327.364126060305
1787723111,36,,Aggregated,14.600000,0.000000,140,190,200,210,260,300,420,710,1800,1900,2000,16161,3,140,180.1830259490954,93.51133392192423,1972.919792169705,10326.594517665986
1787723112,36,,Aggregated,14.400000,0.000000,140,190,200,210,260,310,420,710,1800,1900,2000,16175,3,140,180.1940948087319,93.51133392192423,1972.919792169705,10327.39629057187
1787723113,36,,Aggregated,14.800000,0.000000,140,190,200,210,260,310,420,710,1800,1900,2000,16191,3,140,180.17295730091965,93.51133392192423,1972.919792169705,10327.482799085912
1787723115,36,,Aggregated,14.600000,0.000000,140,190,200,210,260,300,420,710,1800,1900,2000,16202,3,140,180.15145323056876,93.51133392192423,1972.919792169705,10327.816936180718
1787723116,36,,Aggregated,14.700000,0.000000,140,190,200,210,260,300,420,710,1800,1900,2000,16212,3,140,180.1303415880358,93.51133392192423,1972.919792169705,10327.04570688379
1787723117,46,,Aggregated,14.300000,0.000000,140,190,200,210,260,310,420,710,1800,1900,2000,16244,3,140,180.3554311970232,93.51133392192423,1972.919792169705,10325.65519576459
1787723118,46,,Aggregated,13.200000,0.000000,140,190,200,210,260,310,420,710,1800,1900,2000,16260,3,140,180.34446361905128,93.51133392192423,1972.919792169705,10324.84913899139
1787723119,46,,Aggregated,13.200000,0.000000,140,190,200,210,260,310,420,710,1800,1900,2000,16276,3,140,180.3437889421198,93.51133392192423,1972.919792169705,10326.555173261244
1787723120,46,,Aggregated,15.400000,0.000000,140,190,200,210,260,310,420,710,1800,1900,2000,16296,3,140,180.32780291870256,93.51133392192423,1972.919792169705,10326.612604320078
1787723121,46,,Aggregated,15.400000,0.000000,140,190,200,210,260,310,420,710,1800,1900,2000,16313,3,140,180.28912452948276,93.51133392192423,1972.919792169705,10326.15343591001
1787723122,46,,Aggregated,15.900000,0.000000,140,190,200,210,260,310,420,710,1800,1900,2000,16335,3,140,180.25666808683562,93.51133392192423,1972.919792169705,10324.798836853382
1787723123,46,,Aggregated,16.200000,0.000000,140,190,200,210,260,310,420,710,1800,1900,2000,16347,3,140,180.23486124559454,93.51133392192423,1972.919792169705,10324.690218388696
1787723124,46,,Aggregated,16.200000,0.000000,140,190,200,210,260,310,420,710,1800,1900,2000,16371,3,140,180.20589224001534,93.51133392192423,1972.919792169705,10324.002565512186
1787723125,46,,Aggregated,17.100000,0.000000,140,190,200,210,260,310,420,710,1800,1900,2000,16391,3,140,180.19947584218002,93.51133392192423,1972.919792169705,10323.679519248368
1787723126,46,,Aggregated,17.100000,0.000000,140,190,200,210,260,310,420,700,1800,1900,2000,16411,3,140,180.1737579995468,93.51133392192423,1972.919792169705,10324.702272865761
1787723127,46,,Aggregated,18.600000,0.000000,140,190,200,210,260,310,420,700,1800,1900,2000,16435,3,140,180.14966810069998,93.51133392192423,1972.919792169705,10325.846972923639
1787723128,46,,Aggregated,19.900000,0.000000,140,190,200,210,260,310,420,700,1800,1900,2000,16445,3,140,180.1351831120168,93.51133392192423,1972.919792169705,10325.443721495896
1787723129,46,,Aggregated,18.600000,0.000000,140,190,200,210,260,310,420,700,1800,1900,2000,16464,3,140,180.0979513071289,93.51133392192423,1972.919792169705,10324.90312196307
1787723130,46,,Aggregated,18.600000,0.000000,140,190,200,210,260,310,420,700,1800,1900,2000,16480,3,140,180.07873549159714,93.51133392192423,1972.919792169705,10324.708252427185
1787723131,46,,Aggregated,18.700000,0.000000,140,190,200,210,260,310,420,700,1800,1900,2000,16500,3,140,180.0645172995741,93.51133392192423,1972.919792169705,10323.383151515152
1787723132,46,,Aggregated,18.500000,0.000000,140,190,200,210,260,310,420,690,1800,1900,2000,16520,3,140,180.02412517071076,93.51133392192423,1972.919792169705,10322.684503631961
1787723133,46,,Aggregated,18.600000,0.000000,140,190,200,210,260,300,420,690,1800,1900,2000,16538,3,140,180.00435199666703,93.51133392192423,1972.919792169705,10321.756560648204
1787723134,46,,Aggregated,18.600000,0.000000,140,190,200,210,260,300,420,690,1800,1900,2000,16553,3,140,179.96277567687014,93.51133392192423,1972.919792169705,10321.059747477799
1787723135,46,,Aggregated,18.800000,0.000000,140,190,200,210,260,300,420,690,1800,1900,2000,16577,3,140,179.95585550180152,93.51133392192423,1972.919792169705,10320.718043071725
1787723136,46,,Aggregated,18.000000,0.000000,140,190,200,210,260,300,420,690,1800,1900,2000,16588,3,140,179.9217479518849,93.51133392192423,1972.919792169705,10318.947853870268
1787723137,46,,Aggregated,18.700000,0.000000,140,190,200,210,260,300,420,690,1800,1900,2000,16601,3,140,179.88714001305132,93.51133392192423,1972.919792169705,10318.047346545389
1787723138,46,,Aggregated,17.300000,0.000000,140,190,200,210,260,300,420,690,1800,1900,2000,16618,3,140,179.86033482662629,93.51133392192423,1972.919792169705,10317.148694187026
1787723139,46,,Aggregated,16.900000,0.000000,140,190,200,210,260,300,420,690,1800,1900,2000,16636,3,140,179.83104105210606,93.51133392192423,1972.919792169705,10315.28510459245
1787723140,46,,Aggregated,17.000000,0.000000,140,190,200,210,260,300,420,690,1800,1900,2000,16650,3,140,179.82349821969072,93.51133392192423,1972.919792169705,10314.378618618619
1787723141,46,,Aggregated,17.100000,0.000000,140,190,200,210,260,300,420,690,1800,1900,2000,16669,3,140,179.8198161623621,93.51133392192423,1972.919792169705,10314.608434819125
1787723142,46,,Aggregated,16.600000,0.000000,140,190,200,210,260,300,420,690,1800,1900,2000,16681,3,140,179.80134800494326,93.51133392192423,1972.919792169705,10314.19872909298
1787723143,46,,Aggregated,16.700000,0.000000,140,190,200,210,260,300,410,670,1800,1900,2000,16703,3,140,179.82152206619435,93.51133392192423,1972.919792169705,10314.21068071604
1787723144,46,,Aggregated,16.000000,0.000000,140,190,200,210,260,300,410,670,1800,1900,2000,16714,3,140,179.80485096501616,93.51133392192423,1972.919792169705,10314.461469426828
1787723145,46,,Aggregated,16.500000,0.000000,140,190,200,210,260,300,410,670,1800,1900,2000,16728,3,140,179.80743865235036,93.51133392192423,1972.919792169705,10314.046329507413
1787723146,46,,Aggregated,16.100000,0.000000,140,190,200,210,260,300,410,670,1800,1900,2000,16746,3,140,179.76438325237953,93.51133392192423,1972.919792169705,10313.559476890003
1787723147,46,,Aggregated,15.100000,0.000000,140,190,200,210,260,300,410,670,1800,1900,2000,16763,3,140,179.74552487531588,93.51133392192423,1972.919792169705,10314.193998687586
1787723148,46,,Aggregated,15.800000,0.000000,140,190,200,210,260,300,410,670,1800,1900,2000,16780,3,140,179.7269897462597,93.51133392192423,1972.919792169705,10313.322169249106
1787723149,46,,Aggregated,15.900000,0.000000,140,190,200,210,260,300,410,670,1800,1900,2000,16801,3,140,179.70728735037537,93.51133392192423,1972.919792169705,10312.381048747098
1787723150,46,,Aggregated,16.100000,0.000000,140,190,200,210,260,300,410,670,1800,1900,2000,16817,3,140,179.7229371187094,93.51133392192423,1972.919792169705,10313.796812749004
1787723151,46,,Aggregated,16.200000,0.000000,140,190,200,210,260,300,410,670,1800,1900,2000,16833,3,140,179.6894687756169,93.51133392192423,1972.919792169705,10312.62009148696
1787723152,46,,Aggregated,16.700000,0.000000,140,190,200,210,260,300,410,670,1800,1900,2000,16845,3,140,179.6830865602612,93.51133392192423,1972.919792169705,10313.57037696646
1787723153,46,,Aggregated,16.100000,0.000000,140,190,200,210,260,300,410,670,1800,1900,2000,16860,3,140,179.66122166271577,93.51133392192423,1972.919792169705,10313.589620403322
1787723154,46,,Aggregated,16.100000,0.000000,140,190,200,210,260,300,410,670,1800,1900,2000,16874,3,140,179.65132431950332,93.51133392192423,1972.919792169705,10313.459582790092
1787723155,46,,Aggregated,15.700000,0.000000,140,190,200,210,260,300,410,670,1800,1900,2000,16891,3,140,179.60064524886855,93.51133392192423,1972.919792169705,10312.002368125037
1787723156,46,,Aggregated,15.800000,0.000000,140,190,200,210,260,300,410,670,1800,1900,2000,16911,3,140,179.58906344135056,93.51133392192423,1972.919792169705,10313.4907456685
1787723157,46,,Aggregated,16.200000,0.000000,140,190,200,210,260,300,410,670,1800,1900,2000,16927,3,140,179.5489733870955,93.51133392192423,1972.919792169705,10311.538606959295
1787723158,46,,Aggregated,16.500000,0.000000,140,190,200,210,260,300,410,670,1800,1900,2000,16940,3,140,179.53147496192452,93.51133392192423,1972.919792169705,10311.046162927982
1787723159,46,,Aggregated,16.700000,0.000000,140,190,200,210,260,300,410,670,1800,1900,2000,16953,3,140,179.50471841383754,93.51133392192423,1972.919792169705,10310.390845278122
1787723160,46,,Aggregated,15.800000,0.000000,140,190,200,210,260,300,410,670,1800,1900,2000,16974,3,140,179.47736925455538,93.51133392192423,1972.919792169705,10309.38824083893
1787723161,46,,Aggregated,15.400000,0.000000,140,190,200,210,260,300,410,670,1800,1900,2000,16994,3,140,179.460859228402,93.51133392192423,1972.919792169705,10307.889843474168
1787723162,46,,Aggregated,15.300000,0.000000,140,190,200,210,260,300,410,670,1700,1900,2000,17008,3,140,179.45875880331283,93.51133392192423,1972.919792169705,10309.211371119472
1787723163,46,,Aggregated,15.900000,0.000000,140,190,200,210,260,300,410,670,1700,1900,2000,17033,3,140,179.45018869118329,93.51133392192423,1972.919792169705,10310.200610579463
1787723164,46,,Aggregated,16.400000,0.000000,140,190,200,210,260,300,410,670,1700,1900,2000,17047,3,140,179.4804999839441,93.51133392192423,1972.919792169705,10308.703818853757
1787723165,46,,Aggregated,16.600000,0.000000,140,190,200,210,260,300,410,670,1700,1900,2000,17062,3,140,179.4645445470164,93.51133392192423,1972.919792169705,10309.538623842456
1787723166,46,,Aggregated,17.200000,0.000000,140,190,200,210,260,300,410,670,1700,1900,2000,17079,3,140,179.4456089287582,93.51133392192423,1972.919792169705,10310.36904971017
1787723167,46,,Aggregated,16.500000,0.000000,140,190,200,210,260,300,410,670,1700,1900,2000,17091,3,140,179.43892994474407,93.51133392192423,1972.919792169705,10311.248376338424
1787723168,46,,Aggregated,16.900000,0.000000,140,190,200,210,260,300,410,670,1700,1900,2000,17114,3,140,179.46724712315796,93.51133392192423,1972.919792169705,10310.817868411827
1787723169,46,,Aggregated,16.100000,0.000000,140,190,200,210,260,300,410,670,1700,1900,2000,17128,3,140,179.4407140534114,93.51133392192423,1972.919792169705,10311.07327183559
1787723170,46,,Aggregated,17.500000,0.000000,140,190,200,210,260,300,410,670,1700,1900,2000,17156,3,140,179.4621690938352,93.51133392192423,1972.919792169705,10312.17305898811
1787723171,46,,Aggregated,17.500000,0.000000,140,190,200,210,260,300,410,670,1700,1900,2000,17169,3,140,179.45819392844433,93.51133392192423,1972.919792169705,10312.684780709418
1787723172,46,,Aggregated,17.800000,0.000000,140,190,200,210,260,300,410,670,1700,1900,2000,17191,3,140,179.43697768780294,93.51133392192423,1972.919792169705,10311.90047117678
1787723173,46,,Aggregated,17.900000,0.000000,140,190,200,210,260,300,410,670,1700,1900,2000,17207,3,140,179.4061421765073,93.51133392192423,1972.919792169705,10311.081594699832
1787723174,46,,Aggregated,17.400000,0.000000,140,190,200,210,260,300,410,670,1700,1900,2000,17225,6,140,179.3845445582716,61.400874983519316,1972.919792169705,10308.45312046444
1787723175,46,,Aggregated,18.000000,0.000000,140,190,200,210,260,300,410,670,1700,1900,2000,17242,6,140,179.35624635897904,61.400874983519316,1972.919792169705,10307.366024823106
1787723176,60,,Aggregated,17.500000,0.300000,140,190,200,210,260,300,420,670,1700,1900,2000,17287,6,140,179.66065478470534,61.400874983519316,1972.919792169705,10305.576791808873
1787723177,60,,Aggregated,18.000000,0.300000,140,190,200,210,260,300,420,670,1700,1900,2000,17305,6,140,179.649641243601,61.400874983519316,1972.919792169705,10305.455186362324
1787723178,60,,Aggregated,18.300000,0.300000,140,190,200,210,260,300,420,670,1700,1900,2000,17321,6,140,179.61263454826067,61.400874983519316,1972.919792169705,10303.959875295883
1787723179,60,,Aggregated,21.400000,0.300000,140,190,200,210,260,300,420,670,1700,1900,2000,17346,6,140,179.6067824673024,61.400874983519316,1972.919792169705,10304.697163611207
1787723180,60,,Aggregated,20.200000,0.300000,140,190,200,210,260,300,410,670,1700,1900,2000,17364,6,140,179.58657235808812,61.400874983519316,1972.919792169705,10304.308742225294
1787723181,60,,Aggregated,21.300000,0.300000,140,190,200,210,260,300,410,670,1700,1900,2000,17389,6,140,179.51824216754972,61.400874983519316,1972.919792169705,10302.417620334694
1787723182,60,,Aggregated,20.700000,0.300000,140,190,200,210,260,300,410,670,1700,1900,2000,17407,6,140,179.47710770365933,61.400874983519316,1972.919792169705,10300.790429137704
1787723183,60,,Aggregated,21.100000,0.300000,140,190,200,210,260,300,410,670,1700,1900,2000,17428,6,140,179.45761907100433,61.400874983519316,1972.919792169705,10300.749713105348
1787723184,60,,Aggregated,22.000000,0.300000,140,190,200,210,260,300,410,670,1700,1900,2000,17455,6,140,179.48792581181024,61.400874983519316,1972.919792169705,10301.181323403036
1787723185,60,,Aggregated,21.600000,0.300000,140,190,200,210,260,300,410,670,1700,1900,2000,17472,6,140,179.4396908962181,61.400874983519316,1972.919792169705,10299.884329212455
1787723186,60,,Aggregated,22.200000,0.000000,140,190,200,210,260,300,410,670,1700,1900,2000,17500,6,140,179.4113545288598,61.400874983519316,1972.919792169705,10297.969714285715
1787723187,60,,Aggregated,23.300000,0.000000,140,190,200,210,260,300,410,660,1700,1900,2000,17518,6,140,179.38911755573426,61.400874983519316,1972.919792169705,10297.79563877155
1787723188,60,,Aggregated,22.300000,0.000000,140,190,200,210,260,300,410,660,1700,1900,2000,17542,6,140,179.36005040092397,61.400874983519316,1972.919792169705,10296.849675065558
1787723189,60,,Aggregated,20.800000,0.000000,140,190,200,210,260,300,410,660,1700,1900,2000,17563,6,140,179.33850800501338,61.400874983519316,1972.919792169705,10295.017138302112
1787723190,60,,Aggregated,22.200000,0.000000,140,190,200,210,260,300,410,660,1700,1900,2000,17588,6,140,179.31599141981695,61.400874983519316,1972.919792169705,10295.263759381396
1787723191,60,,Aggregated,21.100000,0.000000,140,190,200,210,260,300,410,650,1700,1900,2000,17614,6,140,179.3112300022395,61.400874983519316,1972.919792169705,10295.995855569434
1787723192,60,,Aggregated,22.400000,0.000000,140,190,200,210,260,300,410,650,1700,1900,2000,17641,6,140,179.2962592638562,61.400874983519316,1972.919792169705,10295.779207527918
1787723193,60,,Aggregated,23.000000,0.000000,140,190,200,210,260,300,410,650,1700,1900,2000,17658,6,140,179.2697060425055,61.400874983519316,1972.919792169705,10294.147185411712
1787723194,60,,Aggregated,22.600000,0.000000,140,190,200,210,260,300,410,650,1700,1900,2000,17683,6,140,179.3055813048815,61.400874983519316,1972.919792169705,10295.032856415766
1787723195,60,,Aggregated,23.000000,0.000000,140,190,200,210,260,300,410,650,1700,1900,2000,17706,6,140,179.27875895910043,61.400874983519316,1972.919792169705,10294.974867276629
1787723196,60,,Aggregated,23.200000,0.000000,140,190,200,210,260,300,410,650,1700,1900,2000,17730,6,140,179.24129752801008,61.400874983519316,1972.919792169705,10294.677270163565
1787723197,60,,Aggregated,22.500000,0.000000,140,190,200,210,260,300,410,650,1700,1900,2000,17756,6,140,179.30038598938114,61.400874983519316,1972.919792169705,10293.018359990989
1787723198,60,,Aggregated,23.600000,0.000000,140,190,200,210,260,300,410,650,1700,1900,2000,17783,6,140,179.35446147324444,61.400874983519316,1972.919792169705,10293.851262441658
1787723199,60,,Aggregated,23.100000,0.000000,140,190,200,210,260,300,410,650,1700,1900,2000,17814,6,140,179.35511487238605,61.400874983519316,1972.919792169705,10294.640451330415
1787723200,60,,Aggregated,24.000000,0.000000,140,190,200,210,260,300,410,650,1700,1900,2000,17831,6,140,179.3538048672456,61.400874983519316,1972.919792169705,10293.84885872918
1787723201,60,,Aggregated,24.800000,0.000000,140,190,200,210,260,300,410,650,1700,1900,2000,17850,6,140,179.32519392402588,61.400874983519316,1972.919792169705,10294.540448179272
1787723202,60,,Aggregated,24.600000,0.000000,140,190,200,210,260,300,410,650,1700,1900,2000,17879,6,140,179.30288148814304,61.400874983519316,1972.919792169705,10294.669053079031
1787723203,60,,Aggregated,23.300000,0.000000,140,190,200,210,260,300,410,650,1700,1900,2000,17898,6,140,179.29889083531282,61.400874983519316,1972.919792169705,10295.49016649905
1787723204,60,,Aggregated,23.900000,0.000000,140,190,200,210,260,300,410,650,1700,1900,2000,17926,6,140,179.29589874821065,61.400874983519316,1972.919792169705,10296.137342407676
1787723205,60,,Aggregated,24.200000,0.000000,140,190,200,210,260,300,410,650,1700,1900,2000,17949,6,140,179.23410447691913,61.400874983519316,1972.919792169705,10293.308540865786
1787723206,60,,Aggregated,23.900000,0.000000,140,190,200,210,260,300,410,650,1700,1900,2000,17969,6,140,179.1960640320357,61.400874983519316,1972.919792169705,10292.812733040237
1787723207,60,,Aggregated,24.400000,0.000000,140,190,200,210,260,300,410,650,1700,1900,2000,17999,6,140,179.22487040509546,61.400874983519316,1972.919792169705,10295.091782876827
1787723208,60,,Aggregated,23.800000,0.000000,140,190,200,210,260,300,410,650,1700,1900,2000,18016,6,140,179.2038460051595,61.400874983519316,1972.919792169705,10295.464975577264
1787723209,60,,Aggregated,24.200000,0.000000,140,190,200,210,260,300,410,650,1700,1900,2000,18033,6,140,179.16452524120334,61.400874983519316,1972.919792169705,10293.901236621748
1787723210,60,,Aggregated,23.800000,0.000000,140,190,200,210,260,300,410,650,1700,1900,2000,18061,6,140,179.14693895269752,61.400874983519316,1972.919792169705,10293.903272244062
1787723211,60,,Aggregated,23.000000,0.000000,140,190,200,210,260,300,410,650,1700,1900,2000,18090,6,140,179.12350588766708,61.400874983519316,1972.919792169705,10294.437589828634
1787723212,60,,Aggregated,22.100000,0.000000,140,190,200,210,260,300,410,640,1700,1900,2000,18113,6,140,179.13396856359623,61.400874983519316,1972.919792169705,10294.098879257992
1787723213,60,,Aggregated,23.200000,0.000000,140,190,200,210,260,300,410,640,1700,1900,2000,18134,6,140,179.205017954849,61.400874983519316,1972.919792169705,10292.92875261939
1787723214,60,,Aggregated,23.200000,0.000000,140,190,200,210,260,300,410,640,1700,1900,2000,18154,6,140,179.2188480598265,61.400874983519316,1972.919792169705,10292.562024898094
1787723215,60,,Aggregated,22.800000,0.000000,140,190,200,210,260,300,410,640,1700,1900,2000,18181,6,140,179.18794308465846,61.400874983519316,1972.919792169705,10292.077388482481
1787723216,60,,Aggregated,23.200000,0.000000,140,190,200,210,260,300,410,640,1700,1900,2000,18202,6,140,179.1463183402731,61.400874983519316,1972.919792169705,10292.46621250412
1787723217,60,,Aggregated,22.900000,0.000000,140,190,200,210,260,300,410,640,1700,1900,2000,18224,6,140,179.1970653836221,61.400874983519316,1972.919792169705,10292.635425812115
1787723218,60,,Aggregated,23.000000,0.000000,140,190,200,210,260,300,410,640,1700,1900,2000,18244,6,140,179.1843105797283,61.400874983519316,1972.919792169705,10292.41361543521
1787723219,60,,Aggregated,22.700000,0.000000,140,190,200,210,260,300,410,640,1700,1900,2000,18265,6,140,179.15526109185686,61.400874983519316,1972.919792169705,10291.298439638653
1787723220,60,,Aggregated,21.800000,0.000000,140,190,200,210,260,300,410,640,1700,1900,2000,18284,6,140,179.12026768452426,61.400874983519316,1972.919792169705,10290.283253117479
1787723221,60,,Aggregated,22.200000,0.000000,140,190,200,210,260,300,410,630,1700,1900,2000,18301,6,140,179.10267958312653,61.400874983519316,1972.919792169705,10291.590732746845
1787723222,60,,Aggregated,22.800000,0.000000,140,190,200,210,260,300,410,630,1700,1900,2000,18327,6,140,179.0695702158462,61.400874983519316,1972.919792169705,10291.841708954002
1787723223,60,,Aggregated,21.600000,0.000000,140,190,200,210,260,300,410,630,1700,1900,2000,18354,6,140,179.04424630943248,61.400874983519316,1972.919792169705,10291.266045548655
1787723224,60,,Aggregated,21.500000,0.000000,140,190,200,210,260,300,410,630,1700,1900,2000,18378,6,140,179.03126521590778,61.400874983519316,1972.919792169705,10290.525465230166
1787723225,60,,Aggregated,21.600000,0.000000,140,190,200,210,260,300,410,630,1700,1900,2000,18400,6,140,178.99262579780518,61.400874983519316,1972.919792169705,10290.283423913044
1787723226,60,,Aggregated,21.900000,0.000000,140,190,200,210,260,300,410,630,1700,1900,2000,18423,6,140,178.95611741729755,61.400874983519316,1972.919792169705,10289.368669597785
1787723227,60,,Aggregated,21.700000,0.000000,140,190,200,210,260,300,410,630,1700,1900,2000,18447,6,140,178.94148177705026,61.400874983519316,1972.919792169705,10289.104027755191
1787723228,60,,Aggregated,22.000000,0.000000,140,190,200,210,260,300,410,630,1700,1900,2000,18479,6,140,178.92969317906957,61.400874983519316,1972.919792169705,10289.029763515342
1787723229,60,,Aggregated,22.200000,0.000000,140,190,200,210,260,300,410,630,1700,1900,2000,18500,6,140,178.92382268269068,61.400874983519316,1972.919792169705,10288.10772972973
1787723230,60,,Aggregated,22.600000,0.000000,140,190,200,210,260,300,410,630,1700,1900,2000,18523,6,140,178.92137169806526,61.400874983519316,1972.919792169705,10289.035793338013
1787723231,60,,Aggregated,23.500000,0.000000,140,190,200,210,260,300,410,630,1700,1900,2000,18549,6,140,178.89324513460215,61.400874983519316,1972.919792169705,10288.961938648983
1787723232,60,,Aggregated,23.500000,0.000000,140,190,200,210,260,300,410,630,1700,1900,2000,18571,6,140,178.87739646053188,61.400874983519316,1972.919792169705,10288.036346992623
1787723233,60,,Aggregated,24.100000,0.000000,140,190,200,210,260,300,410,630,1700,1900,2000,18597,6,140,178.85942062352362,61.400874983519316,1972.919792169705,10289.238533096735
1787723234,60,,Aggregated,24.200000,0.000000,140,190,200,210,260,300,410,630,1700,1900,2000,18614,6,140,178.85124083597933,61.400874983519316,1972.919792169705,10290.301439776513
1787723235,60,,Aggregated,24.200000,0.000000,140,190,200,210,260,300,410,630,1700,1900,2000,18640,6,140,178.81234515400388,61.400874983519316,1972.919792169705,10288.9169527897
1787723236,68,,Aggregated,23.800000,0.000000,140,190,200,210,260,300,410,630,1700,1900,2000,18680,6,140,178.85786543118647,61.400874983519316,1972.919792169705,10287.39528907923
1787723237,68,,Aggregated,24.000000,0.000000,140,190,200,210,260,300,410,630,1700,1900,2000,18699,6,140,178.8316511892991,61.400874983519316,1972.919792169705,10286.790577036205
1787723238,68,,Aggregated,23.700000,0.000000,140,190,200,210,260,300,410,630,1700,1900,2000,18722,6,140,178.79165956737975,61.400874983519316,1972.919792169705,10284.839279991455
1787723239,68,,Aggregated,25.300000,0.000000,140,190,200,210,260,300,410,630,1700,1900,2000,18754,6,140,178.7811277150895,61.400874983519316,1972.919792169705,10283.745067718886
1787723240,68,,Aggregated,24.700000,0.000000,140,190,200,210,260,300,410,630,1700,1900,2000,18781,6,140,178.73982413989327,61.400874983519316,1972.919792169705,10283.512486023108
1787723241,68,,Aggregated,23.900000,0.000000,140,190,200,210,260,300,410,610,1700,1900,2000,18806,6,140,178.6913013023671,61.400874983519316,1972.919792169705,10282.078751462299
1787723242,68,,Aggregated,25.200000,0.000000,140,190,200,210,260,300,410,610,1700,1900,2000,18825,6,140,178.66887764511742,61.400874983519316,1972.919792169705,10282.237928286853
1787723243,68,,Aggregated,25.700000,0.000000,140,190,200,210,260,300,410,610,1700,1900,2000,18857,6,140,178.63051708947305,61.400874983519316,1972.919792169705,10281.654876173305
1787723244,68,,Aggregated,25.400000,0.000000,140,190,200,210,260,300,410,610,1700,1900,2000,18885,6,140,178.6077170069597,61.400874983519316,1972.919792169705,10282.139369870267
1787723245,68,,Aggregated,25.000000,0.000000,140,190,200,210,260,300,410,610,1700,1900,2000,18904,6,140,178.58636949681946,61.400874983519316,1972.919792169705,10283.086542530682
1787723246,68,,Aggregated,26.000000,0.000000,140,190,200,210,260,300,410,610,1700,1900,2000,18928,6,140,178.54858695289337,61.400874983519316,1972.919792169705,10283.159393491123
1787723247,68,,Aggregated,26.600000,0.000000,140,190,200,210,260,300,410,610,1700,1900,2000,18958,6,140,178.58934307033257,61.400874983519316,1972.919792169705,10283.237894292646
1787723248,68,,Aggregated,26.200000,0.000000,140,190,200,210,260,300,410,610,1700,1900,2000,18987,6,140,178.54141645227085,61.400874983519316,1972.919792169705,10281.722968346763
1787723249,68,,Aggregated,24.600000,0.000000,140,190,200,210,260,300,400,610,1700,1900,2000,19014,6,140,178.54210359089288,61.400874983519316,1972.919792169705,10282.980014725992
1787723250,68,,Aggregated,25.900000,0.000000,140,190,200,210,260,300,400,610,1700,1900,2000,19042,6,140,178.51280975015408,61.400874983519316,1972.919792169705,10282.450845499423
1787723251,68,,Aggregated,26.500000,0.000000,140,190,200,210,260,300,400,610,1700,1900,2000,19065,6,140,178.50293435892513,61.400874983519316,1972.919792169705,10282.578075006557
1787723252,68,,Aggregated,25.700000,0.000000,140,190,200,210,260,300,400,610,1700,1900,2000,19094,6,140,178.4759672720718,61.400874983519316,1972.919792169705,10283.527390803394
1787723253,68,,Aggregated,25.700000,0.000000,140,190,200,210,260,300,400,600,1700,1900,2000,19126,6,140,178.41956083398935,61.400874983519316,1972.919792169705,10282.770417233085
1787723254,68,,Aggregated,26.000000,0.000000,140,190,200,210,260,300,400,600,1700,1900,2000,19153,6,140,178.3826549044953,61.400874983519316,1972.919792169705,10283.744844149742
1787723255,68,,Aggregated,26.800000,0.000000,140,190,200,210,260,300,400,600,1700,1900,2000,19172,6,140,178.35105319230578,61.400874983519316,1972.919792169705,10283.669413728354
1787723257,68,,Aggregated,26.700000,0.000000,140,190,200,210,260,300,400,600,1700,1900,2000,19190,6,140,178.31501476738433,61.400874983519316,1972.919792169705,10282.729546638875
1787723258,68,,Aggregated,26.700000,0.000000,140,190,200,210,260,300,400,600,1700,1900,2000,19222,6,140,178.2881253604968,61.400874983519316,1972.919792169705,10283.569815836021
1787723259,68,,Aggregated,26.700000,0.000000,140,190,200,210,260,300,400,600,1700,1900,2000,19248,6,140,178.26054782369766,61.400874983519316,1972.919792169705,10283.215554862843
1787723260,68,,Aggregated,26.100000,0.000000,140,190,200,210,260,300,400,600,1700,1900,2000,19274,6,140,178.37285050305022,61.400874983519316,1972.919792169705,10282.613261388398
1787723261,68,,Aggregated,26.000000,0.000000,140,190,200,210,260,300,400,600,1700,1900,2000,19304,6,140,178.33707394914268,61.400874983519316,1972.919792169705,10282.78947368421
1787723262,68,,Aggregated,26.000000,0.000000,140,190,200,210,260,300,400,600,1700,1900,2000,19336,6,140,178.2911777477722,61.400874983519316,1972.919792169705,10283.065939180802
1787723263,68,,Aggregated,25.900000,0.000000,140,190,200,210,260,300,400,600,1700,1900,2000,19360,6,140,178.27480387896077,61.400874983519316,1972.919792169705,10284.94152892562
1787723264,68,,Aggregated,25.700000,0.000000,140,190,200,210,260,300,400,600,1700,1900,2000,19378,6,140,178.24068249070666,61.400874983519316,1972.919792169705,10284.681804107751
1787723265,68,,Aggregated,26.600000,0.000000,140,190,200,210,260,300,400,600,1700,1900,2000,19407,6,140,178.23355241970475,61.400874983519316,1972.919792169705,10285.332302777348
1787723266,68,,Aggregated,25.200000,0.000000,140,190,200,210,260,300,400,600,1700,1900,2000,19435,6,140,178.1950160691379,61.400874983519316,1972.919792169705,10284.945356315924
1787723267,68,,Aggregated,25.300000,0.000000,140,190,200,210,260,300,400,600,1700,1900,2000,19467,6,140,178.1568991911793,61.400874983519316,1972.919792169705,10285.494683310217
1787723268,68,,Aggregated,26.100000,0.000000,140,190,200,210,260,300,400,600,1700,1900,2000,19495,6,140,178.1224601142845,61.400874983519316,1972.919792169705,10286.697614773018
1787723269,68,,Aggregated,26.100000,0.000000,140,190,200,210,260,300,400,600,1700,1900,2000,19513,6,140,178.0927996405064,61.400874983519316,1972.919792169705,10286.103981960745
1787723270,68,,Aggregated,27.500000,0.000000,140,190,200,210,260,300,400,600,1700,1900,2000,19536,6,140,178.07440394497286,61.400874983519316,1972.919792169705,10287.383701883702
1787723271,68,,Aggregated,27.100000,0.000000,140,190,200,210,260,300,400,600,1700,1900,2000,19567,6,140,178.02526109692732,61.400874983519316,1972.919792169705,10287.93075075382
1787723272,68,,Aggregated,26.300000,0.000000,140,190,200,210,260,300,400,600,1700,1900,2000,19590,6,140,177.97780078113166,61.400874983519316,1972.919792169705,10286.8291985707
1787723273,68,,Aggregated,26.800000,0.000000,140,190,200,210,260,300,400,600,1700,1900,2000,19623,6,140,177.9583316670662,61.400874983519316,1972.919792169705,10287.871375426796
1787723274,68,,Aggregated,25.200000,0.000000,140,180,200,210,260,300,400,600,1700,1900,2000,19654,6,140,177.9006445556901,61.400874983519316,1972.919792169705,10286.971100030529
1787723275,68,,Aggregated,26.000000,0.000000,140,180,200,210,260,300,400,600,1700,1900,2000,19670,6,140,177.8825532375699,61.400874983519316,1972.919792169705,10288.024860193187
1787723276,68,,Aggregated,27.100000,0.000000,140,180,200,210,260,300,400,600,1700,1900,2000,19699,6,140,177.85653208148025,61.400874983519316,1972.919792169705,10289.005634803798
1787723277,68,,Aggregated,27.100000,0.000000,140,180,200,210,260,300,400,590,1700,1900,2000,19725,6,140,177.811340002912,61.400874983519316,1972.919792169705,10288.026666666667
1787723278,68,,Aggregated,26.500000,0.000000,140,180,200,210,260,300,400,590,1700,1900,2000,19741,6,140,177.80962590198288,61.400874983519316,1972.919792169705,10288.64510409807
1787723279,68,,Aggregated,26.000000,0.000000,140,180,200,210,260,300,400,590,1700,1900,2000,19769,6,140,177.77559337721289,61.400874983519316,1972.919792169705,10289.596792958673
1787723280,68,,Aggregated,24.800000,0.000000,140,180,200,210,260,300,400,590,1700,1900,2000,19798,6,140,177.7386755174906,61.400874983519316,1972.919792169705,10289.046014748965
1787723281,68,,Aggregated,25.300000,0.000000,140,180,200,210,260,300,400,590,1700,1900,2000,19817,6,140,177.72108284431235,61.400874983519316,1972.919792169705,10289.312408538124
1787723282,68,,Aggregated,25.500000,0.000000,140,180,200,210,260,300,400,590,1700,1900,2000,19846,6,140,177.67876969632977,61.400874983519316,1972.919792169705,10289.654489569686
1787723283,68,,Aggregated,24.800000,0.000000,140,180,200,210,260,300,400,590,1700,1900,2000,19872,6,140,177.63078406687416,61.400874983519316,1972.919792169705,10288.330515297906
1787723284,68,,Aggregated,25.400000,0.000000,140,180,200,210,260,300,400,590,1700,1900,2000,19894,6,140,177.5987592456823,61.400874983519316,1972.919792169705,10288.025786669348
1787723285,68,,Aggregated,24.800000,0.000000,140,180,200,210,260,300,400,590,1700,1900,2000,19930,6,140,177.5954204350495,61.400874983519316,1972.919792169705,10289.021424987455
1787723286,68,,Aggregated,24.000000,0.000000,140,180,200,210,260,300,400,590,1700,1900,2000,19960,6,140,177.56241545078106,61.400874983519316,1972.919792169705,10290.307214428858
1787723287,68,,Aggregated,25.700000,0.000000,140,180,200,210,260,300,400,590,1700,1900,2000,19983,6,140,177.54911924636858,61.400874983519316,1972.919792169705,10291.929490066557
1787723288,68,,Aggregated,25.400000,0.000000,140,180,200,210,260,300,400,590,1700,1900,2000,20008,6,140,177.52665917923738,61.400874983519316,1972.919792169705,10293.247401039584
1787723289,68,,Aggregated,25.300000,0.000000,140,180,200,210,260,300,400,590,1700,1900,2000,20039,6,140,177.5010083370287,61.400874983519316,1972.919792169705,10291.839812365886
1787723290,68,,Aggregated,26.500000,0.000000,140,180,200,210,260,300,400,590,1700,1900,2000,20066,6,140,177.47901025069052,61.400874983519316,1972.919792169705,10291.043356922157
1787723291,68,,Aggregated,26.600000,0.000000,140,180,200,210,260,300,400,590,1700,1900,2000,20090,6,140,177.42943279733745,61.400874983519316,1972.919792169705,10291.171976107516
1787723292,68,,Aggregated,26.700000,0.000000,140,180,200,210,260,300,400,590,1700,1900,2000,20124,6,140,177.37240013912657,61.400874983519316,1972.919792169705,10289.097346451998
1787723293,68,,Aggregated,27.200000,0.000000,140,180,200,210,260,300,400,590,1700,1900,2000,20150,6,140,177.3710307808103,61.400874983519316,1972.919792169705,10290.130322580646
1787723294,68,,Aggregated,27.400000,0.000000,140,180,200,210,260,300,400,590,1700,1900,2000,20174,6,140,177.35546680454323,61.400874983519316,1972.919792169705,10291.447357985526
1787723295,68,,Aggregated,27.300000,0.000000,140,180,200,210,260,300,400,580,1700,1900,2000,20212,6,140,177.29979387578535,61.400874983519316,1972.919792169705,10291.156095388878
1787723296,68,,Aggregated,28.300000,0.000000,140,180,200,210,260,300,400,580,1700,1900,2000,20234,6,140,177.2593640399635,61.400874983519316,1972.919792169705,10290.075911831571
1787723297,88,,Aggregated,27.700000,0.000000,140,180,200,210,260,300,400,600,1700,1900,2000,20295,6,140,177.67154644547435,61.400874983519316,1972.919792169705,10288.333382606554
1787723298,94,,Aggregated,27.900000,0.000000,140,180,200,210,260,300,400,600,1700,1900,2000,20331,6,140,177.7227531901223,61.400874983519316,1972.919792169705,10287.874526585018
1787723299,94,,Aggregated,29.900000,0.000000,140,180,200,210,260,300,400,600,1700,1900,2000,20375,6,140,177.65547858802543,61.400874983519316,1972.919792169705,10285.335950920246
1787723300,94,,Aggregated,32.300000,0.000000,140,180,200,210,260,300,400,600,1700,1900,2000,20407,6,140,177.6160660487953,61.400874983519316,1972.919792169705,10285.086489929927
1787723301,94,,Aggregated,33.100000,0.000000,140,180,200,210,260,300,400,600,1700,1900,2000,20443,6,140,177.56037155670995,61.400874983519316,1972.919792169705,10284.51049258915
1787723302,94,,Aggregated,34.100000,0.000000,140,180,200,210,260,300,400,600,1700,1900,2000,20480,6,140,177.48810733149867,61.400874983519316,1972.919792169705,10281.614306640626
1787723303,94,,Aggregated,34.700000,0.000000,140,180,200,210,260,300,400,600,1700,1900,2000,20490,6,140,177.49693206351898,61.400874983519316,1972.919792169705,10281.553538311371
1787723304,94,,Aggregated,35.600000,0.000000,140,180,200,210,260,300,410,600,1700,1900,2000,20555,6,140,177.67354448966373,61.400874983519316,1972.919792169705,10280.349793237656
1787723305,94,,Aggregated,34.800000,0.000000,140,180,200,210,260,300,410,600,1700,1900,2000,20591,6,140,177.62454683001135,61.400874983519316,1972.919792169705,10279.024865232383
1787723306,94,,Aggregated,37.100000,0.000000,140,180,200,210,260,300,410,600,1700,1900,2000,20623,6,140,177.5925653470551,61.400874983519316,1972.919792169705,10277.681423653203
1787723307,94,,Aggregated,38.000000,0.000000,140,180,200,210,260,300,410,600,1700,1900,2000,20668,6,140,177.59598539111857,61.400874983519316,1972.919792169705,10277.203648151732
1787723308,94,,Aggregated,38.400000,0.000000,140,180,200,210,260,300,410,600,1700,1900,2000,20696,6,140,177.5981622766212,61.400874983519316,1972.919792169705,10277.280392346347
1787723309,94,,Aggregated,37.700000,0.000000,140,180,200,210,260,300,410,600,1700,1900,2000,20730,6,140,177.57854638312344,61.400874983519316,1972.919792169705,10276.808538350217
1787723310,94,,Aggregated,35.700000,0.000000,140,180,200,210,260,300,410,600,1700,1900,2000,20773,6,140,177.54754677654483,61.400874983519316,1972.919792169705,10275.947576180619
1787723311,94,,Aggregated,35.800000,0.000000,140,180,200,210,260,300,410,600,1700,1900,2000,20807,6,140,177.5352692834633,61.400874983519316,1972.919792169705,10276.208151102994
1787723312,94,,Aggregated,36.300000,0.000000,140,180,200,210,260,300,410,600,1700,1900,2000,20838,6,140,177.4901381620103,61.400874983519316,1972.919792169705,10274.591035608024
1787723313,94,,Aggregated,36.500000,0.000000,140,180,200,210,260,300,400,600,1700,1900,2000,20878,6,140,177.43892260882973,61.400874983519316,1972.919792169705,10272.34260944535
1787723314,94,,Aggregated,35.700000,0.000000,140,180,200,210,260,300,400,600,1700,1900,2000,20919,6,140,177.41315845931715,61.400874983519316,1972.919792169705,10273.946125531813
1787723315,94,,Aggregated,37.400000,0.000000,140,180,200,210,260,300,400,600,1700,1900,2000,20952,6,140,177.3522705359975,61.400874983519316,1972.919792169705,10272.065053455517
1787723316,94,,Aggregated,36.600000,0.000000,140,180,200,210,260,300,400,600,1700,1900,2000,20988,6,140,177.2943900114054,61.400874983519316,1972.919792169705,10270.947350867162
1787723317,94,,Aggregated,35.800000,0.000000,140,180,200,210,260,300,400,600,1700,1900,2000,21023,6,140,177.31329031793734,61.400874983519316,1972.919792169705,10271.970603624603
1787723318,94,,Aggregated,35.800000,0.000000,140,180,200,210,260,300,400,600,1700,1900,2000,21056,6,140,177.2671857221284,61.400874983519316,1972.919792169705,10271.800626899696
1787723319,94,,Aggregated,35.800000,0.000000,140,180,200,210,260,300,400,600,1700,1900,2000,21091,6,140,177.20715213156754,61.400874983519316,1972.919792169705,10271.71637191219
1787723320,94,,Aggregated,36.200000,0.000000,140,180,200,210,260,300,400,590,1700,1900,2000,21125,6,140,177.1372899754557,61.400874983519316,1972.919792169705,10269.956591715976
1787723321,94,,Aggregated,35.900000,0.000000,140,180,200,210,260,300,400,590,1700,1900,2000,21150,6,140,177.12277138594706,61.400874983519316,1972.919792169705,10270.231158392435
1787723322,94,,Aggregated,35.100000,0.000000,140,180,200,210,260,300,400,590,1700,1900,2000,21193,6,140,177.08048025785612,61.400874983519316,1972.919792169705,10270.081819468693
1787723323,94,,Aggregated,34.500000,0.000000,140,180,200,210,260,300,400,590,1700,1900,2000,21229,6,140,177.03954791300748,61.400874983519316,1972.919792169705,10269.020302416506
1787723324,94,,Aggregated,34.200000,0.000000,140,180,200,210,260,300,400,590,1700,1900,2000,21265,6,140,177.0325821057175,61.400874983519316,1972.919792169705,10268.351046320244
1787723325,94,,Aggregated,35.100000,0.000000,140,180,200,210,260,300,400,590,1700,1900,2000,21297,6,140,176.9832823510346,61.400874983519316,1972.919792169705,10267.180541860356
1787723326,94,,Aggregated,34.000000,0.000000,140,180,200,210,260,300,400,590,1700,1900,2000,21337,6,140,176.93989057251736,61.400874983519316,1972.919792169705,10267.318648357314
1787723327,94,,Aggregated,35.000000,0.000000,140,180,200,210,260,300,400,590,1700,1900,2000,21376,6,140,176.8877854417864,61.400874983519316,1972.919792169705,10266.894086826347
1787723328,94,,Aggregated,34.200000,0.000000,140,180,200,210,260,300,400,590,1700,1900,2000,21403,6,140,176.87733391256677,61.400874983519316,1972.919792169705,10266.743400457879
1787723329,94,,Aggregated,34.300000,0.000000,140,180,200,210,260,300,400,590,1700,1900,2000,21440,6,140,176.85232155905504,61.400874983519316,1972.919792169705,10267.925699626865
1787723330,94,,Aggregated,34.100000,0.000000,140,180,200,210,260,300,400,590,1700,1900,2000,21484,6,140,176.84724554013115,61.400874983519316,1972.919792169705,10268.819912493018
1787723331,94,,Aggregated,34.600000,0.000000,140,180,200,210,260,300,400,590,1700,1900,2000,21522,6,140,176.80661188453982,61.400874983519316,1972.919792169705,10268.161230368925
1787723332,94,,Aggregated,35.500000,0.000000,140,180,200,210,260,300,400,590,1700,1900,2000,21545,6,140,176.78121881056762,61.400874983519316,1972.919792169705,10267.145602227894
1787723333,94,,Aggregated,36.200000,0.000000,140,180,200,210,260,300,400,590,1700,1900,2000,21588,6,140,176.75853970863787,61.400874983519316,1972.919792169705,10268.370113025756
1787723334,94,,Aggregated,35.700000,0.000000,140,180,200,210,260,300,400,580,1700,1900,2000,21629,6,140,176.73585442292006,61.400874983519316,1972.919792169705,10268.870682879467
1787723335,94,,Aggregated,34.800000,0.000000,140,180,200,210,260,300,400,580,1700,1900,2000,21651,6,140,176.70658847839218,61.400874983519316,1972.919792169705,10267.278093390605
1787723336,94,,Aggregated,36.200000,0.000000,140,180,200,210,260,300,400,580,1700,1900,2000,21697,6,140,176.63911414894264,61.400874983519316,1972.919792169705,10266.316080564133
1787723337,94,,Aggregated,34.400000,0.000000,140,180,200,210,260,300,400,580,1700,1900,2000,21729,6,140,176.62500720138544,61.400874983519316,1972.919792169705,10267.298034884256
1787723338,94,,Aggregated,36.200000,0.000000,140,180,200,210,260,300,400,580,1700,1900,2000,21773,6,140,176.5773865329577,61.400874983519316,1972.919792169705,10267.72181141781
1787723339,94,,Aggregated,35.600000,0.000000,140,180,200,210,260,300,400,580,1700,1900,2000,21793,6,140,176.5776543415691,61.400874983519316,1972.919792169705,10267.497774514752
1787723340,94,,Aggregated,36.000000,0.000000,140,180,200,210,260,300,400,580,1700,1900,2000,21833,6,140,176.56859788253962,61.400874983519316,1972.919792169705,10267.53748912197
1787723341,94,,Aggregated,35.500000,0.000000,140,180,200,210,260,300,400,580,1700,1900,2000,21875,6,140,176.54756410041026,61.400874983519316,1972.919792169705,10266.738422857143
1787723342,94,,Aggregated,34.900000,0.000000,140,180,200,210,260,300,400,580,1700,1900,2000,21923,6,140,176.52902818727458,61.400874983519316,1972.919792169705,10268.959813894084
1787723343,94,,Aggregated,34.600000,0.000000,140,180,200,210,260,300,400,580,1700,1900,2000,21958,6,140,176.48507153391793,61.400874983519316,1972.919792169705,10268.29929866108
1787723344,94,,Aggregated,36.600000,0.000000,140,180,200,210,260,300,400,580,1700,1900,2000,21992,6,140,176.4696358103574,61.400874983519316,1972.919792169705,10269.653419425245
1787723345,94,,Aggregated,38.000000,0.000000,140,180,200,210,260,300,400,580,1600,1900,2000,22029,6,140,176.4732332962483,61.400874983519316,1972.919792169705,10268.946479640474
1787723346,94,,Aggregated,36.900000,0.000000,140,180,200,210,260,300,400,580,1600,1900,2000,22067,6,140,176.43057278932437,61.400874983519316,1972.919792169705,10268.706756695517
1787723347,94,,Aggregated,36.600000,0.000000,140,180,200,210,260,300,400,580,1600,1900,2000,22105,6,140,176.49726273611634,61.400874983519316,1972.919792169705,10269.592580864059
1787723348,94,,Aggregated,37.200000,0.000000,140,180,200,210,260,300,400,580,1600,1900,2000,22147,6,140,176.448993939397,61.400874983519316,1972.919792169705,10269.068858084616
1787723349,94,,Aggregated,37.200000,0.000000,140,180,200,210,260,300,400,580,1600,1900,2000,22188,6,140,176.41822491436974,61.400874983519316,1972.919792169705,10269.841445826572
1787723350,94,,Aggregated,37.400000,0.000000,140,180,200,210,260,300,400,580,1600,1900,2000,22229,6,140,176.4033337749336,61.400874983519316,1972.919792169705,10271.737055198164
1787723351,94,,Aggregated,38.300000,0.000000,140,180,200,210,260,300,400,580,1600,1900,2000,22265,6,140,176.3683906309608,61.400874983519316,1972.919792169705,10271.48026049854
1787723352,94,,Aggregated,38.400000,0.000000,140,180,200,210,260,300,400,580,1600,1900,2000,22296,6,140,176.33544157503232,61.400874983519316,1972.919792169705,10270.773053462504
1787723353,94,,Aggregated,38.600000,0.000000,140,180,200,210,260,300,400,570,1600,1900,2000,22342,6,140,176.26714047649403,61.400874983519316,1972.919792169705,10271.041580879062
1787723354,94,,Aggregated,38.000000,0.000000,140,180,200,210,260,300,400,570,1600,1900,2000,22376,6,140,176.26045851320058,61.400874983519316,1972.919792169705,10271.893323203432
1787723355,94,,Aggregated,36.800000,0.000000,140,180,200,210,260,300,400,570,1600,1900,2000,22413,6,140,176.2393756945636,61.400874983519316,1972.919792169705,10272.549100968188
1787723356,114,,Aggregated,37.500000,0.000000,140,180,200,210,260,300,400,570,1600,1900,2000,22492,6,140,176.56713449525176,61.400874983519316,1972.919792169705,10269.43633291837
1787723357,134,,Aggregated,38.900000,0.000000,140,180,200,210,260,300,410,570,1600,1900,2000,22581,6,140,176.93434589687874,61.400874983519316,1972.919792169705,10267.018245427571
1787723358,154,,Aggregated,37.900000,0.000000,140,180,200,210,260,300,410,570,1600,1900,2000,22668,6,140,177.09475809242164,61.400874983519316,1972.919792169705,10264.982751014646
1787723359,174,,Aggregated,42.700000,0.000000,140,180,200,210,260,300,420,570,1600,1900,2000,22749,6,140,177.3493586909184,61.400874983519316,1972.919792169705,10260.631939865489
1787723360,194,,Aggregated,49.100000,0.000000,140,180,200,210,260,300,420,570,1600,1900,2000,22842,6,140,177.5708630221207,61.400874983519316,1972.919792169705,10256.87755012696
1787723361,214,,Aggregated,51.300000,0.000000,140,180,200,210,260,310,430,580,1600,1900,2000,22963,6,140,178.25916625574905,61.400874983519316,1972.919792169705,10256.353568784567
1787723362,226,,Aggregated,57.200000,0.000000,140,190,200,210,260,310,430,580,1600,1900,2000,23058,6,140,178.28801117564552,61.400874983519316,1972.919792169705,10251.59085783676
1787723363,226,,Aggregated,62.600000,0.000000,140,190,200,210,260,310,440,610,1600,1900,2000,23118,6,140,179.0605647322767,61.400874983519316,1972.919792169705,10248.352668915995
1787723364,226,,Aggregated,71.700000,0.000000,140,190,200,210,260,310,440,610,1600,1900,2000,23216,6,140,179.13064263788684,61.400874983519316,1972.919792169705,10246.728204686424
1787723365,226,,Aggregated,75.300000,0.000000,140,190,200,210,260,310,440,610,1600,1900,2000,23294,6,140,179.11485572390893,61.400874983519316,1972.919792169705,10243.494247445695
1787723366,226,,Aggregated,80.000000,0.000000,140,190,200,210,260,310,440,610,1600,1900,2000,23389,6,140,179.04790492932304,61.400874983519316,1972.919792169705,10244.10021805122
1787723367,226,,Aggregated,84.100000,0.000000,140,190,200,210,260,310,440,600,1600,1900,2000,23458,6,140,178.99947637869442,61.400874983519316,1972.919792169705,10242.931281439169
1787723368,226,,Aggregated,89.900000,0.000000,140,190,200,220,270,310,450,650,1600,1900,2000,23518,6,140,180.1211283951407,61.400874983519316,1972.919792169705,10239.907134960456
1787723369,226,,Aggregated,90.100000,0.000000,140,190,200,220,270,320,460,670,1600,1900,2000,23643,6,140,181.108846471955,61.400874983519316,1972.919792169705,10240.427441526033
1787723370,226,,Aggregated,84.500000,0.000000,140,190,200,220,270,320,460,660,1600,1900,2000,23724,6,140,181.04583417302786,61.400874983519316,1972.919792169705,10236.965604451188
1787723371,226,,Aggregated,90.000000,0.000000,140,190,200,220,270,320,460,660,1600,1900,2000,23804,6,140,180.93576711556773,61.400874983519316,1972.919792169705,10235.801882036632
1787723372,226,,Aggregated,89.800000,0.000000,140,190,200,220,270,320,460,660,1600,1900,2000,23899,6,140,180.865434830104,61.400874983519316,1972.919792169705,10233.674379681159
1787723373,226,,Aggregated,89.500000,0.000000,140,190,200,220,270,320,460,660,1600,1900,2000,23989,6,140,180.69664709181058,61.400874983519316,1972.919792169705,10230.59710700738
1787723374,226,,Aggregated,84.100000,0.000000,140,190,200,220,270,320,460,660,1600,1900,2000,24078,6,140,180.5801960018445,61.400874983519316,1972.919792169705,10230.056732286735
1787723375,226,,Aggregated,85.600000,0.000000,140,190,200,220,270,320,460,660,1600,1900,2000,24160,6,140,180.45468742755668,61.400874983519316,1972.919792169705,10229.00898178808
1787723376,226,,Aggregated,85.600000,0.000000,140,190,200,220,270,320,460,650,1600,1900,2000,24248,6,140,180.3919411427614,61.400874983519316,1972.919792169705,10227.568747937974
1787723377,226,,Aggregated,87.200000,0.000000,140,190,200,210,270,320,460,650,1600,1900,2000,24329,6,140,180.26024761591435,61.400874983519316,1972.919792169705,10224.798512063791
1787723378,226,,Aggregated,85.600000,0.000000,140,190,200,210,270,320,460,650,1600,1900,2000,24422,6,140,180.1492989110035,61.400874983519316,1972.919792169705,10223.59638850217
1787723379,226,,Aggregated,85.600000,0.000000,140,190,200,210,270,320,460,650,1600,1900,2000,24504,6,140,180.15733722070888,61.400874983519316,1972.919792169705,10224.50318315377
1787723380,226,,Aggregated,88.800000,0.000000,140,190,200,210,270,320,460,650,1600,1900,2000,24596,6,140,180.09018971416845,61.400874983519316,1972.919792169705,10222.84997560579
1787723381,226,,Aggregated,85.200000,0.000000,140,190,200,210,270,310,460,650,1600,1900,2000,24681,6,140,179.99363018089693,61.400874983519316,1972.919792169705,10222.426441392165
1787723382,226,,Aggregated,85.700000,0.000000,140,190,200,210,270,310,450,650,1600,1900,2000,24778,6,140,179.9076772099582,61.400874983519316,1972.919792169705,10219.924933408669
1787723383,226,,Aggregated,85.600000,0.000000,140,190,200,210,270,310,450,650,1600,1900,2000,24854,6,140,179.83909198179097,61.400874983519316,1972.919792169705,10217.671441216706
1787723384,226,,Aggregated,87.400000,0.000000,140,190,200,210,270,310,450,650,1600,1900,2000,24945,6,140,179.74862848557115,61.400874983519316,1972.919792169705,10215.794588093806
1787723385,226,,Aggregated,87.900000,0.000000,140,190,200,210,260,310,450,640,1600,1900,2000,25032,6,140,179.65615139390914,61.400874983519316,1972.919792169705,10217.482023010547
1787723386,226,,Aggregated,86.700000,0.000000,140,190,200,210,260,310,450,640,1600,1900,2000,25061,6,140,179.62859749316027,61.400874983519316,1972.919792169705,10216.451099317665
1787723387,226,,Aggregated,86.100000,0.000000,140,190,200,220,270,320,470,690,1600,1900,2000,25187,6,140,180.88661535804923,61.400874983519316,1972.919792169705,10214.641759637909
1787723388,226,,Aggregated,87.000000,0.000000,140,190,200,220,270,320,470,680,1600,1900,2000,25290,6,140,180.8555583456865,61.400874983519316,1972.919792169705,10212.796164491894
1787723389,226,,Aggregated,82.500000,0.000000,140,190,200,220,270,320,470,680,1600,1900,2000,25370,6,140,180.78834827778076,61.400874983519316,1972.919792169705,10210.912258573118
1787723390,226,,Aggregated,86.700000,0.000000,140,190,200,220,270,320,470,670,1600,1900,2000,25451,6,140,180.73027895641368,61.400874983519316,1972.919792169705,10210.34906290519
1787723391,226,,Aggregated,87.800000,0.000000,140,190,200,220,270,320,460,670,1600,1900,2000,25544,6,140,180.62686548572174,61.400874983519316,1972.919792169705,10210.0170294394
1787723392,226,,Aggregated,86.100000,0.000000,140,190,200,220,270,320,460,670,1600,1900,2000,25651,6,140,180.60240497682867,61.400874983519316,1972.919792169705,10209.534014268449
1787723393,226,,Aggregated,85.600000,0.000000,140,190,200,220,270,320,460,670,1600,1900,2000,25741,6,140,180.49044445711917,61.400874983519316,1972.919792169705,10208.960219105707
1787723394,226,,Aggregated,85.000000,0.000000,140,190,200,220,270,320,460,670,1600,1900,2000,25808,6,140,180.46689054028937,61.400874983519316,1972.919792169705,10209.198155610664
1787723395,226,,Aggregated,86.800000,0.000000,140,190,200,220,270,320,460,670,1600,1900,2000,25897,6,140,180.52747623695055,61.400874983519316,1972.919792169705,10208.106807738348
1787723396,226,,Aggregated,87.900000,0.000000,140,190,200,220,270,320,460,670,1600,1900,2000,25982,6,140,180.40904606637542,61.400874983519316,1972.919792169705,10206.052844276806
1787723397,226,,Aggregated,86.000000,0.000000,140,190,200,220,270,320,460,670,1600,1900,2000,26073,6,140,180.3137130325093,61.400874983519316,1972.919792169705,10204.407394622789
1787723398,226,,Aggregated,85.900000,0.000000,140,180,200,210,270,320,460,670,1600,1900,2000,26143,6,140,180.21276504796256,61.400874983519316,1972.919792169705,10204.268102360096
1787723399,226,,Aggregated,89.800000,0.000000,140,180,200,220,270,320,460,670,1600,1900,2000,26221,6,140,180.18356176627023,61.400874983519316,1972.919792169705,10205.743526181304
1787723400,226,,Aggregated,87.100000,0.000000,140,180,200,210,270,320,460,670,1600,1900,2000,26316,6,140,180.08407753010184,61.400874983519316,1972.919792169705,10204.515731874146
1787723401,226,,Aggregated,84.600000,0.000000,140,180,200,210,270,320,460,670,1600,1900,2000,26344,6,140,180.02434976930397,61.400874983519316,1972.919792169705,10203.520194351655
1787723402,226,,Aggregated,84.600000,0.000000,140,190,200,220,270,320,480,690,1600,1900,2000,26473,6,140,180.9696603186604,61.400874983519316,1972.919792169705,10202.813130359234
1787723403,226,,Aggregated,85.700000,0.000000,140,190,200,220,270,320,470,690,1600,1900,2000,26560,6,140,180.9013766091347,61.400874983519316,1972.919792169705,10202.655421686746
1787723404,226,,Aggregated,80.700000,0.000000,140,190,200,220,270,320,470,680,1600,1900,2000,26646,6,140,180.7947273069221,61.400874983519316,1972.919792169705,10200.964685130977
1787723405,226,,Aggregated,81.900000,0.000000,140,190,200,220,270,320,470,680,1600,1900,2000,26734,6,140,180.77633129727863,61.400874983519316,1972.919792169705,10199.972768758884
1787723406,226,,Aggregated,81.400000,0.000000,140,190,200,220,270,320,470,670,1600,1900,2000,26808,6,140,180.7272609102088,61.400874983519316,1972.919792169705,10199.472172485825
1787723407,226,,Aggregated,83.200000,0.000000,140,190,200,220,270,320,470,670,1600,1900,2000,26906,6,140,180.72003821586853,61.400874983519316,1972.919792169705,10200.059652122203
1787723408,226,,Aggregated,83.100000,0.000000,140,190,200,220,270,320,470,670,1600,1900,2000,26980,6,140,180.75503442778023,61.400874983519316,1972.919792169705,10199.284247590807
1787723409,226,,Aggregated,82.800000,0.000000,140,190,200,220,270,320,470,670,1600,1900,2000,27046,6,140,180.6781242429761,61.400874983519316,1972.919792169705,10198.881535162316
1787723410,226,,Aggregated,82.600000,0.000000,140,190,200,220,270,320,470,670,1600,1900,2000,27106,6,140,180.6069061992578,61.400874983519316,1972.919792169705,10199.572640743747
1787723411,226,,Aggregated,83.700000,0.000000,140,190,200,220,270,320,500,750,2000,3100,3200,27207,6,140,184.09011250677545,61.400874983519316,3223.331166896969,10196.465799242842
1787723412,226,,Aggregated,81.400000,0.000000,140,190,200,220,270,330,500,760,2200,3200,3400,27295,6,140,184.7849806532947,61.400874983519316,3431.75687501207,10198.578494229712
1787723413,226,,Aggregated,78.200000,0.000000,140,190,200,220,270,330,500,760,2200,3200,3400,27377,6,140,184.72044496661735,61.400874983519316,3431.75687501207,10200.172261387295
1787723414,226,,Aggregated,86.600000,0.000000,140,190,200,220,270,320,500,760,2200,3200,3400,27461,6,140,184.60948629195596,61.400874983519316,3431.75687501207,10198.52707476057
1787723415,226,,Aggregated,81.800000,0.000000,140,190,200,220,270,330,510,760,2200,3200,3400,27539,6,140,184.82791460962616,61.400874983519316,3431.75687501207,10198.367188351065
1787723416,206,,Aggregated,81.100000,0.000000,140,190,200,220,270,330,510,770,2200,3200,3400,27629,6,140,184.8858797314905,61.400874983519316,3431.75687501207,10202.787107749104
1787723417,203,,Aggregated,81.000000,0.000000,140,190,200,220,270,330,510,770,2200,3200,3400,27700,6,140,185.03087782869216,61.400874983519316,3431.75687501207,10201.431624548737
1787723418,203,,Aggregated,80.700000,0.000000,140,190,200,220,270,330,510,770,2200,3200,3400,27782,6,140,184.98206479073067,61.400874983519316,3431.75687501207,10201.321287164352
1787723419,203,,Aggregated,81.100000,0.000000,140,190,200,220,270,330,510,770,2200,3200,3400,27856,6,140,184.93252096099965,61.400874983519316,3431.75687501207,10201.846962952326
1787723420,203,,Aggregated,79.400000,0.000000,140,190,200,220,270,330,510,770,2200,3200,3400,27936,6,140,184.83693186260513,61.400874983519316,3431.75687501207,10203.22014604811
1787723421,203,,Aggregated,79.900000,0.000000,140,190,200,220,270,330,510,760,2100,3200,3400,28009,6,140,184.79385227125385,61.400874983519316,3431.75687501207,10203.011960441287
1787723422,203,,Aggregated,80.800000,0.000000,140,190,200,220,270,330,510,760,2100,3200,3400,28090,6,140,184.77731098013277,61.400874983519316,3431.75687501207,10202.706265574938
1787723423,203,,Aggregated,82.800000,0.000000,140,190,200,220,270,330,510,760,2100,3200,3400,28173,6,140,184.7143726176792,61.400874983519316,3431.75687501207,10203.24030099741
1787723424,203,,Aggregated,78.100000,0.000000,140,190,200,220,270,330,510,760,2100,3200,3400,28251,6,140,184.66886008336638,61.400874983519316,3431.75687501207,10204.825174330112
1787723425,203,,Aggregated,78.800000,0.000000,140,190,200,220,270,330,510,760,2100,3200,3400,28321,6,140,184.6361736599316,61.400874983519316,3431.75687501207,10205.265174252321
1787723426,203,,Aggregated,79.100000,0.000000,140,190,200,220,270,320,510,760,2100,3200,3400,28395,6,140,184.53076422977244,61.400874983519316,3431.75687501207,10206.257510125022
1787723427,203,,Aggregated,78.700000,0.000000,140,190,200,220,270,320,510,760,2100,3200,3400,28482,6,140,184.48174250006156,61.400874983519316,3431.75687501207,10203.99929780212
1787723429,203,,Aggregated,77.400000,0.000000,140,190,200,220,270,320,500,760,2100,3200,3400,28569,6,140,184.3954671603275,61.400874983519316,3431.75687501207,10204.79302740733
1787723430,203,,Aggregated,77.800000,0.000000,140,190,200,220,270,320,500,760,2100,3200,3400,28633,6,140,184.3163760977146,61.400874983519316,3431.75687501207,10205.186428247127
1787723431,203,,Aggregated,78.000000,0.000000,140,190,200,220,270,320,500,760,2100,3200,3400,28694,6,140,184.29672590887867,61.400874983519316,3431.75687501207,10202.6870425873
1787723432,203,,Aggregated,77.500000,0.000000,140,190,200,220,270,320,500,760,2100,3200,3400,28788,6,140,184.36417410681406,61.400874983519316,3431.75687501207,10204.763234681117
1787723433,203,,Aggregated,75.500000,0.000000,140,190,200,220,270,320,500,760,2100,3200,3400,28893,6,140,184.252545566887,61.400874983519316,3431.75687501207,10205.434465095352
1787723434,203,,Aggregated,75.500000,0.000000,140,190,200,220,270,320,500,750,2100,3200,3400,28961,6,140,184.14687876024777,61.400874983519316,3431.75687501207,10204.148441006872
1787723435,203,,Aggregated,80.000000,0.000000,140,190,200,220,270,320,500,750,2100,3200,3400,29039,6,140,184.02157372065517,61.400874983519316,3431.75687501207,10203.195461276215
1787723436,203,,Aggregated,78.800000,0.000000,140,190,200,220,270,320,500,740,2100,3200,3400,29114,6,140,183.9184137007337,61.400874983519316,3431.75687501207,10202.78879576836
1787723437,203,,Aggregated,78.400000,0.000000,140,190,200,220,270,320,500,740,2100,3200,3400,29185,6,140,183.84312608580686,61.400874983519316,3431.75687501207,10201.367928730513
1787723438,203,,Aggregated,78.300000,0.000000,140,180,200,220,270,320,500,740,2100,3200,3400,29259,6,140,183.76114487502642,61.400874983519316,3431.75687501207,10200.158959636352
1787723439,203,,Aggregated,78.600000,0.000000,140,180,200,220,270,320,500,740,2100,3200,3400,29338,6,140,183.66588241699498,61.400874983519316,3431.75687501207,10200.65583884382
1787723440,203,,Aggregated,77.400000,0.000000,140,180,200,220,270,320,500,760,2100,3200,3400,29422,6,140,183.88391773475007,61.400874983519316,3431.75687501207,10200.29794031677
1787723441,203,,Aggregated,76.600000,0.000000,140,180,200,220,270,320,500,760,2100,3200,3400,29496,6,140,183.82060461340268,61.400874983519316,3431.75687501207,10200.45748576078
1787723442,203,,Aggregated,78.000000,0.000000,140,180,200,220,270,320,500,750,2100,3200,3400,29575,6,140,183.70980398450754,61.400874983519316,3431.75687501207,10200.864547759933
1787723443,203,,Aggregated,80.000000,0.000000,140,180,200,220,270,320,500,750,2100,3200,3400,29644,6,140,183.62214207517468,61.400874983519316,3431.75687501207,10201.620564026447
1787723444,203,,Aggregated,78.400000,0.000000,140,180,200,220,270,320,500,740,2100,3200,3400,29731,6,140,183.50973853651814,61.400874983519316,3431.75687501207,10201.893410917897
1787723445,203,,Aggregated,74.800000,0.000000,140,180,200,220,270,320,500,740,2100,3200,3400,29816,6,140,183.39830325058804,61.400874983519316,3431.75687501207,10203.975248188892
1787723446,203,,Aggregated,76.300000,0.000000,140,180,200,210,270,320,500,740,2100,3200,3400,29883,6,140,183.31660438532245,61.400874983519316,3431.75687501207,10203.541378041027
1787723447,203,,Aggregated,77.200000,0.000000,140,180,200,210,270,320,500,740,2100,3200,3400,29971,6,140,183.1734079640465,61.400874983519316,3431.75687501207,10201.18407794201
1787723448,203,,Aggregated,76.900000,0.000000,140,180,200,210,270,320,490,740,2000,3100,3400,30035,6,140,183.12921296014906,61.400874983519316,3431.75687501207,10202.497519560513
1787723449,203,,Aggregated,77.800000,0.000000,140,180,200,210,270,320,490,740,2000,3100,3400,30121,6,140,183.02706273319694,61.400874983519316,3431.75687501207,10203.94329537532
1787723450,203,,Aggregated,77.000000,0.000000,140,180,200,210,270,320,490,740,2000,3100,3400,30203,6,140,182.92083704298608,61.400874983519316,3431.75687501207,10204.286726484124
1787723451,203,,Aggregated,77.400000,0.000000,140,180,200,210,270,320,490,740,2000,3100,3400,30272,6,140,182.83041232270855,61.400874983519316,3431.75687501207,10203.559031448203
1787723452,203,,Aggregated,77.800000,0.000000,140,180,200,210,270,320,490,740,2000,3100,3400,30348,6,140,182.7846644546834,61.400874983519316,3431.75687501207,10205.218235139053
1787723453,203,,Aggregated,76.900000,0.000000,140,180,200,210,270,320,490,740,2000,3100,3400,30430,6,140,182.68038012771987,61.400874983519316,3431.75687501207,10204.765757476174
1787723454,203,,Aggregated,77.300000,0.000000,140,180,200,210,270,320,490,740,2000,3100,3400,30502,6,140,182.5773653050461,61.400874983519316,3431.75687501207,10204.441151399908
1787723455,203,,Aggregated,78.100000,0.000000,140,180,200,210,270,320,490,740,2000,3100,3400,30578,6,140,182.52135650998704,61.400874983519316,3431.75687501207,10205.564850546145
1787723456,203,,Aggregated,77.000000,0.000000,140,180,200,210,270,320,490,740,2000,3100,3400,30652,6,140,182.44420800394943,61.400874983519316,3431.75687501207,10205.739494975858
1787723457,203,,Aggregated,75.900000,0.000000,140,180,200,210,270,320,490,740,2000,3100,3400,30727,6,140,182.377174312717,61.400874983519316,3431.75687501207,10205.418068799427
1787723458,203,,Aggregated,75.900000,0.000000,140,180,200,210,270,320,490,730,2000,3100,3400,30809,6,140,182.33975263944333,61.400874983519316,3431.75687501207,10206.528027524424
1787723459,203,,Aggregated,75.500000,0.000000,140,180,200,210,270,320,490,730,2000,3100,3400,30878,6,140,182.26529647400372,61.400874983519316,3431.75687501207,10205.097901418485
1787723460,203,,Aggregated,77.100000,0.000000,140,180,200,210,270,320,490,730,2000,3100,3400,30966,6,140,182.28664251340427,61.400874983519316,3431.75687501207,10207.330814441646
1787723461,203,,Aggregated,75.400000,0.000000,140,180,200,210,270,320,480,730,2000,3100,3400,31049,6,140,182.23791428562666,61.400874983519316,3431.75687501207,10208.077426004058
1787723462,203,,Aggregated,75.700000,0.000000,140,180,200,210,260,320,480,730,2000,3100,3400,31117,6,140,182.1882324543094,61.400874983519316,3431.75687501207,10209.745637432914
1787723463,203,,Aggregated,77.400000,0.000000,140,180,200,210,270,320,490,740,2000,3100,3400,31195,6,140,182.32227117448656,61.400874983519316,3431.75687501207,10210.284725116204
1787723464,203,,Aggregated,76.300000,0.000000,140,180,200,210,270,320,490,740,2000,3100,3400,31275,6,140,182.24746499733953,61.400874983519316,3431.75687501207,10211.190407673861
1787723465,203,,Aggregated,74.700000,0.000000,140,180,200,210,260,320,480,730,2000,3100,3400,31363,6,140,182.18230303741626,61.400874983519316,3431.75687501207,10210.799636514364
1787723466,203,,Aggregated,76.000000,0.000000,140,180,200,210,260,320,480,730,2000,3100,3400,31440,6,140,182.09746778656347,61.400874983519316,3431.75687501207,10211.768829516539
1787723467,203,,Aggregated,77.500000,0.000000,140,180,200,210,260,320,480,730,2000,3100,3400,31518,6,140,182.05606419622143,61.400874983519316,3431.75687501207,10212.635129132559
1787723468,203,,Aggregated,79.000000,0.000000,140,180,200,210,260,320,480,730,2000,3100,3400,31588,6,140,181.96096857212464,61.400874983519316,3431.75687501207,10210.920634418133
1787723469,203,,Aggregated,77.500000,0.000000,140,180,200,210,260,320,480,730,2000,3100,3400,31659,6,140,181.8999724618746,61.400874983519316,3431.75687501207,10209.602451119745
1787723470,203,,Aggregated,77.700000,0.000000,140,180,200,210,260,320,480,730,2000,3100,3400,31743,6,140,181.8076567066923,61.400874983519316,3431.75687501207,10208.961786850645
1787723471,203,,Aggregated,77.900000,0.000000,140,180,200,210,260,320,480,730,2000,3100,3400,31813,6,140,181.76528650000742,61.400874983519316,3431.75687501207,10209.975858925596
1787723472,203,,Aggregated,78.000000,0.000000,140,180,200,210,260,320,480,730,2000,3100,3400,31891,6,140,181.71656096564624,61.400874983519316,3431.75687501207,10210.747703113731
1787723473,203,,Aggregated,75.300000,0.000000,140,180,200,210,260,320,480,730,2000,3100,3400,31970,6,140,181.65293113483057,61.400874983519316,3431.75687501207,10210.80994682515
1787723474,203,,Aggregated,76.400000,0.000000,140,180,200,210,260,320,480,730,2000,3100,3400,32046,6,140,181.74114324483224,61.400874983519316,3431.75687501207,10210.983742120701
1787723475,203,,Aggregated,78.000000,0.000000,140,180,200,210,260,320,480,730,2000,3100,3400,32122,6,140,181.7199666029775,61.400874983519316,3431.75687501207,10211.453334163501
1787723476,203,,Aggregated,77.000000,0.000000,140,180,200,210,260,320,480,730,2000,3100,3400,32175,6,140,181.65969973212222,61.400874983519316,3431.75687501207,10210.352571872572
1787723477,189,,Aggregated,75.300000,0.000000,140,180,200,210,260,320,490,740,2000,3100,3400,32258,6,140,182.08666688649603,61.400874983519316,3431.75687501207,10212.591791183582
1787723478,189,,Aggregated,74.300000,0.000000,140,180,200,210,270,320,490,760,2000,3100,3400,32328,6,140,182.48407690844826,61.400874983519316,3431.75687501207,10212.811061618411
1787723479,189,,Aggregated,74.900000,0.000000,140,180,200,210,270,320,490,760,2000,3100,3400,32399,6,140,182.45438421997525,61.400874983519316,3431.75687501207,10212.639556776443
1787723480,189,,Aggregated,72.100000,0.000000,140,180,200,210,270,320,490,760,2000,3100,3400,32456,6,140,182.406105197875,61.400874983519316,3431.75687501207,10213.254652452551
1787723481,189,,Aggregated,73.300000,0.000000,140,180,200,210,270,320,500,770,2000,3100,3400,32526,6,140,182.69425651807398,61.400874983519316,3431.75687501207,10213.395468240791
1787723482,189,,Aggregated,71.800000,0.000000,140,180,200,210,270,320,500,770,2000,3100,3400,32585,6,140,182.6598024244915,61.400874983519316,3431.75687501207,10213.828909007212
1787723483,189,,Aggregated,71.200000,0.000000,140,180,200,210,270,320,510,780,2000,3100,3400,32681,6,140,182.93071822067952,61.400874983519316,3431.75687501207,10214.442826106912
1787723484,189,,Aggregated,70.200000,0.000000,140,180,200,210,270,320,510,780,2000,3100,3400,32740,6,140,182.8815934078517,61.400874983519316,3431.75687501207,10214.400946854
1787723485,189,,Aggregated,71.000000,0.000000,140,180,200,210,270,320,510,780,2000,3100,3400,32808,6,140,182.914379617848,61.400874983519316,3431.75687501207,10213.681754450134
1787723486,189,,Aggregated,68.800000,0.000000,140,180,200,210,270,320,510,780,2000,3100,3400,32869,6,140,182.8737964280525,61.400874983519316,3431.75687501207,10214.06842313426
1787723487,189,,Aggregated,67.800000,0.000000,140,180,200,210,270,320,510,780,2000,3100,3400,32946,10,140,182.81850599335021,61.0312910284847,3431.75687501207,10213.971255994658
1787723488,189,,Aggregated,68.600000,0.000000,140,180,200,210,270,320,510,770,1900,3100,3400,33016,10,140,182.75527572486806,61.0312910284847,3431.75687501207,10214.426308456506
1787723489,189,,Aggregated,67.900000,0.000000,140,180,200,210,270,320,510,770,1900,3100,3400,33090,10,140,182.67975429503738,61.0312910284847,3431.75687501207,10214.965427621639
1787723490,189,,Aggregated,69.400000,0.400000,140,180,200,210,270,320,500,770,1900,3100,3400,33152,10,140,182.61679114994143,61.0312910284847,3431.75687501207,10216.003076737452
1787723491,189,,Aggregated,68.800000,0.400000,140,180,200,210,270,320,500,770,1900,3100,3400,33241,10,140,182.62760144970807,61.0312910284847,3431.75687501207,10216.39391113384
1787723492,189,,Aggregated,68.300000,0.400000,140,180,200,210,270,320,500,770,1900,3100,3400,33320,10,140,182.5706675606204,61.0312910284847,3431.75687501207,10218.007112845138
1787723493,189,,Aggregated,70.500000,0.400000,140,180,200,210,270,320,500,770,1900,3100,3400,33395,10,140,182.5370731858919,61.0312910284847,3431.75687501207,10219.536936667166
1787723494,189,,Aggregated,71.300000,0.400000,140,180,200,210,270,320,500,770,1900,3100,3400,33463,10,140,182.4900964660398,61.0312910284847,3431.75687501207,10220.249350028389
1787723495,189,,Aggregated,70.300000,0.400000,140,180,200,210,270,320,500,770,1900,3100,3400,33544,10,140,182.43247250150344,61.0312910284847,3431.75687501207,10221.313588123063
1787723496,189,,Aggregated,71.900000,0.400000,140,180,200,210,260,320,500,760,1900,3100,3400,33641,10,140,182.34607967855948,61.0312910284847,3431.75687501207,10221.68621622425
1787723497,189,,Aggregated,73.900000,0.400000,140,180,200,210,260,320,500,760,1900,3100,3400,33710,10,140,182.28551495863934,61.0312910284847,3431.75687501207,10220.598872738059
1787723498,189,,Aggregated,73.900000,0.400000,140,180,200,210,260,320,500,760,1900,3100,3400,33780,10,140,182.21053977707422,61.0312910284847,3431.75687501207,10219.652249851983
1787723499,189,,Aggregated,76.000000,0.400000,140,180,200,210,260,320,500,760,1900,3100,3400,33848,10,140,182.16156334944577,61.0312910284847,3431.75687501207,10220.631676908532
1787723500,189,,Aggregated,76.400000,0.000000,140,180,200,210,260,320,490,760,1900,3100,3400,33917,10,140,182.10705672924146,61.0312910284847,3431.75687501207,10221.613084883687
1787723501,189,,Aggregated,75.900000,0.000000,140,180,200,210,260,320,490,760,1900,3100,3400,33992,10,140,182.0214702294937,61.0312910284847,3431.75687501207,10222.56019063309
1787723502,189,,Aggregated,75.900000,0.000000,140,180,200,210,260,320,490,760,1900,3100,3400,34059,10,140,181.97489006812813,61.0312910284847,3431.75687501207,10223.3521829766
1787723503,189,,Aggregated,76.300000,0.000000,140,180,200,210,260,320,490,760,1900,3100,3400,34135,10,140,181.91168106641794,61.0312910284847,3431.75687501207,10223.554006152044
1787723504,189,,Aggregated,74.800000,0.000000,140,180,200,210,260,320,490,760,1900,3100,3400,34210,10,140,181.85665127621172,61.0312910284847,3431.75687501207,10224.767816427946
1787723505,189,,Aggregated,74.200000,0.000000,140,180,200,210,260,320,490,760,1900,3100,3400,34285,10,140,181.79712105615494,61.0312910284847,3431.75687501207,10225.294297797871
1787723506,189,,Aggregated,74.600000,0.000000,140,180,200,210,260,320,490,760,1900,3100,3400,34360,10,140,181.76579246197463,61.0312910284847,3431.75687501207,10225.834458672876
1787723507,189,,Aggregated,75.100000,0.000000,140,180,200,210,260,320,490,760,1900,3100,3400,34417,10,140,181.7205075262745,61.0312910284847,3431.75687501207,10225.056745213122
1787723508,189,,Aggregated,72.800000,0.000000,140,180,200,210,260,320,490,760,1900,3100,3400,34504,10,140,181.7272790748972,61.0312910284847,3431.75687501207,10225.973481335497
1787723509,189,,Aggregated,71.100000,0.000000,140,180,200,210,260,320,490,760,1900,3100,3400,34589,10,140,181.67408229600758,61.0312910284847,3431.75687501207,10224.992367515684
1787723510,189,,Aggregated,71.000000,0.000000,140,180,200,210,260,320,490,750,1900,3100,3400,34657,10,140,181.59375156764443,61.0312910284847,3431.75687501207,10224.661280549384
1787723511,189,,Aggregated,72.000000,0.000000,140,180,200,210,260,320,490,750,1900,3100,3400,34742,10,140,181.54741123362476,61.0312910284847,3431.75687501207,10225.647659892926
1787723512,189,,Aggregated,73.400000,0.000000,140,180,200,210,260,320,490,750,1900,3100,3400,34803,10,140,181.47362169433103,61.0312910284847,3431.75687501207,10225.289113007499
1787723513,189,,Aggregated,72.200000,0.000000,140,180,200,210,260,320,490,760,1900,3100,3400,34869,10,140,181.63938188042835,61.0312910284847,3431.75687501207,10225.36204078121
1787723514,189,,Aggregated,74.400000,0.000000,140,180,200,210,260,320,500,770,1900,3100,3400,34956,10,140,182.00052261160792,61.0312910284847,3431.75687501207,10224.921301064194
1787723515,189,,Aggregated,75.100000,0.000000,140,180,200,210,260,320,500,770,1900,3100,3400,35034,10,140,181.94056731542437,61.0312910284847,3431.75687501207,10225.62887480733
1787723516,189,,Aggregated,74.100000,0.000000,140,180,200,210,260,320,500,770,1900,3100,3400,35105,10,140,181.89941304542174,61.0312910284847,3431.75687501207,10225.709955846745
1787723517,189,,Aggregated,72.500000,0.000000,140,180,200,210,260,320,490,770,1900,3100,3400,35173,10,140,181.8618120777826,61.0312910284847,3431.75687501207,10227.123162653172
1787723518,189,,Aggregated,74.300000,0.000000,140,180,200,210,260,320,490,760,1900,3100,3400,35239,10,140,181.82059320867086,61.0312910284847,3431.75687501207,10227.264451318142
1787723519,189,,Aggregated,74.600000,0.000000,140,180,200,210,260,320,490,760,1900,3100,3400,35304,10,140,181.79791228324683,61.0312910284847,3431.75687501207,10226.835684341717
1787723520,189,,Aggregated,74.000000,0.000000,140,180,200,210,260,320,490,760,1900,3100,3400,35386,10,140,181.75415136760938,61.0312910284847,3431.75687501207,10227.723139094558
1787723521,189,,Aggregated,72.100000,0.000000,140,180,200,210,260,320,490,760,1900,3100,3400,35448,10,140,181.70072092222173,61.0312910284847,3431.75687501207,10226.706132927104
1787723522,189,,Aggregated,71.200000,0.000000,140,180,200,210,260,320,490,760,1900,3100,3400,35522,10,140,181.64383915599745,61.0312910284847,3431.75687501207,10226.490878891955
1787723523,189,,Aggregated,71.600000,0.000000,140,180,200,210,260,320,490,760,1900,3100,3400,35594,10,140,181.56064362903336,61.0312910284847,3431.75687501207,10225.762881384502
1787723524,189,,Aggregated,71.000000,0.000000,140,180,200,210,260,320,490,760,1900,3100,3400,35667,10,140,181.51134112057343,61.0312910284847,3431.75687501207,10225.660778871226
1787723525,189,,Aggregated,69.900000,0.000000,140,180,200,210,260,320,490,760,1900,3100,3400,35749,10,140,181.44838173089227,61.0312910284847,3431.75687501207,10225.549106268707
1787723526,189,,Aggregated,70.900000,0.000000,140,180,200,210,260,320,490,760,1900,3100,3400,35817,10,140,181.38577917372422,61.0312910284847,3431.75687501207,10224.21456291705
1787723527,189,,Aggregated,71.400000,0.000000,140,180,200,210,260,320,490,760,1900,3100,3400,35886,10,140,181.33471572706478,61.0312910284847,3431.75687501207,10224.742963829905
1787723528,189,,Aggregated,71.200000,0.000000,140,180,200,210,260,320,490,760,1900,3100,3400,35981,10,140,181.297395640424,61.0312910284847,3431.75687501207,10224.897779383564
1787723529,189,,Aggregated,70.800000,0.000000,140,180,200,210,260,310,490,760,1900,3100,3400,36045,10,140,181.2538072177015,61.0312910284847,3431.75687501207,10224.069579692052
1787723530,189,,Aggregated,72.200000,0.000000,140,180,200,210,260,310,490,760,1900,3100,3400,36108,10,140,181.21251569121685,61.0312910284847,3431.75687501207,10224.197020050959
1787723531,189,,Aggregated,74.300000,0.000000,140,180,200,210,260,310,480,760,1900,3100,3400,36185,10,140,181.16962017386064,61.0312910284847,3431.75687501207,10224.091004559901
1787723532,189,,Aggregated,73.500000,0.000000,140,180,200,210,260,310,480,750,1900,3100,3400,36269,10,140,181.08793276267446,61.0312910284847,3431.75687501207,10223.600953982741
1787723533,189,,Aggregated,74.700000,0.000000,140,180,200,210,260,310,480,750,1900,3100,3400,36337,10,140,181.02821582335807,61.0312910284847,3431.75687501207,10223.949142747062
1787723534,189,,Aggregated,72.500000,0.000000,140,180,200,210,260,310,480,750,1900,3100,3400,36402,10,140,180.97199003711458,61.0312910284847,3431.75687501207,10224.001758145158
1787723535,189,,Aggregated,73.900000,0.000000,140,180,200,210,260,310,490,750,1900,3100,3400,36481,10,140,181.04824826272156,61.0312910284847,3431.75687501207,10223.20248896686
1787723536,209,,Aggregated,73.400000,0.000000,140,180,200,210,260,320,480,740,1900,3100,3400,36597,10,140,181.09448136096879,61.0312910284847,3431.75687501207,10222.637046752467
1787723537,213,,Aggregated,72.600000,0.000000,140,180,200,210,260,310,480,740,1900,3100,3400,36687,10,140,181.01856820639577,61.0312910284847,3431.75687501207,10222.439501730858
1787723538,213,,Aggregated,73.000000,0.000000,140,180,200,210,260,310,480,740,1900,3100,3400,36757,10,140,180.9821762486239,61.0312910284847,3431.75687501207,10222.51998258835
1787723539,213,,Aggregated,78.600000,0.000000,140,180,200,210,260,310,480,740,1900,3100,3400,36846,10,140,180.95104280186357,61.0312910284847,3431.75687501207,10222.728572979428
1787723540,213,,Aggregated,79.100000,0.000000,140,180,200,210,260,310,480,740,1900,3100,3400,36953,10,140,180.8812896585675,61.0312910284847,3431.75687501207,10224.316131301925
1787723541,213,,Aggregated,78.400000,0.000000,140,180,200,210,260,310,480,740,1900,3100,3400,37038,10,140,180.79494640080867,61.0312910284847,3431.75687501207,10222.599033425131
1787723542,213,,Aggregated,80.600000,0.000000,140,180,200,210,260,310,480,740,1900,3100,3400,37116,10,140,180.75642596412564,61.0312910284847,3431.75687501207,10223.69487552538
1787723543,213,,Aggregated,82.700000,0.000000,140,180,200,210,260,310,480,740,1900,3100,3400,37201,10,140,180.70285523894543,61.0312910284847,3431.75687501207,10225.43407435284
1787723544,213,,Aggregated,85.000000,0.000000,140,180,200,210,260,310,480,740,1900,3100,3400,37280,10,140,180.6379986709009,61.0312910284847,3431.75687501207,10224.631491416309
1787723545,213,,Aggregated,84.300000,0.000000,140,180,200,210,260,310,480,740,1900,3100,3400,37372,10,140,180.5556884676257,61.0312910284847,3431.75687501207,10223.151824895644
1787723546,213,,Aggregated,86.300000,0.000000,140,180,200,210,260,310,480,740,1900,3100,3400,37449,10,140,180.46707805051662,61.0312910284847,3431.75687501207,10221.692141312185
1787723547,213,,Aggregated,88.300000,0.000000,140,180,200,210,260,310,480,740,1900,3100,3400,37527,10,140,180.57027968541584,61.0312910284847,3431.75687501207,10220.024675566925
1787723548,213,,Aggregated,89.000000,0.000000,140,180,200,210,260,310,480,750,1900,3100,3400,37595,10,140,180.73405461615116,61.0312910284847,3431.75687501207,10218.80510706211
1787723549,213,,Aggregated,83.500000,0.000000,140,180,200,210,260,320,490,770,1900,3100,3400,37684,10,140,181.25363486824307,61.0312910284847,3431.75687501207,10218.977125570535
1787723550,213,,Aggregated,84.300000,0.000000,140,180,200,210,260,320,490,770,1900,3100,3400,37758,10,140,181.22354284642273,61.0312910284847,3431.75687501207,10217.915752953017
1787723551,213,,Aggregated,81.700000,0.000000,140,180,200,210,260,320,490,770,1900,3100,3400,37833,10,140,181.1478871599863,61.0312910284847,3431.75687501207,10217.024475986573
1787723552,213,,Aggregated,82.300000,0.000000,140,180,200,210,260,310,490,770,1900,3100,3400,37907,10,140,181.0740831983372,61.0312910284847,3431.75687501207,10215.4327960535
1787723553,213,,Aggregated,80.000000,0.000000,140,180,200,210,260,310,490,760,1900,3100,3400,38003,10,140,181.05434611077573,61.0312910284847,3431.75687501207,10216.230323921796
1787723554,213,,Aggregated,79.500000,0.000000,140,180,200,210,260,310,490,760,1900,3100,3400,38094,10,140,180.98435041839213,61.0312910284847,3431.75687501207,10216.964508846537
1787723555,213,,Aggregated,79.500000,0.000000,140,180,200,210,260,310,490,760,1900,3100,3400,38164,10,140,180.91762705055885,61.0312910284847,3431.75687501207,10215.583665234251
1787723556,213,,Aggregated,80.300000,0.000000,140,180,200,210,260,310,490,760,1900,3100,3400,38245,10,140,180.86843047152115,61.0312910284847,3431.75687501207,10215.739573800496
1787723557,213,,Aggregated,80.600000,0.000000,140,180,200,210,260,310,490,760,1900,3100,3400,38328,10,140,180.81812244139968,61.0312910284847,3431.75687501207,10215.554503235233
1787723558,213,,Aggregated,79.200000,0.000000,140,180,200,210,260,310,490,760,1900,3100,3400,38406,10,140,180.75656654521728,61.0312910284847,3431.75687501207,10212.738894964328
1787723559,213,,Aggregated,80.200000,0.000000,140,180,200,210,260,310,490,760,1900,3100,3400,38492,10,140,180.69138279994078,61.0312910284847,3431.75687501207,10212.729995843292
1787723560,213,,Aggregated,79.300000,0.000000,140,180,200,210,260,310,490,770,1900,3100,3400,38565,10,140,180.90085887424885,61.0312910284847,3431.75687501207,10211.283521327628
1787723561,213,,Aggregated,81.800000,0.000000,140,180,200,210,260,310,490,770,1900,3100,3400,38665,10,140,180.91505810655855,61.0312910284847,3431.75687501207,10212.631734126471
1787723562,213,,Aggregated,80.900000,0.000000,140,180,200,210,260,310,500,780,1900,3100,3400,38733,10,140,181.19403520964175,61.0312910284847,3431.75687501207,10212.077375881032
1787723563,213,,Aggregated,81.100000,0.000000,140,180,200,210,260,310,500,780,1900,3100,3400,38815,10,140,181.14401398470878,61.0312910284847,3431.75687501207,10211.430967409508
1787723564,213,,Aggregated,81.700000,0.000000,140,180,200,210,260,310,500,780,1900,3100,3400,38895,10,140,181.07970010466238,61.0312910284847,3431.75687501207,10210.409538501093
1787723565,213,,Aggregated,81.700000,0.000000,140,180,200,210,260,310,500,770,1900,3100,3400,38974,10,140,181.07420170367536,61.0312910284847,3431.75687501207,10209.869554061683
1787723566,213,,Aggregated,79.600000,0.000000,140,180,200,210,260,310,500,770,1900,3100,3400,39046,10,140,181.00834425947554,61.0312910284847,3431.75687501207,10208.642088818317
1787723567,213,,Aggregated,78.800000,0.000000,140,180,200,210,260,310,490,770,1900,3100,3400,39129,10,140,180.97376146747288,61.0312910284847,3431.75687501207,10207.789593396203
1787723568,213,,Aggregated,80.200000,0.000000,140,180,200,210,260,310,490,770,1900,3100,3400,39216,10,140,180.89027720834113,61.0312910284847,3431.75687501207,10206.31237250102
1787723569,213,,Aggregated,79.000000,0.000000,140,180,200,210,260,310,490,770,1900,3100,3400,39299,10,140,180.82925288077925,61.0312910284847,3431.75687501207,10205.282958853915
1787723570,213,,Aggregated,79.600000,0.000000,140,180,200,210,260,310,490,770,1900,3100,3400,39385,10,140,180.75238121667553,61.0312910284847,3431.75687501207,10204.843646058143
1787723571,213,,Aggregated,80.200000,0.000000,140,180,200,210,260,310,490,770,1900,3100,3400,39479,10,140,180.68204532083982,61.0312910284847,3431.75687501207,10204.790724182476
1787723572,213,,Aggregated,80.700000,0.000000,140,180,200,210,260,310,490,770,1900,3100,3400,39557,10,140,180.6278181088667,61.0312910284847,3431.75687501207,10205.4382283793
1787723573,213,,Aggregated,79.900000,0.000000,140,180,200,210,260,310,490,770,1900,3100,3400,39648,10,140,180.56428277826717,61.0312910284847,3431.75687501207,10205.200691081518
1787723574,213,,Aggregated,81.200000,0.000000,140,180,200,210,260,310,490,770,1900,3100,3400,39731,10,140,180.50485106320752,61.0312910284847,3431.75687501207,10206.208527346405
1787723575,213,,Aggregated,82.700000,0.000000,140,180,200,210,260,310,490,770,1900,3100,3400,39817,10,140,180.4820720442736,61.0312910284847,3431.75687501207,10206.902026772485
1787723576,213,,Aggregated,83.900000,0.000000,140,180,200,210,260,310,490,770,1900,3100,3400,39897,10,140,180.41715144111623,61.0312910284847,3431.75687501207,10207.016617790812
1787723577,213,,Aggregated,83.400000,0.000000,140,180,200,210,260,310,490,760,1900,3100,3400,39972,10,140,180.3811959091097,61.0312910284847,3431.75687501207,10206.992394676274
1787723578,213,,Aggregated,84.100000,0.000000,140,180,200,210,260,310,490,760,1900,3100,3400,40056,10,140,180.31029829184672,61.0312910284847,3431.75687501207,10206.822598362292
1787723579,213,,Aggregated,84.300000,0.000000,140,180,200,210,260,310,490,760,1900,3100,3400,40132,10,140,180.25270646757116,61.0312910284847,3431.75687501207,10206.418194956643
1787723580,213,,Aggregated,83.600000,0.000000,140,180,200,210,260,310,480,760,1900,3100,3400,40213,10,140,180.2100147670247,61.0312910284847,3431.75687501207,10205.823315843136
1787723581,213,,Aggregated,83.800000,0.000000,140,180,200,210,260,310,490,770,1900,3100,3400,40307,10,140,180.4769651684069,61.0312910284847,3431.75687501207,10205.81891482869
1787723582,213,,Aggregated,82.700000,0.000000,140,180,200,210,260,310,490,770,1900,3100,3400,40374,10,140,180.43127619056702,61.0312910284847,3431.75687501207,10204.81421211671
1787723583,213,,Aggregated,82.700000,0.000000,140,180,200,210,260,310,490,770,1900,3100,3400,40456,10,140,180.3935878680413,61.0312910284847,3431.75687501207,10204.889460154242
1787723584,213,,Aggregated,83.300000,0.000000,140,180,200,210,260,310,490,770,1900,3100,3400,40540,10,140,180.35038009271685,61.0312910284847,3431.75687501207,10205.724765663543
1787723585,213,,Aggregated,80.600000,0.000000,140,180,200,210,260,310,490,770,1900,3100,3400,40620,10,140,180.29216179021316,61.0312910284847,3431.75687501207,10205.98148695224
1787723586,213,,Aggregated,79.900000,0.000000,140,180,200,210,260,310,490,770,1900,3100,3400,40701,10,140,180.2304884329628,61.0312910284847,3431.75687501207,10206.532861600452
1787723587,213,,Aggregated,80.400000,0.000000,140,180,200,210,260,310,490,770,1900,3100,3400,40777,10,140,180.14385014230024,61.0312910284847,3431.75687501207,10206.448905019986
1787723588,213,,Aggregated,79.700000,0.000000,140,180,200,210,260,310,490,770,1900,3100,3400,40851,10,140,180.0863429588881,61.0312910284847,3431.75687501207,10206.095101711097
1787723589,213,,Aggregated,80.500000,0.000000,140,180,200,210,260,310,490,760,1900,3100,3400,40931,10,140,180.03434310299292,61.0312910284847,3431.75687501207,10205.213041460018
1787723590,213,,Aggregated,79.600000,0.000000,140,180,200,210,260,310,490,760,1900,3100,3400,41022,10,140,179.99948055947587,61.0312910284847,3431.75687501207,10204.979693822826
1787723591,213,,Aggregated,78.600000,0.000000,140,180,200,210,260,310,490,760,1900,3100,3400,41093,10,140,179.96105336603028,61.0312910284847,3431.75687501207,10205.724843647336
1787723592,213,,Aggregated,79.200000,0.000000,140,180,200,210,260,310,480,760,1900,3100,3400,41178,10,140,179.9412583432841,61.0312910284847,3431.75687501207,10205.726334450435
1787723594,213,,Aggregated,80.400000,0.000000,140,180,200,210,260,310,480,760,1900,3100,3400,41262,10,140,179.86834094772468,61.0312910284847,3431.75687501207,10205.92511269449
1787723595,213,,Aggregated,77.600000,0.000000,140,180,200,210,260,310,480,760,1900,3100,3400,41329,10,140,179.8092809472759,61.0312910284847,3431.75687501207,10204.483389387597
1787723596,213,,Aggregated,80.100000,0.000000,140,180,200,210,260,310,480,760,1900,3100,3400,41410,10,140,179.78912652799653,61.0312910284847,3431.75687501207,10205.49702970297
1787723597,233,,Aggregated,78.600000,0.000000,140,180,200,210,260,310,480,760,1900,3100,3400,41555,10,140,179.80660881911913,61.0312910284847,3431.75687501207,10204.791890265913
1787723598,253,,Aggregated,78.100000,0.000000,140,180,200,210,260,310,480,760,1900,3100,3400,41671,10,140,179.79570015375208,61.0312910284847,3431.75687501207,10203.030908785486
1787723599,273,,Aggregated,84.900000,0.000000,140,180,200,210,260,310,480,760,1900,3100,3400,41788,10,140,179.88674299400833,61.0312910284847,3431.75687501207,10202.130874892313
1787723600,279,,Aggregated,88.900000,0.000000,140,180,200,210,260,310,480,760,1900,3100,3400,41895,10,140,179.86218398730895,61.0312910284847,3431.75687501207,10200.725504236783
1787723601,279,,Aggregated,93.200000,0.000000,140,180,200,210,260,310,480,750,1900,3100,3400,42000,10,140,179.7595078409594,61.0312910284847,3431.75687501207,10200.16861904762
1787723602,279,,Aggregated,95.600000,0.000000,140,180,200,210,260,310,480,750,1900,3100,3400,42120,10,140,179.75105118479757,61.0312910284847,3431.75687501207,10200.050308641976
1787723603,279,,Aggregated,97.100000,0.000000,140,180,200,210,260,310,480,750,1900,3100,3400,42233,10,140,179.66321420804792,61.0312910284847,3431.75687501207,10198.806951909644
1787723604,279,,Aggregated,102.000000,0.000000,140,180,200,210,260,310,480,740,1900,3100,3400,42329,10,140,179.56251889919952,61.0312910284847,3431.75687501207,10199.347256018333
1787723605,279,,Aggregated,104.600000,0.000000,140,180,200,210,260,310,480,740,1900,3100,3400,42438,10,140,179.44553091524963,61.0312910284847,3431.75687501207,10198.774518120552
1787723606,279,,Aggregated,106.400000,0.000000,140,180,200,210,260,310,480,740,1900,3100,3400,42521,10,140,179.3748104148182,61.0312910284847,3431.75687501207,10196.681333929117
1787723607,279,,Aggregated,109.700000,0.000000,140,180,200,210,260,310,480,740,1900,3100,3400,42630,10,140,179.3149746994366,61.0312910284847,3431.75687501207,10196.057963875206
1787723608,279,,Aggregated,110.800000,0.000000,140,180,200,210,260,310,470,740,1900,3100,3400,42733,10,140,179.2262435204692,61.0312910284847,3431.75687501207,10195.529380104368
1787723609,279,,Aggregated,106.900000,0.000000,140,180,200,210,260,310,480,760,1900,3100,3400,42838,10,140,179.49717684420307,61.0312910284847,3431.75687501207,10195.249918296839
1787723610,279,,Aggregated,105.300000,0.000000,140,180,200,210,260,310,480,750,1900,3100,3400,42946,10,140,179.4157007429983,61.0312910284847,3431.75687501207,10194.152773250127
1787723611,279,,Aggregated,103.900000,0.000000,140,180,200,210,260,310,480,750,1900,3100,3400,43034,10,140,179.339128591653,61.0312910284847,3431.75687501207,10192.34918901334
1787723612,279,,Aggregated,104.500000,0.000000,140,180,200,210,260,310,490,770,1900,3100,3400,43145,10,140,179.71374952828586,61.0312910284847,3431.75687501207,10191.545787460887
1787723613,279,,Aggregated,103.400000,0.000000,140,180,200,210,260,310,490,760,1900,3100,3400,43254,10,140,179.64150258414008,61.0312910284847,3431.75687501207,10191.139062283257
1787723614,279,,Aggregated,101.300000,0.000000,140,180,200,210,260,310,480,760,1900,3100,3400,43363,10,140,179.53953695301334,61.0312910284847,3431.75687501207,10191.259437769528
1787723615,279,,Aggregated,101.200000,0.000000,140,180,200,210,260,310,480,760,1900,3100,3400,43481,10,140,179.51971107923853,61.0312910284847,3431.75687501207,10191.46176490881
1787723616,279,,Aggregated,102.600000,0.000000,140,180,200,210,260,310,480,760,1900,3100,3400,43577,10,140,179.48664209550162,61.0312910284847,3431.75687501207,10190.090024554238
1787723617,279,,Aggregated,103.500000,0.000000,140,180,200,210,260,310,480,760,1900,3100,3400,43687,10,140,179.4274013915601,61.0312910284847,3431.75687501207,10189.186142330671
1787723618,279,,Aggregated,103.600000,0.000000,140,180,200,210,260,310,480,760,1900,3100,3400,43791,10,140,179.35305215521996,61.0312910284847,3431.75687501207,10188.611655362974
1787723619,279,,Aggregated,105.300000,0.000000,140,180,200,210,260,310,480,760,1900,3100,3400,43894,10,140,179.2794089096556,61.0312910284847,3431.75687501207,10187.759260946827
1787723620,279,,Aggregated,104.900000,0.000000,140,180,200,210,260,310,480,760,1900,3100,3400,44022,10,140,179.2381412990526,61.0312910284847,3431.75687501207,10188.282904002544
1787723621,279,,Aggregated,105.000000,0.000000,140,180,200,210,260,310,480,760,1900,3100,3400,44124,10,140,179.2019067469386,61.0312910284847,3431.75687501207,10189.339860393437
1787723622,279,,Aggregated,107.200000,0.000000,140,180,200,210,260,310,480,760,1900,3100,3400,44244,10,140,179.12527674297127,61.0312910284847,3431.75687501207,10190.678600488201
1787723623,279,,Aggregated,107.900000,0.000000,140,180,200,210,260,310,480,760,1900,3100,3400,44352,10,140,179.05959000823455,61.0312910284847,3431.75687501207,10192.038216991343
1787723624,279,,Aggregated,109.900000,0.000000,140,180,200,210,260,310,480,750,1900,3100,3400,44476,10,140,178.9654318838021,61.0312910284847,3431.75687501207,10192.161502832989
1787723625,279,,Aggregated,108.900000,0.000000,140,180,200,210,260,310,480,760,1900,3100,3400,44561,10,140,178.98297575442243,61.0312910284847,3431.75687501207,10192.11296873948
1787723626,279,,Aggregated,110.100000,0.000000,140,180,200,210,260,310,480,760,1900,3100,3400,44679,10,140,179.07048138877403,61.0312910284847,3431.75687501207,10192.41701918127
1787723627,279,,Aggregated,108.300000,0.000000,140,180,200,210,260,310,480,760,1900,3100,3400,44789,10,140,179.0404410498204,61.0312910284847,3431.75687501207,10192.340463060127
1787723628,279,,Aggregated,110.300000,0.000000,140,180,200,210,260,310,490,760,1900,3100,3400,44895,10,140,179.3138565341012,61.0312910284847,3431.75687501207,10191.866911682815
1787723629,279,,Aggregated,109.200000,0.000000,140,180,200,210,260,310,490,760,1900,3100,3400,44997,10,140,179.3220564727827,61.0312910284847,3431.75687501207,10193.853879147498
1787723630,279,,Aggregated,108.200000,0.000000,140,180,200,210,260,310,490,760,1900,3100,3400,45099,10,140,179.31100771397925,61.0312910284847,3431.75687501207,10193.025299895784
1787723631,279,,Aggregated,111.100000,0.000000,140,180,200,210,260,310,480,760,1900,3100,3400,45232,10,140,179.26460055790326,61.0312910284847,3431.75687501207,10191.973558542624
1787723632,279,,Aggregated,107.100000,0.000000,140,180,200,210,260,310,480,760,1900,3100,3400,45334,10,140,179.2229889399684,61.0312910284847,3431.75687501207,10190.594741253804
1787723633,279,,Aggregated,109.100000,0.000000,140,180,200,210,260,310,480,760,1900,3100,3400,45431,10,140,179.14300234748794,61.0312910284847,3431.75687501207,10191.348880720214
1787723634,279,,Aggregated,107.500000,0.000000,140,180,200,210,260,310,480,760,1900,3100,3400,45528,10,140,179.0757633009887,61.0312910284847,3431.75687501207,10192.181756281849
1787723635,279,,Aggregated,109.100000,0.000000,140,180,200,210,260,310,490,770,1900,3100,3400,45626,10,140,179.29709010645607,61.0312910284847,3431.75687501207,10191.726866260466
1787723636,279,,Aggregated,105.000000,0.000000,140,180,200,210,260,310,490,770,1900,3100,3400,45774,10,140,179.35352247671963,61.0312910284847,3431.75687501207,10192.15390833224
1787723637,279,,Aggregated,104.900000,0.000000,140,180,200,210,260,310,490,770,1900,3100,3400,45872,10,140,179.299586137594,61.0312910284847,3431.75687501207,10191.956880013951
1787723638,279,,Aggregated,108.900000,0.000000,140,180,200,210,260,310,490,770,1900,3100,3400,45979,10,140,179.26080958182183,61.0312910284847,3431.75687501207,10192.927901868245
1787723639,279,,Aggregated,106.900000,0.000000,140,180,200,210,260,310,480,770,1900,3100,3400,46076,10,140,179.21299013964762,61.0312910284847,3431.75687501207,10192.665031686778
1787723640,279,,Aggregated,108.400000,0.000000,140,180,200,210,260,310,480,770,1900,3100,3400,46180,10,140,179.1968298117564,61.0312910284847,3431.75687501207,10192.190775227371
1787723641,279,,Aggregated,106.300000,0.000000,140,180,200,210,260,310,490,770,1900,3100,3400,46283,10,140,179.4312165237657,61.0312910284847,3431.75687501207,10192.767171531665
1787723642,279,,Aggregated,107.500000,0.000000,140,180,200,210,260,310,490,770,1900,3100,3400,46367,10,140,179.40226367629353,61.0312910284847,3431.75687501207,10192.596846895422
1787723643,279,,Aggregated,104.000000,0.000000,140,180,200,210,260,310,490,770,1900,3100,3400,46466,10,140,179.42136255020884,61.0312910284847,3431.75687501207,10191.772564886154
1787723644,279,,Aggregated,104.800000,0.000000,140,180,200,210,260,310,490,770,1900,3100,3400,46599,10,140,179.47108344171403,61.0312910284847,3431.75687501207,10192.309319942487
1787723645,279,,Aggregated,102.000000,0.000000,140,180,200,210,260,310,490,770,1900,3100,3400,46703,10,140,179.41111696262482,61.0312910284847,3431.75687501207,10192.78543134274
1787723646,279,,Aggregated,105.300000,0.000000,140,180,200,210,260,310,490,770,1900,3100,3400,46805,10,140,179.33932967900262,61.0312910284847,3431.75687501207,10192.297147740626
1787723647,279,,Aggregated,108.800000,0.000000,140,180,200,210,260,310,480,770,1900,3100,3400,46911,10,140,179.27962770180673,61.0312910284847,3431.75687501207,10192.0480697491
1787723648,279,,Aggregated,103.000000,0.000000,140,180,200,210,260,310,480,770,1900,3100,3400,47008,10,140,179.20947760402234,61.0312910284847,3431.75687501207,10193.004871511232
1787723649,279,,Aggregated,103.000000,0.000000,140,180,200,210,260,310,480,770,1900,3100,3400,47111,10,140,179.15260035335226,61.0312910284847,3431.75687501207,10194.85861051559
1787723650,279,,Aggregated,103.200000,0.000000,140,180,200,210,260,310,490,770,1900,3100,3400,47208,10,140,179.24664965061547,61.0312910284847,3431.75687501207,10194.74474665311
1787723651,279,,Aggregated,103.300000,0.000000,140,180,200,210,260,310,490,780,1900,3100,3400,47308,10,140,179.6036594646659,61.0312910284847,3431.75687501207,10192.694343451425
1787723652,279,,Aggregated,101.300000,0.000000,140,180,200,210,260,310,500,780,1900,3100,3400,47432,10,140,179.76938807232645,61.0312910284847,3431.75687501207,10196.079714117051
1787723653,279,,Aggregated,102.200000,0.000000,140,180,200,210,260,310,500,780,1900,3100,3400,47532,10,140,179.7317213825365,61.0312910284847,3431.75687501207,10197.60395102247
1787723654,279,,Aggregated,104.000000,0.000000,140,180,200,210,260,310,500,780,1900,3100,3400,47631,10,140,179.685323648747,61.0312910284847,3431.75687501207,10196.952803846234
1787723655,279,,Aggregated,106.200000,0.000000,140,180,200,210,260,310,490,780,1900,3100,3400,47739,10,140,179.6641595571003,61.0312910284847,3431.75687501207,10198.190305620143
1787723656,299,,Aggregated,102.700000,0.000000,140,180,200,210,260,310,490,780,1900,3100,3400,47884,10,140,179.7214382207535,61.0312910284847,3431.75687501207,10196.248726088046
1787723657,319,,Aggregated,101.900000,0.000000,140,180,200,210,260,310,490,780,1900,3100,3400,48045,10,140,179.87757279747552,61.0312910284847,3431.75687501207,10196.079196586534
1787723658,339,,Aggregated,106.200000,0.000000,140,180,200,210,260,310,490,780,1900,3100,3400,48199,10,140,179.90666639205898,61.0312910284847,3431.75687501207,10195.279258905786
1787723659,359,,Aggregated,111.600000,0.000000,140,180,200,210,260,310,490,780,1900,3100,3400,48365,10,140,179.96328759028242,61.0312910284847,3431.75687501207,10194.790261552776
1787723660,379,,Aggregated,117.000000,0.000000,140,180,200,210,260,310,490,780,1900,3100,3400,48543,10,140,180.44730022560105,61.0312910284847,3431.75687501207,10193.992233689718
1787723661,399,,Aggregated,122.800000,0.000000,140,180,200,210,260,310,490,780,1900,3100,3400,48704,10,140,180.51629201529423,61.0312910284847,3431.75687501207,10193.291351839685
1787723662,419,,Aggregated,128.300000,0.000000,140,180,200,210,260,320,500,780,1900,3100,3400,48866,10,140,180.8697050501702,61.0312910284847,3431.75687501207,10193.25704989154
1787723663,439,,Aggregated,140.200000,0.000000,140,180,200,210,270,320,520,800,1900,3100,3400,49104,10,140,182.17579234418022,61.0312910284847,3431.75687501207,10193.014703486479
1787723664,440,,Aggregated,142.100000,0.000000,140,180,200,210,270,320,520,790,1900,3100,3400,49249,10,140,182.0768641703028,61.0312910284847,3431.75687501207,10193.17606448862
1787723665,440,,Aggregated,149.100000,0.000000,140,180,200,210,270,320,520,790,1900,3100,3400,49403,10,140,182.13055092933985,61.0312910284847,3431.75687501207,10191.348642794972
1787723666,440,,Aggregated,161.000000,0.000000,140,180,200,210,270,320,520,790,1900,3100,3400,49572,10,140,182.1805675880197,61.0312910284847,3431.75687501207,10190.166202695069
1787723667,440,,Aggregated,163.800000,0.000000,140,180,200,210,270,320,520,790,1900,3100,3400,49731,10,140,182.09102935004265,61.0312910284847,3431.75687501207,10190.184150730933
1787723668,440,,Aggregated,166.200000,0.000000,140,180,200,210,270,320,520,790,1900,3100,3400,49903,10,140,182.0477535765683,61.0312910284847,3431.75687501207,10187.604693104622
1787723669,440,,Aggregated,168.900000,0.000000,140,180,200,210,270,320,520,790,1900,3100,3400,50082,10,140,182.03810602316346,61.0312910284847,3431.75687501207,10189.069885387964
1787723670,440,,Aggregated,169.300000,0.000000,140,180,200,210,260,320,520,790,1900,3100,3400,50236,10,140,181.98614579636217,61.0312910284847,3431.75687501207,10188.349152002547
1787723671,440,,Aggregated,168.900000,0.000000,140,180,200,210,260,320,510,790,1900,3100,3400,50402,10,140,181.9233794129986,61.0312910284847,3431.75687501207,10186.681183286377
1787723672,440,,Aggregated,172.400000,0.000000,140,180,200,210,260,320,510,790,1900,3100,3400,50566,10,140,181.84638547400124,61.0312910284847,3431.75687501207,10186.45732310248
1787723673,440,,Aggregated,166.700000,0.000000,140,180,200,210,260,320,510,790,1900,3100,3400,50731,10,140,181.77930718786413,61.0312910284847,3431.75687501207,10185.669649721078
1787723674,440,,Aggregated,168.300000,0.000000,140,180,200,210,260,320,510,790,1900,3100,3400,50907,10,140,181.69472829343542,61.0312910284847,3431.75687501207,10183.007071719017
1787723675,440,,Aggregated,166.300000,0.000000,140,180,200,210,260,320,510,780,1900,3100,3400,51066,10,140,181.71265020806624,61.0312910284847,3431.75687501207,10182.627012101986
1787723676,440,,Aggregated,163.100000,0.000000,140,180,200,210,260,320,510,790,1900,3100,3400,51242,10,140,181.87065172337645,61.0312910284847,3431.75687501207,10181.026111392997
1787723677,440,,Aggregated,165.900000,0.000000,140,180,200,210,260,320,510,780,1900,3100,3400,51389,10,140,181.8722608223234,61.0312910284847,3431.75687501207,10180.065597696004
1787723678,440,,Aggregated,165.700000,0.000000,140,180,200,210,270,320,510,780,1900,3100,3400,51539,10,140,181.93167201498764,61.0312910284847,3431.75687501207,10179.237528861639
1787723679,440,,Aggregated,163.900000,0.000000,140,180,200,210,260,320,510,780,1900,3100,3400,51721,10,140,181.85926161081832,61.0312910284847,3431.75687501207,10177.071112314146
1787723680,440,,Aggregated,163.300000,0.000000,150,180,200,210,270,320,510,780,1900,3100,3400,51883,10,150,181.93308974163807,61.0312910284847,3431.75687501207,10175.874756664032
1787723681,440,,Aggregated,164.100000,0.000000,150,180,200,210,260,320,510,780,1900,3100,3400,52012,10,150,181.88407905979773,61.0312910284847,3431.75687501207,10175.328616473122
1787723682,440,,Aggregated,162.700000,0.000000,150,180,200,210,270,320,510,780,1900,3100,3400,52235,10,150,182.36498734124368,61.0312910284847,3431.75687501207,10175.82923327271
1787723683,440,,Aggregated,163.200000,0.000000,150,180,200,210,270,320,510,780,1900,3100,3400,52393,10,150,182.32325668537072,61.0312910284847,3431.75687501207,10174.57484778501
1787723684,440,,Aggregated,162.900000,0.000000,150,180,200,210,270,320,510,780,1900,3100,3400,52531,10,150,182.25127496982728,61.0312910284847,3431.75687501207,10175.011345681598
1787723685,440,,Aggregated,165.300000,0.000000,150,180,200,220,270,320,520,790,1900,3100,3400,52726,10,150,182.81270312510014,61.0312910284847,3431.75687501207,10174.520786708645
1787723686,440,,Aggregated,163.900000,0.000000,150,180,200,220,270,320,520,790,1900,3100,3400,52883,10,150,182.85092922369466,61.0312910284847,3431.75687501207,10174.526747726113
1787723687,440,,Aggregated,162.100000,0.000000,150,180,200,220,270,320,520,790,1900,3100,3400,53077,10,150,182.8761674494859,61.0312910284847,3431.75687501207,10175.359571942648
1787723688,440,,Aggregated,165.400000,0.000000,150,180,200,220,270,320,520,790,1900,3100,3400,53225,10,150,182.95454133558755,61.0312910284847,3431.75687501207,10173.662620948802
1787723689,440,,Aggregated,165.300000,0.000000,150,180,200,220,270,330,520,790,1900,3100,3400,53381,10,150,183.41674937946132,61.0312910284847,3431.75687501207,10173.737003802851
1787723690,440,,Aggregated,166.400000,0.000000,150,180,200,220,270,330,520,790,1900,3100,3400,53525,10,150,183.94697902704138,61.0312910284847,3431.75687501207,10172.534198972442
1787723691,440,,Aggregated,164.300000,0.000000,150,190,200,220,270,330,520,790,1900,3100,3400,53704,10,150,184.23894386605338,61.0312910284847,3431.75687501207,10172.693858930434
1787723692,440,,Aggregated,163.000000,0.000000,150,190,200,220,270,330,520,790,1900,3100,3400,53843,10,150,184.30532445504647,61.0312910284847,3431.75687501207,10172.479189495385
1787723693,440,,Aggregated,163.600000,0.000000,150,190,200,220,270,330,530,790,1900,3100,3400,54013,10,150,184.5554846789243,61.0312910284847,3431.75687501207,10173.136411604613
1787723694,440,,Aggregated,164.300000,0.000000,150,190,200,220,270,330,530,790,1900,3100,3400,54200,10,150,184.71555779073336,61.0312910284847,3431.75687501207,10173.461383763837
1787723695,440,,Aggregated,160.800000,0.000000,150,190,200,220,270,330,530,790,1900,3100,3400,54308,10,150,184.7341837268988,61.0312910284847,3431.75687501207,10173.111401635118
1787723696,440,,Aggregated,164.100000,0.000000,150,190,200,220,270,340,540,800,1900,3100,3400,54524,10,150,185.43682047897593,61.0312910284847,3431.75687501207,10172.06200939036
1787723697,440,,Aggregated,164.700000,0.000000,150,190,200,220,270,340,540,800,1900,3100,3400,54687,10,150,185.38307107799716,61.0312910284847,3431.75687501207,10172.915500941723
1787723698,440,,Aggregated,158.300000,0.000000,150,190,200,220,270,340,540,800,1900,3100,3400,54857,10,150,185.36074003474727,61.0312910284847,3431.75687501207,10172.32872741856
1787723699,440,,Aggregated,163.200000,0.000000,150,190,200,220,270,340,530,800,1800,3100,3400,55010,10,150,185.28730766459185,61.0312910284847,3431.75687501207,10171.476695146337
1787723700,440,,Aggregated,161.700000,0.000000,150,190,200,220,270,340,530,800,1800,3100,3400,55137,10,150,185.24626724589098,61.0312910284847,3431.75687501207,10170.046139615866
1787723701,440,,Aggregated,163.400000,0.000000,150,190,200,220,270,340,530,790,1800,3100,3400,55320,10,150,185.3261256781986,61.0312910284847,3431.75687501207,10169.029898770788
1787723702,440,,Aggregated,162.900000,0.000000,150,190,210,220,270,340,530,790,1800,3100,3400,55460,10,150,185.46922127466033,61.0312910284847,3431.75687501207,10168.390984493328
1787723703,440,,Aggregated,160.600000,0.000000,150,190,210,220,270,340,540,800,1800,3100,3400,55622,11,150,186.0970459810306,61.0312910284847,3431.75687501207,10169.379166516846
1787723704,440,,Aggregated,160.900000,0.000000,150,190,210,220,280,340,540,800,1800,3100,3400,55776,11,150,186.56032160286009,61.0312910284847,3431.75687501207,10167.42889414802
1787723705,440,,Aggregated,159.600000,0.000000,150,190,210,220,280,350,540,800,1800,3100,3400,55932,11,150,187.04789844819376,61.0312910284847,3431.75687501207,10167.5197740113
1787723706,440,,Aggregated,156.600000,0.100000,150,190,210,220,280,350,550,800,1800,3100,3400,56073,11,150,187.49276129338705,61.0312910284847,3431.75687501207,10166.50953221693
1787723707,440,,Aggregated,156.400000,0.100000,150,190,210,220,280,350,550,800,1800,3100,3400,56267,11,150,187.99296528614522,61.0312910284847,3431.75687501207,10168.82808751133
1787723708,440,,Aggregated,157.800000,0.100000,150,190,210,220,280,350,550,800,1800,3100,3400,56416,11,150,188.19308467233688,61.0312910284847,3431.75687501207,10169.527634004538
1787723709,440,,Aggregated,154.900000,0.100000,150,190,210,220,280,350,560,800,1800,3100,3400,56535,11,150,188.48507186117698,61.0312910284847,3431.75687501207,10167.095215353322
1787723710,440,,Aggregated,156.500000,0.100000,150,190,210,220,280,360,560,810,1800,3100,3400,56729,11,150,188.83267620482417,61.0312910284847,3431.75687501207,10168.829187893318
1787723711,440,,Aggregated,153.500000,0.100000,150,190,210,220,280,360,560,810,1800,3100,3400,56878,11,150,188.78983712947195,61.0312910284847,3431.75687501207,10168.856359225008
1787723712,440,,Aggregated,155.100000,0.100000,150,190,210,220,280,360,560,810,1800,3100,3400,57060,11,150,188.93399195807365,61.0312910284847,3431.75687501207,10170.381090080617
1787723713,440,,Aggregated,157.700000,0.100000,150,190,210,220,280,360,550,810,1800,3100,3400,57208,11,150,188.85543973245535,61.0312910284847,3431.75687501207,10171.45103831632
1787723714,440,,Aggregated,155.300000,0.100000,150,190,210,220,280,350,550,800,1800,3100,3400,57385,11,150,188.83172429000058,61.0312910284847,3431.75687501207,10171.025529319508
1787723715,440,,Aggregated,159.300000,0.100000,150,190,210,220,280,350,550,800,1800,3100,3400,57552,11,150,188.87373311982125,61.0312910284847,3431.75687501207,10171.460505282179
1787723716,420,,Aggregated,157.500000,0.000000,150,190,210,220,280,350,550,800,1800,3100,3400,57744,11,150,188.92091620063835,61.0312910284847,3431.75687501207,10171.785120532004
1787723717,400,,Aggregated,160.600000,0.000000,150,190,210,220,280,350,550,800,1800,3100,3400,57878,11,150,188.8393789796897,61.0312910284847,3431.75687501207,10172.359359342065
1787723718,380,,Aggregated,164.100000,0.000000,150,190,210,220,280,350,550,800,1800,3100,3400,58020,11,150,188.83665619907282,61.0312910284847,3431.75687501207,10173.319941399517
1787723719,360,,Aggregated,163.100000,0.000000,150,190,210,220,280,350,550,800,1800,3100,3400,58155,11,150,188.8356219938225,61.0312910284847,3431.75687501207,10173.904221477087
1787723720,340,,Aggregated,160.700000,0.000000,150,190,210,220,280,350,550,800,1800,3100,3400,58284,11,150,188.81053404253407,61.0312910284847,3431.75687501207,10173.192865966646
1787723721,320,,Aggregated,160.300000,0.000000,150,190,210,220,280,350,550,800,1800,3100,3400,58401,11,150,188.78308314442887,61.0312910284847,3431.75687501207,10173.08099176384
1787723722,300,,Aggregated,157.100000,0.000000,150,190,210,220,280,350,550,800,1800,3100,3400,58518,11,150,188.75263864480056,61.0312910284847,3431.75687501207,10172.78346833453
1787723723,280,,Aggregated,152.200000,0.000000,150,190,210,220,280,350,550,800,1800,3100,3400,58629,11,150,188.67509941768134,61.0312910284847,3431.75687501207,10172.918504494362
1787723724,260,,Aggregated,149.800000,0.000000,150,190,210,220,280,350,550,800,1800,3100,3400,58712,11,150,188.62502094495846,61.0312910284847,3431.75687501207,10173.548439841941
1787723725,240,,Aggregated,143.400000,0.000000,150,190,210,220,280,350,550,800,1800,3100,3400,58818,11,150,188.6261337737589,61.0312910284847,3431.75687501207,10173.783127613995
1787723726,232,,Aggregated,139.800000,0.000000,150,190,210,220,280,350,550,800,1800,3100,3400,58894,11,150,188.58758848041018,61.0312910284847,3431.75687501207,10173.431334261555
1787723727,232,,Aggregated,129.700000,0.000000,150,190,210,220,280,350,550,800,1800,3100,3400,58999,11,150,188.57732633833328,61.0312910284847,3431.75687501207,10174.610569670673
1787723728,232,,Aggregated,122.200000,0.000000,150,190,210,220,280,350,550,800,1800,3100,3400,59077,11,150,188.51640012425582,61.0312910284847,3431.75687501207,10174.145301894137
1787723729,232,,Aggregated,114.300000,0.000000,150,190,210,220,280,350,540,800,1800,3100,3400,59148,11,150,188.4680799662418,61.0312910284847,3431.75687501207,10173.585074727802
1787723730,232,,Aggregated,109.700000,0.000000,150,190,210,220,280,350,540,800,1800,3100,3400,59218,11,150,188.45904868547888,61.0312910284847,3431.75687501207,10173.420716673983
1787723731,232,,Aggregated,103.200000,0.000000,150,190,210,220,280,350,550,810,1900,3100,3400,59345,11,150,189.2033672939422,61.0312910284847,3431.75687501207,10175.021467688937
1787723732,232,,Aggregated,98.200000,0.000000,150,190,210,220,280,350,550,810,1900,3100,3400,59433,11,150,189.1693223738391,61.0312910284847,3431.75687501207,10175.29392761597
1787723733,232,,Aggregated,93.800000,0.000000,150,190,210,220,280,350,550,810,1900,3100,3400,59508,11,150,189.13565917575536,61.0312910284847,3431.75687501207,10175.631713383074
1787723734,232,,Aggregated,93.300000,0.000000,150,190,210,220,280,350,550,810,1900,3100,3400,59602,11,150,189.10290310778961,61.0312910284847,3431.75687501207,10175.801533505588
1787723735,232,,Aggregated,91.000000,0.000000,150,190,210,220,280,350,550,810,1900,3100,3400,59690,11,150,189.03623959942445,61.0312910284847,3431.75687501207,10175.200670129
1787723736,232,,Aggregated,87.600000,0.000000,150,190,210,220,280,350,550,800,1900,3100,3400,59772,11,150,189.06397731417036,61.0312910284847,3431.75687501207,10174.699675433314
1787723737,232,,Aggregated,88.200000,0.000000,150,190,210,220,280,350,550,800,1900,3100,3400,59853,11,150,189.04783476701502,61.0312910284847,3431.75687501207,10175.233355053213
1787723738,232,,Aggregated,86.300000,0.000000,150,190,210,220,280,350,550,800,1900,3100,3400,59946,11,150,188.99560679775638,61.0312910284847,3431.75687501207,10175.518199713075
1787723739,232,,Aggregated,86.200000,0.000000,150,190,210,220,280,350,550,800,1900,3000,3400,60030,11,150,188.9610979721757,61.0312910284847,3431.75687501207,10175.096018657337
1787723740,232,,Aggregated,84.900000,0.000000,150,190,210,220,280,350,550,800,1900,3000,3400,60135,11,150,188.9583055205179,61.0312910284847,3431.75687501207,10175.834422549264
1787723741,232,,Aggregated,87.000000,0.000000,150,190,210,220,280,350,550,800,1900,3000,3400,60210,11,150,188.94709355267528,61.0312910284847,3431.75687501207,10175.978674638764
1787723742,232,,Aggregated,87.500000,0.000000,150,190,210,220,280,350,550,800,1900,3000,3400,60302,11,150,188.92295597449805,61.0312910284847,3431.75687501207,10176.013963052636
1787723743,232,,Aggregated,90.700000,0.000000,150,190,210,220,280,350,550,800,1900,3000,3400,60396,11,150,188.890115607898,61.0312910284847,3431.75687501207,10176.632028611166
1787723744,232,,Aggregated,86.100000,0.000000,150,190,210,220,280,350,550,800,1900,3000,3400,60488,11,150,188.91146834501217,61.0312910284847,3431.75687501207,10176.287941409866
1787723745,232,,Aggregated,86.600000,0.000000,150,190,210,220,280,350,550,800,1900,3000,3400,60561,11,150,188.9285830457782,61.0312910284847,3431.75687501207,10177.695596175756
1787723746,232,,Aggregated,87.800000,0.000000,150,190,210,220,280,350,550,800,1900,3000,3400,60641,11,150,188.88969156941235,61.0312910284847,3431.75687501207,10176.87734371135
1787723747,232,,Aggregated,87.800000,0.000000,150,190,210,220,280,350,550,800,1900,3000,3400,60739,11,150,188.8709481758743,61.0312910284847,3431.75687501207,10176.933897495843
1787723748,232,,Aggregated,87.100000,0.000000,150,190,210,220,280,350,550,800,1900,3000,3400,60829,11,150,188.82746274199008,61.0312910284847,3431.75687501207,10176.519110950368
1787723749,232,,Aggregated,86.700000,0.000000,150,190,210,220,280,350,540,800,1900,3000,3400,60923,11,150,188.78984313548077,61.0312910284847,3431.75687501207,10177.266369023193
1787723750,232,,Aggregated,88.500000,0.000000,150,190,210,220,280,350,540,800,1900,3000,3400,61007,11,150,188.75123626118636,61.0312910284847,3431.75687501207,10177.489075024178
1787723751,232,,Aggregated,88.100000,0.000000,150,190,210,220,280,350,540,800,1900,3000,3400,61104,11,150,188.72275608792316,61.0312910284847,3431.75687501207,10179.278115998952
1787723752,232,,Aggregated,89.000000,0.000000,150,190,210,220,280,350,540,800,1900,3000,3400,61181,11,150,188.69805551893862,61.0312910284847,3431.75687501207,10179.118582566483
1787723753,232,,Aggregated,86.600000,0.000000,150,190,210,220,280,350,540,800,1900,3000,3400,61254,11,150,188.68583820304775,61.0312910284847,3431.75687501207,10179.153263460346
1787723754,232,,Aggregated,88.500000,0.000000,150,190,210,220,280,350,540,800,1900,3000,3400,61345,11,150,188.64975665966276,61.0312910284847,3431.75687501207,10178.707115494335
1787723756,232,,Aggregated,87.000000,0.000000,150,190,210,220,280,350,540,800,1900,3000,3400,61433,11,150,188.64090984208215,61.0312910284847,3431.75687501207,10179.073201699412
1787723757,232,,Aggregated,85.300000,0.000000,150,190,210,220,280,350,540,800,1900,3000,3400,61519,11,150,188.58318561132776,61.0312910284847,3431.75687501207,10178.482826443862
1787723758,232,,Aggregated,86.500000,0.000000,150,190,210,220,280,350,540,800,1900,3000,3400,61610,11,150,188.52033725113353,61.0312910284847,3431.75687501207,10177.631293621165
1787723759,232,,Aggregated,87.200000,0.000000,150,190,210,220,280,350,540,790,1900,3000,3400,61718,11,150,188.49164391467707,61.0312910284847,3431.75687501207,10179.060987070223
1787723760,232,,Aggregated,85.600000,0.000000,150,190,210,220,280,350,540,790,1900,3000,3400,61801,11,150,188.4475212638848,61.0312910284847,3431.75687501207,10178.9346288895
1787723761,232,,Aggregated,85.600000,0.000000,150,190,210,220,280,350,540,790,1900,3000,3400,61876,11,150,188.40631623263394,61.0312910284847,3431.75687501207,10178.337465253087
1787723762,232,,Aggregated,87.400000,0.000000,150,190,210,220,280,350,540,790,1900,3000,3400,61965,11,150,188.34217808634028,61.0312910284847,3431.75687501207,10178.020430888404
1787723763,232,,Aggregated,86.400000,0.000000,150,190,210,220,280,350,540,790,1900,3000,3400,62053,11,150,188.30980009615942,61.0312910284847,3431.75687501207,10177.76921341434
1787723764,232,,Aggregated,86.000000,0.000000,150,190,210,220,280,350,540,800,1900,3000,3400,62150,11,150,188.36686659364176,61.0312910284847,3431.75687501207,10176.72074014481
1787723765,232,,Aggregated,86.700000,0.000000,150,190,210,220,280,350,540,800,1900,3000,3400,62242,11,150,188.3117665296973,61.0312910284847,3431.75687501207,10176.578949905208
1787723766,232,,Aggregated,89.300000,0.000000,150,190,210,220,280,350,540,790,1900,3000,3400,62335,11,150,188.26484642527325,61.0312910284847,3431.75687501207,10176.69384775808
1787723767,232,,Aggregated,89.200000,0.000000,150,190,210,220,280,350,540,790,1900,3000,3400,62429,11,150,188.23098432821644,61.0312910284847,3431.75687501207,10176.673901552163
1787723768,232,,Aggregated,89.300000,0.000000,150,190,210,220,280,350,540,790,1900,3000,3400,62528,11,150,188.190781462613,61.0312910284847,3431.75687501207,10176.490068449335
1787723769,232,,Aggregated,89.700000,0.000000,150,190,210,220,280,350,540,790,1900,3000,3400,62617,12,150,188.15314527337299,61.0312910284847,3431.75687501207,10176.82134244694
1787723770,232,,Aggregated,91.200000,0.000000,150,190,210,220,280,350,540,790,1900,3000,3400,62704,12,150,188.10747316815463,61.0312910284847,3431.75687501207,10176.427580377647
1787723771,232,,Aggregated,89.100000,0.100000,150,190,210,220,280,350,540,790,1900,3000,3400,62795,12,150,188.06459203743105,61.0312910284847,3431.75687501207,10176.48968866948
1787723772,232,,Aggregated,89.100000,0.100000,150,190,210,220,280,350,540,790,1900,3000,3400,62888,12,150,188.0117902586229,61.0312910284847,3431.75687501207,10175.814002671415
1787723773,232,,Aggregated,90.900000,0.100000,150,190,210,220,280,350,540,790,1900,3000,3400,62987,12,150,187.9915682613875,61.0312910284847,3431.75687501207,10177.022623716004
1787723774,232,,Aggregated,91.300000,0.100000,150,190,210,220,280,350,540,790,1900,3000,3400,63090,12,150,187.95803343297572,61.0312910284847,3431.75687501207,10177.642574100491
1787723775,232,,Aggregated,92.900000,0.100000,150,190,210,220,280,350,540,790,1900,3000,3400,63164,12,150,187.90640941498046,61.0312910284847,3431.75687501207,10177.899262237983
1787723776,232,,Aggregated,93.100000,0.100000,150,190,210,220,280,350,540,790,1900,3000,3400,63253,12,150,187.88004419344458,61.0312910284847,3431.75687501207,10177.819091584588
1787723777,212,,Aggregated,91.900000,0.100000,150,190,210,220,280,350,540,790,1900,3000,3400,63332,12,150,187.83423119744708,61.0312910284847,3431.75687501207,10177.510563380281
1787723778,205,,Aggregated,91.600000,0.100000,150,190,210,220,280,350,540,790,1900,3000,3400,63413,12,150,187.8239910447174,61.0312910284847,3431.75687501207,10177.674956239256
1787723779,205,,Aggregated,90.900000,0.100000,150,190,210,220,280,350,540,790,1900,3000,3400,63508,12,150,187.8123151872772,61.0312910284847,3431.75687501207,10177.363009384644
1787723780,205,,Aggregated,88.700000,0.100000,150,190,210,220,280,350,540,790,1900,3000,3400,63580,12,150,187.77313020022322,61.0312910284847,3431.75687501207,10177.13027681661
1787723781,205,,Aggregated,88.500000,0.000000,150,190,210,220,280,350,540,790,1900,3000,3400,63662,12,150,187.7468202344031,61.0312910284847,3431.75687501207,10177.990119694638
1787723782,205,,Aggregated,87.300000,0.000000,150,190,210,220,280,350,540,790,1900,3000,3400,63736,14,150,187.70938295423318,61.0312910284847,3431.75687501207,10177.499544998118
1787723783,205,,Aggregated,86.500000,0.000000,150,190,210,220,280,350,540,790,1900,3000,3400,63820,14,150,187.6878758091373,61.0312910284847,3431.75687501207,10177.022422438107
1787723784,205,,Aggregated,84.300000,0.200000,150,190,210,220,280,350,530,790,1900,3000,3400,63903,14,150,187.6624326513329,61.0312910284847,3431.75687501207,10176.760590269627
1787723785,205,,Aggregated,82.800000,0.200000,150,190,210,220,280,350,530,790,1900,3000,3400,63963,14,150,187.63344831273258,61.0312910284847,3431.75687501207,10176.722964839048
1787723786,205,,Aggregated,80.700000,0.200000,150,190,210,220,280,350,530,790,1900,3000,3400,64055,14,150,187.5874068698409,61.0312910284847,3431.75687501207,10177.116556084615
1787723787,205,,Aggregated,79.400000,0.200000,150,190,210,220,280,350,530,790,1900,3000,3400,64136,14,150,187.53196769772907,61.0312910284847,3431.75687501207,10177.170076088312
1787723788,205,,Aggregated,80.100000,0.200000,150,190,210,220,280,350,530,790,1900,3000,3400,64208,14,150,187.48404762010463,61.0312910284847,3431.75687501207,10177.314976326938
1787723789,205,,Aggregated,79.400000,0.200000,150,190,210,220,280,350,530,790,1900,3000,3400,64284,14,150,187.45127365814804,61.0312910284847,3431.75687501207,10177.557417086678
1787723790,205,,Aggregated,79.100000,0.200000,150,190,210,220,280,340,530,790,1900,3000,3400,64366,14,150,187.4136935346913,61.0312910284847,3431.75687501207,10177.484727961968
1787723791,205,,Aggregated,77.200000,0.200000,150,190,210,220,280,340,530,790,1900,3000,3400,64443,14,150,187.374594399542,61.0312910284847,3431.75687501207,10177.824170196918
1787723792,205,,Aggregated,78.200000,0.200000,150,190,210,220,280,340,530,790,1900,3000,3400,64528,14,150,187.32686838415452,61.0312910284847,3431.75687501207,10177.861207537813
1787723793,205,,Aggregated,77.200000,0.200000,150,190,210,220,280,340,530,790,1900,3000,3400,64574,14,150,187.30533109060724,61.0312910284847,3431.75687501207,10178.226468857434
1787723794,205,,Aggregated,79.100000,0.000000,150,190,210,220,280,340,530,780,1900,3000,3400,64672,14,150,187.25804172684286,61.0312910284847,3431.75687501207,10177.93797934191
1787723795,205,,Aggregated,75.500000,0.000000,150,190,210,220,280,340,530,780,1900,3000,3400,64758,14,150,187.2101394759634,61.0312910284847,3431.75687501207,10177.789524074245
1787723796,205,,Aggregated,76.000000,0.000000,150,190,210,220,280,340,530,780,1900,3000,3400,64838,14,150,187.15628457748255,61.0312910284847,3431.75687501207,10177.457848792375
1787723797,205,,Aggregated,78.100000,0.000000,150,190,210,220,280,340,530,780,1900,3000,3400,64912,14,150,187.1209263126835,61.0312910284847,3431.75687501207,10177.343988784816
1787723798,205,,Aggregated,77.600000,0.000000,150,190,210,220,280,340,530,780,1900,3000,3400,64995,14,150,187.08133762360595,61.0312910284847,3431.75687501207,10178.08280636972
1787723799,205,,Aggregated,77.500000,0.000000,150,190,210,220,280,340,530,780,1900,3000,3400,65067,14,150,187.0442487687318,61.0312910284847,3431.75687501207,10178.166904882659
1787723800,205,,Aggregated,77.200000,0.000000,150,190,210,220,280,340,530,780,1900,3000,3400,65152,21,150,187.04635559997465,60.86750002577901,3431.75687501207,10178.04903916994
1787723801,205,,Aggregated,78.600000,0.000000,150,190,210,220,280,340,530,780,1900,3000,3400,65237,21,150,186.99981599024724,60.86750002577901,3431.75687501207,10178.345325505465
1787723802,205,,Aggregated,77.000000,0.000000,150,190,210,220,280,340,530,780,1900,3000,3400,65298,21,150,186.96579816574396,60.86750002577901,3431.75687501207,10177.696851358387
1787723803,205,,Aggregated,78.800000,0.700000,150,190,210,220,280,340,530,780,1900,3000,3400,65387,21,150,186.92803733031423,60.86750002577901,3431.75687501207,10177.809809289309
1787723804,205,,Aggregated,76.200000,0.700000,150,190,210,220,280,340,530,780,1900,3000,3400,65463,21,150,186.88065546189443,60.86750002577901,3431.75687501207,10177.099094144784
1787723805,205,,Aggregated,79.200000,0.700000,150,190,210,220,280,340,530,780,1900,3000,3400,65548,21,150,186.84342914663472,60.86750002577901,3431.75687501207,10176.939647281382
1787723806,205,,Aggregated,79.100000,0.700000,150,190,210,220,280,340,530,780,1900,3000,3400,65619,21,150,186.80286921658865,60.86750002577901,3431.75687501207,10176.643792194334
1787723807,205,,Aggregated,79.000000,0.700000,150,190,210,220,280,340,530,780,1900,3000,3400,65689,21,150,186.76627975316535,60.86750002577901,3431.75687501207,10176.445143022424
1787723808,205,,Aggregated,77.100000,0.700000,150,190,210,220,280,340,530,780,1900,3000,3400,65775,21,150,186.73865604394547,60.86750002577901,3431.75687501207,10176.955074116306
1787723809,205,,Aggregated,76.900000,0.700000,150,190,210,220,280,340,530,780,1900,3000,3400,65851,21,150,186.71061288432045,60.86750002577901,3431.75687501207,10176.743572610894
1787723810,205,,Aggregated,77.700000,0.700000,150,190,210,220,280,340,530,780,1900,3000,3400,65943,21,150,186.66872140142016,60.86750002577901,3431.75687501207,10177.718726779189
1787723811,205,,Aggregated,77.100000,0.700000,150,190,210,220,280,340,530,780,1800,3000,3400,66008,21,150,186.62169385265187,60.86750002577901,3431.75687501207,10177.046767058539
1787723812,205,,Aggregated,78.800000,0.700000,150,190,210,220,280,340,530,780,1800,3000,3400,66073,21,150,186.5807843419653,60.86750002577901,3431.75687501207,10176.986620858746
1787723813,205,,Aggregated,77.100000,0.000000,150,190,210,220,280,340,530,780,1800,3000,3400,66154,21,150,186.5360606304863,60.86750002577901,3431.75687501207,10176.296293496991
1787723814,205,,Aggregated,78.500000,0.000000,150,190,210,220,280,340,520,780,1800,3000,3400,66227,21,150,186.5072340862789,60.86750002577901,3431.75687501207,10176.232775152128
1787723815,205,,Aggregated,76.400000,0.000000,150,190,210,220,280,340,520,780,1800,3000,3400,66289,21,150,186.47706391828822,60.86750002577901,3431.75687501207,10175.77770067432
1787723816,205,,Aggregated,75.900000,0.000000,150,190,210,220,280,340,520,780,1800,3000,3400,66372,21,150,186.4325172455046,60.86750002577901,3431.75687501207,10175.971147471826
1787723817,205,,Aggregated,74.600000,0.000000,150,190,210,220,280,340,520,780,1800,3000,3400,66459,21,150,186.39962450892236,60.86750002577901,3431.75687501207,10176.462315111572
1787723818,205,,Aggregated,74.600000,0.000000,150,190,210,220,280,340,520,780,1800,3000,3400,66539,21,150,186.35732336722896,60.86750002577901,3431.75687501207,10177.39955514811
1787723819,205,,Aggregated,75.100000,0.000000,150,190,210,220,280,340,520,770,1800,3000,3400,66613,21,150,186.3525337251253,60.86750002577901,3431.75687501207,10178.094621170041
1787723820,205,,Aggregated,76.700000,0.000000,150,190,210,220,280,340,520,770,1800,3000,3400,66698,21,150,186.30917878462523,60.86750002577901,3431.75687501207,10177.930942457046
1787723821,205,,Aggregated,75.700000,0.000000,150,190,210,220,280,340,520,770,1800,3000,3400,66779,21,150,186.25638962209226,60.86750002577901,3431.75687501207,10177.316416837628
1787723822,205,,Aggregated,75.300000,0.000000,150,190,210,220,280,340,520,770,1800,3000,3400,66857,21,150,186.20503867506102,60.86750002577901,3431.75687501207,10176.733116951105
1787723823,205,,Aggregated,75.500000,0.000000,150,190,210,220,280,340,520,770,1800,3000,3400,66937,21,150,186.16257266886595,60.86750002577901,3431.75687501207,10176.366971928828
1787723824,205,,Aggregated,76.700000,0.000000,150,190,210,220,280,340,520,770,1800,3000,3400,67025,21,150,186.12784336227958,60.86750002577901,3431.75687501207,10176.612338679597
1787723825,205,,Aggregated,77.900000,0.000000,150,190,210,220,280,340,520,770,1800,3000,3400,67103,21,150,186.08108144537803,60.86750002577901,3431.75687501207,10176.968570704737
1787723826,205,,Aggregated,78.700000,0.000000,150,190,210,220,280,340,520,770,1800,3000,3400,67184,21,150,186.03493973918893,60.86750002577901,3431.75687501207,10177.489238509168
1787723827,205,,Aggregated,78.400000,0.000000,150,190,210,220,280,340,520,770,1800,3000,3400,67256,21,150,185.99926137541928,60.86750002577901,3431.75687501207,10177.186585583442
1787723828,205,,Aggregated,80.600000,0.000000,150,190,210,220,280,340,520,770,1800,3000,3400,67325,21,150,185.96052366544725,60.86750002577901,3431.75687501207,10176.95260304493
1787723829,205,,Aggregated,80.400000,0.000000,150,190,210,220,280,340,520,770,1800,3000,3400,67405,21,150,185.93154886615395,60.86750002577901,3431.75687501207,10176.744410652029
1787723830,205,,Aggregated,78.100000,0.000000,150,190,210,220,280,340,520,770,1800,3000,3400,67488,21,150,185.90709106725794,60.86750002577901,3431.75687501207,10176.287399241346
1787723831,205,,Aggregated,78.800000,0.000000,150,190,210,220,280,340,520,770,1800,3000,3400,67564,21,150,185.8637814797811,60.86750002577901,3431.75687501207,10176.678231010597
1787723832,205,,Aggregated,78.000000,0.000000,150,190,210,220,280,340,520,770,1800,3000,3400,67652,21,150,185.81316374827418,60.86750002577901,3431.75687501207,10176.828342103707
1787723833,205,,Aggregated,80.000000,0.000000,150,190,210,220,280,340,520,770,1800,3000,3400,67727,21,150,185.7724438564488,60.86750002577901,3431.75687501207,10177.367091411106
1787723834,205,,Aggregated,78.200000,0.000000,150,190,210,220,280,340,520,770,1800,3000,3400,67808,21,150,185.7258102789977,60.86750002577901,3431.75687501207,10177.712187352525
1787723835,205,,Aggregated,78.400000,0.000000,150,190,210,220,280,340,520,770,1800,3000,3400,67886,21,150,185.68257680182404,60.86750002577901,3431.75687501207,10177.14979524497
1787723836,216,,Aggregated,78.300000,0.000000,150,190,210,220,280,340,520,770,1800,3000,3400,67990,21,150,185.65861691317312,60.86750002577901,3431.75687501207,10177.226974555082
1787723837,216,,Aggregated,79.000000,0.000000,150,190,210,220,280,340,520,770,1800,3000,3400,68086,21,150,185.60879501862996,60.86750002577901,3431.75687501207,10176.829495050377
1787723838,216,,Aggregated,79.900000,0.000000,150,190,210,220,280,340,520,770,1800,3000,3400,68159,21,150,185.56158014675268,60.86750002577901,3431.75687501207,10176.923267653574
1787723839,216,,Aggregated,80.200000,0.000000,150,190,210,220,270,340,520,770,1800,3000,3400,68232,21,150,185.52422322640135,60.86750002577901,3431.75687501207,10176.930824246689
1787723840,216,,Aggregated,82.300000,0.000000,150,190,210,220,270,340,520,770,1800,3000,3400,68323,21,150,185.48360107165712,60.86750002577901,3431.75687501207,10177.48601495836
1787723841,216,,Aggregated,81.900000,0.000000,150,190,210,220,270,340,520,770,1800,3000,3400,68402,21,150,185.437125007004,60.86750002577901,3431.75687501207,10177.68239232771
1787723842,216,,Aggregated,82.900000,0.000000,150,190,210,220,270,340,510,770,1800,3000,3400,68490,21,150,185.4310301172444,60.86750002577901,3431.75687501207,10177.511359322529
1787723843,216,,Aggregated,81.300000,0.000000,150,190,210,220,270,340,510,770,1800,3000,3400,68561,21,150,185.40667970890019,60.86750002577901,3431.75687501207,10178.043129475942
1787723844,216,,Aggregated,83.000000,0.000000,150,190,210,220,270,340,510,770,1800,3000,3400,68637,21,150,185.36897261954718,60.86750002577901,3431.75687501207,10178.006162856767
1787723845,216,,Aggregated,83.700000,0.000000,150,190,210,220,270,340,510,760,1800,3000,3400,68716,21,150,185.32695620657412,60.86750002577901,3431.75687501207,10177.304703416963
1787723846,216,,Aggregated,82.400000,0.000000,150,190,210,220,270,340,510,760,1800,3000,3400,68824,21,150,185.33451304144938,60.86750002577901,3431.75687501207,10178.096172846681
1787723847,216,,Aggregated,82.600000,0.000000,150,190,210,220,270,340,510,760,1800,3000,3400,68902,21,150,185.31494955057278,60.86750002577901,3431.75687501207,10178.92514005399
1787723848,216,,Aggregated,80.900000,0.000000,150,190,210,220,270,340,510,760,1800,3000,3400,68969,21,150,185.28702638405062,60.86750002577901,3431.75687501207,10178.662051066422
1787723849,216,,Aggregated,84.400000,0.000000,150,190,210,220,270,340,510,760,1800,3000,3400,69059,21,150,185.253532861139,60.86750002577901,3431.75687501207,10179.340187376012
1787723850,216,,Aggregated,81.600000,0.000000,150,190,210,220,270,340,510,760,1800,3000,3400,69155,21,150,185.22754810121836,60.86750002577901,3431.75687501207,10179.686964066228
1787723851,216,,Aggregated,81.600000,0.000000,150,190,210,220,270,340,510,760,1800,3000,3400,69241,21,150,185.1885833648827,60.86750002577901,3431.75687501207,10179.993616498896
1787723852,216,,Aggregated,82.800000,0.000000,150,190,210,220,270,340,510,760,1800,3000,3400,69328,21,150,185.13587113037104,60.86750002577901,3431.75687501207,10180.796056427418
1787723853,216,,Aggregated,83.600000,0.000000,150,190,210,220,270,340,510,760,1800,3000,3400,69402,21,150,185.09164650777885,60.86750002577901,3431.75687501207,10180.267413042851
1787723854,216,,Aggregated,83.500000,0.000000,150,190,210,220,270,340,510,760,1800,3000,3400,69480,21,150,185.04714753665286,60.86750002577901,3431.75687501207,10179.972610823259
1787723855,216,,Aggregated,83.400000,0.000000,150,190,210,220,270,340,510,760,1800,3000,3400,69550,21,150,185.02767154105652,60.86750002577901,3431.75687501207,10179.6183465133
1787723856,216,,Aggregated,84.200000,0.000000,150,190,210,220,270,340,510,760,1800,3000,3400,69625,21,150,184.9986677027142,60.86750002577901,3431.75687501207,10180.576287253141
1787723857,216,,Aggregated,82.800000,0.000000,150,190,210,220,270,340,510,760,1800,3000,3400,69700,21,150,184.97579782420217,60.86750002577901,3431.75687501207,10180.691276901005
1787723858,216,,Aggregated,83.000000,0.000000,150,190,210,220,270,340,510,760,1800,3000,3400,69781,21,150,184.93636011561375,60.86750002577901,3431.75687501207,10181.180564910219
1787723859,216,,Aggregated,78.000000,0.000000,150,190,210,220,270,340,510,760,1800,3000,3400,69861,21,150,184.89074661376966,60.86750002577901,3431.75687501207,10181.94885558466
1787723860,216,,Aggregated,80.000000,0.000000,150,190,210,220,270,340,510,760,1800,3000,3400,69937,21,150,184.8759859858359,60.86750002577901,3431.75687501207,10182.289460514463
1787723861,216,,Aggregated,80.100000,0.000000,150,190,210,220,270,340,510,760,1800,3000,3400,69999,21,150,184.8421492416675,60.86750002577901,3431.75687501207,10182.267389534136
1787723862,216,,Aggregated,79.000000,0.000000,150,190,210,220,270,340,520,780,1900,2900,3400,70100,21,150,185.68799617302375,60.86750002577901,3431.75687501207,10182.42661911555
1787723863,216,,Aggregated,77.200000,0.000000,150,190,210,220,270,340,520,780,1900,2900,3400,70185,21,150,185.77711143621272,60.86750002577901,3431.75687501207,10183.394258032344
1787723864,216,,Aggregated,74.100000,0.000000,150,190,210,220,270,340,520,780,1900,2900,3400,70265,21,150,185.74698345706776,60.86750002577901,3431.75687501207,10183.469465594535
1787723865,216,,Aggregated,78.800000,0.000000,150,190,210,220,270,340,520,780,1900,2900,3400,70344,21,150,185.71643893260205,60.86750002577901,3431.75687501207,10184.112092005003
1787723866,216,,Aggregated,77.500000,0.000000,150,190,210,220,270,340,520,780,1900,2900,3400,70408,21,150,185.79893275662613,60.86750002577901,3431.75687501207,10184.035436314056
1787723867,216,,Aggregated,79.400000,0.000000,150,190,210,220,270,340,520,780,1900,2900,3400,70480,21,150,185.84394595019478,60.86750002577901,3431.75687501207,10182.379242338253
1787723868,216,,Aggregated,78.300000,0.000000,150,190,210,220,270,340,520,790,1900,2900,3400,70577,21,150,186.00383558482932,60.86750002577901,3431.75687501207,10183.634101761198
1787723869,216,,Aggregated,78.300000,0.000000,150,190,210,220,270,340,520,790,1900,2900,3400,70653,21,150,185.967886341586,60.86750002577901,3431.75687501207,10183.52811628664
1787723870,216,,Aggregated,79.000000,0.000000,150,190,210,220,270,340,520,790,1900,2900,3400,70741,21,150,185.9273428213623,60.86750002577901,3431.75687501207,10183.781314937589
1787723871,216,,Aggregated,79.800000,0.000000,150,190,210,220,270,340,520,790,1900,2900,3400,70822,21,150,185.88365455629975,60.86750002577901,3431.75687501207,10184.692186043885
1787723872,216,,Aggregated,79.000000,0.000000,150,190,210,220,270,340,520,780,1900,2900,3400,70901,21,150,185.83479828613991,60.86750002577901,3431.75687501207,10184.366003300376
1787723873,216,,Aggregated,80.400000,0.000000,150,190,210,220,270,340,520,780,1900,2900,3400,70980,21,150,185.80469522572002,60.86750002577901,3431.75687501207,10184.353000845309
1787723874,216,,Aggregated,83.300000,0.000000,150,190,210,220,270,340,520,780,1900,2900,3400,71055,21,150,185.7706591818769,60.86750002577901,3431.75687501207,10184.794511294069
1787723875,216,,Aggregated,79.600000,0.000000,150,190,210,220,270,340,520,780,1900,2900,3400,71153,21,150,185.7543850787709,60.86750002577901,3431.75687501207,10184.546217306368
1787723876,216,,Aggregated,78.900000,0.000000,150,190,210,220,270,340,520,780,1900,2900,3400,71235,21,150,185.71785309494095,60.86750002577901,3431.75687501207,10184.613883624623
1787723877,216,,Aggregated,78.700000,0.000000,150,190,210,220,270,340,520,780,1900,2900,3400,71315,21,150,185.7064019018663,60.86750002577901,3431.75687501207,10185.282030428381
1787723878,216,,Aggregated,82.500000,0.000000,150,190,210,220,270,340,520,780,1900,2900,3400,71394,21,150,185.68118937467173,60.86750002577901,3431.75687501207,10185.985657058016
1787723879,216,,Aggregated,82.400000,0.000000,150,190,210,220,270,340,520,780,1900,2900,3400,71459,21,150,185.77684238519618,60.86750002577901,3431.75687501207,10185.333659860898
1787723880,216,,Aggregated,81.900000,0.000000,150,190,210,220,270,340,520,780,1900,2900,3400,71567,21,150,185.77328387975072,60.86750002577901,3431.75687501207,10185.706247292746
1787723881,216,,Aggregated,80.200000,0.000000,150,190,210,220,270,340,520,780,1900,2900,3400,71653,21,150,185.73699929587386,60.86750002577901,3431.75687501207,10186.29219990789
1787723882,216,,Aggregated,81.900000,0.000000,150,190,210,220,270,340,520,780,1900,2900,3400,71738,21,150,185.6987935897946,60.86750002577901,3431.75687501207,10186.545791630657
1787723883,216,,Aggregated,82.400000,0.000000,150,190,210,220,270,340,520,780,1900,2900,3400,71814,21,150,185.65902821763868,60.86750002577901,3431.75687501207,10186.757233965522
1787723884,216,,Aggregated,83.200000,0.000000,150,190,210,220,270,340,520,780,1900,2900,3400,71897,21,150,185.63081760029135,60.86750002577901,3431.75687501207,10186.776457988512
1787723885,216,,Aggregated,82.200000,0.000000,150,190,210,220,270,340,520,780,1900,2900,3400,71980,21,150,185.56656296028623,60.86750002577901,3431.75687501207,10186.314378994164
1787723886,216,,Aggregated,83.300000,0.000000,150,190,210,220,270,340,520,780,1900,2900,3400,72072,21,150,185.51231451832177,60.86750002577901,3431.75687501207,10186.835525585526
1787723887,216,,Aggregated,84.100000,0.000000,150,190,210,220,270,340,520,780,1900,2900,3400,72139,21,150,185.48941893904214,60.86750002577901,3431.75687501207,10187.57296330695
1787723888,216,,Aggregated,80.900000,0.000000,150,190,210,220,270,340,520,780,1900,2900,3400,72221,21,150,185.44756857098204,60.86750002577901,3431.75687501207,10187.420348652055
1787723889,216,,Aggregated,83.500000,0.000000,150,190,210,220,270,340,520,780,1900,2900,3400,72306,21,150,185.41633517582716,60.86750002577901,3431.75687501207,10188.200260006086
1787723890,216,,Aggregated,81.800000,0.000000,150,190,210,220,270,340,520,780,1900,2900,3400,72395,21,150,185.37070881186838,60.86750002577901,3431.75687501207,10187.596173768907
1787723891,216,,Aggregated,84.300000,0.000000,150,190,210,220,270,340,520,780,1900,2900,3400,72479,21,150,185.33297069632235,60.86750002577901,3431.75687501207,10187.903268532955
1787723892,216,,Aggregated,82.300000,0.000000,150,190,210,220,270,340,520,780,1900,2900,3400,72552,21,150,185.30628219371854,60.86750002577901,3431.75687501207,10188.439932737898
1787723893,216,,Aggregated,82.700000,0.000000,150,190,210,220,270,340,520,780,1900,2900,3400,72634,21,150,185.2497704055457,60.86750002577901,3431.75687501207,10187.728391662307
1787723894,216,,Aggregated,80.800000,0.000000,150,190,210,220,270,340,520,780,1900,2900,3400,72709,21,150,185.20673540714782,60.86750002577901,3431.75687501207,10187.399441609705
1787723895,216,,Aggregated,81.000000,0.000000,150,190,210,220,270,340,520,780,1900,2900,3400,72805,21,150,185.16672551120885,60.86750002577901,3431.75687501207,10188.031426413021
1787723896,196,,Aggregated,81.500000,0.000000,150,190,210,220,270,340,520,780,1900,2900,3400,72889,21,150,185.12325441505936,60.86750002577901,3431.75687501207,10189.016202719204
1787723897,176,,Aggregated,80.900000,0.000000,150,190,210,220,270,340,520,780,1900,2900,3400,72957,21,150,185.08217001531708,60.86750002577901,3431.75687501207,10189.375015420042
1787723898,156,,Aggregated,82.900000,0.000000,150,190,210,220,270,340,520,780,1900,2900,3400,73020,21,150,185.0490882915772,60.86750002577901,3431.75687501207,10189.07775951794
1787723899,136,,Aggregated,81.400000,0.000000,150,190,210,220,270,340,520,780,1900,2900,3400,73079,21,150,185.01945851704983,60.86750002577901,3431.75687501207,10189.344832304767
1787723900,122,,Aggregated,80.500000,0.000000,150,190,210,220,270,340,520,780,1900,2900,3400,73131,21,150,185.00051047561766,60.86750002577901,3431.75687501207,10190.405505189317
1787723901,122,,Aggregated,78.100000,0.000000,150,190,210,220,270,340,510,780,1900,2900,3400,73175,21,150,184.9805712755127,60.86750002577901,3431.75687501207,10191.163553126067
1787723902,122,,Aggregated,77.100000,0.000000,150,190,210,220,270,340,510,780,1900,2900,3400,73230,21,150,184.95180626631216,60.86750002577901,3431.75687501207,10190.990004096682
1787723903,122,,Aggregated,72.200000,0.000000,150,190,210,220,270,340,510,780,1900,2900,3400,73262,21,150,184.93912871566886,60.86750002577901,3431.75687501207,10191.158076492587
1787723904,122,,Aggregated,69.600000,0.000000,150,190,200,220,270,340,510,780,1900,2900,3400,73319,21,150,184.91919680732923,60.86750002577901,3431.75687501207,10191.722377555614
1787723905,122,,Aggregated,66.900000,0.000000,150,190,200,220,270,340,510,780,1900,2900,3400,73366,21,150,184.90197739197313,60.86750002577901,3431.75687501207,10192.304896000873
1787723906,122,,Aggregated,62.400000,0.000000,150,190,200,220,270,340,510,770,1900,2900,3400,73409,21,150,184.88371986760177,60.86750002577901,3431.75687501207,10191.928986908963
1787723907,122,,Aggregated,59.800000,0.000000,150,190,200,220,270,340,510,770,1900,2900,3400,73450,21,150,184.86557479135672,60.86750002577901,3431.75687501207,10191.892198774676
1787723908,122,,Aggregated,54.800000,0.000000,150,190,200,220,270,330,510,770,1900,2900,3400,73502,21,150,184.83581754083443,60.86750002577901,3431.75687501207,10191.392547141575
1787723909,122,,Aggregated,51.200000,0.000000,150,190,200,220,270,330,510,770,1900,2900,3400,73545,21,150,184.8275975611987,60.86750002577901,3431.75687501207,10191.41817934598
1787723910,122,,Aggregated,49.000000,0.000000,150,190,200,220,270,330,510,770,1900,2900,3400,73603,21,150,184.79500268237064,60.86750002577901,3431.75687501207,10191.201676562097
1787723911,122,,Aggregated,47.900000,0.000000,150,190,200,220,270,330,510,770,1900,2900,3400,73646,21,150,184.76594597255948,60.86750002577901,3431.75687501207,10190.761385547077
1787723912,122,,Aggregated,46.300000,0.000000,150,190,200,220,270,330,510,770,1900,2900,3400,73690,21,150,184.74426700442982,60.86750002577901,3431.75687501207,10190.39324195956
1787723913,122,,Aggregated,47.000000,0.000000,150,190,200,220,270,330,510,770,1900,2900,3400,73740,21,150,184.7277903242733,60.86750002577901,3431.75687501207,10190.555302413886
1787723914,122,,Aggregated,46.700000,0.000000,150,190,200,220,270,330,510,770,1900,2900,3400,73793,21,150,184.69204944087815,60.86750002577901,3431.75687501207,10190.139322157927
1787723915,122,,Aggregated,45.600000,0.000000,150,190,200,220,270,330,510,770,1900,2900,3400,73834,21,150,184.6742336854219,60.86750002577901,3431.75687501207,10190.14334859279
1787723916,122,,Aggregated,47.300000,0.000000,150,190,200,220,270,330,510,770,1900,2900,3400,73875,21,150,184.6630785472647,60.86750002577901,3431.75687501207,10190.334294416243
1787723917,122,,Aggregated,46.900000,0.000000,150,190,200,220,270,330,510,770,1900,2900,3400,73926,21,150,184.6391878332675,60.86750002577901,3431.75687501207,10190.413629846062
1787723918,122,,Aggregated,46.200000,0.000000,150,190,200,220,270,330,510,770,1900,2900,3400,73969,21,150,184.6273413227512,60.86750002577901,3431.75687501207,10190.916140545363
1787723920,122,,Aggregated,46.400000,0.000000,150,190,200,220,270,330,510,770,1900,2900,3400,74007,21,150,184.6116260698291,60.86750002577901,3431.75687501207,10190.986974205143
1787723921,122,,Aggregated,47.300000,0.000000,150,190,200,220,270,330,510,770,1900,2900,3400,74054,21,150,184.59619731617857,60.86750002577901,3431.75687501207,10191.757690334081
1787723922,122,,Aggregated,46.400000,0.000000,150,190,200,220,270,330,510,770,1900,2900,3400,74106,21,150,184.57856073914132,60.86750002577901,3431.75687501207,10191.18631419858
1787723923,122,,Aggregated,45.000000,0.000000,150,190,200,220,270,330,510,770,1900,2900,3400,74147,21,150,184.5627589817057,60.86750002577901,3431.75687501207,10191.02608332097
1787723924,122,,Aggregated,45.700000,0.000000,150,190,200,220,270,330,510,770,1900,2900,3400,74194,21,150,184.5494561067889,60.86750002577901,3431.75687501207,10191.534113270614
1787723925,122,,Aggregated,45.400000,0.000000,150,190,200,220,270,330,510,770,1900,2900,3400,74235,21,150,184.5267743305375,60.86750002577901,3431.75687501207,10191.544042567522
1787723926,122,,Aggregated,45.200000,0.000000,150,190,200,220,270,330,510,770,1900,2900,3400,74288,21,150,184.5035140788512,60.86750002577901,3431.75687501207,10191.514672625457
1787723927,122,,Aggregated,44.100000,0.000000,150,190,200,220,270,330,510,770,1900,2900,3400,74330,21,150,184.4807533820928,60.86750002577901,3431.75687501207,10191.460419749765
1787723928,122,,Aggregated,45.000000,0.000000,150,190,200,220,270,330,510,770,1900,2900,3400,74380,21,150,184.4700014360083,60.86750002577901,3431.75687501207,10191.931970959935
1787723929,122,,Aggregated,45.300000,0.000000,150,190,200,220,270,330,510,770,1900,2900,3400,74422,21,150,184.4531200190334,60.86750002577901,3431.75687501207,10191.69070973637
1787723930,122,,Aggregated,45.100000,0.000000,150,190,200,220,270,330,510,770,1900,2900,3400,74460,21,150,184.43510924395162,60.86750002577901,3431.75687501207,10191.646266451786
1787723931,122,,Aggregated,44.900000,0.000000,150,190,200,220,270,330,510,770,1900,2900,3400,74498,21,150,184.41964502075453,60.86750002577901,3431.75687501207,10191.658984133803
1787723932,122,,Aggregated,45.100000,0.000000,150,190,200,220,270,330,510,770,1900,2900,3400,74557,21,150,184.4020253191092,60.86750002577901,3431.75687501207,10192.430046809823
1787723933,122,,Aggregated,44.000000,0.000000,150,190,200,220,270,330,510,770,1900,2900,3400,74607,21,150,184.38265122473328,60.86750002577901,3431.75687501207,10192.87672738483
1787723934,122,,Aggregated,44.800000,0.000000,150,190,200,220,270,330,510,770,1900,2900,3400,74654,21,150,184.3678216182648,60.86750002577901,3431.75687501207,10193.153159911057
1787723935,122,,Aggregated,45.700000,0.000000,150,190,200,220,270,330,510,770,1900,2900,3400,74696,21,150,184.35595911656637,60.86750002577901,3431.75687501207,10193.461711470494
1787723936,122,,Aggregated,45.800000,0.000000,150,190,200,220,270,330,510,770,1900,2900,3400,74753,21,150,184.35889387660632,60.86750002577901,3431.75687501207,10193.584203978435
1787723937,122,,Aggregated,45.800000,0.000000,150,190,200,220,270,330,510,770,1900,2900,3400,74790,21,150,184.34587700727621,60.86750002577901,3431.75687501207,10193.643668939698
1787723938,122,,Aggregated,46.100000,0.000000,150,190,200,220,270,330,510,770,1900,2900,3400,74835,21,150,184.3324642156392,60.86750002577901,3431.75687501207,10193.416115453998
1787723939,122,,Aggregated,45.900000,0.000000,150,190,200,220,270,330,510,770,1900,2900,3400,74884,21,150,184.3132635386525,60.86750002577901,3431.75687501207,10192.913693178783
1787723940,122,,Aggregated,45.200000,0.000000,150,190,200,220,270,330,510,770,1900,2900,3400,74933,21,150,184.30112305760989,60.86750002577901,3431.75687501207,10193.060760946446
1787723941,122,,Aggregated,46.100000,0.000000,150,190,200,220,270,330,510,770,1900,2900,3400,74978,21,150,184.28343699528514,60.86750002577901,3431.75687501207,10192.838952759475
1787723942,122,,Aggregated,46.700000,0.000000,150,190,200,220,270,330,510,770,1900,2900,3400,75022,21,150,184.2650379626341,60.86750002577901,3431.75687501207,10193.171936232038
1787723943,122,,Aggregated,48.200000,0.000000,150,190,200,220,270,330,510,770,1900,2900,3400,75082,21,150,184.25027761301212,60.86750002577901,3431.75687501207,10193.042979675554
1787723944,122,,Aggregated,46.500000,0.000000,150,190,200,220,270,330,510,770,1900,2900,3400,75135,21,150,184.23046091856048,60.86750002577901,3431.75687501207,10193.471484660944
1787723945,122,,Aggregated,47.100000,0.000000,150,190,200,220,270,330,510,770,1900,2900,3400,75172,21,150,184.20941613612626,60.86750002577901,3431.75687501207,10193.50602617996
1787723946,122,,Aggregated,47.600000,0.000000,150,190,200,220,270,330,510,770,1900,2900,3400,75217,21,150,184.20578630987595,60.86750002577901,3431.75687501207,10194.00460002393
1787723947,122,,Aggregated,47.600000,0.000000,150,190,200,220,270,330,510,770,1900,2900,3400,75264,21,150,184.1861778982068,60.86750002577901,3431.75687501207,10193.591172406463
1787723948,122,,Aggregated,46.700000,0.000000,150,190,200,220,270,330,510,770,1900,2900,3400,75328,21,150,184.1655803817893,60.86750002577901,3431.75687501207,10193.640266567545
1787723949,122,,Aggregated,47.200000,0.000000,150,190,200,220,270,330,500,770,1900,2900,3400,75365,21,150,184.16043803210928,60.86750002577901,3431.75687501207,10193.368354010483
1787723950,122,,Aggregated,48.800000,0.000000,150,190,200,220,270,330,500,770,1900,2900,3400,75419,21,150,184.14729643061128,60.86750002577901,3431.75687501207,10193.788753497129
1787723951,122,,Aggregated,47.500000,0.000000,150,190,200,220,270,330,500,770,1900,2900,3400,75464,21,150,184.129574438393,60.86750002577901,3431.75687501207,10193.783698187215
1787723952,122,,Aggregated,48.500000,0.000000,150,190,200,220,270,330,500,770,1900,2900,3400,75511,21,150,184.1108585112673,60.86750002577901,3431.75687501207,10194.10123028433
1787723953,122,,Aggregated,48.100000,0.000000,150,190,200,220,270,330,500,770,1900,2900,3400,75566,21,150,184.09024274600839,60.86750002577901,3431.75687501207,10193.970198237303
1787723954,122,,Aggregated,48.600000,0.000000,150,190,200,220,270,330,500,760,1900,2900,3400,75612,22,150,184.08857004028144,60.86750002577901,3431.75687501207,10194.52951912395
1787723955,122,,Aggregated,48.400000,0.000000,150,190,200,220,270,330,500,760,1900,2900,3400,75668,22,150,184.0737640577123,60.86750002577901,3431.75687501207,10194.742837130623
1787723956,122,,Aggregated,47.400000,0.000000,150,190,200,220,270,330,500,760,1900,2900,3400,75711,22,150,184.05814887159602,60.86750002577901,3431.75687501207,10195.114025703002
1787723957,115,,Aggregated,49.200000,0.100000,150,190,200,220,270,330,500,760,1900,2900,3400,75756,22,150,184.0416522069893,60.86750002577901,3431.75687501207,10195.485308094409
1787723958,115,,Aggregated,48.600000,0.100000,150,190,200,220,270,330,500,760,1900,2900,3400,75797,22,150,184.02301643322318,60.86750002577901,3431.75687501207,10195.390477195668
1787723959,115,,Aggregated,49.000000,0.100000,150,190,200,220,270,330,500,760,1900,2900,3400,75841,22,150,184.01704886877914,60.86750002577901,3431.75687501207,10195.691960812754
1787723960,115,,Aggregated,47.400000,0.100000,150,180,200,220,270,330,500,760,1900,2900,3400,75884,22,150,183.9970150917197,60.86750002577901,3431.75687501207,10195.882742080017
1787723961,115,,Aggregated,47.900000,0.100000,150,180,200,220,270,330,500,760,1900,2900,3400,75928,22,150,183.98703204698012,60.86750002577901,3431.75687501207,10196.783874196608
1787723962,115,,Aggregated,46.800000,0.100000,150,180,200,220,270,330,500,760,1900,2900,3400,75978,22,150,183.9667780165447,60.86750002577901,3431.75687501207,10196.281844744532
1787723963,115,,Aggregated,46.100000,0.100000,150,180,200,220,270,330,500,760,1900,2900,3400,76019,22,150,183.95366199865418,60.86750002577901,3431.75687501207,10195.938423288915
1787723964,115,,Aggregated,45.900000,0.100000,150,180,200,220,270,330,500,760,1900,2900,3400,76072,22,150,183.9325573773222,60.86750002577901,3431.75687501207,10195.623120201913
1787723965,115,,Aggregated,45.300000,0.100000,150,180,200,220,270,330,500,760,1900,2900,3400,76107,22,150,183.91813586700425,60.86750002577901,3431.75687501207,10195.563338457698
1787723966,115,,Aggregated,46.500000,0.100000,150,180,200,220,270,330,500,760,1900,2900,3400,76149,22,150,183.90773604124,60.86750002577901,3431.75687501207,10195.757212832736
1787723967,115,,Aggregated,43.700000,0.000000,150,180,200,220,270,330,500,760,1900,2900,3400,76191,22,150,183.8923613836393,60.86750002577901,3431.75687501207,10195.765484112297
1787723968,115,,Aggregated,43.500000,0.000000,150,180,200,220,270,330,500,760,1900,2900,3400,76241,22,150,183.8819010759445,60.86750002577901,3431.75687501207,10195.960847837778
1787723969,115,,Aggregated,42.800000,0.000000,150,180,200,220,270,330,500,760,1900,2900,3400,76274,22,150,183.86983471504632,60.86750002577901,3431.75687501207,10195.97498492278
1787723970,115,,Aggregated,43.900000,0.000000,150,180,200,220,270,330,500,760,1900,2900,3400,76332,22,150,183.85682553197606,60.86750002577901,3431.75687501207,10195.837289734318
1787723971,115,,Aggregated,43.400000,0.000000,150,180,200,220,270,330,500,760,1900,2900,3400,76373,22,150,183.84932762295114,60.86750002577901,3431.75687501207,10196.598248071963
1787723972,115,,Aggregated,44.000000,0.000000,150,180,200,220,270,330,500,760,1900,2900,3400,76418,22,150,183.83670699047633,60.86750002577901,3431.75687501207,10196.810738307728
1787723973,115,,Aggregated,44.200000,0.000000,150,180,200,220,270,330,500,760,1900,2900,3400,76462,22,150,183.82643967708032,60.86750002577901,3431.75687501207,10196.599278072768
1787723974,115,,Aggregated,44.100000,0.000000,150,180,200,220,270,330,500,760,1900,2900,3400,76508,22,150,183.8048553839029,60.86750002577901,3431.75687501207,10196.360994928635
1787723975,115,,Aggregated,43.900000,0.000000,150,180,200,220,270,330,500,760,1900,2900,3400,76552,22,150,183.78990527083974,60.86750002577901,3431.75687501207,10197.171425958826
1787723976,115,,Aggregated,42.300000,0.000000,150,180,200,220,270,330,500,760,1900,2900,3400,76597,22,150,183.77770286155115,60.86750002577901,3431.75687501207,10197.143739310939
1787723977,115,,Aggregated,44.500000,0.000000,150,180,200,220,270,330,500,760,1900,2900,3400,76649,22,150,183.7717638662853,60.86750002577901,3431.75687501207,10197.896932771464
1787723978,115,,Aggregated,44.100000,0.000000,150,180,200,220,270,330,500,760,1900,2900,3400,76689,22,150,183.74900810253615,60.86750002577901,3431.75687501207,10197.546858089165
1787723979,115,,Aggregated,45.100000,0.000000,150,180,200,220,270,330,500,760,1900,2900,3400,76737,22,150,183.7318527367688,60.86750002577901,3431.75687501207,10197.970965766188
1787723980,115,,Aggregated,44.200000,0.000000,150,180,200,220,270,330,500,760,1900,2900,3400,76770,22,150,183.72619521024836,60.86750002577901,3431.75687501207,10198.480995180409
1787723981,115,,Aggregated,45.400000,0.000000,150,180,200,220,270,330,500,760,1900,2900,3400,76813,22,150,183.71309423914727,60.86750002577901,3431.75687501207,10198.289013578431
1787723982,115,,Aggregated,44.500000,0.000000,150,180,200,220,270,330,500,760,1900,2900,3400,76857,22,150,183.70676436708405,60.86750002577901,3431.75687501207,10198.275980066877
1787723983,115,,Aggregated,43.400000,0.000000,150,180,200,220,270,330,500,760,1900,2900,3400,76915,22,150,183.70540481918204,60.86750002577901,3431.75687501207,10198.98955990379
1787723984,115,,Aggregated,43.200000,0.000000,150,180,200,220,270,330,500,760,1900,2900,3400,76951,22,150,183.69386177295561,60.86750002577901,3431.75687501207,10198.865056984314
1787723985,115,,Aggregated,44.900000,0.000000,150,180,200,220,270,330,500,760,1900,2900,3400,76984,22,150,183.67935977492147,60.86750002577901,3431.75687501207,10198.40524004988
1787723986,115,,Aggregated,44.900000,0.000000,150,180,200,220,270,330,500,760,1900,2900,3400,77035,22,150,183.67023696414964,60.86750002577901,3431.75687501207,10198.999117284351
1787723987,115,,Aggregated,43.100000,0.000000,150,180,200,220,270,330,500,760,1900,2900,3400,77075,22,150,183.64748341811352,60.86750002577901,3431.75687501207,10198.629036652612
1787723988,115,,Aggregated,43.900000,0.000000,150,180,200,220,270,330,500,760,1900,2900,3400,77115,22,150,183.64380093522135,60.86750002577901,3431.75687501207,10198.979848278545
1787723989,115,,Aggregated,42.300000,0.000000,150,180,200,220,270,330,500,760,1900,2900,3400,77155,22,150,183.63281525550775,60.86750002577901,3431.75687501207,10198.6892359536
1787723990,115,,Aggregated,43.300000,0.000000,150,180,200,220,270,330,500,760,1900,2900,3400,77200,22,150,183.61774823721257,60.86750002577901,3431.75687501207,10198.908341968912
1787723991,115,,Aggregated,42.200000,0.000000,150,180,200,220,270,330,500,760,1900,2900,3400,77252,22,150,183.60087793136725,60.86750002577901,3431.75687501207,10199.26376016155
1787723992,115,,Aggregated,41.400000,0.000000,150,180,200,220,270,330,500,760,1900,2900,3400,77284,22,150,183.58742877883464,60.86750002577901,3431.75687501207,10198.988186429275
1787723993,115,,Aggregated,44.500000,0.000000,150,180,200,220,270,330,500,760,1900,2900,3400,77345,22,150,183.56602748059305,60.86750002577901,3431.75687501207,10198.729122761652
1787723994,115,,Aggregated,43.100000,0.000000,150,180,200,220,270,330,500,760,1900,2900,3400,77384,22,150,183.54891646027903,60.86750002577901,3431.75687501207,10199.24419776698
1787723995,115,,Aggregated,41.900000,0.000000,150,180,200,220,270,330,490,760,1900,2900,3400,77422,22,150,183.52653029911184,60.86750002577901,3431.75687501207,10198.53528712769
1787723996,115,,Aggregated,43.800000,0.000000,150,180,200,220,270,330,490,760,1900,2900,3400,77464,22,150,183.52012999783884,60.86750002577901,3431.75687501207,10199.205153361561
1787723997,115,,Aggregated,43.000000,0.000000,150,180,200,220,270,330,490,760,1900,2900,3400,77525,22,150,183.50029073401527,60.86750002577901,3431.75687501207,10199.208951950983
1787723998,115,,Aggregated,43.500000,0.000000,150,180,200,220,270,330,490,760,1900,2900,3400,77575,22,150,183.4835257238786,60.86750002577901,3431.75687501207,10199.728559458588
1787723999,115,,Aggregated,44.300000,0.000000,150,180,200,220,270,330,490,760,1900,2900,3400,77615,22,150,183.4723042848793,60.86750002577901,3431.75687501207,10199.577762030536
1787724000,115,,Aggregated,45.500000,0.000000,150,180,200,220,270,330,490,760,1900,2900,3400,77653,22,150,183.45912504223205,60.86750002577901,3431.75687501207,10199.501590408612
1787724001,115,,Aggregated,45.800000,0.000000,150,180,200,220,270,330,490,760,1900,2900,3400,77696,22,150,183.4484287472726,60.86750002577901,3431.75687501207,10199.362837211696
1787724002,115,,Aggregated,45.300000,0.000000,150,180,200,220,270,330,490,750,1900,2900,3400,77741,22,150,183.4304240478478,60.86750002577901,3431.75687501207,10198.89973115859
1787724003,115,,Aggregated,44.100000,0.000000,150,180,200,220,270,330,490,750,1900,2900,3400,77780,22,150,183.42018855411948,60.86750002577901,3431.75687501207,10198.638364618153
1787724004,115,,Aggregated,45.800000,0.000000,150,180,200,220,270,330,490,750,1900,2900,3400,77815,22,150,183.40576297294703,60.86750002577901,3431.75687501207,10198.310737004434
1787724005,115,,Aggregated,44.800000,0.000000,150,180,200,220,270,330,490,750,1900,2900,3400,77868,22,150,183.3876056903944,60.86750002577901,3431.75687501207,10198.428828273489
1787724006,115,,Aggregated,42.600000,0.000000,150,180,200,220,270,330,490,750,1900,2900,3400,77916,22,150,183.37162448164247,60.86750002577901,3431.75687501207,10198.655975666103
1787724007,115,,Aggregated,44.400000,0.000000,150,180,200,220,270,330,490,750,1900,2900,3400,77954,22,150,183.3628229718185,60.86750002577901,3431.75687501207,10198.340534161172
1787724008,115,,Aggregated,44.200000,0.000000,150,180,200,220,270,330,490,750,1900,2900,3400,77990,22,150,183.35084487417893,60.86750002577901,3431.75687501207,10198.58870367996
1787724009,115,,Aggregated,44.500000,0.000000,150,180,200,220,270,330,490,750,1900,2900,3400,78042,22,150,183.3240047451497,60.86750002577901,3431.75687501207,10198.070154532175
1787724010,115,,Aggregated,41.500000,0.000000,150,180,200,220,270,330,490,750,1900,2900,3400,78087,22,150,183.31344043753046,60.86750002577901,3431.75687501207,10198.15266305531
1787724011,115,,Aggregated,41.900000,0.000000,150,180,200,220,270,330,490,750,1900,2900,3400,78131,22,150,183.30233177165556,60.86750002577901,3431.75687501207,10198.73785053308
1787724012,115,,Aggregated,42.800000,0.000000,150,180,200,220,270,330,490,750,1900,2900,3400,78160,22,150,183.28916750501372,60.86750002577901,3431.75687501207,10198.43582395087
1787724013,115,,Aggregated,43.800000,0.000000,150,180,200,220,270,330,490,750,1900,2900,3400,78207,22,150,183.27603398438546,60.86750002577901,3431.75687501207,10198.11777718107
1787724014,115,,Aggregated,41.600000,0.000000,150,180,200,220,270,330,490,750,1900,2900,3400,78251,22,150,183.25953698230563,60.86750002577901,3431.75687501207,10198.521744131065
1787724015,115,,Aggregated,41.400000,0.000000,150,180,200,220,270,330,490,750,1900,2900,3400,78297,22,150,183.24442091740806,60.86750002577901,3431.75687501207,10198.69509687472
1787724016,121,,Aggregated,42.700000,0.000000,150,180,200,220,270,330,490,750,1900,2900,3400,78366,22,150,183.2213037007856,60.86750002577901,3431.75687501207,10198.679261414389
1787724017,121,,Aggregated,43.000000,0.000000,150,180,200,220,270,330,490,750,1900,2900,3400,78404,22,150,183.21077467275586,60.86750002577901,3431.75687501207,10198.849612264681
1787724018,121,,Aggregated,44.500000,0.000000,150,180,200,220,270,330,490,750,1900,2900,3400,78444,22,150,183.2001064488142,60.86750002577901,3431.75687501207,10198.862921319667
1787724019,121,,Aggregated,44.900000,0.000000,150,180,200,220,270,330,490,750,1900,2900,3400,78490,22,150,183.18730115968876,60.86750002577901,3431.75687501207,10199.230577143586
1787724020,121,,Aggregated,44.500000,0.000000,150,180,200,220,270,330,490,750,1900,2900,3400,78537,22,150,183.16112486444757,60.86750002577901,3431.75687501207,10198.665660771356
1787724021,121,,Aggregated,44.400000,0.000000,150,180,200,220,270,330,490,750,1900,2900,3400,78589,22,150,183.1362512286753,60.86750002577901,3431.75687501207,10198.300181959306
1787724022,121,,Aggregated,45.400000,0.000000,150,180,200,220,270,330,490,750,1900,2900,3400,78634,22,150,183.12673226610693,60.86750002577901,3431.75687501207,10198.314978253682
1787724023,121,,Aggregated,44.400000,0.000000,150,180,200,220,270,330,490,750,1900,2900,3400,78675,22,150,183.10352535500192,60.86750002577901,3431.75687501207,10197.778773435017
1787724024,121,,Aggregated,46.300000,0.000000,150,180,200,220,270,330,490,750,1900,2900,3400,78720,22,150,183.09418350918128,60.86750002577901,3431.75687501207,10197.499796747967
1787724025,121,,Aggregated,47.000000,0.000000,150,180,200,220,270,330,490,750,1900,2900,3400,78761,22,150,183.0813804692076,60.86750002577901,3431.75687501207,10197.480872513046
1787724026,121,,Aggregated,45.700000,0.000000,150,180,200,220,270,330,490,740,1900,2900,3400,78813,22,150,183.0598338472971,60.86750002577901,3431.75687501207,10197.339550581757
1787724027,121,,Aggregated,46.900000,0.000000,150,180,200,220,270,330,490,740,1900,2900,3400,78855,22,150,183.04595496118054,60.86750002577901,3431.75687501207,10197.171694883013
1787724028,121,,Aggregated,44.800000,0.000000,150,180,200,220,270,330,490,740,1900,2900,3400,78906,22,150,183.02332547334848,60.86750002577901,3431.75687501207,10196.819810914252
1787724029,121,,Aggregated,44.400000,0.000000,150,180,200,220,270,330,490,740,1900,2900,3400,78951,22,150,183.01130574723584,60.86750002577901,3431.75687501207,10196.707780775418
1787724030,121,,Aggregated,46.300000,0.000000,150,180,200,220,270,330,490,740,1800,2900,3400,79012,22,150,183.0017891413059,60.86750002577901,3431.75687501207,10197.406064901534
1787724031,121,,Aggregated,45.900000,0.000000,150,180,200,220,270,330,490,740,1800,2900,3400,79053,22,150,182.98302507872032,60.86750002577901,3431.75687501207,10197.160031877349
1787724032,121,,Aggregated,46.800000,0.000000,150,180,200,220,270,330,490,740,1800,2900,3400,79094,22,150,182.9635830315541,60.86750002577901,3431.75687501207,10196.731104761424
1787724033,121,,Aggregated,47.000000,0.000000,150,180,200,220,270,330,490,740,1800,2900,3400,79136,22,150,182.93788252769662,60.86750002577901,3431.75687501207,10196.380041953093
1787724034,121,,Aggregated,46.300000,0.000000,150,180,200,220,270,330,490,740,1800,2900,3400,79170,22,150,182.92374504760454,60.86750002577901,3431.75687501207,10196.191739295187
1787724035,121,,Aggregated,45.200000,0.000000,150,180,200,220,270,330,490,740,1800,2900,3400,79219,22,150,182.90015762589135,60.86750002577901,3431.75687501207,10195.901690251076
1787724036,121,,Aggregated,46.000000,0.000000,150,180,200,220,270,330,490,740,1800,2900,3400,79264,22,150,182.8883094895505,60.86750002577901,3431.75687501207,10196.44793348809
1787724037,121,,Aggregated,44.600000,0.000000,150,180,200,220,270,330,490,740,1800,2900,3400,79315,22,150,182.87315828771665,60.86750002577901,3431.75687501207,10196.750803757172
1787724038,121,,Aggregated,44.900000,0.000000,150,180,200,220,270,330,490,740,1800,2900,3400,79366,22,150,182.8469549156691,60.86750002577901,3431.75687501207,10196.309981604214
1787724039,121,,Aggregated,45.000000,0.000000,150,180,200,220,270,330,490,740,1800,2900,3400,79407,22,150,182.83154695698877,60.86750002577901,3431.75687501207,10195.96137620109
1787724040,121,,Aggregated,45.000000,0.000000,150,180,200,220,270,330,490,740,1800,2900,3400,79459,22,150,182.81014329460632,60.86750002577901,3431.75687501207,10196.173271750211
1787724041,121,,Aggregated,45.600000,0.000000,150,180,200,220,270,330,490,740,1800,2900,3400,79501,22,150,182.78738183751318,60.86750002577901,3431.75687501207,10195.529905284211
1787724042,121,,Aggregated,44.300000,0.000000,150,180,200,220,270,330,490,740,1800,2900,3400,79544,22,150,182.7702118650351,60.86750002577901,3431.75687501207,10195.586983304838
1787724043,121,,Aggregated,44.200000,0.000000,150,180,200,220,270,330,490,740,1800,2900,3400,79594,22,150,182.75225638824875,60.86750002577901,3431.75687501207,10195.804269166018
1787724044,121,,Aggregated,44.500000,0.000000,150,180,200,220,270,330,490,740,1800,2900,3400,79632,22,150,182.73998865252568,60.86750002577901,3431.75687501207,10196.12761201527
1787724045,121,,Aggregated,46.300000,0.000000,150,180,200,220,270,330,490,740,1800,2900,3400,79684,22,150,182.72182369416723,60.86750002577901,3431.75687501207,10195.998669745495
1787724046,121,,Aggregated,45.800000,0.000000,150,180,200,220,270,330,490,740,1800,2900,3400,79733,22,150,182.69915734910245,60.86750002577901,3431.75687501207,10195.91132906074
1787724047,121,,Aggregated,45.700000,0.000000,150,180,200,220,270,330,490,740,1800,2900,3400,79771,22,150,182.68528850755382,60.86750002577901,3431.75687501207,10195.64947161249
1787724048,121,,Aggregated,46.500000,0.000000,150,180,200,220,270,330,490,740,1800,2900,3400,79810,22,150,182.67908305239084,60.86750002577901,3431.75687501207,10196.03495802531
1787724049,121,,Aggregated,46.100000,0.000000,150,180,200,220,270,330,490,740,1800,2900,3400,79864,23,150,182.66458246881777,60.86750002577901,3431.75687501207,10195.548444856257
1787724050,121,,Aggregated,45.500000,0.000000,150,180,200,220,270,330,490,740,1800,2900,3400,79904,23,150,182.64835022077662,60.86750002577901,3431.75687501207,10195.702918502202
1787724051,121,,Aggregated,45.100000,0.000000,150,180,200,220,270,330,490,740,1800,2900,3400,79955,23,150,182.6253344980332,60.86750002577901,3431.75687501207,10196.355912700894
1787724052,121,,Aggregated,45.600000,0.100000,150,180,200,220,270,330,490,740,1800,2900,3400,80002,23,150,182.61231862845682,60.86750002577901,3431.75687501207,10195.94121396965
1787724053,121,,Aggregated,44.100000,0.100000,150,180,200,220,270,330,490,740,1800,2900,3400,80045,23,150,182.5946201407064,60.86750002577901,3431.75687501207,10196.029820725842
1787724054,121,,Aggregated,45.800000,0.100000,150,180,200,220,270,330,490,740,1800,2900,3400,80097,23,150,182.57801661678315,60.86750002577901,3431.75687501207,10195.6767044958
1787724055,121,,Aggregated,44.300000,0.100000,150,180,200,220,270,330,490,740,1800,2900,3400,80143,23,150,182.56083468190928,60.86750002577901,3431.75687501207,10195.423156108456
1787724056,121,,Aggregated,45.200000,0.100000,150,180,200,220,270,330,490,740,1800,2900,3400,80193,23,150,182.54482355843692,60.86750002577901,3431.75687501207,10195.583504794682
1787724057,121,,Aggregated,45.900000,0.100000,150,180,200,220,270,330,490,740,1800,2900,3400,80243,23,150,182.529493002456,60.86750002577901,3431.75687501207,10196.1443241155
1787724058,121,,Aggregated,45.900000,0.100000,150,180,200,220,270,330,480,740,1800,2900,3400,80299,23,150,182.5093036763916,60.86750002577901,3431.75687501207,10196.28213302781
1787724059,121,,Aggregated,46.200000,0.100000,150,180,200,220,270,330,480,740,1800,2900,3400,80337,23,150,182.49739731216536,60.86750002577901,3431.75687501207,10196.08318707445
1787724060,121,,Aggregated,46.600000,0.100000,150,180,200,220,270,330,480,740,1800,2900,3400,80380,23,150,182.47587987672838,60.86750002577901,3431.75687501207,10195.661930828564
1787724061,121,,Aggregated,47.600000,0.100000,150,180,200,220,270,330,480,740,1800,2900,3400,80435,23,150,182.4554047516482,60.86750002577901,3431.75687501207,10195.814409150245
1787724062,121,,Aggregated,47.100000,0.000000,150,180,200,220,270,330,480,740,1800,2900,3400,80477,23,150,182.43022523298364,60.86750002577901,3431.75687501207,10195.168308957838
1787724063,121,,Aggregated,47.800000,0.000000,150,180,200,220,270,330,480,740,1800,2900,3400,80527,23,150,182.40914513187644,60.86750002577901,3431.75687501207,10195.387956834355
1787724064,121,,Aggregated,47.700000,0.000000,150,180,200,220,270,330,480,740,1800,2900,3400,80572,25,150,182.38924424262387,60.86750002577901,3431.75687501207,10194.765874000894
1787724065,121,,Aggregated,47.700000,0.000000,150,180,200,220,270,330,480,740,1800,2900,3400,80627,25,150,182.37044675834719,60.86750002577901,3431.75687501207,10194.97159760378
1787724066,121,,Aggregated,47.900000,0.000000,150,180,200,220,270,330,480,740,1800,2900,3400,80665,25,150,182.35692177823964,60.86750002577901,3431.75687501207,10195.120436372652
1787724067,121,,Aggregated,47.800000,0.200000,150,180,200,220,270,330,480,740,1800,2900,3400,80734,25,150,182.33387298400405,60.86750002577901,3431.75687501207,10195.247962444571
1787724068,121,,Aggregated,47.200000,0.200000,150,180,200,220,270,330,480,740,1800,2900,3400,80777,25,150,182.32776033286626,60.86750002577901,3431.75687501207,10195.577057825867
1787724069,121,,Aggregated,47.500000,0.200000,150,180,200,220,270,330,480,740,1800,2900,3400,80819,25,150,182.32452932315482,60.86750002577901,3431.75687501207,10196.032442866157
1787724070,121,,Aggregated,49.200000,0.200000,150,180,200,220,270,330,480,740,1800,2900,3400,80866,25,150,182.30454735806052,60.86750002577901,3431.75687501207,10195.468293225831
1787724071,121,,Aggregated,48.400000,0.200000,150,180,200,220,270,330,480,740,1800,2900,3400,80907,25,150,182.29002108426567,60.86750002577901,3431.75687501207,10195.577181208053
1787724072,121,,Aggregated,47.900000,0.200000,150,180,200,220,270,330,480,740,1800,2900,3400,80956,25,150,182.2806780451151,60.86750002577901,3431.75687501207,10195.681184841149
1787724073,121,,Aggregated,48.100000,0.200000,150,180,200,220,270,330,480,740,1800,2900,3400,81013,25,150,182.26251002545123,60.86750002577901,3431.75687501207,10195.768370508436
1787724074,121,,Aggregated,47.100000,0.200000,150,180,200,220,270,330,480,740,1800,2900,3400,81048,25,150,182.24695398535255,60.86750002577901,3431.75687501207,10196.124395419998
1787724075,121,,Aggregated,48.200000,0.200000,150,180,200,220,270,330,480,740,1800,2900,3400,81094,25,150,182.23290949875954,60.86750002577901,3431.75687501207,10196.339914173675
1787724076,135,,Aggregated,48.300000,0.200000,150,180,200,220,270,330,480,740,1800,2900,3400,81173,25,150,182.25034828927426,60.86750002577901,3431.75687501207,10195.689170044227
1787724077,135,,Aggregated,46.700000,0.000000,150,180,200,220,270,330,480,730,1800,2900,3400,81223,25,150,182.23558494999503,60.86750002577901,3431.75687501207,10195.647427452815
1787724078,135,,Aggregated,47.000000,0.000000,150,180,200,220,270,330,480,730,1800,2900,3400,81276,26,150,182.22100762234302,60.86750002577901,3431.75687501207,10196.057630788917
1787724079,135,,Aggregated,49.900000,0.000000,150,180,200,220,270,330,480,730,1800,2900,3400,81318,26,150,182.20526688705314,60.86750002577901,3431.75687501207,10195.967276617723
1787724080,135,,Aggregated,48.600000,0.000000,150,180,200,220,270,330,480,730,1800,2900,3400,81371,26,150,182.18418691108317,60.86750002577901,3431.75687501207,10196.471261260154
1787724081,135,,Aggregated,49.300000,0.100000,150,180,200,220,270,330,480,730,1800,2900,3400,81426,26,150,182.15544282870843,60.86750002577901,3431.75687501207,10196.727912460394
1787724082,135,,Aggregated,49.300000,0.100000,150,180,200,220,270,320,480,730,1800,2900,3400,81478,26,150,182.13856776704256,60.86750002577901,3431.75687501207,10196.766489113626
1787724083,135,,Aggregated,50.700000,0.100000,150,180,200,220,270,320,480,730,1800,2900,3400,81536,26,150,182.10548780731114,60.86750002577901,3431.75687501207,10196.82350127551
1787724084,135,,Aggregated,51.600000,0.100000,150,180,200,220,270,320,480,730,1800,2900,3400,81584,26,150,182.08428059962444,60.86750002577901,3431.75687501207,10196.247009217494
1787724085,135,,Aggregated,51.400000,0.100000,150,180,200,220,270,320,480,730,1800,2900,3400,81637,26,150,182.0649896066622,60.86750002577901,3431.75687501207,10195.585041096561
1787724086,135,,Aggregated,52.300000,0.100000,150,180,200,220,270,320,480,730,1800,2900,3400,81684,26,150,182.05023138889234,60.86750002577901,3431.75687501207,10195.947162234954
1787724087,135,,Aggregated,53.100000,0.100000,150,180,200,220,270,320,480,730,1800,2900,3400,81731,26,150,182.03693796029782,60.86750002577901,3431.75687501207,10195.75157528967
1787724088,135,,Aggregated,54.100000,0.100000,150,180,200,220,270,320,480,730,1800,2900,3400,81784,26,150,182.01994737270073,60.86750002577901,3431.75687501207,10196.134830773746
1787724089,135,,Aggregated,51.200000,0.100000,150,180,200,220,270,320,480,730,1800,2900,3400,81841,26,150,182.02723177523134,60.86750002577901,3431.75687501207,10196.08940506592
1787724090,135,,Aggregated,50.600000,0.100000,150,180,200,220,270,320,480,730,1800,2900,3400,81899,26,150,182.0037315322034,60.86750002577901,3431.75687501207,10196.021465463558
1787724091,135,,Aggregated,50.400000,0.000000,150,180,200,220,270,320,480,730,1800,2900,3400,81951,26,150,181.9756804945992,60.86750002577901,3431.75687501207,10196.111639882369
1787724092,135,,Aggregated,52.000000,0.000000,150,180,200,220,270,320,480,730,1800,2900,3400,81992,26,150,181.96083969373012,60.86750002577901,3431.75687501207,10196.059054541907
1787724093,135,,Aggregated,52.100000,0.000000,150,180,200,220,270,320,480,730,1800,2900,3400,82035,26,150,181.94650404706204,60.86750002577901,3431.75687501207,10196.119924422503
1787724094,135,,Aggregated,51.700000,0.000000,150,180,200,220,270,320,480,730,1800,2900,3400,82106,26,150,181.9267240370567,60.86750002577901,3431.75687501207,10196.712798090273
1787724095,135,,Aggregated,51.200000,0.000000,150,180,200,220,270,320,480,730,1800,2900,3400,82157,26,150,181.90654545771395,60.86750002577901,3431.75687501207,10196.64300059642
1787724096,135,,Aggregated,49.800000,0.000000,150,180,200,220,270,320,480,730,1800,2900,3400,82207,26,150,181.89481761142332,60.86750002577901,3431.75687501207,10196.816366002895
1787724097,135,,Aggregated,52.400000,0.000000,150,180,200,220,270,320,480,730,1800,2900,3400,82260,26,150,181.87358395391004,60.86750002577901,3431.75687501207,10197.251604668125
1787724098,135,,Aggregated,51.900000,0.000000,150,180,200,220,270,320,480,730,1800,2900,3400,82315,26,150,181.84112194469418,60.86750002577901,3431.75687501207,10197.368171050233
1787724099,135,,Aggregated,51.800000,0.000000,150,180,200,220,270,320,480,730,1800,2900,3400,82367,26,150,181.83498127542495,60.86750002577901,3431.75687501207,10197.70511248437
1787724100,135,,Aggregated,52.300000,0.000000,150,180,200,220,270,320,480,730,1800,2900,3400,82420,26,150,181.8154716467919,60.86750002577901,3431.75687501207,10197.675685513224
1787724101,135,,Aggregated,52.900000,0.000000,150,180,200,220,270,320,480,730,1800,2900,3400,82460,26,150,181.7999936226696,60.86750002577901,3431.75687501207,10197.867729808391
1787724102,135,,Aggregated,52.600000,0.000000,150,180,200,220,270,320,480,730,1800,2900,3400,82509,26,150,181.78500200584907,60.86750002577901,3431.75687501207,10198.689597498455
1787724104,135,,Aggregated,51.900000,0.000000,150,180,200,220,270,320,480,730,1800,2900,3400,82554,26,150,181.7613532632395,60.86750002577901,3431.75687501207,10198.300457882113
1787724105,135,,Aggregated,51.600000,0.000000,150,180,200,220,270,320,480,720,1800,2900,3400,82613,26,150,181.7506975103141,60.86750002577901,3431.75687501207,10198.834808081052
1787724106,135,,Aggregated,51.600000,0.000000,150,180,200,220,270,320,480,720,1800,2900,3400,82663,26,150,181.73058621005922,60.86750002577901,3431.75687501207,10198.768675223499
1787724107,135,,Aggregated,51.500000,0.000000,150,180,200,220,270,320,480,720,1800,2900,3400,82712,26,150,181.70715565162948,60.86750002577901,3431.75687501207,10198.60146048941
1787724108,135,,Aggregated,50.300000,0.000000,150,180,200,220,270,320,480,720,1800,2900,3400,82766,26,150,181.68843894239114,60.86750002577901,3431.75687501207,10198.01214266728
1787724109,135,,Aggregated,50.300000,0.000000,150,180,200,220,270,320,480,720,1800,2900,3400,82823,26,150,181.67821653561387,60.86750002577901,3431.75687501207,10198.217632783164
1787724110,135,,Aggregated,50.500000,0.000000,150,180,200,220,270,320,480,720,1800,2900,3400,82867,26,150,181.65921603953524,60.86750002577901,3431.75687501207,10198.17858737495
1787724111,135,,Aggregated,50.500000,0.000000,150,180,200,220,270,320,480,730,1800,2900,3400,82899,26,150,181.79550328115897,60.86750002577901,3431.75687501207,10197.471971917636
1787724112,135,,Aggregated,49.800000,0.000000,150,180,200,220,270,330,490,740,1800,2900,3400,82969,26,150,182.22716164630762,60.86750002577901,3431.75687501207,10197.752293025105
1787724113,135,,Aggregated,47.800000,0.000000,150,180,200,220,270,330,490,740,1800,2900,3400,83027,26,150,182.22532679591512,60.86750002577901,3431.75687501207,10197.99488118323
1787724114,135,,Aggregated,50.700000,0.000000,150,180,200,220,270,330,490,740,1800,2900,3400,83078,26,150,182.19948967392276,60.86750002577901,3431.75687501207,10197.365812850574
1787724115,135,,Aggregated,51.700000,0.000000,150,180,200,220,270,330,490,740,1800,2900,3400,83118,26,150,182.18673848887084,60.86750002577901,3431.75687501207,10197.663045309078
1787724116,135,,Aggregated,52.300000,0.000000,150,180,200,220,270,330,490,740,1800,2900,3400,83174,26,150,182.17173412176922,60.86750002577901,3431.75687501207,10197.149734291967
1787724117,135,,Aggregated,50.400000,0.000000,150,180,200,220,270,320,490,740,1800,2900,3400,83245,26,150,182.1456837759877,60.86750002577901,3431.75687501207,10197.48486996216
1787724118,135,,Aggregated,50.400000,0.000000,150,180,200,220,270,320,490,740,1800,2900,3400,83277,26,150,182.13669687079266,60.86750002577901,3431.75687501207,10197.618261945076
1787724119,135,,Aggregated,52.600000,0.000000,150,180,200,220,270,330,490,740,1800,2900,3400,83328,26,150,182.28919336257457,60.86750002577901,3431.75687501207,10197.487987231183
1787724120,135,,Aggregated,51.100000,0.000000,150,180,200,220,270,330,490,740,1800,2900,3400,83391,26,150,182.2729138293453,60.86750002577901,3431.75687501207,10196.690110443573
1787724121,135,,Aggregated,50.600000,0.000000,150,180,200,220,270,330,490,740,1800,2900,3400,83434,26,150,182.25581086121147,60.86750002577901,3431.75687501207,10196.566615528442
1787724122,135,,Aggregated,51.900000,0.000000,150,180,200,220,270,330,490,740,1800,2900,3400,83485,26,150,182.23926542066772,60.86750002577901,3431.75687501207,10196.572713661137
1787724123,135,,Aggregated,53.200000,0.000000,150,180,200,220,270,330,490,740,1800,2900,3400,83522,26,150,182.229219602584,60.86750002577901,3431.75687501207,10196.167512751132
1787724124,135,,Aggregated,51.200000,0.000000,150,180,200,220,270,330,490,740,1800,2900,3400,83579,26,150,182.21459538210578,60.86750002577901,3431.75687501207,10196.408451883846
1787724125,135,,Aggregated,48.500000,0.000000,150,180,200,220,270,330,490,740,1800,2900,3400,83623,26,150,182.19727552504975,60.86750002577901,3431.75687501207,10195.873850495676
1787724126,135,,Aggregated,49.900000,0.000000,150,180,200,220,270,330,490,740,1800,2900,3400,83669,26,150,182.19124802973542,60.86750002577901,3431.75687501207,10196.697701657722
1787724127,135,,Aggregated,50.600000,0.000000,150,180,200,220,270,330,490,740,1800,2900,3400,83708,26,150,182.17479166101683,60.86750002577901,3431.75687501207,10196.532637262866
1787724128,135,,Aggregated,49.000000,0.000000,150,180,200,220,270,330,490,740,1800,2900,3400,83756,26,150,182.1569661326215,60.86750002577901,3431.75687501207,10195.796981708772
1787724129,135,,Aggregated,46.400000,0.000000,150,180,200,220,270,320,490,740,1800,2900,3400,83813,26,150,182.1362585268201,60.86750002577901,3431.75687501207,10195.567465667616
1787724130,135,,Aggregated,46.900000,0.000000,150,180,200,220,270,320,490,740,1800,2900,3400,83872,26,150,182.11302280992157,60.86750002577901,3431.75687501207,10194.805787390309
1787724131,135,,Aggregated,48.000000,0.000000,150,180,200,220,270,320,490,740,1800,2900,3400,83928,26,150,182.09777284285653,60.86750002577901,3431.75687501207,10195.459536745782
1787724132,135,,Aggregated,48.100000,0.000000,150,180,200,220,270,320,490,740,1800,2900,3400,83982,26,150,182.0812587934313,60.86750002577901,3431.75687501207,10195.355111809673
1787724133,135,,Aggregated,48.500000,0.000000,150,180,200,220,270,320,490,740,1800,2900,3400,84047,26,150,182.0619908784467,60.86750002577901,3431.75687501207,10195.661451330803
1787724134,135,,Aggregated,49.100000,0.000000,150,180,200,220,270,320,490,740,1800,2900,3400,84106,26,150,182.0374384183216,60.86750002577901,3431.75687501207,10195.573347918104
1787724135,135,,Aggregated,49.100000,0.000000,150,180,200,220,270,320,490,740,1800,2900,3400,84119,26,150,182.03281850546765,60.86750002577901,3431.75687501207,10195.64726161747
1787724136,135,,Aggregated,52.500000,0.000000,150,180,200,220,270,330,490,750,1800,2900,3400,84197,26,150,182.2112958160084,60.86750002577901,3431.75687501207,10195.366117557633
1787724137,115,,Aggregated,49.800000,0.000000,150,180,200,220,270,330,490,750,1800,2900,3400,84237,26,150,182.19283864457313,60.86750002577901,3431.75687501207,10195.308261215381
1787724138,105,,Aggregated,53.100000,0.000000,150,180,200,220,270,330,490,750,1800,2900,3400,84275,26,150,182.18315790400453,60.86750002577901,3431.75687501207,10195.526549985168
1787724139,105,,Aggregated,52.900000,0.000000,150,180,200,220,270,330,490,750,1800,2900,3400,84316,26,150,182.17167616602737,60.86750002577901,3431.75687501207,10195.295258313961
1787724140,105,,Aggregated,52.400000,0.000000,150,180,200,220,270,330,490,750,1800,2900,3400,84358,26,150,182.16882522495192,60.86750002577901,3431.75687501207,10195.79526541644
1787724141,105,,Aggregated,50.200000,0.000000,150,180,200,220,270,330,490,740,1800,2900,3400,84406,26,150,182.1553366861089,60.86750002577901,3431.75687501207,10196.054297087885
1787724142,105,,Aggregated,47.900000,0.000000,150,180,200,220,270,320,490,740,1800,2900,3400,84451,26,150,182.13891874915998,60.86750002577901,3431.75687501207,10195.713549869155
1787724143,105,,Aggregated,48.400000,0.000000,150,180,200,220,270,320,490,740,1800,2900,3400,84501,26,150,182.1216744746573,60.86750002577901,3431.75687501207,10195.395841469332
1787724144,105,,Aggregated,46.800000,0.000000,150,180,200,220,270,320,490,740,1800,2900,3400,84539,26,150,182.11073774218033,60.86750002577901,3431.75687501207,10195.58293805226
1787724145,105,,Aggregated,45.100000,0.000000,150,180,200,220,270,320,490,740,1800,2900,3400,84570,26,150,182.09788584041846,60.86750002577901,3431.75687501207,10195.357833747192
1787724146,105,,Aggregated,42.800000,0.000000,150,180,200,220,270,330,490,740,1800,2900,3400,84605,26,150,182.16484254109955,60.86750002577901,3431.75687501207,10194.630400094557
1787724147,105,,Aggregated,44.300000,0.000000,150,180,200,220,270,330,490,740,1800,2900,3400,84656,26,150,182.1672139082156,60.86750002577901,3431.75687501207,10194.848221035722
1787724148,105,,Aggregated,39.500000,0.000000,150,180,200,220,270,330,490,750,1800,2900,3400,84681,26,150,182.23675725851717,60.86750002577901,3431.75687501207,10194.189097908622
1787724149,105,,Aggregated,41.500000,0.000000,150,180,200,220,270,330,490,750,1800,2900,3400,84727,26,150,182.26881441510733,60.86750002577901,3431.75687501207,10194.600670388423
1787724150,105,,Aggregated,39.400000,0.000000,150,180,200,220,270,330,490,750,1800,2900,3400,84760,26,150,182.260242629086,60.86750002577901,3431.75687501207,10194.573100519112
1787724151,105,,Aggregated,41.000000,0.000000,150,180,200,220,270,330,490,750,1800,2900,3400,84804,26,150,182.24643735543444,60.86750002577901,3431.75687501207,10194.525470496676
1787724152,105,,Aggregated,40.900000,0.000000,150,180,200,220,270,330,490,750,1800,2900,3400,84843,26,150,182.23435683643433,60.86750002577901,3431.75687501207,10194.307355939794
1787724153,105,,Aggregated,39.200000,0.000000,150,180,200,220,270,330,490,750,1800,2900,3400,84880,26,150,182.22390918052525,60.86750002577901,3431.75687501207,10194.168708765315
1787724154,105,,Aggregated,39.600000,0.000000,150,180,200,220,270,330,490,750,1800,2900,3400,84924,26,150,182.20772081398263,60.86750002577901,3431.75687501207,10194.065658706608
1787724155,105,,Aggregated,38.200000,0.000000,150,180,200,220,270,330,490,750,1800,2900,3400,84957,26,150,182.19204505360455,60.86750002577901,3431.75687501207,10194.124239321069
1787724156,105,,Aggregated,38.500000,0.000000,150,180,200,220,270,330,490,750,1800,2900,3400,85002,26,150,182.17387057256943,60.86750002577901,3431.75687501207,10193.916601962306
1787724157,105,,Aggregated,38.300000,0.000000,150,180,200,220,270,330,490,750,1800,2900,3400,85031,26,150,182.16652485650684,60.86750002577901,3431.75687501207,10194.196845856217
1787724158,105,,Aggregated,40.100000,0.000000,150,180,200,220,270,330,490,750,1800,2900,3400,85085,26,150,182.18169001425505,60.86750002577901,3431.75687501207,10193.639207850973
1787724159,105,,Aggregated,38.100000,0.000000,150,180,200,220,270,330,490,750,1800,2900,3400,85125,26,150,182.17885079281882,60.86750002577901,3431.75687501207,10194.180980910425
1787724160,105,,Aggregated,40.400000,0.000000,150,180,200,220,270,330,490,750,1800,2900,3400,85158,26,150,182.1796513841699,60.86750002577901,3431.75687501207,10194.28209915686
1787724161,105,,Aggregated,40.000000,0.000000,150,180,200,220,270,330,490,750,1800,2900,3400,85201,26,150,182.1629630368069,60.86750002577901,3431.75687501207,10193.787760707033
1787724162,105,,Aggregated,38.800000,0.000000,150,180,200,220,270,330,490,750,1800,2900,3400,85240,26,150,182.15204183277092,60.86750002577901,3431.75687501207,10193.961719849836
1787724163,105,,Aggregated,39.300000,0.000000,150,180,200,220,270,330,490,750,1800,2900,3400,85284,26,150,182.14807691251238,60.86750002577901,3431.75687501207,10193.929001922987
1787724164,105,,Aggregated,39.800000,0.000000,150,180,200,220,270,330,490,750,1800,2900,3400,85331,26,150,182.13431399917113,60.86750002577901,3431.75687501207,10194.040524545593
1787724165,105,,Aggregated,40.100000,0.000000,150,180,200,220,270,330,490,750,1800,2900,3400,85367,26,150,182.12216329822195,60.86750002577901,3431.75687501207,10193.751074771282
1787724166,105,,Aggregated,40.200000,0.000000,150,180,200,220,270,330,490,740,1800,2900,3400,85408,26,150,182.11207456885995,60.86750002577901,3431.75687501207,10193.817148276508
1787724167,105,,Aggregated,41.200000,0.000000,150,180,200,220,270,330,490,740,1800,2900,3400,85456,26,150,182.09650585563793,60.86750002577901,3431.75687501207,10194.117943737128
1787724168,105,,Aggregated,40.300000,0.000000,150,180,200,220,270,320,490,740,1800,2900,3400,85497,26,150,182.0823468014529,60.86750002577901,3431.75687501207,10194.135805934711
1787724169,105,,Aggregated,41.000000,0.000000,150,180,200,220,270,320,490,740,1800,2900,3400,85537,26,150,182.0749055933186,60.86750002577901,3431.75687501207,10194.606392555268
1787724170,105,,Aggregated,41.200000,0.000000,150,180,200,220,270,320,490,740,1800,2900,3400,85586,26,150,182.05827378684302,60.86750002577901,3431.75687501207,10194.579966349636
1787724171,105,,Aggregated,40.400000,0.000000,150,180,200,220,270,320,490,740,1800,2900,3400,85624,26,150,182.04236232773144,60.86750002577901,3431.75687501207,10194.025401756517
1787724172,105,,Aggregated,43.100000,0.000000,150,180,200,220,270,320,490,740,1800,2900,3400,85657,26,150,182.02936563354544,60.86750002577901,3431.75687501207,10194.159286456448
1787724173,105,,Aggregated,42.000000,0.000000,150,180,200,220,270,320,490,740,1800,2900,3400,85697,26,150,182.02383689030728,60.86750002577901,3431.75687501207,10194.74227802607
1787724174,105,,Aggregated,41.100000,0.000000,150,180,200,220,270,320,490,740,1800,2900,3400,85736,26,150,182.00951157169155,60.86750002577901,3431.75687501207,10194.835716618456
1787724175,105,,Aggregated,40.700000,0.000000,150,180,200,220,270,320,490,740,1800,2900,3400,85777,26,150,181.99259916442037,60.86750002577901,3431.75687501207,10194.48573626963
1787724176,105,,Aggregated,40.700000,0.000000,150,180,200,220,270,320,490,740,1800,2900,3400,85815,26,150,181.97948199162943,60.86750002577901,3431.75687501207,10194.523847812154
1787724177,105,,Aggregated,40.300000,0.000000,150,180,200,220,270,320,490,740,1800,2900,3400,85871,26,150,181.96169280506956,60.86750002577901,3431.75687501207,10194.711940003028
1787724178,105,,Aggregated,41.100000,0.000000,150,180,200,220,270,320,490,740,1800,2900,3400,85908,26,150,181.94536427518457,60.86750002577901,3431.75687501207,10194.584578851795
1787724179,105,,Aggregated,41.300000,0.000000,150,180,200,220,270,320,490,740,1800,2900,3400,85938,26,150,181.93544348231805,60.86750002577901,3431.75687501207,10194.422793176476
1787724180,105,,Aggregated,41.100000,0.000000,150,180,200,220,270,320,490,740,1800,2900,3400,85980,26,150,181.9332116313616,60.86750002577901,3431.75687501207,10194.384961618982
1787724181,105,,Aggregated,40.500000,0.000000,150,180,200,220,270,320,490,740,1800,2900,3400,86019,26,150,181.9205042202771,60.86750002577901,3431.75687501207,10194.668224462037
1787724182,105,,Aggregated,39.200000,0.000000,150,180,200,220,270,320,490,740,1800,2900,3400,86058,26,150,181.90524312700393,60.86750002577901,3431.75687501207,10194.681400915662
1787724183,105,,Aggregated,39.000000,0.000000,150,180,200,220,270,320,490,740,1800,2900,3400,86104,26,150,181.89570843039033,60.86750002577901,3431.75687501207,10194.978154325003
1787724184,105,,Aggregated,39.500000,0.000000,150,180,200,220,270,320,490,740,1800,2900,3400,86142,26,150,181.89207220224128,60.86750002577901,3431.75687501207,10195.281976271737
1787724185,105,,Aggregated,39.900000,0.000000,150,180,200,220,270,320,490,740,1800,2900,3400,86182,26,150,181.87510085415937,60.86750002577901,3431.75687501207,10195.306490914576
1787724186,105,,Aggregated,40.000000,0.000000,150,180,200,220,270,320,490,740,1800,2900,3400,86222,26,150,181.88740203515363,60.86750002577901,3431.75687501207,10195.501078611027
1787724187,105,,Aggregated,41.200000,0.000000,150,180,200,220,270,320,490,740,1800,2900,3400,86279,26,150,181.88273507148423,60.86750002577901,3431.75687501207,10195.14684917535
1787724188,105,,Aggregated,39.900000,0.000000,150,180,200,220,270,320,490,740,1800,2900,3400,86313,26,150,181.86983881759693,60.86750002577901,3431.75687501207,10195.276354662681
1787724189,105,,Aggregated,39.700000,0.000000,150,180,200,220,270,320,490,740,1800,2900,3400,86346,26,150,181.85459593125336,60.86750002577901,3431.75687501207,10195.065920830148
1787724190,105,,Aggregated,40.600000,0.000000,150,180,200,220,270,320,490,740,1800,2900,3400,86388,26,150,181.84000876697974,60.86750002577901,3431.75687501207,10194.851541880817
1787724191,105,,Aggregated,40.300000,0.000000,150,180,200,220,270,320,490,740,1800,2900,3400,86425,26,150,181.82469174994324,60.86750002577901,3431.75687501207,10194.639305756436
1787724192,105,,Aggregated,40.500000,0.000000,150,180,200,220,270,320,490,740,1800,2900,3400,86475,26,150,181.82020674024264,60.86750002577901,3431.75687501207,10195.071824226656
1787724193,105,,Aggregated,40.900000,0.000000,150,180,200,220,270,320,490,740,1800,2900,3400,86522,26,150,181.80729262150834,60.86750002577901,3431.75687501207,10194.886976722682
1787724194,105,,Aggregated,41.300000,0.000000,150,180,200,220,270,320,490,740,1800,2900,3400,86568,26,150,181.79037684622585,60.86750002577901,3431.75687501207,10195.058462711395
1787724195,105,,Aggregated,41.800000,0.000000,150,180,200,220,270,320,490,740,1800,2900,3400,86604,26,150,181.7751757798622,60.86750002577901,3431.75687501207,10194.828275830216
1787724196,85,,Aggregated,42.200000,0.000000,150,180,200,220,270,320,490,740,1800,2900,3400,86642,26,150,181.7596666107644,60.86750002577901,3431.75687501207,10194.485653609105
1787724197,65,,Aggregated,40.900000,0.000000,150,180,200,220,270,320,490,740,1800,2900,3400,86660,26,150,181.75600474161268,60.86750002577901,3431.75687501207,10194.62239787676
1787724198,45,,Aggregated,41.700000,0.000000,150,180,200,220,270,320,490,740,1800,2900,3400,86678,26,150,181.75128809059515,60.86750002577901,3431.75687501207,10194.65861002792
1787724199,25,,Aggregated,40.400000,0.000000,150,180,200,220,270,320,490,740,1800,2900,3400,86684,26,150,181.74696442237808,60.86750002577901,3431.75687501207,10194.486733422546
1787724200,22,,Aggregated,37.300000,0.000000,150,180,200,220,270,320,490,740,1800,2900,3400,86698,26,150,181.7434803656172,60.86750002577901,3431.75687501207,10194.523033980022
1787724201,22,,Aggregated,35.200000,0.000000,150,180,200,220,270,320,490,740,1800,2900,3400,86704,26,150,181.74269070378477,60.86750002577901,3431.75687501207,10194.59613166636
1787724202,22,,Aggregated,32.100000,0.000000,150,180,200,220,270,320,490,740,1800,2900,3400,86717,26,150,181.74323407355615,60.86750002577901,3431.75687501207,10194.55935975645
1787724203,22,,Aggregated,29.700000,0.000000,150,180,200,220,270,320,490,740,1800,2900,3400,86724,26,150,181.7413903469322,60.86750002577901,3431.75687501207,10194.653982749873
1787724204,22,,Aggregated,25.400000,0.000000,150,180,200,220,270,320,490,740,1800,2900,3400,86733,26,150,181.7383186795153,60.86750002577901,3431.75687501207,10194.64120922832
1787724205,22,,Aggregated,22.400000,0.000000,150,180,200,220,270,320,490,740,1800,2900,3400,86739,26,150,181.73790539132847,60.86750002577901,3431.75687501207,10194.687879731147
1787724206,22,,Aggregated,18.500000,0.000000,150,180,200,220,270,320,490,740,1800,2900,3400,86748,26,150,181.73448311474988,60.86750002577901,3431.75687501207,10194.782473371144
1787724207,22,,Aggregated,15.600000,0.000000,150,180,200,220,270,320,490,740,1800,2900,3400,86758,26,150,181.73377146474675,60.86750002577901,3431.75687501207,10194.990536895733
1787724208,22,,Aggregated,12.400000,0.000000,150,180,200,220,270,320,490,740,1800,2900,3400,86767,26,150,181.732339660978,60.86750002577901,3431.75687501207,10194.943722843938
1787724209,22,,Aggregated,9.900000,0.000000,150,180,200,220,270,320,490,740,1800,2900,3400,86779,26,150,181.73148773738862,60.86750002577901,3431.75687501207,10195.18169142304
1787724210,22,,Aggregated,9.000000,0.000000,150,180,200,220,270,320,490,740,1800,2900,3400,86786,26,150,181.7286308269525,60.86750002577901,3431.75687501207,10195.112863825963
1787724211,22,,Aggregated,9.500000,0.000000,150,180,200,220,270,320,490,740,1800,2900,3400,86794,26,150,181.72543857954062,60.86750002577901,3431.75687501207,10195.067458580086
1787724212,22,,Aggregated,8.900000,0.000000,150,180,200,220,270,320,490,740,1800,2900,3400,86804,26,150,181.72508430474946,60.86750002577901,3431.75687501207,10195.203274042671
1787724213,22,,Aggregated,8.800000,0.000000,150,180,200,220,270,320,490,740,1800,2900,3400,86813,26,150,181.72236047345984,60.86750002577901,3431.75687501207,10195.32422563441
1787724214,22,,Aggregated,9.300000,0.000000,150,180,200,220,270,320,490,740,1800,2900,3400,86823,26,150,181.72044192005347,60.86750002577901,3431.75687501207,10195.365870794605
1787724215,22,,Aggregated,8.500000,0.000000,150,180,200,220,270,320,490,740,1800,2900,3400,86829,26,150,181.7189859094862,60.86750002577901,3431.75687501207,10195.474334611708
1787724216,22,,Aggregated,9.000000,0.000000,150,180,200,220,270,320,490,740,1800,2900,3400,86838,26,150,181.71421498739033,60.86750002577901,3431.75687501207,10195.335072203414
1787724217,22,,Aggregated,8.600000,0.000000,150,180,200,220,270,320,490,740,1800,2900,3400,86851,26,150,181.7138717568076,60.86750002577901,3431.75687501207,10195.529400928026
1787724218,22,,Aggregated,9.000000,0.000000,150,180,200,220,270,320,490,740,1800,2900,3400,86862,26,150,181.71006848451214,60.86750002577901,3431.75687501207,10195.50373005457
1787724219,22,,Aggregated,9.200000,0.000000,150,180,200,220,270,320,490,740,1800,2900,3400,86867,26,150,181.71109302238438,60.86750002577901,3431.75687501207,10195.725672579922
1787724220,22,,Aggregated,9.300000,0.000000,150,180,200,220,270,320,490,740,1800,2900,3400,86876,26,150,181.7084834077814,60.86750002577901,3431.75687501207,10195.732618905105
1787724221,22,,Aggregated,8.900000,0.000000,150,180,200,220,270,320,490,740,1800,2900,3400,86883,26,150,181.7057770890171,60.86750002577901,3431.75687501207,10195.679062647469
1787724222,22,,Aggregated,8.900000,0.000000,150,180,200,220,270,320,490,740,1800,2900,3400,86891,26,150,181.70194743739611,60.86750002577901,3431.75687501207,10195.48216731307
1787724223,22,,Aggregated,8.900000,0.000000,150,180,200,220,270,320,490,740,1800,2900,3400,86897,26,150,181.70378499729037,60.86750002577901,3431.75687501207,10195.578857728115
1787724224,22,,Aggregated,8.700000,0.000000,150,180,200,220,270,320,490,740,1800,2900,3400,86907,26,150,181.70307202376802,60.86750002577901,3431.75687501207,10195.469847077911
1787724225,22,,Aggregated,8.800000,0.000000,150,180,200,220,270,320,490,740,1800,2900,3400,86915,26,150,181.6998989289708,60.86750002577901,3431.75687501207,10195.259978139562
1787724226,22,,Aggregated,8.100000,0.000000,150,180,200,220,270,320,490,740,1800,2900,3400,86920,26,150,181.69723232754345,60.86750002577901,3431.75687501207,10195.217878508975
1787724227,22,,Aggregated,8.500000,0.000000,150,180,200,220,270,320,490,740,1800,2900,3400,86931,26,150,181.69751387872358,60.86750002577901,3431.75687501207,10195.332505090244
1787724228,22,,Aggregated,8.400000,0.000000,150,180,200,220,270,320,490,740,1800,2900,3400,86939,26,150,181.696356976236,60.86750002577901,3431.75687501207,10195.431566960742
1787724229,22,,Aggregated,8.100000,0.000000,150,180,200,220,270,320,490,740,1800,2900,3400,86945,26,150,181.69621095844644,60.86750002577901,3431.75687501207,10195.587566852608
1787724230,22,,Aggregated,8.000000,0.000000,150,180,200,220,270,320,490,740,1800,2900,3400,86952,26,150,181.69594510036652,60.86750002577901,3431.75687501207,10195.636167080687
1787724231,22,,Aggregated,7.400000,0.000000,150,180,200,220,270,320,490,740,1800,2900,3400,86962,26,150,181.69190555729847,60.86750002577901,3431.75687501207,10195.564614429291
1787724232,22,,Aggregated,7.800000,0.000000,150,180,200,220,270,320,490,740,1800,2900,3400,86964,26,150,181.69076261719533,60.86750002577901,3431.75687501207,10195.507554850283
1787724233,22,,Aggregated,7.500000,0.000000,150,180,200,220,270,320,490,740,1800,2900,3400,86971,26,150,181.69014888048838,60.86750002577901,3431.75687501207,10195.774924974992
1787724234,22,,Aggregated,7.700000,0.000000,150,180,200,220,270,320,490,740,1800,2900,3400,86982,26,150,181.68532442142802,60.86750002577901,3431.75687501207,10195.543273320916
1787724235,22,,Aggregated,7.400000,0.000000,150,180,200,220,270,320,490,740,1800,2900,3400,86987,26,150,181.6844966028445,60.86750002577901,3431.75687501207,10195.646958740961
1787724236,22,,Aggregated,7.100000,0.000000,150,180,200,220,270,320,490,740,1800,2900,3400,86997,26,150,181.6813845687317,60.86750002577901,3431.75687501207,10195.538144993505
1787724237,22,,Aggregated,7.600000,0.000000,150,180,200,220,270,320,490,740,1800,2900,3400,87005,26,150,181.67711849169783,60.86750002577901,3431.75687501207,10195.29779897707
1787724238,22,,Aggregated,7.600000,0.000000,150,180,200,220,270,320,490,740,1800,2900,3400,87016,26,150,181.67974586563673,60.86750002577901,3431.75687501207,10195.446458122644
1787724239,22,,Aggregated,7.500000,0.000000,150,180,200,220,270,320,490,740,1800,2900,3400,87028,26,150,181.6848324135281,60.86750002577901,3431.75687501207,10195.502390035392
1787724240,22,,Aggregated,7.500000,0.000000,150,180,200,220,270,320,490,740,1800,2900,3400,87039,26,150,181.68091601407946,60.86750002577901,3431.75687501207,10195.348809154517
1787724241,22,,Aggregated,8.000000,0.000000,150,180,200,220,270,320,490,740,1800,2900,3400,87044,26,150,181.67834970425866,60.86750002577901,3431.75687501207,10195.224231423188
1787724242,22,,Aggregated,8.300000,0.000000,150,180,200,220,270,320,490,740,1800,2900,3400,87053,26,150,181.67521545578788,60.86750002577901,3431.75687501207,10195.114711727338
1787724243,22,,Aggregated,8.700000,0.000000,150,180,200,220,270,320,490,740,1800,2900,3400,87059,26,150,181.6732996539383,60.86750002577901,3431.75687501207,10195.090639681135
1787724244,22,,Aggregated,8.400000,0.000000,150,180,200,220,270,320,490,740,1800,2900,3400,87071,26,150,181.67103835027376,60.86750002577901,3431.75687501207,10195.055552365311
1787724245,22,,Aggregated,8.900000,0.000000,150,180,200,220,270,320,490,740,1800,2900,3400,87079,26,150,181.6696417571623,60.86750002577901,3431.75687501207,10195.058843119466
1787724246,22,,Aggregated,8.800000,0.000000,150,180,200,220,270,320,490,740,1800,2900,3400,87086,26,150,181.66981995657846,60.86750002577901,3431.75687501207,10195.256941414234
1787724247,22,,Aggregated,8.700000,0.000000,150,180,200,220,270,320,490,740,1800,2900,3400,87097,26,150,181.67028358743718,60.86750002577901,3431.75687501207,10195.354662043468
1787724248,22,,Aggregated,8.900000,0.000000,150,180,200,220,270,320,490,740,1800,2900,3400,87101,26,150,181.66923407490603,60.86750002577901,3431.75687501207,10195.51635457687
1787724249,22,,Aggregated,8.800000,0.000000,150,180,200,220,270,320,490,740,1800,2900,3400,87111,26,150,181.66762160670328,60.86750002577901,3431.75687501207,10195.540195842086
1787724250,22,,Aggregated,9.000000,0.000000,150,180,200,220,270,320,490,740,1800,2900,3400,87115,26,150,181.6666903321055,60.86750002577901,3431.75687501207,10195.553268667853
1787724251,22,,Aggregated,8.600000,0.000000,150,180,200,220,270,320,490,740,1800,2900,3400,87128,26,150,181.66544905138562,60.86750002577901,3431.75687501207,10195.803828849508
1787724252,22,,Aggregated,8.100000,0.000000,150,180,200,220,270,320,490,740,1800,2900,3400,87134,26,150,181.66532056074598,60.86750002577901,3431.75687501207,10195.924208690063
1787724253,22,,Aggregated,7.700000,0.000000,150,180,200,220,270,320,490,740,1800,2900,3400,87145,26,150,181.6672043814665,60.86750002577901,3431.75687501207,10196.089850249584
1787724254,22,,Aggregated,8.200000,0.000000,150,180,200,220,270,320,490,740,1800,2900,3400,87155,26,150,181.66493429988773,60.86750002577901,3431.75687501207,10196.233056049567
1787724255,22,,Aggregated,7.900000,0.000000,150,180,200,220,270,320,490,740,1800,2900,3400,87170,26,150,181.66658805485707,60.86750002577901,3431.75687501207,10196.255661351383
1787724256,15,,Aggregated,8.600000,0.000000,150,180,200,220,270,320,490,740,1800,2900,3400,87175,26,150,181.66508627797717,60.86750002577901,3431.75687501207,10196.130977917981
1787724257,15,,Aggregated,8.400000,0.000000,150,180,200,220,270,320,490,740,1800,2900,3400,87182,26,150,181.6635928578597,60.86750002577901,3431.75687501207,10196.039147989264
1787724258,15,,Aggregated,9.100000,0.000000,150,180,200,220,270,320,490,740,1800,2900,3400,87191,26,150,181.66029412430285,60.86750002577901,3431.75687501207,10195.964503217076
1787724259,15,,Aggregated,8.900000,0.000000,150,180,200,220,270,320,490,740,1800,2900,3400,87197,26,150,181.65928714901975,60.86750002577901,3431.75687501207,10195.99966741975
1787724261,15,,Aggregated,8.400000,0.000000,150,180,200,220,270,320,490,740,1800,2900,3400,87204,26,150,181.65763471513557,60.86750002577901,3431.75687501207,10196.196000183478
1787724262,15,,Aggregated,8.600000,0.000000,150,180,200,220,270,320,490,740,1800,2900,3400,87207,26,150,181.65727010434597,60.86750002577901,3431.75687501207,10196.28602061761
1787724263,15,,Aggregated,8.600000,0.000000,150,180,200,220,270,320,490,740,1800,2900,3400,87211,26,150,181.65644396288923,60.86750002577901,3431.75687501207,10196.200685693319
1787724264,15,,Aggregated,8.700000,0.000000,150,180,200,220,270,320,490,740,1800,2900,3400,87218,26,150,181.65971910172266,60.86750002577901,3431.75687501207,10196.26438349882
1787724265,15,,Aggregated,7.900000,0.000000,150,180,200,220,270,320,490,740,1800,2900,3400,87226,26,150,181.6566340171551,60.86750002577901,3431.75687501207,10196.187168963383
1787724266,15,,Aggregated,7.700000,0.000000,150,180,200,220,270,320,490,740,1800,2900,3400,87228,26,150,181.65550144627227,60.86750002577901,3431.75687501207,10196.130749300683
1787724267,15,,Aggregated,7.200000,0.000000,150,180,200,220,270,320,490,740,1800,2900,3400,87232,26,150,181.65380571814762,60.86750002577901,3431.75687501207,10196.193048422598
1787724268,15,,Aggregated,7.100000,0.000000,150,180,200,220,270,320,490,740,1800,2900,3400,87239,26,150,181.6513158032931,60.86750002577901,3431.75687501207,10196.093891493483
1787724269,15,,Aggregated,5.700000,0.000000,150,180,200,220,270,320,490,740,1800,2900,3400,87244,26,150,181.65320999854706,60.86750002577901,3431.75687501207,10196.305579753336
1787724270,15,,Aggregated,5.700000,0.000000,150,180,200,220,270,320,490,740,1800,2900,3400,87250,26,150,181.65176726251116,60.86750002577901,3431.75687501207,10196.260022922635
1787724271,15,,Aggregated,5.700000,0.000000,150,180,200,220,270,320,480,740,1800,2900,3400,87253,26,150,181.64945489491507,60.86750002577901,3431.75687501207,10196.174584254983
1787724272,15,,Aggregated,5.100000,0.000000,150,180,200,220,270,320,480,740,1800,2900,3400,87259,26,150,181.64670135444086,60.86750002577901,3431.75687501207,10196.13049656769
1787724273,15,,Aggregated,4.900000,0.000000,150,180,200,220,270,320,480,740,1800,2900,3400,87268,26,150,181.64288969166626,60.86750002577901,3431.75687501207,10196.137713709493
1787724274,15,,Aggregated,4.900000,0.000000,150,180,200,220,270,320,480,740,1800,2900,3400,87276,26,150,181.64231442573703,60.86750002577901,3431.75687501207,10196.265514001558
1787724275,15,,Aggregated,5.100000,0.000000,150,180,200,220,270,320,480,740,1800,2900,3400,87280,26,150,181.6434740297862,60.86750002577901,3431.75687501207,10196.490730980751
1787724276,15,,Aggregated,5.800000,0.000000,150,180,200,220,270,320,480,740,1800,2900,3400,87286,26,150,181.64056900859947,60.86750002577901,3431.75687501207,10196.405506037623
1787724277,15,,Aggregated,5.800000,0.000000,150,180,200,220,270,320,480,740,1800,2900,3400,87290,26,150,181.639496711463,60.86750002577901,3431.75687501207,10196.406655974339
1787724278,15,,Aggregated,5.700000,0.000000,150,180,200,220,270,320,480,740,1800,2900,3400,87299,26,150,181.63322068389667,60.86750002577901,3431.75687501207,10196.155179326224
1787724279,15,,Aggregated,5.700000,0.000000,150,180,200,220,270,320,480,740,1800,2900,3400,87304,26,150,181.6352920392186,60.86750002577901,3431.75687501207,10196.30326216439
1787724280,15,,Aggregated,5.700000,0.000000,150,180,200,220,270,320,480,740,1800,2900,3400,87309,26,150,181.63280439472203,60.86750002577901,3431.75687501207,10196.148942262538
1787724281,15,,Aggregated,6.100000,0.000000,150,180,200,220,270,320,480,740,1800,2900,3400,87314,26,150,181.6302065569769,60.86750002577901,3431.75687501207,10196.104736926494
1787724282,15,,Aggregated,5.900000,0.000000,150,180,200,220,270,320,480,740,1800,2900,3400,87319,26,150,181.6278586550585,60.86750002577901,3431.75687501207,10195.993277522646
1787724283,15,,Aggregated,5.900000,0.000000,150,180,200,220,270,320,480,740,1800,2900,3400,87323,26,150,181.62629878182224,60.86750002577901,3431.75687501207,10195.880260641527
1787724284,15,,Aggregated,6.000000,0.000000,150,180,200,220,270,320,480,740,1800,2900,3400,87329,26,150,181.62330514665206,60.86750002577901,3431.75687501207,10195.74030390821
1787724285,15,,Aggregated,5.400000,0.000000,150,180,200,220,270,320,480,740,1800,2900,3400,87338,26,150,181.61889075805286,60.86750002577901,3431.75687501207,10195.572809086538
1787724286,15,,Aggregated,5.200000,0.000000,150,180,200,220,270,320,480,740,1800,2900,3400,87341,26,150,181.61849378281462,60.86750002577901,3431.75687501207,10195.664510367411
1787724287,15,,Aggregated,5.400000,0.000000,150,180,200,220,270,320,480,740,1800,2900,3400,87350,26,150,181.61668921037165,60.86750002577901,3431.75687501207,10195.770509444763
1787724288,15,,Aggregated,5.400000,0.000000,150,180,200,220,270,320,480,740,1800,2900,3400,87351,26,150,181.6166483037951,60.86750002577901,3431.75687501207,10195.743059610078
1787724289,15,,Aggregated,5.700000,0.000000,150,180,200,220,270,320,480,740,1800,2900,3400,87359,26,150,181.61446387781055,60.86750002577901,3431.75687501207,10195.617841321444
1787724290,15,,Aggregated,5.500000,0.000000,150,180,200,220,270,320,480,740,1800,2900,3400,87363,26,150,181.61222544185082,60.86750002577901,3431.75687501207,10195.506015132265
1787724291,15,,Aggregated,5.400000,0.000000,150,180,200,220,270,320,480,740,1800,2900,3400,87369,26,150,181.61029424036903,60.86750002577901,3431.75687501207,10195.481154642952
1787724292,15,,Aggregated,5.500000,0.000000,150,180,200,220,270,320,480,740,1800,2900,3400,87378,26,150,181.60629213906873,60.86750002577901,3431.75687501207,10195.46747465037
1787724293,15,,Aggregated,5.400000,0.000000,150,180,200,220,270,320,480,740,1800,2900,3400,87385,26,150,181.60655686026496,60.86750002577901,3431.75687501207,10195.578154145449
1787724294,15,,Aggregated,5.600000,0.000000,150,180,200,220,270,320,480,740,1800,2900,3400,87389,26,150,181.6047564761282,60.86750002577901,3431.75687501207,10195.464005767317
1787724295,15,,Aggregated,6.300000,0.000000,150,180,200,220,270,320,480,740,1800,2900,3400,87395,26,150,181.6030279562231,60.86750002577901,3431.75687501207,10195.540191086446
1787724296,15,,Aggregated,5.900000,0.000000,150,180,200,220,270,320,480,740,1800,2900,3400,87404,26,150,181.60065204090574,60.86750002577901,3431.75687501207,10195.405542080454
1787724297,15,,Aggregated,5.800000,0.000000,150,180,200,220,270,320,480,740,1800,2900,3400,87411,26,150,181.59732586030552,60.86750002577901,3431.75687501207,10195.309320337257
1787724298,15,,Aggregated,6.000000,0.000000,150,180,200,220,270,320,480,740,1800,2900,3400,87418,26,150,181.59360464311766,60.86750002577901,3431.75687501207,10195.18604863987
1787724299,15,,Aggregated,6.100000,0.000000,150,180,200,220,270,320,480,740,1800,2900,3400,87425,26,150,181.593701535887,60.86750002577901,3431.75687501207,10195.439233628826
1787724300,15,,Aggregated,6.400000,0.000000,150,180,200,220,270,320,480,740,1800,2900,3400,87430,26,150,181.59176526630807,60.86750002577901,3431.75687501207,10195.453334095848
1787724301,15,,Aggregated,6.600000,0.000000,150,180,200,220,270,320,480,740,1800,2900,3400,87437,26,150,181.5890467139087,60.86750002577901,3431.75687501207,10195.354232190033
1787724302,15,,Aggregated,6.600000,0.000000,150,180,200,220,270,320,480,740,1800,2900,3400,87442,26,150,181.58760898487918,60.86750002577901,3431.75687501207,10195.389481027423
1787724303,15,,Aggregated,6.900000,0.000000,150,180,200,220,270,320,480,740,1800,2900,3400,87449,26,150,181.58550389393167,60.86750002577901,3431.75687501207,10195.455419730357
1787724304,15,,Aggregated,6.500000,0.000000,150,180,200,220,270,320,480,740,1800,2900,3400,87457,26,150,181.5836066288376,60.86750002577901,3431.75687501207,10195.44451559052
1787724305,15,,Aggregated,6.200000,0.000000,150,180,200,220,270,320,480,740,1800,2900,3400,87460,26,150,181.58140068056434,60.86750002577901,3431.75687501207,10195.348113423279
1787724306,15,,Aggregated,6.800000,0.000000,150,180,200,220,270,320,480,740,1800,2900,3400,87465,26,150,181.579633339296,60.86750002577901,3431.75687501207,10195.452089407192
1787724307,15,,Aggregated,6.700000,0.000000,150,180,200,220,270,320,480,740,1800,2900,3400,87470,26,150,181.57778547241625,60.86750002577901,3431.75687501207,10195.454201440494
1787724308,15,,Aggregated,6.300000,0.000000,150,180,200,220,270,320,480,740,1800,2900,3400,87477,26,150,181.57874898572976,60.86750002577901,3431.75687501207,10195.60977171142
1787724309,15,,Aggregated,6.300000,0.000000,150,180,200,220,270,320,480,740,1800,2900,3400,87483,26,150,181.57761017835787,60.86750002577901,3431.75687501207,10195.647302904565
1787724310,15,,Aggregated,5.700000,0.000000,150,180,200,220,270,320,480,740,1800,2900,3400,87491,26,150,181.57380777241326,60.86750002577901,3431.75687501207,10195.504486175721
1787724311,15,,Aggregated,5.900000,0.000000,150,180,200,220,270,320,480,740,1800,2900,3400,87494,26,150,181.57295796881266,60.86750002577901,3431.75687501207,10195.583902896198
1787724312,15,,Aggregated,6.200000,0.000000,150,180,200,220,270,320,480,740,1800,2900,3400,87505,26,150,181.57151276575115,60.86750002577901,3431.75687501207,10195.872784412319
1787724313,15,,Aggregated,6.200000,0.000000,150,180,200,220,270,320,480,740,1800,2900,3400,87508,26,150,181.57057507295207,60.86750002577901,3431.75687501207,10195.788739315263
1787724314,15,,Aggregated,6.000000,0.000000,150,180,200,220,270,320,480,740,1800,2900,3400,87511,26,150,181.56845316093833,60.86750002577901,3431.75687501207,10195.704414302201
1787724315,15,,Aggregated,6.200000,0.000000,150,180,200,220,270,320,480,740,1800,2900,3400,87517,26,150,181.56638223699443,60.86750002577901,3431.75687501207,10195.656055394951
1787724316,13,,Aggregated,5.500000,0.000000,150,180,200,220,270,320,480,740,1800,2900,3400,87521,26,150,181.5648260539634,60.86750002577901,3431.75687501207,10195.532466493756
1787724317,13,,Aggregated,5.500000,0.000000,150,180,200,220,270,320,480,740,1800,2900,3400,87528,26,150,181.56182197870734,60.86750002577901,3431.75687501207,10195.334898546751
1787724318,13,,Aggregated,5.500000,0.000000,150,180,200,220,270,320,480,740,1800,2900,3400,87532,26,150,181.56181419254654,60.86750002577901,3431.75687501207,10195.432607503542
1787724319,13,,Aggregated,5.500000,0.000000,150,180,200,220,270,320,480,740,1800,2900,3400,87536,26,150,181.56047418710995,60.86750002577901,3431.75687501207,10195.320588100896
1787724320,13,,Aggregated,6.000000,0.000000,150,180,200,220,270,320,480,740,1800,2900,3400,87540,26,150,181.5609784158877,60.86750002577901,3431.75687501207,10195.307939227781
1787724321,13,,Aggregated,5.000000,0.000000,150,180,200,220,270,320,480,740,1800,2900,3400,87548,26,150,181.56136555978435,60.86750002577901,3431.75687501207,10195.481724311236
1787724322,13,,Aggregated,4.900000,0.000000,150,180,200,220,270,320,480,740,1800,2900,3400,87552,26,150,181.5592390040014,60.86750002577901,3431.75687501207,10195.369357638889
1787724323,13,,Aggregated,5.100000,0.000000,150,180,200,220,270,320,480,740,1800,2900,3400,87554,26,150,181.55788160006813,60.86750002577901,3431.75687501207,10195.312698448957
1787724324,13,,Aggregated,5.200000,0.000000,150,180,200,220,270,320,480,740,1800,2900,3400,87560,26,150,181.55425365400203,60.86750002577901,3431.75687501207,10195.160792599361
1787724325,13,,Aggregated,4.500000,0.000000,150,180,200,220,270,320,480,740,1800,2900,3400,87565,26,150,181.5528002391886,60.86750002577901,3431.75687501207,10195.194781019814
1787724326,13,,Aggregated,4.500000,0.000000,150,180,200,220,270,320,480,740,1800,2900,3400,87571,26,150,181.55158865742052,60.86750002577901,3431.75687501207,10195.265327562778
1787724327,13,,Aggregated,5.000000,0.000000,150,180,200,220,270,320,480,740,1800,2900,3400,87577,26,150,181.54756977319187,60.86750002577901,3431.75687501207,10195.12746497368
1787724328,13,,Aggregated,5.100000,0.000000,150,180,200,220,270,320,480,740,1800,2900,3400,87584,26,150,181.54553952379655,60.86750002577901,3431.75687501207,10195.23865089514
1787724329,13,,Aggregated,5.100000,0.000000,150,180,200,220,270,320,480,740,1800,2900,3400,87586,26,150,181.54401546652738,60.86750002577901,3431.75687501207,10195.18302011737
1787724330,13,,Aggregated,4.600000,0.000000,150,180,200,220,270,320,480,740,1800,2900,3400,87594,26,150,181.5423103274073,60.86750002577901,3431.75687501207,10195.23149987442
1787724331,13,,Aggregated,5.200000,0.000000,150,180,200,220,270,320,480,740,1800,2900,3400,87601,26,150,181.53996800628917,60.86750002577901,3431.75687501207,10195.292873369026
1787724332,13,,Aggregated,5.100000,0.000000,150,180,200,220,270,320,480,740,1800,2900,3400,87609,26,150,181.54246049476527,60.86750002577901,3431.75687501207,10195.563172733395
1787724333,13,,Aggregated,5.300000,0.000000,150,180,200,220,270,320,480,740,1800,2900,3400,87614,26,150,181.54015035490872,60.86750002577901,3431.75687501207,10195.520955555048
1787724334,13,,Aggregated,5.400000,0.000000,150,180,200,220,270,320,480,740,1800,2900,3400,87617,26,150,181.53937820319004,60.86750002577901,3431.75687501207,10195.438465138044
1787724335,13,,Aggregated,5.800000,0.000000,150,180,200,220,270,320,480,740,1800,2900,3400,87621,26,150,181.53805367610357,60.86750002577901,3431.75687501207,10195.473664988987
1787724336,13,,Aggregated,5.700000,0.000000,150,180,200,220,270,320,480,740,1800,2900,3400,87623,26,150,181.5365915535278,60.86750002577901,3431.75687501207,10195.416865434874
1787724337,13,,Aggregated,5.500000,0.000000,150,180,200,220,270,320,480,740,1800,2900,3400,87629,26,150,181.5353075126695,60.86750002577901,3431.75687501207,10195.442262264776
1787724338,13,,Aggregated,5.000000,0.000000,150,180,200,220,270,320,480,740,1800,2900,3400,87636,26,150,181.53525127975482,60.86750002577901,3431.75687501207,10195.575710895066
1787724339,13,,Aggregated,5.300000,0.000000,150,180,200,220,270,320,480,740,1800,2900,3400,87641,26,150,181.53357104867962,60.86750002577901,3431.75687501207,10195.58000251024
1787724340,13,,Aggregated,5.400000,0.000000,150,180,200,220,270,320,480,740,1800,2900,3400,87644,26,150,181.53700262551908,60.86750002577901,3431.75687501207,10195.645839989047
1787724341,13,,Aggregated,5.400000,0.000000,150,180,200,220,270,320,480,740,1800,2900,3400,87653,26,150,181.53421856624053,60.86750002577901,3431.75687501207,10195.87090002624
1787724342,13,,Aggregated,5.200000,0.000000,150,180,200,220,270,320,480,740,1800,2900,3400,87655,26,150,181.53273316396832,60.86750002577901,3431.75687501207,10195.802578289886
1787724343,13,,Aggregated,5.100000,0.000000,150,180,200,220,270,320,480,740,1800,2900,3400,87658,26,150,181.5325930409068,60.86750002577901,3431.75687501207,10195.96139542312
1787724344,13,,Aggregated,4.900000,0.000000,150,180,200,220,270,320,480,740,1800,2900,3400,87663,26,150,181.53098489610392,60.86750002577901,3431.75687501207,10195.82638057105
1787724345,13,,Aggregated,4.500000,0.000000,150,180,200,220,270,320,480,740,1800,2900,3400,87668,26,150,181.53037979924343,60.86750002577901,3431.75687501207,10195.929723502304
1787724346,13,,Aggregated,4.600000,0.000000,150,180,200,220,270,320,480,740,1800,2900,3400,87675,26,150,181.53062734521856,60.86750002577901,3431.75687501207,10195.992654690619
1787724347,13,,Aggregated,4.500000,0.000000,150,180,200,220,270,320,480,740,1800,2900,3400,87677,26,150,181.53013964646226,60.86750002577901,3431.75687501207,10195.935376438518
1787724348,13,,Aggregated,5.300000,0.000000,150,180,200,220,270,320,480,740,1800,2900,3400,87682,26,150,181.52680849915396,60.86750002577901,3431.75687501207,10195.795716338587
1787724349,13,,Aggregated,4.800000,0.000000,150,180,200,220,270,320,480,740,1800,2900,3400,87686,26,150,181.5257483424476,60.86750002577901,3431.75687501207,10195.826973519148
1787724350,13,,Aggregated,4.600000,0.000000,150,180,200,220,270,320,480,740,1800,2900,3400,87691,26,150,181.5242323655201,60.86750002577901,3431.75687501207,10195.914335564654
1787724351,13,,Aggregated,4.600000,0.000000,150,180,200,220,270,320,480,740,1800,2900,3400,87692,26,150,181.52349888091211,60.86750002577901,3431.75687501207,10195.886717146375
1787724352,13,,Aggregated,4.800000,0.000000,150,180,200,220,270,320,480,740,1800,2900,3400,87697,26,150,181.52095442817912,60.86750002577901,3431.75687501207,10195.859539094838
1787724353,13,,Aggregated,4.500000,0.000000,150,180,200,220,270,320,480,740,1800,2900,3400,87708,26,150,181.5223258799452,60.86750002577901,3431.75687501207,10196.10088019337
1787724354,13,,Aggregated,4.000000,0.000000,150,180,200,220,270,320,480,740,1800,2900,3400,87712,26,150,181.52159818292404,60.86750002577901,3431.75687501207,10196.183201842394
1787724355,13,,Aggregated,4.200000,0.000000,150,180,200,220,270,320,480,740,1800,2900,3400,87718,26,150,181.52009289413613,60.86750002577901,3431.75687501207,10196.200905173397
1787724356,13,,Aggregated,4.700000,0.000000,150,180,200,220,270,320,480,740,1800,2900,3400,87722,26,150,181.51825978312968,60.86750002577901,3431.75687501207,10196.213036638472
1787724357,13,,Aggregated,5.100000,0.000000,150,180,200,220,270,320,480,740,1800,2900,3400,87728,26,150,181.51599575377034,60.86750002577901,3431.75687501207,10196.283524074412
1787724358,13,,Aggregated,4.400000,0.000000,150,180,200,220,270,320,480,740,1800,2900,3400,87734,26,150,181.51561150167544,60.86750002577901,3431.75687501207,10196.55060751818
1787724359,13,,Aggregated,4.800000,0.000000,150,180,200,220,270,320,480,740,1800,2900,3400,87740,26,150,181.51360645314713,60.86750002577901,3431.75687501207,10196.357932527924
1787724360,13,,Aggregated,5.100000,0.000000,150,180,200,220,270,320,480,740,1800,2900,3400,87743,26,150,181.51247928550904,60.86750002577901,3431.75687501207,10196.261764471239
1787724361,13,,Aggregated,5.200000,0.000000,150,180,200,220,270,320,480,740,1800,2900,3400,87753,26,150,181.50961688145708,60.86750002577901,3431.75687501207,10196.358061832643
1787724362,13,,Aggregated,5.000000,0.000000,150,180,200,220,270,320,480,740,1800,2900,3400,87758,26,150,181.50926528388808,60.86750002577901,3431.75687501207,10196.31638141252
1787724363,13,,Aggregated,5.200000,0.000000,150,180,200,220,270,320,480,740,1800,2900,3400,87762,26,150,181.50655244335127,60.86750002577901,3431.75687501207,10196.1909710353
1787724364,13,,Aggregated,6.000000,0.000000,150,180,200,220,270,320,480,740,1800,2900,3400,87766,26,150,181.50402656581466,60.86750002577901,3431.75687501207,10196.077843356197
1787724365,13,,Aggregated,6.000000,0.000000,150,180,200,220,270,320,480,740,1800,2900,3400,87771,26,150,181.50267107245259,60.86750002577901,3431.75687501207,10196.179774640827
1787724366,13,,Aggregated,5.400000,0.000000,150,180,200,220,270,320,480,740,1800,2900,3400,87775,26,150,181.4999141231364,60.86750002577901,3431.75687501207,10196.069154087154
1787724367,13,,Aggregated,5.100000,0.000000,150,180,200,220,270,320,480,740,1800,2900,3400,87783,26,150,181.50011873588502,60.86750002577901,3431.75687501207,10196.257612521787
1787724368,13,,Aggregated,5.300000,0.000000,150,180,200,220,270,320,480,740,1800,2900,3400,87789,26,150,181.49719815164025,60.86750002577901,3431.75687501207,10196.17269817403
1787724369,13,,Aggregated,5.300000,0.000000,150,180,200,220,270,320,480,740,1800,2900,3400,87795,26,150,181.4970895722258,60.86750002577901,3431.75687501207,10196.235651232986
1787724370,13,,Aggregated,5.500000,0.000000,150,180,200,220,270,320,480,740,1800,2900,3400,87798,26,150,181.49503412749547,60.86750002577901,3431.75687501207,10196.152315542495
1787724371,13,,Aggregated,5.300000,0.000000,150,180,200,220,270,320,480,740,1800,2900,3400,87800,26,150,181.49416560260474,60.86750002577901,3431.75687501207,10196.181184510251
1787724372,13,,Aggregated,5.600000,0.000000,150,180,200,220,270,320,480,740,1800,2900,3400,87804,26,150,181.4918398055155,60.86750002577901,3431.75687501207,10196.099209603208
1787724373,13,,Aggregated,5.400000,0.000000,150,180,200,220,270,320,480,740,1800,2900,3400,87812,26,150,181.49036973864975,60.86750002577901,3431.75687501207,10196.20042818749
1787724374,13,,Aggregated,4.700000,0.000000,150,180,200,220,270,320,480,740,1800,2900,3400,87816,26,150,181.4893043697359,60.86750002577901,3431.75687501207,10196.103853511888
1787724375,13,,Aggregated,4.600000,0.000000,150,180,200,220,270,320,480,740,1800,2900,3400,87822,26,150,181.4915896718206,60.86750002577901,3431.75687501207,10196.308521782697
1787724376,10,,Aggregated,5.000000,0.000000,150,180,200,220,270,320,480,740,1800,2900,3400,87823,26,150,181.49187204984713,60.86750002577901,3431.75687501207,10196.309087596643
1787724377,10,,Aggregated,5.000000,0.000000,150,180,200,220,270,320,480,740,1800,2900,3400,87829,26,150,181.48903435927622,60.86750002577901,3431.75687501207,10196.14194628198
1787724378,10,,Aggregated,5.100000,0.000000,150,180,200,220,270,320,480,740,1800,2900,3400,87833,26,150,181.48608347365607,60.86750002577901,3431.75687501207,10196.059066637825
1787724380,10,,Aggregated,5.100000,0.000000,150,180,200,220,270,320,480,740,1800,2900,3400,87833,26,150,181.48608347365607,60.86750002577901,3431.75687501207,10196.059066637825
1787724381,10,,Aggregated,4.500000,0.000000,150,180,200,220,270,320,480,740,1800,2900,3400,87837,26,150,181.48393780421358,60.86750002577901,3431.75687501207,10195.976638546399
1787724382,10,,Aggregated,4.400000,0.000000,150,180,200,220,270,320,480,740,1800,2900,3400,87844,26,150,181.48281031802796,60.86750002577901,3431.75687501207,10196.067437730522
1787724383,10,,Aggregated,3.700000,0.000000,150,180,200,220,270,320,480,740,1800,2900,3400,87848,26,150,181.48063422323747,60.86750002577901,3431.75687501207,10195.960283671797
1787724384,10,,Aggregated,3.900000,0.000000,150,180,200,220,270,320,480,740,1800,2900,3400,87850,26,150,181.47921308851497,60.86750002577901,3431.75687501207,10195.904815025611
1787724385,10,,Aggregated,4.300000,0.000000,150,180,200,220,270,320,480,740,1800,2900,3400,87854,26,150,181.47930193408376,60.86750002577901,3431.75687501207,10195.989232135133
1787724386,10,,Aggregated,4.400000,0.000000,150,180,200,220,270,320,480,740,1800,2900,3400,87860,26,150,181.4784087695439,60.86750002577901,3431.75687501207,10195.908490780788
1787724387,10,,Aggregated,3.800000,0.000000,150,180,200,220,270,320,480,740,1800,2900,3400,87861,26,150,181.47843451247977,60.86750002577901,3431.75687501207,10195.977646509828
1787724388,10,,Aggregated,3.800000,0.000000,150,180,200,220,270,320,480,740,1800,2900,3400,87867,26,150,181.4758158124555,60.86750002577901,3431.75687501207,10195.774147290791
1787724389,10,,Aggregated,3.800000,0.000000,150,180,200,220,270,320,480,740,1800,2900,3400,87873,27,150,181.47442044427873,60.86750002577901,3431.75687501207,10195.6559694104
1787724390,10,,Aggregated,3.800000,0.000000,150,180,200,220,270,320,480,740,1800,2900,3400,87874,27,150,181.4737179307879,60.86750002577901,3431.75687501207,10195.628388374264
1787724391,10,,Aggregated,4.000000,0.100000,150,180,200,220,270,320,480,740,1800,2900,3400,87878,27,150,181.47138540115463,60.86750002577901,3431.75687501207,10195.533000295865
1787724392,10,,Aggregated,4.000000,0.100000,150,180,200,220,270,320,480,740,1800,2900,3400,87880,27,150,181.47131180101982,60.86750002577901,3431.75687501207,10195.506133363679
1787724393,10,,Aggregated,4.000000,0.100000,150,180,200,220,270,320,480,740,1800,2900,3400,87884,27,150,181.46979816849307,60.86750002577901,3431.75687501207,10195.381241181558
1787724394,10,,Aggregated,3.600000,0.100000,150,180,200,220,270,320,480,740,1800,2900,3400,87887,27,150,181.46976730760937,60.86750002577901,3431.75687501207,10195.383196604731
1787724395,10,,Aggregated,3.600000,0.100000,150,180,200,220,270,320,480,740,1800,2900,3400,87893,27,150,181.46801802464225,60.86750002577901,3431.75687501207,10195.340277382727
1787724396,10,,Aggregated,3.500000,0.100000,150,180,200,220,270,320,480,740,1800,2900,3400,87899,27,150,181.46393457205224,60.86750002577901,3431.75687501207,10195.286692681373
1787724397,10,,Aggregated,3.600000,0.100000,150,180,200,220,270,320,480,730,1800,2900,3400,87901,27,150,181.4636749879495,60.86750002577901,3431.75687501207,10195.344523953083
1787724398,10,,Aggregated,3.900000,0.100000,150,180,200,220,270,320,480,730,1800,2900,3400,87905,27,150,181.46207747559498,60.86750002577901,3431.75687501207,10195.25020192253
1787724399,10,,Aggregated,4.000000,0.100000,150,180,200,220,270,320,480,730,1800,2900,3400,87907,27,150,181.46120223729864,60.86750002577901,3431.75687501207,10195.320236158668
1787724400,10,,Aggregated,4.000000,0.100000,150,180,200,220,270,320,480,730,1800,2900,3400,87911,27,150,181.4589091907288,60.86750002577901,3431.75687501207,10195.207539443301
1787724401,10,,Aggregated,3.300000,0.000000,150,180,200,220,270,320,480,730,1800,2900,3400,87917,27,150,181.4555520248192,60.86750002577901,3431.75687501207,10195.139904682826
1787724402,10,,Aggregated,3.700000,0.000000,150,180,200,220,270,320,480,730,1800,2900,3400,87922,27,150,181.45600745916278,60.86750002577901,3431.75687501207,10195.155763062714
1787724403,10,,Aggregated,3.700000,0.000000,150,180,200,220,270,320,480,730,1800,2900,3400,87926,27,150,181.45506277473766,60.86750002577901,3431.75687501207,10195.205547847054
1787724404,10,,Aggregated,3.700000,0.000000,150,180,200,220,270,320,480,730,1800,2900,3400,87928,27,150,181.4553332792012,60.86750002577901,3431.75687501207,10195.279899463198
1787724405,10,,Aggregated,3.900000,0.000000,150,180,200,220,270,320,480,730,1800,2900,3400,87933,27,150,181.45608567355742,60.86750002577901,3431.75687501207,10195.379129564555
1787724406,10,,Aggregated,4.200000,0.000000,150,180,200,220,270,320,480,730,1800,2900,3400,87935,27,150,181.45474872671855,60.86750002577901,3431.75687501207,10195.321817251379
1787724407,10,,Aggregated,4.000000,0.000000,150,180,200,220,270,320,480,730,1800,2900,3400,87940,27,150,181.45295657588804,60.86750002577901,3431.75687501207,10195.420661814875
1787724408,10,,Aggregated,3.500000,0.000000,150,180,200,220,270,320,480,730,1800,2900,3400,87945,27,150,181.45579711459,60.86750002577901,3431.75687501207,10195.62345784297
1787724409,10,,Aggregated,3.700000,0.000000,150,180,200,220,270,320,480,730,1800,2900,3400,87948,27,150,181.4543715035327,60.86750002577901,3431.75687501207,10195.637569927685
1787724410,10,,Aggregated,4.000000,0.000000,150,180,200,220,270,320,480,730,1800,2900,3400,87953,27,150,181.45262033596168,60.86750002577901,3431.75687501207,10195.713199094971
1787724411,10,,Aggregated,4.100000,0.000000,150,180,200,220,270,320,480,730,1800,2900,3400,87955,27,150,181.45114028281358,60.86750002577901,3431.75687501207,10195.644534136774
1787724412,10,,Aggregated,4.100000,0.000000,150,180,200,220,270,320,480,730,1800,2900,3400,87958,27,150,181.44989008048182,60.86750002577901,3431.75687501207,10195.675174515109
1787724413,10,,Aggregated,4.000000,0.000000,150,180,200,220,270,320,480,730,1800,2900,3400,87959,27,150,181.4490993146246,60.86750002577901,3431.75687501207,10195.647654020624
1787724414,10,,Aggregated,3.700000,0.000000,150,180,200,220,270,320,480,730,1800,2900,3400,87965,27,150,181.44604841401565,60.86750002577901,3431.75687501207,10195.694730858864
1787724415,10,,Aggregated,3.700000,0.000000,150,180,200,220,270,320,480,730,1800,2900,3400,87968,27,150,181.44660754608228,60.86750002577901,3431.75687501207,10195.758764550746
1787724416,10,,Aggregated,3.600000,0.000000,150,180,200,220,270,320,480,730,1800,2900,3400,87971,27,150,181.44463070581384,60.86750002577901,3431.75687501207,10195.675699946572
1787724417,10,,Aggregated,3.500000,0.000000,150,180,200,220,270,320,480,730,1800,2900,3400,87976,27,150,181.44084578594146,60.86750002577901,3431.75687501207,10195.533679639902
1787724418,10,,Aggregated,3.600000,0.000000,150,180,200,220,270,320,480,730,1800,2900,3400,87981,27,150,181.4384278967284,60.86750002577901,3431.75687501207,10195.523135677022
1787724419,10,,Aggregated,3.700000,0.000000,150,180,200,220,270,320,480,730,1800,2900,3400,87985,27,150,181.43549226941028,60.86750002577901,3431.75687501207,10195.40095470819
1787724420,10,,Aggregated,3.500000,0.000000,150,180,200,220,270,320,480,730,1800,2900,3400,87989,27,150,181.43355364721668,60.86750002577901,3431.75687501207,10195.306845173829
1787724421,10,,Aggregated,3.700000,0.000000,150,180,200,220,270,320,480,730,1800,2900,3400,87991,27,150,181.43330639959663,60.86750002577901,3431.75687501207,10195.379084224523
1787724422,10,,Aggregated,3.500000,0.000000,150,180,200,220,270,320,480,730,1800,2900,3400,87996,27,150,181.43131500567932,60.86750002577901,3431.75687501207,10195.436940315469
1787724423,10,,Aggregated,3.500000,0.000000,150,180,200,220,270,320,480,730,1800,2900,3400,88003,27,150,181.43098668262022,60.86750002577901,3431.75687501207,10195.58094610411
1787724424,10,,Aggregated,3.500000,0.000000,150,180,200,220,270,320,480,730,1800,2900,3400,88005,27,150,181.43072651919462,60.86750002577901,3431.75687501207,10195.54019657974
1787724425,10,,Aggregated,4.000000,0.000000,150,180,200,220,270,320,480,730,1800,2900,3400,88010,27,150,181.4277053969889,60.86750002577901,3431.75687501207,10195.429178502443
1787724426,10,,Aggregated,4.100000,0.000000,150,180,200,220,270,320,480,730,1800,2900,3400,88014,27,150,181.42700447927692,60.86750002577901,3431.75687501207,10195.575919740042
1787724427,10,,Aggregated,4.100000,0.000000,150,180,200,220,270,320,480,730,1800,2900,3400,88016,27,150,181.42659891086635,60.86750002577901,3431.75687501207,10195.66253862934
1787724428,10,,Aggregated,4.200000,0.000000,150,180,200,220,270,320,480,730,1800,2900,3400,88024,27,150,181.42329434856805,60.86750002577901,3431.75687501207,10195.52370944288
1787724429,10,,Aggregated,4.000000,0.000000,150,180,200,220,270,320,480,730,1800,2900,3400,88027,27,150,181.42185396749147,60.86750002577901,3431.75687501207,10195.468810705806
1787724430,10,,Aggregated,4.000000,0.000000,150,180,200,220,270,320,480,730,1800,2900,3400,88027,27,150,181.42185396749147,60.86750002577901,3431.75687501207,10195.468810705806
1787724431,10,,Aggregated,4.100000,0.000000,150,180,200,220,270,320,480,730,1800,2900,3400,88036,27,150,181.41918574586788,60.86750002577901,3431.75687501207,10195.4319255759
1787724432,10,,Aggregated,4.000000,0.000000,150,180,200,220,270,320,480,730,1800,2900,3400,88043,27,150,181.4187012528793,60.86750002577901,3431.75687501207,10195.393444112537
1787724433,10,,Aggregated,4.000000,0.000000,150,180,200,220,270,320,480,730,1800,2900,3400,88045,27,150,181.4182581273597,60.86750002577901,3431.75687501207,10195.337020841615
1787724434,10,,Aggregated,4.500000,0.000000,150,180,200,220,270,320,480,730,1800,2900,3400,88048,27,150,181.41710542153615,60.86750002577901,3431.75687501207,10195.366970288933
1787724435,10,,Aggregated,4.700000,0.000000,150,180,200,220,270,320,480,730,1800,2900,3400,88052,27,150,181.41657946996608,60.86750002577901,3431.75687501207,10195.464668604915
1787724436,9,,Aggregated,4.200000,0.000000,150,180,200,220,270,320,480,730,1800,2900,3400,88057,27,150,181.41354832131975,60.86750002577901,3431.75687501207,10195.449220391338
1787724437,9,,Aggregated,4.200000,0.000000,150,180,200,220,270,320,480,730,1800,2900,3400,88060,27,150,181.41245348944568,60.86750002577901,3431.75687501207,10195.461946400183
1787724438,9,,Aggregated,4.200000,0.000000,150,180,200,220,270,320,480,730,1800,2900,3400,88065,27,150,181.41079494157614,60.86750002577901,3431.75687501207,10195.519264179868
1787724439,9,,Aggregated,4.200000,0.000000,150,180,200,220,270,320,480,730,1800,2900,3400,88071,27,150,181.40860571899552,60.86750002577901,3431.75687501207,10195.46518150129
1787724440,9,,Aggregated,4.300000,0.000000,150,180,200,220,270,320,480,730,1800,2900,3400,88076,27,150,181.40803550610408,60.86750002577901,3431.75687501207,10195.56890639902
1787724441,9,,Aggregated,4.200000,0.000000,150,180,200,220,270,320,480,730,1800,2900,3400,88079,27,150,181.40671695563694,60.86750002577901,3431.75687501207,10195.61383530694
1787724442,9,,Aggregated,4.200000,0.000000,150,180,200,220,270,320,480,730,1800,2900,3400,88080,27,150,181.40612925968983,60.86750002577901,3431.75687501207,10195.58613760218
1787724443,9,,Aggregated,4.400000,0.000000,150,180,200,220,270,320,480,730,1800,2900,3400,88089,27,150,181.4047963918266,60.86750002577901,3431.75687501207,10195.607680868214
1787724444,9,,Aggregated,4.000000,0.000000,150,180,200,220,270,320,480,730,1800,2900,3400,88090,27,150,181.40466207223838,60.86750002577901,3431.75687501207,10195.609138381202
1787724445,9,,Aggregated,4.000000,0.000000,150,180,200,220,270,320,480,730,1800,2900,3400,88092,27,150,181.4041293295943,60.86750002577901,3431.75687501207,10195.683228897062
1787724446,9,,Aggregated,4.200000,0.000000,150,180,200,220,270,320,480,730,1800,2900,3400,88096,27,150,181.40275539453015,60.86750002577901,3431.75687501207,10195.780898111152
1787724447,9,,Aggregated,4.100000,0.000000,150,180,200,220,270,320,480,730,1800,2900,3400,88099,27,150,181.40218124812634,60.86750002577901,3431.75687501207,10195.698021543945
1787724448,9,,Aggregated,4.000000,0.000000,150,180,200,220,270,320,480,730,1800,2900,3400,88102,27,150,181.40064681593935,60.86750002577901,3431.75687501207,10195.697214592177
1787724449,9,,Aggregated,3.900000,0.000000,150,180,200,220,270,320,480,730,1800,2900,3400,88105,27,150,181.39865035075167,60.86750002577901,3431.75687501207,10195.641416491686
1787724450,9,,Aggregated,3.700000,0.000000,150,180,200,220,270,320,480,730,1800,2900,3400,88107,27,150,181.39713610801473,60.86750002577901,3431.75687501207,10195.586877319623
1787724451,9,,Aggregated,3.600000,0.000000,150,180,200,220,270,320,480,730,1800,2900,3400,88110,27,150,181.3956549732588,60.86750002577901,3431.75687501207,10195.50304165248
1787724452,9,,Aggregated,3.100000,0.000000,150,180,200,220,270,320,480,730,1800,2900,3400,88113,27,150,181.3956608978683,60.86750002577901,3431.75687501207,10195.56494501379
1787724453,9,,Aggregated,3.200000,0.000000,150,180,200,220,270,320,480,730,1800,2900,3400,88115,27,150,181.39427278870676,60.86750002577901,3431.75687501207,10195.495704477104
1787724454,9,,Aggregated,3.100000,0.000000,150,180,200,220,270,320,480,730,1800,2900,3400,88118,27,150,181.39406472837638,60.86750002577901,3431.75687501207,10195.554710728795
1787724455,9,,Aggregated,3.100000,0.000000,150,180,200,220,270,320,480,730,1800,2900,3400,88123,27,150,181.39275594984352,60.86750002577901,3431.75687501207,10195.49817868207
1787724456,9,,Aggregated,2.700000,0.000000,150,180,200,220,270,320,480,730,1800,2900,3400,88124,27,150,181.39211493824712,60.86750002577901,3431.75687501207,10195.470711724389
1787724457,9,,Aggregated,2.700000,0.000000,150,180,200,220,270,320,480,730,1800,2900,3400,88131,27,150,181.390478032054,60.86750002577901,3431.75687501207,10195.276179777831
1787724458,9,,Aggregated,2.700000,0.000000,150,180,200,220,270,320,480,730,1800,2900,3400,88132,27,150,181.38992426352416,60.86750002577901,3431.75687501207,10195.235487677575
1787724459,9,,Aggregated,3.000000,0.000000,150,180,200,220,270,320,480,730,1800,2900,3400,88137,27,150,181.38959972194564,60.86750002577901,3431.75687501207,10195.338019220078
1787724460,9,,Aggregated,3.100000,0.000000,150,180,200,220,270,320,480,730,1800,2900,3400,88138,27,150,181.38919013632346,60.86750002577901,3431.75687501207,10195.309628083232
1787724461,9,,Aggregated,2.900000,0.000000,150,180,200,220,270,320,480,730,1800,2900,3400,88146,27,150,181.3900874423509,60.86750002577901,3431.75687501207,10195.394084813832
1787724462,9,,Aggregated,2.900000,0.000000,150,180,200,220,270,320,480,730,1800,2900,3400,88146,27,150,181.3900874423509,60.86750002577901,3431.75687501207,10195.394084813832
1787724463,9,,Aggregated,3.300000,0.000000,150,180,200,220,270,320,480,730,1800,2900,3400,88150,27,150,181.39050810344008,60.86750002577901,3431.75687501207,10195.400056721497
1787724464,9,,Aggregated,3.500000,0.000000,150,180,200,220,270,320,480,730,1800,2900,3400,88157,27,150,181.3897085964281,60.86750002577901,3431.75687501207,10195.40263393718
1787724465,9,,Aggregated,3.500000,0.000000,150,180,200,220,270,320,480,730,1800,2900,3400,88160,27,150,181.3910985091691,60.86750002577901,3431.75687501207,10195.451599364791
1787724466,9,,Aggregated,3.500000,0.000000,150,180,200,220,270,320,480,730,1800,2900,3400,88167,27,150,181.3900835585813,60.86750002577901,3431.75687501207,10195.484648451235
1787724467,9,,Aggregated,3.800000,0.000000,150,180,200,220,270,320,480,730,1800,2900,3400,88172,27,150,181.38945567075396,60.86750002577901,3431.75687501207,10195.401726171574
1787724468,9,,Aggregated,3.900000,0.000000,150,180,200,220,270,320,480,730,1800,2900,3400,88173,27,150,181.3888775029604,60.86750002577901,3431.75687501207,10195.373753870232
1787724469,9,,Aggregated,4.200000,0.000000,150,180,200,220,270,320,480,730,1800,2900,3400,88176,27,150,181.3890129247465,60.86750002577901,3431.75687501207,10195.414001542369
1787724470,9,,Aggregated,4.000000,0.000000,150,180,200,220,270,320,480,730,1800,2900,3400,88180,27,150,181.3875250692932,60.86750002577901,3431.75687501207,10195.443411204355
1787724471,9,,Aggregated,4.100000,0.000000,150,180,200,220,270,320,480,730,1800,2900,3400,88185,27,150,181.38599255715087,60.86750002577901,3431.75687501207,10195.392096161479
1787724472,9,,Aggregated,4.000000,0.000000,150,180,200,220,270,320,480,730,1800,2900,3400,88187,27,150,181.38570118311688,60.86750002577901,3431.75687501207,10195.310703391657
1787724473,9,,Aggregated,3.900000,0.000000,150,180,200,220,270,320,480,730,1800,2900,3400,88191,27,150,181.38479774800103,60.86750002577901,3431.75687501207,10195.39090156592
1787724474,9,,Aggregated,4.000000,0.000000,150,180,200,220,270,320,480,730,1800,2900,3400,88197,27,150,181.3827318241554,60.86750002577901,3431.75687501207,10195.319035794868
1787724475,9,,Aggregated,3.900000,0.000000,150,180,200,220,270,320,480,730,1800,2900,3400,88200,27,150,181.3824171885371,60.86750002577901,3431.75687501207,10195.331609977324
1787724476,9,,Aggregated,4.000000,0.000000,150,180,200,220,270,320,480,730,1800,2900,3400,88202,27,150,181.38104150827837,60.86750002577901,3431.75687501207,10195.274211469128
1787724477,9,,Aggregated,4.000000,0.000000,150,180,200,220,270,320,480,730,1800,2900,3400,88204,27,150,181.37960636124558,60.86750002577901,3431.75687501207,10195.218017323477
1787724478,9,,Aggregated,3.800000,0.000000,150,180,200,220,270,320,480,730,1800,2900,3400,88206,27,150,181.37831926856688,60.86750002577901,3431.75687501207,10195.161814389045
1787724479,9,,Aggregated,3.400000,0.000000,150,180,200,220,270,320,480,730,1800,2900,3400,88214,27,150,181.37557751351818,60.86750002577901,3431.75687501207,10195.065001020246
1787724480,9,,Aggregated,3.300000,0.000000,150,180,200,220,270,320,480,730,1800,2900,3400,88215,27,150,181.37491018565356,60.86750002577901,3431.75687501207,10195.066247236864
1787724481,9,,Aggregated,3.500000,0.000000,150,180,200,220,270,320,480,730,1800,2900,3400,88218,27,150,181.37345039591767,60.86750002577901,3431.75687501207,10195.012401097281
1787724482,9,,Aggregated,3.700000,0.000000,150,180,200,220,270,320,480,730,1800,2900,3400,88221,27,150,181.37124503550595,60.86750002577901,3431.75687501207,10194.92909851396
1787724483,9,,Aggregated,3.500000,0.000000,150,180,200,220,270,320,480,730,1800,2900,3400,88226,27,150,181.3712783267113,60.86750002577901,3431.75687501207,10195.025559358919
1787724484,9,,Aggregated,3.300000,0.000000,150,180,200,220,270,320,480,730,1800,2900,3400,88228,27,150,181.3712916452514,60.86750002577901,3431.75687501207,10195.065625425035
1787724485,9,,Aggregated,3.400000,0.000000,150,180,200,220,270,320,480,730,1800,2900,3400,88229,27,150,181.37048640783942,60.86750002577901,3431.75687501207,10195.036892631675
1787724486,9,,Aggregated,3.500000,0.000000,150,180,200,220,270,320,480,730,1800,2900,3400,88232,27,150,181.3698350285059,60.86750002577901,3431.75687501207,10194.969682201468
1787724487,9,,Aggregated,3.100000,0.000000,150,180,200,220,270,320,480,730,1800,2900,3400,88237,27,150,181.3739359649033,60.86750002577901,3431.75687501207,10194.804730441878
1787724488,9,,Aggregated,2.900000,0.000000,150,180,200,220,270,320,480,730,1800,2900,3400,88239,27,150,181.3768351162059,60.86750002577901,3431.75687501207,10194.845929804282
1787724490,9,,Aggregated,3.000000,0.000000,150,180,200,220,270,320,480,730,1800,2900,3400,88243,27,150,181.37537268709067,60.86750002577901,3431.75687501207,10194.859875570866
1787724491,9,,Aggregated,3.200000,0.000000,150,180,200,220,270,320,480,730,1800,2900,3400,88248,27,150,181.37235319576354,60.86750002577901,3431.75687501207,10194.74833423987
1787724492,9,,Aggregated,3.100000,0.000000,150,180,200,220,270,320,480,730,1800,2900,3400,88251,27,150,181.37211180310643,60.86750002577901,3431.75687501207,10194.888794461252
1787724493,9,,Aggregated,2.900000,0.000000,150,180,200,220,270,320,480,730,1800,2900,3400,88255,27,150,181.36929845978284,60.86750002577901,3431.75687501207,10194.765950937624
1787724494,9,,Aggregated,3.200000,0.000000,150,180,200,220,270,320,480,730,1800,2900,3400,88256,27,150,181.36855640675066,60.86750002577901,3431.75687501207,10194.737649564902
1787724495,9,,Aggregated,3.400000,0.000000,150,180,200,220,270,320,480,730,1800,2900,3400,88262,27,150,181.36689608241494,60.86750002577901,3431.75687501207,10194.65185470531
1787724496,9,,Aggregated,3.400000,0.000000,150,180,200,220,270,320,480,730,1800,2900,3400,88265,27,150,181.36632322676252,60.86750002577901,3431.75687501207,10194.710304197586
1787724497,8,,Aggregated,3.000000,0.000000,150,180,200,220,270,320,480,730,1800,2900,3400,88268,27,150,181.36643181779627,60.86750002577901,3431.75687501207,10194.709566320751
1787724498,8,,Aggregated,3.300000,0.000000,150,180,200,220,270,320,480,730,1800,2900,3400,88273,27,150,181.36395963497202,60.86750002577901,3431.75687501207,10194.666409887508
1787724499,8,,Aggregated,3.600000,0.000000,150,180,200,220,270,320,480,730,1800,2900,3400,88276,27,150,181.36266140032131,60.86750002577901,3431.75687501207,10194.610698264534
1787724500,8,,Aggregated,3.600000,0.000000,150,180,200,220,270,320,480,730,1800,2900,3400,88281,27,150,181.3606288379336,60.86750002577901,3431.75687501207,10194.696027457778
1787724501,8,,Aggregated,3.600000,0.000000,150,180,200,220,270,320,480,730,1800,2900,3400,88283,28,150,181.3594647334892,60.20858301781118,3431.75687501207,10194.650340382634
1787724502,8,,Aggregated,3.700000,0.000000,150,180,200,220,270,320,480,730,1800,2900,3400,88286,28,150,181.3591713817402,60.20858301781118,3431.75687501207,10194.724203157919
1787724503,8,,Aggregated,3.500000,0.100000,150,180,200,220,270,320,480,730,1800,2900,3400,88291,28,150,181.36077095277227,60.20858301781118,3431.75687501207,10194.667882343614
1787724504,8,,Aggregated,3.500000,0.100000,150,180,200,220,270,320,480,730,1800,2900,3400,88293,28,150,181.35984451797185,60.20858301781118,3431.75687501207,10194.598790391085
1787724505,8,,Aggregated,3.500000,0.100000,150,180,200,220,270,320,480,730,1800,2900,3400,88295,28,150,181.35960295817648,60.20858301781118,3431.75687501207,10194.542261736226
1787724506,8,,Aggregated,3.400000,0.100000,150,180,200,220,270,320,480,730,1800,2900,3400,88297,28,150,181.36013670134096,60.20858301781118,3431.75687501207,10194.487581684542
1787724507,8,,Aggregated,3.400000,0.100000,150,180,200,220,270,320,480,730,1800,2900,3400,88302,28,150,181.35742028711863,60.20858301781118,3431.75687501207,10194.349108740458
1787724508,8,,Aggregated,3.400000,0.100000,150,180,200,220,270,320,480,730,1800,2900,3400,88306,28,150,181.35687369045223,60.20858301781118,3431.75687501207,10194.350270649786
1787724509,8,,Aggregated,3.300000,0.100000,150,180,200,220,270,320,480,730,1800,2900,3400,88308,28,150,181.35564180511335,60.20858301781118,3431.75687501207,10194.294242877202
1787724510,8,,Aggregated,3.300000,0.100000,150,180,200,220,270,320,480,730,1800,2900,3400,88310,28,150,181.35551330616852,60.20858301781118,3431.75687501207,10194.351217302683
1787724511,8,,Aggregated,3.300000,0.100000,150,180,200,220,270,320,480,730,1800,2900,3400,88315,28,150,181.35588243060351,60.20858301781118,3431.75687501207,10194.419407801619
1787724512,8,,Aggregated,2.900000,0.100000,150,180,200,220,270,320,480,730,1800,2900,3400,88320,28,150,181.35421612866818,60.20858301781118,3431.75687501207,10194.453770380434
1787724513,8,,Aggregated,2.900000,0.100000,150,180,200,220,270,320,480,730,1800,2900,3400,88324,28,150,181.3540599476627,60.20858301781118,3431.75687501207,10194.5856052715
1787724514,8,,Aggregated,2.900000,0.100000,150,180,200,220,270,320,480,730,1800,2900,3400,88324,28,150,181.3540599476627,60.20858301781118,3431.75687501207,10194.5856052715
1787724515,8,,Aggregated,3.500000,0.000000,150,180,200,220,270,320,480,730,1800,2900,3400,88329,28,150,181.35106117308194,60.20858301781118,3431.75687501207,10194.433470321186
1787724516,8,,Aggregated,3.200000,0.000000,150,180,200,220,270,320,480,730,1800,2900,3400,88336,28,150,181.35079561114608,60.20858301781118,3431.75687501207,10194.500113204129
1787724517,8,,Aggregated,3.200000,0.000000,150,180,200,220,270,320,480,730,1800,2900,3400,88336,28,150,181.35079561114608,60.20858301781118,3431.75687501207,10194.500113204129
1787724518,8,,Aggregated,3.800000,0.000000,150,180,200,220,270,320,480,730,1800,2900,3400,88339,28,150,181.35041515617314,60.20858301781118,3431.75687501207,10194.544651852522
1787724519,8,,Aggregated,3.500000,0.000000,150,180,200,220,270,320,480,730,1800,2900,3400,88342,28,150,181.34840075857548,60.20858301781118,3431.75687501207,10194.459781304477
1787724520,8,,Aggregated,3.500000,0.000000,150,180,200,220,270,320,480,730,1800,2900,3400,88345,28,150,181.3484396200265,60.20858301781118,3431.75687501207,10194.45908653574
1787724521,8,,Aggregated,3.300000,0.000000,150,180,200,220,270,320,480,730,1800,2900,3400,88348,28,150,181.3466611150116,60.20858301781118,3431.75687501207,10194.392787612624
1787724522,8,,Aggregated,3.300000,0.000000,150,180,200,220,270,320,480,730,1800,2900,3400,88350,28,150,181.34518922444687,60.20858301781118,3431.75687501207,10194.336310130164
1787724523,8,,Aggregated,3.500000,0.000000,150,180,200,220,270,320,480,730,1800,2900,3400,88352,28,150,181.34517485339228,60.20858301781118,3431.75687501207,10194.280446396233
1787724524,8,,Aggregated,3.100000,0.000000,150,180,200,220,270,320,480,730,1800,2900,3400,88355,28,150,181.34497001749608,60.20858301781118,3431.75687501207,10194.405545809519
1787724525,8,,Aggregated,2.800000,0.000000,150,180,200,220,270,320,480,730,1800,2900,3400,88358,28,150,181.34280354848218,60.20858301781118,3431.75687501207,10194.321136739174
1787724526,8,,Aggregated,2.800000,0.000000,150,180,200,220,270,320,480,730,1800,2900,3400,88361,28,150,181.3416315066794,60.20858301781118,3431.75687501207,10194.36443679904
1787724527,8,,Aggregated,3.000000,0.000000,150,180,200,220,270,320,480,730,1800,2900,3400,88363,28,150,181.3402933941432,60.20858301781118,3431.75687501207,10194.308624650588
1787724528,8,,Aggregated,2.600000,0.000000,150,180,200,220,270,320,480,730,1800,2900,3400,88369,28,150,181.33902408626977,60.20858301781118,3431.75687501207,10194.308433953083
1787724529,8,,Aggregated,2.700000,0.000000,150,180,200,220,270,320,480,730,1800,2900,3400,88372,28,150,181.33947238874896,60.20858301781118,3431.75687501207,10194.448558366903
1787724530,8,,Aggregated,2.700000,0.000000,150,180,200,220,270,320,480,730,1800,2900,3400,88373,28,150,181.3396662614447,60.20858301781118,3431.75687501207,10194.44983196225
1787724531,8,,Aggregated,3.000000,0.000000,150,180,200,220,270,320,480,730,1800,2900,3400,88381,28,150,181.33738765521983,60.20858301781118,3431.75687501207,10194.496396284268
1787724532,8,,Aggregated,3.000000,0.000000,150,180,200,220,270,320,480,730,1800,2900,3400,88381,28,150,181.33738765521983,60.20858301781118,3431.75687501207,10194.496396284268
1787724533,8,,Aggregated,2.800000,0.000000,150,180,200,220,270,320,480,730,1800,2900,3400,88384,28,150,181.34002701446977,60.20858301781118,3431.75687501207,10194.557284123823
1787724534,8,,Aggregated,3.100000,0.000000,150,180,200,220,270,320,480,730,1800,2900,3400,88386,28,150,181.34003498786964,60.20858301781118,3431.75687501207,10194.598431878352
1787724535,8,,Aggregated,3.200000,0.000000,150,180,200,220,270,320,480,730,1800,2900,3400,88390,28,150,181.33751212737835,60.20858301781118,3431.75687501207,10194.486774522005
1787724536,8,,Aggregated,3.200000,0.000000,150,180,200,220,270,320,480,730,1800,2900,3400,88392,28,150,181.33640554647494,60.20858301781118,3431.75687501207,10194.460686487464
1787724537,8,,Aggregated,3.100000,0.000000,150,180,200,220,270,320,480,730,1800,2900,3400,88394,28,150,181.3357799989939,60.20858301781118,3431.75687501207,10194.42183858633
1787724538,8,,Aggregated,3.100000,0.000000,150,180,200,220,270,320,480,730,1800,2900,3400,88397,28,150,181.33435467199064,60.20858301781118,3431.75687501207,10194.36840616763
1787724539,8,,Aggregated,2.900000,0.000000,150,180,200,220,270,320,480,730,1800,2900,3400,88399,28,150,181.33392329690233,60.20858301781118,3431.75687501207,10194.456803809999
1787724540,8,,Aggregated,2.900000,0.000000,150,180,200,220,270,320,480,730,1800,2900,3400,88401,28,150,181.33424452191562,60.20858301781118,3431.75687501207,10194.430741733691
1787724541,8,,Aggregated,2.900000,0.000000,150,180,200,220,270,320,480,730,1800,2900,3400,88402,28,150,181.33349295527293,60.20858301781118,3431.75687501207,10194.401789552272
1787724542,8,,Aggregated,2.700000,0.000000,150,180,200,220,270,320,480,730,1800,2900,3400,88406,28,150,181.33272452407098,60.20858301781118,3431.75687501207,10194.437153586861
1787724543,8,,Aggregated,2.500000,0.000000,150,180,200,220,270,320,480,730,1800,2900,3400,88411,28,150,181.33377181741992,60.20858301781118,3431.75687501207,10194.651084141115
1787724544,8,,Aggregated,2.200000,0.000000,150,180,200,220,270,320,480,730,1800,2900,3400,88414,28,150,181.33407190159858,60.20858301781118,3431.75687501207,10194.696428167485
1787724545,8,,Aggregated,2.500000,0.000000,150,180,200,220,270,320,480,730,1800,2900,3400,88416,28,150,181.33291827062916,60.20858301781118,3431.75687501207,10194.642055736518
1787724546,8,,Aggregated,2.800000,0.000000,150,180,200,220,270,320,480,730,1800,2900,3400,88419,28,150,181.33181164991592,60.20858301781118,3431.75687501207,10194.675488300027
1787724547,8,,Aggregated,2.700000,0.000000,150,180,200,220,270,320,480,730,1800,2900,3400,88424,28,150,181.33152726332352,60.20858301781118,3431.75687501207,10194.636795440152
1787724548,8,,Aggregated,2.500000,0.000000,150,180,200,220,270,320,480,730,1800,2900,3400,88426,28,150,181.33170949276467,60.20858301781118,3431.75687501207,10194.58055323095
1787724549,8,,Aggregated,2.500000,0.000000,150,180,200,220,270,320,480,730,1800,2900,3400,88426,28,150,181.33170949276467,60.20858301781118,3431.75687501207,10194.58055323095
1787724550,8,,Aggregated,2.800000,0.000000,150,180,200,220,270,320,480,730,1800,2900,3400,88430,28,150,181.33082607691833,60.20858301781118,3431.75687501207,10194.59677711184
1787724551,8,,Aggregated,2.900000,0.000000,150,180,200,220,270,320,480,730,1800,2900,3400,88435,28,150,181.3284345425652,60.20858301781118,3431.75687501207,10194.58847741279
1787724552,8,,Aggregated,2.900000,0.000000,150,180,200,220,270,320,480,730,1800,2900,3400,88435,28,150,181.3284345425652,60.20858301781118,3431.75687501207,10194.58847741279
1787724553,8,,Aggregated,2.900000,0.000000,150,180,200,220,270,320,480,730,1800,2900,3400,88438,28,150,181.3282263056815,60.20858301781118,3431.75687501207,10194.665494470702
1787724554,8,,Aggregated,3.200000,0.000000,150,180,200,220,270,320,480,730,1800,2900,3400,88442,28,150,181.32798504883021,60.20858301781118,3431.75687501207,10194.678422016688
1787724555,8,,Aggregated,2.700000,0.000000,150,180,200,220,270,320,480,730,1800,2900,3400,88448,28,150,181.32773689416217,60.20858301781118,3431.75687501207,10194.726664254704
1787724556,7,,Aggregated,2.600000,0.000000,150,180,200,220,270,320,480,730,1800,2900,3400,88449,28,150,181.32716633576172,60.20858301781118,3431.75687501207,10194.698651200126
1787724557,7,,Aggregated,2.600000,0.000000,150,180,200,220,270,320,480,730,1800,2900,3400,88450,28,150,181.32679109551896,60.20858301781118,3431.75687501207,10194.699932165066
1787724558,7,,Aggregated,2.900000,0.000000,150,180,200,220,270,320,480,730,1800,2900,3400,88451,28,150,181.32639873940147,60.20858301781118,3431.75687501207,10194.659732507263
1787724559,7,,Aggregated,2.800000,0.000000,150,180,200,220,270,320,480,730,1800,2900,3400,88456,28,150,181.324866093301,60.20858301781118,3431.75687501207,10194.644998643393
1787724560,7,,Aggregated,2.700000,0.000000,150,180,200,220,270,320,480,730,1800,2900,3400,88458,28,150,181.32534850982546,60.20858301781118,3431.75687501207,10194.778188518845
1787724561,7,,Aggregated,2.500000,0.000000,150,180,200,220,270,320,480,730,1800,2900,3400,88460,28,150,181.32390863788368,60.20858301781118,3431.75687501207,10194.722156907077
1787724562,7,,Aggregated,2.500000,0.000000,150,180,200,220,270,320,480,730,1800,2900,3400,88460,28,150,181.32390863788368,60.20858301781118,3431.75687501207,10194.722156907077
1787724563,7,,Aggregated,2.700000,0.000000,150,180,200,220,270,320,480,730,1800,2900,3400,88465,28,150,181.32127099962872,60.20858301781118,3431.75687501207,10194.600666930424
1787724564,7,,Aggregated,2.500000,0.000000,150,180,200,220,270,320,480,730,1800,2900,3400,88467,28,150,181.3200114207236,60.20858301781118,3431.75687501207,10194.545107215119
1787724565,7,,Aggregated,2.600000,0.000000,150,180,200,220,270,320,480,730,1800,2900,3400,88470,28,150,181.31882390478196,60.20858301781118,3431.75687501207,10194.449101390303
1787724566,7,,Aggregated,2.800000,0.000000,150,180,200,220,270,320,480,730,1800,2900,3400,88473,28,150,181.31777242046707,60.20858301781118,3431.75687501207,10194.460479468313
1787724567,7,,Aggregated,2.300000,0.000000,150,180,200,220,270,320,480,730,1800,2900,3400,88477,28,150,181.31835664519613,60.20858301781118,3431.75687501207,10194.606440091775
1787724568,7,,Aggregated,2.200000,0.000000,150,180,200,220,270,320,480,730,1800,2900,3400,88480,28,150,181.31743214593072,60.20858301781118,3431.75687501207,10194.538325045209
1787724569,7,,Aggregated,2.400000,0.000000,150,180,200,220,270,320,480,730,1800,2900,3400,88481,28,150,181.3177825919913,60.20858301781118,3431.75687501207,10194.606525694782
1787724570,7,,Aggregated,2.800000,0.000000,150,180,200,220,270,320,480,730,1800,2900,3400,88484,28,150,181.31666651952648,60.20858301781118,3431.75687501207,10194.581110709281
1787724571,7,,Aggregated,2.900000,0.000000,150,180,200,220,270,320,480,730,1800,2900,3400,88485,28,150,181.31596345121383,60.20858301781118,3431.75687501207,10194.552918573769
1787724572,7,,Aggregated,2.700000,0.000000,150,180,200,220,270,320,480,730,1800,2900,3400,88488,28,150,181.31429051893537,60.20858301781118,3431.75687501207,10194.468470301057
1787724573,7,,Aggregated,2.600000,0.000000,150,180,200,220,270,320,480,730,1800,2900,3400,88490,28,150,181.31369173473405,60.20858301781118,3431.75687501207,10194.440253135948
1787724574,7,,Aggregated,2.500000,0.000000,150,180,200,220,270,320,480,730,1800,2900,3400,88492,28,150,181.31378273297642,60.20858301781118,3431.75687501207,10194.414591149482
1787724575,7,,Aggregated,2.700000,0.000000,150,180,200,220,270,320,480,730,1800,2900,3400,88494,28,150,181.3124957834041,60.20858301781118,3431.75687501207,10194.334418152643
1787724576,7,,Aggregated,2.400000,0.000000,150,180,200,220,270,320,480,730,1800,2900,3400,88497,28,150,181.3104055243672,60.20858301781118,3431.75687501207,10194.250697763766
1787724577,7,,Aggregated,2.400000,0.000000,150,180,200,220,270,320,480,730,1800,2900,3400,88499,28,150,181.31091471398435,60.20858301781118,3431.75687501207,10194.195030452322
1787724578,7,,Aggregated,2.500000,0.000000,150,180,200,220,270,320,480,730,1800,2900,3400,88500,28,150,181.31022070458496,60.20858301781118,3431.75687501207,10194.196621468927
1787724579,7,,Aggregated,2.500000,0.000000,150,180,200,220,270,320,480,730,1800,2900,3400,88503,28,150,181.30902888675948,60.20858301781118,3431.75687501207,10194.112922725782
1787724580,7,,Aggregated,2.100000,0.000000,150,180,200,220,270,320,480,730,1800,2900,3400,88505,28,150,181.30948854234185,60.20858301781118,3431.75687501207,10194.08513643297
1787724581,7,,Aggregated,2.000000,0.000000,150,180,200,220,270,320,480,730,1800,2900,3400,88507,28,150,181.3081413092419,60.20858301781118,3431.75687501207,10194.028167263607
1787724582,7,,Aggregated,2.000000,0.000000,150,180,200,220,270,320,480,730,1800,2900,3400,88510,28,150,181.30737512314352,60.20858301781118,3431.75687501207,10194.090272285617
1787724583,7,,Aggregated,2.100000,0.000000,150,180,200,220,270,320,480,730,1800,2900,3400,88515,28,150,181.30622376036905,60.20858301781118,3431.75687501207,10194.14363667175
1787724584,7,,Aggregated,2.400000,0.000000,150,180,200,220,270,320,480,730,1800,2900,3400,88519,28,150,181.3073838180641,60.20858301781118,3431.75687501207,10194.115252092772
1787724585,7,,Aggregated,2.100000,0.000000,150,180,200,220,270,320,480,730,1800,2900,3400,88520,28,150,181.30665909567526,60.20858301781118,3431.75687501207,10194.075203343877
1787724586,7,,Aggregated,2.100000,0.000000,150,180,200,220,270,320,480,730,1800,2900,3400,88520,28,150,181.30665909567526,60.20858301781118,3431.75687501207,10194.075203343877
1787724587,7,,Aggregated,2.700000,0.000000,150,180,200,220,270,320,480,730,1800,2900,3400,88523,28,150,181.3053701733825,60.20858301781118,3431.75687501207,10194.021045378038
1787724588,7,,Aggregated,2.500000,0.000000,150,180,200,220,270,320,480,730,1800,2900,3400,88526,28,150,181.30413762888227,60.20858301781118,3431.75687501207,10194.033504281228
1787724589,7,,Aggregated,2.200000,0.000000,150,180,200,220,270,320,480,730,1800,2900,3400,88529,28,150,181.30390324905383,60.20858301781118,3431.75687501207,10194.062341153745
1787724590,7,,Aggregated,2.300000,0.000000,150,180,200,220,270,320,480,730,1800,2900,3400,88534,28,150,181.30100970656002,60.20858301781118,3431.75687501207,10193.909379447445
1787724591,7,,Aggregated,2.600000,0.000000,150,180,200,220,270,320,480,730,1800,2900,3400,88535,28,150,181.30137764238336,60.20858301781118,3431.75687501207,10194.026260800812
1787724592,7,,Aggregated,2.700000,0.000000,150,180,200,220,270,320,480,730,1800,2900,3400,88537,28,150,181.30011141746903,60.20858301781118,3431.75687501207,10193.957836836576
1787724593,7,,Aggregated,2.900000,0.000000,150,180,200,220,270,320,480,730,1800,2900,3400,88540,28,150,181.2992848315403,60.20858301781118,3431.75687501207,10193.968850237181
1787724594,7,,Aggregated,2.600000,0.000000,150,180,200,220,270,320,480,730,1800,2900,3400,88544,28,150,181.2966353430838,60.20858301781118,3431.75687501207,10193.858578785688
1787724595,7,,Aggregated,2.600000,0.000000,150,180,200,220,270,320,480,730,1800,2900,3400,88544,28,150,181.2966353430838,60.20858301781118,3431.75687501207,10193.858578785688
1787724596,7,,Aggregated,2.300000,0.000000,150,180,200,220,270,320,480,730,1800,2900,3400,88547,28,150,181.29609217262322,60.20858301781118,3431.75687501207,10194.01515579297
1787724597,7,,Aggregated,2.500000,0.000000,150,180,200,220,270,320,480,730,1800,2900,3400,88552,28,150,181.29520487003293,60.20858301781118,3431.75687501207,10194.08512512422
1787724598,7,,Aggregated,2.500000,0.000000,150,180,200,220,270,320,480,730,1800,2900,3400,88554,28,150,181.2952523420865,60.20858301781118,3431.75687501207,10194.015606296723
1787724599,7,,Aggregated,2.600000,0.000000,150,180,200,220,270,320,480,730,1800,2900,3400,88557,28,150,181.29461205100907,60.20858301781118,3431.75687501207,10194.027191526362
1787724600,7,,Aggregated,2.900000,0.000000,150,180,200,220,270,320,480,730,1800,2900,3400,88560,28,150,181.29891819324195,60.20858301781118,3431.75687501207,10194.133197831978
1787724601,7,,Aggregated,2.800000,0.000000,150,180,200,220,270,320,480,730,1800,2900,3400,88564,28,150,181.29598081125914,60.20858301781118,3431.75687501207,10193.998520843683
1787724602,7,,Aggregated,2.700000,0.000000,150,180,200,220,270,320,480,730,1800,2900,3400,88566,28,150,181.2953217561089,60.20858301781118,3431.75687501207,10194.038468486779
1787724604,7,,Aggregated,2.600000,0.000000,150,180,200,220,270,320,480,730,1800,2900,3400,88568,28,150,181.2939159678855,60.20858301781118,3431.75687501207,10193.970135940746
1787724605,7,,Aggregated,2.900000,0.000000,150,180,200,220,270,320,480,730,1800,2900,3400,88571,28,150,181.29379436207847,60.20858301781118,3431.75687501207,10194.048774429553
1787724606,7,,Aggregated,2.900000,0.000000,150,180,200,220,270,320,480,730,1800,2900,3400,88573,28,150,181.2926778799402,60.20858301781118,3431.75687501207,10193.980445508225
1787724607,7,,Aggregated,2.800000,0.000000,150,180,200,220,270,320,480,730,1800,2900,3400,88576,28,150,181.29256992094895,60.20858301781118,3431.75687501207,10194.038859284683
1787724608,7,,Aggregated,2.700000,0.000000,150,180,200,220,270,320,480,730,1800,2900,3400,88578,28,150,181.29104308520007,60.20858301781118,3431.75687501207,10193.982388403441
1787724609,7,,Aggregated,2.800000,0.000000,150,180,200,220,270,320,480,730,1800,2900,3400,88580,28,150,181.2907667605536,60.20858301781118,3431.75687501207,10194.08793181305
1787724610,7,,Aggregated,2.900000,0.000000,150,180,200,220,270,320,480,730,1800,2900,3400,88585,28,150,181.28921832072854,60.20858301781118,3431.75687501207,10194.140080149009
1787724611,7,,Aggregated,2.900000,0.000000,150,180,200,220,270,320,480,730,1800,2900,3400,88585,28,150,181.28921832072854,60.20858301781118,3431.75687501207,10194.140080149009
1787724612,7,,Aggregated,2.600000,0.000000,150,180,200,220,270,320,480,730,1800,2900,3400,88586,28,150,181.2885444881327,60.20858301781118,3431.75687501207,10194.112026731085
1787724613,7,,Aggregated,2.800000,0.000000,150,180,200,220,270,320,480,730,1800,2900,3400,88588,28,150,181.28786081430408,60.20858301781118,3431.75687501207,10194.151679685736
1787724614,7,,Aggregated,2.500000,0.000000,150,180,200,220,270,320,480,730,1800,2900,3400,88590,28,150,181.28738193626344,60.20858301781118,3431.75687501207,10194.12553335591
1787724615,7,,Aggregated,2.200000,0.000000,150,180,200,220,270,320,480,730,1800,2900,3400,88595,28,150,181.28815923284333,60.20858301781118,3431.75687501207,10194.098865624472
1787724616,7,,Aggregated,2.200000,0.000000,150,180,200,220,270,320,480,730,1800,2900,3400,88597,28,150,181.28693440082438,60.20858301781118,3431.75687501207,10194.073783536689
1787724617,6,,Aggregated,2.200000,0.000000,150,180,200,220,270,320,480,730,1800,2900,3400,88599,28,150,181.28586690389267,60.20858301781118,3431.75687501207,10194.017607422205
1787724618,6,,Aggregated,2.400000,0.000000,150,180,200,220,270,320,480,730,1800,2900,3400,88600,28,150,181.285158114481,60.20858301781118,3431.75687501207,10193.988769751693
1787724619,6,,Aggregated,2.400000,0.000000,150,180,200,220,270,320,480,730,1800,2900,3400,88602,28,150,181.28377100339648,60.20858301781118,3431.75687501207,10193.934674160853
1787724620,6,,Aggregated,2.300000,0.000000,150,180,200,220,270,320,480,730,1800,2900,3400,88604,28,150,181.28230888167624,60.20858301781118,3431.75687501207,10193.879463681098
1787724621,6,,Aggregated,2.200000,0.000000,150,180,200,220,270,320,480,730,1800,2900,3400,88607,28,150,181.28263594703802,60.20858301781118,3431.75687501207,10193.920446465854
1787724622,6,,Aggregated,1.900000,0.000000,150,180,200,220,270,320,480,730,1800,2900,3400,88612,28,150,181.2830352682698,60.20858301781118,3431.75687501207,10194.089683112898
1787724623,6,,Aggregated,2.100000,0.000000,150,180,200,220,270,320,480,730,1800,2900,3400,88614,28,150,181.28336134460775,60.20858301781118,3431.75687501207,10194.147109937481
1787724624,6,,Aggregated,2.500000,0.000000,150,180,200,220,270,320,480,730,1800,2900,3400,88615,28,150,181.28325106056482,60.20858301781118,3431.75687501207,10194.11883992552
1787724625,6,,Aggregated,2.500000,0.000000,150,180,200,220,270,320,480,730,1800,2900,3400,88617,28,150,181.28194415085088,60.20858301781118,3431.75687501207,10194.062798334406
1787724626,6,,Aggregated,2.400000,0.000000,150,180,200,220,270,320,480,730,1800,2900,3400,88622,28,150,181.28075264022266,60.20858301781118,3431.75687501207,10194.090733677867
1787724627,6,,Aggregated,2.100000,0.000000,150,180,200,220,270,320,480,730,1800,2900,3400,88624,28,150,181.2818056229011,60.20858301781118,3431.75687501207,10194.147950893663
1787724628,6,,Aggregated,2.100000,0.000000,150,180,200,220,270,320,480,730,1800,2900,3400,88625,28,150,181.28106234817437,60.20858301781118,3431.75687501207,10194.120936530324
1787724629,6,,Aggregated,2.400000,0.000000,150,180,200,220,270,320,480,730,1800,2900,3400,88628,28,150,181.27937852718,60.20858301781118,3431.75687501207,10194.024969535587
1787724630,6,,Aggregated,2.400000,0.000000,150,180,200,220,270,320,480,730,1800,2900,3400,88630,28,150,181.278127313258,60.20858301781118,3431.75687501207,10193.999018391063
1787724631,6,,Aggregated,2.500000,0.000000,150,180,200,220,270,320,480,730,1800,2900,3400,88634,28,150,181.27804440102392,60.20858301781118,3431.75687501207,10194.01646095178
1787724632,6,,Aggregated,2.500000,0.000000,150,180,200,220,270,320,480,730,1800,2900,3400,88635,28,150,181.2774503942047,60.20858301781118,3431.75687501207,10194.017047441755
1787724633,6,,Aggregated,2.700000,0.000000,150,180,200,220,270,320,480,730,1800,2900,3400,88637,28,150,181.27731032777947,60.20858301781118,3431.75687501207,10194.089646535871
1787724634,6,,Aggregated,2.400000,0.000000,150,180,200,220,270,320,480,730,1800,2900,3400,88639,28,150,181.27682678408343,60.20858301781118,3431.75687501207,10194.03548099595
1787724635,6,,Aggregated,2.400000,0.000000,150,180,200,220,270,320,480,730,1800,2900,3400,88643,28,150,181.274218318881,60.20858301781118,3431.75687501207,10193.95288968108
1787724636,6,,Aggregated,2.400000,0.000000,150,180,200,220,270,320,480,730,1800,2900,3400,88643,28,150,181.274218318881,60.20858301781118,3431.75687501207,10193.95288968108
1787724637,6,,Aggregated,2.700000,0.000000,150,180,200,220,270,320,480,730,1800,2900,3400,88645,28,150,181.2745309500206,60.20858301781118,3431.75687501207,10194.026318461278
1787724638,6,,Aggregated,2.200000,0.000000,150,180,200,220,270,320,480,730,1800,2900,3400,88649,28,150,181.27640204698835,60.20858301781118,3431.75687501207,10194.030840731424
1787724639,6,,Aggregated,2.100000,0.000000,150,180,200,220,270,320,480,730,1800,2900,3400,88652,28,150,181.27467761092288,60.20858301781118,3431.75687501207,10193.947671795335
1787724640,6,,Aggregated,2.300000,0.000000,150,180,200,220,270,320,480,730,1800,2900,3400,88654,28,150,181.27548104218118,60.20858301781118,3431.75687501207,10194.017461141066
1787724641,6,,Aggregated,2.400000,0.000000,150,180,200,220,270,320,480,730,1800,2900,3400,88659,28,150,181.2733016428673,60.20858301781118,3431.75687501207,10193.961650819432
1787724642,6,,Aggregated,2.400000,0.000000,150,180,200,220,270,320,480,730,1800,2900,3400,88659,28,150,181.2733016428673,60.20858301781118,3431.75687501207,10193.961650819432
1787724643,6,,Aggregated,2.500000,0.000000,150,180,200,220,270,320,480,730,1800,2900,3400,88661,28,150,181.27190091590663,60.20858301781118,3431.75687501207,10193.906666967438
1787724644,6,,Aggregated,2.400000,0.000000,150,180,200,220,270,320,480,730,1800,2900,3400,88663,28,150,181.27176189923938,60.20858301781118,3431.75687501207,10194.012124561543
1787724645,6,,Aggregated,2.400000,0.000000,150,180,200,220,270,320,480,730,1800,2900,3400,88666,28,150,181.27063762534928,60.20858301781118,3431.75687501207,10194.02393251077
1787724646,6,,Aggregated,2.400000,0.000000,150,180,200,220,270,320,480,730,1800,2900,3400,88668,28,150,181.26928976656674,60.20858301781118,3431.75687501207,10193.956805160824
1787724647,6,,Aggregated,2.400000,0.000000,150,180,200,220,270,320,480,730,1800,2900,3400,88668,28,150,181.26928976656674,60.20858301781118,3431.75687501207,10193.956805160824
1787724648,6,,Aggregated,2.100000,0.000000,150,180,200,220,270,320,480,730,1800,2900,3400,88671,28,150,181.26892924572803,60.20858301781118,3431.75687501207,10193.987008153737
1787724649,6,,Aggregated,2.400000,0.000000,150,180,200,220,270,320,480,730,1800,2900,3400,88675,28,150,181.26716652597307,60.20858301781118,3431.75687501207,10193.892619114746
1787724650,6,,Aggregated,2.400000,0.000000,150,180,200,220,270,320,480,730,1800,2900,3400,88676,28,150,181.26658785192961,60.20858301781118,3431.75687501207,10193.865239749199
1787724651,6,,Aggregated,2.100000,0.000000,150,180,200,220,270,320,480,730,1800,2900,3400,88677,28,150,181.26596522378597,60.20858301781118,3431.75687501207,10193.837658017299
1787724652,6,,Aggregated,2.100000,0.000000,150,180,200,220,270,320,480,730,1800,2900,3400,88677,28,150,181.26596522378597,60.20858301781118,3431.75687501207,10193.837658017299
1787724653,6,,Aggregated,1.800000,0.000000,150,180,200,220,270,320,480,730,1800,2900,3400,88681,28,150,181.2675708454912,60.20858301781118,3431.75687501207,10193.868483666174
1787724654,6,,Aggregated,1.800000,0.000000,150,180,200,220,270,320,480,730,1800,2900,3400,88683,28,150,181.2667531683978,60.20858301781118,3431.75687501207,10193.813199824093
1787724655,6,,Aggregated,1.800000,0.000000,150,180,200,220,270,320,480,730,1800,2900,3400,88683,28,150,181.2667531683978,60.20858301781118,3431.75687501207,10193.813199824093
1787724656,6,,Aggregated,2.000000,0.000000,150,180,200,220,270,320,480,730,1800,2900,3400,88687,28,150,181.26768048849206,60.20858301781118,3431.75687501207,10193.860531983268
1787724657,6,,Aggregated,1.900000,0.000000,150,180,200,220,270,320,480,730,1800,2900,3400,88692,28,150,181.2658922909133,60.20858301781118,3431.75687501207,10193.818450367564
1787724658,6,,Aggregated,1.900000,0.000000,150,180,200,220,270,320,480,730,1800,2900,3400,88695,28,150,181.26729982035928,60.20858301781118,3431.75687501207,10194.036213991769
1787724659,6,,Aggregated,2.200000,0.000000,150,180,200,220,270,320,480,730,1800,2900,3400,88697,28,150,181.26782618239085,60.20858301781118,3431.75687501207,10194.109045401761
1787724660,6,,Aggregated,2.200000,0.000000,150,180,200,220,270,320,480,730,1800,2900,3400,88699,28,150,181.26835439079065,60.20858301781118,3431.75687501207,10194.14996786886
1787724661,6,,Aggregated,2.300000,0.000000,150,180,200,220,270,320,480,730,1800,2900,3400,88704,28,150,181.26661985255166,60.20858301781118,3431.75687501207,10194.111178751804
1787724662,6,,Aggregated,2.300000,0.000000,150,180,200,220,270,320,480,730,1800,2900,3400,88706,28,150,181.26525590932755,60.20858301781118,3431.75687501207,10194.055452844226
1787724663,6,,Aggregated,2.700000,0.000000,150,180,200,220,270,320,480,730,1800,2900,3400,88710,28,150,181.2634874058853,60.20858301781118,3431.75687501207,10194.075200090181
1787724664,6,,Aggregated,2.700000,0.000000,150,180,200,220,270,320,480,730,1800,2900,3400,88711,28,150,181.26358941235117,60.20858301781118,3431.75687501207,10194.076473041674
1787724665,6,,Aggregated,2.800000,0.000000,150,180,200,220,270,320,480,730,1800,2900,3400,88714,28,150,181.26273876052548,60.20858301781118,3431.75687501207,10194.122675113285
1787724666,6,,Aggregated,2.800000,0.000000,150,180,200,220,270,320,480,730,1800,2900,3400,88716,28,150,181.2622149972168,60.20858301781118,3431.75687501207,10194.192253933901
1787724667,6,,Aggregated,2.800000,0.000000,150,180,200,220,270,320,480,730,1800,2900,3400,88719,28,150,181.26148523927557,60.20858301781118,3431.75687501207,10194.237108172996
1787724668,6,,Aggregated,2.900000,0.000000,150,180,200,220,270,320,480,730,1800,2900,3400,88720,28,150,181.2618768272122,60.20858301781118,3431.75687501207,10194.381514878269
1787724669,6,,Aggregated,2.700000,0.000000,150,180,200,220,270,320,480,730,1800,2900,3400,88721,28,150,181.26122227057937,60.20858301781118,3431.75687501207,10194.354448214064
1787724670,6,,Aggregated,2.400000,0.000000,150,180,200,220,270,320,480,730,1800,2900,3400,88723,28,150,181.26149648138627,60.20858301781118,3431.75687501207,10194.427949911522
1787724671,6,,Aggregated,2.500000,0.000000,150,180,200,220,270,320,480,730,1800,2900,3400,88726,28,150,181.2595875286603,60.20858301781118,3431.75687501207,10194.346471158398
1787724672,6,,Aggregated,2.200000,0.000000,150,180,200,220,270,320,480,730,1800,2900,3400,88727,28,150,181.25916151304526,60.20858301781118,3431.75687501207,10194.318200773158
1787724673,6,,Aggregated,2.100000,0.000000,150,180,200,220,270,320,480,730,1800,2900,3400,88730,28,150,181.25799953351637,60.20858301781118,3431.75687501207,10194.364408880874
1787724674,6,,Aggregated,2.200000,0.000000,150,180,200,220,270,320,480,730,1800,2900,3400,88735,28,150,181.2581901089505,60.20858301781118,3431.75687501207,10194.486527300389
1787724675,6,,Aggregated,2.000000,0.000000,150,180,200,220,270,320,480,730,1800,2900,3400,88737,28,150,181.25720565718612,60.20858301781118,3431.75687501207,10194.43081240069
1787724676,6,,Aggregated,2.200000,0.000000,150,180,200,220,270,320,480,730,1800,2900,3400,88739,28,150,181.25744842208874,60.20858301781118,3431.75687501207,10194.599747574348
1787724677,6,,Aggregated,2.500000,0.000000,150,180,200,220,270,320,480,730,1800,2900,3400,88742,28,150,181.25625394665957,60.20858301781118,3431.75687501207,10194.546505600505
1787724678,6,,Aggregated,2.300000,0.000000,150,180,200,220,270,320,480,730,1800,2900,3400,88747,28,150,181.25489415259815,60.20858301781118,3431.75687501207,10194.49181380779
1787724679,6,,Aggregated,2.300000,0.000000,150,180,200,220,270,320,480,730,1800,2900,3400,88750,28,150,181.2565506021899,60.20858301781118,3431.75687501207,10194.567966197183
1787724680,6,,Aggregated,2.300000,0.000000,150,180,200,220,270,320,480,730,1800,2900,3400,88752,28,150,181.25597199767233,60.20858301781118,3431.75687501207,10194.54043852533
1787724681,6,,Aggregated,2.900000,0.000000,150,180,200,220,270,320,480,730,1800,2900,3400,88756,28,150,181.25409426155875,60.20858301781118,3431.75687501207,10194.53315832169
1787724682,6,,Aggregated,3.100000,0.000000,150,180,200,220,270,320,480,730,1800,2900,3400,88759,28,150,181.25224569513009,60.20858301781118,3431.75687501207,10194.449993803446
1787724683,6,,Aggregated,3.000000,0.000000,150,180,200,220,270,320,480,730,1800,2900,3400,88760,28,150,181.25163703371138,60.20858301781118,3431.75687501207,10194.422205948626
1787724684,6,,Aggregated,3.000000,0.000000,150,180,200,220,270,320,480,730,1800,2900,3400,88762,28,150,181.25077473313394,60.20858301781118,3431.75687501207,10194.382731349
1787724685,6,,Aggregated,3.100000,0.000000,150,180,200,220,270,320,480,730,1800,2900,3400,88765,28,150,181.24952673524788,60.20858301781118,3431.75687501207,10194.396000675943
1787724686,6,,Aggregated,2.900000,0.000000,150,180,200,220,270,320,480,730,1800,2900,3400,88767,28,150,181.25005305072773,60.20858301781118,3431.75687501207,10194.484628296552
1787724687,6,,Aggregated,2.700000,0.000000,150,180,200,220,270,320,480,730,1800,2900,3400,88770,28,150,181.2478826525864,60.20858301781118,3431.75687501207,10194.388802523375
1787724688,6,,Aggregated,2.700000,0.000000,150,180,200,220,270,320,480,730,1800,2900,3400,88771,28,150,181.24723190271789,60.20858301781118,3431.75687501207,10194.360331639837
1787724689,6,,Aggregated,2.800000,0.000000,150,180,200,220,270,320,480,730,1800,2900,3400,88772,28,150,181.247445425103,60.20858301781118,3431.75687501207,10194.460483035191
1787724690,6,,Aggregated,2.600000,0.000000,150,180,200,220,270,320,480,730,1800,2900,3400,88776,28,150,181.24520765683465,60.20858301781118,3431.75687501207,10194.349306118771
1787724691,6,,Aggregated,2.600000,0.000000,150,180,200,220,270,320,480,730,1800,2900,3400,88776,28,150,181.24520765683465,60.20858301781118,3431.75687501207,10194.349306118771
1787724692,6,,Aggregated,2.000000,0.000000,150,180,200,220,270,320,480,730,1800,2900,3400,88781,28,150,181.24349449328525,60.20858301781118,3431.75687501207,10194.293046935718
1787724693,6,,Aggregated,2.200000,0.000000,150,180,200,220,270,320,480,730,1800,2900,3400,88782,28,150,181.2448831161415,60.20858301781118,3431.75687501207,10194.361109233854
1787724694,6,,Aggregated,2.100000,0.000000,150,180,200,220,270,320,480,730,1800,2900,3400,88784,28,150,181.24462264813775,60.20858301781118,3431.75687501207,10194.43404216976
1787724695,6,,Aggregated,2.200000,0.000000,150,180,200,220,270,320,480,730,1800,2900,3400,88788,28,150,181.24267048034972,60.20858301781118,3431.75687501207,10194.356985178178
1787724696,6,,Aggregated,2.200000,0.000000,150,180,200,220,270,320,480,730,1800,2900,3400,88788,28,150,181.24267048034972,60.20858301781118,3431.75687501207,10194.356985178178
1787724697,6,,Aggregated,2.200000,0.000000,150,180,200,220,270,320,480,730,1800,2900,3400,88788,28,150,181.24267048034972,60.20858301781118,3431.75687501207,10194.356985178178
1787724698,6,,Aggregated,2.200000,0.000000,150,180,200,220,270,320,480,730,1800,2900,3400,88792,28,150,181.2407530608229,60.20858301781118,3431.75687501207,10194.245742859717
1787724699,6,,Aggregated,2.000000,0.000000,150,180,200,220,270,320,480,730,1800,2900,3400,88795,28,150,181.24095905815037,60.20858301781118,3431.75687501207,10194.353679824315
1787724700,6,,Aggregated,1.800000,0.000000,150,180,200,220,270,320,480,730,1800,2900,3400,88796,28,150,181.24093672793364,60.20858301781118,3431.75687501207,10194.42157304383
1787724701,6,,Aggregated,2.300000,0.000000,150,180,200,220,270,320,480,730,1800,2900,3400,88800,28,150,181.23879607903734,60.20858301781118,3431.75687501207,10194.340461711712
1787724702,6,,Aggregated,2.300000,0.000000,150,180,200,220,270,320,480,730,1800,2900,3400,88802,28,150,181.23925243736144,60.20858301781118,3431.75687501207,10194.524886826874
1787724703,6,,Aggregated,2.300000,0.000000,150,180,200,220,270,320,480,730,1800,2900,3400,88802,28,150,181.23925243736144,60.20858301781118,3431.75687501207,10194.524886826874
1787724704,6,,Aggregated,2.300000,0.000000,150,180,200,220,270,320,480,730,1800,2900,3400,88805,28,150,181.23852147196757,60.20858301781118,3431.75687501207,10194.53768368898
1787724705,6,,Aggregated,2.100000,0.000000,150,180,200,220,270,320,480,730,1800,2900,3400,88806,28,150,181.23774868376015,60.20858301781118,3431.75687501207,10194.51029209738
1787724706,6,,Aggregated,1.900000,0.000000,150,180,200,220,270,320,480,730,1800,2900,3400,88808,28,150,181.23707202318423,60.20858301781118,3431.75687501207,10194.550378344293
1787724707,6,,Aggregated,2.000000,0.000000,150,180,200,220,270,320,480,730,1800,2900,3400,88810,28,150,181.2356487720163,60.20858301781118,3431.75687501207,10194.496047742372
1787724708,6,,Aggregated,1.800000,0.000000,150,180,200,220,270,320,480,730,1800,2900,3400,88817,28,150,181.23610037002703,60.20858301781118,3431.75687501207,10194.514991499374
1787724709,6,,Aggregated,2.000000,0.000000,150,180,200,220,270,320,480,730,1800,2900,3400,88818,28,150,181.23564494038024,60.20858301781118,3431.75687501207,10194.4752415051
1787724710,6,,Aggregated,2.200000,0.000000,150,180,200,220,270,320,480,730,1800,2900,3400,88820,28,150,181.2367969758808,60.20858301781118,3431.75687501207,10194.691375816257
1787724711,6,,Aggregated,2.300000,0.000000,150,180,200,220,270,320,480,730,1800,2900,3400,88824,28,150,181.2363713483779,60.20858301781118,3431.75687501207,10194.696095649824
1787724712,6,,Aggregated,2.300000,0.000000,150,180,200,220,270,320,480,730,1800,2900,3400,88826,28,150,181.2350142462732,60.20858301781118,3431.75687501207,10194.627575259496
1787724713,6,,Aggregated,2.300000,0.000000,150,180,200,220,270,320,480,730,1800,2900,3400,88829,28,150,181.23401316740492,60.20858301781118,3431.75687501207,10194.687478188429
1787724714,6,,Aggregated,2.500000,0.000000,150,180,200,220,270,320,480,730,1800,2900,3400,88830,28,150,181.233283941487,60.20858301781118,3431.75687501207,10194.647810424407
1787724715,6,,Aggregated,2.400000,0.000000,150,180,200,220,270,320,480,730,1800,2900,3400,88832,28,150,181.2319176068995,60.20858301781118,3431.75687501207,10194.59201639049
1787724716,6,,Aggregated,2.700000,0.000000,150,180,200,220,270,320,480,730,1800,2900,3400,88836,28,150,181.23101582437218,60.20858301781118,3431.75687501207,10194.576421720923
1787724717,6,,Aggregated,2.500000,0.000000,150,180,200,220,270,320,480,730,1800,2900,3400,88837,28,150,181.2303258991056,60.20858301781118,3431.75687501207,10194.547857311705
1787724719,6,,Aggregated,2.700000,0.000000,150,180,200,220,270,320,480,730,1800,2900,3400,88838,28,150,181.2296068656643,60.20858301781118,3431.75687501207,10194.520779396204
1787724720,6,,Aggregated,2.800000,0.000000,150,180,200,220,270,320,480,730,1800,2900,3400,88840,28,150,181.22860174966291,60.20858301781118,3431.75687501207,10194.464734353895
1787724721,6,,Aggregated,2.600000,0.000000,150,180,200,220,270,320,480,730,1800,2900,3400,88844,28,150,181.22787274866394,60.20858301781118,3431.75687501207,10194.549299896447
1787724722,6,,Aggregated,2.100000,0.000000,150,180,200,220,270,320,480,730,1800,2900,3400,88846,28,150,181.2277945108087,60.20858301781118,3431.75687501207,10194.551820003151
1787724723,6,,Aggregated,2.200000,0.000000,150,180,200,220,270,320,480,730,1800,2900,3400,88847,28,150,181.22733169829448,60.20858301781118,3431.75687501207,10194.523214064628
1787724724,6,,Aggregated,2.400000,0.000000,150,180,200,220,270,320,480,730,1800,2900,3400,88849,28,150,181.2269215436566,60.20858301781118,3431.75687501207,10194.563956825625
1787724725,6,,Aggregated,2.100000,0.000000,150,180,200,220,270,320,480,730,1800,2900,3400,88854,28,150,181.22446559598365,60.20858301781118,3431.75687501207,10194.549024242015
1787724726,6,,Aggregated,2.100000,0.000000,150,180,200,220,270,320,480,730,1800,2900,3400,88854,28,150,181.22446559598365,60.20858301781118,3431.75687501207,10194.549024242015
1787724727,6,,Aggregated,2.000000,0.000000,150,180,200,220,270,320,480,730,1800,2900,3400,88857,28,150,181.22401842640778,60.20858301781118,3431.75687501207,10194.549658439966
1787724728,6,,Aggregated,2.400000,0.000000,150,180,200,220,270,320,480,730,1800,2900,3400,88859,28,150,181.2233365606328,60.20858301781118,3431.75687501207,10194.523897410505
1787724729,6,,Aggregated,2.400000,0.000000,150,180,200,220,270,320,480,730,1800,2900,3400,88859,28,150,181.2233365606328,60.20858301781118,3431.75687501207,10194.523897410505
1787724730,6,,Aggregated,2.100000,0.000000,150,180,200,220,270,320,480,730,1800,2900,3400,88862,28,150,181.22134349450218,60.20858301781118,3431.75687501207,10194.442033715199
1787724731,6,,Aggregated,2.100000,0.000000,150,180,200,220,270,320,480,730,1800,2900,3400,88866,28,150,181.22269657621192,60.20858301781118,3431.75687501207,10194.619798348074
1787724732,6,,Aggregated,2.100000,0.000000,150,180,200,220,270,320,480,730,1800,2900,3400,88867,28,150,181.22202116861885,60.20858301781118,3431.75687501207,10194.59099553265
1787724733,6,,Aggregated,2.200000,0.000000,150,180,200,220,270,320,480,730,1800,2900,3400,88869,28,150,181.2207110665784,60.20858301781118,3431.75687501207,10194.53656505643
1787724734,6,,Aggregated,2.100000,0.000000,150,180,200,220,270,320,480,730,1800,2900,3400,88870,28,150,181.22088774221623,60.20858301781118,3431.75687501207,10194.636772814223
1787724735,6,,Aggregated,2.200000,0.000000,150,180,200,220,270,320,480,730,1800,2900,3400,88875,28,150,181.21920959053642,60.20858301781118,3431.75687501207,10194.62670042194
1787724736,6,,Aggregated,2.200000,0.000000,150,180,200,220,270,320,480,730,1800,2900,3400,88875,28,150,181.21920959053642,60.20858301781118,3431.75687501207,10194.62670042194
1787724737,6,,Aggregated,2.100000,0.000000,150,180,200,220,270,320,480,730,1800,2900,3400,88876,28,150,181.21844167557973,60.20858301781118,3431.75687501207,10194.599419415816
1787724738,6,,Aggregated,2.000000,0.000000,150,180,200,220,270,320,480,730,1800,2900,3400,88879,28,150,181.21748866652442,60.20858301781118,3431.75687501207,10194.627741086197
1787724739,6,,Aggregated,1.900000,0.000000,150,180,200,220,270,320,480,730,1800,2900,3400,88882,28,150,181.21638776861593,60.20858301781118,3431.75687501207,10194.546263585427
1787724740,6,,Aggregated,1.900000,0.000000,150,180,200,220,270,320,480,730,1800,2900,3400,88884,28,150,181.21734400903875,60.20858301781118,3431.75687501207,10194.663055218038
1787724741,6,,Aggregated,1.900000,0.000000,150,180,200,220,270,320,480,730,1800,2900,3400,88884,28,150,181.21734400903875,60.20858301781118,3431.75687501207,10194.663055218038
1787724742,6,,Aggregated,2.100000,0.000000,150,180,200,220,270,320,480,730,1800,2900,3400,88886,28,150,181.21586934413997,60.20858301781118,3431.75687501207,10194.59599936998
1787724743,6,,Aggregated,2.200000,0.000000,150,180,200,220,270,320,480,730,1800,2900,3400,88889,28,150,181.2137040201492,60.20858301781118,3431.75687501207,10194.542766821542
1787724744,6,,Aggregated,1.900000,0.000000,150,180,200,220,270,320,480,730,1800,2900,3400,88893,28,150,181.2112061328993,60.20858301781118,3431.75687501207,10194.48949861069
1787724745,6,,Aggregated,1.900000,0.000000,150,180,200,220,270,320,480,730,1800,2900,3400,88894,28,150,181.21057240623486,60.20858301781118,3431.75687501207,10194.462235921435
1787724746,6,,Aggregated,2.000000,0.000000,150,180,200,220,270,320,480,730,1800,2900,3400,88896,28,150,181.21071156395206,60.20858301781118,3431.75687501207,10194.51875224982
1787724747,6,,Aggregated,2.000000,0.000000,150,180,200,220,270,320,480,730,1800,2900,3400,88898,28,150,181.21027534062463,60.20858301781118,3431.75687501207,10194.492901977548
1787724748,6,,Aggregated,2.000000,0.000000,150,180,200,220,270,320,480,730,1800,2900,3400,88900,28,150,181.20899224856814,60.20858301781118,3431.75687501207,10194.426299212599
1787724749,6,,Aggregated,2.100000,0.000000,150,180,200,220,270,320,480,730,1800,2900,3400,88904,28,150,181.2100959867473,60.20858301781118,3431.75687501207,10194.429744443445
1787724750,6,,Aggregated,2.100000,0.000000,150,180,200,220,270,320,480,730,1800,2900,3400,88909,28,150,181.20791599536642,60.20858301781118,3431.75687501207,10194.402703888245
1787724751,6,,Aggregated,2.100000,0.000000,150,180,200,220,270,320,480,730,1800,2900,3400,88909,28,150,181.20791599536642,60.20858301781118,3431.75687501207,10194.402703888245
1787724752,6,,Aggregated,2.300000,0.000000,150,180,200,220,270,320,480,730,1800,2900,3400,88910,28,150,181.2074345806442,60.20858301781118,3431.75687501207,10194.375818243167
1787724753,6,,Aggregated,2.500000,0.000000,150,180,200,220,270,320,480,730,1800,2900,3400,88912,28,150,181.20783773400643,60.20858301781118,3431.75687501207,10194.521133255354
1787724754,6,,Aggregated,2.400000,0.000000,150,180,200,220,270,320,480,730,1800,2900,3400,88914,28,150,181.20666899735826,60.20858301781118,3431.75687501207,10194.494219133096
1787724755,6,,Aggregated,2.200000,0.000000,150,180,200,220,270,320,480,730,1800,2900,3400,88918,28,150,181.2083960730314,60.20858301781118,3431.75687501207,10194.683607368586
1787724756,6,,Aggregated,2.200000,0.000000,150,180,200,220,270,320,480,730,1800,2900,3400,88918,28,150,181.2083960730314,60.20858301781118,3431.75687501207,10194.683607368586
1787724757,6,,Aggregated,2.300000,0.000000,150,180,200,220,270,320,480,730,1800,2900,3400,88921,28,150,181.20987277354945,60.20858301781118,3431.75687501207,10194.658550848506
1787724758,6,,Aggregated,2.200000,0.000000,150,180,200,220,270,320,480,730,1800,2900,3400,88924,28,150,181.20959215759268,60.20858301781118,3431.75687501207,10194.67414871126
1787724759,6,,Aggregated,2.200000,0.000000,150,180,200,220,270,320,480,730,1800,2900,3400,88925,28,150,181.2088087220101,60.20858301781118,3431.75687501207,10194.646904694968
1787724760,6,,Aggregated,2.200000,0.000000,150,180,200,220,270,320,480,730,1800,2900,3400,88927,28,150,181.2084565788524,60.20858301781118,3431.75687501207,10194.620823821786
1787724761,6,,Aggregated,2.100000,0.000000,150,180,200,220,270,320,480,730,1800,2900,3400,88930,28,150,181.20655070771815,60.20858301781118,3431.75687501207,10194.53860339593
1787724762,6,,Aggregated,2.100000,0.000000,150,180,200,220,270,320,480,730,1800,2900,3400,88931,28,150,181.20708879566445,60.20858301781118,3431.75687501207,10194.540070391651
1787724763,6,,Aggregated,1.800000,0.000000,150,180,200,220,270,320,480,730,1800,2900,3400,88934,28,150,181.20773798241828,60.20858301781118,3431.75687501207,10194.552893156722
1787724764,6,,Aggregated,2.100000,0.000000,150,180,200,220,270,320,480,730,1800,2900,3400,88935,28,150,181.2077445308736,60.20858301781118,3431.75687501207,10194.55447236746
1787724765,6,,Aggregated,2.100000,0.000000,150,180,200,220,270,320,480,730,1800,2900,3400,88936,28,150,181.20707748430667,60.20858301781118,3431.75687501207,10194.526918233336
1787724766,6,,Aggregated,2.100000,0.000000,150,180,200,220,270,320,480,730,1800,2900,3400,88941,28,150,181.2072083621285,60.20858301781118,3431.75687501207,10194.546283491303
1787724767,6,,Aggregated,2.100000,0.000000,150,180,200,220,270,320,480,730,1800,2900,3400,88942,28,150,181.20650281526122,60.20858301781118,3431.75687501207,10194.519653257179
1787724768,6,,Aggregated,1.900000,0.000000,150,180,200,220,270,320,480,730,1800,2900,3400,88944,28,150,181.20982422201408,60.20858301781118,3431.75687501207,10194.559880374169
1787724769,6,,Aggregated,2.200000,0.000000,150,180,200,220,270,320,480,730,1800,2900,3400,88948,28,150,181.20680356709522,60.20858301781118,3431.75687501207,10194.451139991905
1787724770,6,,Aggregated,2.300000,0.000000,150,180,200,220,270,320,480,730,1800,2900,3400,88949,28,150,181.2059778213111,60.20858301781118,3431.75687501207,10194.42453540793
1787724771,6,,Aggregated,2.200000,0.000000,150,180,200,220,270,320,480,730,1800,2900,3400,88952,28,150,181.20589171991313,60.20858301781118,3431.75687501207,10194.565473513805
1787724772,6,,Aggregated,2.200000,0.000000,150,180,200,220,270,320,480,730,1800,2900,3400,88955,28,150,181.20370933500843,60.20858301781118,3431.75687501207,10194.483041987522
1787724773,6,,Aggregated,2.500000,0.000000,150,180,200,220,270,320,480,730,1800,2900,3400,88958,28,150,181.20191853716017,60.20858301781118,3431.75687501207,10194.431091076687
1787724774,6,,Aggregated,2.200000,0.000000,150,180,200,220,270,320,480,730,1800,2900,3400,88960,28,150,181.2011180996588,60.20858301781118,3431.75687501207,10194.376112859713
1787724775,6,,Aggregated,2.300000,0.000000,150,180,200,220,270,320,480,730,1800,2900,3400,88961,28,150,181.20052213774144,60.20858301781118,3431.75687501207,10194.348557232945
1787724776,6,,Aggregated,2.400000,0.000000,150,180,200,220,270,320,480,730,1800,2900,3400,88963,28,150,181.19986423405908,60.20858301781118,3431.75687501207,10194.405584344053
1787724777,6,,Aggregated,2.400000,0.000000,150,180,200,220,270,320,480,730,1800,2900,3400,88966,28,150,181.20039684987256,60.20858301781118,3431.75687501207,10194.642076748421
1787724778,6,,Aggregated,2.400000,0.000000,150,180,200,220,270,320,480,730,1800,2900,3400,88966,28,150,181.20039684987256,60.20858301781118,3431.75687501207,10194.642076748421
1787724779,6,,Aggregated,2.100000,0.000000,150,180,200,220,270,320,480,730,1800,2900,3400,88969,28,150,181.19908575247328,60.20858301781118,3431.75687501207,10194.656071215817
1787724780,6,,Aggregated,2.200000,0.000000,150,180,200,220,270,320,480,730,1800,2900,3400,88976,28,150,181.1996463589794,60.20858301781118,3431.75687501207,10194.707010879338
1787724781,6,,Aggregated,2.200000,0.000000,150,180,200,220,270,320,480,730,1800,2900,3400,88977,28,150,181.19906987081558,60.20858301781118,3431.75687501207,10194.679737460243
1787724782,6,,Aggregated,2.300000,0.000000,150,180,200,220,270,320,480,730,1800,2900,3400,88978,28,150,181.19846437250516,60.20858301781118,3431.75687501207,10194.652532086584
1787724783,6,,Aggregated,2.500000,0.000000,150,180,200,220,270,320,480,730,1800,2900,3400,88980,28,150,181.19700802918462,60.20858301781118,3431.75687501207,10194.597965835019
1787724784,6,,Aggregated,2.400000,0.000000,150,180,200,220,270,320,480,730,1800,2900,3400,88984,28,150,181.19651986897625,60.20858301781118,3431.75687501207,10194.54401914951
1787724785,6,,Aggregated,2.400000,0.000000,150,180,200,220,270,320,480,730,1800,2900,3400,88984,28,150,181.19651986897625,60.20858301781118,3431.75687501207,10194.54401914951
1787724786,6,,Aggregated,2.400000,0.000000,150,180,200,220,270,320,480,730,1800,2900,3400,88986,28,150,181.19522172613665,60.20858301781118,3431.75687501207,10194.488492571865
1787724787,6,,Aggregated,2.400000,0.000000,150,180,200,220,270,320,480,730,1800,2900,3400,88988,28,150,181.19479576907005,60.20858301781118,3431.75687501207,10194.56106441318
1787724788,6,,Aggregated,2.200000,0.000000,150,180,200,220,270,320,480,730,1800,2900,3400,88992,28,150,181.19182018163642,60.20858301781118,3431.75687501207,10194.438365246315
1787724789,6,,Aggregated,2.400000,0.000000,150,180,200,220,270,320,480,730,1800,2900,3400,88994,28,150,181.19047809801017,60.20858301781118,3431.75687501207,10194.382497696473
1787724790,6,,Aggregated,2.400000,0.000000,150,180,200,220,270,320,480,730,1800,2900,3400,88996,28,150,181.1901597269809,60.20858301781118,3431.75687501207,10194.422816755809
1787724791,6,,Aggregated,2.200000,0.000000,150,180,200,220,270,320,480,730,1800,2900,3400,88997,28,150,181.18941944414468,60.20858301781118,3431.75687501207,10194.395698731418
1787724792,6,,Aggregated,2.400000,0.000000,150,180,200,220,270,320,480,730,1800,2900,3400,89000,28,150,181.18844021933174,60.20858301781118,3431.75687501207,10194.313808988763
1787724793,6,,Aggregated,2.000000,0.000000,150,180,200,220,270,320,480,730,1800,2900,3400,89004,28,150,181.1881650255898,60.20858301781118,3431.75687501207,10194.38671295672
1787724794,6,,Aggregated,2.100000,0.000000,150,180,200,220,270,320,480,730,1800,2900,3400,89010,28,150,181.18887033267788,60.20858301781118,3431.75687501207,10194.38967531738
1787724795,6,,Aggregated,2.100000,0.000000,150,180,200,220,270,320,480,730,1800,2900,3400,89011,28,150,181.18824933925893,60.20858301781118,3431.75687501207,10194.362528226848
1787724796,5,,Aggregated,2.100000,0.000000,150,180,200,220,270,320,480,730,1800,2900,3400,89011,28,150,181.18824933925893,60.20858301781118,3431.75687501207,10194.362528226848
1787724797,5,,Aggregated,2.700000,0.000000,150,180,200,220,270,320,480,730,1800,2900,3400,89013,28,150,181.1871536233884,60.20858301781118,3431.75687501207,10194.282868794446
1787724798,5,,Aggregated,2.700000,0.000000,150,180,200,220,270,320,480,730,1800,2900,3400,89015,28,150,181.1867055727881,60.20858301781118,3431.75687501207,10194.323574678425
1787724799,5,,Aggregated,2.400000,0.000000,150,180,200,220,270,320,480,730,1800,2900,3400,89019,28,150,181.1844013359105,60.20858301781118,3431.75687501207,10194.213527449196
1787724800,5,,Aggregated,2.500000,0.000000,150,180,200,220,270,320,480,730,1800,2900,3400,89021,28,150,181.1842360297509,60.20858301781118,3431.75687501207,10194.254917379045
1787724801,5,,Aggregated,2.500000,0.000000,150,180,200,220,270,320,480,730,1800,2900,3400,89021,28,150,181.1842360297509,60.20858301781118,3431.75687501207,10194.254917379045
1787724802,5,,Aggregated,2.400000,0.000000,150,180,200,220,270,320,480,730,1800,2900,3400,89023,28,150,181.18348860617394,60.20858301781118,3431.75687501207,10194.294845152377
1787724803,5,,Aggregated,2.400000,0.000000,150,180,200,220,270,320,480,730,1800,2900,3400,89024,28,150,181.18477437708353,60.20858301781118,3431.75687501207,10194.37902138749
1787724804,5,,Aggregated,2.300000,0.000000,150,180,200,220,270,320,480,730,1800,2900,3400,89027,28,150,181.18666791139162,60.20858301781118,3431.75687501207,10194.424882339066
1787724805,5,,Aggregated,2.300000,0.000000,150,180,200,220,270,320,480,730,1800,2900,3400,89030,28,150,181.18489396202753,60.20858301781118,3431.75687501207,10194.342221723015
1787724806,5,,Aggregated,2.300000,0.000000,150,180,200,220,270,320,480,730,1800,2900,3400,89030,28,150,181.18489396202753,60.20858301781118,3431.75687501207,10194.342221723015
1787724807,5,,Aggregated,1.600000,0.000000,150,180,200,220,270,320,480,730,1800,2900,3400,89033,28,150,181.18438864641433,60.20858301781118,3431.75687501207,10194.399627104556
1787724808,5,,Aggregated,1.900000,0.000000,150,180,200,220,270,320,480,730,1800,2900,3400,89035,28,150,181.1840544081717,60.20858301781118,3431.75687501207,10194.456460942327
1787724809,5,,Aggregated,1.900000,0.000000,150,180,200,220,270,320,480,730,1800,2900,3400,89036,28,150,181.1834025078574,60.20858301781118,3431.75687501207,10194.429556583853
1787724810,5,,Aggregated,2.000000,0.000000,150,180,200,220,270,320,480,730,1800,2900,3400,89037,28,150,181.18434363923623,60.20858301781118,3431.75687501207,10194.401451082134
1787724811,5,,Aggregated,1.900000,0.000000,150,180,200,220,270,320,480,730,1800,2900,3400,89039,28,150,181.18396604370616,60.20858301781118,3431.75687501207,10194.487112388953
1787724812,5,,Aggregated,1.600000,0.000000,150,180,200,220,270,320,480,730,1800,2900,3400,89040,28,150,181.18354915608302,60.20858301781118,3431.75687501207,10194.459973045821
1787724813,5,,Aggregated,1.700000,0.000000,150,180,200,220,270,320,480,730,1800,2900,3400,89042,28,150,181.1827933075606,60.20858301781118,3431.75687501207,10194.405157116866
1787724814,5,,Aggregated,1.800000,0.000000,150,180,200,220,270,320,480,730,1800,2900,3400,89046,28,150,181.18446304699555,60.20858301781118,3431.75687501207,10194.410574309908
1787724815,5,,Aggregated,1.700000,0.000000,150,180,200,220,270,320,480,730,1800,2900,3400,89049,28,150,181.18319932031392,60.20858301781118,3431.75687501207,10194.439892643377
1787724816,5,,Aggregated,1.700000,0.000000,150,180,200,220,270,320,480,730,1800,2900,3400,89049,28,150,181.18319932031392,60.20858301781118,3431.75687501207,10194.439892643377
1787724817,5,,Aggregated,2.000000,0.000000,150,180,200,220,270,320,480,730,1800,2900,3400,89050,28,150,181.18261604042226,60.20858301781118,3431.75687501207,10194.412442448063
1787724818,5,,Aggregated,1.900000,0.000000,150,180,200,220,270,320,480,730,1800,2900,3400,89053,28,150,181.18254035498646,60.20858301781118,3431.75687501207,10194.452966211133
1787724819,5,,Aggregated,1.900000,0.000000,150,180,200,220,270,320,480,730,1800,2900,3400,89054,28,150,181.1837014838367,60.20858301781118,3431.75687501207,10194.520639162754
1787724820,5,,Aggregated,1.800000,0.000000,150,180,200,220,270,320,480,730,1800,2900,3400,89058,28,150,181.1814499387997,60.20858301781118,3431.75687501207,10194.411181477239
1787724821,5,,Aggregated,1.800000,0.000000,150,180,200,220,270,320,480,730,1800,2900,3400,89058,28,150,181.1814499387997,60.20858301781118,3431.75687501207,10194.411181477239
1787724822,5,,Aggregated,1.900000,0.000000,150,180,200,220,270,320,480,730,1800,2900,3400,89059,28,150,181.18109074536625,60.20858301781118,3431.75687501207,10194.383734378334
1787724823,5,,Aggregated,2.000000,0.000000,150,180,200,220,270,320,480,730,1800,2900,3400,89062,28,150,181.18033062061025,60.20858301781118,3431.75687501207,10194.394702566751
1787724824,5,,Aggregated,1.900000,0.000000,150,180,200,220,270,320,480,730,1800,2900,3400,89067,28,150,181.18082482035302,60.20858301781118,3431.75687501207,10194.453703391828
1787724825,5,,Aggregated,1.900000,0.000000,150,180,200,220,270,320,480,730,1800,2900,3400,89069,28,150,181.18078974051986,60.20858301781118,3431.75687501207,10194.498299071507
1787724826,5,,Aggregated,2.000000,0.000000,150,180,200,220,270,320,480,730,1800,2900,3400,89070,28,150,181.18032911686842,60.20858301781118,3431.75687501207,10194.458381048613
1787724827,5,,Aggregated,2.100000,0.000000,150,180,200,220,270,320,480,730,1800,2900,3400,89071,28,150,181.17987444686193,60.20858301781118,3431.75687501207,10194.458959706302
1787724828,5,,Aggregated,2.000000,0.000000,150,180,200,220,270,320,480,730,1800,2900,3400,89073,28,150,181.1785999636755,60.20858301781118,3431.75687501207,10194.404252691613
1787724829,5,,Aggregated,2.100000,0.000000,150,180,200,220,270,320,480,730,1800,2900,3400,89077,28,150,181.1779627380288,60.20858301781118,3431.75687501207,10194.407557506427
1787724830,5,,Aggregated,2.000000,0.000000,150,180,200,220,270,320,480,730,1800,2900,3400,89079,28,150,181.17784404227032,60.20858301781118,3431.75687501207,10194.447052616217
1787724831,5,,Aggregated,2.000000,0.000000,150,180,200,220,270,320,480,730,1800,2900,3400,89080,28,150,181.17715639620937,60.20858301781118,3431.75687501207,10194.418881903906
1787724833,5,,Aggregated,2.200000,0.000000,150,180,200,220,270,320,480,730,1800,2900,3400,89083,28,150,181.17758214089352,60.20858301781118,3431.75687501207,10194.451421707845
1787724834,5,,Aggregated,2.100000,0.000000,150,180,200,220,270,320,480,730,1800,2900,3400,89085,28,150,181.17616152343376,60.20858301781118,3431.75687501207,10194.395622158612
1787724835,5,,Aggregated,2.200000,0.000000,150,180,200,220,270,320,480,730,1800,2900,3400,89086,28,150,181.17549071288673,60.20858301781118,3431.75687501207,10194.368351929596
1787724836,5,,Aggregated,2.400000,0.000000,150,180,200,220,270,320,480,730,1800,2900,3400,89087,28,150,181.17484399124692,60.20858301781118,3431.75687501207,10194.340015939475
1787724837,5,,Aggregated,2.200000,0.000000,150,180,200,220,270,320,480,730,1800,2900,3400,89090,28,150,181.17363264421525,60.20858301781118,3431.75687501207,10194.244135144236
1787724838,5,,Aggregated,1.800000,0.000000,150,180,200,220,270,320,480,730,1800,2900,3400,89091,28,150,181.1729802152413,60.20858301781118,3431.75687501207,10194.216430391398
1787724839,5,,Aggregated,1.800000,0.000000,150,180,200,220,270,320,480,730,1800,2900,3400,89093,28,150,181.17263958473904,60.20858301781118,3431.75687501207,10194.27356806932
1787724840,5,,Aggregated,2.000000,0.000000,150,180,200,220,270,320,480,730,1800,2900,3400,89094,28,150,181.17203242949387,60.20858301781118,3431.75687501207,10194.245695557502
1787724841,5,,Aggregated,2.000000,0.000000,150,180,200,220,270,320,480,730,1800,2900,3400,89096,28,150,181.17231374096883,60.20858301781118,3431.75687501207,10194.17822348927
1787724842,5,,Aggregated,2.000000,0.000000,150,180,200,220,270,320,480,730,1800,2900,3400,89097,28,150,181.17164410350784,60.20858301781118,3431.75687501207,10194.138096681145
1787724843,5,,Aggregated,1.600000,0.000000,150,180,200,220,270,320,480,730,1800,2900,3400,89100,28,150,181.17222122970068,60.20858301781118,3431.75687501207,10194.137452300785
1787724844,5,,Aggregated,1.600000,0.000000,150,180,200,220,270,320,480,730,1800,2900,3400,89101,28,150,181.17161044515987,60.20858301781118,3431.75687501207,10194.110212006599
1787724845,5,,Aggregated,1.700000,0.000000,150,180,200,220,270,320,480,730,1800,2900,3400,89104,28,150,181.16959898807147,60.20858301781118,3431.75687501207,10194.026497126953
1787724846,5,,Aggregated,1.600000,0.000000,150,180,200,220,270,320,480,730,1800,2900,3400,89107,28,150,181.16887494977937,60.20858301781118,3431.75687501207,10194.070970855264
1787724847,5,,Aggregated,1.800000,0.000000,150,180,200,220,270,320,480,730,1800,2900,3400,89110,28,150,181.16673889602913,60.20858301781118,3431.75687501207,10193.97426775895
1787724848,5,,Aggregated,1.800000,0.000000,150,180,200,220,270,320,480,730,1800,2900,3400,89110,28,150,181.16673889602913,60.20858301781118,3431.75687501207,10193.97426775895
1787724849,5,,Aggregated,1.900000,0.000000,150,180,200,220,270,320,480,730,1800,2900,3400,89113,28,150,181.16535219403602,60.20858301781118,3431.75687501207,10193.919540358871
1787724850,5,,Aggregated,1.900000,0.000000,150,180,200,220,270,320,480,730,1800,2900,3400,89114,28,150,181.16475575696234,60.20858301781118,3431.75687501207,10193.89297977871
1787724851,5,,Aggregated,1.900000,0.000000,150,180,200,220,270,320,480,730,1800,2900,3400,89116,28,150,181.16514084061225,60.20858301781118,3431.75687501207,10193.969320885139
1787724852,5,,Aggregated,2.000000,0.000000,150,180,200,220,270,320,480,730,1800,2900,3400,89118,28,150,181.16426479154816,60.20858301781118,3431.75687501207,10193.914304629816
1787724853,5,,Aggregated,2.100000,0.000000,150,180,200,220,270,320,480,730,1800,2900,3400,89120,28,150,181.16430457419065,60.20858301781118,3431.75687501207,10193.84578096948
1787724854,5,,Aggregated,2.100000,0.000000,150,180,200,220,270,320,480,730,1800,2900,3400,89121,28,150,181.16452323602766,60.20858301781118,3431.75687501207,10193.96188328228
1787724855,5,,Aggregated,1.900000,0.000000,150,180,200,220,270,320,480,730,1800,2900,3400,89122,28,150,181.1637925239338,60.20858301781118,3431.75687501207,10193.921725275464
1787724856,5,,Aggregated,1.900000,0.000000,150,180,200,220,270,320,480,730,1800,2900,3400,89125,28,150,181.16287054026404,60.20858301781118,3431.75687501207,10193.934260869566
