Timestamp,Scope,Name,CPU_m,MEM_MiB,Pods,CPU_pct,MEM_pct,HTTP_LAT_ms
2026-09-01 02:40:21,deployment,adservice,7,95,1,,,
2026-09-01 02:40:21,deployment,cartservice,9,41,1,,,
2026-09-01 02:40:21,deployment,checkoutservice,8,12,1,,,
2026-09-01 02:40:21,deployment,currencyservice,9,36,1,,,
2026-09-01 02:40:21,deployment,emailservice,16,40,1,,,
2026-09-01 02:40:21,deployment,frontend,0,13,1,,,
2026-09-01 02:40:21,http_p95_latency,frontend,,,,,,0.0
2026-09-01 02:40:21,deployment,paymentservice,10,30,1,,,
2026-09-01 02:40:21,deployment,productcatalogservice,7,9,1,,,
2026-09-01 02:40:21,deployment,recommendationservice,18,41,1,,,
2026-09-01 02:40:21,deployment,redis-cart,5,41,1,,,
2026-09-01 02:40:21,deployment,shippingservice,11,9,1,,,
2026-09-01 02:40:21,node,ze-master-node,705,2965,,17.6,37.3,
2026-09-01 02:40:21,node,ze-worker-node,270,1580,,6.8,19.9,
2026-09-01 02:40:28,deployment,adservice,7,95,1,,,
2026-09-01 02:40:28,deployment,cartservice,9,41,1,,,
2026-09-01 02:40:28,deployment,checkoutservice,8,12,1,,,
2026-09-01 02:40:28,deployment,currencyservice,9,36,1,,,
2026-09-01 02:40:28,deployment,emailservice,16,40,1,,,
2026-09-01 02:40:28,deployment,frontend,0,13,1,,,
2026-09-01 02:40:28,http_p95_latency,frontend,,,,,,0.0
2026-09-01 02:40:28,deployment,paymentservice,10,30,1,,,
2026-09-01 02:40:28,deployment,productcatalogservice,7,9,1,,,
2026-09-01 02:40:28,deployment,recommendationservice,18,41,1,,,
2026-09-01 02:40:28,deployment,redis-cart,5,41,1,,,
2026-09-01 02:40:28,deployment,shippingservice,11,9,1,,,
2026-09-01 02:40:28,node,ze-master-node,705,2965,,17.6,37.3,
2026-09-01 02:40:28,node,ze-worker-node,270,1580,,6.8,19.9,
2026-09-01 02:40:35,deployment,adservice,9,95,1,,,
2026-09-01 02:40:35,deployment,cartservice,8,41,1,,,
2026-09-01 02:40:35,deployment,checkoutservice,8,12,1,,,
2026-09-01 02:40:35,deployment,currencyservice,8,35,1,,,
2026-09-01 02:40:35,deployment,emailservice,19,40,1,,,
2026-09-01 02:40:35,deployment,frontend,0,13,1,,,
2026-09-01 02:40:35,http_p95_latency,frontend,,,,,,0.0
2026-09-01 02:40:35,deployment,paymentservice,8,31,1,,,
2026-09-01 02:40:35,deployment,productcatalogservice,9,9,1,,,
2026-09-01 02:40:35,deployment,recommendationservice,19,41,1,,,
2026-09-01 02:40:35,deployment,redis-cart,4,41,1,,,
2026-09-01 02:40:35,deployment,shippingservice,12,9,1,,,
2026-09-01 02:40:35,node,ze-master-node,880,2975,,22.0,37.5,
2026-09-01 02:40:35,node,ze-worker-node,513,1580,,12.8,19.9,
2026-09-01 02:40:41,deployment,adservice,9,95,1,,,
2026-09-01 02:40:41,deployment,cartservice,8,41,1,,,
2026-09-01 02:40:41,deployment,checkoutservice,8,12,1,,,
2026-09-01 02:40:41,deployment,currencyservice,8,35,1,,,
2026-09-01 02:40:41,deployment,emailservice,19,40,1,,,
2026-09-01 02:40:41,deployment,frontend,0,13,1,,,
2026-09-01 02:40:41,http_p95_latency,frontend,,,,,,0.0
2026-09-01 02:40:41,deployment,paymentservice,8,31,1,,,
2026-09-01 02:40:41,deployment,productcatalogservice,9,9,1,,,
2026-09-01 02:40:41,deployment,recommendationservice,19,41,1,,,
2026-09-01 02:40:41,deployment,redis-cart,4,41,1,,,
2026-09-01 02:40:41,deployment,shippingservice,12,9,1,,,
2026-09-01 02:40:41,node,ze-master-node,880,2975,,22.0,37.5,
2026-09-01 02:40:41,node,ze-worker-node,513,1580,,12.8,19.9,
2026-09-01 02:40:48,deployment,adservice,9,95,1,,,
2026-09-01 02:40:48,deployment,cartservice,8,41,1,,,
2026-09-01 02:40:48,deployment,checkoutservice,8,12,1,,,
2026-09-01 02:40:48,deployment,currencyservice,8,35,1,,,
2026-09-01 02:40:48,deployment,emailservice,19,40,1,,,
2026-09-01 02:40:48,deployment,frontend,0,13,1,,,
2026-09-01 02:40:48,http_p95_latency,frontend,,,,,,0.0
2026-09-01 02:40:48,deployment,paymentservice,8,31,1,,,
2026-09-01 02:40:48,deployment,productcatalogservice,9,9,1,,,
2026-09-01 02:40:48,deployment,recommendationservice,19,41,1,,,
2026-09-01 02:40:48,deployment,redis-cart,4,41,1,,,
2026-09-01 02:40:48,deployment,shippingservice,12,9,1,,,
2026-09-01 02:40:48,node,ze-master-node,880,2975,,22.0,37.5,
2026-09-01 02:40:48,node,ze-worker-node,513,1580,,12.8,19.9,
2026-09-01 02:40:54,deployment,adservice,6,95,1,,,
2026-09-01 02:40:54,deployment,cartservice,11,41,1,,,
2026-09-01 02:40:54,deployment,checkoutservice,5,12,1,,,
2026-09-01 02:40:54,deployment,currencyservice,7,35,1,,,
2026-09-01 02:40:54,deployment,emailservice,19,40,1,,,
2026-09-01 02:40:54,deployment,frontend,0,13,1,,,
2026-09-01 02:40:54,http_p95_latency,frontend,,,,,,0.0
2026-09-01 02:40:54,deployment,paymentservice,8,31,1,,,
2026-09-01 02:40:54,deployment,productcatalogservice,9,9,1,,,
2026-09-01 02:40:54,deployment,recommendationservice,20,41,1,,,
2026-09-01 02:40:54,deployment,redis-cart,5,41,1,,,
2026-09-01 02:40:54,deployment,shippingservice,12,9,1,,,
2026-09-01 02:40:54,node,ze-master-node,905,2965,,22.6,37.3,
2026-09-01 02:40:54,node,ze-worker-node,277,1579,,6.9,19.9,
2026-09-01 02:41:00,deployment,adservice,6,95,1,,,
2026-09-01 02:41:00,deployment,cartservice,11,41,1,,,
2026-09-01 02:41:00,deployment,checkoutservice,5,12,1,,,
2026-09-01 02:41:00,deployment,currencyservice,7,35,1,,,
2026-09-01 02:41:00,deployment,emailservice,19,40,1,,,
2026-09-01 02:41:00,deployment,frontend,0,13,1,,,
2026-09-01 02:41:00,http_p95_latency,frontend,,,,,,0.0
2026-09-01 02:41:00,deployment,paymentservice,8,31,1,,,
2026-09-01 02:41:00,deployment,productcatalogservice,9,9,1,,,
2026-09-01 02:41:00,deployment,recommendationservice,20,41,1,,,
2026-09-01 02:41:00,deployment,redis-cart,5,41,1,,,
2026-09-01 02:41:00,deployment,shippingservice,12,9,1,,,
2026-09-01 02:41:00,node,ze-master-node,905,2965,,22.6,37.3,
2026-09-01 02:41:00,node,ze-worker-node,277,1579,,6.9,19.9,
2026-09-01 02:41:08,deployment,adservice,9,95,1,,,
2026-09-01 02:41:08,deployment,cartservice,11,41,1,,,
2026-09-01 02:41:08,deployment,checkoutservice,6,13,1,,,
2026-09-01 02:41:08,deployment,currencyservice,10,35,1,,,
2026-09-01 02:41:08,deployment,emailservice,16,40,1,,,
2026-09-01 02:41:08,deployment,frontend,0,13,1,,,
2026-09-01 02:41:08,http_p95_latency,frontend,,,,,,0.0
2026-09-01 02:41:08,deployment,paymentservice,9,31,1,,,
2026-09-01 02:41:08,deployment,productcatalogservice,8,9,1,,,
2026-09-01 02:41:08,deployment,recommendationservice,23,41,1,,,
2026-09-01 02:41:08,deployment,redis-cart,5,41,1,,,
2026-09-01 02:41:08,deployment,shippingservice,13,9,1,,,
2026-09-01 02:41:08,node,ze-master-node,542,2962,,13.6,37.3,
2026-09-01 02:41:08,node,ze-worker-node,272,1581,,6.8,19.9,
2026-09-01 02:41:15,deployment,adservice,9,95,1,,,
2026-09-01 02:41:15,deployment,cartservice,11,41,1,,,
2026-09-01 02:41:15,deployment,checkoutservice,6,13,1,,,
2026-09-01 02:41:15,deployment,currencyservice,10,35,1,,,
2026-09-01 02:41:15,deployment,emailservice,16,40,1,,,
2026-09-01 02:41:15,deployment,frontend,0,13,1,,,
2026-09-01 02:41:15,http_p95_latency,frontend,,,,,,0.0
2026-09-01 02:41:15,deployment,paymentservice,9,31,1,,,
2026-09-01 02:41:15,deployment,productcatalogservice,8,9,1,,,
2026-09-01 02:41:15,deployment,recommendationservice,23,41,1,,,
2026-09-01 02:41:15,deployment,redis-cart,5,41,1,,,
2026-09-01 02:41:15,deployment,shippingservice,13,9,1,,,
2026-09-01 02:41:15,node,ze-master-node,542,2962,,13.6,37.3,
2026-09-01 02:41:15,node,ze-worker-node,272,1581,,6.8,19.9,
2026-09-01 02:41:22,deployment,adservice,7,95,1,,,
2026-09-01 02:41:22,deployment,cartservice,10,41,1,,,
2026-09-01 02:41:22,deployment,checkoutservice,9,17,1,,,
2026-09-01 02:41:22,deployment,currencyservice,10,35,1,,,
2026-09-01 02:41:22,deployment,emailservice,16,40,1,,,
2026-09-01 02:41:22,deployment,frontend,0,13,1,,,
2026-09-01 02:41:22,http_p95_latency,frontend,,,,,,0.0
2026-09-01 02:41:22,deployment,paymentservice,9,31,1,,,
2026-09-01 02:41:22,deployment,productcatalogservice,6,9,1,,,
2026-09-01 02:41:22,deployment,recommendationservice,19,41,1,,,
2026-09-01 02:41:22,deployment,redis-cart,4,41,1,,,
2026-09-01 02:41:22,deployment,shippingservice,10,9,1,,,
2026-09-01 02:41:22,node,ze-master-node,747,2967,,18.7,37.4,
2026-09-01 02:41:22,node,ze-worker-node,275,1580,,6.9,19.9,
2026-09-01 02:41:29,deployment,adservice,7,95,1,,,
2026-09-01 02:41:29,deployment,cartservice,10,41,1,,,
2026-09-01 02:41:29,deployment,checkoutservice,9,17,1,,,
2026-09-01 02:41:29,deployment,currencyservice,10,35,1,,,
2026-09-01 02:41:29,deployment,emailservice,16,40,1,,,
2026-09-01 02:41:29,deployment,frontend,0,13,1,,,
2026-09-01 02:41:29,http_p95_latency,frontend,,,,,,472.5
2026-09-01 02:41:29,deployment,paymentservice,9,31,1,,,
2026-09-01 02:41:29,deployment,productcatalogservice,6,9,1,,,
2026-09-01 02:41:29,deployment,recommendationservice,19,41,1,,,
2026-09-01 02:41:29,deployment,redis-cart,4,41,1,,,
2026-09-01 02:41:29,deployment,shippingservice,10,9,1,,,
2026-09-01 02:41:29,node,ze-master-node,747,2967,,18.7,37.4,
2026-09-01 02:41:29,node,ze-worker-node,275,1580,,6.9,19.9,
2026-09-01 02:41:35,deployment,adservice,5,95,1,,,
2026-09-01 02:41:35,deployment,cartservice,18,41,1,,,
2026-09-01 02:41:35,deployment,checkoutservice,8,13,1,,,
2026-09-01 02:41:35,deployment,currencyservice,15,35,1,,,
2026-09-01 02:41:35,deployment,emailservice,19,40,1,,,
2026-09-01 02:41:35,deployment,frontend,38,13,1,,,
2026-09-01 02:41:35,http_p95_latency,frontend,,,,,,472.5
2026-09-01 02:41:35,deployment,paymentservice,7,31,1,,,
2026-09-01 02:41:35,deployment,productcatalogservice,21,8,1,,,
2026-09-01 02:41:35,deployment,recommendationservice,22,41,1,,,
2026-09-01 02:41:35,deployment,redis-cart,5,41,1,,,
2026-09-01 02:41:35,deployment,shippingservice,16,9,1,,,
2026-09-01 02:41:35,node,ze-master-node,715,2958,,17.9,37.2,
2026-09-01 02:41:35,node,ze-worker-node,403,1582,,10.1,19.9,
2026-09-01 02:41:42,deployment,adservice,5,95,1,,,
2026-09-01 02:41:42,deployment,cartservice,18,41,1,,,
2026-09-01 02:41:42,deployment,checkoutservice,8,13,1,,,
2026-09-01 02:41:42,deployment,currencyservice,15,35,1,,,
2026-09-01 02:41:42,deployment,emailservice,19,40,1,,,
2026-09-01 02:41:42,deployment,frontend,38,13,1,,,
2026-09-01 02:41:42,http_p95_latency,frontend,,,,,,378.8
2026-09-01 02:41:42,deployment,paymentservice,7,31,1,,,
2026-09-01 02:41:42,deployment,productcatalogservice,21,8,1,,,
2026-09-01 02:41:42,deployment,recommendationservice,22,41,1,,,
2026-09-01 02:41:42,deployment,redis-cart,5,41,1,,,
2026-09-01 02:41:42,deployment,shippingservice,16,9,1,,,
2026-09-01 02:41:42,node,ze-master-node,715,2958,,17.9,37.2,
2026-09-01 02:41:42,node,ze-worker-node,403,1582,,10.1,19.9,
2026-09-01 02:41:48,deployment,adservice,5,95,1,,,
2026-09-01 02:41:48,deployment,cartservice,26,41,1,,,
2026-09-01 02:41:48,deployment,checkoutservice,8,12,1,,,
2026-09-01 02:41:48,deployment,currencyservice,29,35,1,,,
2026-09-01 02:41:48,deployment,emailservice,16,40,1,,,
2026-09-01 02:41:48,deployment,frontend,38,13,1,,,
2026-09-01 02:41:48,http_p95_latency,frontend,,,,,,378.8
2026-09-01 02:41:48,deployment,paymentservice,8,30,1,,,
2026-09-01 02:41:48,deployment,productcatalogservice,31,8,1,,,
2026-09-01 02:41:48,deployment,recommendationservice,33,41,1,,,
2026-09-01 02:41:48,deployment,redis-cart,6,41,1,,,
2026-09-01 02:41:48,deployment,shippingservice,16,9,1,,,
2026-09-01 02:41:48,node,ze-master-node,855,2964,,21.4,37.3,
2026-09-01 02:41:48,node,ze-worker-node,446,1582,,11.2,19.9,
2026-09-01 02:41:56,deployment,adservice,11,95,1,,,
2026-09-01 02:41:56,deployment,cartservice,26,41,1,,,
2026-09-01 02:41:56,deployment,checkoutservice,8,12,1,,,
2026-09-01 02:41:56,deployment,currencyservice,29,35,1,,,
2026-09-01 02:41:56,deployment,emailservice,16,40,1,,,
2026-09-01 02:41:56,deployment,frontend,38,13,1,,,
2026-09-01 02:41:56,http_p95_latency,frontend,,,,,,378.8
2026-09-01 02:41:56,deployment,paymentservice,8,30,1,,,
2026-09-01 02:41:56,deployment,productcatalogservice,31,8,1,,,
2026-09-01 02:41:56,deployment,recommendationservice,33,41,1,,,
2026-09-01 02:41:56,deployment,redis-cart,6,41,1,,,
2026-09-01 02:41:56,deployment,shippingservice,16,9,1,,,
2026-09-01 02:41:56,node,ze-master-node,855,2964,,21.4,37.3,
2026-09-01 02:41:56,node,ze-worker-node,446,1582,,11.2,19.9,
2026-09-01 02:42:02,deployment,adservice,11,95,1,,,
2026-09-01 02:42:02,deployment,cartservice,26,41,1,,,
2026-09-01 02:42:02,deployment,checkoutservice,8,12,1,,,
2026-09-01 02:42:02,deployment,currencyservice,29,35,1,,,
2026-09-01 02:42:02,deployment,emailservice,16,40,1,,,
2026-09-01 02:42:02,deployment,frontend,38,13,1,,,
2026-09-01 02:42:02,http_p95_latency,frontend,,,,,,295.0
2026-09-01 02:42:02,deployment,paymentservice,8,30,1,,,
2026-09-01 02:42:02,deployment,productcatalogservice,31,8,1,,,
2026-09-01 02:42:02,deployment,recommendationservice,33,41,1,,,
2026-09-01 02:42:02,deployment,redis-cart,6,41,1,,,
2026-09-01 02:42:02,deployment,shippingservice,16,9,1,,,
2026-09-01 02:42:02,node,ze-master-node,855,2964,,21.4,37.3,
2026-09-01 02:42:02,node,ze-worker-node,446,1582,,11.2,19.9,
2026-09-01 02:42:08,deployment,adservice,9,95,1,,,
2026-09-01 02:42:08,deployment,cartservice,18,41,1,,,
2026-09-01 02:42:08,deployment,checkoutservice,10,12,1,,,
2026-09-01 02:42:08,deployment,currencyservice,31,35,1,,,
2026-09-01 02:42:08,deployment,emailservice,20,40,1,,,
2026-09-01 02:42:08,deployment,frontend,46,13,1,,,
2026-09-01 02:42:08,http_p95_latency,frontend,,,,,,295.0
2026-09-01 02:42:08,deployment,paymentservice,9,31,1,,,
2026-09-01 02:42:08,deployment,productcatalogservice,31,8,1,,,
2026-09-01 02:42:08,deployment,recommendationservice,34,45,1,,,
2026-09-01 02:42:08,deployment,redis-cart,6,41,1,,,
2026-09-01 02:42:08,deployment,shippingservice,11,9,1,,,
2026-09-01 02:42:08,node,ze-master-node,650,2964,,16.2,37.3,
2026-09-01 02:42:08,node,ze-worker-node,494,1579,,12.3,19.9,
2026-09-01 02:42:15,deployment,adservice,9,95,1,,,
2026-09-01 02:42:15,deployment,cartservice,18,41,1,,,
2026-09-01 02:42:15,deployment,checkoutservice,10,12,1,,,
2026-09-01 02:42:15,deployment,currencyservice,31,35,1,,,
2026-09-01 02:42:15,deployment,emailservice,20,40,1,,,
2026-09-01 02:42:15,deployment,frontend,46,13,1,,,
2026-09-01 02:42:15,http_p95_latency,frontend,,,,,,163.9
2026-09-01 02:42:15,deployment,paymentservice,9,31,1,,,
2026-09-01 02:42:15,deployment,productcatalogservice,31,8,1,,,
2026-09-01 02:42:15,deployment,recommendationservice,34,45,1,,,
2026-09-01 02:42:15,deployment,redis-cart,6,41,1,,,
2026-09-01 02:42:15,deployment,shippingservice,11,9,1,,,
2026-09-01 02:42:15,node,ze-master-node,650,2964,,16.2,37.3,
2026-09-01 02:42:15,node,ze-worker-node,494,1579,,12.3,19.9,
2026-09-01 02:42:22,deployment,adservice,10,95,1,,,
2026-09-01 02:42:22,deployment,cartservice,19,41,1,,,
2026-09-01 02:42:22,deployment,checkoutservice,6,12,1,,,
2026-09-01 02:42:22,deployment,currencyservice,30,35,1,,,
2026-09-01 02:42:22,deployment,emailservice,19,40,1,,,
2026-09-01 02:42:22,deployment,frontend,50,13,1,,,
2026-09-01 02:42:22,http_p95_latency,frontend,,,,,,163.9
2026-09-01 02:42:22,deployment,paymentservice,8,31,1,,,
2026-09-01 02:42:22,deployment,productcatalogservice,31,8,1,,,
2026-09-01 02:42:22,deployment,recommendationservice,31,41,1,,,
2026-09-01 02:42:22,deployment,redis-cart,6,41,1,,,
2026-09-01 02:42:22,deployment,shippingservice,12,9,1,,,
2026-09-01 02:42:22,node,ze-master-node,763,2956,,19.1,37.2,
2026-09-01 02:42:22,node,ze-worker-node,525,1566,,13.1,19.7,
2026-09-01 02:42:28,deployment,adservice,10,95,1,,,
2026-09-01 02:42:28,deployment,cartservice,19,41,1,,,
2026-09-01 02:42:28,deployment,checkoutservice,6,12,1,,,
2026-09-01 02:42:28,deployment,currencyservice,30,35,1,,,
2026-09-01 02:42:28,deployment,emailservice,19,40,1,,,
2026-09-01 02:42:28,deployment,frontend,50,13,1,,,
2026-09-01 02:42:28,http_p95_latency,frontend,,,,,,172.9
2026-09-01 02:42:28,deployment,paymentservice,8,31,1,,,
2026-09-01 02:42:28,deployment,productcatalogservice,31,8,1,,,
2026-09-01 02:42:28,deployment,recommendationservice,31,41,1,,,
2026-09-01 02:42:28,deployment,redis-cart,6,41,1,,,
2026-09-01 02:42:28,deployment,shippingservice,12,9,1,,,
2026-09-01 02:42:28,node,ze-master-node,763,2956,,19.1,37.2,
2026-09-01 02:42:28,node,ze-worker-node,525,1566,,13.1,19.7,
2026-09-01 02:42:36,deployment,adservice,9,95,1,,,
2026-09-01 02:42:36,deployment,cartservice,23,41,1,,,
2026-09-01 02:42:36,deployment,checkoutservice,13,12,1,,,
2026-09-01 02:42:36,deployment,currencyservice,36,35,1,,,
2026-09-01 02:42:36,deployment,emailservice,16,40,1,,,
2026-09-01 02:42:36,deployment,frontend,44,13,1,,,
2026-09-01 02:42:36,http_p95_latency,frontend,,,,,,172.9
2026-09-01 02:42:36,deployment,paymentservice,10,30,1,,,
2026-09-01 02:42:36,deployment,productcatalogservice,35,8,1,,,
2026-09-01 02:42:36,deployment,recommendationservice,35,41,1,,,
2026-09-01 02:42:36,deployment,redis-cart,5,41,1,,,
2026-09-01 02:42:36,deployment,shippingservice,15,9,1,,,
2026-09-01 02:42:36,node,ze-master-node,805,2974,,20.1,37.5,
2026-09-01 02:42:36,node,ze-worker-node,529,1568,,13.2,19.7,
2026-09-01 02:42:42,deployment,adservice,9,95,1,,,
2026-09-01 02:42:42,deployment,cartservice,23,41,1,,,
2026-09-01 02:42:42,deployment,checkoutservice,13,12,1,,,
2026-09-01 02:42:42,deployment,currencyservice,36,35,1,,,
2026-09-01 02:42:42,deployment,emailservice,16,40,1,,,
2026-09-01 02:42:42,deployment,frontend,44,13,1,,,
2026-09-01 02:42:42,http_p95_latency,frontend,,,,,,178.6
2026-09-01 02:42:42,deployment,paymentservice,10,30,1,,,
2026-09-01 02:42:42,deployment,productcatalogservice,35,8,1,,,
2026-09-01 02:42:42,deployment,recommendationservice,35,41,1,,,
2026-09-01 02:42:42,deployment,redis-cart,5,41,1,,,
2026-09-01 02:42:42,deployment,shippingservice,15,9,1,,,
2026-09-01 02:42:42,node,ze-master-node,805,2974,,20.1,37.5,
2026-09-01 02:42:42,node,ze-worker-node,529,1568,,13.2,19.7,
2026-09-01 02:42:48,deployment,adservice,9,95,1,,,
2026-09-01 02:42:48,deployment,cartservice,23,41,1,,,
2026-09-01 02:42:48,deployment,checkoutservice,13,12,1,,,
2026-09-01 02:42:48,deployment,currencyservice,36,35,1,,,
2026-09-01 02:42:48,deployment,emailservice,16,40,1,,,
2026-09-01 02:42:48,deployment,frontend,44,13,1,,,
2026-09-01 02:42:48,http_p95_latency,frontend,,,,,,178.6
2026-09-01 02:42:48,deployment,paymentservice,10,30,1,,,
2026-09-01 02:42:48,deployment,productcatalogservice,35,8,1,,,
2026-09-01 02:42:48,deployment,recommendationservice,35,41,1,,,
2026-09-01 02:42:48,deployment,redis-cart,5,41,1,,,
2026-09-01 02:42:48,deployment,shippingservice,15,9,1,,,
2026-09-01 02:42:48,node,ze-master-node,805,2974,,20.1,37.5,
2026-09-01 02:42:48,node,ze-worker-node,490,1568,,12.2,19.7,
2026-09-01 02:42:54,deployment,adservice,10,95,1,,,
2026-09-01 02:42:54,deployment,cartservice,25,41,1,,,
2026-09-01 02:42:54,deployment,checkoutservice,13,12,1,,,
2026-09-01 02:42:54,deployment,currencyservice,36,35,1,,,
2026-09-01 02:42:54,deployment,emailservice,23,40,1,,,
2026-09-01 02:42:54,deployment,frontend,53,13,1,,,
2026-09-01 02:42:54,http_p95_latency,frontend,,,,,,178.6
2026-09-01 02:42:54,deployment,paymentservice,8,31,1,,,
2026-09-01 02:42:54,deployment,productcatalogservice,36,8,1,,,
2026-09-01 02:42:54,deployment,recommendationservice,35,41,1,,,
2026-09-01 02:42:54,deployment,redis-cart,6,41,1,,,
2026-09-01 02:42:54,deployment,shippingservice,15,9,1,,,
2026-09-01 02:42:54,node,ze-master-node,886,2975,,22.1,37.5,
2026-09-01 02:42:54,node,ze-worker-node,490,1568,,12.2,19.7,
2026-09-01 02:43:01,deployment,adservice,10,95,1,,,
2026-09-01 02:43:01,deployment,cartservice,25,41,1,,,
2026-09-01 02:43:01,deployment,checkoutservice,13,12,1,,,
2026-09-01 02:43:01,deployment,currencyservice,36,35,1,,,
2026-09-01 02:43:01,deployment,emailservice,23,40,1,,,
2026-09-01 02:43:01,deployment,frontend,53,13,1,,,
2026-09-01 02:43:01,http_p95_latency,frontend,,,,,,180.3
2026-09-01 02:43:01,deployment,paymentservice,8,31,1,,,
2026-09-01 02:43:01,deployment,productcatalogservice,36,8,1,,,
2026-09-01 02:43:01,deployment,recommendationservice,35,41,1,,,
2026-09-01 02:43:01,deployment,redis-cart,6,41,1,,,
2026-09-01 02:43:01,deployment,shippingservice,15,9,1,,,
2026-09-01 02:43:01,node,ze-master-node,886,2975,,22.1,37.5,
2026-09-01 02:43:01,node,ze-worker-node,490,1568,,12.2,19.7,
2026-09-01 02:43:08,deployment,adservice,10,95,1,,,
2026-09-01 02:43:08,deployment,cartservice,24,41,1,,,
2026-09-01 02:43:08,deployment,checkoutservice,11,12,1,,,
2026-09-01 02:43:08,deployment,currencyservice,29,35,1,,,
2026-09-01 02:43:08,deployment,emailservice,23,40,1,,,
2026-09-01 02:43:08,deployment,frontend,53,13,1,,,
2026-09-01 02:43:08,http_p95_latency,frontend,,,,,,180.3
2026-09-01 02:43:08,deployment,paymentservice,8,31,1,,,
2026-09-01 02:43:08,deployment,productcatalogservice,36,9,1,,,
2026-09-01 02:43:08,deployment,recommendationservice,36,41,1,,,
2026-09-01 02:43:08,deployment,redis-cart,6,41,1,,,
2026-09-01 02:43:08,deployment,shippingservice,12,9,1,,,
2026-09-01 02:43:08,node,ze-master-node,716,2973,,17.9,37.4,
2026-09-01 02:43:08,node,ze-worker-node,519,1570,,13.0,19.8,
2026-09-01 02:43:15,deployment,adservice,10,95,1,,,
2026-09-01 02:43:15,deployment,cartservice,24,41,1,,,
2026-09-01 02:43:15,deployment,checkoutservice,11,12,1,,,
2026-09-01 02:43:15,deployment,currencyservice,29,35,1,,,
2026-09-01 02:43:15,deployment,emailservice,23,40,1,,,
2026-09-01 02:43:15,deployment,frontend,53,13,1,,,
2026-09-01 02:43:15,http_p95_latency,frontend,,,,,,169.9
2026-09-01 02:43:15,deployment,paymentservice,8,31,1,,,
2026-09-01 02:43:15,deployment,productcatalogservice,36,9,1,,,
2026-09-01 02:43:15,deployment,recommendationservice,36,41,1,,,
2026-09-01 02:43:15,deployment,redis-cart,6,41,1,,,
2026-09-01 02:43:15,deployment,shippingservice,12,9,1,,,
2026-09-01 02:43:15,node,ze-master-node,716,2973,,17.9,37.4,
2026-09-01 02:43:15,node,ze-worker-node,519,1570,,13.0,19.8,
2026-09-01 02:43:22,deployment,adservice,10,95,1,,,
2026-09-01 02:43:22,deployment,cartservice,24,41,1,,,
2026-09-01 02:43:22,deployment,checkoutservice,11,12,1,,,
2026-09-01 02:43:22,deployment,currencyservice,33,35,1,,,
2026-09-01 02:43:22,deployment,emailservice,18,40,1,,,
2026-09-01 02:43:22,deployment,frontend,52,13,1,,,
2026-09-01 02:43:22,http_p95_latency,frontend,,,,,,169.9
2026-09-01 02:43:22,deployment,paymentservice,9,31,1,,,
2026-09-01 02:43:22,deployment,productcatalogservice,28,8,1,,,
2026-09-01 02:43:22,deployment,recommendationservice,30,41,1,,,
2026-09-01 02:43:22,deployment,redis-cart,6,41,1,,,
2026-09-01 02:43:22,deployment,shippingservice,14,9,1,,,
2026-09-01 02:43:22,node,ze-master-node,779,2977,,19.5,37.5,
2026-09-01 02:43:22,node,ze-worker-node,453,1571,,11.3,19.8,
2026-09-01 02:43:28,deployment,adservice,10,95,1,,,
2026-09-01 02:43:28,deployment,cartservice,24,41,1,,,
2026-09-01 02:43:28,deployment,checkoutservice,11,12,1,,,
2026-09-01 02:43:28,deployment,currencyservice,33,35,1,,,
2026-09-01 02:43:28,deployment,emailservice,18,40,1,,,
2026-09-01 02:43:28,deployment,frontend,52,13,1,,,
2026-09-01 02:43:28,http_p95_latency,frontend,,,,,,725.0
2026-09-01 02:43:28,deployment,paymentservice,9,31,1,,,
2026-09-01 02:43:28,deployment,productcatalogservice,28,8,1,,,
2026-09-01 02:43:28,deployment,recommendationservice,30,41,1,,,
2026-09-01 02:43:28,deployment,redis-cart,6,41,1,,,
2026-09-01 02:43:28,deployment,shippingservice,14,9,1,,,
2026-09-01 02:43:28,node,ze-master-node,779,2977,,19.5,37.5,
2026-09-01 02:43:28,node,ze-worker-node,453,1571,,11.3,19.8,
2026-09-01 02:43:35,deployment,adservice,7,95,1,,,
2026-09-01 02:43:35,deployment,cartservice,22,41,1,,,
2026-09-01 02:43:35,deployment,checkoutservice,6,12,1,,,
2026-09-01 02:43:35,deployment,currencyservice,34,37,1,,,
2026-09-01 02:43:35,deployment,emailservice,18,40,1,,,
2026-09-01 02:43:35,deployment,frontend,66,13,1,,,
2026-09-01 02:43:35,http_p95_latency,frontend,,,,,,725.0
2026-09-01 02:43:35,deployment,paymentservice,11,31,1,,,
2026-09-01 02:43:35,deployment,productcatalogservice,43,8,1,,,
2026-09-01 02:43:35,deployment,recommendationservice,30,41,1,,,
2026-09-01 02:43:35,deployment,redis-cart,5,41,1,,,
2026-09-01 02:43:35,deployment,shippingservice,14,9,1,,,
2026-09-01 02:43:35,node,ze-master-node,782,2975,,19.6,37.5,
2026-09-01 02:43:35,node,ze-worker-node,628,1569,,15.7,19.8,
2026-09-01 02:43:41,deployment,adservice,7,95,1,,,
2026-09-01 02:43:41,deployment,cartservice,22,41,1,,,
2026-09-01 02:43:41,deployment,checkoutservice,6,12,1,,,
2026-09-01 02:43:41,deployment,currencyservice,34,37,1,,,
2026-09-01 02:43:41,deployment,emailservice,18,40,1,,,
2026-09-01 02:43:41,deployment,frontend,66,13,2,,,
2026-09-01 02:43:41,http_p95_latency,frontend,,,,,,633.3
2026-09-01 02:43:41,deployment,paymentservice,11,31,1,,,
2026-09-01 02:43:41,deployment,productcatalogservice,43,8,1,,,
2026-09-01 02:43:41,deployment,recommendationservice,30,41,1,,,
2026-09-01 02:43:41,deployment,redis-cart,5,41,1,,,
2026-09-01 02:43:41,deployment,shippingservice,14,9,1,,,
2026-09-01 02:43:41,node,ze-master-node,782,2975,,19.6,37.5,
2026-09-01 02:43:41,node,ze-worker-node,628,1569,,15.7,19.8,
2026-09-01 02:43:48,deployment,adservice,7,95,1,,,
2026-09-01 02:43:48,deployment,cartservice,22,41,1,,,
2026-09-01 02:43:48,deployment,checkoutservice,6,12,1,,,
2026-09-01 02:43:48,deployment,currencyservice,34,37,1,,,
2026-09-01 02:43:48,deployment,emailservice,18,40,1,,,
2026-09-01 02:43:48,deployment,frontend,66,13,2,,,
2026-09-01 02:43:48,http_p95_latency,frontend,,,,,,633.3
2026-09-01 02:43:48,deployment,paymentservice,11,31,1,,,
2026-09-01 02:43:48,deployment,productcatalogservice,43,8,1,,,
2026-09-01 02:43:48,deployment,recommendationservice,30,41,1,,,
2026-09-01 02:43:48,deployment,redis-cart,6,41,1,,,
2026-09-01 02:43:48,deployment,shippingservice,14,9,1,,,
2026-09-01 02:43:48,node,ze-master-node,969,2990,,24.2,37.7,
2026-09-01 02:43:48,node,ze-worker-node,750,1571,,18.8,19.8,
2026-09-01 02:43:54,deployment,adservice,14,97,1,,,
2026-09-01 02:43:54,deployment,cartservice,33,41,1,,,
2026-09-01 02:43:54,deployment,checkoutservice,10,12,1,,,
2026-09-01 02:43:54,deployment,currencyservice,64,33,1,,,
2026-09-01 02:43:54,deployment,emailservice,18,40,1,,,
2026-09-01 02:43:54,deployment,frontend,75,20,2,,,
2026-09-01 02:43:54,http_p95_latency,frontend,,,,,,633.3
2026-09-01 02:43:54,deployment,paymentservice,5,30,1,,,
2026-09-01 02:43:54,deployment,productcatalogservice,61,9,1,,,
2026-09-01 02:43:54,deployment,recommendationservice,43,41,1,,,
2026-09-01 02:43:54,deployment,redis-cart,6,41,1,,,
2026-09-01 02:43:54,deployment,shippingservice,14,9,1,,,
2026-09-01 02:43:54,node,ze-master-node,969,2990,,24.2,37.7,
2026-09-01 02:43:54,node,ze-worker-node,750,1571,,18.8,19.8,
2026-09-01 02:44:01,deployment,adservice,14,97,1,,,
2026-09-01 02:44:01,deployment,cartservice,33,41,1,,,
2026-09-01 02:44:01,deployment,checkoutservice,10,12,1,,,
2026-09-01 02:44:01,deployment,currencyservice,64,33,1,,,
2026-09-01 02:44:01,deployment,emailservice,18,40,1,,,
2026-09-01 02:44:01,deployment,frontend,75,20,2,,,
2026-09-01 02:44:01,http_p95_latency,frontend,,,,,,510.7
2026-09-01 02:44:01,deployment,paymentservice,5,30,1,,,
2026-09-01 02:44:01,deployment,productcatalogservice,61,9,1,,,
2026-09-01 02:44:01,deployment,recommendationservice,43,41,1,,,
2026-09-01 02:44:01,deployment,redis-cart,6,41,1,,,
2026-09-01 02:44:01,deployment,shippingservice,14,9,1,,,
2026-09-01 02:44:01,node,ze-master-node,969,2990,,24.2,37.7,
2026-09-01 02:44:01,node,ze-worker-node,750,1571,,18.8,19.8,
2026-09-01 02:44:08,deployment,adservice,14,95,1,,,
2026-09-01 02:44:08,deployment,cartservice,35,41,1,,,
2026-09-01 02:44:08,deployment,checkoutservice,11,12,1,,,
2026-09-01 02:44:08,deployment,currencyservice,62,33,1,,,
2026-09-01 02:44:08,deployment,emailservice,14,40,1,,,
2026-09-01 02:44:08,deployment,frontend,162,22,3,,,
2026-09-01 02:44:08,http_p95_latency,frontend,,,,,,510.7
2026-09-01 02:44:08,deployment,paymentservice,8,31,1,,,
2026-09-01 02:44:08,deployment,productcatalogservice,61,9,1,,,
2026-09-01 02:44:08,deployment,recommendationservice,52,41,1,,,
2026-09-01 02:44:08,deployment,redis-cart,7,41,1,,,
2026-09-01 02:44:08,deployment,shippingservice,15,9,1,,,
2026-09-01 02:44:08,node,ze-master-node,892,2992,,22.3,37.7,
2026-09-01 02:44:08,node,ze-worker-node,775,1570,,19.4,19.8,
2026-09-01 02:44:15,deployment,adservice,14,95,1,,,
2026-09-01 02:44:15,deployment,cartservice,35,41,1,,,
2026-09-01 02:44:15,deployment,checkoutservice,11,12,1,,,
2026-09-01 02:44:15,deployment,currencyservice,62,33,1,,,
2026-09-01 02:44:15,deployment,emailservice,14,40,1,,,
2026-09-01 02:44:15,deployment,frontend,162,22,3,,,
2026-09-01 02:44:15,http_p95_latency,frontend,,,,,,222.4
2026-09-01 02:44:15,deployment,paymentservice,8,31,1,,,
2026-09-01 02:44:15,deployment,productcatalogservice,61,9,1,,,
2026-09-01 02:44:15,deployment,recommendationservice,52,41,1,,,
2026-09-01 02:44:15,deployment,redis-cart,7,41,1,,,
2026-09-01 02:44:15,deployment,shippingservice,15,9,1,,,
2026-09-01 02:44:15,node,ze-master-node,892,2992,,22.3,37.7,
2026-09-01 02:44:15,node,ze-worker-node,775,1570,,19.4,19.8,
2026-09-01 02:44:21,deployment,adservice,14,95,1,,,
2026-09-01 02:44:21,deployment,cartservice,34,41,1,,,
2026-09-01 02:44:21,deployment,checkoutservice,12,12,1,,,
2026-09-01 02:44:21,deployment,currencyservice,64,33,1,,,
2026-09-01 02:44:21,deployment,emailservice,20,40,1,,,
2026-09-01 02:44:21,deployment,frontend,119,30,3,,,
2026-09-01 02:44:21,http_p95_latency,frontend,,,,,,222.4
2026-09-01 02:44:21,deployment,paymentservice,10,31,1,,,
2026-09-01 02:44:21,deployment,productcatalogservice,68,9,1,,,
2026-09-01 02:44:21,deployment,recommendationservice,57,41,1,,,
2026-09-01 02:44:21,deployment,redis-cart,8,41,1,,,
2026-09-01 02:44:21,deployment,shippingservice,16,9,1,,,
2026-09-01 02:44:21,node,ze-master-node,1118,2994,,28.0,37.7,
2026-09-01 02:44:21,node,ze-worker-node,771,1566,,19.3,19.7,
2026-09-01 02:44:28,deployment,adservice,14,95,1,,,
2026-09-01 02:44:28,deployment,cartservice,34,41,1,,,
2026-09-01 02:44:28,deployment,checkoutservice,12,12,1,,,
2026-09-01 02:44:28,deployment,currencyservice,64,33,1,,,
2026-09-01 02:44:28,deployment,emailservice,20,40,1,,,
2026-09-01 02:44:28,deployment,frontend,119,30,3,,,
2026-09-01 02:44:28,http_p95_latency,frontend,,,,,,445.1
2026-09-01 02:44:28,deployment,paymentservice,10,31,1,,,
2026-09-01 02:44:28,deployment,productcatalogservice,68,9,2,,,
2026-09-01 02:44:28,deployment,recommendationservice,57,41,1,,,
2026-09-01 02:44:28,deployment,redis-cart,8,41,1,,,
2026-09-01 02:44:28,deployment,shippingservice,16,9,1,,,
2026-09-01 02:44:28,node,ze-master-node,1118,2994,,28.0,37.7,
2026-09-01 02:44:28,node,ze-worker-node,771,1566,,19.3,19.7,
2026-09-01 02:44:34,deployment,adservice,18,95,1,,,
2026-09-01 02:44:34,deployment,cartservice,39,41,1,,,
2026-09-01 02:44:34,deployment,checkoutservice,15,12,1,,,
2026-09-01 02:44:34,deployment,currencyservice,66,33,1,,,
2026-09-01 02:44:34,deployment,emailservice,17,40,1,,,
2026-09-01 02:44:34,deployment,frontend,176,31,3,,,
2026-09-01 02:44:34,http_p95_latency,frontend,,,,,,445.1
2026-09-01 02:44:34,deployment,paymentservice,8,31,1,,,
2026-09-01 02:44:34,deployment,productcatalogservice,136,16,2,,,
2026-09-01 02:44:34,deployment,recommendationservice,64,41,1,,,
2026-09-01 02:44:34,deployment,redis-cart,46,41,1,,,
2026-09-01 02:44:34,deployment,shippingservice,15,9,1,,,
2026-09-01 02:44:34,node,ze-master-node,1328,3007,,33.2,37.9,
2026-09-01 02:44:34,node,ze-worker-node,925,1572,,23.1,19.8,
2026-09-01 02:44:40,deployment,adservice,18,95,1,,,
2026-09-01 02:44:40,deployment,cartservice,39,41,1,,,
2026-09-01 02:44:40,deployment,checkoutservice,15,12,1,,,
2026-09-01 02:44:40,deployment,currencyservice,66,33,2,,,
2026-09-01 02:44:40,deployment,emailservice,17,40,1,,,
2026-09-01 02:44:40,deployment,frontend,176,31,3,,,
2026-09-01 02:44:40,http_p95_latency,frontend,,,,,,445.1
2026-09-01 02:44:40,deployment,paymentservice,8,31,1,,,
2026-09-01 02:44:40,deployment,productcatalogservice,136,16,2,,,
2026-09-01 02:44:40,deployment,recommendationservice,64,41,1,,,
2026-09-01 02:44:40,deployment,redis-cart,46,41,1,,,
2026-09-01 02:44:40,deployment,shippingservice,15,9,1,,,
2026-09-01 02:44:40,node,ze-master-node,1328,3007,,33.2,37.9,
2026-09-01 02:44:40,node,ze-worker-node,925,1572,,23.1,19.8,
2026-09-01 02:44:46,deployment,adservice,18,95,1,,,
2026-09-01 02:44:46,deployment,cartservice,39,41,1,,,
2026-09-01 02:44:46,deployment,checkoutservice,15,12,1,,,
2026-09-01 02:44:46,deployment,currencyservice,66,33,2,,,
2026-09-01 02:44:46,deployment,emailservice,17,40,1,,,
2026-09-01 02:44:46,deployment,frontend,176,31,3,,,
2026-09-01 02:44:46,http_p95_latency,frontend,,,,,,397.6
2026-09-01 02:44:46,deployment,paymentservice,8,31,1,,,
2026-09-01 02:44:46,deployment,productcatalogservice,136,16,2,,,
2026-09-01 02:44:46,deployment,recommendationservice,64,41,1,,,
2026-09-01 02:44:46,deployment,redis-cart,46,41,1,,,
2026-09-01 02:44:46,deployment,shippingservice,15,9,1,,,
2026-09-01 02:44:46,node,ze-master-node,1328,3007,,33.2,37.9,
2026-09-01 02:44:46,node,ze-worker-node,925,1572,,23.1,19.8,
2026-09-01 02:44:53,deployment,adservice,18,95,1,,,
2026-09-01 02:44:53,deployment,cartservice,46,41,1,,,
2026-09-01 02:44:53,deployment,checkoutservice,13,12,1,,,
2026-09-01 02:44:53,deployment,currencyservice,240,65,2,,,
2026-09-01 02:44:53,deployment,emailservice,17,40,1,,,
2026-09-01 02:44:53,deployment,frontend,183,32,3,,,
2026-09-01 02:44:53,http_p95_latency,frontend,,,,,,397.6
2026-09-01 02:44:53,deployment,paymentservice,11,31,1,,,
2026-09-01 02:44:53,deployment,productcatalogservice,115,16,2,,,
2026-09-01 02:44:53,deployment,recommendationservice,84,41,2,,,
2026-09-01 02:44:53,deployment,redis-cart,9,41,1,,,
2026-09-01 02:44:53,deployment,shippingservice,15,9,1,,,
2026-09-01 02:44:53,node,ze-master-node,1487,3043,,37.2,38.3,
2026-09-01 02:44:53,node,ze-worker-node,979,1570,,24.5,19.8,
2026-09-01 02:45:00,deployment,adservice,18,95,1,,,
2026-09-01 02:45:00,deployment,cartservice,46,41,1,,,
2026-09-01 02:45:00,deployment,checkoutservice,13,12,1,,,
2026-09-01 02:45:00,deployment,currencyservice,240,65,2,,,
2026-09-01 02:45:00,deployment,emailservice,17,40,1,,,
2026-09-01 02:45:00,deployment,frontend,183,32,3,,,
2026-09-01 02:45:00,http_p95_latency,frontend,,,,,,325.0
2026-09-01 02:45:00,deployment,paymentservice,11,31,1,,,
2026-09-01 02:45:00,deployment,productcatalogservice,115,16,2,,,
2026-09-01 02:45:00,deployment,recommendationservice,84,41,2,,,
2026-09-01 02:45:00,deployment,redis-cart,9,41,1,,,
2026-09-01 02:45:00,deployment,shippingservice,15,9,1,,,
2026-09-01 02:45:00,node,ze-master-node,1487,3043,,37.2,38.3,
2026-09-01 02:45:00,node,ze-worker-node,979,1570,,24.5,19.8,
2026-09-01 02:45:06,deployment,adservice,19,95,1,,,
2026-09-01 02:45:06,deployment,cartservice,46,41,1,,,
2026-09-01 02:45:06,deployment,checkoutservice,13,12,1,,,
2026-09-01 02:45:06,deployment,currencyservice,223,64,2,,,
2026-09-01 02:45:06,deployment,emailservice,14,40,1,,,
2026-09-01 02:45:06,deployment,frontend,187,33,3,,,
2026-09-01 02:45:06,http_p95_latency,frontend,,,,,,325.0
2026-09-01 02:45:06,deployment,paymentservice,6,31,1,,,
2026-09-01 02:45:06,deployment,productcatalogservice,115,17,2,,,
2026-09-01 02:45:06,deployment,recommendationservice,189,79,2,,,
2026-09-01 02:45:06,deployment,redis-cart,9,41,1,,,
2026-09-01 02:45:06,deployment,shippingservice,20,9,1,,,
2026-09-01 02:45:06,node,ze-master-node,1609,3068,,40.2,38.6,
2026-09-01 02:45:06,node,ze-worker-node,926,1565,,23.2,19.7,
2026-09-01 02:45:13,deployment,adservice,19,95,1,,,
2026-09-01 02:45:13,deployment,cartservice,46,41,1,,,
2026-09-01 02:45:13,deployment,checkoutservice,13,12,1,,,
2026-09-01 02:45:13,deployment,currencyservice,223,64,2,,,
2026-09-01 02:45:13,deployment,emailservice,14,40,1,,,
2026-09-01 02:45:13,deployment,frontend,187,33,3,,,
2026-09-01 02:45:13,http_p95_latency,frontend,,,,,,219.9
2026-09-01 02:45:13,deployment,paymentservice,6,31,1,,,
2026-09-01 02:45:13,deployment,productcatalogservice,115,17,2,,,
2026-09-01 02:45:13,deployment,recommendationservice,189,79,2,,,
2026-09-01 02:45:13,deployment,redis-cart,9,41,1,,,
2026-09-01 02:45:13,deployment,shippingservice,20,9,1,,,
2026-09-01 02:45:13,node,ze-master-node,1609,3068,,40.2,38.6,
2026-09-01 02:45:13,node,ze-worker-node,926,1565,,23.2,19.7,
2026-09-01 02:45:20,deployment,adservice,24,95,1,,,
2026-09-01 02:45:20,deployment,cartservice,51,41,1,,,
2026-09-01 02:45:20,deployment,checkoutservice,14,12,1,,,
2026-09-01 02:45:20,deployment,currencyservice,153,54,2,,,
2026-09-01 02:45:20,deployment,emailservice,19,40,1,,,
2026-09-01 02:45:20,deployment,frontend,205,33,3,,,
2026-09-01 02:45:20,http_p95_latency,frontend,,,,,,219.9
2026-09-01 02:45:20,deployment,paymentservice,9,31,1,,,
2026-09-01 02:45:20,deployment,productcatalogservice,129,17,2,,,
2026-09-01 02:45:20,deployment,recommendationservice,107,82,2,,,
2026-09-01 02:45:20,deployment,redis-cart,10,41,1,,,
2026-09-01 02:45:20,deployment,shippingservice,14,9,1,,,
2026-09-01 02:45:20,node,ze-master-node,1563,3080,,39.1,38.8,
2026-09-01 02:45:20,node,ze-worker-node,882,1562,,22.1,19.7,
2026-09-01 02:45:25,deployment,adservice,24,95,1,,,
2026-09-01 02:45:25,deployment,cartservice,51,41,1,,,
2026-09-01 02:45:25,deployment,checkoutservice,14,12,1,,,
2026-09-01 02:45:25,deployment,currencyservice,153,54,3,,,
2026-09-01 02:45:25,deployment,emailservice,19,40,1,,,
2026-09-01 02:45:25,deployment,frontend,205,33,4,,,
2026-09-01 02:45:25,http_p95_latency,frontend,,,,,,219.9
2026-09-01 02:45:25,deployment,paymentservice,9,31,1,,,
2026-09-01 02:45:25,deployment,productcatalogservice,129,17,2,,,
2026-09-01 02:45:25,deployment,recommendationservice,107,82,2,,,
2026-09-01 02:45:25,deployment,redis-cart,10,41,1,,,
2026-09-01 02:45:25,deployment,shippingservice,14,9,1,,,
2026-09-01 02:45:25,node,ze-master-node,1563,3080,,39.1,38.8,
2026-09-01 02:45:25,node,ze-worker-node,882,1562,,22.1,19.7,
2026-09-01 02:45:32,deployment,adservice,24,95,1,,,
2026-09-01 02:45:32,deployment,cartservice,51,41,1,,,
2026-09-01 02:45:32,deployment,checkoutservice,14,12,1,,,
2026-09-01 02:45:32,deployment,currencyservice,153,54,3,,,
2026-09-01 02:45:32,deployment,emailservice,19,40,1,,,
2026-09-01 02:45:32,deployment,frontend,205,33,4,,,
2026-09-01 02:45:32,http_p95_latency,frontend,,,,,,346.8
2026-09-01 02:45:32,deployment,paymentservice,9,31,1,,,
2026-09-01 02:45:32,deployment,productcatalogservice,129,17,2,,,
2026-09-01 02:45:32,deployment,recommendationservice,107,82,2,,,
2026-09-01 02:45:32,deployment,redis-cart,10,41,1,,,
2026-09-01 02:45:32,deployment,shippingservice,14,9,1,,,
2026-09-01 02:45:32,node,ze-master-node,1563,3080,,39.1,38.8,
2026-09-01 02:45:32,node,ze-worker-node,882,1562,,22.1,19.7,
2026-09-01 02:45:39,deployment,adservice,22,95,1,,,
2026-09-01 02:45:39,deployment,cartservice,61,41,1,,,
2026-09-01 02:45:39,deployment,checkoutservice,20,12,1,,,
2026-09-01 02:45:39,deployment,currencyservice,342,86,3,,,
2026-09-01 02:45:39,deployment,emailservice,18,40,1,,,
2026-09-01 02:45:39,deployment,frontend,219,41,4,,,
2026-09-01 02:45:39,http_p95_latency,frontend,,,,,,346.8
2026-09-01 02:45:39,deployment,paymentservice,6,31,1,,,
2026-09-01 02:45:39,deployment,productcatalogservice,129,20,2,,,
2026-09-01 02:45:39,deployment,recommendationservice,105,79,2,,,
2026-09-01 02:45:39,deployment,redis-cart,10,41,1,,,
2026-09-01 02:45:39,deployment,shippingservice,19,9,1,,,
2026-09-01 02:45:39,node,ze-master-node,1578,3085,,39.5,38.8,
2026-09-01 02:45:39,node,ze-worker-node,1200,1614,,30.0,20.3,
2026-09-01 02:45:45,deployment,adservice,22,95,1,,,
2026-09-01 02:45:45,deployment,cartservice,61,41,1,,,
2026-09-01 02:45:45,deployment,checkoutservice,20,12,1,,,
2026-09-01 02:45:45,deployment,currencyservice,342,86,3,,,
2026-09-01 02:45:45,deployment,emailservice,18,40,1,,,
2026-09-01 02:45:45,deployment,frontend,219,41,4,,,
2026-09-01 02:45:45,http_p95_latency,frontend,,,,,,281.6
2026-09-01 02:45:45,deployment,paymentservice,6,31,1,,,
2026-09-01 02:45:45,deployment,productcatalogservice,129,20,2,,,
2026-09-01 02:45:45,deployment,recommendationservice,105,79,2,,,
2026-09-01 02:45:45,deployment,redis-cart,10,41,1,,,
2026-09-01 02:45:45,deployment,shippingservice,19,9,1,,,
2026-09-01 02:45:45,node,ze-master-node,1578,3085,,39.5,38.8,
2026-09-01 02:45:45,node,ze-worker-node,1200,1614,,30.0,20.3,
2026-09-01 02:45:51,deployment,adservice,27,95,1,,,
2026-09-01 02:45:51,deployment,cartservice,69,41,1,,,
2026-09-01 02:45:51,deployment,checkoutservice,14,12,1,,,
2026-09-01 02:45:51,deployment,currencyservice,300,82,3,,,
2026-09-01 02:45:51,deployment,emailservice,18,40,1,,,
2026-09-01 02:45:51,deployment,frontend,330,43,4,,,
2026-09-01 02:45:51,http_p95_latency,frontend,,,,,,281.6
2026-09-01 02:45:51,deployment,paymentservice,7,31,1,,,
2026-09-01 02:45:51,deployment,productcatalogservice,161,16,2,,,
2026-09-01 02:45:51,deployment,recommendationservice,109,79,2,,,
2026-09-01 02:45:51,deployment,redis-cart,11,41,1,,,
2026-09-01 02:45:51,deployment,shippingservice,16,9,1,,,
2026-09-01 02:45:51,node,ze-master-node,1825,3076,,45.6,38.7,
2026-09-01 02:45:51,node,ze-worker-node,1347,1607,,33.7,20.2,
2026-09-01 02:45:58,deployment,adservice,27,95,1,,,
2026-09-01 02:45:58,deployment,cartservice,69,41,1,,,
2026-09-01 02:45:58,deployment,checkoutservice,14,12,1,,,
2026-09-01 02:45:58,deployment,currencyservice,300,82,3,,,
2026-09-01 02:45:58,deployment,emailservice,18,40,1,,,
2026-09-01 02:45:58,deployment,frontend,330,43,6,,,
2026-09-01 02:45:58,http_p95_latency,frontend,,,,,,249.0
2026-09-01 02:45:58,deployment,paymentservice,7,31,1,,,
2026-09-01 02:45:58,deployment,productcatalogservice,161,16,3,,,
2026-09-01 02:45:58,deployment,recommendationservice,109,79,2,,,
2026-09-01 02:45:58,deployment,redis-cart,11,41,1,,,
2026-09-01 02:45:58,deployment,shippingservice,16,9,1,,,
2026-09-01 02:45:58,node,ze-master-node,1825,3076,,45.6,38.7,
2026-09-01 02:45:58,node,ze-worker-node,1347,1607,,33.7,20.2,
2026-09-01 02:46:04,deployment,adservice,27,95,1,,,
2026-09-01 02:46:04,deployment,cartservice,61,41,1,,,
2026-09-01 02:46:04,deployment,checkoutservice,10,12,1,,,
2026-09-01 02:46:04,deployment,currencyservice,267,75,3,,,
2026-09-01 02:46:04,deployment,emailservice,9,40,1,,,
2026-09-01 02:46:04,deployment,frontend,319,59,6,,,
2026-09-01 02:46:04,http_p95_latency,frontend,,,,,,249.0
2026-09-01 02:46:04,deployment,paymentservice,8,31,1,,,
2026-09-01 02:46:04,deployment,productcatalogservice,208,24,3,,,
2026-09-01 02:46:04,deployment,recommendationservice,116,79,2,,,
2026-09-01 02:46:04,deployment,redis-cart,11,41,1,,,
2026-09-01 02:46:04,deployment,shippingservice,16,9,1,,,
2026-09-01 02:46:04,node,ze-master-node,1847,3125,,46.2,39.4,
2026-09-01 02:46:04,node,ze-worker-node,1395,1625,,34.9,20.5,
2026-09-01 02:46:11,deployment,adservice,27,95,1,,,
2026-09-01 02:46:11,deployment,cartservice,61,41,1,,,
2026-09-01 02:46:11,deployment,checkoutservice,10,12,1,,,
2026-09-01 02:46:11,deployment,currencyservice,267,75,5,,,
2026-09-01 02:46:11,deployment,emailservice,9,40,1,,,
2026-09-01 02:46:11,deployment,frontend,319,59,6,,,
2026-09-01 02:46:11,http_p95_latency,frontend,,,,,,211.0
2026-09-01 02:46:11,deployment,paymentservice,8,31,1,,,
2026-09-01 02:46:11,deployment,productcatalogservice,208,24,3,,,
2026-09-01 02:46:11,deployment,recommendationservice,116,79,2,,,
2026-09-01 02:46:11,deployment,redis-cart,11,41,1,,,
2026-09-01 02:46:11,deployment,shippingservice,16,9,1,,,
2026-09-01 02:46:11,node,ze-master-node,1847,3125,,46.2,39.4,
2026-09-01 02:46:11,node,ze-worker-node,1395,1625,,34.9,20.5,
2026-09-01 02:46:18,deployment,adservice,27,95,1,,,
2026-09-01 02:46:18,deployment,cartservice,61,41,1,,,
2026-09-01 02:46:18,deployment,checkoutservice,10,12,1,,,
2026-09-01 02:46:18,deployment,currencyservice,267,75,5,,,
2026-09-01 02:46:18,deployment,emailservice,9,40,1,,,
2026-09-01 02:46:18,deployment,frontend,319,59,6,,,
2026-09-01 02:46:18,http_p95_latency,frontend,,,,,,211.0
2026-09-01 02:46:18,deployment,paymentservice,8,31,1,,,
2026-09-01 02:46:18,deployment,productcatalogservice,208,24,3,,,
2026-09-01 02:46:18,deployment,recommendationservice,116,79,2,,,
2026-09-01 02:46:18,deployment,redis-cart,11,41,1,,,
2026-09-01 02:46:18,deployment,shippingservice,16,9,1,,,
2026-09-01 02:46:18,node,ze-master-node,1847,3125,,46.2,39.4,
2026-09-01 02:46:18,node,ze-worker-node,1395,1625,,34.9,20.5,
2026-09-01 02:46:24,deployment,adservice,26,95,1,,,
2026-09-01 02:46:24,deployment,cartservice,58,41,1,,,
2026-09-01 02:46:24,deployment,checkoutservice,16,12,1,,,
2026-09-01 02:46:24,deployment,currencyservice,498,125,5,,,
2026-09-01 02:46:24,deployment,emailservice,9,40,1,,,
2026-09-01 02:46:24,deployment,frontend,335,62,6,,,
2026-09-01 02:46:24,http_p95_latency,frontend,,,,,,211.0
2026-09-01 02:46:24,deployment,paymentservice,8,31,1,,,
2026-09-01 02:46:24,deployment,productcatalogservice,162,25,3,,,
2026-09-01 02:46:24,deployment,recommendationservice,113,79,2,,,
2026-09-01 02:46:24,deployment,redis-cart,11,41,1,,,
2026-09-01 02:46:24,deployment,shippingservice,18,9,1,,,
2026-09-01 02:46:24,node,ze-master-node,1850,3163,,46.2,39.8,
2026-09-01 02:46:24,node,ze-worker-node,1531,1652,,38.3,20.8,
2026-09-01 02:46:31,deployment,adservice,26,95,1,,,
2026-09-01 02:46:31,deployment,cartservice,58,41,1,,,
2026-09-01 02:46:31,deployment,checkoutservice,16,12,1,,,
2026-09-01 02:46:31,deployment,currencyservice,498,125,5,,,
2026-09-01 02:46:31,deployment,emailservice,9,40,1,,,
2026-09-01 02:46:31,deployment,frontend,335,62,6,,,
2026-09-01 02:46:31,http_p95_latency,frontend,,,,,,217.7
2026-09-01 02:46:31,deployment,paymentservice,8,31,1,,,
2026-09-01 02:46:31,deployment,productcatalogservice,162,25,3,,,
2026-09-01 02:46:31,deployment,recommendationservice,113,79,2,,,
2026-09-01 02:46:31,deployment,redis-cart,11,41,1,,,
2026-09-01 02:46:31,deployment,shippingservice,18,9,1,,,
2026-09-01 02:46:31,node,ze-master-node,1850,3163,,46.2,39.8,
2026-09-01 02:46:31,node,ze-worker-node,1531,1652,,38.3,20.8,
2026-09-01 02:46:38,deployment,adservice,21,95,1,,,
2026-09-01 02:46:38,deployment,cartservice,71,41,1,,,
2026-09-01 02:46:38,deployment,checkoutservice,16,12,1,,,
2026-09-01 02:46:38,deployment,currencyservice,470,120,5,,,
2026-09-01 02:46:38,deployment,emailservice,16,40,1,,,
2026-09-01 02:46:38,deployment,frontend,335,62,6,,,
2026-09-01 02:46:38,http_p95_latency,frontend,,,,,,217.7
2026-09-01 02:46:38,deployment,paymentservice,9,31,1,,,
2026-09-01 02:46:38,deployment,productcatalogservice,184,24,3,,,
2026-09-01 02:46:38,deployment,recommendationservice,121,79,2,,,
2026-09-01 02:46:38,deployment,redis-cart,12,41,1,,,
2026-09-01 02:46:38,deployment,shippingservice,21,9,1,,,
2026-09-01 02:46:38,node,ze-master-node,1969,3166,,49.2,39.9,
2026-09-01 02:46:38,node,ze-worker-node,1569,1644,,39.2,20.7,
2026-09-01 02:46:45,deployment,adservice,21,95,1,,,
2026-09-01 02:46:45,deployment,cartservice,71,41,1,,,
2026-09-01 02:46:45,deployment,checkoutservice,16,12,1,,,
2026-09-01 02:46:45,deployment,currencyservice,470,120,5,,,
2026-09-01 02:46:45,deployment,emailservice,16,40,1,,,
2026-09-01 02:46:45,deployment,frontend,335,62,6,,,
2026-09-01 02:46:45,http_p95_latency,frontend,,,,,,236.6
2026-09-01 02:46:45,deployment,paymentservice,9,31,1,,,
2026-09-01 02:46:45,deployment,productcatalogservice,184,24,3,,,
2026-09-01 02:46:45,deployment,recommendationservice,121,79,2,,,
2026-09-01 02:46:45,deployment,redis-cart,12,41,1,,,
2026-09-01 02:46:45,deployment,shippingservice,21,9,1,,,
2026-09-01 02:46:45,node,ze-master-node,1969,3166,,49.2,39.9,
2026-09-01 02:46:45,node,ze-worker-node,1569,1644,,39.2,20.7,
2026-09-01 02:46:53,deployment,adservice,30,95,1,,,
2026-09-01 02:46:53,deployment,cartservice,79,41,1,,,
2026-09-01 02:46:53,deployment,checkoutservice,18,12,1,,,
2026-09-01 02:46:53,deployment,currencyservice,362,110,5,,,
2026-09-01 02:46:53,deployment,emailservice,17,40,1,,,
2026-09-01 02:46:53,deployment,frontend,357,64,6,,,
2026-09-01 02:46:53,http_p95_latency,frontend,,,,,,236.6
2026-09-01 02:46:53,deployment,paymentservice,9,31,1,,,
2026-09-01 02:46:53,deployment,productcatalogservice,190,24,3,,,
2026-09-01 02:46:53,deployment,recommendationservice,132,79,3,,,
2026-09-01 02:46:53,deployment,redis-cart,12,41,1,,,
2026-09-01 02:46:53,deployment,shippingservice,21,9,1,,,
2026-09-01 02:46:53,node,ze-master-node,1857,3140,,46.4,39.5,
2026-09-01 02:46:53,node,ze-worker-node,1450,1645,,36.2,20.7,
2026-09-01 02:47:00,deployment,adservice,30,95,1,,,
2026-09-01 02:47:00,deployment,cartservice,79,41,1,,,
2026-09-01 02:47:00,deployment,checkoutservice,18,12,1,,,
2026-09-01 02:47:00,deployment,currencyservice,362,110,5,,,
2026-09-01 02:47:00,deployment,emailservice,17,40,1,,,
2026-09-01 02:47:00,deployment,frontend,357,64,6,,,
2026-09-01 02:47:00,http_p95_latency,frontend,,,,,,247.1
2026-09-01 02:47:00,deployment,paymentservice,9,31,1,,,
2026-09-01 02:47:00,deployment,productcatalogservice,190,24,3,,,
2026-09-01 02:47:00,deployment,recommendationservice,132,79,3,,,
2026-09-01 02:47:00,deployment,redis-cart,12,41,1,,,
2026-09-01 02:47:00,deployment,shippingservice,21,9,1,,,
2026-09-01 02:47:00,node,ze-master-node,1857,3140,,46.4,39.5,
2026-09-01 02:47:00,node,ze-worker-node,1450,1645,,36.2,20.7,
2026-09-01 02:47:07,deployment,adservice,31,95,1,,,
2026-09-01 02:47:07,deployment,cartservice,94,41,1,,,
2026-09-01 02:47:07,deployment,checkoutservice,17,12,1,,,
2026-09-01 02:47:07,deployment,currencyservice,331,112,6,,,
2026-09-01 02:47:07,deployment,emailservice,20,40,1,,,
2026-09-01 02:47:07,deployment,frontend,357,65,6,,,
2026-09-01 02:47:07,http_p95_latency,frontend,,,,,,247.1
2026-09-01 02:47:07,deployment,paymentservice,10,31,1,,,
2026-09-01 02:47:07,deployment,productcatalogservice,185,25,3,,,
2026-09-01 02:47:07,deployment,recommendationservice,243,117,3,,,
2026-09-01 02:47:07,deployment,redis-cart,12,41,1,,,
2026-09-01 02:47:07,deployment,shippingservice,23,11,1,,,
2026-09-01 02:47:07,node,ze-master-node,2041,3139,,51.0,39.5,
2026-09-01 02:47:07,node,ze-worker-node,1607,1693,,40.2,21.3,
2026-09-01 02:47:16,deployment,adservice,31,95,1,,,
2026-09-01 02:47:16,deployment,cartservice,94,41,1,,,
2026-09-01 02:47:16,deployment,checkoutservice,17,12,1,,,
2026-09-01 02:47:16,deployment,currencyservice,331,112,6,,,
2026-09-01 02:47:16,deployment,emailservice,20,40,1,,,
2026-09-01 02:47:16,deployment,frontend,357,65,6,,,
2026-09-01 02:47:16,http_p95_latency,frontend,,,,,,240.2
2026-09-01 02:47:16,deployment,paymentservice,10,31,1,,,
2026-09-01 02:47:16,deployment,productcatalogservice,185,25,3,,,
2026-09-01 02:47:16,deployment,recommendationservice,243,117,3,,,
2026-09-01 02:47:16,deployment,redis-cart,12,41,1,,,
2026-09-01 02:47:16,deployment,shippingservice,23,11,1,,,
2026-09-01 02:47:16,node,ze-master-node,2041,3139,,51.0,39.5,
2026-09-01 02:47:16,node,ze-worker-node,1607,1693,,40.2,21.3,
2026-09-01 02:47:23,deployment,adservice,29,95,1,,,
2026-09-01 02:47:23,deployment,cartservice,95,41,1,,,
2026-09-01 02:47:23,deployment,checkoutservice,20,12,1,,,
2026-09-01 02:47:23,deployment,currencyservice,421,143,6,,,
2026-09-01 02:47:23,deployment,emailservice,17,40,1,,,
2026-09-01 02:47:23,deployment,frontend,362,65,6,,,
2026-09-01 02:47:23,http_p95_latency,frontend,,,,,,240.2
2026-09-01 02:47:23,deployment,paymentservice,8,31,1,,,
2026-09-01 02:47:23,deployment,productcatalogservice,187,24,3,,,
2026-09-01 02:47:23,deployment,recommendationservice,227,118,3,,,
2026-09-01 02:47:23,deployment,redis-cart,13,41,1,,,
2026-09-01 02:47:23,deployment,shippingservice,21,9,1,,,
2026-09-01 02:47:23,node,ze-master-node,1971,3166,,49.3,39.9,
2026-09-01 02:47:23,node,ze-worker-node,1688,1702,,42.2,21.4,
2026-09-01 02:47:29,deployment,adservice,29,95,1,,,
2026-09-01 02:47:29,deployment,cartservice,95,41,1,,,
2026-09-01 02:47:29,deployment,checkoutservice,20,12,1,,,
2026-09-01 02:47:29,deployment,currencyservice,421,143,6,,,
2026-09-01 02:47:29,deployment,emailservice,17,40,1,,,
2026-09-01 02:47:29,deployment,frontend,362,65,6,,,
2026-09-01 02:47:29,http_p95_latency,frontend,,,,,,238.8
2026-09-01 02:47:29,deployment,paymentservice,8,31,1,,,
2026-09-01 02:47:29,deployment,productcatalogservice,187,24,3,,,
2026-09-01 02:47:29,deployment,recommendationservice,227,118,3,,,
2026-09-01 02:47:29,deployment,redis-cart,13,41,1,,,
2026-09-01 02:47:29,deployment,shippingservice,21,9,1,,,
2026-09-01 02:47:29,node,ze-master-node,1971,3166,,49.3,39.9,
2026-09-01 02:47:29,node,ze-worker-node,1688,1702,,42.2,21.4,
2026-09-01 02:47:36,deployment,adservice,31,95,1,,,
2026-09-01 02:47:36,deployment,cartservice,83,41,1,,,
2026-09-01 02:47:36,deployment,checkoutservice,16,12,1,,,
2026-09-01 02:47:36,deployment,currencyservice,420,146,6,,,
2026-09-01 02:47:36,deployment,emailservice,17,40,1,,,
2026-09-01 02:47:36,deployment,frontend,386,65,6,,,
2026-09-01 02:47:36,http_p95_latency,frontend,,,,,,238.8
2026-09-01 02:47:36,deployment,paymentservice,8,31,1,,,
2026-09-01 02:47:36,deployment,productcatalogservice,198,24,3,,,
2026-09-01 02:47:36,deployment,recommendationservice,157,118,3,,,
2026-09-01 02:47:36,deployment,redis-cart,13,41,1,,,
2026-09-01 02:47:36,deployment,shippingservice,20,9,1,,,
2026-09-01 02:47:36,node,ze-master-node,2028,3180,,50.7,40.0,
2026-09-01 02:47:36,node,ze-worker-node,1693,1695,,42.3,21.3,
2026-09-01 02:47:43,deployment,adservice,31,95,1,,,
2026-09-01 02:47:43,deployment,cartservice,83,41,1,,,
2026-09-01 02:47:43,deployment,checkoutservice,16,12,1,,,
2026-09-01 02:47:43,deployment,currencyservice,420,146,8,,,
2026-09-01 02:47:43,deployment,emailservice,17,40,1,,,
2026-09-01 02:47:43,deployment,frontend,386,65,6,,,
2026-09-01 02:47:43,http_p95_latency,frontend,,,,,,247.6
2026-09-01 02:47:43,deployment,paymentservice,8,31,1,,,
2026-09-01 02:47:43,deployment,productcatalogservice,198,24,4,,,
2026-09-01 02:47:43,deployment,recommendationservice,157,118,3,,,
2026-09-01 02:47:43,deployment,redis-cart,13,41,1,,,
2026-09-01 02:47:43,deployment,shippingservice,20,9,1,,,
2026-09-01 02:47:43,node,ze-master-node,2028,3180,,50.7,40.0,
2026-09-01 02:47:43,node,ze-worker-node,1693,1695,,42.3,21.3,
2026-09-01 02:47:49,deployment,adservice,31,95,1,,,
2026-09-01 02:47:49,deployment,cartservice,82,41,1,,,
2026-09-01 02:47:49,deployment,checkoutservice,19,12,1,,,
2026-09-01 02:47:49,deployment,currencyservice,604,188,8,,,
2026-09-01 02:47:49,deployment,emailservice,15,40,1,,,
2026-09-01 02:47:49,deployment,frontend,393,65,6,,,
2026-09-01 02:47:49,http_p95_latency,frontend,,,,,,247.6
2026-09-01 02:47:49,deployment,paymentservice,8,31,1,,,
2026-09-01 02:47:49,deployment,productcatalogservice,266,33,4,,,
2026-09-01 02:47:49,deployment,recommendationservice,174,119,3,,,
2026-09-01 02:47:49,deployment,redis-cart,13,41,1,,,
2026-09-01 02:47:49,deployment,shippingservice,20,9,1,,,
2026-09-01 02:47:49,node,ze-master-node,2142,3207,,53.5,40.4,
2026-09-01 02:47:49,node,ze-worker-node,1908,1738,,47.7,21.9,
2026-09-01 02:47:57,deployment,adservice,31,95,1,,,
2026-09-01 02:47:57,deployment,cartservice,82,41,1,,,
2026-09-01 02:47:57,deployment,checkoutservice,19,12,1,,,
2026-09-01 02:47:57,deployment,currencyservice,604,188,8,,,
2026-09-01 02:47:57,deployment,emailservice,15,40,1,,,
2026-09-01 02:47:57,deployment,frontend,393,65,6,,,
2026-09-01 02:47:57,http_p95_latency,frontend,,,,,,290.3
2026-09-01 02:47:57,deployment,paymentservice,8,31,1,,,
2026-09-01 02:47:57,deployment,productcatalogservice,266,33,4,,,
2026-09-01 02:47:57,deployment,recommendationservice,174,119,3,,,
2026-09-01 02:47:57,deployment,redis-cart,13,41,1,,,
2026-09-01 02:47:57,deployment,shippingservice,20,9,1,,,
2026-09-01 02:47:57,node,ze-master-node,2142,3207,,53.5,40.4,
2026-09-01 02:47:57,node,ze-worker-node,1908,1738,,47.7,21.9,
2026-09-01 02:48:03,deployment,adservice,31,95,1,,,
2026-09-01 02:48:03,deployment,cartservice,82,41,1,,,
2026-09-01 02:48:03,deployment,checkoutservice,19,12,1,,,
2026-09-01 02:48:03,deployment,currencyservice,604,188,8,,,
2026-09-01 02:48:03,deployment,emailservice,15,40,1,,,
2026-09-01 02:48:03,deployment,frontend,393,65,6,,,
2026-09-01 02:48:03,http_p95_latency,frontend,,,,,,290.3
2026-09-01 02:48:03,deployment,paymentservice,8,31,1,,,
2026-09-01 02:48:03,deployment,productcatalogservice,266,33,4,,,
2026-09-01 02:48:03,deployment,recommendationservice,170,119,3,,,
2026-09-01 02:48:03,deployment,redis-cart,14,41,1,,,
2026-09-01 02:48:03,deployment,shippingservice,22,9,1,,,
2026-09-01 02:48:03,node,ze-master-node,2066,3224,,51.6,40.6,
2026-09-01 02:48:03,node,ze-worker-node,1848,1741,,46.2,21.9,
2026-09-01 02:48:09,deployment,adservice,33,95,1,,,
2026-09-01 02:48:09,deployment,cartservice,102,41,1,,,
2026-09-01 02:48:09,deployment,checkoutservice,23,12,1,,,
2026-09-01 02:48:09,deployment,currencyservice,456,188,8,,,
2026-09-01 02:48:09,deployment,emailservice,15,40,1,,,
2026-09-01 02:48:09,deployment,frontend,401,64,7,,,
2026-09-01 02:48:09,http_p95_latency,frontend,,,,,,290.3
2026-09-01 02:48:09,deployment,paymentservice,7,31,1,,,
2026-09-01 02:48:09,deployment,productcatalogservice,229,33,4,,,
2026-09-01 02:48:09,deployment,recommendationservice,170,119,3,,,
2026-09-01 02:48:09,deployment,redis-cart,14,41,1,,,
2026-09-01 02:48:09,deployment,shippingservice,22,9,1,,,
2026-09-01 02:48:09,node,ze-master-node,2066,3224,,51.6,40.6,
2026-09-01 02:48:09,node,ze-worker-node,1848,1741,,46.2,21.9,
2026-09-01 02:48:17,deployment,adservice,33,95,1,,,
2026-09-01 02:48:17,deployment,cartservice,102,41,1,,,
2026-09-01 02:48:17,deployment,checkoutservice,23,12,1,,,
2026-09-01 02:48:17,deployment,currencyservice,456,188,8,,,
2026-09-01 02:48:17,deployment,emailservice,15,40,1,,,
2026-09-01 02:48:17,deployment,frontend,401,64,7,,,
2026-09-01 02:48:17,http_p95_latency,frontend,,,,,,244.1
2026-09-01 02:48:17,deployment,paymentservice,7,31,1,,,
2026-09-01 02:48:17,deployment,productcatalogservice,229,33,4,,,
2026-09-01 02:48:17,deployment,recommendationservice,170,119,3,,,
2026-09-01 02:48:17,deployment,redis-cart,14,41,1,,,
2026-09-01 02:48:17,deployment,shippingservice,22,9,1,,,
2026-09-01 02:48:17,node,ze-master-node,2066,3224,,51.6,40.6,
2026-09-01 02:48:17,node,ze-worker-node,1848,1741,,43.7,22.1,
2026-09-01 02:48:24,deployment,adservice,37,95,1,,,
2026-09-01 02:48:24,deployment,cartservice,88,41,1,,,
2026-09-01 02:48:24,deployment,checkoutservice,23,12,1,,,
2026-09-01 02:48:24,deployment,currencyservice,430,178,8,,,
2026-09-01 02:48:24,deployment,emailservice,15,40,1,,,
2026-09-01 02:48:24,deployment,frontend,400,72,7,,,
2026-09-01 02:48:24,http_p95_latency,frontend,,,,,,244.1
2026-09-01 02:48:24,deployment,paymentservice,10,31,1,,,
2026-09-01 02:48:24,deployment,productcatalogservice,230,32,4,,,
2026-09-01 02:48:24,deployment,recommendationservice,171,119,3,,,
2026-09-01 02:48:24,deployment,redis-cart,12,41,1,,,
2026-09-01 02:48:24,deployment,shippingservice,21,9,1,,,
2026-09-01 02:48:24,node,ze-master-node,2025,3209,,50.6,40.4,
2026-09-01 02:48:24,node,ze-worker-node,1747,1754,,43.7,22.1,
2026-09-01 02:48:31,deployment,adservice,37,95,1,,,
2026-09-01 02:48:31,deployment,cartservice,88,41,1,,,
2026-09-01 02:48:31,deployment,checkoutservice,23,12,1,,,
2026-09-01 02:48:31,deployment,currencyservice,430,178,8,,,
2026-09-01 02:48:31,deployment,emailservice,15,40,1,,,
2026-09-01 02:48:31,deployment,frontend,400,72,7,,,
2026-09-01 02:48:31,http_p95_latency,frontend,,,,,,626.0
2026-09-01 02:48:31,deployment,paymentservice,10,31,1,,,
2026-09-01 02:48:31,deployment,productcatalogservice,230,32,4,,,
2026-09-01 02:48:31,deployment,recommendationservice,171,119,3,,,
2026-09-01 02:48:31,deployment,redis-cart,12,41,1,,,
2026-09-01 02:48:31,deployment,shippingservice,21,9,1,,,
2026-09-01 02:48:31,node,ze-master-node,2025,3209,,50.6,40.4,
2026-09-01 02:48:31,node,ze-worker-node,1747,1754,,43.7,22.1,
2026-09-01 02:48:38,deployment,adservice,31,95,1,,,
2026-09-01 02:48:38,deployment,cartservice,80,41,1,,,
2026-09-01 02:48:38,deployment,checkoutservice,24,12,1,,,
2026-09-01 02:48:38,deployment,currencyservice,426,179,8,,,
2026-09-01 02:48:38,deployment,emailservice,15,40,1,,,
2026-09-01 02:48:38,deployment,frontend,385,73,7,,,
2026-09-01 02:48:38,http_p95_latency,frontend,,,,,,626.0
2026-09-01 02:48:38,deployment,paymentservice,11,31,1,,,
2026-09-01 02:48:38,deployment,productcatalogservice,217,32,4,,,
2026-09-01 02:48:38,deployment,recommendationservice,169,120,3,,,
2026-09-01 02:48:38,deployment,redis-cart,13,41,1,,,
2026-09-01 02:48:38,deployment,shippingservice,22,9,1,,,
2026-09-01 02:48:38,node,ze-master-node,1999,3223,,50.0,40.6,
2026-09-01 02:48:38,node,ze-worker-node,1721,1755,,43.0,22.1,
2026-09-01 02:48:45,deployment,adservice,31,95,1,,,
2026-09-01 02:48:45,deployment,cartservice,80,41,1,,,
2026-09-01 02:48:45,deployment,checkoutservice,24,12,1,,,
2026-09-01 02:48:45,deployment,currencyservice,426,179,8,,,
2026-09-01 02:48:45,deployment,emailservice,15,40,1,,,
2026-09-01 02:48:45,deployment,frontend,385,73,7,,,
2026-09-01 02:48:45,http_p95_latency,frontend,,,,,,525.5
2026-09-01 02:48:45,deployment,paymentservice,11,31,1,,,
2026-09-01 02:48:45,deployment,productcatalogservice,217,32,4,,,
2026-09-01 02:48:45,deployment,recommendationservice,169,120,3,,,
2026-09-01 02:48:45,deployment,redis-cart,13,41,1,,,
2026-09-01 02:48:45,deployment,shippingservice,22,9,1,,,
2026-09-01 02:48:45,node,ze-master-node,1999,3223,,50.0,40.6,
2026-09-01 02:48:45,node,ze-worker-node,1721,1755,,43.0,22.1,
2026-09-01 02:48:51,deployment,adservice,38,95,1,,,
2026-09-01 02:48:51,deployment,cartservice,109,41,1,,,
2026-09-01 02:48:51,deployment,checkoutservice,20,12,1,,,
2026-09-01 02:48:51,deployment,currencyservice,456,184,8,,,
2026-09-01 02:48:51,deployment,emailservice,16,40,1,,,
2026-09-01 02:48:51,deployment,frontend,445,78,7,,,
2026-09-01 02:48:51,http_p95_latency,frontend,,,,,,525.5
2026-09-01 02:48:51,deployment,paymentservice,9,31,1,,,
2026-09-01 02:48:51,deployment,productcatalogservice,244,33,4,,,
2026-09-01 02:48:51,deployment,recommendationservice,185,121,3,,,
2026-09-01 02:48:51,deployment,redis-cart,13,41,1,,,
2026-09-01 02:48:51,deployment,shippingservice,22,9,1,,,
2026-09-01 02:48:51,node,ze-master-node,2109,3210,,52.7,40.4,
2026-09-01 02:48:51,node,ze-worker-node,1849,1760,,46.2,22.2,
2026-09-01 02:48:58,deployment,adservice,38,95,1,,,
2026-09-01 02:48:58,deployment,cartservice,109,41,1,,,
2026-09-01 02:48:58,deployment,checkoutservice,20,12,1,,,
2026-09-01 02:48:58,deployment,currencyservice,456,184,8,,,
2026-09-01 02:48:58,deployment,emailservice,16,40,1,,,
2026-09-01 02:48:58,deployment,frontend,445,78,7,,,
2026-09-01 02:48:58,http_p95_latency,frontend,,,,,,632.9
2026-09-01 02:48:58,deployment,paymentservice,9,31,1,,,
2026-09-01 02:48:58,deployment,productcatalogservice,244,33,4,,,
2026-09-01 02:48:58,deployment,recommendationservice,185,121,3,,,
2026-09-01 02:48:58,deployment,redis-cart,13,41,1,,,
2026-09-01 02:48:58,deployment,shippingservice,22,9,1,,,
2026-09-01 02:48:58,node,ze-master-node,2109,3210,,52.7,40.4,
2026-09-01 02:48:58,node,ze-worker-node,1849,1760,,46.2,22.2,
2026-09-01 02:49:06,deployment,adservice,31,95,1,,,
2026-09-01 02:49:06,deployment,cartservice,94,41,1,,,
2026-09-01 02:49:06,deployment,checkoutservice,22,12,1,,,
2026-09-01 02:49:06,deployment,currencyservice,406,188,8,,,
2026-09-01 02:49:06,deployment,emailservice,20,40,1,,,
2026-09-01 02:49:06,deployment,frontend,436,78,7,,,
2026-09-01 02:49:06,http_p95_latency,frontend,,,,,,632.9
2026-09-01 02:49:06,deployment,paymentservice,8,31,1,,,
2026-09-01 02:49:06,deployment,productcatalogservice,244,33,4,,,
2026-09-01 02:49:06,deployment,recommendationservice,190,121,3,,,
2026-09-01 02:49:06,deployment,redis-cart,12,41,1,,,
2026-09-01 02:49:06,deployment,shippingservice,22,9,1,,,
2026-09-01 02:49:06,node,ze-master-node,2082,3221,,52.0,40.6,
2026-09-01 02:49:06,node,ze-worker-node,1850,1761,,46.2,22.2,
2026-09-01 02:49:12,deployment,adservice,31,95,1,,,
2026-09-01 02:49:12,deployment,cartservice,94,41,1,,,
2026-09-01 02:49:12,deployment,checkoutservice,22,12,1,,,
2026-09-01 02:49:12,deployment,currencyservice,406,188,8,,,
2026-09-01 02:49:12,deployment,emailservice,20,40,1,,,
2026-09-01 02:49:12,deployment,frontend,436,78,7,,,
2026-09-01 02:49:12,http_p95_latency,frontend,,,,,,324.6
2026-09-01 02:49:12,deployment,paymentservice,8,31,1,,,
2026-09-01 02:49:12,deployment,productcatalogservice,244,33,4,,,
2026-09-01 02:49:12,deployment,recommendationservice,190,121,3,,,
2026-09-01 02:49:12,deployment,redis-cart,12,41,1,,,
2026-09-01 02:49:12,deployment,shippingservice,22,9,1,,,
2026-09-01 02:49:12,node,ze-master-node,2082,3221,,52.0,40.6,
2026-09-01 02:49:12,node,ze-worker-node,1850,1761,,46.2,22.2,
2026-09-01 02:49:18,deployment,adservice,31,95,1,,,
2026-09-01 02:49:18,deployment,cartservice,94,41,1,,,
2026-09-01 02:49:18,deployment,checkoutservice,22,12,1,,,
2026-09-01 02:49:18,deployment,currencyservice,406,188,8,,,
2026-09-01 02:49:18,deployment,emailservice,20,40,1,,,
2026-09-01 02:49:18,deployment,frontend,436,78,7,,,
2026-09-01 02:49:18,http_p95_latency,frontend,,,,,,324.6
2026-09-01 02:49:18,deployment,paymentservice,8,31,1,,,
2026-09-01 02:49:18,deployment,productcatalogservice,244,33,4,,,
2026-09-01 02:49:18,deployment,recommendationservice,190,121,3,,,
2026-09-01 02:49:18,deployment,redis-cart,12,41,1,,,
2026-09-01 02:49:18,deployment,shippingservice,22,9,1,,,
2026-09-01 02:49:18,node,ze-master-node,2082,3221,,52.0,40.6,
2026-09-01 02:49:18,node,ze-worker-node,1850,1761,,46.2,22.2,
2026-09-01 02:49:24,deployment,adservice,33,97,1,,,
2026-09-01 02:49:24,deployment,cartservice,92,41,1,,,
2026-09-01 02:49:24,deployment,checkoutservice,25,12,1,,,
2026-09-01 02:49:24,deployment,currencyservice,368,187,8,,,
2026-09-01 02:49:24,deployment,emailservice,14,40,1,,,
2026-09-01 02:49:24,deployment,frontend,441,78,7,,,
2026-09-01 02:49:24,http_p95_latency,frontend,,,,,,324.6
2026-09-01 02:49:24,deployment,paymentservice,8,31,1,,,
2026-09-01 02:49:24,deployment,productcatalogservice,239,32,4,,,
2026-09-01 02:49:24,deployment,recommendationservice,182,121,3,,,
2026-09-01 02:49:24,deployment,redis-cart,13,41,1,,,
2026-09-01 02:49:24,deployment,shippingservice,21,9,1,,,
2026-09-01 02:49:24,node,ze-master-node,2004,3217,,50.1,40.5,
2026-09-01 02:49:24,node,ze-worker-node,1784,1769,,44.6,22.3,
2026-09-01 02:49:31,deployment,adservice,33,97,1,,,
2026-09-01 02:49:31,deployment,cartservice,92,41,1,,,
2026-09-01 02:49:31,deployment,checkoutservice,25,12,1,,,
2026-09-01 02:49:31,deployment,currencyservice,368,187,8,,,
2026-09-01 02:49:31,deployment,emailservice,14,40,1,,,
2026-09-01 02:49:31,deployment,frontend,441,78,7,,,
2026-09-01 02:49:31,http_p95_latency,frontend,,,,,,323.5
2026-09-01 02:49:31,deployment,paymentservice,8,31,1,,,
2026-09-01 02:49:31,deployment,productcatalogservice,239,32,4,,,
2026-09-01 02:49:31,deployment,recommendationservice,182,121,3,,,
2026-09-01 02:49:31,deployment,redis-cart,13,41,1,,,
2026-09-01 02:49:31,deployment,shippingservice,21,9,1,,,
2026-09-01 02:49:31,node,ze-master-node,2004,3217,,50.1,40.5,
2026-09-01 02:49:31,node,ze-worker-node,1784,1769,,44.6,22.3,
2026-09-01 02:49:38,deployment,adservice,35,95,1,,,
2026-09-01 02:49:38,deployment,cartservice,123,41,1,,,
2026-09-01 02:49:38,deployment,checkoutservice,21,12,1,,,
2026-09-01 02:49:38,deployment,currencyservice,418,195,8,,,
2026-09-01 02:49:38,deployment,emailservice,14,40,1,,,
2026-09-01 02:49:38,deployment,frontend,438,78,7,,,
2026-09-01 02:49:38,http_p95_latency,frontend,,,,,,323.5
2026-09-01 02:49:38,deployment,paymentservice,9,31,1,,,
2026-09-01 02:49:38,deployment,productcatalogservice,254,33,4,,,
2026-09-01 02:49:38,deployment,recommendationservice,196,121,3,,,
2026-09-01 02:49:38,deployment,redis-cart,44,43,1,,,
2026-09-01 02:49:38,deployment,shippingservice,27,9,1,,,
2026-09-01 02:49:38,node,ze-master-node,2356,3233,,58.9,40.7,
2026-09-01 02:49:38,node,ze-worker-node,1958,1771,,48.9,22.3,
2026-09-01 02:49:44,deployment,adservice,35,95,1,,,
2026-09-01 02:49:44,deployment,cartservice,123,41,1,,,
2026-09-01 02:49:44,deployment,checkoutservice,21,12,1,,,
2026-09-01 02:49:44,deployment,currencyservice,418,195,8,,,
2026-09-01 02:49:44,deployment,emailservice,14,40,1,,,
2026-09-01 02:49:44,deployment,frontend,438,78,7,,,
2026-09-01 02:49:44,http_p95_latency,frontend,,,,,,229.9
2026-09-01 02:49:44,deployment,paymentservice,9,31,1,,,
2026-09-01 02:49:44,deployment,productcatalogservice,254,33,4,,,
2026-09-01 02:49:44,deployment,recommendationservice,196,121,3,,,
2026-09-01 02:49:44,deployment,redis-cart,44,43,1,,,
2026-09-01 02:49:44,deployment,shippingservice,27,9,1,,,
2026-09-01 02:49:44,node,ze-master-node,2356,3233,,58.9,40.7,
2026-09-01 02:49:44,node,ze-worker-node,1958,1771,,48.9,22.3,
2026-09-01 02:49:51,deployment,adservice,41,95,1,,,
2026-09-01 02:49:51,deployment,cartservice,120,41,1,,,
2026-09-01 02:49:51,deployment,checkoutservice,29,12,1,,,
2026-09-01 02:49:51,deployment,currencyservice,464,200,8,,,
2026-09-01 02:49:51,deployment,emailservice,15,40,1,,,
2026-09-01 02:49:51,deployment,frontend,503,78,7,,,
2026-09-01 02:49:51,http_p95_latency,frontend,,,,,,229.9
2026-09-01 02:49:51,deployment,paymentservice,10,31,1,,,
2026-09-01 02:49:51,deployment,productcatalogservice,269,32,4,,,
2026-09-01 02:49:51,deployment,recommendationservice,201,121,3,,,
2026-09-01 02:49:51,deployment,redis-cart,38,41,1,,,
2026-09-01 02:49:51,deployment,shippingservice,25,9,1,,,
2026-09-01 02:49:51,node,ze-master-node,2292,3221,,57.3,40.6,
2026-09-01 02:49:51,node,ze-worker-node,2052,1777,,51.3,22.4,
2026-09-01 02:49:58,deployment,adservice,41,95,1,,,
2026-09-01 02:49:58,deployment,cartservice,120,41,1,,,
2026-09-01 02:49:58,deployment,checkoutservice,29,12,1,,,
2026-09-01 02:49:58,deployment,currencyservice,464,200,8,,,
2026-09-01 02:49:58,deployment,emailservice,15,40,1,,,
2026-09-01 02:49:58,deployment,frontend,503,78,9,,,
2026-09-01 02:49:58,http_p95_latency,frontend,,,,,,204.6
2026-09-01 02:49:58,deployment,paymentservice,10,31,1,,,
2026-09-01 02:49:58,deployment,productcatalogservice,269,32,5,,,
2026-09-01 02:49:58,deployment,recommendationservice,201,121,4,,,
2026-09-01 02:49:58,deployment,redis-cart,38,41,1,,,
2026-09-01 02:49:58,deployment,shippingservice,25,9,1,,,
2026-09-01 02:49:58,node,ze-master-node,2292,3221,,57.3,40.6,
2026-09-01 02:49:58,node,ze-worker-node,2052,1777,,51.3,22.4,
2026-09-01 02:50:04,deployment,adservice,39,95,1,,,
2026-09-01 02:50:04,deployment,cartservice,126,41,1,,,
2026-09-01 02:50:04,deployment,checkoutservice,26,12,1,,,
2026-09-01 02:50:04,deployment,currencyservice,418,201,8,,,
2026-09-01 02:50:04,deployment,emailservice,17,40,1,,,
2026-09-01 02:50:04,deployment,frontend,508,86,9,,,
2026-09-01 02:50:04,http_p95_latency,frontend,,,,,,204.6
2026-09-01 02:50:04,deployment,paymentservice,7,31,1,,,
2026-09-01 02:50:04,deployment,productcatalogservice,271,32,5,,,
2026-09-01 02:50:04,deployment,recommendationservice,201,121,4,,,
2026-09-01 02:50:04,deployment,redis-cart,14,41,1,,,
2026-09-01 02:50:04,deployment,shippingservice,25,9,1,,,
2026-09-01 02:50:04,node,ze-master-node,2561,3307,,64.0,41.6,
2026-09-01 02:50:04,node,ze-worker-node,2176,1785,,54.4,22.5,
2026-09-01 02:50:12,deployment,adservice,39,95,1,,,
2026-09-01 02:50:12,deployment,cartservice,126,41,1,,,
2026-09-01 02:50:12,deployment,checkoutservice,26,12,1,,,
2026-09-01 02:50:12,deployment,currencyservice,418,201,8,,,
2026-09-01 02:50:12,deployment,emailservice,17,40,1,,,
2026-09-01 02:50:12,deployment,frontend,508,86,9,,,
2026-09-01 02:50:12,http_p95_latency,frontend,,,,,,203.0
2026-09-01 02:50:12,deployment,paymentservice,7,31,1,,,
2026-09-01 02:50:12,deployment,productcatalogservice,271,32,5,,,
2026-09-01 02:50:12,deployment,recommendationservice,201,121,4,,,
2026-09-01 02:50:12,deployment,redis-cart,14,41,1,,,
2026-09-01 02:50:12,deployment,shippingservice,25,9,1,,,
2026-09-01 02:50:12,node,ze-master-node,2561,3307,,64.0,41.6,
2026-09-01 02:50:12,node,ze-worker-node,2176,1785,,54.4,22.5,
2026-09-01 02:50:19,deployment,adservice,39,95,1,,,
2026-09-01 02:50:19,deployment,cartservice,139,41,1,,,
2026-09-01 02:50:19,deployment,checkoutservice,21,12,1,,,
2026-09-01 02:50:19,deployment,currencyservice,398,206,8,,,
2026-09-01 02:50:19,deployment,emailservice,17,40,1,,,
2026-09-01 02:50:19,deployment,frontend,513,97,9,,,
2026-09-01 02:50:19,http_p95_latency,frontend,,,,,,203.0
2026-09-01 02:50:19,deployment,paymentservice,8,31,1,,,
2026-09-01 02:50:19,deployment,productcatalogservice,281,40,5,,,
2026-09-01 02:50:19,deployment,recommendationservice,237,159,4,,,
2026-09-01 02:50:19,deployment,redis-cart,15,41,1,,,
2026-09-01 02:50:19,deployment,shippingservice,23,9,1,,,
2026-09-01 02:50:19,node,ze-master-node,2369,3309,,59.2,41.7,
2026-09-01 02:50:19,node,ze-worker-node,2000,1779,,50.0,22.4,
2026-09-01 02:50:25,deployment,adservice,39,95,1,,,
2026-09-01 02:50:25,deployment,cartservice,139,41,2,,,
2026-09-01 02:50:25,deployment,checkoutservice,21,12,1,,,
2026-09-01 02:50:25,deployment,currencyservice,398,206,8,,,
2026-09-01 02:50:25,deployment,emailservice,17,40,1,,,
2026-09-01 02:50:25,deployment,frontend,513,97,9,,,
2026-09-01 02:50:25,http_p95_latency,frontend,,,,,,203.0
2026-09-01 02:50:25,deployment,paymentservice,8,31,1,,,
2026-09-01 02:50:25,deployment,productcatalogservice,281,40,5,,,
2026-09-01 02:50:25,deployment,recommendationservice,237,159,4,,,
2026-09-01 02:50:25,deployment,redis-cart,15,41,1,,,
2026-09-01 02:50:25,deployment,shippingservice,23,9,1,,,
2026-09-01 02:50:25,node,ze-master-node,2369,3309,,59.2,41.7,
2026-09-01 02:50:25,node,ze-worker-node,2000,1779,,50.0,22.4,
2026-09-01 02:50:32,deployment,adservice,39,95,1,,,
2026-09-01 02:50:32,deployment,cartservice,139,41,2,,,
2026-09-01 02:50:32,deployment,checkoutservice,21,12,1,,,
2026-09-01 02:50:32,deployment,currencyservice,398,206,8,,,
2026-09-01 02:50:32,deployment,emailservice,17,40,1,,,
2026-09-01 02:50:32,deployment,frontend,513,97,9,,,
2026-09-01 02:50:32,http_p95_latency,frontend,,,,,,188.7
2026-09-01 02:50:32,deployment,paymentservice,8,31,1,,,
2026-09-01 02:50:32,deployment,productcatalogservice,281,40,5,,,
2026-09-01 02:50:32,deployment,recommendationservice,237,159,4,,,
2026-09-01 02:50:32,deployment,redis-cart,15,41,1,,,
2026-09-01 02:50:32,deployment,shippingservice,23,9,1,,,
2026-09-01 02:50:32,node,ze-master-node,2369,3309,,59.2,41.7,
2026-09-01 02:50:32,node,ze-worker-node,2000,1779,,50.0,22.4,
2026-09-01 02:50:39,deployment,adservice,37,95,1,,,
2026-09-01 02:50:39,deployment,cartservice,286,55,2,,,
2026-09-01 02:50:39,deployment,checkoutservice,27,12,1,,,
2026-09-01 02:50:39,deployment,currencyservice,419,216,8,,,
2026-09-01 02:50:39,deployment,emailservice,16,40,1,,,
2026-09-01 02:50:39,deployment,frontend,537,97,9,,,
2026-09-01 02:50:39,http_p95_latency,frontend,,,,,,188.7
2026-09-01 02:50:39,deployment,paymentservice,10,32,1,,,
2026-09-01 02:50:39,deployment,productcatalogservice,291,41,5,,,
2026-09-01 02:50:39,deployment,recommendationservice,218,159,4,,,
2026-09-01 02:50:39,deployment,redis-cart,14,41,1,,,
2026-09-01 02:50:39,deployment,shippingservice,25,9,1,,,
2026-09-01 02:50:39,node,ze-master-node,2552,3329,,63.8,41.9,
2026-09-01 02:50:39,node,ze-worker-node,2176,1799,,54.4,22.7,
2026-09-01 02:50:46,deployment,adservice,37,95,1,,,
2026-09-01 02:50:46,deployment,cartservice,286,55,2,,,
2026-09-01 02:50:46,deployment,checkoutservice,27,12,1,,,
2026-09-01 02:50:46,deployment,currencyservice,419,216,8,,,
2026-09-01 02:50:46,deployment,emailservice,16,40,1,,,
2026-09-01 02:50:46,deployment,frontend,537,97,9,,,
2026-09-01 02:50:46,http_p95_latency,frontend,,,,,,232.9
2026-09-01 02:50:46,deployment,paymentservice,10,32,1,,,
2026-09-01 02:50:46,deployment,productcatalogservice,291,41,5,,,
2026-09-01 02:50:46,deployment,recommendationservice,218,159,4,,,
2026-09-01 02:50:46,deployment,redis-cart,14,41,1,,,
2026-09-01 02:50:46,deployment,shippingservice,25,9,1,,,
2026-09-01 02:50:46,node,ze-master-node,2552,3329,,63.8,41.9,
2026-09-01 02:50:46,node,ze-worker-node,2176,1799,,54.4,22.7,
2026-09-01 02:50:53,deployment,adservice,38,95,1,,,
2026-09-01 02:50:53,deployment,cartservice,231,55,2,,,
2026-09-01 02:50:53,deployment,checkoutservice,35,12,1,,,
2026-09-01 02:50:53,deployment,currencyservice,425,213,8,,,
2026-09-01 02:50:53,deployment,emailservice,16,40,1,,,
2026-09-01 02:50:53,deployment,frontend,538,99,9,,,
2026-09-01 02:50:53,http_p95_latency,frontend,,,,,,232.9
2026-09-01 02:50:53,deployment,paymentservice,11,31,1,,,
2026-09-01 02:50:53,deployment,productcatalogservice,292,42,5,,,
2026-09-01 02:50:53,deployment,recommendationservice,225,162,4,,,
2026-09-01 02:50:53,deployment,redis-cart,14,41,1,,,
2026-09-01 02:50:53,deployment,shippingservice,32,9,1,,,
2026-09-01 02:50:53,node,ze-master-node,2474,3323,,61.9,41.8,
2026-09-01 02:50:53,node,ze-worker-node,2054,1808,,51.3,22.8,
2026-09-01 02:50:59,deployment,adservice,38,95,1,,,
2026-09-01 02:50:59,deployment,cartservice,231,55,2,,,
2026-09-01 02:50:59,deployment,checkoutservice,35,12,1,,,
2026-09-01 02:50:59,deployment,currencyservice,425,213,8,,,
2026-09-01 02:50:59,deployment,emailservice,16,40,1,,,
2026-09-01 02:50:59,deployment,frontend,538,99,9,,,
2026-09-01 02:50:59,http_p95_latency,frontend,,,,,,476.2
2026-09-01 02:50:59,deployment,paymentservice,11,31,1,,,
2026-09-01 02:50:59,deployment,productcatalogservice,292,42,5,,,
2026-09-01 02:50:59,deployment,recommendationservice,225,162,4,,,
2026-09-01 02:50:59,deployment,redis-cart,14,41,1,,,
2026-09-01 02:50:59,deployment,shippingservice,32,9,1,,,
2026-09-01 02:50:59,node,ze-master-node,2474,3323,,61.9,41.8,
2026-09-01 02:50:59,node,ze-worker-node,2054,1808,,51.3,22.8,
2026-09-01 02:51:06,deployment,adservice,36,95,1,,,
2026-09-01 02:51:06,deployment,cartservice,224,68,2,,,
2026-09-01 02:51:06,deployment,checkoutservice,28,12,1,,,
2026-09-01 02:51:06,deployment,currencyservice,395,211,8,,,
2026-09-01 02:51:06,deployment,emailservice,15,40,1,,,
2026-09-01 02:51:06,deployment,frontend,520,100,9,,,
2026-09-01 02:51:06,http_p95_latency,frontend,,,,,,476.2
2026-09-01 02:51:06,deployment,paymentservice,9,31,1,,,
2026-09-01 02:51:06,deployment,productcatalogservice,281,41,5,,,
2026-09-01 02:51:06,deployment,recommendationservice,215,161,4,,,
2026-09-01 02:51:06,deployment,redis-cart,14,41,1,,,
2026-09-01 02:51:06,deployment,shippingservice,25,9,1,,,
2026-09-01 02:51:06,node,ze-master-node,2434,3333,,60.9,42.0,
2026-09-01 02:51:06,node,ze-worker-node,2056,1813,,51.4,22.8,
2026-09-01 02:51:12,deployment,adservice,36,95,1,,,
2026-09-01 02:51:12,deployment,cartservice,224,68,2,,,
2026-09-01 02:51:12,deployment,checkoutservice,28,12,1,,,
2026-09-01 02:51:12,deployment,currencyservice,395,211,8,,,
2026-09-01 02:51:12,deployment,emailservice,15,40,1,,,
2026-09-01 02:51:12,deployment,frontend,520,100,9,,,
2026-09-01 02:51:12,http_p95_latency,frontend,,,,,,668.2
2026-09-01 02:51:12,deployment,paymentservice,9,31,1,,,
2026-09-01 02:51:12,deployment,productcatalogservice,281,41,5,,,
2026-09-01 02:51:12,deployment,recommendationservice,215,161,4,,,
2026-09-01 02:51:12,deployment,redis-cart,14,41,1,,,
2026-09-01 02:51:12,deployment,shippingservice,25,9,1,,,
2026-09-01 02:51:12,node,ze-master-node,2434,3333,,60.9,42.0,
2026-09-01 02:51:12,node,ze-worker-node,2056,1813,,51.4,22.8,
2026-09-01 02:51:19,deployment,adservice,36,95,1,,,
2026-09-01 02:51:19,deployment,cartservice,224,68,2,,,
2026-09-01 02:51:19,deployment,checkoutservice,28,12,1,,,
2026-09-01 02:51:19,deployment,currencyservice,395,211,8,,,
2026-09-01 02:51:19,deployment,emailservice,15,40,1,,,
2026-09-01 02:51:19,deployment,frontend,520,100,9,,,
2026-09-01 02:51:19,http_p95_latency,frontend,,,,,,668.2
2026-09-01 02:51:19,deployment,paymentservice,9,31,1,,,
2026-09-01 02:51:19,deployment,productcatalogservice,281,41,5,,,
2026-09-01 02:51:19,deployment,recommendationservice,225,161,4,,,
2026-09-01 02:51:19,deployment,redis-cart,15,41,1,,,
2026-09-01 02:51:19,deployment,shippingservice,28,9,1,,,
2026-09-01 02:51:19,node,ze-master-node,2368,3337,,59.2,42.0,
2026-09-01 02:51:19,node,ze-worker-node,2222,1827,,55.5,23.0,
2026-09-01 02:51:24,deployment,adservice,40,95,1,,,
2026-09-01 02:51:24,deployment,cartservice,266,73,3,,,
2026-09-01 02:51:24,deployment,checkoutservice,28,12,1,,,
2026-09-01 02:51:24,deployment,currencyservice,401,225,8,,,
2026-09-01 02:51:24,deployment,emailservice,15,40,1,,,
2026-09-01 02:51:24,deployment,frontend,555,100,9,,,
2026-09-01 02:51:24,http_p95_latency,frontend,,,,,,668.2
2026-09-01 02:51:24,deployment,paymentservice,9,31,1,,,
2026-09-01 02:51:24,deployment,productcatalogservice,298,41,5,,,
2026-09-01 02:51:24,deployment,recommendationservice,225,161,4,,,
2026-09-01 02:51:24,deployment,redis-cart,15,41,1,,,
2026-09-01 02:51:24,deployment,shippingservice,28,9,1,,,
2026-09-01 02:51:24,node,ze-master-node,2368,3337,,59.2,42.0,
2026-09-01 02:51:24,node,ze-worker-node,2222,1827,,55.5,23.0,
2026-09-01 02:51:31,deployment,adservice,40,95,1,,,
2026-09-01 02:51:31,deployment,cartservice,266,73,3,,,
2026-09-01 02:51:31,deployment,checkoutservice,28,12,1,,,
2026-09-01 02:51:31,deployment,currencyservice,401,225,8,,,
2026-09-01 02:51:31,deployment,emailservice,15,40,1,,,
2026-09-01 02:51:31,deployment,frontend,555,100,9,,,
2026-09-01 02:51:31,http_p95_latency,frontend,,,,,,395.8
2026-09-01 02:51:31,deployment,paymentservice,9,31,1,,,
2026-09-01 02:51:31,deployment,productcatalogservice,298,41,5,,,
2026-09-01 02:51:31,deployment,recommendationservice,225,161,4,,,
2026-09-01 02:51:31,deployment,redis-cart,15,41,1,,,
2026-09-01 02:51:31,deployment,shippingservice,28,9,1,,,
2026-09-01 02:51:31,node,ze-master-node,2368,3337,,59.2,42.0,
2026-09-01 02:51:31,node,ze-worker-node,2222,1827,,55.5,23.0,
2026-09-01 02:51:38,deployment,adservice,44,95,1,,,
2026-09-01 02:51:38,deployment,cartservice,330,88,3,,,
2026-09-01 02:51:38,deployment,checkoutservice,28,12,1,,,
2026-09-01 02:51:38,deployment,currencyservice,429,223,8,,,
2026-09-01 02:51:38,deployment,emailservice,15,45,1,,,
2026-09-01 02:51:38,deployment,frontend,568,99,9,,,
2026-09-01 02:51:38,http_p95_latency,frontend,,,,,,395.8
2026-09-01 02:51:38,deployment,paymentservice,10,31,1,,,
2026-09-01 02:51:38,deployment,productcatalogservice,283,40,5,,,
2026-09-01 02:51:38,deployment,recommendationservice,221,161,4,,,
2026-09-01 02:51:38,deployment,redis-cart,15,41,1,,,
2026-09-01 02:51:38,deployment,shippingservice,24,9,1,,,
2026-09-01 02:51:38,node,ze-master-node,2425,3344,,60.6,42.1,
2026-09-01 02:51:38,node,ze-worker-node,2445,1849,,61.1,23.3,
2026-09-01 02:51:44,deployment,adservice,44,95,1,,,
2026-09-01 02:51:44,deployment,cartservice,330,88,3,,,
2026-09-01 02:51:44,deployment,checkoutservice,28,12,1,,,
2026-09-01 02:51:44,deployment,currencyservice,429,223,8,,,
2026-09-01 02:51:44,deployment,emailservice,15,45,1,,,
2026-09-01 02:51:44,deployment,frontend,568,99,9,,,
2026-09-01 02:51:44,http_p95_latency,frontend,,,,,,230.1
2026-09-01 02:51:44,deployment,paymentservice,10,31,1,,,
2026-09-01 02:51:44,deployment,productcatalogservice,283,40,5,,,
2026-09-01 02:51:44,deployment,recommendationservice,221,161,4,,,
2026-09-01 02:51:44,deployment,redis-cart,15,41,1,,,
2026-09-01 02:51:44,deployment,shippingservice,24,9,1,,,
2026-09-01 02:51:44,node,ze-master-node,2425,3344,,60.6,42.1,
2026-09-01 02:51:44,node,ze-worker-node,2445,1849,,61.1,23.3,
2026-09-01 02:51:51,deployment,adservice,45,95,1,,,
2026-09-01 02:51:51,deployment,cartservice,269,88,3,,,
2026-09-01 02:51:51,deployment,checkoutservice,26,12,1,,,
2026-09-01 02:51:51,deployment,currencyservice,445,226,8,,,
2026-09-01 02:51:51,deployment,emailservice,14,40,1,,,
2026-09-01 02:51:51,deployment,frontend,596,100,9,,,
2026-09-01 02:51:51,http_p95_latency,frontend,,,,,,230.1
2026-09-01 02:51:51,deployment,paymentservice,10,31,1,,,
2026-09-01 02:51:51,deployment,productcatalogservice,308,40,5,,,
2026-09-01 02:51:51,deployment,recommendationservice,225,161,4,,,
2026-09-01 02:51:51,deployment,redis-cart,16,41,1,,,
2026-09-01 02:51:51,deployment,shippingservice,25,9,1,,,
2026-09-01 02:51:51,node,ze-master-node,2377,3340,,59.4,42.1,
2026-09-01 02:51:51,node,ze-worker-node,2370,1861,,59.2,23.4,
2026-09-01 02:51:59,deployment,adservice,45,95,1,,,
2026-09-01 02:51:59,deployment,cartservice,269,88,3,,,
2026-09-01 02:51:59,deployment,checkoutservice,26,12,1,,,
2026-09-01 02:51:59,deployment,currencyservice,445,226,8,,,
2026-09-01 02:51:59,deployment,emailservice,14,40,1,,,
2026-09-01 02:51:59,deployment,frontend,596,100,11,,,
2026-09-01 02:51:59,http_p95_latency,frontend,,,,,,212.3
2026-09-01 02:51:59,deployment,paymentservice,10,31,1,,,
2026-09-01 02:51:59,deployment,productcatalogservice,308,40,5,,,
2026-09-01 02:51:59,deployment,recommendationservice,225,161,4,,,
2026-09-01 02:51:59,deployment,redis-cart,16,41,1,,,
2026-09-01 02:51:59,deployment,shippingservice,25,9,1,,,
2026-09-01 02:51:59,node,ze-master-node,2377,3340,,59.4,42.1,
2026-09-01 02:51:59,node,ze-worker-node,2370,1861,,59.2,23.4,
2026-09-01 02:52:08,deployment,adservice,45,95,1,,,
2026-09-01 02:52:08,deployment,cartservice,282,102,3,,,
2026-09-01 02:52:08,deployment,checkoutservice,37,12,1,,,
2026-09-01 02:52:08,deployment,currencyservice,411,231,8,,,
2026-09-01 02:52:08,deployment,emailservice,18,40,1,,,
2026-09-01 02:52:08,deployment,frontend,565,116,11,,,
2026-09-01 02:52:08,http_p95_latency,frontend,,,,,,212.3
2026-09-01 02:52:08,deployment,paymentservice,10,31,1,,,
2026-09-01 02:52:08,deployment,productcatalogservice,307,40,5,,,
2026-09-01 02:52:08,deployment,recommendationservice,235,161,4,,,
2026-09-01 02:52:08,deployment,redis-cart,17,41,1,,,
2026-09-01 02:52:08,deployment,shippingservice,28,9,1,,,
2026-09-01 02:52:08,node,ze-master-node,2548,3374,,63.7,42.5,
2026-09-01 02:52:08,node,ze-worker-node,2385,1875,,59.6,23.6,
2026-09-01 02:52:14,deployment,adservice,45,95,1,,,
2026-09-01 02:52:14,deployment,cartservice,282,102,3,,,
2026-09-01 02:52:14,deployment,checkoutservice,37,12,1,,,
2026-09-01 02:52:14,deployment,currencyservice,411,231,8,,,
2026-09-01 02:52:14,deployment,emailservice,18,40,1,,,
2026-09-01 02:52:14,deployment,frontend,565,116,11,,,
2026-09-01 02:52:14,http_p95_latency,frontend,,,,,,198.8
2026-09-01 02:52:14,deployment,paymentservice,10,31,1,,,
2026-09-01 02:52:14,deployment,productcatalogservice,307,40,5,,,
2026-09-01 02:52:14,deployment,recommendationservice,235,161,4,,,
2026-09-01 02:52:14,deployment,redis-cart,17,41,1,,,
2026-09-01 02:52:14,deployment,shippingservice,28,9,1,,,
2026-09-01 02:52:14,node,ze-master-node,2548,3374,,63.7,42.5,
2026-09-01 02:52:14,node,ze-worker-node,2385,1875,,59.6,23.6,
2026-09-01 02:52:21,deployment,adservice,43,95,1,,,
2026-09-01 02:52:21,deployment,cartservice,287,110,3,,,
2026-09-01 02:52:21,deployment,checkoutservice,33,12,1,,,
2026-09-01 02:52:21,deployment,currencyservice,397,229,8,,,
2026-09-01 02:52:21,deployment,emailservice,18,40,1,,,
2026-09-01 02:52:21,deployment,frontend,597,120,11,,,
2026-09-01 02:52:21,http_p95_latency,frontend,,,,,,198.8
2026-09-01 02:52:21,deployment,paymentservice,10,32,1,,,
2026-09-01 02:52:21,deployment,productcatalogservice,313,40,5,,,
2026-09-01 02:52:21,deployment,recommendationservice,242,161,4,,,
2026-09-01 02:52:21,deployment,redis-cart,16,41,1,,,
2026-09-01 02:52:21,deployment,shippingservice,25,9,1,,,
2026-09-01 02:52:21,node,ze-master-node,2563,3374,,64.1,42.5,
2026-09-01 02:52:21,node,ze-worker-node,2354,1876,,58.9,23.6,
2026-09-01 02:52:31,deployment,adservice,43,95,1,,,
2026-09-01 02:52:31,deployment,cartservice,287,110,3,,,
2026-09-01 02:52:31,deployment,checkoutservice,33,12,1,,,
2026-09-01 02:52:31,deployment,currencyservice,397,229,8,,,
2026-09-01 02:52:31,deployment,emailservice,18,40,1,,,
2026-09-01 02:52:31,deployment,frontend,597,120,11,,,
2026-09-01 02:52:31,http_p95_latency,frontend,,,,,,204.4
2026-09-01 02:52:31,deployment,paymentservice,10,32,1,,,
2026-09-01 02:52:31,deployment,productcatalogservice,313,40,5,,,
2026-09-01 02:52:31,deployment,recommendationservice,249,162,4,,,
2026-09-01 02:52:31,deployment,redis-cart,16,41,1,,,
2026-09-01 02:52:31,deployment,shippingservice,27,9,1,,,
2026-09-01 02:52:31,node,ze-master-node,2516,3376,,62.9,42.5,
2026-09-01 02:52:31,node,ze-worker-node,2351,1885,,58.8,23.7,
2026-09-01 02:52:40,deployment,adservice,46,95,1,,,
2026-09-01 02:52:40,deployment,cartservice,233,108,3,,,
2026-09-01 02:52:40,deployment,checkoutservice,28,12,1,,,
2026-09-01 02:52:40,deployment,currencyservice,419,239,8,,,
2026-09-01 02:52:40,deployment,emailservice,13,40,1,,,
2026-09-01 02:52:40,deployment,frontend,622,121,11,,,
2026-09-01 02:52:40,http_p95_latency,frontend,,,,,,204.4
2026-09-01 02:52:40,deployment,paymentservice,8,32,1,,,
2026-09-01 02:52:40,deployment,productcatalogservice,319,41,5,,,
2026-09-01 02:52:40,deployment,recommendationservice,249,162,4,,,
2026-09-01 02:52:40,deployment,redis-cart,16,41,1,,,
2026-09-01 02:52:40,deployment,shippingservice,27,9,1,,,
2026-09-01 02:52:40,node,ze-master-node,2516,3376,,62.9,42.5,
2026-09-01 02:52:40,node,ze-worker-node,2351,1885,,58.8,23.7,
2026-09-01 02:52:46,deployment,adservice,46,95,1,,,
2026-09-01 02:52:46,deployment,cartservice,233,108,3,,,
2026-09-01 02:52:46,deployment,checkoutservice,28,12,1,,,
2026-09-01 02:52:46,deployment,currencyservice,419,239,8,,,
2026-09-01 02:52:46,deployment,emailservice,13,40,1,,,
2026-09-01 02:52:46,deployment,frontend,622,121,11,,,
2026-09-01 02:52:46,http_p95_latency,frontend,,,,,,195.4
2026-09-01 02:52:46,deployment,paymentservice,8,32,1,,,
2026-09-01 02:52:46,deployment,productcatalogservice,319,41,5,,,
2026-09-01 02:52:46,deployment,recommendationservice,249,162,4,,,
2026-09-01 02:52:46,deployment,redis-cart,16,41,1,,,
2026-09-01 02:52:46,deployment,shippingservice,27,9,1,,,
2026-09-01 02:52:46,node,ze-master-node,2516,3376,,62.9,42.5,
2026-09-01 02:52:46,node,ze-worker-node,2351,1885,,58.8,23.7,
2026-09-01 02:52:54,deployment,adservice,46,95,1,,,
2026-09-01 02:52:54,deployment,cartservice,198,107,3,,,
2026-09-01 02:52:54,deployment,checkoutservice,31,12,1,,,
2026-09-01 02:52:54,deployment,currencyservice,412,242,8,,,
2026-09-01 02:52:54,deployment,emailservice,17,40,1,,,
2026-09-01 02:52:54,deployment,frontend,636,122,11,,,
2026-09-01 02:52:54,http_p95_latency,frontend,,,,,,195.4
2026-09-01 02:52:54,deployment,paymentservice,11,31,1,,,
2026-09-01 02:52:54,deployment,productcatalogservice,334,42,6,,,
2026-09-01 02:52:54,deployment,recommendationservice,245,161,4,,,
2026-09-01 02:52:54,deployment,redis-cart,17,41,1,,,
2026-09-01 02:52:54,deployment,shippingservice,28,9,1,,,
2026-09-01 02:52:54,node,ze-master-node,2648,3375,,66.2,42.5,
2026-09-01 02:52:54,node,ze-worker-node,2334,1889,,58.4,23.8,
2026-09-01 02:53:02,deployment,adservice,46,95,1,,,
2026-09-01 02:53:02,deployment,cartservice,198,107,3,,,
2026-09-01 02:53:02,deployment,checkoutservice,31,12,1,,,
2026-09-01 02:53:02,deployment,currencyservice,412,242,8,,,
2026-09-01 02:53:02,deployment,emailservice,17,40,1,,,
2026-09-01 02:53:02,deployment,frontend,636,122,11,,,
2026-09-01 02:53:02,http_p95_latency,frontend,,,,,,186.9
2026-09-01 02:53:02,deployment,paymentservice,11,31,1,,,
2026-09-01 02:53:02,deployment,productcatalogservice,334,42,6,,,
2026-09-01 02:53:02,deployment,recommendationservice,245,161,4,,,
2026-09-01 02:53:02,deployment,redis-cart,17,41,1,,,
2026-09-01 02:53:02,deployment,shippingservice,26,9,1,,,
2026-09-01 02:53:02,node,ze-master-node,2566,3382,,64.1,42.6,
2026-09-01 02:53:02,node,ze-worker-node,2475,1902,,61.9,24.0,
2026-09-01 02:53:09,deployment,adservice,48,95,1,,,
2026-09-01 02:53:09,deployment,cartservice,184,107,3,,,
2026-09-01 02:53:09,deployment,checkoutservice,28,12,1,,,
2026-09-01 02:53:09,deployment,currencyservice,398,248,8,,,
2026-09-01 02:53:09,deployment,emailservice,12,40,1,,,
2026-09-01 02:53:09,deployment,frontend,632,121,11,,,
2026-09-01 02:53:09,http_p95_latency,frontend,,,,,,186.9
2026-09-01 02:53:09,deployment,paymentservice,8,31,1,,,
2026-09-01 02:53:09,deployment,productcatalogservice,382,48,6,,,
2026-09-01 02:53:09,deployment,recommendationservice,248,161,4,,,
2026-09-01 02:53:09,deployment,redis-cart,18,41,1,,,
2026-09-01 02:53:09,deployment,shippingservice,26,9,1,,,
2026-09-01 02:53:09,node,ze-master-node,2566,3382,,64.1,42.6,
2026-09-01 02:53:09,node,ze-worker-node,2475,1902,,61.9,24.0,
2026-09-01 02:53:17,deployment,adservice,48,95,1,,,
2026-09-01 02:53:17,deployment,cartservice,184,107,3,,,
2026-09-01 02:53:17,deployment,checkoutservice,28,12,1,,,
2026-09-01 02:53:17,deployment,currencyservice,398,248,8,,,
2026-09-01 02:53:17,deployment,emailservice,12,40,1,,,
2026-09-01 02:53:17,deployment,frontend,632,121,11,,,
2026-09-01 02:53:17,http_p95_latency,frontend,,,,,,165.3
2026-09-01 02:53:17,deployment,paymentservice,8,31,1,,,
2026-09-01 02:53:17,deployment,productcatalogservice,382,48,6,,,
2026-09-01 02:53:17,deployment,recommendationservice,248,161,4,,,
2026-09-01 02:53:17,deployment,redis-cart,18,41,1,,,
2026-09-01 02:53:17,deployment,shippingservice,26,9,1,,,
2026-09-01 02:53:17,node,ze-master-node,2566,3382,,64.1,42.6,
2026-09-01 02:53:17,node,ze-worker-node,2475,1902,,61.9,24.0,
2026-09-01 02:53:24,deployment,adservice,49,95,1,,,
2026-09-01 02:53:24,deployment,cartservice,179,108,3,,,
2026-09-01 02:53:24,deployment,checkoutservice,24,12,1,,,
2026-09-01 02:53:24,deployment,currencyservice,391,246,8,,,
2026-09-01 02:53:24,deployment,emailservice,15,40,1,,,
2026-09-01 02:53:24,deployment,frontend,617,121,11,,,
2026-09-01 02:53:24,http_p95_latency,frontend,,,,,,165.3
2026-09-01 02:53:24,deployment,paymentservice,9,32,1,,,
2026-09-01 02:53:24,deployment,productcatalogservice,350,50,6,,,
2026-09-01 02:53:24,deployment,recommendationservice,248,161,4,,,
2026-09-01 02:53:24,deployment,redis-cart,17,41,1,,,
2026-09-01 02:53:24,deployment,shippingservice,28,9,1,,,
2026-09-01 02:53:24,node,ze-master-node,2475,3375,,61.9,42.5,
2026-09-01 02:53:24,node,ze-worker-node,2362,1905,,59.1,24.0,
2026-09-01 02:53:31,deployment,adservice,49,95,1,,,
2026-09-01 02:53:31,deployment,cartservice,179,108,3,,,
2026-09-01 02:53:31,deployment,checkoutservice,24,12,1,,,
2026-09-01 02:53:31,deployment,currencyservice,391,246,8,,,
2026-09-01 02:53:31,deployment,emailservice,15,40,1,,,
2026-09-01 02:53:31,deployment,frontend,617,121,11,,,
2026-09-01 02:53:31,http_p95_latency,frontend,,,,,,195.6
2026-09-01 02:53:31,deployment,paymentservice,9,32,1,,,
2026-09-01 02:53:31,deployment,productcatalogservice,350,50,6,,,
2026-09-01 02:53:31,deployment,recommendationservice,248,161,4,,,
2026-09-01 02:53:31,deployment,redis-cart,17,41,1,,,
2026-09-01 02:53:31,deployment,shippingservice,28,9,1,,,
2026-09-01 02:53:31,node,ze-master-node,2475,3375,,61.9,42.5,
2026-09-01 02:53:31,node,ze-worker-node,2362,1905,,59.1,24.0,
2026-09-01 02:53:39,deployment,adservice,47,95,1,,,
2026-09-01 02:53:39,deployment,cartservice,198,109,3,,,
2026-09-01 02:53:39,deployment,checkoutservice,29,12,1,,,
2026-09-01 02:53:39,deployment,currencyservice,414,256,8,,,
2026-09-01 02:53:39,deployment,emailservice,17,40,1,,,
2026-09-01 02:53:39,deployment,frontend,644,124,11,,,
2026-09-01 02:53:39,http_p95_latency,frontend,,,,,,195.6
2026-09-01 02:53:39,deployment,paymentservice,9,32,1,,,
2026-09-01 02:53:39,deployment,productcatalogservice,350,48,6,,,
2026-09-01 02:53:39,deployment,recommendationservice,246,161,4,,,
2026-09-01 02:53:39,deployment,redis-cart,58,43,1,,,
2026-09-01 02:53:39,deployment,shippingservice,27,9,1,,,
2026-09-01 02:53:39,node,ze-master-node,2613,3391,,65.3,42.7,
2026-09-01 02:53:39,node,ze-worker-node,2453,1913,,61.3,24.1,
2026-09-01 02:53:46,deployment,adservice,47,95,1,,,
2026-09-01 02:53:46,deployment,cartservice,198,109,3,,,
2026-09-01 02:53:46,deployment,checkoutservice,29,12,1,,,
2026-09-01 02:53:46,deployment,currencyservice,414,256,8,,,
2026-09-01 02:53:46,deployment,emailservice,17,40,1,,,
2026-09-01 02:53:46,deployment,frontend,644,124,11,,,
2026-09-01 02:53:46,http_p95_latency,frontend,,,,,,201.9
2026-09-01 02:53:46,deployment,paymentservice,9,32,1,,,
2026-09-01 02:53:46,deployment,productcatalogservice,350,48,6,,,
2026-09-01 02:53:46,deployment,recommendationservice,246,161,4,,,
2026-09-01 02:53:46,deployment,redis-cart,58,43,1,,,
2026-09-01 02:53:46,deployment,shippingservice,27,9,1,,,
2026-09-01 02:53:46,node,ze-master-node,2613,3391,,65.3,42.7,
2026-09-01 02:53:46,node,ze-worker-node,2453,1913,,61.3,24.1,
2026-09-01 02:53:54,deployment,adservice,46,95,1,,,
2026-09-01 02:53:54,deployment,cartservice,208,109,3,,,
2026-09-01 02:53:54,deployment,checkoutservice,37,12,1,,,
2026-09-01 02:53:54,deployment,currencyservice,442,259,8,,,
2026-09-01 02:53:54,deployment,emailservice,17,40,1,,,
2026-09-01 02:53:54,deployment,frontend,665,123,11,,,
2026-09-01 02:53:54,http_p95_latency,frontend,,,,,,210.8
2026-09-01 02:53:54,deployment,paymentservice,10,31,1,,,
2026-09-01 02:53:54,deployment,productcatalogservice,368,48,6,,,
2026-09-01 02:53:54,deployment,recommendationservice,267,161,5,,,
2026-09-01 02:53:54,deployment,redis-cart,19,41,1,,,
2026-09-01 02:53:54,deployment,shippingservice,31,9,1,,,
2026-09-01 02:53:54,node,ze-master-node,2592,3384,,64.8,42.6,
2026-09-01 02:53:54,node,ze-worker-node,2545,1912,,63.6,24.1,
2026-09-01 02:54:03,deployment,adservice,46,95,1,,,
2026-09-01 02:54:03,deployment,cartservice,208,109,3,,,
2026-09-01 02:54:03,deployment,checkoutservice,37,12,1,,,
2026-09-01 02:54:03,deployment,currencyservice,442,259,8,,,
2026-09-01 02:54:03,deployment,emailservice,17,40,1,,,
2026-09-01 02:54:03,deployment,frontend,665,123,11,,,
2026-09-01 02:54:03,http_p95_latency,frontend,,,,,,210.4
2026-09-01 02:54:03,deployment,paymentservice,10,31,1,,,
2026-09-01 02:54:03,deployment,productcatalogservice,368,48,6,,,
2026-09-01 02:54:03,deployment,recommendationservice,338,198,5,,,
2026-09-01 02:54:03,deployment,redis-cart,18,41,1,,,
2026-09-01 02:54:03,deployment,shippingservice,30,9,1,,,
2026-09-01 02:54:03,node,ze-master-node,2755,3440,,68.9,43.3,
2026-09-01 02:54:03,node,ze-worker-node,2554,1913,,63.8,24.1,
2026-09-01 02:54:09,deployment,adservice,53,95,1,,,
2026-09-01 02:54:09,deployment,cartservice,190,109,3,,,
2026-09-01 02:54:09,deployment,checkoutservice,34,12,1,,,
2026-09-01 02:54:09,deployment,currencyservice,433,262,8,,,
2026-09-01 02:54:09,deployment,emailservice,14,40,1,,,
2026-09-01 02:54:09,deployment,frontend,670,123,11,,,
2026-09-01 02:54:09,http_p95_latency,frontend,,,,,,210.4
2026-09-01 02:54:09,deployment,paymentservice,10,31,1,,,
2026-09-01 02:54:09,deployment,productcatalogservice,366,49,6,,,
2026-09-01 02:54:09,deployment,recommendationservice,338,198,5,,,
2026-09-01 02:54:09,deployment,redis-cart,18,41,1,,,
2026-09-01 02:54:09,deployment,shippingservice,30,9,1,,,
2026-09-01 02:54:09,node,ze-master-node,2755,3440,,68.9,43.3,
2026-09-01 02:54:09,node,ze-worker-node,2554,1913,,63.8,24.1,
2026-09-01 02:54:18,deployment,adservice,53,95,1,,,
2026-09-01 02:54:18,deployment,cartservice,190,109,3,,,
2026-09-01 02:54:18,deployment,checkoutservice,34,12,1,,,
2026-09-01 02:54:18,deployment,currencyservice,433,262,8,,,
2026-09-01 02:54:18,deployment,emailservice,14,40,1,,,
2026-09-01 02:54:18,deployment,frontend,670,123,11,,,
2026-09-01 02:54:18,http_p95_latency,frontend,,,,,,212.1
2026-09-01 02:54:18,deployment,paymentservice,10,31,1,,,
2026-09-01 02:54:18,deployment,productcatalogservice,367,52,6,,,
2026-09-01 02:54:18,deployment,recommendationservice,295,202,5,,,
2026-09-01 02:54:18,deployment,redis-cart,18,41,1,,,
2026-09-01 02:54:18,deployment,shippingservice,31,9,1,,,
2026-09-01 02:54:18,node,ze-master-node,2709,3437,,67.7,43.3,
2026-09-01 02:54:18,node,ze-worker-node,2569,1909,,64.2,24.0,
2026-09-01 02:54:25,deployment,adservice,51,95,1,,,
2026-09-01 02:54:25,deployment,cartservice,196,110,3,,,
2026-09-01 02:54:25,deployment,checkoutservice,35,12,1,,,
2026-09-01 02:54:25,deployment,currencyservice,437,265,8,,,
2026-09-01 02:54:25,deployment,emailservice,19,40,1,,,
2026-09-01 02:54:25,deployment,frontend,682,124,11,,,
2026-09-01 02:54:25,http_p95_latency,frontend,,,,,,212.1
2026-09-01 02:54:25,deployment,paymentservice,11,32,1,,,
2026-09-01 02:54:25,deployment,productcatalogservice,367,52,6,,,
2026-09-01 02:54:25,deployment,recommendationservice,295,202,5,,,
2026-09-01 02:54:25,deployment,redis-cart,18,41,1,,,
2026-09-01 02:54:25,deployment,shippingservice,31,9,1,,,
2026-09-01 02:54:25,node,ze-master-node,2709,3437,,67.7,43.3,
2026-09-01 02:54:25,node,ze-worker-node,2569,1909,,64.2,24.0,
2026-09-01 02:54:32,deployment,adservice,51,95,1,,,
2026-09-01 02:54:32,deployment,cartservice,196,110,3,,,
2026-09-01 02:54:32,deployment,checkoutservice,35,12,1,,,
2026-09-01 02:54:32,deployment,currencyservice,437,265,8,,,
2026-09-01 02:54:32,deployment,emailservice,19,40,1,,,
2026-09-01 02:54:32,deployment,frontend,682,124,11,,,
2026-09-01 02:54:32,http_p95_latency,frontend,,,,,,210.4
2026-09-01 02:54:32,deployment,paymentservice,11,32,1,,,
2026-09-01 02:54:32,deployment,productcatalogservice,367,52,6,,,
2026-09-01 02:54:32,deployment,recommendationservice,295,202,5,,,
2026-09-01 02:54:32,deployment,redis-cart,18,41,1,,,
2026-09-01 02:54:32,deployment,shippingservice,31,9,1,,,
2026-09-01 02:54:32,node,ze-master-node,2709,3437,,68.0,43.3,
2026-09-01 02:54:32,node,ze-worker-node,2332,1900,,58.3,23.9,
2026-09-01 02:54:39,deployment,adservice,44,95,1,,,
2026-09-01 02:54:39,deployment,cartservice,200,110,3,,,
2026-09-01 02:54:39,deployment,checkoutservice,30,12,1,,,
2026-09-01 02:54:39,deployment,currencyservice,418,266,8,,,
2026-09-01 02:54:39,deployment,emailservice,19,40,1,,,
2026-09-01 02:54:39,deployment,frontend,638,126,11,,,
2026-09-01 02:54:39,http_p95_latency,frontend,,,,,,210.4
2026-09-01 02:54:39,deployment,paymentservice,11,32,1,,,
2026-09-01 02:54:39,deployment,productcatalogservice,361,50,6,,,
2026-09-01 02:54:39,deployment,recommendationservice,270,199,5,,,
2026-09-01 02:54:39,deployment,redis-cart,17,41,1,,,
2026-09-01 02:54:39,deployment,shippingservice,31,9,1,,,
2026-09-01 02:54:39,node,ze-master-node,2720,3437,,68.0,43.3,
2026-09-01 02:54:39,node,ze-worker-node,2332,1900,,58.3,23.9,
2026-09-01 02:54:48,deployment,adservice,44,95,1,,,
2026-09-01 02:54:48,deployment,cartservice,200,110,3,,,
2026-09-01 02:54:48,deployment,checkoutservice,30,12,1,,,
2026-09-01 02:54:48,deployment,currencyservice,418,266,8,,,
2026-09-01 02:54:48,deployment,emailservice,19,40,1,,,
2026-09-01 02:54:48,deployment,frontend,638,126,11,,,
2026-09-01 02:54:48,http_p95_latency,frontend,,,,,,201.6
2026-09-01 02:54:48,deployment,paymentservice,11,32,1,,,
2026-09-01 02:54:48,deployment,productcatalogservice,361,50,6,,,
2026-09-01 02:54:48,deployment,recommendationservice,249,199,5,,,
2026-09-01 02:54:48,deployment,redis-cart,16,41,1,,,
2026-09-01 02:54:48,deployment,shippingservice,28,9,1,,,
2026-09-01 02:54:48,node,ze-master-node,2578,3431,,64.5,43.2,
2026-09-01 02:54:48,node,ze-worker-node,2331,1903,,58.3,24.0,
2026-09-01 02:54:54,deployment,adservice,46,95,1,,,
2026-09-01 02:54:54,deployment,cartservice,184,110,3,,,
2026-09-01 02:54:54,deployment,checkoutservice,30,12,1,,,
2026-09-01 02:54:54,deployment,currencyservice,384,249,8,,,
2026-09-01 02:54:54,deployment,emailservice,18,40,1,,,
2026-09-01 02:54:54,deployment,frontend,602,126,11,,,
2026-09-01 02:54:54,http_p95_latency,frontend,,,,,,201.6
2026-09-01 02:54:54,deployment,paymentservice,10,32,1,,,
2026-09-01 02:54:54,deployment,productcatalogservice,332,49,6,,,
2026-09-01 02:54:54,deployment,recommendationservice,249,199,5,,,
2026-09-01 02:54:54,deployment,redis-cart,16,41,1,,,
2026-09-01 02:54:54,deployment,shippingservice,28,9,1,,,
2026-09-01 02:54:54,node,ze-master-node,2578,3431,,64.5,43.2,
2026-09-01 02:54:54,node,ze-worker-node,2331,1903,,58.3,24.0,
2026-09-01 02:55:01,deployment,adservice,46,95,1,,,
2026-09-01 02:55:01,deployment,cartservice,184,110,3,,,
2026-09-01 02:55:01,deployment,checkoutservice,30,12,1,,,
2026-09-01 02:55:01,deployment,currencyservice,384,249,8,,,
2026-09-01 02:55:01,deployment,emailservice,18,40,1,,,
2026-09-01 02:55:01,deployment,frontend,602,126,11,,,
2026-09-01 02:55:01,http_p95_latency,frontend,,,,,,181.4
2026-09-01 02:55:01,deployment,paymentservice,10,32,1,,,
2026-09-01 02:55:01,deployment,productcatalogservice,332,49,6,,,
2026-09-01 02:55:01,deployment,recommendationservice,249,199,5,,,
2026-09-01 02:55:01,deployment,redis-cart,16,41,1,,,
2026-09-01 02:55:01,deployment,shippingservice,28,9,1,,,
2026-09-01 02:55:01,node,ze-master-node,2578,3431,,64.5,43.2,
2026-09-01 02:55:01,node,ze-worker-node,2331,1903,,58.3,24.0,
2026-09-01 02:55:09,deployment,adservice,47,95,1,,,
2026-09-01 02:55:09,deployment,cartservice,166,110,3,,,
2026-09-01 02:55:09,deployment,checkoutservice,27,12,1,,,
2026-09-01 02:55:09,deployment,currencyservice,405,250,8,,,
2026-09-01 02:55:09,deployment,emailservice,13,40,1,,,
2026-09-01 02:55:09,deployment,frontend,594,127,11,,,
2026-09-01 02:55:09,http_p95_latency,frontend,,,,,,181.4
2026-09-01 02:55:09,deployment,paymentservice,8,32,1,,,
2026-09-01 02:55:09,deployment,productcatalogservice,333,49,6,,,
2026-09-01 02:55:09,deployment,recommendationservice,253,199,5,,,
2026-09-01 02:55:09,deployment,redis-cart,17,41,1,,,
2026-09-01 02:55:09,deployment,shippingservice,25,9,1,,,
2026-09-01 02:55:09,node,ze-master-node,2525,3443,,63.1,43.4,
2026-09-01 02:55:09,node,ze-worker-node,2329,1903,,58.2,24.0,
2026-09-01 02:55:16,deployment,adservice,47,95,1,,,
2026-09-01 02:55:16,deployment,cartservice,166,110,3,,,
2026-09-01 02:55:16,deployment,checkoutservice,27,12,1,,,
2026-09-01 02:55:16,deployment,currencyservice,405,250,8,,,
2026-09-01 02:55:16,deployment,emailservice,13,40,1,,,
2026-09-01 02:55:16,deployment,frontend,594,127,11,,,
2026-09-01 02:55:16,http_p95_latency,frontend,,,,,,189.2
2026-09-01 02:55:16,deployment,paymentservice,12,32,1,,,
2026-09-01 02:55:16,deployment,productcatalogservice,344,49,6,,,
2026-09-01 02:55:16,deployment,recommendationservice,252,199,5,,,
2026-09-01 02:55:16,deployment,redis-cart,18,41,1,,,
2026-09-01 02:55:16,deployment,shippingservice,29,9,1,,,
2026-09-01 02:55:16,node,ze-master-node,2593,3434,,64.8,43.2,
2026-09-01 02:55:16,node,ze-worker-node,2371,1905,,59.3,24.0,
2026-09-01 02:55:25,deployment,adservice,46,95,1,,,
2026-09-01 02:55:25,deployment,cartservice,196,109,3,,,
2026-09-01 02:55:25,deployment,checkoutservice,29,12,1,,,
2026-09-01 02:55:25,deployment,currencyservice,398,247,8,,,
2026-09-01 02:55:25,deployment,emailservice,18,40,1,,,
2026-09-01 02:55:25,deployment,frontend,580,126,11,,,
2026-09-01 02:55:25,http_p95_latency,frontend,,,,,,189.2
2026-09-01 02:55:25,deployment,paymentservice,12,32,1,,,
2026-09-01 02:55:25,deployment,productcatalogservice,344,49,6,,,
2026-09-01 02:55:25,deployment,recommendationservice,252,199,5,,,
2026-09-01 02:55:25,deployment,redis-cart,18,41,1,,,
2026-09-01 02:55:25,deployment,shippingservice,29,9,1,,,
2026-09-01 02:55:25,node,ze-master-node,2593,3434,,64.8,43.2,
2026-09-01 02:55:25,node,ze-worker-node,2371,1905,,59.3,24.0,
2026-09-01 02:55:31,deployment,adservice,46,95,1,,,
2026-09-01 02:55:31,deployment,cartservice,196,109,3,,,
2026-09-01 02:55:31,deployment,checkoutservice,29,12,1,,,
2026-09-01 02:55:31,deployment,currencyservice,398,247,8,,,
2026-09-01 02:55:31,deployment,emailservice,18,40,1,,,
2026-09-01 02:55:31,deployment,frontend,580,126,11,,,
2026-09-01 02:55:31,http_p95_latency,frontend,,,,,,195.1
2026-09-01 02:55:31,deployment,paymentservice,12,32,1,,,
2026-09-01 02:55:31,deployment,productcatalogservice,344,49,6,,,
2026-09-01 02:55:31,deployment,recommendationservice,252,199,5,,,
2026-09-01 02:55:31,deployment,redis-cart,18,41,1,,,
2026-09-01 02:55:31,deployment,shippingservice,29,9,1,,,
2026-09-01 02:55:31,node,ze-master-node,2470,3439,,61.8,43.3,
2026-09-01 02:55:31,node,ze-worker-node,2349,1902,,58.7,24.0,
2026-09-01 02:55:39,deployment,adservice,48,95,1,,,
2026-09-01 02:55:39,deployment,cartservice,187,109,3,,,
2026-09-01 02:55:39,deployment,checkoutservice,29,12,1,,,
2026-09-01 02:55:39,deployment,currencyservice,401,249,8,,,
2026-09-01 02:55:39,deployment,emailservice,17,40,1,,,
2026-09-01 02:55:39,deployment,frontend,603,126,11,,,
2026-09-01 02:55:39,http_p95_latency,frontend,,,,,,195.1
2026-09-01 02:55:39,deployment,paymentservice,10,32,1,,,
2026-09-01 02:55:39,deployment,productcatalogservice,330,49,6,,,
2026-09-01 02:55:39,deployment,recommendationservice,248,199,5,,,
2026-09-01 02:55:39,deployment,redis-cart,17,41,1,,,
2026-09-01 02:55:39,deployment,shippingservice,25,9,1,,,
2026-09-01 02:55:39,node,ze-master-node,2470,3439,,61.8,43.3,
2026-09-01 02:55:39,node,ze-worker-node,2349,1902,,58.7,24.0,
2026-09-01 02:55:48,deployment,adservice,48,95,1,,,
2026-09-01 02:55:48,deployment,cartservice,187,109,3,,,
2026-09-01 02:55:48,deployment,checkoutservice,29,12,1,,,
2026-09-01 02:55:48,deployment,currencyservice,401,249,8,,,
2026-09-01 02:55:48,deployment,emailservice,17,40,1,,,
2026-09-01 02:55:48,deployment,frontend,603,126,11,,,
2026-09-01 02:55:48,http_p95_latency,frontend,,,,,,192.9
2026-09-01 02:55:48,deployment,paymentservice,10,32,1,,,
2026-09-01 02:55:48,deployment,productcatalogservice,330,49,6,,,
2026-09-01 02:55:48,deployment,recommendationservice,248,199,5,,,
2026-09-01 02:55:48,deployment,redis-cart,17,41,1,,,
2026-09-01 02:55:48,deployment,shippingservice,30,9,1,,,
2026-09-01 02:55:48,node,ze-master-node,2504,3423,,62.6,43.1,
2026-09-01 02:55:48,node,ze-worker-node,2270,1905,,56.8,24.0,
2026-09-01 02:55:55,deployment,adservice,48,95,1,,,
2026-09-01 02:55:55,deployment,cartservice,181,109,3,,,
2026-09-01 02:55:55,deployment,checkoutservice,31,12,1,,,
2026-09-01 02:55:55,deployment,currencyservice,392,253,8,,,
2026-09-01 02:55:55,deployment,emailservice,16,40,1,,,
2026-09-01 02:55:55,deployment,frontend,581,127,11,,,
2026-09-01 02:55:55,http_p95_latency,frontend,,,,,,192.9
2026-09-01 02:55:55,deployment,paymentservice,10,31,1,,,
2026-09-01 02:55:55,deployment,productcatalogservice,327,49,6,,,
2026-09-01 02:55:55,deployment,recommendationservice,243,199,5,,,
2026-09-01 02:55:55,deployment,redis-cart,16,41,1,,,
2026-09-01 02:55:55,deployment,shippingservice,30,9,1,,,
2026-09-01 02:55:55,node,ze-master-node,2504,3423,,62.6,43.1,
2026-09-01 02:55:55,node,ze-worker-node,2270,1905,,56.8,24.0,
2026-09-01 02:56:02,deployment,adservice,48,95,1,,,
2026-09-01 02:56:02,deployment,cartservice,181,109,3,,,
2026-09-01 02:56:02,deployment,checkoutservice,31,12,1,,,
2026-09-01 02:56:02,deployment,currencyservice,392,253,8,,,
2026-09-01 02:56:02,deployment,emailservice,16,40,1,,,
2026-09-01 02:56:02,deployment,frontend,581,127,11,,,
2026-09-01 02:56:02,http_p95_latency,frontend,,,,,,190.7
2026-09-01 02:56:02,deployment,paymentservice,10,31,1,,,
2026-09-01 02:56:02,deployment,productcatalogservice,327,49,6,,,
2026-09-01 02:56:02,deployment,recommendationservice,243,199,5,,,
2026-09-01 02:56:02,deployment,redis-cart,16,41,1,,,
2026-09-01 02:56:02,deployment,shippingservice,30,9,1,,,
2026-09-01 02:56:02,node,ze-master-node,2504,3423,,62.6,43.1,
2026-09-01 02:56:02,node,ze-worker-node,2218,1899,,55.5,23.9,
2026-09-01 02:56:09,deployment,adservice,44,95,1,,,
2026-09-01 02:56:09,deployment,cartservice,182,109,3,,,
2026-09-01 02:56:09,deployment,checkoutservice,26,12,1,,,
2026-09-01 02:56:09,deployment,currencyservice,381,253,8,,,
2026-09-01 02:56:09,deployment,emailservice,15,40,1,,,
2026-09-01 02:56:09,deployment,frontend,566,125,11,,,
2026-09-01 02:56:09,http_p95_latency,frontend,,,,,,190.7
2026-09-01 02:56:09,deployment,paymentservice,10,32,1,,,
2026-09-01 02:56:09,deployment,productcatalogservice,315,49,6,,,
2026-09-01 02:56:09,deployment,recommendationservice,243,199,5,,,
2026-09-01 02:56:09,deployment,redis-cart,15,41,1,,,
2026-09-01 02:56:09,deployment,shippingservice,26,9,1,,,
2026-09-01 02:56:09,node,ze-master-node,2500,3435,,62.5,43.3,
2026-09-01 02:56:09,node,ze-worker-node,2218,1899,,55.5,23.9,
2026-09-01 02:56:18,deployment,adservice,44,95,1,,,
2026-09-01 02:56:18,deployment,cartservice,182,109,3,,,
2026-09-01 02:56:18,deployment,checkoutservice,26,12,1,,,
2026-09-01 02:56:18,deployment,currencyservice,381,253,8,,,
2026-09-01 02:56:18,deployment,emailservice,15,40,1,,,
2026-09-01 02:56:18,deployment,frontend,566,125,11,,,
2026-09-01 02:56:18,http_p95_latency,frontend,,,,,,187.6
2026-09-01 02:56:18,deployment,paymentservice,10,32,1,,,
2026-09-01 02:56:18,deployment,productcatalogservice,315,49,6,,,
2026-09-01 02:56:18,deployment,recommendationservice,243,199,5,,,
2026-09-01 02:56:18,deployment,redis-cart,15,41,1,,,
2026-09-01 02:56:18,deployment,shippingservice,26,9,1,,,
2026-09-01 02:56:18,node,ze-master-node,2500,3435,,62.5,43.3,
2026-09-01 02:56:18,node,ze-worker-node,2218,1899,,55.5,23.9,
2026-09-01 02:56:24,deployment,adservice,45,95,1,,,
2026-09-01 02:56:24,deployment,cartservice,173,109,3,,,
2026-09-01 02:56:24,deployment,checkoutservice,30,12,1,,,
2026-09-01 02:56:24,deployment,currencyservice,384,256,8,,,
2026-09-01 02:56:24,deployment,emailservice,15,40,1,,,
2026-09-01 02:56:24,deployment,frontend,582,127,11,,,
2026-09-01 02:56:24,http_p95_latency,frontend,,,,,,187.6
2026-09-01 02:56:24,deployment,paymentservice,9,32,1,,,
2026-09-01 02:56:24,deployment,productcatalogservice,328,48,6,,,
2026-09-01 02:56:24,deployment,recommendationservice,254,199,5,,,
2026-09-01 02:56:24,deployment,redis-cart,16,41,1,,,
2026-09-01 02:56:24,deployment,shippingservice,25,9,1,,,
2026-09-01 02:56:24,node,ze-master-node,2510,3429,,62.7,43.2,
2026-09-01 02:56:24,node,ze-worker-node,2306,1911,,57.6,24.1,
2026-09-01 02:56:32,deployment,adservice,45,95,1,,,
2026-09-01 02:56:32,deployment,cartservice,173,109,3,,,
2026-09-01 02:56:32,deployment,checkoutservice,30,12,1,,,
2026-09-01 02:56:32,deployment,currencyservice,384,256,8,,,
2026-09-01 02:56:32,deployment,emailservice,15,40,1,,,
2026-09-01 02:56:32,deployment,frontend,582,127,11,,,
2026-09-01 02:56:32,http_p95_latency,frontend,,,,,,194.6
2026-09-01 02:56:32,deployment,paymentservice,9,32,1,,,
2026-09-01 02:56:32,deployment,productcatalogservice,328,48,6,,,
2026-09-01 02:56:32,deployment,recommendationservice,254,199,5,,,
2026-09-01 02:56:32,deployment,redis-cart,16,41,1,,,
2026-09-01 02:56:32,deployment,shippingservice,25,9,1,,,
2026-09-01 02:56:32,node,ze-master-node,2510,3429,,62.7,43.2,
2026-09-01 02:56:32,node,ze-worker-node,2306,1911,,57.6,24.1,
2026-09-01 02:56:39,deployment,adservice,48,95,1,,,
2026-09-01 02:56:39,deployment,cartservice,204,109,3,,,
2026-09-01 02:56:39,deployment,checkoutservice,30,12,1,,,
2026-09-01 02:56:39,deployment,currencyservice,412,262,8,,,
2026-09-01 02:56:39,deployment,emailservice,18,40,1,,,
2026-09-01 02:56:39,deployment,frontend,603,128,11,,,
2026-09-01 02:56:39,http_p95_latency,frontend,,,,,,194.6
2026-09-01 02:56:39,deployment,paymentservice,10,32,1,,,
2026-09-01 02:56:39,deployment,productcatalogservice,342,50,6,,,
2026-09-01 02:56:39,deployment,recommendationservice,256,199,5,,,
2026-09-01 02:56:39,deployment,redis-cart,16,41,1,,,
2026-09-01 02:56:39,deployment,shippingservice,29,9,1,,,
2026-09-01 02:56:39,node,ze-master-node,2588,3441,,64.7,43.3,
2026-09-01 02:56:39,node,ze-worker-node,2405,1907,,60.1,24.0,
2026-09-01 02:56:47,deployment,adservice,48,95,1,,,
2026-09-01 02:56:47,deployment,cartservice,204,109,3,,,
2026-09-01 02:56:47,deployment,checkoutservice,30,12,1,,,
2026-09-01 02:56:47,deployment,currencyservice,410,268,8,,,
2026-09-01 02:56:47,deployment,emailservice,14,40,1,,,
2026-09-01 02:56:47,deployment,frontend,627,128,11,,,
2026-09-01 02:56:47,http_p95_latency,frontend,,,,,,185.4
2026-09-01 02:56:47,deployment,paymentservice,10,32,1,,,
2026-09-01 02:56:47,deployment,productcatalogservice,342,48,6,,,
2026-09-01 02:56:47,deployment,recommendationservice,249,199,5,,,
2026-09-01 02:56:47,deployment,redis-cart,17,41,1,,,
2026-09-01 02:56:47,deployment,shippingservice,29,9,1,,,
2026-09-01 02:56:47,node,ze-master-node,2635,3436,,65.9,43.3,
2026-09-01 02:56:47,node,ze-worker-node,2411,1915,,60.3,24.1,
2026-09-01 02:56:55,deployment,adservice,44,95,1,,,
2026-09-01 02:56:55,deployment,cartservice,183,109,3,,,
2026-09-01 02:56:55,deployment,checkoutservice,32,12,1,,,
2026-09-01 02:56:55,deployment,currencyservice,410,268,8,,,
2026-09-01 02:56:55,deployment,emailservice,14,40,1,,,
2026-09-01 02:56:55,deployment,frontend,627,128,11,,,
2026-09-01 02:56:55,http_p95_latency,frontend,,,,,,185.4
2026-09-01 02:56:55,deployment,paymentservice,10,32,1,,,
2026-09-01 02:56:55,deployment,productcatalogservice,342,48,6,,,
2026-09-01 02:56:55,deployment,recommendationservice,249,199,5,,,
2026-09-01 02:56:55,deployment,redis-cart,17,41,1,,,
2026-09-01 02:56:55,deployment,shippingservice,29,9,1,,,
2026-09-01 02:56:55,node,ze-master-node,2635,3436,,65.9,43.3,
2026-09-01 02:56:55,node,ze-worker-node,2411,1915,,60.3,24.1,
2026-09-01 02:57:02,deployment,adservice,44,95,1,,,
2026-09-01 02:57:02,deployment,cartservice,183,109,3,,,
2026-09-01 02:57:02,deployment,checkoutservice,32,12,1,,,
2026-09-01 02:57:02,deployment,currencyservice,410,268,8,,,
2026-09-01 02:57:02,deployment,emailservice,14,40,1,,,
2026-09-01 02:57:02,deployment,frontend,627,128,11,,,
2026-09-01 02:57:02,http_p95_latency,frontend,,,,,,200.8
2026-09-01 02:57:02,deployment,paymentservice,10,32,1,,,
2026-09-01 02:57:02,deployment,productcatalogservice,342,48,6,,,
2026-09-01 02:57:02,deployment,recommendationservice,249,199,5,,,
2026-09-01 02:57:02,deployment,redis-cart,17,41,1,,,
2026-09-01 02:57:02,deployment,shippingservice,29,9,1,,,
2026-09-01 02:57:02,node,ze-master-node,2635,3436,,65.9,43.3,
2026-09-01 02:57:02,node,ze-worker-node,2411,1915,,60.3,24.1,
2026-09-01 02:57:09,deployment,adservice,44,95,1,,,
2026-09-01 02:57:09,deployment,cartservice,179,109,3,,,
2026-09-01 02:57:09,deployment,checkoutservice,35,12,1,,,
2026-09-01 02:57:09,deployment,currencyservice,403,274,8,,,
2026-09-01 02:57:09,deployment,emailservice,21,40,1,,,
2026-09-01 02:57:09,deployment,frontend,642,128,11,,,
2026-09-01 02:57:09,http_p95_latency,frontend,,,,,,200.8
2026-09-01 02:57:09,deployment,paymentservice,12,33,1,,,
2026-09-01 02:57:09,deployment,productcatalogservice,351,49,6,,,
2026-09-01 02:57:09,deployment,recommendationservice,258,199,5,,,
2026-09-01 02:57:09,deployment,redis-cart,54,41,1,,,
2026-09-01 02:57:09,deployment,shippingservice,27,9,1,,,
2026-09-01 02:57:09,node,ze-master-node,2585,3457,,64.6,43.5,
2026-09-01 02:57:09,node,ze-worker-node,2442,1906,,61.1,24.0,
2026-09-01 02:57:18,deployment,adservice,44,95,1,,,
2026-09-01 02:57:18,deployment,cartservice,179,109,3,,,
2026-09-01 02:57:18,deployment,checkoutservice,35,12,1,,,
2026-09-01 02:57:18,deployment,currencyservice,403,274,8,,,
2026-09-01 02:57:18,deployment,emailservice,21,40,1,,,
2026-09-01 02:57:18,deployment,frontend,642,128,11,,,
2026-09-01 02:57:18,http_p95_latency,frontend,,,,,,192.3
2026-09-01 02:57:18,deployment,paymentservice,12,33,1,,,
2026-09-01 02:57:18,deployment,productcatalogservice,351,49,6,,,
2026-09-01 02:57:18,deployment,recommendationservice,258,199,5,,,
2026-09-01 02:57:18,deployment,redis-cart,54,41,1,,,
2026-09-01 02:57:18,deployment,shippingservice,27,9,1,,,
2026-09-01 02:57:18,node,ze-master-node,2585,3457,,64.6,43.5,
2026-09-01 02:57:18,node,ze-worker-node,2442,1906,,61.1,24.0,
2026-09-01 02:57:24,deployment,adservice,50,95,1,,,
2026-09-01 02:57:24,deployment,cartservice,117,75,2,,,
2026-09-01 02:57:24,deployment,checkoutservice,30,12,1,,,
2026-09-01 02:57:24,deployment,currencyservice,404,275,8,,,
2026-09-01 02:57:24,deployment,emailservice,14,40,1,,,
2026-09-01 02:57:24,deployment,frontend,626,128,11,,,
2026-09-01 02:57:24,http_p95_latency,frontend,,,,,,200.8
2026-09-01 02:57:24,deployment,paymentservice,9,32,1,,,
2026-09-01 02:57:24,deployment,productcatalogservice,349,49,6,,,
2026-09-01 02:57:24,deployment,recommendationservice,270,200,5,,,
2026-09-01 02:57:24,deployment,redis-cart,17,41,1,,,
2026-09-01 02:57:24,deployment,shippingservice,29,9,1,,,
2026-09-01 02:57:24,node,ze-master-node,2600,3452,,65.0,43.5,
2026-09-01 02:57:24,node,ze-worker-node,2417,1907,,60.4,24.0,
2026-09-01 02:57:32,deployment,adservice,50,95,1,,,
2026-09-01 02:57:32,deployment,cartservice,117,75,2,,,
2026-09-01 02:57:32,deployment,checkoutservice,30,12,1,,,
2026-09-01 02:57:32,deployment,currencyservice,404,275,8,,,
2026-09-01 02:57:32,deployment,emailservice,14,40,1,,,
2026-09-01 02:57:32,deployment,frontend,626,128,11,,,
2026-09-01 02:57:32,http_p95_latency,frontend,,,,,,220.8
2026-09-01 02:57:32,deployment,paymentservice,9,32,1,,,
2026-09-01 02:57:32,deployment,productcatalogservice,349,49,6,,,
2026-09-01 02:57:32,deployment,recommendationservice,270,200,5,,,
2026-09-01 02:57:32,deployment,redis-cart,17,41,1,,,
2026-09-01 02:57:32,deployment,shippingservice,29,9,1,,,
2026-09-01 02:57:32,node,ze-master-node,2600,3452,,65.0,43.5,
2026-09-01 02:57:32,node,ze-worker-node,2417,1907,,65.4,23.6,
2026-09-01 02:57:39,deployment,adservice,50,95,1,,,
2026-09-01 02:57:39,deployment,cartservice,124,75,2,,,
2026-09-01 02:57:39,deployment,checkoutservice,33,12,1,,,
2026-09-01 02:57:39,deployment,currencyservice,443,275,8,,,
2026-09-01 02:57:39,deployment,emailservice,14,40,1,,,
2026-09-01 02:57:39,deployment,frontend,686,127,11,,,
2026-09-01 02:57:39,http_p95_latency,frontend,,,,,,220.8
2026-09-01 02:57:39,deployment,paymentservice,7,32,1,,,
2026-09-01 02:57:39,deployment,productcatalogservice,371,52,6,,,
2026-09-01 02:57:39,deployment,recommendationservice,271,200,5,,,
2026-09-01 02:57:39,deployment,redis-cart,17,41,1,,,
2026-09-01 02:57:39,deployment,shippingservice,28,9,1,,,
2026-09-01 02:57:39,node,ze-master-node,2836,3460,,70.9,43.6,
2026-09-01 02:57:39,node,ze-worker-node,2617,1873,,65.4,23.6,
2026-09-01 02:57:47,deployment,adservice,50,95,1,,,
2026-09-01 02:57:47,deployment,cartservice,124,75,2,,,
2026-09-01 02:57:47,deployment,checkoutservice,33,12,1,,,
2026-09-01 02:57:47,deployment,currencyservice,443,275,8,,,
2026-09-01 02:57:47,deployment,emailservice,14,40,1,,,
2026-09-01 02:57:47,deployment,frontend,686,127,11,,,
2026-09-01 02:57:47,http_p95_latency,frontend,,,,,,233.2
2026-09-01 02:57:47,deployment,paymentservice,7,32,1,,,
2026-09-01 02:57:47,deployment,productcatalogservice,371,52,6,,,
2026-09-01 02:57:47,deployment,recommendationservice,271,200,5,,,
2026-09-01 02:57:47,deployment,redis-cart,17,41,1,,,
2026-09-01 02:57:47,deployment,shippingservice,28,9,1,,,
2026-09-01 02:57:47,node,ze-master-node,2836,3460,,70.9,43.6,
2026-09-01 02:57:47,node,ze-worker-node,2617,1873,,65.4,23.6,
2026-09-01 02:57:54,deployment,adservice,58,95,1,,,
2026-09-01 02:57:54,deployment,cartservice,198,79,2,,,
2026-09-01 02:57:54,deployment,checkoutservice,40,12,1,,,
2026-09-01 02:57:54,deployment,currencyservice,473,275,8,,,
2026-09-01 02:57:54,deployment,emailservice,16,40,1,,,
2026-09-01 02:57:54,deployment,frontend,754,129,13,,,
2026-09-01 02:57:54,http_p95_latency,frontend,,,,,,233.2
2026-09-01 02:57:54,deployment,paymentservice,12,32,1,,,
2026-09-01 02:57:54,deployment,productcatalogservice,405,49,7,,,
2026-09-01 02:57:54,deployment,recommendationservice,315,200,5,,,
2026-09-01 02:57:54,deployment,redis-cart,19,41,1,,,
2026-09-01 02:57:54,deployment,shippingservice,33,9,1,,,
2026-09-01 02:57:54,node,ze-master-node,2998,3453,,75.0,43.5,
2026-09-01 02:57:54,node,ze-worker-node,2700,1876,,67.5,23.6,
2026-09-01 02:58:02,deployment,adservice,58,95,1,,,
2026-09-01 02:58:02,deployment,cartservice,198,79,2,,,
2026-09-01 02:58:02,deployment,checkoutservice,40,12,1,,,
2026-09-01 02:58:02,deployment,currencyservice,473,275,8,,,
2026-09-01 02:58:02,deployment,emailservice,16,40,1,,,
2026-09-01 02:58:02,deployment,frontend,754,129,13,,,
2026-09-01 02:58:02,http_p95_latency,frontend,,,,,,238.8
2026-09-01 02:58:02,deployment,paymentservice,12,32,1,,,
2026-09-01 02:58:02,deployment,productcatalogservice,405,49,7,,,
2026-09-01 02:58:02,deployment,recommendationservice,315,200,5,,,
2026-09-01 02:58:02,deployment,redis-cart,19,41,1,,,
2026-09-01 02:58:02,deployment,shippingservice,33,9,1,,,
2026-09-01 02:58:02,node,ze-master-node,2998,3453,,75.0,43.5,
2026-09-01 02:58:02,node,ze-worker-node,2929,1916,,73.2,24.1,
2026-09-01 02:58:09,deployment,adservice,58,95,1,,,
2026-09-01 02:58:09,deployment,cartservice,212,75,2,,,
2026-09-01 02:58:09,deployment,checkoutservice,37,12,1,,,
2026-09-01 02:58:09,deployment,currencyservice,476,275,8,,,
2026-09-01 02:58:09,deployment,emailservice,18,40,1,,,
2026-09-01 02:58:09,deployment,frontend,770,129,13,,,
2026-09-01 02:58:09,http_p95_latency,frontend,,,,,,238.8
2026-09-01 02:58:09,deployment,paymentservice,11,32,1,,,
2026-09-01 02:58:09,deployment,productcatalogservice,404,50,7,,,
2026-09-01 02:58:09,deployment,recommendationservice,320,200,5,,,
2026-09-01 02:58:09,deployment,redis-cart,19,41,1,,,
2026-09-01 02:58:09,deployment,shippingservice,33,9,1,,,
2026-09-01 02:58:09,node,ze-master-node,3158,3467,,79.0,43.7,
2026-09-01 02:58:09,node,ze-worker-node,2929,1916,,73.2,24.1,
2026-09-01 02:58:18,deployment,adservice,58,95,1,,,
2026-09-01 02:58:18,deployment,cartservice,212,75,2,,,
2026-09-01 02:58:18,deployment,checkoutservice,37,12,1,,,
2026-09-01 02:58:18,deployment,currencyservice,476,275,8,,,
2026-09-01 02:58:18,deployment,emailservice,18,40,1,,,
2026-09-01 02:58:18,deployment,frontend,770,129,13,,,
2026-09-01 02:58:18,http_p95_latency,frontend,,,,,,229.5
2026-09-01 02:58:18,deployment,paymentservice,11,32,1,,,
2026-09-01 02:58:18,deployment,productcatalogservice,404,50,7,,,
2026-09-01 02:58:18,deployment,recommendationservice,326,201,5,,,
2026-09-01 02:58:18,deployment,redis-cart,19,41,1,,,
2026-09-01 02:58:18,deployment,shippingservice,36,9,1,,,
2026-09-01 02:58:18,node,ze-master-node,3167,3464,,79.2,43.6,
2026-09-01 02:58:18,node,ze-worker-node,2794,1915,,69.8,24.1,
2026-09-01 02:58:25,deployment,adservice,57,95,1,,,
2026-09-01 02:58:25,deployment,cartservice,225,75,2,,,
2026-09-01 02:58:25,deployment,checkoutservice,40,12,1,,,
2026-09-01 02:58:25,deployment,currencyservice,481,275,8,,,
2026-09-01 02:58:25,deployment,emailservice,18,40,1,,,
2026-09-01 02:58:25,deployment,frontend,844,147,13,,,
2026-09-01 02:58:25,http_p95_latency,frontend,,,,,,229.5
2026-09-01 02:58:25,deployment,paymentservice,11,33,1,,,
2026-09-01 02:58:25,deployment,productcatalogservice,444,57,7,,,
2026-09-01 02:58:25,deployment,recommendationservice,326,201,5,,,
2026-09-01 02:58:25,deployment,redis-cart,19,41,1,,,
2026-09-01 02:58:25,deployment,shippingservice,36,9,1,,,
2026-09-01 02:58:25,node,ze-master-node,3167,3464,,79.2,43.6,
2026-09-01 02:58:25,node,ze-worker-node,2794,1915,,69.8,24.1,
2026-09-01 02:58:33,deployment,adservice,57,95,1,,,
2026-09-01 02:58:33,deployment,cartservice,225,75,2,,,
2026-09-01 02:58:33,deployment,checkoutservice,40,12,1,,,
2026-09-01 02:58:33,deployment,currencyservice,481,275,8,,,
2026-09-01 02:58:33,deployment,emailservice,18,40,1,,,
2026-09-01 02:58:33,deployment,frontend,854,149,13,,,
2026-09-01 02:58:33,http_p95_latency,frontend,,,,,,232.0
2026-09-01 02:58:33,deployment,paymentservice,13,32,1,,,
2026-09-01 02:58:33,deployment,productcatalogservice,435,56,7,,,
2026-09-01 02:58:33,deployment,recommendationservice,334,200,5,,,
2026-09-01 02:58:33,deployment,redis-cart,19,41,1,,,
2026-09-01 02:58:33,deployment,shippingservice,37,9,1,,,
2026-09-01 02:58:33,node,ze-master-node,3293,3423,,82.3,43.1,
2026-09-01 02:58:33,node,ze-worker-node,2858,1923,,71.5,24.2,
2026-09-01 02:58:40,deployment,adservice,60,95,1,,,
2026-09-01 02:58:40,deployment,cartservice,208,76,2,,,
2026-09-01 02:58:40,deployment,checkoutservice,43,12,1,,,
2026-09-01 02:58:40,deployment,currencyservice,499,278,8,,,
2026-09-01 02:58:40,deployment,emailservice,19,40,1,,,
2026-09-01 02:58:40,deployment,frontend,854,149,13,,,
2026-09-01 02:58:40,http_p95_latency,frontend,,,,,,240.5
2026-09-01 02:58:40,deployment,paymentservice,13,32,1,,,
2026-09-01 02:58:40,deployment,productcatalogservice,435,56,7,,,
2026-09-01 02:58:40,deployment,recommendationservice,334,200,6,,,
2026-09-01 02:58:40,deployment,redis-cart,19,41,1,,,
2026-09-01 02:58:40,deployment,shippingservice,37,9,1,,,
2026-09-01 02:58:40,node,ze-master-node,3293,3423,,82.3,43.1,
2026-09-01 02:58:40,node,ze-worker-node,2858,1923,,71.5,24.2,
2026-09-01 02:58:49,deployment,adservice,60,95,1,,,
2026-09-01 02:58:49,deployment,cartservice,208,76,2,,,
2026-09-01 02:58:49,deployment,checkoutservice,43,12,1,,,
2026-09-01 02:58:49,deployment,currencyservice,533,283,8,,,
2026-09-01 02:58:49,deployment,emailservice,23,40,1,,,
2026-09-01 02:58:49,deployment,frontend,920,149,13,,,
2026-09-01 02:58:49,http_p95_latency,frontend,,,,,,240.5
2026-09-01 02:58:49,deployment,paymentservice,14,33,1,,,
2026-09-01 02:58:49,deployment,productcatalogservice,476,56,7,,,
2026-09-01 02:58:49,deployment,recommendationservice,373,200,6,,,
2026-09-01 02:58:49,deployment,redis-cart,20,41,1,,,
2026-09-01 02:58:49,deployment,shippingservice,38,9,1,,,
2026-09-01 02:58:49,node,ze-master-node,3382,3419,,84.5,43.1,
2026-09-01 02:58:49,node,ze-worker-node,3198,1943,,80.0,24.5,
2026-09-01 02:58:55,deployment,adservice,63,95,1,,,
2026-09-01 02:58:55,deployment,cartservice,226,75,2,,,
2026-09-01 02:58:55,deployment,checkoutservice,45,12,1,,,
2026-09-01 02:58:55,deployment,currencyservice,533,283,9,,,
2026-09-01 02:58:55,deployment,emailservice,23,40,1,,,
2026-09-01 02:58:55,deployment,frontend,920,149,16,,,
2026-09-01 02:58:55,http_p95_latency,frontend,,,,,,302.2
2026-09-01 02:58:55,deployment,paymentservice,14,33,1,,,
2026-09-01 02:58:55,deployment,productcatalogservice,476,56,9,,,
2026-09-01 02:58:55,deployment,recommendationservice,373,200,6,,,
2026-09-01 02:58:55,deployment,redis-cart,20,41,1,,,
2026-09-01 02:58:55,deployment,shippingservice,38,9,1,,,
2026-09-01 02:58:55,node,ze-master-node,3382,3419,,84.5,43.1,
2026-09-01 02:58:55,node,ze-worker-node,3198,1943,,80.0,24.5,
2026-09-01 02:59:07,deployment,adservice,63,95,1,,,
2026-09-01 02:59:07,deployment,cartservice,210,75,2,,,
2026-09-01 02:59:07,deployment,checkoutservice,45,12,1,,,
2026-09-01 02:59:07,deployment,currencyservice,536,287,9,,,
2026-09-01 02:59:07,deployment,emailservice,17,40,1,,,
2026-09-01 02:59:07,deployment,frontend,866,151,16,,,
2026-09-01 02:59:07,http_p95_latency,frontend,,,,,,302.2
2026-09-01 02:59:07,deployment,paymentservice,15,30,1,,,
2026-09-01 02:59:07,deployment,productcatalogservice,454,58,9,,,
2026-09-01 02:59:07,deployment,recommendationservice,396,239,6,,,
2026-09-01 02:59:07,deployment,redis-cart,19,41,1,,,
2026-09-01 02:59:07,deployment,shippingservice,40,9,1,,,
2026-09-01 02:59:07,node,ze-master-node,3375,3431,,84.4,43.2,
2026-09-01 02:59:07,node,ze-worker-node,3142,2008,,78.5,25.3,
2026-09-01 02:59:16,deployment,adservice,63,95,1,,,
2026-09-01 02:59:16,deployment,cartservice,210,75,2,,,
2026-09-01 02:59:16,deployment,checkoutservice,45,12,1,,,
2026-09-01 02:59:16,deployment,currencyservice,536,287,9,,,
2026-09-01 02:59:16,deployment,emailservice,17,40,1,,,
2026-09-01 02:59:16,deployment,frontend,866,151,16,,,
2026-09-01 02:59:16,http_p95_latency,frontend,,,,,,420.2
2026-09-01 02:59:16,deployment,paymentservice,15,30,1,,,
2026-09-01 02:59:16,deployment,productcatalogservice,454,58,9,,,
2026-09-01 02:59:16,deployment,recommendationservice,396,239,6,,,
2026-09-01 02:59:16,deployment,redis-cart,19,41,1,,,
2026-09-01 02:59:16,deployment,shippingservice,40,9,1,,,
2026-09-01 02:59:16,node,ze-master-node,3375,3431,,84.4,43.2,
2026-09-01 02:59:16,node,ze-worker-node,3142,2008,,78.5,25.3,
2026-09-01 02:59:24,deployment,adservice,61,95,1,,,
2026-09-01 02:59:24,deployment,cartservice,218,76,2,,,
2026-09-01 02:59:24,deployment,checkoutservice,46,12,1,,,
2026-09-01 02:59:24,deployment,currencyservice,604,315,9,,,
2026-09-01 02:59:24,deployment,emailservice,18,40,1,,,
2026-09-01 02:59:24,deployment,frontend,895,178,16,,,
2026-09-01 02:59:24,http_p95_latency,frontend,,,,,,420.2
2026-09-01 02:59:24,deployment,paymentservice,12,30,1,,,
2026-09-01 02:59:24,deployment,productcatalogservice,511,73,9,,,
2026-09-01 02:59:24,deployment,recommendationservice,372,239,6,,,
2026-09-01 02:59:24,deployment,redis-cart,45,41,1,,,
2026-09-01 02:59:24,deployment,shippingservice,40,9,1,,,
2026-09-01 02:59:24,node,ze-master-node,3559,3551,,89.0,44.7,
2026-09-01 02:59:24,node,ze-worker-node,3207,2019,,80.2,25.4,
2026-09-01 02:59:32,deployment,adservice,61,95,1,,,
2026-09-01 02:59:32,deployment,cartservice,218,76,2,,,
2026-09-01 02:59:32,deployment,checkoutservice,46,12,1,,,
2026-09-01 02:59:32,deployment,currencyservice,604,315,9,,,
2026-09-01 02:59:32,deployment,emailservice,18,40,1,,,
2026-09-01 02:59:32,deployment,frontend,895,178,16,,,
2026-09-01 02:59:32,http_p95_latency,frontend,,,,,,414.9
2026-09-01 02:59:32,deployment,paymentservice,12,30,1,,,
2026-09-01 02:59:32,deployment,productcatalogservice,511,73,9,,,
2026-09-01 02:59:32,deployment,recommendationservice,372,239,6,,,
2026-09-01 02:59:32,deployment,redis-cart,45,41,1,,,
2026-09-01 02:59:32,deployment,shippingservice,38,9,1,,,
2026-09-01 02:59:32,node,ze-master-node,3443,3550,,86.1,44.7,
2026-09-01 02:59:32,node,ze-worker-node,3069,1998,,76.7,25.2,
2026-09-01 02:59:41,deployment,adservice,64,95,1,,,
2026-09-01 02:59:41,deployment,cartservice,226,76,2,,,
2026-09-01 02:59:41,deployment,checkoutservice,46,12,1,,,
2026-09-01 02:59:41,deployment,currencyservice,610,313,11,,,
2026-09-01 02:59:41,deployment,emailservice,20,40,1,,,
2026-09-01 02:59:41,deployment,frontend,925,181,16,,,
2026-09-01 02:59:41,http_p95_latency,frontend,,,,,,439.0
2026-09-01 02:59:41,deployment,paymentservice,15,30,1,,,
2026-09-01 02:59:41,deployment,productcatalogservice,504,74,9,,,
2026-09-01 02:59:41,deployment,recommendationservice,384,239,6,,,
2026-09-01 02:59:41,deployment,redis-cart,21,41,1,,,
2026-09-01 02:59:41,deployment,shippingservice,38,9,1,,,
2026-09-01 02:59:41,node,ze-master-node,3443,3550,,86.1,44.7,
2026-09-01 02:59:41,node,ze-worker-node,3069,1998,,76.7,25.2,
2026-09-01 02:59:50,deployment,adservice,61,95,1,,,
2026-09-01 02:59:50,deployment,cartservice,206,78,2,,,
2026-09-01 02:59:50,deployment,checkoutservice,51,12,1,,,
2026-09-01 02:59:50,deployment,currencyservice,595,319,11,,,
2026-09-01 02:59:50,deployment,emailservice,18,40,1,,,
2026-09-01 02:59:50,deployment,frontend,870,184,16,,,
2026-09-01 02:59:50,http_p95_latency,frontend,,,,,,439.0
2026-09-01 02:59:50,deployment,paymentservice,11,30,1,,,
2026-09-01 02:59:50,deployment,productcatalogservice,479,73,9,,,
2026-09-01 02:59:50,deployment,recommendationservice,361,239,6,,,
2026-09-01 02:59:50,deployment,redis-cart,18,41,1,,,
2026-09-01 02:59:50,deployment,shippingservice,38,9,1,,,
2026-09-01 02:59:50,node,ze-master-node,3557,3572,,88.9,45.0,
2026-09-01 02:59:50,node,ze-worker-node,2964,2023,,74.1,25.5,
2026-09-01 03:00:02,deployment,adservice,61,95,1,,,
2026-09-01 03:00:02,deployment,cartservice,206,78,2,,,
2026-09-01 03:00:02,deployment,checkoutservice,51,12,1,,,
2026-09-01 03:00:02,deployment,currencyservice,698,371,11,,,
2026-09-01 03:00:02,deployment,emailservice,19,40,1,,,
2026-09-01 03:00:02,deployment,frontend,892,184,16,,,
2026-09-01 03:00:02,http_p95_latency,frontend,,,,,,364.4
2026-09-01 03:00:02,deployment,paymentservice,13,31,1,,,
2026-09-01 03:00:02,deployment,productcatalogservice,475,77,9,,,
2026-09-01 03:00:02,deployment,recommendationservice,365,239,6,,,
2026-09-01 03:00:02,deployment,redis-cart,20,41,1,,,
2026-09-01 03:00:02,deployment,shippingservice,36,9,1,,,
2026-09-01 03:00:02,node,ze-master-node,3388,3573,,84.7,45.0,
2026-09-01 03:00:02,node,ze-worker-node,3020,2034,,75.5,25.6,
2026-09-01 03:00:13,deployment,adservice,66,95,1,,,
2026-09-01 03:00:13,deployment,cartservice,227,76,2,,,
2026-09-01 03:00:13,deployment,checkoutservice,43,12,1,,,
2026-09-01 03:00:13,deployment,currencyservice,698,371,11,,,
2026-09-01 03:00:13,deployment,emailservice,19,40,1,,,
2026-09-01 03:00:13,deployment,frontend,892,184,16,,,
2026-09-01 03:00:13,http_p95_latency,frontend,,,,,,442.6
2026-09-01 03:00:13,deployment,paymentservice,13,31,1,,,
2026-09-01 03:00:13,deployment,productcatalogservice,475,77,9,,,
2026-09-01 03:00:13,deployment,recommendationservice,365,239,6,,,
2026-09-01 03:00:13,deployment,redis-cart,20,41,1,,,
2026-09-01 03:00:13,deployment,shippingservice,36,9,1,,,
2026-09-01 03:00:13,node,ze-master-node,3698,3781,,92.5,47.6,
2026-09-01 03:00:13,node,ze-worker-node,3132,2037,,78.3,25.7,
2026-09-01 03:00:24,deployment,adservice,65,95,1,,,
2026-09-01 03:00:24,deployment,cartservice,250,76,2,,,
2026-09-01 03:00:24,deployment,checkoutservice,47,11,1,,,
2026-09-01 03:00:24,deployment,currencyservice,676,375,11,,,
2026-09-01 03:00:24,deployment,emailservice,21,40,1,,,
2026-09-01 03:00:24,deployment,frontend,884,185,16,,,
2026-09-01 03:00:24,http_p95_latency,frontend,,,,,,432.5
2026-09-01 03:00:24,deployment,paymentservice,15,30,1,,,
2026-09-01 03:00:24,deployment,productcatalogservice,489,72,9,,,
2026-09-01 03:00:24,deployment,recommendationservice,372,239,6,,,
2026-09-01 03:00:24,deployment,redis-cart,20,41,1,,,
2026-09-01 03:00:24,deployment,shippingservice,41,9,1,,,
2026-09-01 03:00:24,node,ze-master-node,3698,3781,,92.5,47.6,
2026-09-01 03:00:24,node,ze-worker-node,3132,2037,,78.3,25.7,
2026-09-01 03:00:33,deployment,adservice,65,95,1,,,
2026-09-01 03:00:33,deployment,cartservice,199,77,2,,,
2026-09-01 03:00:33,deployment,checkoutservice,47,12,1,,,
2026-09-01 03:00:33,deployment,currencyservice,656,382,11,,,
2026-09-01 03:00:33,deployment,emailservice,20,40,1,,,
2026-09-01 03:00:33,deployment,frontend,847,186,16,,,
2026-09-01 03:00:33,http_p95_latency,frontend,,,,,,490.4
2026-09-01 03:00:33,deployment,paymentservice,13,30,1,,,
2026-09-01 03:00:33,deployment,productcatalogservice,467,75,9,,,
2026-09-01 03:00:33,deployment,recommendationservice,371,239,6,,,
2026-09-01 03:00:33,deployment,redis-cart,19,41,1,,,
2026-09-01 03:00:33,deployment,shippingservice,37,9,1,,,
2026-09-01 03:00:33,node,ze-master-node,3623,3890,,90.6,49.0,
2026-09-01 03:00:33,node,ze-worker-node,2964,2046,,74.1,25.8,
2026-09-01 03:00:41,deployment,adservice,61,95,1,,,
2026-09-01 03:00:41,deployment,cartservice,199,77,2,,,
2026-09-01 03:00:41,deployment,checkoutservice,47,12,1,,,
2026-09-01 03:00:41,deployment,currencyservice,656,382,11,,,
2026-09-01 03:00:41,deployment,emailservice,20,40,1,,,
2026-09-01 03:00:41,deployment,frontend,847,186,16,,,
2026-09-01 03:00:41,http_p95_latency,frontend,,,,,,509.2
2026-09-01 03:00:41,deployment,paymentservice,13,30,1,,,
2026-09-01 03:00:41,deployment,productcatalogservice,467,75,9,,,
2026-09-01 03:00:41,deployment,recommendationservice,371,239,6,,,
2026-09-01 03:00:41,deployment,redis-cart,19,41,1,,,
2026-09-01 03:00:41,deployment,shippingservice,37,9,1,,,
2026-09-01 03:00:41,node,ze-master-node,3623,3890,,90.6,49.0,
2026-09-01 03:00:41,node,ze-worker-node,2964,2046,,74.1,25.8,
2026-09-01 03:00:51,deployment,adservice,61,95,1,,,
2026-09-01 03:00:51,deployment,cartservice,210,77,2,,,
2026-09-01 03:00:51,deployment,checkoutservice,42,12,1,,,
2026-09-01 03:00:51,deployment,currencyservice,621,384,11,,,
2026-09-01 03:00:51,deployment,emailservice,17,40,1,,,
2026-09-01 03:00:51,deployment,frontend,802,184,16,,,
2026-09-01 03:00:51,http_p95_latency,frontend,,,,,,509.2
2026-09-01 03:00:51,deployment,paymentservice,13,30,1,,,
2026-09-01 03:00:51,deployment,productcatalogservice,449,72,9,,,
2026-09-01 03:00:51,deployment,recommendationservice,339,239,6,,,
2026-09-01 03:00:51,deployment,redis-cart,18,41,1,,,
2026-09-01 03:00:51,deployment,shippingservice,35,9,1,,,
2026-09-01 03:00:51,node,ze-master-node,3413,3942,,85.3,49.6,
2026-09-01 03:00:51,node,ze-worker-node,2838,2038,,71.0,25.7,
2026-09-01 03:01:00,deployment,adservice,61,95,1,,,
2026-09-01 03:01:00,deployment,cartservice,210,77,2,,,
2026-09-01 03:01:00,deployment,checkoutservice,42,12,1,,,
2026-09-01 03:01:00,deployment,currencyservice,621,384,11,,,
2026-09-01 03:01:00,deployment,emailservice,17,40,1,,,
2026-09-01 03:01:00,deployment,frontend,802,184,16,,,
2026-09-01 03:01:00,http_p95_latency,frontend,,,,,,585.8
2026-09-01 03:01:00,deployment,paymentservice,13,30,1,,,
2026-09-01 03:01:00,deployment,productcatalogservice,449,72,9,,,
2026-09-01 03:01:00,deployment,recommendationservice,339,239,6,,,
2026-09-01 03:01:00,deployment,redis-cart,18,41,1,,,
2026-09-01 03:01:00,deployment,shippingservice,35,9,1,,,
2026-09-01 03:01:00,node,ze-master-node,3413,3942,,85.3,49.6,
2026-09-01 03:01:00,node,ze-worker-node,2838,2038,,71.0,25.7,
2026-09-01 03:01:08,deployment,adservice,56,95,1,,,
2026-09-01 03:01:08,deployment,cartservice,180,76,2,,,
2026-09-01 03:01:08,deployment,checkoutservice,44,12,1,,,
2026-09-01 03:01:08,deployment,currencyservice,596,382,11,,,
2026-09-01 03:01:08,deployment,emailservice,19,40,1,,,
2026-09-01 03:01:08,deployment,frontend,797,187,16,,,
2026-09-01 03:01:08,http_p95_latency,frontend,,,,,,585.8
2026-09-01 03:01:08,deployment,paymentservice,13,30,1,,,
2026-09-01 03:01:08,deployment,productcatalogservice,452,73,9,,,
2026-09-01 03:01:08,deployment,recommendationservice,344,239,6,,,
2026-09-01 03:01:08,deployment,redis-cart,19,41,1,,,
2026-09-01 03:01:08,deployment,shippingservice,36,9,1,,,
2026-09-01 03:01:08,node,ze-master-node,3231,3933,,80.8,49.5,
2026-09-01 03:01:08,node,ze-worker-node,2814,2045,,70.3,25.8,
2026-09-01 03:01:18,deployment,adservice,56,95,1,,,
2026-09-01 03:01:18,deployment,cartservice,180,76,2,,,
2026-09-01 03:01:18,deployment,checkoutservice,43,12,1,,,
2026-09-01 03:01:18,deployment,currencyservice,581,384,11,,,
2026-09-01 03:01:18,deployment,emailservice,22,40,1,,,
2026-09-01 03:01:18,deployment,frontend,879,187,16,,,
2026-09-01 03:01:18,http_p95_latency,frontend,,,,,,489.1
2026-09-01 03:01:18,deployment,paymentservice,12,30,1,,,
2026-09-01 03:01:18,deployment,productcatalogservice,472,74,9,,,
2026-09-01 03:01:18,deployment,recommendationservice,353,239,6,,,
2026-09-01 03:01:18,deployment,redis-cart,56,41,1,,,
2026-09-01 03:01:18,deployment,shippingservice,35,9,1,,,
2026-09-01 03:01:18,node,ze-master-node,3270,3937,,81.8,49.6,
2026-09-01 03:01:18,node,ze-worker-node,3224,2051,,80.6,25.8,
2026-09-01 03:01:25,deployment,adservice,61,95,1,,,
2026-09-01 03:01:25,deployment,cartservice,188,76,2,,,
2026-09-01 03:01:25,deployment,checkoutservice,43,12,1,,,
2026-09-01 03:01:25,deployment,currencyservice,581,384,11,,,
2026-09-01 03:01:25,deployment,emailservice,22,40,1,,,
2026-09-01 03:01:25,deployment,frontend,879,187,16,,,
2026-09-01 03:01:25,http_p95_latency,frontend,,,,,,489.1
2026-09-01 03:01:25,deployment,paymentservice,12,30,1,,,
2026-09-01 03:01:25,deployment,productcatalogservice,472,74,9,,,
2026-09-01 03:01:25,deployment,recommendationservice,353,239,6,,,
2026-09-01 03:01:25,deployment,redis-cart,56,41,1,,,
2026-09-01 03:01:25,deployment,shippingservice,35,9,1,,,
2026-09-01 03:01:25,node,ze-master-node,3270,3937,,81.8,49.6,
2026-09-01 03:01:25,node,ze-worker-node,3224,2051,,80.6,25.8,
2026-09-01 03:01:33,deployment,adservice,61,95,1,,,
2026-09-01 03:01:33,deployment,cartservice,188,76,2,,,
2026-09-01 03:01:33,deployment,checkoutservice,43,12,1,,,
2026-09-01 03:01:33,deployment,currencyservice,581,384,11,,,
2026-09-01 03:01:33,deployment,emailservice,22,40,1,,,
2026-09-01 03:01:33,deployment,frontend,879,187,16,,,
2026-09-01 03:01:33,http_p95_latency,frontend,,,,,,469.0
2026-09-01 03:01:33,deployment,paymentservice,12,30,1,,,
2026-09-01 03:01:33,deployment,productcatalogservice,472,74,9,,,
2026-09-01 03:01:33,deployment,recommendationservice,342,239,6,,,
2026-09-01 03:01:33,deployment,redis-cart,20,41,1,,,
2026-09-01 03:01:33,deployment,shippingservice,33,9,1,,,
2026-09-01 03:01:33,node,ze-master-node,3014,3939,,75.3,49.6,
2026-09-01 03:01:33,node,ze-worker-node,2742,2036,,68.5,25.6,
2026-09-01 03:01:40,deployment,adservice,54,95,1,,,
2026-09-01 03:01:40,deployment,cartservice,190,76,2,,,
2026-09-01 03:01:40,deployment,checkoutservice,36,12,1,,,
2026-09-01 03:01:40,deployment,currencyservice,535,390,11,,,
2026-09-01 03:01:40,deployment,emailservice,15,40,1,,,
2026-09-01 03:01:40,deployment,frontend,794,187,16,,,
2026-09-01 03:01:40,http_p95_latency,frontend,,,,,,469.0
2026-09-01 03:01:40,deployment,paymentservice,11,30,1,,,
2026-09-01 03:01:40,deployment,productcatalogservice,456,74,9,,,
2026-09-01 03:01:40,deployment,recommendationservice,342,239,6,,,
2026-09-01 03:01:40,deployment,redis-cart,20,41,1,,,
2026-09-01 03:01:40,deployment,shippingservice,33,9,1,,,
2026-09-01 03:01:40,node,ze-master-node,3014,3939,,75.3,49.6,
2026-09-01 03:01:40,node,ze-worker-node,2742,2036,,68.5,25.6,
2026-09-01 03:01:47,deployment,adservice,54,95,1,,,
2026-09-01 03:01:47,deployment,cartservice,190,76,2,,,
2026-09-01 03:01:47,deployment,checkoutservice,36,12,1,,,
2026-09-01 03:01:47,deployment,currencyservice,535,390,11,,,
2026-09-01 03:01:47,deployment,emailservice,15,40,1,,,
2026-09-01 03:01:47,deployment,frontend,794,187,16,,,
2026-09-01 03:01:47,http_p95_latency,frontend,,,,,,526.6
2026-09-01 03:01:47,deployment,paymentservice,9,30,1,,,
2026-09-01 03:01:47,deployment,productcatalogservice,392,73,9,,,
2026-09-01 03:01:47,deployment,recommendationservice,291,239,6,,,
2026-09-01 03:01:47,deployment,redis-cart,15,41,1,,,
2026-09-01 03:01:47,deployment,shippingservice,28,9,1,,,
2026-09-01 03:01:47,node,ze-master-node,2831,3923,,70.8,49.4,
2026-09-01 03:01:47,node,ze-worker-node,2500,2021,,62.5,25.5,
2026-09-01 03:01:55,deployment,adservice,50,95,1,,,
2026-09-01 03:01:55,deployment,cartservice,165,77,2,,,
2026-09-01 03:01:55,deployment,checkoutservice,28,12,1,,,
2026-09-01 03:01:55,deployment,currencyservice,514,335,11,,,
2026-09-01 03:01:55,deployment,emailservice,14,40,1,,,
2026-09-01 03:01:55,deployment,frontend,691,186,16,,,
2026-09-01 03:01:55,http_p95_latency,frontend,,,,,,526.6
2026-09-01 03:01:55,deployment,paymentservice,9,30,1,,,
2026-09-01 03:01:55,deployment,productcatalogservice,392,73,9,,,
2026-09-01 03:01:55,deployment,recommendationservice,291,239,6,,,
2026-09-01 03:01:55,deployment,redis-cart,15,41,1,,,
2026-09-01 03:01:55,deployment,shippingservice,28,9,1,,,
2026-09-01 03:01:55,node,ze-master-node,2831,3923,,70.8,49.4,
2026-09-01 03:01:55,node,ze-worker-node,2500,2021,,62.5,25.5,
2026-09-01 03:02:02,deployment,adservice,50,95,1,,,
2026-09-01 03:02:02,deployment,cartservice,165,77,2,,,
2026-09-01 03:02:02,deployment,checkoutservice,28,12,1,,,
2026-09-01 03:02:02,deployment,currencyservice,514,335,11,,,
2026-09-01 03:02:02,deployment,emailservice,14,40,1,,,
2026-09-01 03:02:02,deployment,frontend,691,186,16,,,
2026-09-01 03:02:02,http_p95_latency,frontend,,,,,,433.1
2026-09-01 03:02:02,deployment,paymentservice,9,30,1,,,
2026-09-01 03:02:02,deployment,productcatalogservice,392,73,9,,,
2026-09-01 03:02:02,deployment,recommendationservice,291,239,6,,,
2026-09-01 03:02:02,deployment,redis-cart,15,41,1,,,
2026-09-01 03:02:02,deployment,shippingservice,28,9,1,,,
2026-09-01 03:02:02,node,ze-master-node,2740,3927,,68.5,49.5,
2026-09-01 03:02:02,node,ze-worker-node,2615,2020,,65.4,25.4,
2026-09-01 03:02:09,deployment,adservice,51,95,1,,,
2026-09-01 03:02:09,deployment,cartservice,193,77,2,,,
2026-09-01 03:02:09,deployment,checkoutservice,39,12,1,,,
2026-09-01 03:02:09,deployment,currencyservice,494,342,11,,,
2026-09-01 03:02:09,deployment,emailservice,18,40,1,,,
2026-09-01 03:02:09,deployment,frontend,674,188,16,,,
2026-09-01 03:02:09,http_p95_latency,frontend,,,,,,433.1
2026-09-01 03:02:09,deployment,paymentservice,9,31,1,,,
2026-09-01 03:02:09,deployment,productcatalogservice,393,73,9,,,
2026-09-01 03:02:09,deployment,recommendationservice,288,239,6,,,
2026-09-01 03:02:09,deployment,redis-cart,17,41,1,,,
2026-09-01 03:02:09,deployment,shippingservice,33,9,1,,,
2026-09-01 03:02:09,node,ze-master-node,2740,3927,,68.5,49.5,
2026-09-01 03:02:09,node,ze-worker-node,2615,2020,,65.4,25.4,
2026-09-01 03:02:16,deployment,adservice,51,95,1,,,
2026-09-01 03:02:16,deployment,cartservice,193,77,2,,,
2026-09-01 03:02:16,deployment,checkoutservice,39,12,1,,,
2026-09-01 03:02:16,deployment,currencyservice,494,342,11,,,
2026-09-01 03:02:16,deployment,emailservice,18,40,1,,,
2026-09-01 03:02:16,deployment,frontend,674,188,16,,,
2026-09-01 03:02:16,http_p95_latency,frontend,,,,,,473.6
2026-09-01 03:02:16,deployment,paymentservice,9,31,1,,,
2026-09-01 03:02:16,deployment,productcatalogservice,393,73,9,,,
2026-09-01 03:02:16,deployment,recommendationservice,288,239,6,,,
2026-09-01 03:02:16,deployment,redis-cart,17,41,1,,,
2026-09-01 03:02:16,deployment,shippingservice,33,9,1,,,
2026-09-01 03:02:16,node,ze-master-node,2740,3927,,68.5,49.5,
2026-09-01 03:02:16,node,ze-worker-node,2615,2020,,65.4,25.4,
2026-09-01 03:02:23,deployment,adservice,51,95,1,,,
2026-09-01 03:02:23,deployment,cartservice,189,76,2,,,
2026-09-01 03:02:23,deployment,checkoutservice,36,12,1,,,
2026-09-01 03:02:23,deployment,currencyservice,484,350,11,,,
2026-09-01 03:02:23,deployment,emailservice,15,40,1,,,
2026-09-01 03:02:23,deployment,frontend,718,187,16,,,
2026-09-01 03:02:23,http_p95_latency,frontend,,,,,,473.6
2026-09-01 03:02:23,deployment,paymentservice,9,31,1,,,
2026-09-01 03:02:23,deployment,productcatalogservice,412,73,9,,,
2026-09-01 03:02:23,deployment,recommendationservice,296,239,6,,,
2026-09-01 03:02:23,deployment,redis-cart,18,41,1,,,
2026-09-01 03:02:23,deployment,shippingservice,29,9,1,,,
2026-09-01 03:02:23,node,ze-master-node,2795,3935,,69.9,49.6,
2026-09-01 03:02:23,node,ze-worker-node,2639,2026,,66.0,25.5,
2026-09-01 03:02:30,deployment,adservice,51,95,1,,,
2026-09-01 03:02:30,deployment,cartservice,189,76,2,,,
2026-09-01 03:02:30,deployment,checkoutservice,36,12,1,,,
2026-09-01 03:02:30,deployment,currencyservice,484,350,11,,,
2026-09-01 03:02:30,deployment,emailservice,15,40,1,,,
2026-09-01 03:02:30,deployment,frontend,718,187,16,,,
2026-09-01 03:02:30,http_p95_latency,frontend,,,,,,225.2
2026-09-01 03:02:30,deployment,paymentservice,9,31,1,,,
2026-09-01 03:02:30,deployment,productcatalogservice,412,73,9,,,
2026-09-01 03:02:30,deployment,recommendationservice,296,239,6,,,
2026-09-01 03:02:30,deployment,redis-cart,18,41,1,,,
2026-09-01 03:02:30,deployment,shippingservice,29,9,1,,,
2026-09-01 03:02:30,node,ze-master-node,2795,3935,,69.9,49.6,
2026-09-01 03:02:30,node,ze-worker-node,2639,2026,,66.0,25.5,
2026-09-01 03:02:38,deployment,adservice,51,95,1,,,
2026-09-01 03:02:38,deployment,cartservice,220,76,2,,,
2026-09-01 03:02:38,deployment,checkoutservice,35,12,1,,,
2026-09-01 03:02:38,deployment,currencyservice,483,360,11,,,
2026-09-01 03:02:38,deployment,emailservice,18,40,1,,,
2026-09-01 03:02:38,deployment,frontend,698,187,16,,,
2026-09-01 03:02:38,http_p95_latency,frontend,,,,,,225.2
2026-09-01 03:02:38,deployment,paymentservice,11,30,1,,,
2026-09-01 03:02:38,deployment,productcatalogservice,388,75,9,,,
2026-09-01 03:02:38,deployment,recommendationservice,294,239,6,,,
2026-09-01 03:02:38,deployment,redis-cart,18,41,1,,,
2026-09-01 03:02:38,deployment,shippingservice,31,9,1,,,
2026-09-01 03:02:38,node,ze-master-node,2965,3873,,74.1,48.8,
2026-09-01 03:02:38,node,ze-worker-node,2570,2029,,64.2,25.6,
2026-09-01 03:02:45,deployment,adservice,51,95,1,,,
2026-09-01 03:02:45,deployment,cartservice,220,76,2,,,
2026-09-01 03:02:45,deployment,checkoutservice,35,12,1,,,
2026-09-01 03:02:45,deployment,currencyservice,483,360,11,,,
2026-09-01 03:02:45,deployment,emailservice,18,40,1,,,
2026-09-01 03:02:45,deployment,frontend,698,187,16,,,
2026-09-01 03:02:45,http_p95_latency,frontend,,,,,,211.8
2026-09-01 03:02:45,deployment,paymentservice,11,30,1,,,
2026-09-01 03:02:45,deployment,productcatalogservice,388,75,9,,,
2026-09-01 03:02:45,deployment,recommendationservice,294,239,6,,,
2026-09-01 03:02:45,deployment,redis-cart,18,41,1,,,
2026-09-01 03:02:45,deployment,shippingservice,31,9,1,,,
2026-09-01 03:02:45,node,ze-master-node,2965,3873,,74.1,48.8,
2026-09-01 03:02:45,node,ze-worker-node,2570,2029,,64.2,25.6,
2026-09-01 03:02:53,deployment,adservice,50,95,1,,,
2026-09-01 03:02:53,deployment,cartservice,167,76,2,,,
2026-09-01 03:02:53,deployment,checkoutservice,31,12,1,,,
2026-09-01 03:02:53,deployment,currencyservice,459,355,11,,,
2026-09-01 03:02:53,deployment,emailservice,17,40,1,,,
2026-09-01 03:02:53,deployment,frontend,658,188,16,,,
2026-09-01 03:02:53,http_p95_latency,frontend,,,,,,211.8
2026-09-01 03:02:53,deployment,paymentservice,9,30,1,,,
2026-09-01 03:02:53,deployment,productcatalogservice,390,73,9,,,
2026-09-01 03:02:53,deployment,recommendationservice,287,239,6,,,
2026-09-01 03:02:53,deployment,redis-cart,18,41,1,,,
2026-09-01 03:02:53,deployment,shippingservice,27,9,1,,,
2026-09-01 03:02:53,node,ze-master-node,2689,3870,,67.2,48.7,
2026-09-01 03:02:53,node,ze-worker-node,2574,2028,,64.3,25.5,
2026-09-01 03:02:59,deployment,adservice,50,95,1,,,
2026-09-01 03:02:59,deployment,cartservice,167,76,2,,,
2026-09-01 03:02:59,deployment,checkoutservice,31,12,1,,,
2026-09-01 03:02:59,deployment,currencyservice,459,355,11,,,
2026-09-01 03:02:59,deployment,emailservice,17,40,1,,,
2026-09-01 03:02:59,deployment,frontend,658,188,16,,,
2026-09-01 03:02:59,http_p95_latency,frontend,,,,,,201.9
2026-09-01 03:02:59,deployment,paymentservice,9,30,1,,,
2026-09-01 03:02:59,deployment,productcatalogservice,390,73,9,,,
2026-09-01 03:02:59,deployment,recommendationservice,287,239,6,,,
2026-09-01 03:02:59,deployment,redis-cart,18,41,1,,,
2026-09-01 03:02:59,deployment,shippingservice,27,9,1,,,
2026-09-01 03:02:59,node,ze-master-node,2689,3870,,67.2,48.7,
2026-09-01 03:02:59,node,ze-worker-node,2574,2028,,64.3,25.5,
2026-09-01 03:03:05,deployment,adservice,51,95,1,,,
2026-09-01 03:03:05,deployment,cartservice,175,76,2,,,
2026-09-01 03:03:05,deployment,checkoutservice,26,12,1,,,
2026-09-01 03:03:05,deployment,currencyservice,477,362,11,,,
2026-09-01 03:03:05,deployment,emailservice,16,40,1,,,
2026-09-01 03:03:05,deployment,frontend,678,188,16,,,
2026-09-01 03:03:05,http_p95_latency,frontend,,,,,,201.9
2026-09-01 03:03:05,deployment,paymentservice,9,30,1,,,
2026-09-01 03:03:05,deployment,productcatalogservice,392,73,9,,,
2026-09-01 03:03:05,deployment,recommendationservice,303,239,6,,,
2026-09-01 03:03:05,deployment,redis-cart,18,41,1,,,
2026-09-01 03:03:05,deployment,shippingservice,25,9,1,,,
2026-09-01 03:03:05,node,ze-master-node,2620,3877,,65.5,48.8,
2026-09-01 03:03:05,node,ze-worker-node,2613,2046,,65.3,25.8,
2026-09-01 03:03:13,deployment,adservice,51,95,1,,,
2026-09-01 03:03:13,deployment,cartservice,175,76,2,,,
2026-09-01 03:03:13,deployment,checkoutservice,26,12,1,,,
2026-09-01 03:03:13,deployment,currencyservice,477,362,11,,,
2026-09-01 03:03:13,deployment,emailservice,16,40,1,,,
2026-09-01 03:03:13,deployment,frontend,678,188,16,,,
2026-09-01 03:03:13,http_p95_latency,frontend,,,,,,221.0
2026-09-01 03:03:13,deployment,paymentservice,9,30,1,,,
2026-09-01 03:03:13,deployment,productcatalogservice,392,73,9,,,
2026-09-01 03:03:13,deployment,recommendationservice,303,239,6,,,
2026-09-01 03:03:13,deployment,redis-cart,18,41,1,,,
2026-09-01 03:03:13,deployment,shippingservice,25,9,1,,,
2026-09-01 03:03:13,node,ze-master-node,2620,3877,,65.5,48.8,
2026-09-01 03:03:13,node,ze-worker-node,2613,2046,,65.3,25.8,
2026-09-01 03:03:19,deployment,adservice,53,95,1,,,
2026-09-01 03:03:19,deployment,cartservice,160,76,2,,,
2026-09-01 03:03:19,deployment,checkoutservice,31,12,1,,,
2026-09-01 03:03:19,deployment,currencyservice,469,367,11,,,
2026-09-01 03:03:19,deployment,emailservice,14,40,1,,,
2026-09-01 03:03:19,deployment,frontend,661,188,16,,,
2026-09-01 03:03:19,http_p95_latency,frontend,,,,,,221.0
2026-09-01 03:03:19,deployment,paymentservice,10,30,1,,,
2026-09-01 03:03:19,deployment,productcatalogservice,388,74,9,,,
2026-09-01 03:03:19,deployment,recommendationservice,292,239,6,,,
2026-09-01 03:03:19,deployment,redis-cart,17,41,1,,,
2026-09-01 03:03:19,deployment,shippingservice,26,9,1,,,
2026-09-01 03:03:19,node,ze-master-node,2669,3870,,66.7,48.7,
2026-09-01 03:03:19,node,ze-worker-node,2565,2036,,64.1,25.6,
2026-09-01 03:03:27,deployment,adservice,53,95,1,,,
2026-09-01 03:03:27,deployment,cartservice,160,76,2,,,
2026-09-01 03:03:27,deployment,checkoutservice,31,12,1,,,
2026-09-01 03:03:27,deployment,currencyservice,469,367,11,,,
2026-09-01 03:03:27,deployment,emailservice,14,40,1,,,
2026-09-01 03:03:27,deployment,frontend,661,188,16,,,
2026-09-01 03:03:27,http_p95_latency,frontend,,,,,,220.7
2026-09-01 03:03:27,deployment,paymentservice,10,30,1,,,
2026-09-01 03:03:27,deployment,productcatalogservice,388,74,9,,,
2026-09-01 03:03:27,deployment,recommendationservice,292,239,6,,,
2026-09-01 03:03:27,deployment,redis-cart,17,41,1,,,
2026-09-01 03:03:27,deployment,shippingservice,26,9,1,,,
2026-09-01 03:03:27,node,ze-master-node,2669,3870,,66.7,48.7,
2026-09-01 03:03:27,node,ze-worker-node,2565,2036,,64.1,25.6,
2026-09-01 03:03:34,deployment,adservice,50,95,1,,,
2026-09-01 03:03:34,deployment,cartservice,198,76,2,,,
2026-09-01 03:03:34,deployment,checkoutservice,27,12,1,,,
2026-09-01 03:03:34,deployment,currencyservice,489,357,11,,,
2026-09-01 03:03:34,deployment,emailservice,15,40,1,,,
2026-09-01 03:03:34,deployment,frontend,620,188,16,,,
2026-09-01 03:03:34,http_p95_latency,frontend,,,,,,220.7
2026-09-01 03:03:34,deployment,paymentservice,9,30,1,,,
2026-09-01 03:03:34,deployment,productcatalogservice,364,72,9,,,
2026-09-01 03:03:34,deployment,recommendationservice,273,239,6,,,
2026-09-01 03:03:34,deployment,redis-cart,16,41,1,,,
2026-09-01 03:03:34,deployment,shippingservice,26,9,1,,,
2026-09-01 03:03:34,node,ze-master-node,2605,3873,,65.1,48.8,
2026-09-01 03:03:34,node,ze-worker-node,2429,2039,,60.7,25.7,
2026-09-01 03:03:40,deployment,adservice,50,95,1,,,
2026-09-01 03:03:40,deployment,cartservice,198,76,2,,,
2026-09-01 03:03:40,deployment,checkoutservice,27,12,1,,,
2026-09-01 03:03:40,deployment,currencyservice,489,357,11,,,
2026-09-01 03:03:40,deployment,emailservice,15,40,1,,,
2026-09-01 03:03:40,deployment,frontend,620,188,16,,,
2026-09-01 03:03:40,http_p95_latency,frontend,,,,,,220.7
2026-09-01 03:03:40,deployment,paymentservice,9,30,1,,,
2026-09-01 03:03:40,deployment,productcatalogservice,364,72,9,,,
2026-09-01 03:03:40,deployment,recommendationservice,273,239,6,,,
2026-09-01 03:03:40,deployment,redis-cart,16,41,1,,,
2026-09-01 03:03:40,deployment,shippingservice,26,9,1,,,
2026-09-01 03:03:40,node,ze-master-node,2605,3873,,65.1,48.8,
2026-09-01 03:03:40,node,ze-worker-node,2429,2039,,60.7,25.7,
2026-09-01 03:03:48,deployment,adservice,50,95,1,,,
2026-09-01 03:03:48,deployment,cartservice,160,77,2,,,
2026-09-01 03:03:48,deployment,checkoutservice,21,12,1,,,
2026-09-01 03:03:48,deployment,currencyservice,466,358,11,,,
2026-09-01 03:03:48,deployment,emailservice,13,40,1,,,
2026-09-01 03:03:48,deployment,frontend,571,188,16,,,
2026-09-01 03:03:48,http_p95_latency,frontend,,,,,,230.3
2026-09-01 03:03:48,deployment,paymentservice,7,30,1,,,
2026-09-01 03:03:48,deployment,productcatalogservice,346,72,9,,,
2026-09-01 03:03:48,deployment,recommendationservice,255,239,6,,,
2026-09-01 03:03:48,deployment,redis-cart,16,41,1,,,
2026-09-01 03:03:48,deployment,shippingservice,24,9,1,,,
2026-09-01 03:03:48,node,ze-master-node,2471,3865,,61.8,48.7,
2026-09-01 03:03:48,node,ze-worker-node,2368,2042,,59.2,25.7,
2026-09-01 03:03:55,deployment,adservice,43,95,1,,,
2026-09-01 03:03:55,deployment,cartservice,160,77,2,,,
2026-09-01 03:03:55,deployment,checkoutservice,21,12,1,,,
2026-09-01 03:03:55,deployment,currencyservice,466,358,11,,,
2026-09-01 03:03:55,deployment,emailservice,13,40,1,,,
2026-09-01 03:03:55,deployment,frontend,571,188,16,,,
2026-09-01 03:03:55,http_p95_latency,frontend,,,,,,230.3
2026-09-01 03:03:55,deployment,paymentservice,7,30,1,,,
2026-09-01 03:03:55,deployment,productcatalogservice,346,72,9,,,
2026-09-01 03:03:55,deployment,recommendationservice,255,239,6,,,
2026-09-01 03:03:55,deployment,redis-cart,16,41,1,,,
2026-09-01 03:03:55,deployment,shippingservice,24,9,1,,,
2026-09-01 03:03:55,node,ze-master-node,2471,3865,,61.8,48.7,
2026-09-01 03:03:55,node,ze-worker-node,2368,2042,,59.2,25.7,
2026-09-01 03:04:03,deployment,adservice,43,95,1,,,
2026-09-01 03:04:03,deployment,cartservice,160,77,2,,,
2026-09-01 03:04:03,deployment,checkoutservice,21,12,1,,,
2026-09-01 03:04:03,deployment,currencyservice,416,356,11,,,
2026-09-01 03:04:03,deployment,emailservice,16,40,1,,,
2026-09-01 03:04:03,deployment,frontend,579,187,16,,,
2026-09-01 03:04:03,http_p95_latency,frontend,,,,,,204.5
2026-09-01 03:04:03,deployment,paymentservice,9,30,1,,,
2026-09-01 03:04:03,deployment,productcatalogservice,351,76,9,,,
2026-09-01 03:04:03,deployment,recommendationservice,253,239,6,,,
2026-09-01 03:04:03,deployment,redis-cart,16,41,1,,,
2026-09-01 03:04:03,deployment,shippingservice,26,9,1,,,
2026-09-01 03:04:03,node,ze-master-node,2662,3872,,66.5,48.8,
2026-09-01 03:04:03,node,ze-worker-node,2284,2027,,57.1,25.5,
2026-09-01 03:04:10,deployment,adservice,42,95,1,,,
2026-09-01 03:04:10,deployment,cartservice,148,76,2,,,
2026-09-01 03:04:10,deployment,checkoutservice,21,12,1,,,
2026-09-01 03:04:10,deployment,currencyservice,416,356,11,,,
2026-09-01 03:04:10,deployment,emailservice,16,40,1,,,
2026-09-01 03:04:10,deployment,frontend,579,187,16,,,
2026-09-01 03:04:10,http_p95_latency,frontend,,,,,,213.1
2026-09-01 03:04:10,deployment,paymentservice,9,30,1,,,
2026-09-01 03:04:10,deployment,productcatalogservice,351,76,9,,,
2026-09-01 03:04:10,deployment,recommendationservice,253,239,6,,,
2026-09-01 03:04:10,deployment,redis-cart,16,41,1,,,
2026-09-01 03:04:10,deployment,shippingservice,26,9,1,,,
2026-09-01 03:04:10,node,ze-master-node,2662,3872,,66.5,48.8,
2026-09-01 03:04:10,node,ze-worker-node,2284,2027,,57.1,25.5,
2026-09-01 03:04:18,deployment,adservice,42,95,1,,,
2026-09-01 03:04:18,deployment,cartservice,148,76,2,,,
2026-09-01 03:04:18,deployment,checkoutservice,21,12,1,,,
2026-09-01 03:04:18,deployment,currencyservice,406,358,11,,,
2026-09-01 03:04:18,deployment,emailservice,13,40,1,,,
2026-09-01 03:04:18,deployment,frontend,569,189,16,,,
2026-09-01 03:04:18,http_p95_latency,frontend,,,,,,213.1
2026-09-01 03:04:18,deployment,paymentservice,8,30,1,,,
2026-09-01 03:04:18,deployment,productcatalogservice,340,75,9,,,
2026-09-01 03:04:18,deployment,recommendationservice,256,239,6,,,
2026-09-01 03:04:18,deployment,redis-cart,32,43,1,,,
2026-09-01 03:04:18,deployment,shippingservice,26,9,1,,,
2026-09-01 03:04:18,node,ze-master-node,2497,3861,,62.4,48.6,
2026-09-01 03:04:18,node,ze-worker-node,2259,2025,,56.5,25.5,
2026-09-01 03:04:25,deployment,adservice,44,95,1,,,
2026-09-01 03:04:25,deployment,cartservice,158,76,2,,,
2026-09-01 03:04:25,deployment,checkoutservice,27,12,1,,,
2026-09-01 03:04:25,deployment,currencyservice,406,358,11,,,
2026-09-01 03:04:25,deployment,emailservice,13,40,1,,,
2026-09-01 03:04:25,deployment,frontend,569,189,16,,,
2026-09-01 03:04:25,http_p95_latency,frontend,,,,,,213.1
2026-09-01 03:04:25,deployment,paymentservice,8,30,1,,,
2026-09-01 03:04:25,deployment,productcatalogservice,340,75,9,,,
2026-09-01 03:04:25,deployment,recommendationservice,256,239,6,,,
2026-09-01 03:04:25,deployment,redis-cart,32,43,1,,,
2026-09-01 03:04:25,deployment,shippingservice,26,9,1,,,
2026-09-01 03:04:25,node,ze-master-node,2497,3861,,62.4,48.6,
2026-09-01 03:04:25,node,ze-worker-node,2259,2025,,56.5,25.5,
2026-09-01 03:04:31,deployment,adservice,44,95,1,,,
2026-09-01 03:04:31,deployment,cartservice,158,76,2,,,
2026-09-01 03:04:31,deployment,checkoutservice,27,12,1,,,
2026-09-01 03:04:31,deployment,currencyservice,406,358,11,,,
2026-09-01 03:04:31,deployment,emailservice,13,40,1,,,
2026-09-01 03:04:31,deployment,frontend,569,189,16,,,
2026-09-01 03:04:31,http_p95_latency,frontend,,,,,,225.9
2026-09-01 03:04:31,deployment,paymentservice,8,30,1,,,
2026-09-01 03:04:31,deployment,productcatalogservice,340,75,9,,,
2026-09-01 03:04:31,deployment,recommendationservice,256,239,6,,,
2026-09-01 03:04:31,deployment,redis-cart,32,43,1,,,
2026-09-01 03:04:31,deployment,shippingservice,26,9,1,,,
2026-09-01 03:04:31,node,ze-master-node,2497,3861,,62.4,48.6,
2026-09-01 03:04:31,node,ze-worker-node,2259,2025,,56.5,25.5,
2026-09-01 03:04:38,deployment,adservice,42,95,1,,,
2026-09-01 03:04:38,deployment,cartservice,137,76,2,,,
2026-09-01 03:04:38,deployment,checkoutservice,27,12,1,,,
2026-09-01 03:04:38,deployment,currencyservice,438,348,11,,,
2026-09-01 03:04:38,deployment,emailservice,16,40,1,,,
2026-09-01 03:04:38,deployment,frontend,585,189,16,,,
2026-09-01 03:04:38,http_p95_latency,frontend,,,,,,225.9
2026-09-01 03:04:38,deployment,paymentservice,10,30,1,,,
2026-09-01 03:04:38,deployment,productcatalogservice,346,74,9,,,
2026-09-01 03:04:38,deployment,recommendationservice,251,242,6,,,
2026-09-01 03:04:38,deployment,redis-cart,43,41,1,,,
2026-09-01 03:04:38,deployment,shippingservice,28,9,1,,,
2026-09-01 03:04:38,node,ze-master-node,2614,3566,,65.3,44.9,
2026-09-01 03:04:38,node,ze-worker-node,2354,2027,,58.9,25.5,
2026-09-01 03:04:45,deployment,adservice,42,95,1,,,
2026-09-01 03:04:45,deployment,cartservice,137,76,2,,,
2026-09-01 03:04:45,deployment,checkoutservice,27,12,1,,,
2026-09-01 03:04:45,deployment,currencyservice,438,348,11,,,
2026-09-01 03:04:45,deployment,emailservice,16,40,1,,,
2026-09-01 03:04:45,deployment,frontend,585,189,16,,,
2026-09-01 03:04:45,http_p95_latency,frontend,,,,,,218.9
2026-09-01 03:04:45,deployment,paymentservice,10,30,1,,,
2026-09-01 03:04:45,deployment,productcatalogservice,346,74,9,,,
2026-09-01 03:04:45,deployment,recommendationservice,251,242,6,,,
2026-09-01 03:04:45,deployment,redis-cart,43,41,1,,,
2026-09-01 03:04:45,deployment,shippingservice,28,9,1,,,
2026-09-01 03:04:45,node,ze-master-node,2614,3566,,65.3,44.9,
2026-09-01 03:04:45,node,ze-worker-node,2354,2027,,58.9,25.5,
2026-09-01 03:04:51,deployment,adservice,45,95,1,,,
2026-09-01 03:04:51,deployment,cartservice,150,76,2,,,
2026-09-01 03:04:51,deployment,checkoutservice,26,12,1,,,
2026-09-01 03:04:51,deployment,currencyservice,447,350,11,,,
2026-09-01 03:04:51,deployment,emailservice,17,40,1,,,
2026-09-01 03:04:51,deployment,frontend,601,188,16,,,
2026-09-01 03:04:51,http_p95_latency,frontend,,,,,,218.9
2026-09-01 03:04:51,deployment,paymentservice,8,30,1,,,
2026-09-01 03:04:51,deployment,productcatalogservice,355,72,9,,,
2026-09-01 03:04:51,deployment,recommendationservice,261,239,6,,,
2026-09-01 03:04:51,deployment,redis-cart,43,41,1,,,
2026-09-01 03:04:51,deployment,shippingservice,25,9,1,,,
2026-09-01 03:04:51,node,ze-master-node,2576,3565,,64.4,44.9,
2026-09-01 03:04:51,node,ze-worker-node,2317,2030,,57.9,25.6,
2026-09-01 03:04:58,deployment,adservice,45,95,1,,,
2026-09-01 03:04:58,deployment,cartservice,150,76,2,,,
2026-09-01 03:04:58,deployment,checkoutservice,26,12,1,,,
2026-09-01 03:04:58,deployment,currencyservice,447,350,11,,,
2026-09-01 03:04:58,deployment,emailservice,17,40,1,,,
2026-09-01 03:04:58,deployment,frontend,601,188,16,,,
2026-09-01 03:04:58,http_p95_latency,frontend,,,,,,208.7
2026-09-01 03:04:58,deployment,paymentservice,8,30,1,,,
2026-09-01 03:04:58,deployment,productcatalogservice,355,72,9,,,
2026-09-01 03:04:58,deployment,recommendationservice,261,239,6,,,
2026-09-01 03:04:58,deployment,redis-cart,43,41,1,,,
2026-09-01 03:04:58,deployment,shippingservice,25,9,1,,,
2026-09-01 03:04:58,node,ze-master-node,2576,3565,,64.4,44.9,
2026-09-01 03:04:58,node,ze-worker-node,2317,2030,,57.9,25.6,
2026-09-01 03:05:05,deployment,adservice,47,95,1,,,
2026-09-01 03:05:05,deployment,cartservice,145,76,2,,,
2026-09-01 03:05:05,deployment,checkoutservice,26,12,1,,,
2026-09-01 03:05:05,deployment,currencyservice,448,344,11,,,
2026-09-01 03:05:05,deployment,emailservice,13,40,1,,,
2026-09-01 03:05:05,deployment,frontend,623,189,16,,,
2026-09-01 03:05:05,http_p95_latency,frontend,,,,,,208.7
2026-09-01 03:05:05,deployment,paymentservice,9,30,1,,,
2026-09-01 03:05:05,deployment,productcatalogservice,364,72,9,,,
2026-09-01 03:05:05,deployment,recommendationservice,263,239,6,,,
2026-09-01 03:05:05,deployment,redis-cart,17,41,1,,,
2026-09-01 03:05:05,deployment,shippingservice,26,9,1,,,
2026-09-01 03:05:05,node,ze-master-node,2614,3580,,65.3,45.1,
2026-09-01 03:05:05,node,ze-worker-node,2351,2039,,58.8,25.7,
2026-09-01 03:05:11,deployment,adservice,47,95,1,,,
2026-09-01 03:05:11,deployment,cartservice,145,76,2,,,
2026-09-01 03:05:11,deployment,checkoutservice,26,12,1,,,
2026-09-01 03:05:11,deployment,currencyservice,448,344,11,,,
2026-09-01 03:05:11,deployment,emailservice,13,40,1,,,
2026-09-01 03:05:11,deployment,frontend,623,189,16,,,
2026-09-01 03:05:11,http_p95_latency,frontend,,,,,,187.2
2026-09-01 03:05:11,deployment,paymentservice,9,30,1,,,
2026-09-01 03:05:11,deployment,productcatalogservice,364,72,9,,,
2026-09-01 03:05:11,deployment,recommendationservice,263,239,6,,,
2026-09-01 03:05:11,deployment,redis-cart,17,41,1,,,
2026-09-01 03:05:11,deployment,shippingservice,26,9,1,,,
2026-09-01 03:05:11,node,ze-master-node,2614,3580,,65.3,45.1,
2026-09-01 03:05:11,node,ze-worker-node,2351,2039,,58.8,25.7,
2026-09-01 03:05:18,deployment,adservice,47,95,1,,,
2026-09-01 03:05:18,deployment,cartservice,145,76,2,,,
2026-09-01 03:05:18,deployment,checkoutservice,26,12,1,,,
2026-09-01 03:05:18,deployment,currencyservice,448,344,11,,,
2026-09-01 03:05:18,deployment,emailservice,13,40,1,,,
2026-09-01 03:05:18,deployment,frontend,631,189,16,,,
2026-09-01 03:05:18,http_p95_latency,frontend,,,,,,187.2
2026-09-01 03:05:18,deployment,paymentservice,9,30,1,,,
2026-09-01 03:05:18,deployment,productcatalogservice,372,73,9,,,
2026-09-01 03:05:18,deployment,recommendationservice,265,239,6,,,
2026-09-01 03:05:18,deployment,redis-cart,17,41,1,,,
2026-09-01 03:05:18,deployment,shippingservice,26,9,1,,,
2026-09-01 03:05:18,node,ze-master-node,2664,3558,,66.6,44.8,
2026-09-01 03:05:18,node,ze-worker-node,2306,2041,,57.6,25.7,
2026-09-01 03:05:25,deployment,adservice,47,95,1,,,
2026-09-01 03:05:25,deployment,cartservice,155,76,2,,,
2026-09-01 03:05:25,deployment,checkoutservice,29,12,1,,,
2026-09-01 03:05:25,deployment,currencyservice,464,337,11,,,
2026-09-01 03:05:25,deployment,emailservice,12,40,1,,,
2026-09-01 03:05:25,deployment,frontend,631,189,16,,,
2026-09-01 03:05:25,http_p95_latency,frontend,,,,,,187.2
2026-09-01 03:05:25,deployment,paymentservice,9,30,1,,,
2026-09-01 03:05:25,deployment,productcatalogservice,327,65,8,,,
2026-09-01 03:05:25,deployment,recommendationservice,265,239,6,,,
2026-09-01 03:05:25,deployment,redis-cart,17,41,1,,,
2026-09-01 03:05:25,deployment,shippingservice,26,9,1,,,
2026-09-01 03:05:25,node,ze-master-node,2664,3558,,66.6,44.8,
2026-09-01 03:05:25,node,ze-worker-node,2306,2041,,57.6,25.7,
2026-09-01 03:05:31,deployment,adservice,47,95,1,,,
2026-09-01 03:05:31,deployment,cartservice,155,76,2,,,
2026-09-01 03:05:31,deployment,checkoutservice,29,12,1,,,
2026-09-01 03:05:31,deployment,currencyservice,464,337,11,,,
2026-09-01 03:05:31,deployment,emailservice,12,40,1,,,
2026-09-01 03:05:31,deployment,frontend,631,189,16,,,
2026-09-01 03:05:31,http_p95_latency,frontend,,,,,,232.6
2026-09-01 03:05:31,deployment,paymentservice,9,30,1,,,
2026-09-01 03:05:31,deployment,productcatalogservice,327,65,8,,,
2026-09-01 03:05:31,deployment,recommendationservice,265,239,6,,,
2026-09-01 03:05:31,deployment,redis-cart,17,41,1,,,
2026-09-01 03:05:31,deployment,shippingservice,26,9,1,,,
2026-09-01 03:05:31,node,ze-master-node,2664,3558,,66.6,44.8,
2026-09-01 03:05:31,node,ze-worker-node,2306,2041,,57.6,25.7,
2026-09-01 03:05:38,deployment,adservice,47,95,1,,,
2026-09-01 03:05:38,deployment,cartservice,154,76,2,,,
2026-09-01 03:05:38,deployment,checkoutservice,29,12,1,,,
2026-09-01 03:05:38,deployment,currencyservice,498,346,11,,,
2026-09-01 03:05:38,deployment,emailservice,18,40,1,,,
2026-09-01 03:05:38,deployment,frontend,638,188,16,,,
2026-09-01 03:05:38,http_p95_latency,frontend,,,,,,232.6
2026-09-01 03:05:38,deployment,paymentservice,10,30,1,,,
2026-09-01 03:05:38,deployment,productcatalogservice,328,64,8,,,
2026-09-01 03:05:38,deployment,recommendationservice,270,240,6,,,
2026-09-01 03:05:38,deployment,redis-cart,16,41,1,,,
2026-09-01 03:05:38,deployment,shippingservice,27,9,1,,,
2026-09-01 03:05:38,node,ze-master-node,2864,3574,,71.6,45.0,
2026-09-01 03:05:38,node,ze-worker-node,2424,2037,,60.6,25.7,
2026-09-01 03:05:45,deployment,adservice,47,95,1,,,
2026-09-01 03:05:45,deployment,cartservice,154,76,2,,,
2026-09-01 03:05:45,deployment,checkoutservice,29,12,1,,,
2026-09-01 03:05:45,deployment,currencyservice,498,346,11,,,
2026-09-01 03:05:45,deployment,emailservice,18,40,1,,,
2026-09-01 03:05:45,deployment,frontend,638,188,16,,,
2026-09-01 03:05:45,http_p95_latency,frontend,,,,,,349.8
2026-09-01 03:05:45,deployment,paymentservice,10,30,1,,,
2026-09-01 03:05:45,deployment,productcatalogservice,328,64,8,,,
2026-09-01 03:05:45,deployment,recommendationservice,270,240,6,,,
2026-09-01 03:05:45,deployment,redis-cart,16,41,1,,,
2026-09-01 03:05:45,deployment,shippingservice,27,9,1,,,
2026-09-01 03:05:45,node,ze-master-node,2864,3574,,71.6,45.0,
2026-09-01 03:05:45,node,ze-worker-node,2424,2037,,60.6,25.7,
2026-09-01 03:05:53,deployment,adservice,47,95,1,,,
2026-09-01 03:05:53,deployment,cartservice,163,76,2,,,
2026-09-01 03:05:53,deployment,checkoutservice,35,12,1,,,
2026-09-01 03:05:53,deployment,currencyservice,473,348,11,,,
2026-09-01 03:05:53,deployment,emailservice,12,40,1,,,
2026-09-01 03:05:53,deployment,frontend,655,188,16,,,
2026-09-01 03:05:53,http_p95_latency,frontend,,,,,,349.8
2026-09-01 03:05:53,deployment,paymentservice,10,30,1,,,
2026-09-01 03:05:53,deployment,productcatalogservice,377,64,8,,,
2026-09-01 03:05:53,deployment,recommendationservice,288,240,6,,,
2026-09-01 03:05:53,deployment,redis-cart,17,41,1,,,
2026-09-01 03:05:53,deployment,shippingservice,29,9,1,,,
2026-09-01 03:05:53,node,ze-master-node,2656,3570,,66.4,45.0,
2026-09-01 03:05:53,node,ze-worker-node,2445,2032,,61.1,25.6,
2026-09-01 03:06:00,deployment,adservice,47,95,1,,,
2026-09-01 03:06:00,deployment,cartservice,163,76,2,,,
2026-09-01 03:06:00,deployment,checkoutservice,35,12,1,,,
2026-09-01 03:06:00,deployment,currencyservice,473,348,11,,,
2026-09-01 03:06:00,deployment,emailservice,12,40,1,,,
2026-09-01 03:06:00,deployment,frontend,655,188,16,,,
2026-09-01 03:06:00,http_p95_latency,frontend,,,,,,270.4
2026-09-01 03:06:00,deployment,paymentservice,10,30,1,,,
2026-09-01 03:06:00,deployment,productcatalogservice,377,64,8,,,
2026-09-01 03:06:00,deployment,recommendationservice,288,240,6,,,
2026-09-01 03:06:00,deployment,redis-cart,17,41,1,,,
2026-09-01 03:06:00,deployment,shippingservice,29,9,1,,,
2026-09-01 03:06:00,node,ze-master-node,2656,3570,,66.4,45.0,
2026-09-01 03:06:00,node,ze-worker-node,2445,2032,,61.1,25.6,
2026-09-01 03:06:08,deployment,adservice,50,95,1,,,
2026-09-01 03:06:08,deployment,cartservice,158,76,2,,,
2026-09-01 03:06:08,deployment,checkoutservice,32,12,1,,,
2026-09-01 03:06:08,deployment,currencyservice,476,340,11,,,
2026-09-01 03:06:08,deployment,emailservice,17,40,1,,,
2026-09-01 03:06:08,deployment,frontend,674,188,16,,,
2026-09-01 03:06:08,http_p95_latency,frontend,,,,,,270.4
2026-09-01 03:06:08,deployment,paymentservice,10,30,1,,,
2026-09-01 03:06:08,deployment,productcatalogservice,380,66,8,,,
2026-09-01 03:06:08,deployment,recommendationservice,284,240,6,,,
2026-09-01 03:06:08,deployment,redis-cart,17,41,1,,,
2026-09-01 03:06:08,deployment,shippingservice,29,9,1,,,
2026-09-01 03:06:08,node,ze-master-node,2788,3579,,69.7,45.1,
2026-09-01 03:06:08,node,ze-worker-node,2469,2021,,61.7,25.5,
2026-09-01 03:06:17,deployment,adservice,50,95,1,,,
2026-09-01 03:06:17,deployment,cartservice,158,76,2,,,
2026-09-01 03:06:17,deployment,checkoutservice,32,12,1,,,
2026-09-01 03:06:17,deployment,currencyservice,439,310,10,,,
2026-09-01 03:06:17,deployment,emailservice,17,40,1,,,
2026-09-01 03:06:17,deployment,frontend,674,188,16,,,
2026-09-01 03:06:17,http_p95_latency,frontend,,,,,,236.1
2026-09-01 03:06:17,deployment,paymentservice,10,30,1,,,
2026-09-01 03:06:17,deployment,productcatalogservice,380,66,8,,,
2026-09-01 03:06:17,deployment,recommendationservice,284,240,6,,,
2026-09-01 03:06:17,deployment,redis-cart,17,41,1,,,
2026-09-01 03:06:17,deployment,shippingservice,29,9,1,,,
2026-09-01 03:06:17,node,ze-master-node,2788,3579,,69.7,45.1,
2026-09-01 03:06:17,node,ze-worker-node,2469,2021,,61.7,25.5,
2026-09-01 03:06:23,deployment,adservice,50,95,1,,,
2026-09-01 03:06:23,deployment,cartservice,158,76,2,,,
2026-09-01 03:06:23,deployment,checkoutservice,31,12,1,,,
2026-09-01 03:06:23,deployment,currencyservice,446,316,10,,,
2026-09-01 03:06:23,deployment,emailservice,14,40,1,,,
2026-09-01 03:06:23,deployment,frontend,594,167,15,,,
2026-09-01 03:06:23,http_p95_latency,frontend,,,,,,236.1
2026-09-01 03:06:23,deployment,paymentservice,9,30,1,,,
2026-09-01 03:06:23,deployment,productcatalogservice,378,65,8,,,
2026-09-01 03:06:23,deployment,recommendationservice,282,240,6,,,
2026-09-01 03:06:23,deployment,redis-cart,17,41,1,,,
2026-09-01 03:06:23,deployment,shippingservice,29,9,1,,,
2026-09-01 03:06:23,node,ze-master-node,2801,3580,,70.0,45.1,
2026-09-01 03:06:23,node,ze-worker-node,2480,2019,,62.0,25.4,
2026-09-01 03:06:33,deployment,adservice,50,95,1,,,
2026-09-01 03:06:33,deployment,cartservice,158,76,2,,,
2026-09-01 03:06:33,deployment,checkoutservice,31,12,1,,,
2026-09-01 03:06:33,deployment,currencyservice,406,286,9,,,
2026-09-01 03:06:33,deployment,emailservice,14,40,1,,,
2026-09-01 03:06:33,deployment,frontend,594,167,14,,,
2026-09-01 03:06:33,http_p95_latency,frontend,,,,,,294.0
2026-09-01 03:06:33,deployment,paymentservice,9,30,1,,,
2026-09-01 03:06:33,deployment,productcatalogservice,374,68,8,,,
2026-09-01 03:06:33,deployment,recommendationservice,306,240,6,,,
2026-09-01 03:06:33,deployment,redis-cart,17,41,1,,,
2026-09-01 03:06:33,deployment,shippingservice,30,9,1,,,
2026-09-01 03:06:33,node,ze-master-node,3079,3510,,77.0,44.2,
2026-09-01 03:06:33,node,ze-worker-node,2539,2022,,63.5,25.5,
2026-09-01 03:06:40,deployment,adservice,57,95,1,,,
2026-09-01 03:06:40,deployment,cartservice,168,77,2,,,
2026-09-01 03:06:40,deployment,checkoutservice,34,12,1,,,
2026-09-01 03:06:40,deployment,currencyservice,467,299,9,,,
2026-09-01 03:06:40,deployment,emailservice,18,40,1,,,
2026-09-01 03:06:40,deployment,frontend,516,145,12,,,
2026-09-01 03:06:40,http_p95_latency,frontend,,,,,,330.8
2026-09-01 03:06:40,deployment,paymentservice,10,30,1,,,
2026-09-01 03:06:40,deployment,productcatalogservice,329,60,7,,,
2026-09-01 03:06:40,deployment,recommendationservice,306,240,6,,,
2026-09-01 03:06:40,deployment,redis-cart,17,41,1,,,
2026-09-01 03:06:40,deployment,shippingservice,30,9,1,,,
2026-09-01 03:06:40,node,ze-master-node,3079,3510,,77.0,44.2,
2026-09-01 03:06:40,node,ze-worker-node,2539,2022,,63.5,25.5,
2026-09-01 03:06:48,deployment,adservice,57,95,1,,,
2026-09-01 03:06:48,deployment,cartservice,168,77,2,,,
2026-09-01 03:06:48,deployment,checkoutservice,34,12,1,,,
2026-09-01 03:06:48,deployment,currencyservice,467,299,9,,,
2026-09-01 03:06:48,deployment,emailservice,18,40,1,,,
2026-09-01 03:06:48,deployment,frontend,516,145,12,,,
2026-09-01 03:06:48,http_p95_latency,frontend,,,,,,330.8
2026-09-01 03:06:48,deployment,paymentservice,11,32,1,,,
2026-09-01 03:06:48,deployment,productcatalogservice,400,57,7,,,
2026-09-01 03:06:48,deployment,recommendationservice,349,240,6,,,
2026-09-01 03:06:48,deployment,redis-cart,18,41,1,,,
2026-09-01 03:06:48,deployment,shippingservice,34,9,1,,,
2026-09-01 03:06:48,node,ze-master-node,3313,3468,,82.8,43.7,
2026-09-01 03:06:48,node,ze-worker-node,2968,2013,,74.2,25.3,
2026-09-01 03:06:56,deployment,adservice,63,95,1,,,
2026-09-01 03:06:56,deployment,cartservice,219,76,2,,,
2026-09-01 03:06:56,deployment,checkoutservice,38,12,1,,,
2026-09-01 03:06:56,deployment,currencyservice,512,312,9,,,
2026-09-01 03:06:56,deployment,emailservice,16,42,1,,,
2026-09-01 03:06:56,deployment,frontend,726,145,12,,,
2026-09-01 03:06:56,http_p95_latency,frontend,,,,,,330.8
2026-09-01 03:06:56,deployment,paymentservice,11,32,1,,,
2026-09-01 03:06:56,deployment,productcatalogservice,400,57,7,,,
2026-09-01 03:06:56,deployment,recommendationservice,349,240,6,,,
2026-09-01 03:06:56,deployment,redis-cart,18,41,1,,,
2026-09-01 03:06:56,deployment,shippingservice,34,9,1,,,
2026-09-01 03:06:56,node,ze-master-node,3313,3468,,82.8,43.7,
2026-09-01 03:06:56,node,ze-worker-node,2968,2013,,74.2,25.3,
2026-09-01 03:07:03,deployment,adservice,63,95,1,,,
2026-09-01 03:07:03,deployment,cartservice,219,76,2,,,
2026-09-01 03:07:03,deployment,checkoutservice,38,12,1,,,
2026-09-01 03:07:03,deployment,currencyservice,512,312,9,,,
2026-09-01 03:07:03,deployment,emailservice,16,42,1,,,
2026-09-01 03:07:03,deployment,frontend,726,145,12,,,
2026-09-01 03:07:03,http_p95_latency,frontend,,,,,,358.9
2026-09-01 03:07:03,deployment,paymentservice,11,32,1,,,
2026-09-01 03:07:03,deployment,productcatalogservice,400,57,7,,,
2026-09-01 03:07:03,deployment,recommendationservice,349,240,6,,,
2026-09-01 03:07:03,deployment,redis-cart,18,41,1,,,
2026-09-01 03:07:03,deployment,shippingservice,34,9,1,,,
2026-09-01 03:07:03,node,ze-master-node,3253,3472,,81.3,43.7,
2026-09-01 03:07:03,node,ze-worker-node,2920,2015,,73.0,25.4,
2026-09-01 03:07:09,deployment,adservice,59,95,1,,,
2026-09-01 03:07:09,deployment,cartservice,203,76,2,,,
2026-09-01 03:07:09,deployment,checkoutservice,36,12,1,,,
2026-09-01 03:07:09,deployment,currencyservice,557,310,9,,,
2026-09-01 03:07:09,deployment,emailservice,17,40,1,,,
2026-09-01 03:07:09,deployment,frontend,822,145,14,,,
2026-09-01 03:07:09,http_p95_latency,frontend,,,,,,363.8
2026-09-01 03:07:09,deployment,paymentservice,11,30,1,,,
2026-09-01 03:07:09,deployment,productcatalogservice,437,56,7,,,
2026-09-01 03:07:09,deployment,recommendationservice,352,240,6,,,
2026-09-01 03:07:09,deployment,redis-cart,18,41,1,,,
2026-09-01 03:07:09,deployment,shippingservice,34,9,1,,,
2026-09-01 03:07:09,node,ze-master-node,3253,3472,,81.3,43.7,
2026-09-01 03:07:09,node,ze-worker-node,2920,2015,,73.0,25.4,
2026-09-01 03:07:19,deployment,adservice,61,95,1,,,
2026-09-01 03:07:19,deployment,cartservice,188,76,2,,,
2026-09-01 03:07:19,deployment,checkoutservice,50,12,1,,,
2026-09-01 03:07:19,deployment,currencyservice,565,302,9,,,
2026-09-01 03:07:19,deployment,emailservice,19,40,1,,,
2026-09-01 03:07:19,deployment,frontend,836,145,14,,,
2026-09-01 03:07:19,http_p95_latency,frontend,,,,,,363.8
2026-09-01 03:07:19,deployment,paymentservice,14,30,1,,,
2026-09-01 03:07:19,deployment,productcatalogservice,449,57,7,,,
2026-09-01 03:07:19,deployment,recommendationservice,361,240,6,,,
2026-09-01 03:07:19,deployment,redis-cart,60,41,1,,,
2026-09-01 03:07:19,deployment,shippingservice,35,9,1,,,
2026-09-01 03:07:19,node,ze-master-node,3168,3488,,79.2,43.9,
2026-09-01 03:07:19,node,ze-worker-node,2960,2024,,74.0,25.5,
2026-09-01 03:07:28,deployment,adservice,61,95,1,,,
2026-09-01 03:07:28,deployment,cartservice,188,76,2,,,
2026-09-01 03:07:28,deployment,checkoutservice,50,12,1,,,
2026-09-01 03:07:28,deployment,currencyservice,565,302,9,,,
2026-09-01 03:07:28,deployment,emailservice,19,40,1,,,
2026-09-01 03:07:28,deployment,frontend,836,145,14,,,
2026-09-01 03:07:28,http_p95_latency,frontend,,,,,,439.5
2026-09-01 03:07:28,deployment,paymentservice,14,30,1,,,
2026-09-01 03:07:28,deployment,productcatalogservice,449,57,7,,,
2026-09-01 03:07:28,deployment,recommendationservice,361,240,6,,,
2026-09-01 03:07:28,deployment,redis-cart,60,41,1,,,
2026-09-01 03:07:28,deployment,shippingservice,35,9,1,,,
2026-09-01 03:07:28,node,ze-master-node,3168,3488,,79.2,43.9,
2026-09-01 03:07:28,node,ze-worker-node,2960,2024,,74.0,25.5,
2026-09-01 03:07:35,deployment,adservice,61,95,1,,,
2026-09-01 03:07:35,deployment,cartservice,207,77,2,,,
2026-09-01 03:07:35,deployment,checkoutservice,40,12,1,,,
2026-09-01 03:07:35,deployment,currencyservice,579,302,9,,,
2026-09-01 03:07:35,deployment,emailservice,18,40,1,,,
2026-09-01 03:07:35,deployment,frontend,869,163,14,,,
2026-09-01 03:07:35,http_p95_latency,frontend,,,,,,439.5
2026-09-01 03:07:35,deployment,paymentservice,14,30,1,,,
2026-09-01 03:07:35,deployment,productcatalogservice,447,57,7,,,
2026-09-01 03:07:35,deployment,recommendationservice,362,240,6,,,
2026-09-01 03:07:35,deployment,redis-cart,19,41,1,,,
2026-09-01 03:07:35,deployment,shippingservice,38,9,1,,,
2026-09-01 03:07:35,node,ze-master-node,3362,3464,,84.0,43.6,
2026-09-01 03:07:35,node,ze-worker-node,2972,2013,,74.3,25.3,
2026-09-01 03:07:44,deployment,adservice,61,95,1,,,
2026-09-01 03:07:44,deployment,cartservice,207,77,2,,,
2026-09-01 03:07:44,deployment,checkoutservice,40,12,1,,,
2026-09-01 03:07:44,deployment,currencyservice,579,302,9,,,
2026-09-01 03:07:44,deployment,emailservice,18,40,1,,,
2026-09-01 03:07:44,deployment,frontend,869,163,14,,,
2026-09-01 03:07:44,http_p95_latency,frontend,,,,,,458.9
2026-09-01 03:07:44,deployment,paymentservice,14,30,1,,,
2026-09-01 03:07:44,deployment,productcatalogservice,447,57,7,,,
2026-09-01 03:07:44,deployment,recommendationservice,362,240,6,,,
2026-09-01 03:07:44,deployment,redis-cart,19,41,1,,,
2026-09-01 03:07:44,deployment,shippingservice,38,9,1,,,
2026-09-01 03:07:44,node,ze-master-node,3362,3464,,84.0,43.6,
2026-09-01 03:07:44,node,ze-worker-node,2972,2013,,74.3,25.3,
2026-09-01 03:07:51,deployment,adservice,62,95,1,,,
2026-09-01 03:07:51,deployment,cartservice,227,77,2,,,
2026-09-01 03:07:51,deployment,checkoutservice,50,12,1,,,
2026-09-01 03:07:51,deployment,currencyservice,563,306,9,,,
2026-09-01 03:07:51,deployment,emailservice,21,40,1,,,
2026-09-01 03:07:51,deployment,frontend,885,165,14,,,
2026-09-01 03:07:51,http_p95_latency,frontend,,,,,,458.9
2026-09-01 03:07:51,deployment,paymentservice,13,30,1,,,
2026-09-01 03:07:51,deployment,productcatalogservice,463,56,7,,,
2026-09-01 03:07:51,deployment,recommendationservice,365,240,6,,,
2026-09-01 03:07:51,deployment,redis-cart,19,41,1,,,
2026-09-01 03:07:51,deployment,shippingservice,39,9,1,,,
2026-09-01 03:07:51,node,ze-master-node,3380,3470,,84.5,43.7,
2026-09-01 03:07:51,node,ze-worker-node,2965,2019,,74.1,25.4,
2026-09-01 03:08:00,deployment,adservice,62,95,1,,,
2026-09-01 03:08:00,deployment,cartservice,227,77,2,,,
2026-09-01 03:08:00,deployment,checkoutservice,50,12,1,,,
2026-09-01 03:08:00,deployment,currencyservice,563,306,9,,,
2026-09-01 03:08:00,deployment,emailservice,21,40,1,,,
2026-09-01 03:08:00,deployment,frontend,885,165,14,,,
2026-09-01 03:08:00,http_p95_latency,frontend,,,,,,455.6
2026-09-01 03:08:00,deployment,paymentservice,13,30,1,,,
2026-09-01 03:08:00,deployment,productcatalogservice,463,56,8,,,
2026-09-01 03:08:00,deployment,recommendationservice,365,240,6,,,
2026-09-01 03:08:00,deployment,redis-cart,19,41,1,,,
2026-09-01 03:08:00,deployment,shippingservice,39,9,1,,,
2026-09-01 03:08:00,node,ze-master-node,3380,3470,,84.5,43.7,
2026-09-01 03:08:00,node,ze-worker-node,2965,2019,,74.1,25.4,
2026-09-01 03:08:09,deployment,adservice,60,95,1,,,
2026-09-01 03:08:09,deployment,cartservice,235,77,2,,,
2026-09-01 03:08:09,deployment,checkoutservice,50,12,1,,,
2026-09-01 03:08:09,deployment,currencyservice,545,312,9,,,
2026-09-01 03:08:09,deployment,emailservice,20,40,1,,,
2026-09-01 03:08:09,deployment,frontend,866,166,14,,,
2026-09-01 03:08:09,http_p95_latency,frontend,,,,,,455.6
2026-09-01 03:08:09,deployment,paymentservice,12,30,1,,,
2026-09-01 03:08:09,deployment,productcatalogservice,443,57,8,,,
2026-09-01 03:08:09,deployment,recommendationservice,367,240,6,,,
2026-09-01 03:08:09,deployment,redis-cart,19,41,1,,,
2026-09-01 03:08:09,deployment,shippingservice,39,9,1,,,
2026-09-01 03:08:09,node,ze-master-node,3351,3503,,83.8,44.1,
2026-09-01 03:08:09,node,ze-worker-node,3010,2018,,75.2,25.4,
2026-09-01 03:08:17,deployment,adservice,60,95,1,,,
2026-09-01 03:08:17,deployment,cartservice,235,77,2,,,
2026-09-01 03:08:17,deployment,checkoutservice,50,12,1,,,
2026-09-01 03:08:17,deployment,currencyservice,545,312,9,,,
2026-09-01 03:08:17,deployment,emailservice,20,40,1,,,
2026-09-01 03:08:17,deployment,frontend,866,166,14,,,
2026-09-01 03:08:17,http_p95_latency,frontend,,,,,,403.7
2026-09-01 03:08:17,deployment,paymentservice,11,30,1,,,
2026-09-01 03:08:17,deployment,productcatalogservice,483,64,8,,,
2026-09-01 03:08:17,deployment,recommendationservice,374,240,6,,,
2026-09-01 03:08:17,deployment,redis-cart,19,41,1,,,
2026-09-01 03:08:17,deployment,shippingservice,39,9,1,,,
2026-09-01 03:08:17,node,ze-master-node,3322,3502,,83.0,44.1,
2026-09-01 03:08:17,node,ze-worker-node,3014,2021,,75.3,25.5,
2026-09-01 03:08:26,deployment,adservice,61,95,1,,,
2026-09-01 03:08:26,deployment,cartservice,227,77,2,,,
2026-09-01 03:08:26,deployment,checkoutservice,46,12,1,,,
2026-09-01 03:08:26,deployment,currencyservice,546,308,9,,,
2026-09-01 03:08:26,deployment,emailservice,17,40,1,,,
2026-09-01 03:08:26,deployment,frontend,886,166,14,,,
2026-09-01 03:08:26,http_p95_latency,frontend,,,,,,303.4
2026-09-01 03:08:26,deployment,paymentservice,11,30,1,,,
2026-09-01 03:08:26,deployment,productcatalogservice,483,64,8,,,
2026-09-01 03:08:26,deployment,recommendationservice,374,240,6,,,
2026-09-01 03:08:26,deployment,redis-cart,19,41,1,,,
2026-09-01 03:08:26,deployment,shippingservice,39,9,1,,,
2026-09-01 03:08:26,node,ze-master-node,3322,3502,,83.0,44.1,
2026-09-01 03:08:26,node,ze-worker-node,3014,2021,,75.3,25.5,
2026-09-01 03:08:34,deployment,adservice,60,95,1,,,
2026-09-01 03:08:34,deployment,cartservice,254,77,2,,,
2026-09-01 03:08:34,deployment,checkoutservice,49,12,1,,,
2026-09-01 03:08:34,deployment,currencyservice,556,312,9,,,
2026-09-01 03:08:34,deployment,emailservice,18,40,1,,,
2026-09-01 03:08:34,deployment,frontend,875,165,14,,,
2026-09-01 03:08:34,http_p95_latency,frontend,,,,,,303.4
2026-09-01 03:08:34,deployment,paymentservice,12,30,1,,,
2026-09-01 03:08:34,deployment,productcatalogservice,467,64,8,,,
2026-09-01 03:08:34,deployment,recommendationservice,365,240,6,,,
2026-09-01 03:08:34,deployment,redis-cart,19,41,1,,,
2026-09-01 03:08:34,deployment,shippingservice,36,9,1,,,
2026-09-01 03:08:34,node,ze-master-node,3245,3511,,81.1,44.2,
2026-09-01 03:08:34,node,ze-worker-node,3021,2018,,75.5,25.4,
2026-09-01 03:08:42,deployment,adservice,60,95,1,,,
2026-09-01 03:08:42,deployment,cartservice,254,77,2,,,
2026-09-01 03:08:42,deployment,checkoutservice,49,12,1,,,
2026-09-01 03:08:42,deployment,currencyservice,556,312,9,,,
2026-09-01 03:08:42,deployment,emailservice,18,40,1,,,
2026-09-01 03:08:42,deployment,frontend,875,165,14,,,
2026-09-01 03:08:42,http_p95_latency,frontend,,,,,,243.0
2026-09-01 03:08:42,deployment,paymentservice,12,30,1,,,
2026-09-01 03:08:42,deployment,productcatalogservice,467,64,8,,,
2026-09-01 03:08:42,deployment,recommendationservice,365,240,6,,,
2026-09-01 03:08:42,deployment,redis-cart,19,41,1,,,
2026-09-01 03:08:42,deployment,shippingservice,36,9,1,,,
2026-09-01 03:08:42,node,ze-master-node,3245,3511,,81.1,44.2,
2026-09-01 03:08:42,node,ze-worker-node,3021,2018,,75.5,25.4,
2026-09-01 03:08:50,deployment,adservice,60,95,1,,,
2026-09-01 03:08:50,deployment,cartservice,203,77,2,,,
2026-09-01 03:08:50,deployment,checkoutservice,44,12,1,,,
2026-09-01 03:08:50,deployment,currencyservice,532,317,9,,,
2026-09-01 03:08:50,deployment,emailservice,20,40,1,,,
2026-09-01 03:08:50,deployment,frontend,861,166,14,,,
2026-09-01 03:08:50,http_p95_latency,frontend,,,,,,243.0
2026-09-01 03:08:50,deployment,paymentservice,13,33,1,,,
2026-09-01 03:08:50,deployment,productcatalogservice,468,65,8,,,
2026-09-01 03:08:50,deployment,recommendationservice,360,240,6,,,
2026-09-01 03:08:50,deployment,redis-cart,19,41,1,,,
2026-09-01 03:08:50,deployment,shippingservice,37,9,1,,,
2026-09-01 03:08:50,node,ze-master-node,3192,3459,,79.8,43.6,
2026-09-01 03:08:50,node,ze-worker-node,2987,2024,,74.7,25.5,
2026-09-01 03:08:58,deployment,adservice,60,95,1,,,
2026-09-01 03:08:58,deployment,cartservice,203,77,2,,,
2026-09-01 03:08:58,deployment,checkoutservice,44,12,1,,,
2026-09-01 03:08:58,deployment,currencyservice,532,317,9,,,
2026-09-01 03:08:58,deployment,emailservice,20,40,1,,,
2026-09-01 03:08:58,deployment,frontend,861,166,14,,,
2026-09-01 03:08:58,http_p95_latency,frontend,,,,,,242.2
2026-09-01 03:08:58,deployment,paymentservice,13,33,1,,,
2026-09-01 03:08:58,deployment,productcatalogservice,468,65,8,,,
2026-09-01 03:08:58,deployment,recommendationservice,360,240,6,,,
2026-09-01 03:08:58,deployment,redis-cart,19,41,1,,,
2026-09-01 03:08:58,deployment,shippingservice,37,9,1,,,
2026-09-01 03:08:58,node,ze-master-node,3192,3459,,79.8,43.6,
2026-09-01 03:08:58,node,ze-worker-node,2987,2024,,74.7,25.5,
2026-09-01 03:09:04,deployment,adservice,63,95,1,,,
2026-09-01 03:09:04,deployment,cartservice,202,78,2,,,
2026-09-01 03:09:04,deployment,checkoutservice,47,12,1,,,
2026-09-01 03:09:04,deployment,currencyservice,551,323,9,,,
2026-09-01 03:09:04,deployment,emailservice,19,40,1,,,
2026-09-01 03:09:04,deployment,frontend,874,167,14,,,
2026-09-01 03:09:04,http_p95_latency,frontend,,,,,,242.2
2026-09-01 03:09:04,deployment,paymentservice,14,31,1,,,
2026-09-01 03:09:04,deployment,productcatalogservice,474,64,8,,,
2026-09-01 03:09:04,deployment,recommendationservice,365,243,6,,,
2026-09-01 03:09:04,deployment,redis-cart,20,41,1,,,
2026-09-01 03:09:04,deployment,shippingservice,35,9,1,,,
2026-09-01 03:09:04,node,ze-master-node,3118,3481,,78.0,43.8,
2026-09-01 03:09:04,node,ze-worker-node,3084,2023,,77.1,25.5,
2026-09-01 03:09:11,deployment,adservice,63,95,1,,,
2026-09-01 03:09:11,deployment,cartservice,202,78,2,,,
2026-09-01 03:09:11,deployment,checkoutservice,47,12,1,,,
2026-09-01 03:09:11,deployment,currencyservice,551,323,9,,,
2026-09-01 03:09:11,deployment,emailservice,19,40,1,,,
2026-09-01 03:09:11,deployment,frontend,874,167,14,,,
2026-09-01 03:09:11,http_p95_latency,frontend,,,,,,392.8
2026-09-01 03:09:11,deployment,paymentservice,14,31,1,,,
2026-09-01 03:09:11,deployment,productcatalogservice,474,64,8,,,
2026-09-01 03:09:11,deployment,recommendationservice,365,243,6,,,
2026-09-01 03:09:11,deployment,redis-cart,20,41,1,,,
2026-09-01 03:09:11,deployment,shippingservice,35,9,1,,,
2026-09-01 03:09:11,node,ze-master-node,3118,3481,,78.0,43.8,
2026-09-01 03:09:11,node,ze-worker-node,3084,2023,,77.1,25.5,
2026-09-01 03:09:20,deployment,adservice,59,95,1,,,
2026-09-01 03:09:20,deployment,cartservice,193,77,2,,,
2026-09-01 03:09:20,deployment,checkoutservice,39,12,1,,,
2026-09-01 03:09:20,deployment,currencyservice,527,332,9,,,
2026-09-01 03:09:20,deployment,emailservice,16,40,1,,,
2026-09-01 03:09:20,deployment,frontend,838,169,14,,,
2026-09-01 03:09:20,http_p95_latency,frontend,,,,,,392.8
2026-09-01 03:09:20,deployment,paymentservice,12,30,1,,,
2026-09-01 03:09:20,deployment,productcatalogservice,443,65,8,,,
2026-09-01 03:09:20,deployment,recommendationservice,347,240,6,,,
2026-09-01 03:09:20,deployment,redis-cart,44,41,1,,,
2026-09-01 03:09:20,deployment,shippingservice,35,9,1,,,
2026-09-01 03:09:20,node,ze-master-node,3051,3473,,76.3,43.7,
2026-09-01 03:09:20,node,ze-worker-node,2910,2032,,72.8,25.6,
2026-09-01 03:09:27,deployment,adservice,59,95,1,,,
2026-09-01 03:09:27,deployment,cartservice,193,77,2,,,
2026-09-01 03:09:27,deployment,checkoutservice,39,12,1,,,
2026-09-01 03:09:27,deployment,currencyservice,527,332,9,,,
2026-09-01 03:09:27,deployment,emailservice,16,40,1,,,
2026-09-01 03:09:27,deployment,frontend,838,169,14,,,
2026-09-01 03:09:27,http_p95_latency,frontend,,,,,,445.1
2026-09-01 03:09:27,deployment,paymentservice,12,30,1,,,
2026-09-01 03:09:27,deployment,productcatalogservice,443,65,8,,,
2026-09-01 03:09:27,deployment,recommendationservice,347,240,6,,,
2026-09-01 03:09:27,deployment,redis-cart,44,41,1,,,
2026-09-01 03:09:27,deployment,shippingservice,35,9,1,,,
2026-09-01 03:09:27,node,ze-master-node,3051,3473,,76.3,43.7,
2026-09-01 03:09:27,node,ze-worker-node,2910,2032,,72.8,25.6,
2026-09-01 03:09:34,deployment,adservice,57,95,1,,,
2026-09-01 03:09:34,deployment,cartservice,183,77,2,,,
2026-09-01 03:09:34,deployment,checkoutservice,34,12,1,,,
2026-09-01 03:09:34,deployment,currencyservice,508,333,9,,,
2026-09-01 03:09:34,deployment,emailservice,17,40,1,,,
2026-09-01 03:09:34,deployment,frontend,819,167,14,,,
2026-09-01 03:09:34,http_p95_latency,frontend,,,,,,445.1
2026-09-01 03:09:34,deployment,paymentservice,11,30,1,,,
2026-09-01 03:09:34,deployment,productcatalogservice,438,66,8,,,
2026-09-01 03:09:34,deployment,recommendationservice,327,241,6,,,
2026-09-01 03:09:34,deployment,redis-cart,18,41,1,,,
2026-09-01 03:09:34,deployment,shippingservice,33,9,1,,,
2026-09-01 03:09:34,node,ze-master-node,2965,3483,,74.1,43.9,
2026-09-01 03:09:34,node,ze-worker-node,2774,2029,,69.3,25.6,
2026-09-01 03:09:41,deployment,adservice,57,95,1,,,
2026-09-01 03:09:41,deployment,cartservice,183,77,2,,,
2026-09-01 03:09:41,deployment,checkoutservice,34,12,1,,,
2026-09-01 03:09:41,deployment,currencyservice,508,333,9,,,
2026-09-01 03:09:41,deployment,emailservice,17,40,1,,,
2026-09-01 03:09:41,deployment,frontend,819,167,14,,,
2026-09-01 03:09:41,http_p95_latency,frontend,,,,,,462.2
2026-09-01 03:09:41,deployment,paymentservice,11,30,1,,,
2026-09-01 03:09:41,deployment,productcatalogservice,438,66,8,,,
2026-09-01 03:09:41,deployment,recommendationservice,327,241,6,,,
2026-09-01 03:09:41,deployment,redis-cart,18,41,1,,,
2026-09-01 03:09:41,deployment,shippingservice,33,9,1,,,
2026-09-01 03:09:41,node,ze-master-node,2965,3483,,74.1,43.9,
2026-09-01 03:09:41,node,ze-worker-node,2774,2029,,69.3,25.6,
2026-09-01 03:09:49,deployment,adservice,57,95,1,,,
2026-09-01 03:09:49,deployment,cartservice,183,77,2,,,
2026-09-01 03:09:49,deployment,checkoutservice,34,12,1,,,
2026-09-01 03:09:49,deployment,currencyservice,508,333,9,,,
2026-09-01 03:09:49,deployment,emailservice,17,40,1,,,
2026-09-01 03:09:49,deployment,frontend,750,167,14,,,
2026-09-01 03:09:49,http_p95_latency,frontend,,,,,,462.2
2026-09-01 03:09:49,deployment,paymentservice,10,31,1,,,
2026-09-01 03:09:49,deployment,productcatalogservice,407,65,8,,,
2026-09-01 03:09:49,deployment,recommendationservice,311,240,6,,,
2026-09-01 03:09:49,deployment,redis-cart,17,41,1,,,
2026-09-01 03:09:49,deployment,shippingservice,30,9,1,,,
2026-09-01 03:09:49,node,ze-master-node,2748,3474,,68.7,43.7,
2026-09-01 03:09:49,node,ze-worker-node,2694,2033,,67.3,25.6,
2026-09-01 03:09:55,deployment,adservice,57,95,1,,,
2026-09-01 03:09:55,deployment,cartservice,179,77,2,,,
2026-09-01 03:09:55,deployment,checkoutservice,33,12,1,,,
2026-09-01 03:09:55,deployment,currencyservice,456,336,9,,,
2026-09-01 03:09:55,deployment,emailservice,15,40,1,,,
2026-09-01 03:09:55,deployment,frontend,750,167,14,,,
2026-09-01 03:09:55,http_p95_latency,frontend,,,,,,462.2
2026-09-01 03:09:55,deployment,paymentservice,10,31,1,,,
2026-09-01 03:09:55,deployment,productcatalogservice,407,65,8,,,
2026-09-01 03:09:55,deployment,recommendationservice,311,240,6,,,
2026-09-01 03:09:55,deployment,redis-cart,17,41,1,,,
2026-09-01 03:09:55,deployment,shippingservice,30,9,1,,,
2026-09-01 03:09:55,node,ze-master-node,2748,3474,,68.7,43.7,
2026-09-01 03:09:55,node,ze-worker-node,2694,2033,,67.3,25.6,
2026-09-01 03:10:03,deployment,adservice,57,95,1,,,
2026-09-01 03:10:03,deployment,cartservice,179,77,2,,,
2026-09-01 03:10:03,deployment,checkoutservice,33,12,1,,,
2026-09-01 03:10:03,deployment,currencyservice,456,336,9,,,
2026-09-01 03:10:03,deployment,emailservice,15,40,1,,,
2026-09-01 03:10:03,deployment,frontend,743,167,14,,,
2026-09-01 03:10:03,http_p95_latency,frontend,,,,,,371.5
2026-09-01 03:10:03,deployment,paymentservice,11,30,1,,,
2026-09-01 03:10:03,deployment,productcatalogservice,408,65,8,,,
2026-09-01 03:10:03,deployment,recommendationservice,317,240,6,,,
2026-09-01 03:10:03,deployment,redis-cart,17,41,1,,,
2026-09-01 03:10:03,deployment,shippingservice,31,9,1,,,
2026-09-01 03:10:03,node,ze-master-node,2833,3483,,70.8,43.9,
2026-09-01 03:10:03,node,ze-worker-node,2705,2030,,67.6,25.6,
2026-09-01 03:10:11,deployment,adservice,56,95,1,,,
2026-09-01 03:10:11,deployment,cartservice,205,77,2,,,
2026-09-01 03:10:11,deployment,checkoutservice,38,12,1,,,
2026-09-01 03:10:11,deployment,currencyservice,471,338,9,,,
2026-09-01 03:10:11,deployment,emailservice,15,40,1,,,
2026-09-01 03:10:11,deployment,frontend,743,167,14,,,
2026-09-01 03:10:11,http_p95_latency,frontend,,,,,,304.2
2026-09-01 03:10:11,deployment,paymentservice,11,30,1,,,
2026-09-01 03:10:11,deployment,productcatalogservice,408,65,8,,,
2026-09-01 03:10:11,deployment,recommendationservice,317,240,6,,,
2026-09-01 03:10:11,deployment,redis-cart,17,41,1,,,
2026-09-01 03:10:11,deployment,shippingservice,31,9,1,,,
2026-09-01 03:10:11,node,ze-master-node,2833,3483,,70.8,43.9,
2026-09-01 03:10:11,node,ze-worker-node,2705,2030,,67.6,25.6,
2026-09-01 03:10:18,deployment,adservice,56,95,1,,,
2026-09-01 03:10:18,deployment,cartservice,205,77,2,,,
2026-09-01 03:10:18,deployment,checkoutservice,30,12,1,,,
2026-09-01 03:10:18,deployment,currencyservice,476,336,9,,,
2026-09-01 03:10:18,deployment,emailservice,16,40,1,,,
2026-09-01 03:10:18,deployment,frontend,741,167,14,,,
2026-09-01 03:10:18,http_p95_latency,frontend,,,,,,304.2
2026-09-01 03:10:18,deployment,paymentservice,10,30,1,,,
2026-09-01 03:10:18,deployment,productcatalogservice,419,67,8,,,
2026-09-01 03:10:18,deployment,recommendationservice,310,240,6,,,
2026-09-01 03:10:18,deployment,redis-cart,18,41,1,,,
2026-09-01 03:10:18,deployment,shippingservice,30,9,1,,,
2026-09-01 03:10:18,node,ze-master-node,2741,3483,,68.5,43.9,
2026-09-01 03:10:18,node,ze-worker-node,2845,2028,,71.1,25.5,
2026-09-01 03:10:26,deployment,adservice,59,95,1,,,
2026-09-01 03:10:26,deployment,cartservice,205,77,2,,,
2026-09-01 03:10:26,deployment,checkoutservice,30,12,1,,,
2026-09-01 03:10:26,deployment,currencyservice,476,336,9,,,
2026-09-01 03:10:26,deployment,emailservice,16,40,1,,,
2026-09-01 03:10:26,deployment,frontend,741,167,14,,,
2026-09-01 03:10:26,http_p95_latency,frontend,,,,,,297.4
2026-09-01 03:10:26,deployment,paymentservice,10,30,1,,,
2026-09-01 03:10:26,deployment,productcatalogservice,419,67,8,,,
2026-09-01 03:10:26,deployment,recommendationservice,310,240,6,,,
2026-09-01 03:10:26,deployment,redis-cart,18,41,1,,,
2026-09-01 03:10:26,deployment,shippingservice,30,9,1,,,
2026-09-01 03:10:26,node,ze-master-node,2741,3483,,68.5,43.9,
2026-09-01 03:10:26,node,ze-worker-node,2845,2028,,71.1,25.5,
2026-09-01 03:10:33,deployment,adservice,59,95,1,,,
2026-09-01 03:10:33,deployment,cartservice,205,77,2,,,
2026-09-01 03:10:33,deployment,checkoutservice,30,12,1,,,
2026-09-01 03:10:33,deployment,currencyservice,460,338,9,,,
2026-09-01 03:10:33,deployment,emailservice,17,42,1,,,
2026-09-01 03:10:33,deployment,frontend,727,167,14,,,
2026-09-01 03:10:33,http_p95_latency,frontend,,,,,,297.4
2026-09-01 03:10:33,deployment,paymentservice,12,30,1,,,
2026-09-01 03:10:33,deployment,productcatalogservice,404,67,8,,,
2026-09-01 03:10:33,deployment,recommendationservice,313,240,6,,,
2026-09-01 03:10:33,deployment,redis-cart,18,41,1,,,
2026-09-01 03:10:33,deployment,shippingservice,34,9,1,,,
2026-09-01 03:10:33,node,ze-master-node,2788,3470,,69.7,43.7,
2026-09-01 03:10:33,node,ze-worker-node,2676,2028,,66.9,25.5,
2026-09-01 03:10:41,deployment,adservice,50,95,1,,,
2026-09-01 03:10:41,deployment,cartservice,193,77,2,,,
2026-09-01 03:10:41,deployment,checkoutservice,42,12,1,,,
2026-09-01 03:10:41,deployment,currencyservice,460,338,9,,,
2026-09-01 03:10:41,deployment,emailservice,17,42,1,,,
2026-09-01 03:10:41,deployment,frontend,727,167,14,,,
2026-09-01 03:10:41,http_p95_latency,frontend,,,,,,243.7
2026-09-01 03:10:41,deployment,paymentservice,12,30,1,,,
2026-09-01 03:10:41,deployment,productcatalogservice,404,67,8,,,
2026-09-01 03:10:41,deployment,recommendationservice,313,240,6,,,
2026-09-01 03:10:41,deployment,redis-cart,18,41,1,,,
2026-09-01 03:10:41,deployment,shippingservice,34,9,1,,,
2026-09-01 03:10:41,node,ze-master-node,2788,3470,,69.7,43.7,
2026-09-01 03:10:41,node,ze-worker-node,2676,2028,,66.9,25.5,
2026-09-01 03:10:50,deployment,adservice,53,95,1,,,
2026-09-01 03:10:50,deployment,cartservice,158,77,2,,,
2026-09-01 03:10:50,deployment,checkoutservice,33,12,1,,,
2026-09-01 03:10:50,deployment,currencyservice,452,329,9,,,
2026-09-01 03:10:50,deployment,emailservice,17,42,1,,,
2026-09-01 03:10:50,deployment,frontend,698,167,14,,,
2026-09-01 03:10:50,http_p95_latency,frontend,,,,,,243.7
2026-09-01 03:10:50,deployment,paymentservice,9,30,1,,,
2026-09-01 03:10:50,deployment,productcatalogservice,385,67,8,,,
2026-09-01 03:10:50,deployment,recommendationservice,293,240,6,,,
2026-09-01 03:10:50,deployment,redis-cart,16,41,1,,,
2026-09-01 03:10:50,deployment,shippingservice,30,9,1,,,
2026-09-01 03:10:50,node,ze-master-node,2805,3480,,70.1,43.8,
2026-09-01 03:10:50,node,ze-worker-node,2565,2019,,64.1,25.4,
2026-09-01 03:10:58,deployment,adservice,53,95,1,,,
2026-09-01 03:10:58,deployment,cartservice,158,77,2,,,
2026-09-01 03:10:58,deployment,checkoutservice,33,12,1,,,
2026-09-01 03:10:58,deployment,currencyservice,452,329,9,,,
2026-09-01 03:10:58,deployment,emailservice,17,42,1,,,
2026-09-01 03:10:58,deployment,frontend,698,167,14,,,
2026-09-01 03:10:58,http_p95_latency,frontend,,,,,,233.5
2026-09-01 03:10:58,deployment,paymentservice,9,30,1,,,
2026-09-01 03:10:58,deployment,productcatalogservice,385,67,8,,,
2026-09-01 03:10:58,deployment,recommendationservice,293,240,6,,,
2026-09-01 03:10:58,deployment,redis-cart,16,41,1,,,
2026-09-01 03:10:58,deployment,shippingservice,30,9,1,,,
2026-09-01 03:10:58,node,ze-master-node,2805,3480,,70.1,43.8,
2026-09-01 03:10:58,node,ze-worker-node,2565,2019,,64.1,25.4,
2026-09-01 03:11:06,deployment,adservice,50,95,1,,,
2026-09-01 03:11:06,deployment,cartservice,178,77,2,,,
2026-09-01 03:11:06,deployment,checkoutservice,35,12,1,,,
2026-09-01 03:11:06,deployment,currencyservice,446,315,9,,,
2026-09-01 03:11:06,deployment,emailservice,17,40,1,,,
2026-09-01 03:11:06,deployment,frontend,679,168,14,,,
2026-09-01 03:11:06,http_p95_latency,frontend,,,,,,233.5
2026-09-01 03:11:06,deployment,paymentservice,12,30,1,,,
2026-09-01 03:11:06,deployment,productcatalogservice,376,67,8,,,
2026-09-01 03:11:06,deployment,recommendationservice,298,240,6,,,
2026-09-01 03:11:06,deployment,redis-cart,17,41,1,,,
2026-09-01 03:11:06,deployment,shippingservice,30,9,1,,,
2026-09-01 03:11:06,node,ze-master-node,2722,3510,,68.0,44.2,
2026-09-01 03:11:06,node,ze-worker-node,2469,2015,,61.7,25.4,
2026-09-01 03:11:13,deployment,adservice,50,95,1,,,
2026-09-01 03:11:13,deployment,cartservice,178,77,2,,,
2026-09-01 03:11:13,deployment,checkoutservice,35,12,1,,,
2026-09-01 03:11:13,deployment,currencyservice,446,315,9,,,
2026-09-01 03:11:13,deployment,emailservice,17,40,1,,,
2026-09-01 03:11:13,deployment,frontend,679,168,14,,,
2026-09-01 03:11:13,http_p95_latency,frontend,,,,,,239.1
2026-09-01 03:11:13,deployment,paymentservice,12,30,1,,,
2026-09-01 03:11:13,deployment,productcatalogservice,376,67,8,,,
2026-09-01 03:11:13,deployment,recommendationservice,298,240,6,,,
2026-09-01 03:11:13,deployment,redis-cart,17,41,1,,,
2026-09-01 03:11:13,deployment,shippingservice,30,9,1,,,
2026-09-01 03:11:13,node,ze-master-node,2722,3510,,68.0,44.2,
2026-09-01 03:11:13,node,ze-worker-node,2469,2015,,61.7,25.4,
2026-09-01 03:11:20,deployment,adservice,54,95,1,,,
2026-09-01 03:11:20,deployment,cartservice,188,77,2,,,
2026-09-01 03:11:20,deployment,checkoutservice,33,12,1,,,
2026-09-01 03:11:20,deployment,currencyservice,447,317,9,,,
2026-09-01 03:11:20,deployment,emailservice,17,40,1,,,
2026-09-01 03:11:20,deployment,frontend,709,168,14,,,
2026-09-01 03:11:20,http_p95_latency,frontend,,,,,,239.1
2026-09-01 03:11:20,deployment,paymentservice,12,30,1,,,
2026-09-01 03:11:20,deployment,productcatalogservice,391,67,8,,,
2026-09-01 03:11:20,deployment,recommendationservice,302,240,6,,,
2026-09-01 03:11:20,deployment,redis-cart,17,41,1,,,
2026-09-01 03:11:20,deployment,shippingservice,30,9,1,,,
2026-09-01 03:11:20,node,ze-master-node,2705,3505,,67.6,44.1,
2026-09-01 03:11:20,node,ze-worker-node,2643,2009,,66.1,25.3,
2026-09-01 03:11:27,deployment,adservice,54,95,1,,,
2026-09-01 03:11:27,deployment,cartservice,188,77,2,,,
2026-09-01 03:11:27,deployment,checkoutservice,33,12,1,,,
2026-09-01 03:11:27,deployment,currencyservice,447,317,9,,,
2026-09-01 03:11:27,deployment,emailservice,17,40,1,,,
2026-09-01 03:11:27,deployment,frontend,709,168,14,,,
2026-09-01 03:11:27,http_p95_latency,frontend,,,,,,232.6
2026-09-01 03:11:27,deployment,paymentservice,12,30,1,,,
2026-09-01 03:11:27,deployment,productcatalogservice,391,67,8,,,
2026-09-01 03:11:27,deployment,recommendationservice,302,240,6,,,
2026-09-01 03:11:27,deployment,redis-cart,17,41,1,,,
2026-09-01 03:11:27,deployment,shippingservice,30,9,1,,,
2026-09-01 03:11:27,node,ze-master-node,2705,3505,,67.6,44.1,
2026-09-01 03:11:27,node,ze-worker-node,2643,2009,,66.1,25.3,
2026-09-01 03:11:34,deployment,adservice,49,95,1,,,
2026-09-01 03:11:34,deployment,cartservice,165,77,2,,,
2026-09-01 03:11:34,deployment,checkoutservice,33,12,1,,,
2026-09-01 03:11:34,deployment,currencyservice,431,309,9,,,
2026-09-01 03:11:34,deployment,emailservice,18,40,1,,,
2026-09-01 03:11:34,deployment,frontend,660,167,14,,,
2026-09-01 03:11:34,http_p95_latency,frontend,,,,,,232.6
2026-09-01 03:11:34,deployment,paymentservice,11,30,1,,,
2026-09-01 03:11:34,deployment,productcatalogservice,374,66,8,,,
2026-09-01 03:11:34,deployment,recommendationservice,298,240,6,,,
2026-09-01 03:11:34,deployment,redis-cart,16,41,1,,,
2026-09-01 03:11:34,deployment,shippingservice,29,9,1,,,
2026-09-01 03:11:34,node,ze-master-node,2655,3511,,66.4,44.2,
2026-09-01 03:11:34,node,ze-worker-node,2498,2017,,62.5,25.4,
2026-09-01 03:11:43,deployment,adservice,49,95,1,,,
2026-09-01 03:11:43,deployment,cartservice,165,77,2,,,
2026-09-01 03:11:43,deployment,checkoutservice,33,12,1,,,
2026-09-01 03:11:43,deployment,currencyservice,431,309,9,,,
2026-09-01 03:11:43,deployment,emailservice,18,40,1,,,
2026-09-01 03:11:43,deployment,frontend,660,167,14,,,
2026-09-01 03:11:43,http_p95_latency,frontend,,,,,,235.8
2026-09-01 03:11:43,deployment,paymentservice,11,30,1,,,
2026-09-01 03:11:43,deployment,productcatalogservice,374,66,8,,,
2026-09-01 03:11:43,deployment,recommendationservice,298,240,6,,,
2026-09-01 03:11:43,deployment,redis-cart,16,41,1,,,
2026-09-01 03:11:43,deployment,shippingservice,29,9,1,,,
2026-09-01 03:11:43,node,ze-master-node,2655,3511,,66.4,44.2,
2026-09-01 03:11:43,node,ze-worker-node,2498,2017,,62.5,25.4,
2026-09-01 03:11:49,deployment,adservice,43,95,1,,,
2026-09-01 03:11:49,deployment,cartservice,166,77,2,,,
2026-09-01 03:11:49,deployment,checkoutservice,34,12,1,,,
2026-09-01 03:11:49,deployment,currencyservice,419,302,9,,,
2026-09-01 03:11:49,deployment,emailservice,16,40,1,,,
2026-09-01 03:11:49,deployment,frontend,612,167,14,,,
2026-09-01 03:11:49,http_p95_latency,frontend,,,,,,235.8
2026-09-01 03:11:49,deployment,paymentservice,10,30,1,,,
2026-09-01 03:11:49,deployment,productcatalogservice,349,70,8,,,
2026-09-01 03:11:49,deployment,recommendationservice,273,240,6,,,
2026-09-01 03:11:49,deployment,redis-cart,15,41,1,,,
2026-09-01 03:11:49,deployment,shippingservice,27,9,1,,,
2026-09-01 03:11:49,node,ze-master-node,2618,3522,,65.5,44.4,
2026-09-01 03:11:49,node,ze-worker-node,2356,2012,,58.9,25.3,
2026-09-01 03:11:57,deployment,adservice,43,95,1,,,
2026-09-01 03:11:57,deployment,cartservice,166,77,2,,,
2026-09-01 03:11:57,deployment,checkoutservice,34,12,1,,,
2026-09-01 03:11:57,deployment,currencyservice,419,302,9,,,
2026-09-01 03:11:57,deployment,emailservice,16,40,1,,,
2026-09-01 03:11:57,deployment,frontend,612,167,14,,,
2026-09-01 03:11:57,http_p95_latency,frontend,,,,,,227.5
2026-09-01 03:11:57,deployment,paymentservice,10,30,1,,,
2026-09-01 03:11:57,deployment,productcatalogservice,349,70,8,,,
2026-09-01 03:11:57,deployment,recommendationservice,273,240,6,,,
2026-09-01 03:11:57,deployment,redis-cart,15,41,1,,,
2026-09-01 03:11:57,deployment,shippingservice,27,9,1,,,
2026-09-01 03:11:57,node,ze-master-node,2618,3522,,65.5,44.4,
2026-09-01 03:11:57,node,ze-worker-node,2356,2012,,58.9,25.3,
2026-09-01 03:12:04,deployment,adservice,44,95,1,,,
2026-09-01 03:12:04,deployment,cartservice,150,77,2,,,
2026-09-01 03:12:04,deployment,checkoutservice,33,12,1,,,
2026-09-01 03:12:04,deployment,currencyservice,410,302,9,,,
2026-09-01 03:12:04,deployment,emailservice,15,40,1,,,
2026-09-01 03:12:04,deployment,frontend,590,168,14,,,
2026-09-01 03:12:04,http_p95_latency,frontend,,,,,,227.5
2026-09-01 03:12:04,deployment,paymentservice,10,30,1,,,
2026-09-01 03:12:04,deployment,productcatalogservice,341,64,8,,,
2026-09-01 03:12:04,deployment,recommendationservice,261,242,6,,,
2026-09-01 03:12:04,deployment,redis-cart,53,41,1,,,
2026-09-01 03:12:04,deployment,shippingservice,29,9,1,,,
2026-09-01 03:12:04,node,ze-master-node,2449,3523,,61.2,44.4,
2026-09-01 03:12:04,node,ze-worker-node,2389,2007,,59.7,25.3,
2026-09-01 03:12:12,deployment,adservice,44,95,1,,,
2026-09-01 03:12:12,deployment,cartservice,150,77,2,,,
2026-09-01 03:12:12,deployment,checkoutservice,33,12,1,,,
2026-09-01 03:12:12,deployment,currencyservice,410,302,9,,,
2026-09-01 03:12:12,deployment,emailservice,15,40,1,,,
2026-09-01 03:12:12,deployment,frontend,590,168,14,,,
2026-09-01 03:12:12,http_p95_latency,frontend,,,,,,241.0
2026-09-01 03:12:12,deployment,paymentservice,10,30,1,,,
2026-09-01 03:12:12,deployment,productcatalogservice,341,64,8,,,
2026-09-01 03:12:12,deployment,recommendationservice,261,242,6,,,
2026-09-01 03:12:12,deployment,redis-cart,53,41,1,,,
2026-09-01 03:12:12,deployment,shippingservice,29,9,1,,,
2026-09-01 03:12:12,node,ze-master-node,2449,3523,,61.2,44.4,
2026-09-01 03:12:12,node,ze-worker-node,2389,2007,,59.7,25.3,
2026-09-01 03:12:19,deployment,adservice,44,95,1,,,
2026-09-01 03:12:19,deployment,cartservice,160,77,2,,,
2026-09-01 03:12:19,deployment,checkoutservice,31,12,1,,,
2026-09-01 03:12:19,deployment,currencyservice,412,306,9,,,
2026-09-01 03:12:19,deployment,emailservice,17,40,1,,,
2026-09-01 03:12:19,deployment,frontend,603,167,14,,,
2026-09-01 03:12:19,http_p95_latency,frontend,,,,,,241.0
2026-09-01 03:12:19,deployment,paymentservice,9,33,1,,,
2026-09-01 03:12:19,deployment,productcatalogservice,358,64,8,,,
2026-09-01 03:12:19,deployment,recommendationservice,271,242,6,,,
2026-09-01 03:12:19,deployment,redis-cart,15,41,1,,,
2026-09-01 03:12:19,deployment,shippingservice,27,9,1,,,
2026-09-01 03:12:19,node,ze-master-node,2593,3492,,64.8,44.0,
2026-09-01 03:12:19,node,ze-worker-node,2351,2016,,58.8,25.4,
2026-09-01 03:12:27,deployment,adservice,45,95,1,,,
2026-09-01 03:12:27,deployment,cartservice,160,77,2,,,
2026-09-01 03:12:27,deployment,checkoutservice,31,12,1,,,
2026-09-01 03:12:27,deployment,currencyservice,412,306,9,,,
2026-09-01 03:12:27,deployment,emailservice,17,40,1,,,
2026-09-01 03:12:27,deployment,frontend,603,167,14,,,
2026-09-01 03:12:27,http_p95_latency,frontend,,,,,,232.1
2026-09-01 03:12:27,deployment,paymentservice,9,33,1,,,
2026-09-01 03:12:27,deployment,productcatalogservice,358,64,8,,,
2026-09-01 03:12:27,deployment,recommendationservice,271,242,6,,,
2026-09-01 03:12:27,deployment,redis-cart,15,41,1,,,
2026-09-01 03:12:27,deployment,shippingservice,27,9,1,,,
2026-09-01 03:12:27,node,ze-master-node,2593,3492,,64.8,44.0,
2026-09-01 03:12:27,node,ze-worker-node,2351,2016,,58.8,25.4,
2026-09-01 03:12:34,deployment,adservice,42,95,1,,,
2026-09-01 03:12:34,deployment,cartservice,150,77,2,,,
2026-09-01 03:12:34,deployment,checkoutservice,28,12,1,,,
2026-09-01 03:12:34,deployment,currencyservice,393,311,9,,,
2026-09-01 03:12:34,deployment,emailservice,15,40,1,,,
2026-09-01 03:12:34,deployment,frontend,558,168,14,,,
2026-09-01 03:12:34,http_p95_latency,frontend,,,,,,232.1
2026-09-01 03:12:34,deployment,paymentservice,10,31,1,,,
2026-09-01 03:12:34,deployment,productcatalogservice,344,64,8,,,
2026-09-01 03:12:34,deployment,recommendationservice,262,240,6,,,
2026-09-01 03:12:34,deployment,redis-cart,15,41,1,,,
2026-09-01 03:12:34,deployment,shippingservice,26,9,1,,,
2026-09-01 03:12:34,node,ze-master-node,2433,3479,,60.8,43.8,
2026-09-01 03:12:34,node,ze-worker-node,2253,2015,,56.3,25.4,
2026-09-01 03:12:41,deployment,adservice,42,95,1,,,
2026-09-01 03:12:41,deployment,cartservice,150,77,2,,,
2026-09-01 03:12:41,deployment,checkoutservice,28,12,1,,,
2026-09-01 03:12:41,deployment,currencyservice,393,311,9,,,
2026-09-01 03:12:41,deployment,emailservice,15,40,1,,,
2026-09-01 03:12:41,deployment,frontend,558,168,14,,,
2026-09-01 03:12:41,http_p95_latency,frontend,,,,,,217.3
2026-09-01 03:12:41,deployment,paymentservice,10,31,1,,,
2026-09-01 03:12:41,deployment,productcatalogservice,344,64,8,,,
2026-09-01 03:12:41,deployment,recommendationservice,262,240,6,,,
2026-09-01 03:12:41,deployment,redis-cart,15,41,1,,,
2026-09-01 03:12:41,deployment,shippingservice,26,9,1,,,
2026-09-01 03:12:41,node,ze-master-node,2433,3479,,60.8,43.8,
2026-09-01 03:12:41,node,ze-worker-node,2253,2015,,56.3,25.4,
2026-09-01 03:12:49,deployment,adservice,42,95,1,,,
2026-09-01 03:12:49,deployment,cartservice,150,77,2,,,
2026-09-01 03:12:49,deployment,checkoutservice,32,12,1,,,
2026-09-01 03:12:49,deployment,currencyservice,366,317,9,,,
2026-09-01 03:12:49,deployment,emailservice,20,40,1,,,
2026-09-01 03:12:49,deployment,frontend,556,168,14,,,
2026-09-01 03:12:49,http_p95_latency,frontend,,,,,,217.3
2026-09-01 03:12:49,deployment,paymentservice,11,31,1,,,
2026-09-01 03:12:49,deployment,productcatalogservice,332,65,8,,,
2026-09-01 03:12:49,deployment,recommendationservice,244,241,6,,,
2026-09-01 03:12:49,deployment,redis-cart,14,41,1,,,
2026-09-01 03:12:49,deployment,shippingservice,26,9,1,,,
2026-09-01 03:12:49,node,ze-master-node,2462,3478,,61.6,43.8,
2026-09-01 03:12:49,node,ze-worker-node,2202,2019,,55.0,25.4,
2026-09-01 03:12:56,deployment,adservice,38,95,1,,,
2026-09-01 03:12:56,deployment,cartservice,134,77,2,,,
2026-09-01 03:12:56,deployment,checkoutservice,32,12,1,,,
2026-09-01 03:12:56,deployment,currencyservice,366,317,9,,,
2026-09-01 03:12:56,deployment,emailservice,20,40,1,,,
2026-09-01 03:12:56,deployment,frontend,556,168,14,,,
2026-09-01 03:12:56,http_p95_latency,frontend,,,,,,217.3
2026-09-01 03:12:56,deployment,paymentservice,11,31,1,,,
2026-09-01 03:12:56,deployment,productcatalogservice,332,65,8,,,
2026-09-01 03:12:56,deployment,recommendationservice,244,241,6,,,
2026-09-01 03:12:56,deployment,redis-cart,14,41,1,,,
2026-09-01 03:12:56,deployment,shippingservice,26,9,1,,,
2026-09-01 03:12:56,node,ze-master-node,2462,3478,,61.6,43.8,
2026-09-01 03:12:56,node,ze-worker-node,2202,2019,,55.0,25.4,
2026-09-01 03:13:03,deployment,adservice,38,95,1,,,
2026-09-01 03:13:03,deployment,cartservice,134,77,2,,,
2026-09-01 03:13:03,deployment,checkoutservice,32,12,1,,,
2026-09-01 03:13:03,deployment,currencyservice,366,317,9,,,
2026-09-01 03:13:03,deployment,emailservice,20,40,1,,,
2026-09-01 03:13:03,deployment,frontend,556,168,14,,,
2026-09-01 03:13:03,http_p95_latency,frontend,,,,,,177.8
2026-09-01 03:13:03,deployment,paymentservice,11,31,1,,,
2026-09-01 03:13:03,deployment,productcatalogservice,320,66,8,,,
2026-09-01 03:13:03,deployment,recommendationservice,249,240,6,,,
2026-09-01 03:13:03,deployment,redis-cart,14,41,1,,,
2026-09-01 03:13:03,deployment,shippingservice,29,9,1,,,
2026-09-01 03:13:03,node,ze-master-node,2266,3475,,56.6,43.8,
2026-09-01 03:13:03,node,ze-worker-node,2184,2016,,54.6,25.4,
2026-09-01 03:13:10,deployment,adservice,40,95,1,,,
2026-09-01 03:13:10,deployment,cartservice,134,77,2,,,
2026-09-01 03:13:10,deployment,checkoutservice,25,11,1,,,
2026-09-01 03:13:10,deployment,currencyservice,366,320,9,,,
2026-09-01 03:13:10,deployment,emailservice,16,40,1,,,
2026-09-01 03:13:10,deployment,frontend,533,167,14,,,
2026-09-01 03:13:10,http_p95_latency,frontend,,,,,,177.8
2026-09-01 03:13:10,deployment,paymentservice,10,31,1,,,
2026-09-01 03:13:10,deployment,productcatalogservice,320,66,8,,,
2026-09-01 03:13:10,deployment,recommendationservice,249,240,6,,,
2026-09-01 03:13:10,deployment,redis-cart,14,41,1,,,
2026-09-01 03:13:10,deployment,shippingservice,29,9,1,,,
2026-09-01 03:13:10,node,ze-master-node,2266,3475,,56.6,43.8,
2026-09-01 03:13:10,node,ze-worker-node,2184,2016,,54.6,25.4,
2026-09-01 03:13:18,deployment,adservice,40,95,1,,,
2026-09-01 03:13:18,deployment,cartservice,144,77,2,,,
2026-09-01 03:13:18,deployment,checkoutservice,31,12,1,,,
2026-09-01 03:13:18,deployment,currencyservice,375,322,9,,,
2026-09-01 03:13:18,deployment,emailservice,18,40,1,,,
2026-09-01 03:13:18,deployment,frontend,539,167,14,,,
2026-09-01 03:13:18,http_p95_latency,frontend,,,,,,179.7
2026-09-01 03:13:18,deployment,paymentservice,11,31,1,,,
2026-09-01 03:13:18,deployment,productcatalogservice,332,65,8,,,
2026-09-01 03:13:18,deployment,recommendationservice,256,244,6,,,
2026-09-01 03:13:18,deployment,redis-cart,15,41,1,,,
2026-09-01 03:13:18,deployment,shippingservice,26,9,1,,,
2026-09-01 03:13:18,node,ze-master-node,2426,3482,,60.7,43.8,
2026-09-01 03:13:18,node,ze-worker-node,2233,2023,,55.8,25.5,
2026-09-01 03:13:26,deployment,adservice,38,95,1,,,
2026-09-01 03:13:26,deployment,cartservice,144,77,2,,,
2026-09-01 03:13:26,deployment,checkoutservice,31,12,1,,,
2026-09-01 03:13:26,deployment,currencyservice,375,322,9,,,
2026-09-01 03:13:26,deployment,emailservice,18,40,1,,,
2026-09-01 03:13:26,deployment,frontend,539,167,14,,,
2026-09-01 03:13:26,http_p95_latency,frontend,,,,,,206.8
2026-09-01 03:13:26,deployment,paymentservice,11,31,1,,,
2026-09-01 03:13:26,deployment,productcatalogservice,332,65,8,,,
2026-09-01 03:13:26,deployment,recommendationservice,256,244,6,,,
2026-09-01 03:13:26,deployment,redis-cart,15,41,1,,,
2026-09-01 03:13:26,deployment,shippingservice,26,9,1,,,
2026-09-01 03:13:26,node,ze-master-node,2426,3482,,60.7,43.8,
2026-09-01 03:13:26,node,ze-worker-node,2233,2023,,55.8,25.5,
2026-09-01 03:13:33,deployment,adservice,38,95,1,,,
2026-09-01 03:13:33,deployment,cartservice,144,77,2,,,
2026-09-01 03:13:33,deployment,checkoutservice,31,12,1,,,
2026-09-01 03:13:33,deployment,currencyservice,409,331,9,,,
2026-09-01 03:13:33,deployment,emailservice,16,40,1,,,
2026-09-01 03:13:33,deployment,frontend,595,168,14,,,
2026-09-01 03:13:33,http_p95_latency,frontend,,,,,,206.8
2026-09-01 03:13:33,deployment,paymentservice,10,31,1,,,
2026-09-01 03:13:33,deployment,productcatalogservice,342,64,8,,,
2026-09-01 03:13:33,deployment,recommendationservice,260,240,6,,,
2026-09-01 03:13:33,deployment,redis-cart,16,41,1,,,
2026-09-01 03:13:33,deployment,shippingservice,29,9,1,,,
2026-09-01 03:13:33,node,ze-master-node,2506,3480,,62.6,43.8,
2026-09-01 03:13:33,node,ze-worker-node,2445,2021,,61.1,25.5,
2026-09-01 03:13:41,deployment,adservice,43,95,1,,,
2026-09-01 03:13:41,deployment,cartservice,147,77,2,,,
2026-09-01 03:13:41,deployment,checkoutservice,31,12,1,,,
2026-09-01 03:13:41,deployment,currencyservice,409,331,9,,,
2026-09-01 03:13:41,deployment,emailservice,16,40,1,,,
2026-09-01 03:13:41,deployment,frontend,595,168,14,,,
2026-09-01 03:13:41,http_p95_latency,frontend,,,,,,224.4
2026-09-01 03:13:41,deployment,paymentservice,10,31,1,,,
2026-09-01 03:13:41,deployment,productcatalogservice,342,64,8,,,
2026-09-01 03:13:41,deployment,recommendationservice,260,240,6,,,
2026-09-01 03:13:41,deployment,redis-cart,16,41,1,,,
2026-09-01 03:13:41,deployment,shippingservice,29,9,1,,,
2026-09-01 03:13:41,node,ze-master-node,2506,3480,,62.6,43.8,
2026-09-01 03:13:41,node,ze-worker-node,2445,2021,,61.1,25.5,
2026-09-01 03:13:49,deployment,adservice,48,95,1,,,
2026-09-01 03:13:49,deployment,cartservice,148,77,2,,,
2026-09-01 03:13:49,deployment,checkoutservice,30,12,1,,,
2026-09-01 03:13:49,deployment,currencyservice,427,311,9,,,
2026-09-01 03:13:49,deployment,emailservice,15,40,1,,,
2026-09-01 03:13:49,deployment,frontend,633,166,14,,,
2026-09-01 03:13:49,http_p95_latency,frontend,,,,,,224.4
2026-09-01 03:13:49,deployment,paymentservice,9,33,1,,,
2026-09-01 03:13:49,deployment,productcatalogservice,360,66,8,,,
2026-09-01 03:13:49,deployment,recommendationservice,275,240,6,,,
2026-09-01 03:13:49,deployment,redis-cart,16,41,1,,,
2026-09-01 03:13:49,deployment,shippingservice,29,9,1,,,
2026-09-01 03:13:49,node,ze-master-node,2612,3473,,65.3,43.7,
2026-09-01 03:13:49,node,ze-worker-node,2457,2019,,61.4,25.4,
2026-09-01 03:13:56,deployment,adservice,48,95,1,,,
2026-09-01 03:13:56,deployment,cartservice,148,77,2,,,
2026-09-01 03:13:56,deployment,checkoutservice,30,12,1,,,
2026-09-01 03:13:56,deployment,currencyservice,427,311,9,,,
2026-09-01 03:13:56,deployment,emailservice,15,40,1,,,
2026-09-01 03:13:56,deployment,frontend,633,166,14,,,
2026-09-01 03:13:56,http_p95_latency,frontend,,,,,,224.4
2026-09-01 03:13:56,deployment,paymentservice,9,33,1,,,
2026-09-01 03:13:56,deployment,productcatalogservice,360,66,8,,,
2026-09-01 03:13:56,deployment,recommendationservice,275,240,6,,,
2026-09-01 03:13:56,deployment,redis-cart,16,41,1,,,
2026-09-01 03:13:56,deployment,shippingservice,29,9,1,,,
2026-09-01 03:13:56,node,ze-master-node,2612,3473,,65.3,43.7,
2026-09-01 03:13:56,node,ze-worker-node,2457,2019,,61.4,25.4,
2026-09-01 03:14:02,deployment,adservice,48,95,1,,,
2026-09-01 03:14:02,deployment,cartservice,148,77,2,,,
2026-09-01 03:14:02,deployment,checkoutservice,30,12,1,,,
2026-09-01 03:14:02,deployment,currencyservice,427,311,9,,,
2026-09-01 03:14:02,deployment,emailservice,15,40,1,,,
2026-09-01 03:14:02,deployment,frontend,633,166,14,,,
2026-09-01 03:14:02,http_p95_latency,frontend,,,,,,237.2
2026-09-01 03:14:02,deployment,paymentservice,9,31,1,,,
2026-09-01 03:14:02,deployment,productcatalogservice,362,65,8,,,
2026-09-01 03:14:02,deployment,recommendationservice,278,240,6,,,
2026-09-01 03:14:02,deployment,redis-cart,17,41,1,,,
2026-09-01 03:14:02,deployment,shippingservice,28,9,1,,,
2026-09-01 03:14:02,node,ze-master-node,2544,3468,,63.6,43.7,
2026-09-01 03:14:02,node,ze-worker-node,2489,2013,,62.2,25.3,
2026-09-01 03:14:10,deployment,adservice,47,95,1,,,
2026-09-01 03:14:10,deployment,cartservice,195,77,2,,,
2026-09-01 03:14:10,deployment,checkoutservice,33,12,1,,,
2026-09-01 03:14:10,deployment,currencyservice,424,309,9,,,
2026-09-01 03:14:10,deployment,emailservice,17,40,1,,,
2026-09-01 03:14:10,deployment,frontend,647,167,14,,,
2026-09-01 03:14:10,http_p95_latency,frontend,,,,,,220.3
2026-09-01 03:14:10,deployment,paymentservice,9,31,1,,,
2026-09-01 03:14:10,deployment,productcatalogservice,362,65,8,,,
2026-09-01 03:14:10,deployment,recommendationservice,278,240,6,,,
2026-09-01 03:14:10,deployment,redis-cart,17,41,1,,,
2026-09-01 03:14:10,deployment,shippingservice,28,9,1,,,
2026-09-01 03:14:10,node,ze-master-node,2544,3468,,63.6,43.7,
2026-09-01 03:14:10,node,ze-worker-node,2489,2013,,62.2,25.3,
2026-09-01 03:14:18,deployment,adservice,47,95,1,,,
2026-09-01 03:14:18,deployment,cartservice,192,79,2,,,
2026-09-01 03:14:18,deployment,checkoutservice,30,12,1,,,
2026-09-01 03:14:18,deployment,currencyservice,415,311,9,,,
2026-09-01 03:14:18,deployment,emailservice,13,40,1,,,
2026-09-01 03:14:18,deployment,frontend,624,168,14,,,
2026-09-01 03:14:18,http_p95_latency,frontend,,,,,,220.3
2026-09-01 03:14:18,deployment,paymentservice,9,31,1,,,
2026-09-01 03:14:18,deployment,productcatalogservice,360,64,8,,,
2026-09-01 03:14:18,deployment,recommendationservice,264,240,6,,,
2026-09-01 03:14:18,deployment,redis-cart,16,41,1,,,
2026-09-01 03:14:18,deployment,shippingservice,27,9,1,,,
2026-09-01 03:14:18,node,ze-master-node,2558,3460,,63.9,43.6,
2026-09-01 03:14:18,node,ze-worker-node,2414,2018,,60.4,25.4,
2026-09-01 03:14:26,deployment,adservice,48,95,1,,,
2026-09-01 03:14:26,deployment,cartservice,192,79,2,,,
2026-09-01 03:14:26,deployment,checkoutservice,30,12,1,,,
2026-09-01 03:14:26,deployment,currencyservice,415,311,9,,,
2026-09-01 03:14:26,deployment,emailservice,13,40,1,,,
2026-09-01 03:14:26,deployment,frontend,624,168,14,,,
2026-09-01 03:14:26,http_p95_latency,frontend,,,,,,223.0
2026-09-01 03:14:26,deployment,paymentservice,9,31,1,,,
2026-09-01 03:14:26,deployment,productcatalogservice,360,64,8,,,
2026-09-01 03:14:26,deployment,recommendationservice,264,240,6,,,
2026-09-01 03:14:26,deployment,redis-cart,16,41,1,,,
2026-09-01 03:14:26,deployment,shippingservice,27,9,1,,,
2026-09-01 03:14:26,node,ze-master-node,2558,3460,,63.9,43.6,
2026-09-01 03:14:26,node,ze-worker-node,2414,2018,,60.4,25.4,
2026-09-01 03:14:34,deployment,adservice,48,95,1,,,
2026-09-01 03:14:34,deployment,cartservice,192,79,2,,,
2026-09-01 03:14:34,deployment,checkoutservice,30,12,1,,,
2026-09-01 03:14:34,deployment,currencyservice,415,311,9,,,
2026-09-01 03:14:34,deployment,emailservice,13,40,1,,,
2026-09-01 03:14:34,deployment,frontend,674,168,14,,,
2026-09-01 03:14:34,http_p95_latency,frontend,,,,,,223.0
2026-09-01 03:14:34,deployment,paymentservice,12,31,1,,,
2026-09-01 03:14:34,deployment,productcatalogservice,356,64,8,,,
2026-09-01 03:14:34,deployment,recommendationservice,272,240,6,,,
2026-09-01 03:14:34,deployment,redis-cart,17,41,1,,,
2026-09-01 03:14:34,deployment,shippingservice,28,9,1,,,
2026-09-01 03:14:34,node,ze-master-node,2709,3479,,67.7,43.8,
2026-09-01 03:14:34,node,ze-worker-node,2704,2030,,67.6,25.6,
2026-09-01 03:14:40,deployment,adservice,50,95,1,,,
2026-09-01 03:14:40,deployment,cartservice,191,77,2,,,
2026-09-01 03:14:40,deployment,checkoutservice,34,12,1,,,
2026-09-01 03:14:40,deployment,currencyservice,447,324,9,,,
2026-09-01 03:14:40,deployment,emailservice,15,40,1,,,
2026-09-01 03:14:40,deployment,frontend,674,168,14,,,
2026-09-01 03:14:40,http_p95_latency,frontend,,,,,,232.4
2026-09-01 03:14:40,deployment,paymentservice,12,31,1,,,
2026-09-01 03:14:40,deployment,productcatalogservice,356,64,8,,,
2026-09-01 03:14:40,deployment,recommendationservice,272,240,6,,,
2026-09-01 03:14:40,deployment,redis-cart,17,41,1,,,
2026-09-01 03:14:40,deployment,shippingservice,28,9,1,,,
2026-09-01 03:14:40,node,ze-master-node,2709,3479,,67.7,43.8,
2026-09-01 03:14:40,node,ze-worker-node,2704,2030,,67.6,25.6,
2026-09-01 03:14:49,deployment,adservice,50,95,1,,,
2026-09-01 03:14:49,deployment,cartservice,191,77,2,,,
2026-09-01 03:14:49,deployment,checkoutservice,33,12,1,,,
2026-09-01 03:14:49,deployment,currencyservice,423,291,8,,,
2026-09-01 03:14:49,deployment,emailservice,16,40,1,,,
2026-09-01 03:14:49,deployment,frontend,750,168,14,,,
2026-09-01 03:14:49,http_p95_latency,frontend,,,,,,232.4
2026-09-01 03:14:49,deployment,paymentservice,10,31,1,,,
2026-09-01 03:14:49,deployment,productcatalogservice,405,64,8,,,
2026-09-01 03:14:49,deployment,recommendationservice,308,240,6,,,
2026-09-01 03:14:49,deployment,redis-cart,17,41,1,,,
2026-09-01 03:14:49,deployment,shippingservice,30,9,1,,,
2026-09-01 03:14:49,node,ze-master-node,2922,3478,,73.0,43.8,
2026-09-01 03:14:49,node,ze-worker-node,2687,1991,,67.2,25.1,
2026-09-01 03:14:56,deployment,adservice,55,95,1,,,
2026-09-01 03:14:56,deployment,cartservice,180,77,2,,,
2026-09-01 03:14:56,deployment,checkoutservice,33,12,1,,,
2026-09-01 03:14:56,deployment,currencyservice,423,291,8,,,
2026-09-01 03:14:56,deployment,emailservice,16,40,1,,,
2026-09-01 03:14:56,deployment,frontend,750,168,14,,,
2026-09-01 03:14:56,http_p95_latency,frontend,,,,,,231.1
2026-09-01 03:14:56,deployment,paymentservice,10,31,1,,,
2026-09-01 03:14:56,deployment,productcatalogservice,405,64,8,,,
2026-09-01 03:14:56,deployment,recommendationservice,308,240,6,,,
2026-09-01 03:14:56,deployment,redis-cart,17,41,1,,,
2026-09-01 03:14:56,deployment,shippingservice,30,9,1,,,
2026-09-01 03:14:56,node,ze-master-node,2922,3478,,73.0,43.8,
2026-09-01 03:14:56,node,ze-worker-node,2687,1991,,67.2,25.1,
2026-09-01 03:15:03,deployment,adservice,55,95,1,,,
2026-09-01 03:15:03,deployment,cartservice,180,77,2,,,
2026-09-01 03:15:03,deployment,checkoutservice,33,12,1,,,
2026-09-01 03:15:03,deployment,currencyservice,423,291,8,,,
2026-09-01 03:15:03,deployment,emailservice,16,40,1,,,
2026-09-01 03:15:03,deployment,frontend,750,168,14,,,
2026-09-01 03:15:03,http_p95_latency,frontend,,,,,,231.1
2026-09-01 03:15:03,deployment,paymentservice,10,31,1,,,
2026-09-01 03:15:03,deployment,productcatalogservice,408,65,8,,,
2026-09-01 03:15:03,deployment,recommendationservice,313,240,6,,,
2026-09-01 03:15:03,deployment,redis-cart,18,41,1,,,
2026-09-01 03:15:03,deployment,shippingservice,31,9,1,,,
2026-09-01 03:15:03,node,ze-master-node,2899,3496,,72.5,44.0,
2026-09-01 03:15:03,node,ze-worker-node,2608,1986,,65.2,25.0,
2026-09-01 03:15:10,deployment,adservice,55,95,1,,,
2026-09-01 03:15:10,deployment,cartservice,189,77,2,,,
2026-09-01 03:15:10,deployment,checkoutservice,36,12,1,,,
2026-09-01 03:15:10,deployment,currencyservice,441,291,8,,,
2026-09-01 03:15:10,deployment,emailservice,16,40,1,,,
2026-09-01 03:15:10,deployment,frontend,743,168,14,,,
2026-09-01 03:15:10,http_p95_latency,frontend,,,,,,231.1
2026-09-01 03:15:10,deployment,paymentservice,10,31,1,,,
2026-09-01 03:15:10,deployment,productcatalogservice,408,65,8,,,
2026-09-01 03:15:10,deployment,recommendationservice,313,240,6,,,
2026-09-01 03:15:10,deployment,redis-cart,18,41,1,,,
2026-09-01 03:15:10,deployment,shippingservice,31,9,1,,,
2026-09-01 03:15:10,node,ze-master-node,2899,3496,,72.5,44.0,
2026-09-01 03:15:10,node,ze-worker-node,2608,1986,,65.2,25.0,
2026-09-01 03:15:18,deployment,adservice,55,95,1,,,
2026-09-01 03:15:18,deployment,cartservice,189,77,2,,,
2026-09-01 03:15:18,deployment,checkoutservice,36,12,1,,,
2026-09-01 03:15:18,deployment,currencyservice,441,291,8,,,
2026-09-01 03:15:18,deployment,emailservice,16,40,1,,,
2026-09-01 03:15:18,deployment,frontend,743,168,14,,,
2026-09-01 03:15:18,http_p95_latency,frontend,,,,,,242.3
2026-09-01 03:15:18,deployment,paymentservice,10,31,1,,,
2026-09-01 03:15:18,deployment,productcatalogservice,419,64,8,,,
2026-09-01 03:15:18,deployment,recommendationservice,321,240,6,,,
2026-09-01 03:15:18,deployment,redis-cart,18,41,1,,,
2026-09-01 03:15:18,deployment,shippingservice,31,9,1,,,
2026-09-01 03:15:18,node,ze-master-node,2905,3486,,72.6,43.9,
2026-09-01 03:15:18,node,ze-worker-node,2819,1984,,70.5,25.0,
2026-09-01 03:15:25,deployment,adservice,55,95,1,,,
2026-09-01 03:15:25,deployment,cartservice,174,77,2,,,
2026-09-01 03:15:25,deployment,checkoutservice,37,12,1,,,
2026-09-01 03:15:25,deployment,currencyservice,452,296,8,,,
2026-09-01 03:15:25,deployment,emailservice,15,40,1,,,
2026-09-01 03:15:25,deployment,frontend,741,168,14,,,
2026-09-01 03:15:25,http_p95_latency,frontend,,,,,,243.8
2026-09-01 03:15:25,deployment,paymentservice,9,32,1,,,
2026-09-01 03:15:25,deployment,productcatalogservice,419,64,8,,,
2026-09-01 03:15:25,deployment,recommendationservice,321,240,6,,,
2026-09-01 03:15:25,deployment,redis-cart,18,41,1,,,
2026-09-01 03:15:25,deployment,shippingservice,31,9,1,,,
2026-09-01 03:15:25,node,ze-master-node,2905,3486,,72.6,43.9,
2026-09-01 03:15:25,node,ze-worker-node,2819,1984,,70.5,25.0,
2026-09-01 03:15:34,deployment,adservice,55,95,1,,,
2026-09-01 03:15:34,deployment,cartservice,174,77,2,,,
2026-09-01 03:15:34,deployment,checkoutservice,37,12,1,,,
2026-09-01 03:15:34,deployment,currencyservice,452,296,8,,,
2026-09-01 03:15:34,deployment,emailservice,16,40,1,,,
2026-09-01 03:15:34,deployment,frontend,798,167,14,,,
2026-09-01 03:15:34,http_p95_latency,frontend,,,,,,243.8
2026-09-01 03:15:34,deployment,paymentservice,11,31,1,,,
2026-09-01 03:15:34,deployment,productcatalogservice,420,66,8,,,
2026-09-01 03:15:34,deployment,recommendationservice,326,240,6,,,
2026-09-01 03:15:34,deployment,redis-cart,46,41,1,,,
2026-09-01 03:15:34,deployment,shippingservice,29,9,1,,,
2026-09-01 03:15:34,node,ze-master-node,3077,3494,,76.9,44.0,
2026-09-01 03:15:34,node,ze-worker-node,2848,1983,,71.2,25.0,
2026-09-01 03:15:41,deployment,adservice,60,95,1,,,
2026-09-01 03:15:41,deployment,cartservice,228,77,2,,,
2026-09-01 03:15:41,deployment,checkoutservice,37,12,1,,,
2026-09-01 03:15:41,deployment,currencyservice,510,294,8,,,
2026-09-01 03:15:41,deployment,emailservice,16,40,1,,,
2026-09-01 03:15:41,deployment,frontend,798,167,14,,,
2026-09-01 03:15:41,http_p95_latency,frontend,,,,,,268.1
2026-09-01 03:15:41,deployment,paymentservice,11,31,1,,,
2026-09-01 03:15:41,deployment,productcatalogservice,420,66,8,,,
2026-09-01 03:15:41,deployment,recommendationservice,326,240,6,,,
2026-09-01 03:15:41,deployment,redis-cart,46,41,1,,,
2026-09-01 03:15:41,deployment,shippingservice,29,9,1,,,
2026-09-01 03:15:41,node,ze-master-node,3077,3494,,76.9,44.0,
2026-09-01 03:15:41,node,ze-worker-node,2848,1983,,71.2,25.0,
2026-09-01 03:15:49,deployment,adservice,67,95,1,,,
2026-09-01 03:15:49,deployment,cartservice,231,77,2,,,
2026-09-01 03:15:49,deployment,checkoutservice,34,12,1,,,
2026-09-01 03:15:49,deployment,currencyservice,538,295,8,,,
2026-09-01 03:15:49,deployment,emailservice,18,40,1,,,
2026-09-01 03:15:49,deployment,frontend,870,168,14,,,
2026-09-01 03:15:49,http_p95_latency,frontend,,,,,,268.1
2026-09-01 03:15:49,deployment,paymentservice,11,31,1,,,
2026-09-01 03:15:49,deployment,productcatalogservice,464,67,8,,,
2026-09-01 03:15:49,deployment,recommendationservice,360,240,6,,,
2026-09-01 03:15:49,deployment,redis-cart,20,41,1,,,
2026-09-01 03:15:49,deployment,shippingservice,35,9,1,,,
2026-09-01 03:15:49,node,ze-master-node,3210,3494,,80.2,44.0,
2026-09-01 03:15:49,node,ze-worker-node,3072,1982,,76.8,25.0,
2026-09-01 03:15:57,deployment,adservice,67,95,1,,,
2026-09-01 03:15:57,deployment,cartservice,231,77,2,,,
2026-09-01 03:15:57,deployment,checkoutservice,34,12,1,,,
2026-09-01 03:15:57,deployment,currencyservice,538,295,10,,,
2026-09-01 03:15:57,deployment,emailservice,18,40,1,,,
2026-09-01 03:15:57,deployment,frontend,870,168,14,,,
2026-09-01 03:15:57,http_p95_latency,frontend,,,,,,411.5
2026-09-01 03:15:57,deployment,paymentservice,11,31,1,,,
2026-09-01 03:15:57,deployment,productcatalogservice,464,67,8,,,
2026-09-01 03:15:57,deployment,recommendationservice,360,240,6,,,
2026-09-01 03:15:57,deployment,redis-cart,20,41,1,,,
2026-09-01 03:15:57,deployment,shippingservice,35,9,1,,,
2026-09-01 03:15:57,node,ze-master-node,3210,3494,,80.2,44.0,
2026-09-01 03:15:57,node,ze-worker-node,3072,1982,,76.8,25.0,
2026-09-01 03:16:08,deployment,adservice,61,95,1,,,
2026-09-01 03:16:08,deployment,cartservice,196,77,2,,,
2026-09-01 03:16:08,deployment,checkoutservice,39,12,1,,,
2026-09-01 03:16:08,deployment,currencyservice,535,289,10,,,
2026-09-01 03:16:08,deployment,emailservice,16,40,1,,,
2026-09-01 03:16:08,deployment,frontend,831,169,14,,,
2026-09-01 03:16:08,http_p95_latency,frontend,,,,,,411.5
2026-09-01 03:16:08,deployment,paymentservice,11,31,1,,,
2026-09-01 03:16:08,deployment,productcatalogservice,443,66,8,,,
2026-09-01 03:16:08,deployment,recommendationservice,352,240,6,,,
2026-09-01 03:16:08,deployment,redis-cart,19,41,1,,,
2026-09-01 03:16:08,deployment,shippingservice,33,9,1,,,
2026-09-01 03:16:08,node,ze-master-node,3200,3530,,80.0,44.5,
2026-09-01 03:16:08,node,ze-worker-node,3028,2008,,75.7,25.3,
2026-09-01 03:16:17,deployment,adservice,61,95,1,,,
2026-09-01 03:16:17,deployment,cartservice,196,77,2,,,
2026-09-01 03:16:17,deployment,checkoutservice,39,12,1,,,
2026-09-01 03:16:17,deployment,currencyservice,535,289,10,,,
2026-09-01 03:16:17,deployment,emailservice,16,40,1,,,
2026-09-01 03:16:17,deployment,frontend,831,169,14,,,
2026-09-01 03:16:17,http_p95_latency,frontend,,,,,,459.1
2026-09-01 03:16:17,deployment,paymentservice,11,31,1,,,
2026-09-01 03:16:17,deployment,productcatalogservice,443,66,8,,,
2026-09-01 03:16:17,deployment,recommendationservice,358,240,6,,,
2026-09-01 03:16:17,deployment,redis-cart,19,41,1,,,
2026-09-01 03:16:17,deployment,shippingservice,36,9,1,,,
2026-09-01 03:16:17,node,ze-master-node,3274,3536,,81.8,44.5,
2026-09-01 03:16:17,node,ze-worker-node,3113,2018,,77.8,25.4,
2026-09-01 03:16:25,deployment,adservice,65,95,1,,,
2026-09-01 03:16:25,deployment,cartservice,196,80,2,,,
2026-09-01 03:16:25,deployment,checkoutservice,39,12,1,,,
2026-09-01 03:16:25,deployment,currencyservice,645,320,10,,,
2026-09-01 03:16:25,deployment,emailservice,20,40,1,,,
2026-09-01 03:16:25,deployment,frontend,856,169,14,,,
2026-09-01 03:16:25,http_p95_latency,frontend,,,,,,498.6
2026-09-01 03:16:25,deployment,paymentservice,11,31,1,,,
2026-09-01 03:16:25,deployment,productcatalogservice,457,65,8,,,
2026-09-01 03:16:25,deployment,recommendationservice,358,240,6,,,
2026-09-01 03:16:25,deployment,redis-cart,19,41,1,,,
2026-09-01 03:16:25,deployment,shippingservice,36,9,1,,,
2026-09-01 03:16:25,node,ze-master-node,3274,3536,,81.8,44.5,
2026-09-01 03:16:25,node,ze-worker-node,3113,2018,,77.8,25.4,
2026-09-01 03:16:34,deployment,adservice,62,95,1,,,
2026-09-01 03:16:34,deployment,cartservice,197,81,2,,,
2026-09-01 03:16:34,deployment,checkoutservice,40,12,1,,,
2026-09-01 03:16:34,deployment,currencyservice,634,328,10,,,
2026-09-01 03:16:34,deployment,emailservice,16,40,1,,,
2026-09-01 03:16:34,deployment,frontend,828,169,14,,,
2026-09-01 03:16:34,http_p95_latency,frontend,,,,,,498.6
2026-09-01 03:16:34,deployment,paymentservice,11,31,1,,,
2026-09-01 03:16:34,deployment,productcatalogservice,452,67,8,,,
2026-09-01 03:16:34,deployment,recommendationservice,353,244,6,,,
2026-09-01 03:16:34,deployment,redis-cart,18,41,1,,,
2026-09-01 03:16:34,deployment,shippingservice,34,9,1,,,
2026-09-01 03:16:34,node,ze-master-node,3220,3547,,80.5,44.7,
2026-09-01 03:16:34,node,ze-worker-node,3017,2010,,75.4,25.3,
2026-09-01 03:16:43,deployment,adservice,62,95,1,,,
2026-09-01 03:16:43,deployment,cartservice,197,81,2,,,
2026-09-01 03:16:43,deployment,checkoutservice,40,12,1,,,
2026-09-01 03:16:43,deployment,currencyservice,634,328,10,,,
2026-09-01 03:16:43,deployment,emailservice,16,40,1,,,
2026-09-01 03:16:43,deployment,frontend,828,169,14,,,
2026-09-01 03:16:43,http_p95_latency,frontend,,,,,,400.2
2026-09-01 03:16:43,deployment,paymentservice,11,31,1,,,
2026-09-01 03:16:43,deployment,productcatalogservice,452,67,8,,,
2026-09-01 03:16:43,deployment,recommendationservice,353,244,6,,,
2026-09-01 03:16:43,deployment,redis-cart,18,41,1,,,
2026-09-01 03:16:43,deployment,shippingservice,34,9,1,,,
2026-09-01 03:16:43,node,ze-master-node,3220,3547,,80.5,44.7,
2026-09-01 03:16:43,node,ze-worker-node,3017,2010,,75.4,25.3,
2026-09-01 03:16:50,deployment,adservice,63,95,1,,,
2026-09-01 03:16:50,deployment,cartservice,230,81,2,,,
2026-09-01 03:16:50,deployment,checkoutservice,41,12,1,,,
2026-09-01 03:16:50,deployment,currencyservice,613,346,10,,,
2026-09-01 03:16:50,deployment,emailservice,15,40,1,,,
2026-09-01 03:16:50,deployment,frontend,829,169,14,,,
2026-09-01 03:16:50,http_p95_latency,frontend,,,,,,400.2
2026-09-01 03:16:50,deployment,paymentservice,11,31,1,,,
2026-09-01 03:16:50,deployment,productcatalogservice,458,65,8,,,
2026-09-01 03:16:50,deployment,recommendationservice,354,240,6,,,
2026-09-01 03:16:50,deployment,redis-cart,19,41,1,,,
2026-09-01 03:16:50,deployment,shippingservice,35,9,1,,,
2026-09-01 03:16:50,node,ze-master-node,3156,3553,,78.9,44.7,
2026-09-01 03:16:50,node,ze-worker-node,2997,2013,,74.9,25.3,
2026-09-01 03:16:58,deployment,adservice,63,95,1,,,
2026-09-01 03:16:58,deployment,cartservice,230,81,2,,,
2026-09-01 03:16:58,deployment,checkoutservice,41,12,1,,,
2026-09-01 03:16:58,deployment,currencyservice,613,346,10,,,
2026-09-01 03:16:58,deployment,emailservice,15,40,1,,,
2026-09-01 03:16:58,deployment,frontend,829,169,14,,,
2026-09-01 03:16:58,http_p95_latency,frontend,,,,,,417.4
2026-09-01 03:16:58,deployment,paymentservice,11,31,1,,,
2026-09-01 03:16:58,deployment,productcatalogservice,458,65,8,,,
2026-09-01 03:16:58,deployment,recommendationservice,354,240,6,,,
2026-09-01 03:16:58,deployment,redis-cart,19,41,1,,,
2026-09-01 03:16:58,deployment,shippingservice,35,9,1,,,
2026-09-01 03:16:58,node,ze-master-node,3156,3553,,78.9,44.7,
2026-09-01 03:16:58,node,ze-worker-node,2997,2013,,74.9,25.3,
2026-09-01 03:17:06,deployment,adservice,64,95,1,,,
2026-09-01 03:17:06,deployment,cartservice,227,81,2,,,
2026-09-01 03:17:06,deployment,checkoutservice,43,12,1,,,
2026-09-01 03:17:06,deployment,currencyservice,604,353,10,,,
2026-09-01 03:17:06,deployment,emailservice,17,40,1,,,
2026-09-01 03:17:06,deployment,frontend,861,169,14,,,
2026-09-01 03:17:06,http_p95_latency,frontend,,,,,,417.4
2026-09-01 03:17:06,deployment,paymentservice,11,31,1,,,
2026-09-01 03:17:06,deployment,productcatalogservice,474,65,8,,,
2026-09-01 03:17:06,deployment,recommendationservice,368,240,6,,,
2026-09-01 03:17:06,deployment,redis-cart,19,41,1,,,
2026-09-01 03:17:06,deployment,shippingservice,37,9,1,,,
2026-09-01 03:17:06,node,ze-master-node,3378,3535,,84.5,44.5,
2026-09-01 03:17:06,node,ze-worker-node,3058,2021,,76.4,25.5,
2026-09-01 03:17:14,deployment,adservice,64,95,1,,,
2026-09-01 03:17:14,deployment,cartservice,227,81,2,,,
2026-09-01 03:17:14,deployment,checkoutservice,43,12,1,,,
2026-09-01 03:17:14,deployment,currencyservice,604,353,10,,,
2026-09-01 03:17:14,deployment,emailservice,17,40,1,,,
2026-09-01 03:17:14,deployment,frontend,861,169,14,,,
2026-09-01 03:17:14,http_p95_latency,frontend,,,,,,371.4
2026-09-01 03:17:14,deployment,paymentservice,11,31,1,,,
2026-09-01 03:17:14,deployment,productcatalogservice,474,65,8,,,
2026-09-01 03:17:14,deployment,recommendationservice,368,240,6,,,
2026-09-01 03:17:14,deployment,redis-cart,19,41,1,,,
2026-09-01 03:17:14,deployment,shippingservice,37,9,1,,,
2026-09-01 03:17:14,node,ze-master-node,3378,3535,,84.5,44.5,
2026-09-01 03:17:14,node,ze-worker-node,3058,2021,,76.4,25.5,
2026-09-01 03:17:21,deployment,adservice,64,95,1,,,
2026-09-01 03:17:21,deployment,cartservice,242,81,2,,,
2026-09-01 03:17:21,deployment,checkoutservice,43,12,1,,,
2026-09-01 03:17:21,deployment,currencyservice,603,359,10,,,
2026-09-01 03:17:21,deployment,emailservice,18,40,1,,,
2026-09-01 03:17:21,deployment,frontend,880,169,14,,,
2026-09-01 03:17:21,http_p95_latency,frontend,,,,,,371.4
2026-09-01 03:17:21,deployment,paymentservice,11,32,1,,,
2026-09-01 03:17:21,deployment,productcatalogservice,477,65,8,,,
2026-09-01 03:17:21,deployment,recommendationservice,381,240,6,,,
2026-09-01 03:17:21,deployment,redis-cart,19,41,1,,,
2026-09-01 03:17:21,deployment,shippingservice,35,9,1,,,
2026-09-01 03:17:21,node,ze-master-node,3288,3538,,82.2,44.6,
2026-09-01 03:17:21,node,ze-worker-node,3064,2023,,76.6,25.5,
2026-09-01 03:17:30,deployment,adservice,64,95,1,,,
2026-09-01 03:17:30,deployment,cartservice,242,81,2,,,
2026-09-01 03:17:30,deployment,checkoutservice,43,12,1,,,
2026-09-01 03:17:30,deployment,currencyservice,603,359,10,,,
2026-09-01 03:17:30,deployment,emailservice,18,40,1,,,
2026-09-01 03:17:30,deployment,frontend,880,169,14,,,
2026-09-01 03:17:30,http_p95_latency,frontend,,,,,,418.8
2026-09-01 03:17:30,deployment,paymentservice,11,32,1,,,
2026-09-01 03:17:30,deployment,productcatalogservice,477,65,8,,,
2026-09-01 03:17:30,deployment,recommendationservice,381,240,6,,,
2026-09-01 03:17:30,deployment,redis-cart,19,41,1,,,
2026-09-01 03:17:30,deployment,shippingservice,35,9,1,,,
2026-09-01 03:17:30,node,ze-master-node,3288,3538,,82.2,44.6,
2026-09-01 03:17:30,node,ze-worker-node,3064,2023,,76.6,25.5,
2026-09-01 03:17:38,deployment,adservice,62,95,1,,,
2026-09-01 03:17:38,deployment,cartservice,205,81,2,,,
2026-09-01 03:17:38,deployment,checkoutservice,41,12,1,,,
2026-09-01 03:17:38,deployment,currencyservice,586,363,10,,,
2026-09-01 03:17:38,deployment,emailservice,18,40,1,,,
2026-09-01 03:17:38,deployment,frontend,890,169,14,,,
2026-09-01 03:17:38,http_p95_latency,frontend,,,,,,418.8
2026-09-01 03:17:38,deployment,paymentservice,13,32,1,,,
2026-09-01 03:17:38,deployment,productcatalogservice,477,65,8,,,
2026-09-01 03:17:38,deployment,recommendationservice,361,240,6,,,
2026-09-01 03:17:38,deployment,redis-cart,67,41,1,,,
2026-09-01 03:17:38,deployment,shippingservice,36,9,1,,,
2026-09-01 03:17:38,node,ze-master-node,3243,3538,,81.1,44.6,
2026-09-01 03:17:38,node,ze-worker-node,3067,2032,,76.7,25.6,
2026-09-01 03:17:46,deployment,adservice,62,95,1,,,
2026-09-01 03:17:46,deployment,cartservice,205,81,2,,,
2026-09-01 03:17:46,deployment,checkoutservice,41,12,1,,,
2026-09-01 03:17:46,deployment,currencyservice,586,363,10,,,
2026-09-01 03:17:46,deployment,emailservice,18,40,1,,,
2026-09-01 03:17:46,deployment,frontend,890,169,14,,,
2026-09-01 03:17:46,http_p95_latency,frontend,,,,,,346.8
2026-09-01 03:17:46,deployment,paymentservice,13,32,1,,,
2026-09-01 03:17:46,deployment,productcatalogservice,477,65,8,,,
2026-09-01 03:17:46,deployment,recommendationservice,361,240,6,,,
2026-09-01 03:17:46,deployment,redis-cart,67,41,1,,,
2026-09-01 03:17:46,deployment,shippingservice,36,9,1,,,
2026-09-01 03:17:46,node,ze-master-node,3243,3538,,81.1,44.6,
2026-09-01 03:17:46,node,ze-worker-node,3067,2032,,76.7,25.6,
2026-09-01 03:17:53,deployment,adservice,66,95,1,,,
2026-09-01 03:17:53,deployment,cartservice,247,81,2,,,
2026-09-01 03:17:53,deployment,checkoutservice,44,12,1,,,
2026-09-01 03:17:53,deployment,currencyservice,558,371,10,,,
2026-09-01 03:17:53,deployment,emailservice,17,40,1,,,
2026-09-01 03:17:53,deployment,frontend,847,169,14,,,
2026-09-01 03:17:53,http_p95_latency,frontend,,,,,,346.8
2026-09-01 03:17:53,deployment,paymentservice,11,32,1,,,
2026-09-01 03:17:53,deployment,productcatalogservice,455,66,8,,,
2026-09-01 03:17:53,deployment,recommendationservice,353,240,6,,,
2026-09-01 03:17:53,deployment,redis-cart,19,41,1,,,
2026-09-01 03:17:53,deployment,shippingservice,36,9,1,,,
2026-09-01 03:17:53,node,ze-master-node,3176,3539,,79.4,44.6,
2026-09-01 03:17:53,node,ze-worker-node,3031,2031,,75.8,25.6,
2026-09-01 03:18:01,deployment,adservice,66,95,1,,,
2026-09-01 03:18:01,deployment,cartservice,247,81,2,,,
2026-09-01 03:18:01,deployment,checkoutservice,44,12,1,,,
2026-09-01 03:18:01,deployment,currencyservice,558,371,10,,,
2026-09-01 03:18:01,deployment,emailservice,17,40,1,,,
2026-09-01 03:18:01,deployment,frontend,847,169,14,,,
2026-09-01 03:18:01,http_p95_latency,frontend,,,,,,362.2
2026-09-01 03:18:01,deployment,paymentservice,11,32,1,,,
2026-09-01 03:18:01,deployment,productcatalogservice,455,66,8,,,
2026-09-01 03:18:01,deployment,recommendationservice,342,240,6,,,
2026-09-01 03:18:01,deployment,redis-cart,20,41,1,,,
2026-09-01 03:18:01,deployment,shippingservice,32,9,1,,,
2026-09-01 03:18:01,node,ze-master-node,3137,3545,,78.4,44.6,
2026-09-01 03:18:01,node,ze-worker-node,2998,2026,,75.0,25.5,
2026-09-01 03:18:10,deployment,adservice,64,95,1,,,
2026-09-01 03:18:10,deployment,cartservice,211,81,2,,,
2026-09-01 03:18:10,deployment,checkoutservice,40,12,1,,,
2026-09-01 03:18:10,deployment,currencyservice,582,357,10,,,
2026-09-01 03:18:10,deployment,emailservice,17,40,1,,,
2026-09-01 03:18:10,deployment,frontend,831,169,14,,,
2026-09-01 03:18:10,http_p95_latency,frontend,,,,,,362.2
2026-09-01 03:18:10,deployment,paymentservice,11,32,1,,,
2026-09-01 03:18:10,deployment,productcatalogservice,460,64,8,,,
2026-09-01 03:18:10,deployment,recommendationservice,342,240,6,,,
2026-09-01 03:18:10,deployment,redis-cart,20,41,1,,,
2026-09-01 03:18:10,deployment,shippingservice,32,9,1,,,
2026-09-01 03:18:10,node,ze-master-node,3137,3545,,78.4,44.6,
2026-09-01 03:18:10,node,ze-worker-node,2998,2026,,75.0,25.5,
2026-09-01 03:18:17,deployment,adservice,64,95,1,,,
2026-09-01 03:18:17,deployment,cartservice,211,81,2,,,
2026-09-01 03:18:17,deployment,checkoutservice,40,12,1,,,
2026-09-01 03:18:17,deployment,currencyservice,582,357,10,,,
2026-09-01 03:18:17,deployment,emailservice,17,40,1,,,
2026-09-01 03:18:17,deployment,frontend,831,169,14,,,
2026-09-01 03:18:17,http_p95_latency,frontend,,,,,,247.5
2026-09-01 03:18:17,deployment,paymentservice,11,32,1,,,
2026-09-01 03:18:17,deployment,productcatalogservice,460,64,8,,,
2026-09-01 03:18:17,deployment,recommendationservice,342,240,6,,,
2026-09-01 03:18:17,deployment,redis-cart,20,41,1,,,
2026-09-01 03:18:17,deployment,shippingservice,32,9,1,,,
2026-09-01 03:18:17,node,ze-master-node,3137,3545,,78.4,44.6,
2026-09-01 03:18:17,node,ze-worker-node,2998,2026,,75.0,25.5,
2026-09-01 03:18:24,deployment,adservice,57,95,1,,,
2026-09-01 03:18:24,deployment,cartservice,198,81,2,,,
2026-09-01 03:18:24,deployment,checkoutservice,43,12,1,,,
2026-09-01 03:18:24,deployment,currencyservice,539,356,10,,,
2026-09-01 03:18:24,deployment,emailservice,17,40,1,,,
2026-09-01 03:18:24,deployment,frontend,825,169,14,,,
2026-09-01 03:18:24,http_p95_latency,frontend,,,,,,247.5
2026-09-01 03:18:24,deployment,paymentservice,11,32,1,,,
2026-09-01 03:18:24,deployment,productcatalogservice,446,67,8,,,
2026-09-01 03:18:24,deployment,recommendationservice,345,240,6,,,
2026-09-01 03:18:24,deployment,redis-cart,19,41,1,,,
2026-09-01 03:18:24,deployment,shippingservice,34,9,1,,,
2026-09-01 03:18:24,node,ze-master-node,3121,3543,,78.0,44.6,
2026-09-01 03:18:24,node,ze-worker-node,2920,2028,,73.0,25.5,
2026-09-01 03:18:30,deployment,adservice,57,95,1,,,
2026-09-01 03:18:30,deployment,cartservice,198,81,2,,,
2026-09-01 03:18:30,deployment,checkoutservice,43,12,1,,,
2026-09-01 03:18:30,deployment,currencyservice,539,356,10,,,
2026-09-01 03:18:30,deployment,emailservice,17,40,1,,,
2026-09-01 03:18:30,deployment,frontend,825,169,14,,,
2026-09-01 03:18:30,http_p95_latency,frontend,,,,,,249.0
2026-09-01 03:18:30,deployment,paymentservice,11,32,1,,,
2026-09-01 03:18:30,deployment,productcatalogservice,446,67,8,,,
2026-09-01 03:18:30,deployment,recommendationservice,345,240,6,,,
2026-09-01 03:18:30,deployment,redis-cart,19,41,1,,,
2026-09-01 03:18:30,deployment,shippingservice,34,9,1,,,
2026-09-01 03:18:30,node,ze-master-node,3121,3543,,78.0,44.6,
2026-09-01 03:18:30,node,ze-worker-node,2920,2028,,73.0,25.5,
2026-09-01 03:18:37,deployment,adservice,61,95,1,,,
2026-09-01 03:18:37,deployment,cartservice,223,81,2,,,
2026-09-01 03:18:37,deployment,checkoutservice,39,12,1,,,
2026-09-01 03:18:37,deployment,currencyservice,517,348,10,,,
2026-09-01 03:18:37,deployment,emailservice,16,40,1,,,
2026-09-01 03:18:37,deployment,frontend,800,169,14,,,
2026-09-01 03:18:37,http_p95_latency,frontend,,,,,,249.0
2026-09-01 03:18:37,deployment,paymentservice,11,32,1,,,
2026-09-01 03:18:37,deployment,productcatalogservice,454,65,8,,,
2026-09-01 03:18:37,deployment,recommendationservice,340,240,6,,,
2026-09-01 03:18:37,deployment,redis-cart,19,41,1,,,
2026-09-01 03:18:37,deployment,shippingservice,33,9,1,,,
2026-09-01 03:18:37,node,ze-master-node,2909,3546,,72.7,44.7,
2026-09-01 03:18:37,node,ze-worker-node,2818,2028,,70.5,25.5,
2026-09-01 03:18:43,deployment,adservice,61,95,1,,,
2026-09-01 03:18:43,deployment,cartservice,223,81,2,,,
2026-09-01 03:18:43,deployment,checkoutservice,39,12,1,,,
2026-09-01 03:18:43,deployment,currencyservice,517,348,10,,,
2026-09-01 03:18:43,deployment,emailservice,16,40,1,,,
2026-09-01 03:18:43,deployment,frontend,800,169,14,,,
2026-09-01 03:18:43,http_p95_latency,frontend,,,,,,241.1
2026-09-01 03:18:43,deployment,paymentservice,11,32,1,,,
2026-09-01 03:18:43,deployment,productcatalogservice,454,65,8,,,
2026-09-01 03:18:43,deployment,recommendationservice,340,240,6,,,
2026-09-01 03:18:43,deployment,redis-cart,19,41,1,,,
2026-09-01 03:18:43,deployment,shippingservice,33,9,1,,,
2026-09-01 03:18:43,node,ze-master-node,2909,3546,,72.7,44.7,
2026-09-01 03:18:43,node,ze-worker-node,2818,2028,,70.5,25.5,
2026-09-01 03:18:50,deployment,adservice,49,95,1,,,
2026-09-01 03:18:50,deployment,cartservice,177,81,2,,,
2026-09-01 03:18:50,deployment,checkoutservice,33,12,1,,,
2026-09-01 03:18:50,deployment,currencyservice,454,326,10,,,
2026-09-01 03:18:50,deployment,emailservice,13,40,1,,,
2026-09-01 03:18:50,deployment,frontend,706,169,14,,,
2026-09-01 03:18:50,http_p95_latency,frontend,,,,,,241.1
2026-09-01 03:18:50,deployment,paymentservice,10,32,1,,,
2026-09-01 03:18:50,deployment,productcatalogservice,400,65,8,,,
2026-09-01 03:18:50,deployment,recommendationservice,296,240,6,,,
2026-09-01 03:18:50,deployment,redis-cart,17,41,1,,,
2026-09-01 03:18:50,deployment,shippingservice,30,10,1,,,
2026-09-01 03:18:50,node,ze-master-node,2644,3530,,66.1,44.5,
2026-09-01 03:18:50,node,ze-worker-node,2633,2011,,65.8,25.3,
2026-09-01 03:18:58,deployment,adservice,49,95,1,,,
2026-09-01 03:18:58,deployment,cartservice,177,81,2,,,
2026-09-01 03:18:58,deployment,checkoutservice,33,12,1,,,
2026-09-01 03:18:58,deployment,currencyservice,454,326,10,,,
2026-09-01 03:18:58,deployment,emailservice,13,40,1,,,
2026-09-01 03:18:58,deployment,frontend,706,169,14,,,
2026-09-01 03:18:58,http_p95_latency,frontend,,,,,,238.2
2026-09-01 03:18:58,deployment,paymentservice,10,32,1,,,
2026-09-01 03:18:58,deployment,productcatalogservice,400,65,8,,,
2026-09-01 03:18:58,deployment,recommendationservice,296,240,6,,,
2026-09-01 03:18:58,deployment,redis-cart,17,41,1,,,
2026-09-01 03:18:58,deployment,shippingservice,30,10,1,,,
2026-09-01 03:18:58,node,ze-master-node,2644,3530,,66.1,44.5,
2026-09-01 03:18:58,node,ze-worker-node,2633,2011,,65.8,25.3,
2026-09-01 03:19:05,deployment,adservice,53,95,1,,,
2026-09-01 03:19:05,deployment,cartservice,168,81,2,,,
2026-09-01 03:19:05,deployment,checkoutservice,33,12,1,,,
2026-09-01 03:19:05,deployment,currencyservice,462,324,10,,,
2026-09-01 03:19:05,deployment,emailservice,18,40,1,,,
2026-09-01 03:19:05,deployment,frontend,705,169,14,,,
2026-09-01 03:19:05,http_p95_latency,frontend,,,,,,238.2
2026-09-01 03:19:05,deployment,paymentservice,10,32,1,,,
2026-09-01 03:19:05,deployment,productcatalogservice,394,65,8,,,
2026-09-01 03:19:05,deployment,recommendationservice,288,240,6,,,
2026-09-01 03:19:05,deployment,redis-cart,18,41,1,,,
2026-09-01 03:19:05,deployment,shippingservice,28,9,1,,,
2026-09-01 03:19:05,node,ze-master-node,2786,3532,,69.7,44.5,
2026-09-01 03:19:05,node,ze-worker-node,2596,2009,,64.9,25.3,
2026-09-01 03:19:12,deployment,adservice,53,95,1,,,
2026-09-01 03:19:12,deployment,cartservice,168,81,2,,,
2026-09-01 03:19:12,deployment,checkoutservice,33,12,1,,,
2026-09-01 03:19:12,deployment,currencyservice,462,324,10,,,
2026-09-01 03:19:12,deployment,emailservice,18,40,1,,,
2026-09-01 03:19:12,deployment,frontend,705,169,14,,,
2026-09-01 03:19:12,http_p95_latency,frontend,,,,,,215.0
2026-09-01 03:19:12,deployment,paymentservice,10,32,1,,,
2026-09-01 03:19:12,deployment,productcatalogservice,394,65,8,,,
2026-09-01 03:19:12,deployment,recommendationservice,288,240,6,,,
2026-09-01 03:19:12,deployment,redis-cart,18,41,1,,,
2026-09-01 03:19:12,deployment,shippingservice,28,9,1,,,
2026-09-01 03:19:12,node,ze-master-node,2786,3532,,69.7,44.5,
2026-09-01 03:19:12,node,ze-worker-node,2596,2009,,64.9,25.3,
2026-09-01 03:19:19,deployment,adservice,52,95,1,,,
2026-09-01 03:19:19,deployment,cartservice,191,81,2,,,
2026-09-01 03:19:19,deployment,checkoutservice,34,12,1,,,
2026-09-01 03:19:19,deployment,currencyservice,461,327,10,,,
2026-09-01 03:19:19,deployment,emailservice,17,40,1,,,
2026-09-01 03:19:19,deployment,frontend,687,169,14,,,
2026-09-01 03:19:19,http_p95_latency,frontend,,,,,,215.0
2026-09-01 03:19:19,deployment,paymentservice,10,32,1,,,
2026-09-01 03:19:19,deployment,productcatalogservice,381,65,8,,,
2026-09-01 03:19:19,deployment,recommendationservice,303,240,6,,,
2026-09-01 03:19:19,deployment,redis-cart,17,41,1,,,
2026-09-01 03:19:19,deployment,shippingservice,29,9,1,,,
2026-09-01 03:19:19,node,ze-master-node,2723,3530,,68.1,44.5,
2026-09-01 03:19:19,node,ze-worker-node,2661,2012,,66.5,25.3,
2026-09-01 03:19:26,deployment,adservice,52,95,1,,,
2026-09-01 03:19:26,deployment,cartservice,191,81,2,,,
2026-09-01 03:19:26,deployment,checkoutservice,34,12,1,,,
2026-09-01 03:19:26,deployment,currencyservice,461,327,10,,,
2026-09-01 03:19:26,deployment,emailservice,17,40,1,,,
2026-09-01 03:19:26,deployment,frontend,687,169,14,,,
2026-09-01 03:19:26,http_p95_latency,frontend,,,,,,215.0
2026-09-01 03:19:26,deployment,paymentservice,10,32,1,,,
2026-09-01 03:19:26,deployment,productcatalogservice,381,65,8,,,
2026-09-01 03:19:26,deployment,recommendationservice,303,240,6,,,
2026-09-01 03:19:26,deployment,redis-cart,17,41,1,,,
2026-09-01 03:19:26,deployment,shippingservice,29,9,1,,,
2026-09-01 03:19:26,node,ze-master-node,2723,3530,,68.1,44.5,
2026-09-01 03:19:26,node,ze-worker-node,2661,2012,,66.5,25.3,
2026-09-01 03:19:32,deployment,adservice,52,95,1,,,
2026-09-01 03:19:32,deployment,cartservice,191,81,2,,,
2026-09-01 03:19:32,deployment,checkoutservice,34,12,1,,,
2026-09-01 03:19:32,deployment,currencyservice,461,327,10,,,
2026-09-01 03:19:32,deployment,emailservice,17,40,1,,,
2026-09-01 03:19:32,deployment,frontend,687,169,14,,,
2026-09-01 03:19:32,http_p95_latency,frontend,,,,,,219.7
2026-09-01 03:19:32,deployment,paymentservice,10,32,1,,,
2026-09-01 03:19:32,deployment,productcatalogservice,381,65,8,,,
2026-09-01 03:19:32,deployment,recommendationservice,303,240,6,,,
2026-09-01 03:19:32,deployment,redis-cart,17,41,1,,,
2026-09-01 03:19:32,deployment,shippingservice,28,9,1,,,
2026-09-01 03:19:32,node,ze-master-node,2710,3532,,67.8,44.5,
2026-09-01 03:19:32,node,ze-worker-node,2514,2018,,62.8,25.4,
2026-09-01 03:19:40,deployment,adservice,48,95,1,,,
2026-09-01 03:19:40,deployment,cartservice,159,81,2,,,
2026-09-01 03:19:40,deployment,checkoutservice,34,12,1,,,
2026-09-01 03:19:40,deployment,currencyservice,470,320,10,,,
2026-09-01 03:19:40,deployment,emailservice,12,40,1,,,
2026-09-01 03:19:40,deployment,frontend,676,169,14,,,
2026-09-01 03:19:40,http_p95_latency,frontend,,,,,,219.7
2026-09-01 03:19:40,deployment,paymentservice,9,33,1,,,
2026-09-01 03:19:40,deployment,productcatalogservice,380,65,8,,,
2026-09-01 03:19:40,deployment,recommendationservice,280,240,6,,,
2026-09-01 03:19:40,deployment,redis-cart,17,41,1,,,
2026-09-01 03:19:40,deployment,shippingservice,28,9,1,,,
2026-09-01 03:19:40,node,ze-master-node,2710,3532,,67.8,44.5,
2026-09-01 03:19:40,node,ze-worker-node,2514,2018,,62.8,25.4,
2026-09-01 03:19:48,deployment,adservice,50,95,1,,,
2026-09-01 03:19:48,deployment,cartservice,163,81,2,,,
2026-09-01 03:19:48,deployment,checkoutservice,27,12,1,,,
2026-09-01 03:19:48,deployment,currencyservice,469,316,10,,,
2026-09-01 03:19:48,deployment,emailservice,16,40,1,,,
2026-09-01 03:19:48,deployment,frontend,647,169,14,,,
2026-09-01 03:19:48,http_p95_latency,frontend,,,,,,208.0
2026-09-01 03:19:48,deployment,paymentservice,9,33,1,,,
2026-09-01 03:19:48,deployment,productcatalogservice,359,65,8,,,
2026-09-01 03:19:48,deployment,recommendationservice,276,240,6,,,
2026-09-01 03:19:48,deployment,redis-cart,37,43,1,,,
2026-09-01 03:19:48,deployment,shippingservice,27,9,1,,,
2026-09-01 03:19:48,node,ze-master-node,2569,3534,,64.2,44.5,
2026-09-01 03:19:48,node,ze-worker-node,2485,2011,,62.1,25.3,
2026-09-01 03:19:55,deployment,adservice,50,95,1,,,
2026-09-01 03:19:55,deployment,cartservice,163,81,2,,,
2026-09-01 03:19:55,deployment,checkoutservice,27,12,1,,,
2026-09-01 03:19:55,deployment,currencyservice,469,316,10,,,
2026-09-01 03:19:55,deployment,emailservice,16,40,1,,,
2026-09-01 03:19:55,deployment,frontend,647,169,14,,,
2026-09-01 03:19:55,http_p95_latency,frontend,,,,,,208.0
2026-09-01 03:19:55,deployment,paymentservice,9,33,1,,,
2026-09-01 03:19:55,deployment,productcatalogservice,359,65,8,,,
2026-09-01 03:19:55,deployment,recommendationservice,276,240,6,,,
2026-09-01 03:19:55,deployment,redis-cart,37,43,1,,,
2026-09-01 03:19:55,deployment,shippingservice,27,9,1,,,
2026-09-01 03:19:55,node,ze-master-node,2569,3534,,64.2,44.5,
2026-09-01 03:19:55,node,ze-worker-node,2485,2011,,62.1,25.3,
2026-09-01 03:20:02,deployment,adservice,50,95,1,,,
2026-09-01 03:20:02,deployment,cartservice,163,81,2,,,
2026-09-01 03:20:02,deployment,checkoutservice,27,12,1,,,
2026-09-01 03:20:02,deployment,currencyservice,469,316,10,,,
2026-09-01 03:20:02,deployment,emailservice,16,40,1,,,
2026-09-01 03:20:02,deployment,frontend,647,169,14,,,
2026-09-01 03:20:02,http_p95_latency,frontend,,,,,,213.5
2026-09-01 03:20:02,deployment,paymentservice,9,33,1,,,
2026-09-01 03:20:02,deployment,productcatalogservice,359,65,8,,,
2026-09-01 03:20:02,deployment,recommendationservice,276,240,6,,,
2026-09-01 03:20:02,deployment,redis-cart,37,43,1,,,
2026-09-01 03:20:02,deployment,shippingservice,30,9,1,,,
2026-09-01 03:20:02,node,ze-master-node,2670,3536,,66.8,44.5,
2026-09-01 03:20:02,node,ze-worker-node,2556,2007,,63.9,25.3,
2026-09-01 03:20:09,deployment,adservice,49,95,1,,,
2026-09-01 03:20:09,deployment,cartservice,174,81,2,,,
2026-09-01 03:20:09,deployment,checkoutservice,27,12,1,,,
2026-09-01 03:20:09,deployment,currencyservice,485,320,10,,,
2026-09-01 03:20:09,deployment,emailservice,12,40,1,,,
2026-09-01 03:20:09,deployment,frontend,657,169,14,,,
2026-09-01 03:20:09,http_p95_latency,frontend,,,,,,213.5
2026-09-01 03:20:09,deployment,paymentservice,9,33,1,,,
2026-09-01 03:20:09,deployment,productcatalogservice,365,66,8,,,
2026-09-01 03:20:09,deployment,recommendationservice,267,240,6,,,
2026-09-01 03:20:09,deployment,redis-cart,46,41,1,,,
2026-09-01 03:20:09,deployment,shippingservice,30,9,1,,,
2026-09-01 03:20:09,node,ze-master-node,2670,3536,,66.8,44.5,
2026-09-01 03:20:09,node,ze-worker-node,2556,2007,,63.9,25.3,
2026-09-01 03:20:16,deployment,adservice,49,95,1,,,
2026-09-01 03:20:16,deployment,cartservice,174,81,2,,,
2026-09-01 03:20:16,deployment,checkoutservice,27,12,1,,,
2026-09-01 03:20:16,deployment,currencyservice,485,320,10,,,
2026-09-01 03:20:16,deployment,emailservice,12,40,1,,,
2026-09-01 03:20:16,deployment,frontend,657,169,14,,,
2026-09-01 03:20:16,http_p95_latency,frontend,,,,,,202.7
2026-09-01 03:20:16,deployment,paymentservice,9,33,1,,,
2026-09-01 03:20:16,deployment,productcatalogservice,365,66,8,,,
2026-09-01 03:20:16,deployment,recommendationservice,267,240,6,,,
2026-09-01 03:20:16,deployment,redis-cart,46,41,1,,,
2026-09-01 03:20:16,deployment,shippingservice,30,9,1,,,
2026-09-01 03:20:16,node,ze-master-node,2670,3536,,66.8,44.5,
2026-09-01 03:20:16,node,ze-worker-node,2556,2007,,63.9,25.3,
2026-09-01 03:20:22,deployment,adservice,48,95,1,,,
2026-09-01 03:20:22,deployment,cartservice,186,80,2,,,
2026-09-01 03:20:22,deployment,checkoutservice,32,12,1,,,
2026-09-01 03:20:22,deployment,currencyservice,468,322,10,,,
2026-09-01 03:20:22,deployment,emailservice,16,42,1,,,
2026-09-01 03:20:22,deployment,frontend,657,169,14,,,
2026-09-01 03:20:22,http_p95_latency,frontend,,,,,,202.7
2026-09-01 03:20:22,deployment,paymentservice,9,33,1,,,
2026-09-01 03:20:22,deployment,productcatalogservice,376,64,8,,,
2026-09-01 03:20:22,deployment,recommendationservice,280,240,6,,,
2026-09-01 03:20:22,deployment,redis-cart,18,41,1,,,
2026-09-01 03:20:22,deployment,shippingservice,30,9,1,,,
2026-09-01 03:20:22,node,ze-master-node,2664,3535,,66.6,44.5,
2026-09-01 03:20:22,node,ze-worker-node,2457,2009,,61.4,25.3,
2026-09-01 03:20:28,deployment,adservice,48,95,1,,,
2026-09-01 03:20:28,deployment,cartservice,186,80,2,,,
2026-09-01 03:20:28,deployment,checkoutservice,32,12,1,,,
2026-09-01 03:20:28,deployment,currencyservice,468,322,10,,,
2026-09-01 03:20:28,deployment,emailservice,16,42,1,,,
2026-09-01 03:20:28,deployment,frontend,657,169,14,,,
2026-09-01 03:20:28,http_p95_latency,frontend,,,,,,219.2
2026-09-01 03:20:28,deployment,paymentservice,9,33,1,,,
2026-09-01 03:20:28,deployment,productcatalogservice,376,64,8,,,
2026-09-01 03:20:28,deployment,recommendationservice,280,240,6,,,
2026-09-01 03:20:28,deployment,redis-cart,18,41,1,,,
2026-09-01 03:20:28,deployment,shippingservice,30,9,1,,,
2026-09-01 03:20:28,node,ze-master-node,2664,3535,,66.6,44.5,
2026-09-01 03:20:28,node,ze-worker-node,2457,2009,,61.4,25.3,
2026-09-01 03:20:35,deployment,adservice,46,95,1,,,
2026-09-01 03:20:35,deployment,cartservice,155,80,2,,,
2026-09-01 03:20:35,deployment,checkoutservice,34,12,1,,,
2026-09-01 03:20:35,deployment,currencyservice,440,321,10,,,
2026-09-01 03:20:35,deployment,emailservice,14,40,1,,,
2026-09-01 03:20:35,deployment,frontend,622,169,14,,,
2026-09-01 03:20:35,http_p95_latency,frontend,,,,,,219.2
2026-09-01 03:20:35,deployment,paymentservice,10,33,1,,,
2026-09-01 03:20:35,deployment,productcatalogservice,368,66,8,,,
2026-09-01 03:20:35,deployment,recommendationservice,266,242,6,,,
2026-09-01 03:20:35,deployment,redis-cart,18,41,1,,,
2026-09-01 03:20:35,deployment,shippingservice,27,9,1,,,
2026-09-01 03:20:35,node,ze-master-node,2648,3539,,66.2,44.6,
2026-09-01 03:20:35,node,ze-worker-node,2369,2011,,59.2,25.3,
2026-09-01 03:20:43,deployment,adservice,46,95,1,,,
2026-09-01 03:20:43,deployment,cartservice,155,80,2,,,
2026-09-01 03:20:43,deployment,checkoutservice,34,12,1,,,
2026-09-01 03:20:43,deployment,currencyservice,440,321,10,,,
2026-09-01 03:20:43,deployment,emailservice,14,40,1,,,
2026-09-01 03:20:43,deployment,frontend,622,169,14,,,
2026-09-01 03:20:43,http_p95_latency,frontend,,,,,,212.8
2026-09-01 03:20:43,deployment,paymentservice,10,33,1,,,
2026-09-01 03:20:43,deployment,productcatalogservice,368,66,8,,,
2026-09-01 03:20:43,deployment,recommendationservice,266,242,6,,,
2026-09-01 03:20:43,deployment,redis-cart,18,41,1,,,
2026-09-01 03:20:43,deployment,shippingservice,27,9,1,,,
2026-09-01 03:20:43,node,ze-master-node,2648,3539,,66.2,44.6,
2026-09-01 03:20:43,node,ze-worker-node,2369,2011,,59.2,25.3,
2026-09-01 03:20:50,deployment,adservice,42,95,1,,,
2026-09-01 03:20:50,deployment,cartservice,141,80,2,,,
2026-09-01 03:20:50,deployment,checkoutservice,25,12,1,,,
2026-09-01 03:20:50,deployment,currencyservice,420,325,10,,,
2026-09-01 03:20:50,deployment,emailservice,16,40,1,,,
2026-09-01 03:20:50,deployment,frontend,577,169,14,,,
2026-09-01 03:20:50,http_p95_latency,frontend,,,,,,212.8
2026-09-01 03:20:50,deployment,paymentservice,9,33,1,,,
2026-09-01 03:20:50,deployment,productcatalogservice,327,65,8,,,
2026-09-01 03:20:50,deployment,recommendationservice,255,240,6,,,
2026-09-01 03:20:50,deployment,redis-cart,16,41,1,,,
2026-09-01 03:20:50,deployment,shippingservice,27,9,1,,,
2026-09-01 03:20:50,node,ze-master-node,2433,3536,,60.8,44.5,
2026-09-01 03:20:50,node,ze-worker-node,2252,2015,,56.3,25.4,
2026-09-01 03:20:58,deployment,adservice,42,95,1,,,
2026-09-01 03:20:58,deployment,cartservice,141,80,2,,,
2026-09-01 03:20:58,deployment,checkoutservice,25,12,1,,,
2026-09-01 03:20:58,deployment,currencyservice,420,325,10,,,
2026-09-01 03:20:58,deployment,emailservice,16,40,1,,,
2026-09-01 03:20:58,deployment,frontend,577,169,14,,,
2026-09-01 03:20:58,http_p95_latency,frontend,,,,,,201.9
2026-09-01 03:20:58,deployment,paymentservice,9,33,1,,,
2026-09-01 03:20:58,deployment,productcatalogservice,327,65,8,,,
2026-09-01 03:20:58,deployment,recommendationservice,255,240,6,,,
2026-09-01 03:20:58,deployment,redis-cart,16,41,1,,,
2026-09-01 03:20:58,deployment,shippingservice,27,9,1,,,
2026-09-01 03:20:58,node,ze-master-node,2433,3536,,60.8,44.5,
2026-09-01 03:20:58,node,ze-worker-node,2252,2015,,56.3,25.4,
2026-09-01 03:21:07,deployment,adservice,41,95,1,,,
2026-09-01 03:21:07,deployment,cartservice,141,80,2,,,
2026-09-01 03:21:07,deployment,checkoutservice,28,12,1,,,
2026-09-01 03:21:07,deployment,currencyservice,385,332,10,,,
2026-09-01 03:21:07,deployment,emailservice,14,40,1,,,
2026-09-01 03:21:07,deployment,frontend,544,169,14,,,
2026-09-01 03:21:07,http_p95_latency,frontend,,,,,,201.9
2026-09-01 03:21:07,deployment,paymentservice,8,33,1,,,
2026-09-01 03:21:07,deployment,productcatalogservice,329,64,8,,,
2026-09-01 03:21:07,deployment,recommendationservice,248,242,6,,,
2026-09-01 03:21:07,deployment,redis-cart,16,41,1,,,
2026-09-01 03:21:07,deployment,shippingservice,23,9,1,,,
2026-09-01 03:21:07,node,ze-master-node,2467,3548,,61.7,44.7,
2026-09-01 03:21:07,node,ze-worker-node,2242,2022,,56.0,25.5,
2026-09-01 03:21:13,deployment,adservice,41,95,1,,,
2026-09-01 03:21:13,deployment,cartservice,141,80,2,,,
2026-09-01 03:21:13,deployment,checkoutservice,28,12,1,,,
2026-09-01 03:21:13,deployment,currencyservice,385,332,10,,,
2026-09-01 03:21:13,deployment,emailservice,14,40,1,,,
2026-09-01 03:21:13,deployment,frontend,544,169,14,,,
2026-09-01 03:21:13,http_p95_latency,frontend,,,,,,176.0
2026-09-01 03:21:13,deployment,paymentservice,8,33,1,,,
2026-09-01 03:21:13,deployment,productcatalogservice,329,64,8,,,
2026-09-01 03:21:13,deployment,recommendationservice,248,242,6,,,
2026-09-01 03:21:13,deployment,redis-cart,16,41,1,,,
2026-09-01 03:21:13,deployment,shippingservice,23,9,1,,,
2026-09-01 03:21:13,node,ze-master-node,2467,3548,,61.7,44.7,
2026-09-01 03:21:13,node,ze-worker-node,2242,2022,,56.0,25.5,
2026-09-01 03:21:20,deployment,adservice,42,95,1,,,
2026-09-01 03:21:20,deployment,cartservice,142,80,2,,,
2026-09-01 03:21:20,deployment,checkoutservice,25,12,1,,,
2026-09-01 03:21:20,deployment,currencyservice,403,329,10,,,
2026-09-01 03:21:20,deployment,emailservice,16,40,1,,,
2026-09-01 03:21:20,deployment,frontend,568,169,14,,,
2026-09-01 03:21:20,http_p95_latency,frontend,,,,,,176.0
2026-09-01 03:21:20,deployment,paymentservice,9,34,1,,,
2026-09-01 03:21:20,deployment,productcatalogservice,320,65,8,,,
2026-09-01 03:21:20,deployment,recommendationservice,243,240,6,,,
2026-09-01 03:21:20,deployment,redis-cart,15,41,1,,,
2026-09-01 03:21:20,deployment,shippingservice,25,9,1,,,
2026-09-01 03:21:20,node,ze-master-node,2403,3545,,60.1,44.6,
2026-09-01 03:21:20,node,ze-worker-node,2122,2018,,53.0,25.4,
2026-09-01 03:21:28,deployment,adservice,42,95,1,,,
2026-09-01 03:21:28,deployment,cartservice,142,80,2,,,
2026-09-01 03:21:28,deployment,checkoutservice,25,12,1,,,
2026-09-01 03:21:28,deployment,currencyservice,403,329,10,,,
2026-09-01 03:21:28,deployment,emailservice,16,40,1,,,
2026-09-01 03:21:28,deployment,frontend,568,169,14,,,
2026-09-01 03:21:28,http_p95_latency,frontend,,,,,,192.1
2026-09-01 03:21:28,deployment,paymentservice,9,34,1,,,
2026-09-01 03:21:28,deployment,productcatalogservice,320,65,8,,,
2026-09-01 03:21:28,deployment,recommendationservice,243,240,6,,,
2026-09-01 03:21:28,deployment,redis-cart,15,41,1,,,
2026-09-01 03:21:28,deployment,shippingservice,25,9,1,,,
2026-09-01 03:21:28,node,ze-master-node,2403,3545,,60.1,44.6,
2026-09-01 03:21:28,node,ze-worker-node,2122,2018,,53.0,25.4,
2026-09-01 03:21:35,deployment,adservice,46,95,1,,,
2026-09-01 03:21:35,deployment,cartservice,139,80,2,,,
2026-09-01 03:21:35,deployment,checkoutservice,30,12,1,,,
2026-09-01 03:21:35,deployment,currencyservice,397,337,10,,,
2026-09-01 03:21:35,deployment,emailservice,14,40,1,,,
2026-09-01 03:21:35,deployment,frontend,569,169,14,,,
2026-09-01 03:21:35,http_p95_latency,frontend,,,,,,192.1
2026-09-01 03:21:35,deployment,paymentservice,9,33,1,,,
2026-09-01 03:21:35,deployment,productcatalogservice,330,66,8,,,
2026-09-01 03:21:35,deployment,recommendationservice,257,240,6,,,
2026-09-01 03:21:35,deployment,redis-cart,17,41,1,,,
2026-09-01 03:21:35,deployment,shippingservice,25,9,1,,,
2026-09-01 03:21:35,node,ze-master-node,2537,3573,,63.4,45.0,
2026-09-01 03:21:35,node,ze-worker-node,2260,2022,,56.5,25.5,
2026-09-01 03:21:42,deployment,adservice,46,95,1,,,
2026-09-01 03:21:42,deployment,cartservice,139,80,2,,,
2026-09-01 03:21:42,deployment,checkoutservice,30,12,1,,,
2026-09-01 03:21:42,deployment,currencyservice,397,337,10,,,
2026-09-01 03:21:42,deployment,emailservice,14,40,1,,,
2026-09-01 03:21:42,deployment,frontend,569,169,14,,,
2026-09-01 03:21:42,http_p95_latency,frontend,,,,,,207.8
2026-09-01 03:21:42,deployment,paymentservice,9,33,1,,,
2026-09-01 03:21:42,deployment,productcatalogservice,330,66,8,,,
2026-09-01 03:21:42,deployment,recommendationservice,257,240,6,,,
2026-09-01 03:21:42,deployment,redis-cart,17,41,1,,,
2026-09-01 03:21:42,deployment,shippingservice,25,9,1,,,
2026-09-01 03:21:42,node,ze-master-node,2537,3573,,63.4,45.0,
2026-09-01 03:21:42,node,ze-worker-node,2260,2022,,56.5,25.5,
2026-09-01 03:21:50,deployment,adservice,46,95,1,,,
2026-09-01 03:21:50,deployment,cartservice,154,80,2,,,
2026-09-01 03:21:50,deployment,checkoutservice,25,12,1,,,
2026-09-01 03:21:50,deployment,currencyservice,411,340,10,,,
2026-09-01 03:21:50,deployment,emailservice,14,40,1,,,
2026-09-01 03:21:50,deployment,frontend,582,169,14,,,
2026-09-01 03:21:50,http_p95_latency,frontend,,,,,,207.8
2026-09-01 03:21:50,deployment,paymentservice,8,33,1,,,
2026-09-01 03:21:50,deployment,productcatalogservice,336,66,8,,,
2026-09-01 03:21:50,deployment,recommendationservice,263,240,6,,,
2026-09-01 03:21:50,deployment,redis-cart,16,41,1,,,
2026-09-01 03:21:50,deployment,shippingservice,27,9,1,,,
2026-09-01 03:21:50,node,ze-master-node,2482,3569,,62.1,44.9,
2026-09-01 03:21:50,node,ze-worker-node,2291,2014,,57.3,25.4,
2026-09-01 03:21:57,deployment,adservice,46,95,1,,,
2026-09-01 03:21:57,deployment,cartservice,154,80,2,,,
2026-09-01 03:21:57,deployment,checkoutservice,25,12,1,,,
2026-09-01 03:21:57,deployment,currencyservice,411,340,10,,,
2026-09-01 03:21:57,deployment,emailservice,14,40,1,,,
2026-09-01 03:21:57,deployment,frontend,582,169,14,,,
2026-09-01 03:21:57,http_p95_latency,frontend,,,,,,194.3
2026-09-01 03:21:57,deployment,paymentservice,8,33,1,,,
2026-09-01 03:21:57,deployment,productcatalogservice,336,66,8,,,
2026-09-01 03:21:57,deployment,recommendationservice,263,240,6,,,
2026-09-01 03:21:57,deployment,redis-cart,16,41,1,,,
2026-09-01 03:21:57,deployment,shippingservice,27,9,1,,,
2026-09-01 03:21:57,node,ze-master-node,2482,3569,,62.1,44.9,
2026-09-01 03:21:57,node,ze-worker-node,2291,2014,,57.3,25.4,
2026-09-01 03:22:05,deployment,adservice,46,95,1,,,
2026-09-01 03:22:05,deployment,cartservice,146,81,2,,,
2026-09-01 03:22:05,deployment,checkoutservice,22,12,1,,,
2026-09-01 03:22:05,deployment,currencyservice,406,346,10,,,
2026-09-01 03:22:05,deployment,emailservice,14,40,1,,,
2026-09-01 03:22:05,deployment,frontend,592,169,14,,,
2026-09-01 03:22:05,http_p95_latency,frontend,,,,,,194.3
2026-09-01 03:22:05,deployment,paymentservice,14,32,1,,,
2026-09-01 03:22:05,deployment,productcatalogservice,337,66,8,,,
2026-09-01 03:22:05,deployment,recommendationservice,261,240,6,,,
2026-09-01 03:22:05,deployment,redis-cart,15,41,1,,,
2026-09-01 03:22:05,deployment,shippingservice,25,9,1,,,
2026-09-01 03:22:05,node,ze-master-node,2478,3575,,62.0,45.0,
2026-09-01 03:22:05,node,ze-worker-node,2350,2009,,58.8,25.3,
2026-09-01 03:22:12,deployment,adservice,46,95,1,,,
2026-09-01 03:22:12,deployment,cartservice,146,81,2,,,
2026-09-01 03:22:12,deployment,checkoutservice,22,12,1,,,
2026-09-01 03:22:12,deployment,currencyservice,406,346,10,,,
2026-09-01 03:22:12,deployment,emailservice,14,40,1,,,
2026-09-01 03:22:12,deployment,frontend,592,169,14,,,
2026-09-01 03:22:12,http_p95_latency,frontend,,,,,,223.1
2026-09-01 03:22:12,deployment,paymentservice,14,32,1,,,
2026-09-01 03:22:12,deployment,productcatalogservice,337,66,8,,,
2026-09-01 03:22:12,deployment,recommendationservice,261,240,6,,,
2026-09-01 03:22:12,deployment,redis-cart,15,41,1,,,
2026-09-01 03:22:12,deployment,shippingservice,25,9,1,,,
2026-09-01 03:22:12,node,ze-master-node,2478,3575,,62.0,45.0,
2026-09-01 03:22:12,node,ze-worker-node,2350,2009,,58.8,25.3,
2026-09-01 03:22:19,deployment,adservice,44,95,1,,,
2026-09-01 03:22:19,deployment,cartservice,157,80,2,,,
2026-09-01 03:22:19,deployment,checkoutservice,30,12,1,,,
2026-09-01 03:22:19,deployment,currencyservice,410,343,10,,,
2026-09-01 03:22:19,deployment,emailservice,15,40,1,,,
2026-09-01 03:22:19,deployment,frontend,607,169,14,,,
2026-09-01 03:22:19,http_p95_latency,frontend,,,,,,223.1
2026-09-01 03:22:19,deployment,paymentservice,8,30,1,,,
2026-09-01 03:22:19,deployment,productcatalogservice,356,64,8,,,
2026-09-01 03:22:19,deployment,recommendationservice,267,240,6,,,
2026-09-01 03:22:19,deployment,redis-cart,15,41,1,,,
2026-09-01 03:22:19,deployment,shippingservice,30,9,1,,,
2026-09-01 03:22:19,node,ze-master-node,2639,3575,,66.0,45.0,
2026-09-01 03:22:19,node,ze-worker-node,2288,2010,,57.2,25.3,
2026-09-01 03:22:25,deployment,adservice,44,95,1,,,
2026-09-01 03:22:25,deployment,cartservice,157,80,2,,,
2026-09-01 03:22:25,deployment,checkoutservice,30,12,1,,,
2026-09-01 03:22:25,deployment,currencyservice,410,343,10,,,
2026-09-01 03:22:25,deployment,emailservice,15,40,1,,,
2026-09-01 03:22:25,deployment,frontend,607,169,14,,,
2026-09-01 03:22:25,http_p95_latency,frontend,,,,,,223.1
2026-09-01 03:22:25,deployment,paymentservice,8,30,1,,,
2026-09-01 03:22:25,deployment,productcatalogservice,356,64,8,,,
2026-09-01 03:22:25,deployment,recommendationservice,267,240,6,,,
2026-09-01 03:22:25,deployment,redis-cart,15,41,1,,,
2026-09-01 03:22:25,deployment,shippingservice,30,9,1,,,
2026-09-01 03:22:25,node,ze-master-node,2639,3575,,66.0,45.0,
2026-09-01 03:22:25,node,ze-worker-node,2288,2010,,57.2,25.3,
2026-09-01 03:22:32,deployment,adservice,44,95,1,,,
2026-09-01 03:22:32,deployment,cartservice,157,80,2,,,
2026-09-01 03:22:32,deployment,checkoutservice,30,12,1,,,
2026-09-01 03:22:32,deployment,currencyservice,410,343,10,,,
2026-09-01 03:22:32,deployment,emailservice,15,40,1,,,
2026-09-01 03:22:32,deployment,frontend,607,169,14,,,
2026-09-01 03:22:32,http_p95_latency,frontend,,,,,,226.7
2026-09-01 03:22:32,deployment,paymentservice,8,30,1,,,
2026-09-01 03:22:32,deployment,productcatalogservice,356,64,8,,,
2026-09-01 03:22:32,deployment,recommendationservice,267,240,6,,,
2026-09-01 03:22:32,deployment,redis-cart,15,41,1,,,
2026-09-01 03:22:32,deployment,shippingservice,30,9,1,,,
2026-09-01 03:22:32,node,ze-master-node,2603,3570,,65.1,45.0,
2026-09-01 03:22:32,node,ze-worker-node,2528,2022,,63.2,25.5,
2026-09-01 03:22:39,deployment,adservice,43,95,1,,,
2026-09-01 03:22:39,deployment,cartservice,159,80,2,,,
2026-09-01 03:22:39,deployment,checkoutservice,30,12,1,,,
2026-09-01 03:22:39,deployment,currencyservice,432,350,10,,,
2026-09-01 03:22:39,deployment,emailservice,15,40,1,,,
2026-09-01 03:22:39,deployment,frontend,628,169,14,,,
2026-09-01 03:22:39,http_p95_latency,frontend,,,,,,226.7
2026-09-01 03:22:39,deployment,paymentservice,10,30,1,,,
2026-09-01 03:22:39,deployment,productcatalogservice,361,66,8,,,
2026-09-01 03:22:39,deployment,recommendationservice,262,240,6,,,
2026-09-01 03:22:39,deployment,redis-cart,16,41,1,,,
2026-09-01 03:22:39,deployment,shippingservice,26,9,1,,,
2026-09-01 03:22:39,node,ze-master-node,2603,3570,,65.1,45.0,
2026-09-01 03:22:39,node,ze-worker-node,2528,2022,,63.2,25.5,
2026-09-01 03:22:45,deployment,adservice,43,95,1,,,
2026-09-01 03:22:45,deployment,cartservice,159,80,2,,,
2026-09-01 03:22:45,deployment,checkoutservice,30,12,1,,,
2026-09-01 03:22:45,deployment,currencyservice,432,350,10,,,
2026-09-01 03:22:45,deployment,emailservice,15,40,1,,,
2026-09-01 03:22:45,deployment,frontend,628,169,14,,,
2026-09-01 03:22:45,http_p95_latency,frontend,,,,,,234.2
2026-09-01 03:22:45,deployment,paymentservice,10,30,1,,,
2026-09-01 03:22:45,deployment,productcatalogservice,361,66,8,,,
2026-09-01 03:22:45,deployment,recommendationservice,262,240,6,,,
2026-09-01 03:22:45,deployment,redis-cart,16,41,1,,,
2026-09-01 03:22:45,deployment,shippingservice,26,9,1,,,
2026-09-01 03:22:45,node,ze-master-node,2603,3570,,65.1,45.0,
2026-09-01 03:22:45,node,ze-worker-node,2528,2022,,63.2,25.5,
2026-09-01 03:22:52,deployment,adservice,52,95,1,,,
2026-09-01 03:22:52,deployment,cartservice,189,80,2,,,
2026-09-01 03:22:52,deployment,checkoutservice,30,12,1,,,
2026-09-01 03:22:52,deployment,currencyservice,445,348,10,,,
2026-09-01 03:22:52,deployment,emailservice,15,40,1,,,
2026-09-01 03:22:52,deployment,frontend,665,169,14,,,
2026-09-01 03:22:52,http_p95_latency,frontend,,,,,,234.2
2026-09-01 03:22:52,deployment,paymentservice,9,30,1,,,
2026-09-01 03:22:52,deployment,productcatalogservice,369,68,8,,,
2026-09-01 03:22:52,deployment,recommendationservice,281,240,6,,,
2026-09-01 03:22:52,deployment,redis-cart,17,41,1,,,
2026-09-01 03:22:52,deployment,shippingservice,29,9,1,,,
2026-09-01 03:22:52,node,ze-master-node,2683,3570,,67.1,45.0,
2026-09-01 03:22:52,node,ze-worker-node,2437,2018,,60.9,25.4,
2026-09-01 03:22:58,deployment,adservice,52,95,1,,,
2026-09-01 03:22:58,deployment,cartservice,189,80,2,,,
2026-09-01 03:22:58,deployment,checkoutservice,30,12,1,,,
2026-09-01 03:22:58,deployment,currencyservice,445,348,10,,,
2026-09-01 03:22:58,deployment,emailservice,15,40,1,,,
2026-09-01 03:22:58,deployment,frontend,665,169,14,,,
2026-09-01 03:22:58,http_p95_latency,frontend,,,,,,211.6
2026-09-01 03:22:58,deployment,paymentservice,9,30,1,,,
2026-09-01 03:22:58,deployment,productcatalogservice,369,68,8,,,
2026-09-01 03:22:58,deployment,recommendationservice,281,240,6,,,
2026-09-01 03:22:58,deployment,redis-cart,17,41,1,,,
2026-09-01 03:22:58,deployment,shippingservice,29,9,1,,,
2026-09-01 03:22:58,node,ze-master-node,2683,3570,,67.1,45.0,
2026-09-01 03:22:58,node,ze-worker-node,2437,2018,,60.9,25.4,
2026-09-01 03:23:06,deployment,adservice,46,95,1,,,
2026-09-01 03:23:06,deployment,cartservice,178,80,2,,,
2026-09-01 03:23:06,deployment,checkoutservice,28,12,1,,,
2026-09-01 03:23:06,deployment,currencyservice,444,347,10,,,
2026-09-01 03:23:06,deployment,emailservice,15,40,1,,,
2026-09-01 03:23:06,deployment,frontend,649,169,14,,,
2026-09-01 03:23:06,http_p95_latency,frontend,,,,,,211.6
2026-09-01 03:23:06,deployment,paymentservice,9,30,1,,,
2026-09-01 03:23:06,deployment,productcatalogservice,372,67,8,,,
2026-09-01 03:23:06,deployment,recommendationservice,275,240,6,,,
2026-09-01 03:23:06,deployment,redis-cart,16,41,1,,,
2026-09-01 03:23:06,deployment,shippingservice,27,9,1,,,
2026-09-01 03:23:06,node,ze-master-node,2706,3576,,67.7,45.0,
2026-09-01 03:23:06,node,ze-worker-node,2426,2019,,60.7,25.4,
2026-09-01 03:23:12,deployment,adservice,46,95,1,,,
2026-09-01 03:23:12,deployment,cartservice,178,80,2,,,
2026-09-01 03:23:12,deployment,checkoutservice,28,12,1,,,
2026-09-01 03:23:12,deployment,currencyservice,444,347,10,,,
2026-09-01 03:23:12,deployment,emailservice,15,40,1,,,
2026-09-01 03:23:12,deployment,frontend,649,169,14,,,
2026-09-01 03:23:12,http_p95_latency,frontend,,,,,,210.1
2026-09-01 03:23:12,deployment,paymentservice,9,30,1,,,
2026-09-01 03:23:12,deployment,productcatalogservice,372,67,8,,,
2026-09-01 03:23:12,deployment,recommendationservice,275,240,6,,,
2026-09-01 03:23:12,deployment,redis-cart,16,41,1,,,
2026-09-01 03:23:12,deployment,shippingservice,27,9,1,,,
2026-09-01 03:23:12,node,ze-master-node,2706,3576,,67.7,45.0,
2026-09-01 03:23:12,node,ze-worker-node,2426,2019,,60.7,25.4,
2026-09-01 03:23:19,deployment,adservice,52,95,1,,,
2026-09-01 03:23:19,deployment,cartservice,179,80,2,,,
2026-09-01 03:23:19,deployment,checkoutservice,28,12,1,,,
2026-09-01 03:23:19,deployment,currencyservice,447,341,10,,,
2026-09-01 03:23:19,deployment,emailservice,15,40,1,,,
2026-09-01 03:23:19,deployment,frontend,639,169,14,,,
2026-09-01 03:23:19,http_p95_latency,frontend,,,,,,210.1
2026-09-01 03:23:19,deployment,paymentservice,9,30,1,,,
2026-09-01 03:23:19,deployment,productcatalogservice,358,67,8,,,
2026-09-01 03:23:19,deployment,recommendationservice,265,242,6,,,
2026-09-01 03:23:19,deployment,redis-cart,18,41,1,,,
2026-09-01 03:23:19,deployment,shippingservice,27,9,1,,,
2026-09-01 03:23:19,node,ze-master-node,2634,3574,,65.8,45.0,
2026-09-01 03:23:19,node,ze-worker-node,2498,2014,,62.5,25.4,
2026-09-01 03:23:27,deployment,adservice,52,95,1,,,
2026-09-01 03:23:27,deployment,cartservice,179,80,2,,,
2026-09-01 03:23:27,deployment,checkoutservice,28,12,1,,,
2026-09-01 03:23:27,deployment,currencyservice,447,341,10,,,
2026-09-01 03:23:27,deployment,emailservice,15,40,1,,,
2026-09-01 03:23:27,deployment,frontend,639,169,14,,,
2026-09-01 03:23:27,http_p95_latency,frontend,,,,,,222.5
2026-09-01 03:23:27,deployment,paymentservice,9,30,1,,,
2026-09-01 03:23:27,deployment,productcatalogservice,358,67,8,,,
2026-09-01 03:23:27,deployment,recommendationservice,265,242,6,,,
2026-09-01 03:23:27,deployment,redis-cart,18,41,1,,,
2026-09-01 03:23:27,deployment,shippingservice,27,9,1,,,
2026-09-01 03:23:27,node,ze-master-node,2634,3574,,65.8,45.0,
2026-09-01 03:23:27,node,ze-worker-node,2498,2014,,62.5,25.4,
2026-09-01 03:23:35,deployment,adservice,49,95,1,,,
2026-09-01 03:23:35,deployment,cartservice,195,80,2,,,
2026-09-01 03:23:35,deployment,checkoutservice,27,11,1,,,
2026-09-01 03:23:35,deployment,currencyservice,446,314,9,,,
2026-09-01 03:23:35,deployment,emailservice,16,41,1,,,
2026-09-01 03:23:35,deployment,frontend,697,169,14,,,
2026-09-01 03:23:35,http_p95_latency,frontend,,,,,,222.5
2026-09-01 03:23:35,deployment,paymentservice,10,30,1,,,
2026-09-01 03:23:35,deployment,productcatalogservice,380,66,8,,,
2026-09-01 03:23:35,deployment,recommendationservice,295,240,6,,,
2026-09-01 03:23:35,deployment,redis-cart,46,41,1,,,
2026-09-01 03:23:35,deployment,shippingservice,30,9,1,,,
2026-09-01 03:23:35,node,ze-master-node,2901,3577,,72.5,45.0,
2026-09-01 03:23:35,node,ze-worker-node,2578,2009,,64.5,25.3,
2026-09-01 03:23:42,deployment,adservice,49,95,1,,,
2026-09-01 03:23:42,deployment,cartservice,195,80,2,,,
2026-09-01 03:23:42,deployment,checkoutservice,27,11,1,,,
2026-09-01 03:23:42,deployment,currencyservice,446,314,9,,,
2026-09-01 03:23:42,deployment,emailservice,16,41,1,,,
2026-09-01 03:23:42,deployment,frontend,609,145,12,,,
2026-09-01 03:23:42,http_p95_latency,frontend,,,,,,237.7
2026-09-01 03:23:42,deployment,paymentservice,10,30,1,,,
2026-09-01 03:23:42,deployment,productcatalogservice,340,58,7,,,
2026-09-01 03:23:42,deployment,recommendationservice,295,240,6,,,
2026-09-01 03:23:42,deployment,redis-cart,46,41,1,,,
2026-09-01 03:23:42,deployment,shippingservice,30,9,1,,,
2026-09-01 03:23:42,node,ze-master-node,2901,3577,,72.5,45.0,
2026-09-01 03:23:42,node,ze-worker-node,2578,2009,,64.5,25.3,
2026-09-01 03:23:50,deployment,adservice,59,95,1,,,
2026-09-01 03:23:50,deployment,cartservice,228,80,2,,,
2026-09-01 03:23:50,deployment,checkoutservice,39,12,1,,,
2026-09-01 03:23:50,deployment,currencyservice,511,321,9,,,
2026-09-01 03:23:50,deployment,emailservice,17,40,1,,,
2026-09-01 03:23:50,deployment,frontend,679,145,12,,,
2026-09-01 03:23:50,http_p95_latency,frontend,,,,,,237.7
2026-09-01 03:23:50,deployment,paymentservice,11,30,1,,,
2026-09-01 03:23:50,deployment,productcatalogservice,390,57,7,,,
2026-09-01 03:23:50,deployment,recommendationservice,320,240,6,,,
2026-09-01 03:23:50,deployment,redis-cart,18,41,1,,,
2026-09-01 03:23:50,deployment,shippingservice,36,9,1,,,
2026-09-01 03:23:50,node,ze-master-node,3347,3552,,83.7,44.7,
2026-09-01 03:23:50,node,ze-worker-node,2901,1983,,72.5,25.0,
2026-09-01 03:23:57,deployment,adservice,59,95,1,,,
2026-09-01 03:23:57,deployment,cartservice,228,80,2,,,
2026-09-01 03:23:57,deployment,checkoutservice,39,12,1,,,
2026-09-01 03:23:57,deployment,currencyservice,511,321,9,,,
2026-09-01 03:23:57,deployment,emailservice,17,40,1,,,
2026-09-01 03:23:57,deployment,frontend,679,145,12,,,
2026-09-01 03:23:57,http_p95_latency,frontend,,,,,,245.8
2026-09-01 03:23:57,deployment,paymentservice,11,30,1,,,
2026-09-01 03:23:57,deployment,productcatalogservice,390,57,7,,,
2026-09-01 03:23:57,deployment,recommendationservice,320,240,6,,,
2026-09-01 03:23:57,deployment,redis-cart,18,41,1,,,
2026-09-01 03:23:57,deployment,shippingservice,36,9,1,,,
2026-09-01 03:23:57,node,ze-master-node,3347,3552,,83.7,44.7,
2026-09-01 03:23:57,node,ze-worker-node,2901,1983,,72.5,25.0,
2026-09-01 03:24:03,deployment,adservice,59,95,1,,,
2026-09-01 03:24:03,deployment,cartservice,193,80,2,,,
2026-09-01 03:24:03,deployment,checkoutservice,38,12,1,,,
2026-09-01 03:24:03,deployment,currencyservice,489,329,9,,,
2026-09-01 03:24:03,deployment,emailservice,16,40,1,,,
2026-09-01 03:24:03,deployment,frontend,741,145,12,,,
2026-09-01 03:24:03,http_p95_latency,frontend,,,,,,245.8
2026-09-01 03:24:03,deployment,paymentservice,12,30,1,,,
2026-09-01 03:24:03,deployment,productcatalogservice,423,60,7,,,
2026-09-01 03:24:03,deployment,recommendationservice,328,240,6,,,
2026-09-01 03:24:03,deployment,redis-cart,19,41,1,,,
2026-09-01 03:24:03,deployment,shippingservice,33,9,1,,,
2026-09-01 03:24:03,node,ze-master-node,2999,3568,,75.0,44.9,
2026-09-01 03:24:03,node,ze-worker-node,2804,1971,,70.1,24.8,
2026-09-01 03:24:13,deployment,adservice,59,95,1,,,
2026-09-01 03:24:13,deployment,cartservice,193,80,2,,,
2026-09-01 03:24:13,deployment,checkoutservice,38,12,1,,,
2026-09-01 03:24:13,deployment,currencyservice,489,329,9,,,
2026-09-01 03:24:13,deployment,emailservice,16,40,1,,,
2026-09-01 03:24:13,deployment,frontend,741,145,12,,,
2026-09-01 03:24:13,http_p95_latency,frontend,,,,,,247.6
2026-09-01 03:24:13,deployment,paymentservice,12,30,1,,,
2026-09-01 03:24:13,deployment,productcatalogservice,423,60,7,,,
2026-09-01 03:24:13,deployment,recommendationservice,328,240,6,,,
2026-09-01 03:24:13,deployment,redis-cart,19,41,1,,,
2026-09-01 03:24:13,deployment,shippingservice,33,9,1,,,
2026-09-01 03:24:13,node,ze-master-node,2999,3568,,75.0,44.9,
2026-09-01 03:24:13,node,ze-worker-node,2804,1971,,70.1,24.8,
2026-09-01 03:24:20,deployment,adservice,58,95,1,,,
2026-09-01 03:24:20,deployment,cartservice,211,80,2,,,
2026-09-01 03:24:20,deployment,checkoutservice,37,12,1,,,
2026-09-01 03:24:20,deployment,currencyservice,505,334,9,,,
2026-09-01 03:24:20,deployment,emailservice,16,40,1,,,
2026-09-01 03:24:20,deployment,frontend,803,145,12,,,
2026-09-01 03:24:20,http_p95_latency,frontend,,,,,,247.6
2026-09-01 03:24:20,deployment,paymentservice,11,30,1,,,
2026-09-01 03:24:20,deployment,productcatalogservice,424,59,7,,,
2026-09-01 03:24:20,deployment,recommendationservice,338,240,6,,,
2026-09-01 03:24:20,deployment,redis-cart,19,41,1,,,
2026-09-01 03:24:20,deployment,shippingservice,33,9,1,,,
2026-09-01 03:24:20,node,ze-master-node,3187,3565,,79.7,44.9,
2026-09-01 03:24:20,node,ze-worker-node,2862,1971,,71.5,24.8,
2026-09-01 03:24:28,deployment,adservice,58,95,1,,,
2026-09-01 03:24:28,deployment,cartservice,211,80,2,,,
2026-09-01 03:24:28,deployment,checkoutservice,37,12,1,,,
2026-09-01 03:24:28,deployment,currencyservice,505,334,9,,,
2026-09-01 03:24:28,deployment,emailservice,16,40,1,,,
2026-09-01 03:24:28,deployment,frontend,803,145,14,,,
2026-09-01 03:24:28,http_p95_latency,frontend,,,,,,249.5
2026-09-01 03:24:28,deployment,paymentservice,11,30,1,,,
2026-09-01 03:24:28,deployment,productcatalogservice,424,59,7,,,
2026-09-01 03:24:28,deployment,recommendationservice,338,240,6,,,
2026-09-01 03:24:28,deployment,redis-cart,19,41,1,,,
2026-09-01 03:24:28,deployment,shippingservice,33,9,1,,,
2026-09-01 03:24:28,node,ze-master-node,3187,3565,,79.7,44.9,
2026-09-01 03:24:28,node,ze-worker-node,2862,1971,,71.5,24.8,
2026-09-01 03:24:36,deployment,adservice,58,95,1,,,
2026-09-01 03:24:36,deployment,cartservice,212,80,2,,,
2026-09-01 03:24:36,deployment,checkoutservice,37,12,1,,,
2026-09-01 03:24:36,deployment,currencyservice,515,330,9,,,
2026-09-01 03:24:36,deployment,emailservice,16,40,1,,,
2026-09-01 03:24:36,deployment,frontend,822,145,14,,,
2026-09-01 03:24:36,http_p95_latency,frontend,,,,,,249.5
2026-09-01 03:24:36,deployment,paymentservice,12,30,1,,,
2026-09-01 03:24:36,deployment,productcatalogservice,441,57,7,,,
2026-09-01 03:24:36,deployment,recommendationservice,346,240,6,,,
2026-09-01 03:24:36,deployment,redis-cart,20,41,1,,,
2026-09-01 03:24:36,deployment,shippingservice,35,9,1,,,
2026-09-01 03:24:36,node,ze-master-node,3262,3568,,81.5,44.9,
2026-09-01 03:24:36,node,ze-worker-node,2960,1960,,74.0,24.7,
2026-09-01 03:24:43,deployment,adservice,58,95,1,,,
2026-09-01 03:24:43,deployment,cartservice,212,80,2,,,
2026-09-01 03:24:43,deployment,checkoutservice,37,12,1,,,
2026-09-01 03:24:43,deployment,currencyservice,515,330,9,,,
2026-09-01 03:24:43,deployment,emailservice,16,40,1,,,
2026-09-01 03:24:43,deployment,frontend,822,145,14,,,
2026-09-01 03:24:43,http_p95_latency,frontend,,,,,,247.0
2026-09-01 03:24:43,deployment,paymentservice,12,30,1,,,
2026-09-01 03:24:43,deployment,productcatalogservice,441,57,7,,,
2026-09-01 03:24:43,deployment,recommendationservice,346,240,6,,,
2026-09-01 03:24:43,deployment,redis-cart,20,41,1,,,
2026-09-01 03:24:43,deployment,shippingservice,35,9,1,,,
2026-09-01 03:24:43,node,ze-master-node,3262,3568,,81.5,44.9,
2026-09-01 03:24:43,node,ze-worker-node,2960,1960,,74.0,24.7,
2026-09-01 03:24:51,deployment,adservice,64,95,1,,,
2026-09-01 03:24:51,deployment,cartservice,208,80,2,,,
2026-09-01 03:24:51,deployment,checkoutservice,43,14,1,,,
2026-09-01 03:24:51,deployment,currencyservice,555,330,9,,,
2026-09-01 03:24:51,deployment,emailservice,20,40,1,,,
2026-09-01 03:24:51,deployment,frontend,898,163,14,,,
2026-09-01 03:24:51,http_p95_latency,frontend,,,,,,247.0
2026-09-01 03:24:51,deployment,paymentservice,14,30,1,,,
2026-09-01 03:24:51,deployment,productcatalogservice,464,62,7,,,
2026-09-01 03:24:51,deployment,recommendationservice,359,240,6,,,
2026-09-01 03:24:51,deployment,redis-cart,20,41,1,,,
2026-09-01 03:24:51,deployment,shippingservice,35,9,1,,,
2026-09-01 03:24:51,node,ze-master-node,3282,3567,,82.0,44.9,
2026-09-01 03:24:51,node,ze-worker-node,3007,1978,,75.2,24.9,
2026-09-01 03:24:58,deployment,adservice,64,95,1,,,
2026-09-01 03:24:58,deployment,cartservice,208,80,2,,,
2026-09-01 03:24:58,deployment,checkoutservice,43,14,1,,,
2026-09-01 03:24:58,deployment,currencyservice,555,330,9,,,
2026-09-01 03:24:58,deployment,emailservice,20,40,1,,,
2026-09-01 03:24:58,deployment,frontend,898,163,14,,,
2026-09-01 03:24:58,http_p95_latency,frontend,,,,,,248.7
2026-09-01 03:24:58,deployment,paymentservice,14,30,1,,,
2026-09-01 03:24:58,deployment,productcatalogservice,464,62,8,,,
2026-09-01 03:24:58,deployment,recommendationservice,359,240,6,,,
2026-09-01 03:24:58,deployment,redis-cart,20,41,1,,,
2026-09-01 03:24:58,deployment,shippingservice,35,9,1,,,
2026-09-01 03:24:58,node,ze-master-node,3282,3567,,82.0,44.9,
2026-09-01 03:24:58,node,ze-worker-node,3007,1978,,75.2,24.9,
2026-09-01 03:25:06,deployment,adservice,64,95,1,,,
2026-09-01 03:25:06,deployment,cartservice,213,80,2,,,
2026-09-01 03:25:06,deployment,checkoutservice,44,12,1,,,
2026-09-01 03:25:06,deployment,currencyservice,544,325,9,,,
2026-09-01 03:25:06,deployment,emailservice,20,40,1,,,
2026-09-01 03:25:06,deployment,frontend,816,163,14,,,
2026-09-01 03:25:06,http_p95_latency,frontend,,,,,,248.7
2026-09-01 03:25:06,deployment,paymentservice,11,30,1,,,
2026-09-01 03:25:06,deployment,productcatalogservice,458,58,8,,,
2026-09-01 03:25:06,deployment,recommendationservice,366,240,6,,,
2026-09-01 03:25:06,deployment,redis-cart,20,41,1,,,
2026-09-01 03:25:06,deployment,shippingservice,34,9,1,,,
2026-09-01 03:25:06,node,ze-master-node,3273,3580,,81.8,45.1,
2026-09-01 03:25:06,node,ze-worker-node,3002,1980,,75.0,24.9,
2026-09-01 03:25:14,deployment,adservice,64,95,1,,,
2026-09-01 03:25:14,deployment,cartservice,213,80,2,,,
2026-09-01 03:25:14,deployment,checkoutservice,44,12,1,,,
2026-09-01 03:25:14,deployment,currencyservice,544,325,9,,,
2026-09-01 03:25:14,deployment,emailservice,20,40,1,,,
2026-09-01 03:25:14,deployment,frontend,816,163,14,,,
2026-09-01 03:25:14,http_p95_latency,frontend,,,,,,283.4
2026-09-01 03:25:14,deployment,paymentservice,11,30,1,,,
2026-09-01 03:25:14,deployment,productcatalogservice,458,58,8,,,
2026-09-01 03:25:14,deployment,recommendationservice,366,240,6,,,
2026-09-01 03:25:14,deployment,redis-cart,20,41,1,,,
2026-09-01 03:25:14,deployment,shippingservice,34,9,1,,,
2026-09-01 03:25:14,node,ze-master-node,3273,3580,,81.8,45.1,
2026-09-01 03:25:14,node,ze-worker-node,3002,1980,,75.0,24.9,
2026-09-01 03:25:21,deployment,adservice,68,95,1,,,
2026-09-01 03:25:21,deployment,cartservice,222,80,2,,,
2026-09-01 03:25:21,deployment,checkoutservice,44,12,1,,,
2026-09-01 03:25:21,deployment,currencyservice,563,325,9,,,
2026-09-01 03:25:21,deployment,emailservice,16,40,1,,,
2026-09-01 03:25:21,deployment,frontend,877,165,14,,,
2026-09-01 03:25:21,http_p95_latency,frontend,,,,,,283.4
2026-09-01 03:25:21,deployment,paymentservice,12,30,1,,,
2026-09-01 03:25:21,deployment,productcatalogservice,485,66,8,,,
2026-09-01 03:25:21,deployment,recommendationservice,368,242,6,,,
2026-09-01 03:25:21,deployment,redis-cart,20,41,1,,,
2026-09-01 03:25:21,deployment,shippingservice,35,10,1,,,
2026-09-01 03:25:21,node,ze-master-node,3364,3570,,84.1,45.0,
2026-09-01 03:25:21,node,ze-worker-node,2973,1980,,74.3,24.9,
2026-09-01 03:25:29,deployment,adservice,68,95,1,,,
2026-09-01 03:25:29,deployment,cartservice,222,80,2,,,
2026-09-01 03:25:29,deployment,checkoutservice,44,12,1,,,
2026-09-01 03:25:29,deployment,currencyservice,563,325,9,,,
2026-09-01 03:25:29,deployment,emailservice,16,40,1,,,
2026-09-01 03:25:29,deployment,frontend,877,165,14,,,
2026-09-01 03:25:29,http_p95_latency,frontend,,,,,,413.0
2026-09-01 03:25:29,deployment,paymentservice,12,30,1,,,
2026-09-01 03:25:29,deployment,productcatalogservice,485,66,8,,,
2026-09-01 03:25:29,deployment,recommendationservice,368,242,6,,,
2026-09-01 03:25:29,deployment,redis-cart,20,41,1,,,
2026-09-01 03:25:29,deployment,shippingservice,35,10,1,,,
2026-09-01 03:25:29,node,ze-master-node,3364,3570,,84.1,45.0,
2026-09-01 03:25:29,node,ze-worker-node,2973,1980,,74.3,24.9,
2026-09-01 03:25:36,deployment,adservice,59,95,1,,,
2026-09-01 03:25:36,deployment,cartservice,182,80,2,,,
2026-09-01 03:25:36,deployment,checkoutservice,38,12,1,,,
2026-09-01 03:25:36,deployment,currencyservice,532,311,9,,,
2026-09-01 03:25:36,deployment,emailservice,19,40,1,,,
2026-09-01 03:25:36,deployment,frontend,834,165,14,,,
2026-09-01 03:25:36,http_p95_latency,frontend,,,,,,413.0
2026-09-01 03:25:36,deployment,paymentservice,11,30,1,,,
2026-09-01 03:25:36,deployment,productcatalogservice,444,66,8,,,
2026-09-01 03:25:36,deployment,recommendationservice,350,240,6,,,
2026-09-01 03:25:36,deployment,redis-cart,64,41,1,,,
2026-09-01 03:25:36,deployment,shippingservice,35,9,1,,,
2026-09-01 03:25:36,node,ze-master-node,3181,3575,,79.5,45.0,
2026-09-01 03:25:36,node,ze-worker-node,2885,1980,,72.1,24.9,
2026-09-01 03:25:44,deployment,adservice,59,95,1,,,
2026-09-01 03:25:44,deployment,cartservice,182,80,2,,,
2026-09-01 03:25:44,deployment,checkoutservice,38,12,1,,,
2026-09-01 03:25:44,deployment,currencyservice,532,311,9,,,
2026-09-01 03:25:44,deployment,emailservice,19,40,1,,,
2026-09-01 03:25:44,deployment,frontend,834,165,14,,,
2026-09-01 03:25:44,http_p95_latency,frontend,,,,,,423.9
2026-09-01 03:25:44,deployment,paymentservice,11,30,1,,,
2026-09-01 03:25:44,deployment,productcatalogservice,444,66,8,,,
2026-09-01 03:25:44,deployment,recommendationservice,350,240,6,,,
2026-09-01 03:25:44,deployment,redis-cart,64,41,1,,,
2026-09-01 03:25:44,deployment,shippingservice,35,9,1,,,
2026-09-01 03:25:44,node,ze-master-node,3181,3575,,79.5,45.0,
2026-09-01 03:25:44,node,ze-worker-node,2885,1980,,72.1,24.9,
2026-09-01 03:25:51,deployment,adservice,63,95,1,,,
2026-09-01 03:25:51,deployment,cartservice,211,80,2,,,
2026-09-01 03:25:51,deployment,checkoutservice,41,12,1,,,
2026-09-01 03:25:51,deployment,currencyservice,509,312,9,,,
2026-09-01 03:25:51,deployment,emailservice,16,40,1,,,
2026-09-01 03:25:51,deployment,frontend,843,165,14,,,
2026-09-01 03:25:51,http_p95_latency,frontend,,,,,,423.9
2026-09-01 03:25:51,deployment,paymentservice,11,30,1,,,
2026-09-01 03:25:51,deployment,productcatalogservice,463,65,8,,,
2026-09-01 03:25:51,deployment,recommendationservice,355,240,6,,,
2026-09-01 03:25:51,deployment,redis-cart,18,41,1,,,
2026-09-01 03:25:51,deployment,shippingservice,31,9,1,,,
2026-09-01 03:25:51,node,ze-master-node,3240,3576,,81.0,45.0,
2026-09-01 03:25:51,node,ze-worker-node,2842,1978,,71.0,24.9,
2026-09-01 03:25:59,deployment,adservice,63,95,1,,,
2026-09-01 03:25:59,deployment,cartservice,211,80,2,,,
2026-09-01 03:25:59,deployment,checkoutservice,41,12,1,,,
2026-09-01 03:25:59,deployment,currencyservice,509,312,9,,,
2026-09-01 03:25:59,deployment,emailservice,16,40,1,,,
2026-09-01 03:25:59,deployment,frontend,843,165,14,,,
2026-09-01 03:25:59,http_p95_latency,frontend,,,,,,422.4
2026-09-01 03:25:59,deployment,paymentservice,11,30,1,,,
2026-09-01 03:25:59,deployment,productcatalogservice,463,65,8,,,
2026-09-01 03:25:59,deployment,recommendationservice,355,240,6,,,
2026-09-01 03:25:59,deployment,redis-cart,18,41,1,,,
2026-09-01 03:25:59,deployment,shippingservice,31,9,1,,,
2026-09-01 03:25:59,node,ze-master-node,3240,3576,,81.0,45.0,
2026-09-01 03:25:59,node,ze-worker-node,2842,1978,,71.0,24.9,
2026-09-01 03:26:07,deployment,adservice,61,95,1,,,
2026-09-01 03:26:07,deployment,cartservice,207,80,2,,,
2026-09-01 03:26:07,deployment,checkoutservice,47,12,1,,,
2026-09-01 03:26:07,deployment,currencyservice,529,323,9,,,
2026-09-01 03:26:07,deployment,emailservice,17,40,1,,,
2026-09-01 03:26:07,deployment,frontend,849,165,14,,,
2026-09-01 03:26:07,http_p95_latency,frontend,,,,,,422.4
2026-09-01 03:26:07,deployment,paymentservice,15,30,1,,,
2026-09-01 03:26:07,deployment,productcatalogservice,463,65,8,,,
2026-09-01 03:26:07,deployment,recommendationservice,354,240,6,,,
2026-09-01 03:26:07,deployment,redis-cart,19,41,1,,,
2026-09-01 03:26:07,deployment,shippingservice,34,9,1,,,
2026-09-01 03:26:07,node,ze-master-node,3214,3571,,80.3,45.0,
2026-09-01 03:26:07,node,ze-worker-node,2889,1984,,72.2,25.0,
2026-09-01 03:26:14,deployment,adservice,61,95,1,,,
2026-09-01 03:26:14,deployment,cartservice,207,80,2,,,
2026-09-01 03:26:14,deployment,checkoutservice,47,12,1,,,
2026-09-01 03:26:14,deployment,currencyservice,529,323,9,,,
2026-09-01 03:26:14,deployment,emailservice,17,40,1,,,
2026-09-01 03:26:14,deployment,frontend,849,165,14,,,
2026-09-01 03:26:14,http_p95_latency,frontend,,,,,,248.8
2026-09-01 03:26:14,deployment,paymentservice,15,30,1,,,
2026-09-01 03:26:14,deployment,productcatalogservice,463,65,8,,,
2026-09-01 03:26:14,deployment,recommendationservice,354,240,6,,,
2026-09-01 03:26:14,deployment,redis-cart,19,41,1,,,
2026-09-01 03:26:14,deployment,shippingservice,34,9,1,,,
2026-09-01 03:26:14,node,ze-master-node,3214,3571,,80.3,45.0,
2026-09-01 03:26:14,node,ze-worker-node,2889,1984,,72.2,25.0,
2026-09-01 03:26:21,deployment,adservice,60,95,1,,,
2026-09-01 03:26:21,deployment,cartservice,234,80,2,,,
2026-09-01 03:26:21,deployment,checkoutservice,43,12,1,,,
2026-09-01 03:26:21,deployment,currencyservice,519,340,9,,,
2026-09-01 03:26:21,deployment,emailservice,16,40,1,,,
2026-09-01 03:26:21,deployment,frontend,856,167,14,,,
2026-09-01 03:26:21,http_p95_latency,frontend,,,,,,248.8
2026-09-01 03:26:21,deployment,paymentservice,12,30,1,,,
2026-09-01 03:26:21,deployment,productcatalogservice,468,66,8,,,
2026-09-01 03:26:21,deployment,recommendationservice,360,242,6,,,
2026-09-01 03:26:21,deployment,redis-cart,19,41,1,,,
2026-09-01 03:26:21,deployment,shippingservice,36,9,1,,,
2026-09-01 03:26:21,node,ze-master-node,3218,3591,,80.5,45.2,
2026-09-01 03:26:21,node,ze-worker-node,2884,1995,,72.1,25.1,
2026-09-01 03:26:29,deployment,adservice,60,95,1,,,
2026-09-01 03:26:29,deployment,cartservice,234,80,2,,,
2026-09-01 03:26:29,deployment,checkoutservice,43,12,1,,,
2026-09-01 03:26:29,deployment,currencyservice,519,340,9,,,
2026-09-01 03:26:29,deployment,emailservice,16,40,1,,,
2026-09-01 03:26:29,deployment,frontend,856,167,14,,,
2026-09-01 03:26:29,http_p95_latency,frontend,,,,,,246.4
2026-09-01 03:26:29,deployment,paymentservice,12,30,1,,,
2026-09-01 03:26:29,deployment,productcatalogservice,468,66,8,,,
2026-09-01 03:26:29,deployment,recommendationservice,360,242,6,,,
2026-09-01 03:26:29,deployment,redis-cart,19,41,1,,,
2026-09-01 03:26:29,deployment,shippingservice,36,9,1,,,
2026-09-01 03:26:29,node,ze-master-node,3218,3591,,80.5,45.2,
2026-09-01 03:26:29,node,ze-worker-node,2884,1995,,72.1,25.1,
2026-09-01 03:26:36,deployment,adservice,58,95,1,,,
2026-09-01 03:26:36,deployment,cartservice,208,80,2,,,
2026-09-01 03:26:36,deployment,checkoutservice,37,11,1,,,
2026-09-01 03:26:36,deployment,currencyservice,506,346,9,,,
2026-09-01 03:26:36,deployment,emailservice,16,40,1,,,
2026-09-01 03:26:36,deployment,frontend,811,166,14,,,
2026-09-01 03:26:36,http_p95_latency,frontend,,,,,,246.4
2026-09-01 03:26:36,deployment,paymentservice,12,30,1,,,
2026-09-01 03:26:36,deployment,productcatalogservice,444,64,8,,,
2026-09-01 03:26:36,deployment,recommendationservice,341,242,6,,,
2026-09-01 03:26:36,deployment,redis-cart,18,41,1,,,
2026-09-01 03:26:36,deployment,shippingservice,35,9,1,,,
2026-09-01 03:26:36,node,ze-master-node,3256,3530,,81.4,44.5,
2026-09-01 03:26:36,node,ze-worker-node,2750,1996,,68.8,25.1,
2026-09-01 03:26:44,deployment,adservice,58,95,1,,,
2026-09-01 03:26:44,deployment,cartservice,208,80,2,,,
2026-09-01 03:26:44,deployment,checkoutservice,37,11,1,,,
2026-09-01 03:26:44,deployment,currencyservice,506,346,9,,,
2026-09-01 03:26:44,deployment,emailservice,16,40,1,,,
2026-09-01 03:26:44,deployment,frontend,811,166,14,,,
2026-09-01 03:26:44,http_p95_latency,frontend,,,,,,235.4
2026-09-01 03:26:44,deployment,paymentservice,12,30,1,,,
2026-09-01 03:26:44,deployment,productcatalogservice,444,64,8,,,
2026-09-01 03:26:44,deployment,recommendationservice,341,242,6,,,
2026-09-01 03:26:44,deployment,redis-cart,18,41,1,,,
2026-09-01 03:26:44,deployment,shippingservice,35,9,1,,,
2026-09-01 03:26:44,node,ze-master-node,3256,3530,,81.4,44.5,
2026-09-01 03:26:44,node,ze-worker-node,2750,1996,,68.8,25.1,
2026-09-01 03:26:51,deployment,adservice,52,95,1,,,
2026-09-01 03:26:51,deployment,cartservice,204,80,2,,,
2026-09-01 03:26:51,deployment,checkoutservice,35,12,1,,,
2026-09-01 03:26:51,deployment,currencyservice,474,347,9,,,
2026-09-01 03:26:51,deployment,emailservice,16,40,1,,,
2026-09-01 03:26:51,deployment,frontend,742,166,14,,,
2026-09-01 03:26:51,http_p95_latency,frontend,,,,,,235.4
2026-09-01 03:26:51,deployment,paymentservice,10,30,1,,,
2026-09-01 03:26:51,deployment,productcatalogservice,416,67,8,,,
2026-09-01 03:26:51,deployment,recommendationservice,306,240,6,,,
2026-09-01 03:26:51,deployment,redis-cart,18,41,1,,,
2026-09-01 03:26:51,deployment,shippingservice,31,9,1,,,
2026-09-01 03:26:51,node,ze-master-node,2981,3532,,74.5,44.5,
2026-09-01 03:26:51,node,ze-worker-node,2600,1997,,65.0,25.1,
2026-09-01 03:26:58,deployment,adservice,52,95,1,,,
2026-09-01 03:26:58,deployment,cartservice,204,80,2,,,
2026-09-01 03:26:58,deployment,checkoutservice,35,12,1,,,
2026-09-01 03:26:58,deployment,currencyservice,474,347,9,,,
2026-09-01 03:26:58,deployment,emailservice,16,40,1,,,
2026-09-01 03:26:58,deployment,frontend,742,166,14,,,
2026-09-01 03:26:58,http_p95_latency,frontend,,,,,,233.2
2026-09-01 03:26:58,deployment,paymentservice,10,30,1,,,
2026-09-01 03:26:58,deployment,productcatalogservice,416,67,8,,,
2026-09-01 03:26:58,deployment,recommendationservice,306,240,6,,,
2026-09-01 03:26:58,deployment,redis-cart,18,41,1,,,
2026-09-01 03:26:58,deployment,shippingservice,31,9,1,,,
2026-09-01 03:26:58,node,ze-master-node,2981,3532,,74.5,44.5,
2026-09-01 03:26:58,node,ze-worker-node,2600,1997,,65.0,25.1,
2026-09-01 03:27:06,deployment,adservice,58,95,1,,,
2026-09-01 03:27:06,deployment,cartservice,180,80,2,,,
2026-09-01 03:27:06,deployment,checkoutservice,36,12,1,,,
2026-09-01 03:27:06,deployment,currencyservice,467,347,9,,,
2026-09-01 03:27:06,deployment,emailservice,18,40,1,,,
2026-09-01 03:27:06,deployment,frontend,745,166,14,,,
2026-09-01 03:27:06,http_p95_latency,frontend,,,,,,233.2
2026-09-01 03:27:06,deployment,paymentservice,11,30,1,,,
2026-09-01 03:27:06,deployment,productcatalogservice,408,69,8,,,
2026-09-01 03:27:06,deployment,recommendationservice,311,240,6,,,
2026-09-01 03:27:06,deployment,redis-cart,18,41,1,,,
2026-09-01 03:27:06,deployment,shippingservice,29,9,1,,,
2026-09-01 03:27:06,node,ze-master-node,2979,3532,,74.5,44.5,
2026-09-01 03:27:06,node,ze-worker-node,2621,1997,,65.5,25.1,
2026-09-01 03:27:13,deployment,adservice,58,95,1,,,
2026-09-01 03:27:13,deployment,cartservice,180,80,2,,,
2026-09-01 03:27:13,deployment,checkoutservice,36,12,1,,,
2026-09-01 03:27:13,deployment,currencyservice,467,347,9,,,
2026-09-01 03:27:13,deployment,emailservice,18,40,1,,,
2026-09-01 03:27:13,deployment,frontend,745,166,14,,,
2026-09-01 03:27:13,http_p95_latency,frontend,,,,,,227.9
2026-09-01 03:27:13,deployment,paymentservice,11,30,1,,,
2026-09-01 03:27:13,deployment,productcatalogservice,408,69,8,,,
2026-09-01 03:27:13,deployment,recommendationservice,311,240,6,,,
2026-09-01 03:27:13,deployment,redis-cart,18,41,1,,,
2026-09-01 03:27:13,deployment,shippingservice,29,9,1,,,
2026-09-01 03:27:13,node,ze-master-node,2979,3532,,74.5,44.5,
2026-09-01 03:27:13,node,ze-worker-node,2621,1997,,65.5,25.1,
2026-09-01 03:27:21,deployment,adservice,55,95,1,,,
2026-09-01 03:27:21,deployment,cartservice,190,80,2,,,
2026-09-01 03:27:21,deployment,checkoutservice,44,12,1,,,
2026-09-01 03:27:21,deployment,currencyservice,485,341,9,,,
2026-09-01 03:27:21,deployment,emailservice,16,40,1,,,
2026-09-01 03:27:21,deployment,frontend,771,167,14,,,
2026-09-01 03:27:21,http_p95_latency,frontend,,,,,,227.9
2026-09-01 03:27:21,deployment,paymentservice,12,31,1,,,
2026-09-01 03:27:21,deployment,productcatalogservice,423,68,8,,,
2026-09-01 03:27:21,deployment,recommendationservice,326,241,6,,,
2026-09-01 03:27:21,deployment,redis-cart,18,41,1,,,
2026-09-01 03:27:21,deployment,shippingservice,36,9,1,,,
2026-09-01 03:27:21,node,ze-master-node,3071,3542,,76.8,44.6,
2026-09-01 03:27:21,node,ze-worker-node,2673,1948,,66.8,24.5,
2026-09-01 03:27:28,deployment,adservice,55,95,1,,,
2026-09-01 03:27:28,deployment,cartservice,190,80,2,,,
2026-09-01 03:27:28,deployment,checkoutservice,44,12,1,,,
2026-09-01 03:27:28,deployment,currencyservice,485,341,9,,,
2026-09-01 03:27:28,deployment,emailservice,16,40,1,,,
2026-09-01 03:27:28,deployment,frontend,771,167,14,,,
2026-09-01 03:27:28,http_p95_latency,frontend,,,,,,228.8
2026-09-01 03:27:28,deployment,paymentservice,12,31,1,,,
2026-09-01 03:27:28,deployment,productcatalogservice,423,68,8,,,
2026-09-01 03:27:28,deployment,recommendationservice,326,241,6,,,
2026-09-01 03:27:28,deployment,redis-cart,18,41,1,,,
2026-09-01 03:27:28,deployment,shippingservice,36,9,1,,,
2026-09-01 03:27:28,node,ze-master-node,3071,3542,,76.8,44.6,
2026-09-01 03:27:28,node,ze-worker-node,2673,1948,,66.8,24.5,
2026-09-01 03:27:36,deployment,adservice,52,95,1,,,
2026-09-01 03:27:36,deployment,cartservice,187,80,2,,,
2026-09-01 03:27:36,deployment,checkoutservice,33,12,1,,,
2026-09-01 03:27:36,deployment,currencyservice,452,328,9,,,
2026-09-01 03:27:36,deployment,emailservice,16,40,1,,,
2026-09-01 03:27:36,deployment,frontend,708,167,14,,,
2026-09-01 03:27:36,http_p95_latency,frontend,,,,,,228.8
2026-09-01 03:27:36,deployment,paymentservice,11,30,1,,,
2026-09-01 03:27:36,deployment,productcatalogservice,387,66,8,,,
2026-09-01 03:27:36,deployment,recommendationservice,305,240,6,,,
2026-09-01 03:27:36,deployment,redis-cart,18,41,1,,,
2026-09-01 03:27:36,deployment,shippingservice,28,9,1,,,
2026-09-01 03:27:36,node,ze-master-node,2716,3537,,67.9,44.5,
2026-09-01 03:27:36,node,ze-worker-node,2569,1937,,64.2,24.4,
2026-09-01 03:27:43,deployment,adservice,52,95,1,,,
2026-09-01 03:27:43,deployment,cartservice,187,80,2,,,
2026-09-01 03:27:43,deployment,checkoutservice,33,12,1,,,
2026-09-01 03:27:43,deployment,currencyservice,452,328,9,,,
2026-09-01 03:27:43,deployment,emailservice,16,40,1,,,
2026-09-01 03:27:43,deployment,frontend,708,167,14,,,
2026-09-01 03:27:43,http_p95_latency,frontend,,,,,,221.8
2026-09-01 03:27:43,deployment,paymentservice,11,30,1,,,
2026-09-01 03:27:43,deployment,productcatalogservice,387,66,8,,,
2026-09-01 03:27:43,deployment,recommendationservice,305,240,6,,,
2026-09-01 03:27:43,deployment,redis-cart,18,41,1,,,
2026-09-01 03:27:43,deployment,shippingservice,28,9,1,,,
2026-09-01 03:27:43,node,ze-master-node,2716,3537,,67.9,44.5,
2026-09-01 03:27:43,node,ze-worker-node,2569,1937,,64.2,24.4,
2026-09-01 03:27:52,deployment,adservice,49,95,1,,,
2026-09-01 03:27:52,deployment,cartservice,156,80,2,,,
2026-09-01 03:27:52,deployment,checkoutservice,26,12,1,,,
2026-09-01 03:27:52,deployment,currencyservice,422,303,9,,,
2026-09-01 03:27:52,deployment,emailservice,11,40,1,,,
2026-09-01 03:27:52,deployment,frontend,667,167,14,,,
2026-09-01 03:27:52,http_p95_latency,frontend,,,,,,221.8
2026-09-01 03:27:52,deployment,paymentservice,9,30,1,,,
2026-09-01 03:27:52,deployment,productcatalogservice,374,65,8,,,
2026-09-01 03:27:52,deployment,recommendationservice,285,240,6,,,
2026-09-01 03:27:52,deployment,redis-cart,18,42,1,,,
2026-09-01 03:27:52,deployment,shippingservice,25,9,1,,,
2026-09-01 03:27:52,node,ze-master-node,2664,3520,,66.6,44.3,
2026-09-01 03:27:52,node,ze-worker-node,2425,1922,,60.6,24.2,
2026-09-01 03:27:59,deployment,adservice,49,95,1,,,
2026-09-01 03:27:59,deployment,cartservice,156,80,2,,,
2026-09-01 03:27:59,deployment,checkoutservice,26,12,1,,,
2026-09-01 03:27:59,deployment,currencyservice,422,303,9,,,
2026-09-01 03:27:59,deployment,emailservice,11,40,1,,,
2026-09-01 03:27:59,deployment,frontend,667,167,14,,,
2026-09-01 03:27:59,http_p95_latency,frontend,,,,,,220.4
2026-09-01 03:27:59,deployment,paymentservice,9,30,1,,,
2026-09-01 03:27:59,deployment,productcatalogservice,374,65,8,,,
2026-09-01 03:27:59,deployment,recommendationservice,285,240,6,,,
2026-09-01 03:27:59,deployment,redis-cart,18,42,1,,,
2026-09-01 03:27:59,deployment,shippingservice,25,9,1,,,
2026-09-01 03:27:59,node,ze-master-node,2664,3520,,66.6,44.3,
2026-09-01 03:27:59,node,ze-worker-node,2425,1922,,60.6,24.2,
2026-09-01 03:28:08,deployment,adservice,49,95,1,,,
2026-09-01 03:28:08,deployment,cartservice,151,80,2,,,
2026-09-01 03:28:08,deployment,checkoutservice,26,12,1,,,
2026-09-01 03:28:08,deployment,currencyservice,408,289,9,,,
2026-09-01 03:28:08,deployment,emailservice,15,40,1,,,
2026-09-01 03:28:08,deployment,frontend,645,167,14,,,
2026-09-01 03:28:08,http_p95_latency,frontend,,,,,,220.4
2026-09-01 03:28:08,deployment,paymentservice,9,30,1,,,
2026-09-01 03:28:08,deployment,productcatalogservice,369,64,8,,,
2026-09-01 03:28:08,deployment,recommendationservice,281,240,6,,,
2026-09-01 03:28:08,deployment,redis-cart,18,42,1,,,
2026-09-01 03:28:08,deployment,shippingservice,25,9,1,,,
2026-09-01 03:28:08,node,ze-master-node,2625,3511,,65.6,44.2,
2026-09-01 03:28:08,node,ze-worker-node,2429,1920,,60.7,24.2,
2026-09-01 03:28:14,deployment,adservice,49,95,1,,,
2026-09-01 03:28:14,deployment,cartservice,151,80,2,,,
2026-09-01 03:28:14,deployment,checkoutservice,26,12,1,,,
2026-09-01 03:28:14,deployment,currencyservice,408,289,9,,,
2026-09-01 03:28:14,deployment,emailservice,15,40,1,,,
2026-09-01 03:28:14,deployment,frontend,645,167,14,,,
2026-09-01 03:28:14,http_p95_latency,frontend,,,,,,225.4
2026-09-01 03:28:14,deployment,paymentservice,9,30,1,,,
2026-09-01 03:28:14,deployment,productcatalogservice,369,64,8,,,
2026-09-01 03:28:14,deployment,recommendationservice,281,240,6,,,
2026-09-01 03:28:14,deployment,redis-cart,18,42,1,,,
2026-09-01 03:28:14,deployment,shippingservice,25,9,1,,,
2026-09-01 03:28:14,node,ze-master-node,2625,3511,,65.6,44.2,
2026-09-01 03:28:14,node,ze-worker-node,2429,1920,,60.7,24.2,
2026-09-01 03:28:21,deployment,adservice,50,95,1,,,
2026-09-01 03:28:21,deployment,cartservice,165,80,2,,,
2026-09-01 03:28:21,deployment,checkoutservice,32,12,1,,,
2026-09-01 03:28:21,deployment,currencyservice,420,293,9,,,
2026-09-01 03:28:21,deployment,emailservice,20,40,1,,,
2026-09-01 03:28:21,deployment,frontend,668,167,14,,,
2026-09-01 03:28:21,http_p95_latency,frontend,,,,,,225.4
2026-09-01 03:28:21,deployment,paymentservice,10,30,1,,,
2026-09-01 03:28:21,deployment,productcatalogservice,387,65,8,,,
2026-09-01 03:28:21,deployment,recommendationservice,282,240,6,,,
2026-09-01 03:28:21,deployment,redis-cart,48,41,1,,,
2026-09-01 03:28:21,deployment,shippingservice,26,9,1,,,
2026-09-01 03:28:21,node,ze-master-node,2755,3516,,68.9,44.3,
2026-09-01 03:28:21,node,ze-worker-node,2496,1928,,62.4,24.3,
2026-09-01 03:28:29,deployment,adservice,50,95,1,,,
2026-09-01 03:28:29,deployment,cartservice,165,80,2,,,
2026-09-01 03:28:29,deployment,checkoutservice,32,12,1,,,
2026-09-01 03:28:29,deployment,currencyservice,420,293,9,,,
2026-09-01 03:28:29,deployment,emailservice,20,40,1,,,
2026-09-01 03:28:29,deployment,frontend,668,167,14,,,
2026-09-01 03:28:29,http_p95_latency,frontend,,,,,,226.7
2026-09-01 03:28:29,deployment,paymentservice,10,30,1,,,
2026-09-01 03:28:29,deployment,productcatalogservice,387,65,8,,,
2026-09-01 03:28:29,deployment,recommendationservice,282,240,6,,,
2026-09-01 03:28:29,deployment,redis-cart,48,41,1,,,
2026-09-01 03:28:29,deployment,shippingservice,26,9,1,,,
2026-09-01 03:28:29,node,ze-master-node,2755,3516,,68.9,44.3,
2026-09-01 03:28:29,node,ze-worker-node,2496,1928,,62.4,24.3,
2026-09-01 03:28:37,deployment,adservice,50,95,1,,,
2026-09-01 03:28:37,deployment,cartservice,176,80,2,,,
2026-09-01 03:28:37,deployment,checkoutservice,32,12,1,,,
2026-09-01 03:28:37,deployment,currencyservice,422,291,9,,,
2026-09-01 03:28:37,deployment,emailservice,17,40,1,,,
2026-09-01 03:28:37,deployment,frontend,646,167,14,,,
2026-09-01 03:28:37,http_p95_latency,frontend,,,,,,226.7
2026-09-01 03:28:37,deployment,paymentservice,9,30,1,,,
2026-09-01 03:28:37,deployment,productcatalogservice,368,66,8,,,
2026-09-01 03:28:37,deployment,recommendationservice,281,242,6,,,
2026-09-01 03:28:37,deployment,redis-cart,17,41,1,,,
2026-09-01 03:28:37,deployment,shippingservice,27,9,1,,,
2026-09-01 03:28:37,node,ze-master-node,2650,3512,,66.2,44.2,
2026-09-01 03:28:37,node,ze-worker-node,2407,1921,,60.2,24.2,
2026-09-01 03:28:43,deployment,adservice,50,95,1,,,
2026-09-01 03:28:43,deployment,cartservice,176,80,2,,,
2026-09-01 03:28:43,deployment,checkoutservice,32,12,1,,,
2026-09-01 03:28:43,deployment,currencyservice,422,291,9,,,
2026-09-01 03:28:43,deployment,emailservice,17,40,1,,,
2026-09-01 03:28:43,deployment,frontend,646,167,14,,,
2026-09-01 03:28:43,http_p95_latency,frontend,,,,,,212.4
2026-09-01 03:28:43,deployment,paymentservice,9,30,1,,,
2026-09-01 03:28:43,deployment,productcatalogservice,368,66,8,,,
2026-09-01 03:28:43,deployment,recommendationservice,281,242,6,,,
2026-09-01 03:28:43,deployment,redis-cart,17,41,1,,,
2026-09-01 03:28:43,deployment,shippingservice,27,9,1,,,
2026-09-01 03:28:43,node,ze-master-node,2650,3512,,66.2,44.2,
2026-09-01 03:28:43,node,ze-worker-node,2407,1921,,60.2,24.2,
2026-09-01 03:28:51,deployment,adservice,46,95,1,,,
2026-09-01 03:28:51,deployment,cartservice,152,80,2,,,
2026-09-01 03:28:51,deployment,checkoutservice,25,12,1,,,
2026-09-01 03:28:51,deployment,currencyservice,395,291,9,,,
2026-09-01 03:28:51,deployment,emailservice,12,40,1,,,
2026-09-01 03:28:51,deployment,frontend,614,168,14,,,
2026-09-01 03:28:51,http_p95_latency,frontend,,,,,,212.4
2026-09-01 03:28:51,deployment,paymentservice,9,30,1,,,
2026-09-01 03:28:51,deployment,productcatalogservice,343,65,8,,,
2026-09-01 03:28:51,deployment,recommendationservice,257,240,6,,,
2026-09-01 03:28:51,deployment,redis-cart,16,41,1,,,
2026-09-01 03:28:51,deployment,shippingservice,27,9,1,,,
2026-09-01 03:28:51,node,ze-master-node,2587,3506,,64.7,44.2,
2026-09-01 03:28:51,node,ze-worker-node,2315,1927,,57.9,24.3,
2026-09-01 03:28:58,deployment,adservice,46,95,1,,,
2026-09-01 03:28:58,deployment,cartservice,152,80,2,,,
2026-09-01 03:28:58,deployment,checkoutservice,25,12,1,,,
2026-09-01 03:28:58,deployment,currencyservice,395,291,9,,,
2026-09-01 03:28:58,deployment,emailservice,12,40,1,,,
2026-09-01 03:28:58,deployment,frontend,614,168,14,,,
2026-09-01 03:28:58,http_p95_latency,frontend,,,,,,212.3
2026-09-01 03:28:58,deployment,paymentservice,9,30,1,,,
2026-09-01 03:28:58,deployment,productcatalogservice,343,65,8,,,
2026-09-01 03:28:58,deployment,recommendationservice,257,240,6,,,
2026-09-01 03:28:58,deployment,redis-cart,16,41,1,,,
2026-09-01 03:28:58,deployment,shippingservice,27,9,1,,,
2026-09-01 03:28:58,node,ze-master-node,2587,3506,,64.7,44.2,
2026-09-01 03:28:58,node,ze-worker-node,2315,1927,,57.9,24.3,
2026-09-01 03:29:06,deployment,adservice,45,95,1,,,
2026-09-01 03:29:06,deployment,cartservice,159,80,2,,,
2026-09-01 03:29:06,deployment,checkoutservice,30,12,1,,,
2026-09-01 03:29:06,deployment,currencyservice,401,290,9,,,
2026-09-01 03:29:06,deployment,emailservice,15,40,1,,,
2026-09-01 03:29:06,deployment,frontend,593,167,14,,,
2026-09-01 03:29:06,http_p95_latency,frontend,,,,,,212.3
2026-09-01 03:29:06,deployment,paymentservice,8,30,1,,,
2026-09-01 03:29:06,deployment,productcatalogservice,343,67,8,,,
2026-09-01 03:29:06,deployment,recommendationservice,257,240,6,,,
2026-09-01 03:29:06,deployment,redis-cart,16,41,1,,,
2026-09-01 03:29:06,deployment,shippingservice,26,9,1,,,
2026-09-01 03:29:06,node,ze-master-node,2473,3515,,61.8,44.3,
2026-09-01 03:29:06,node,ze-worker-node,2347,1920,,58.7,24.2,
2026-09-01 03:29:13,deployment,adservice,45,95,1,,,
2026-09-01 03:29:13,deployment,cartservice,159,80,2,,,
2026-09-01 03:29:13,deployment,checkoutservice,30,12,1,,,
2026-09-01 03:29:13,deployment,currencyservice,401,290,9,,,
2026-09-01 03:29:13,deployment,emailservice,15,40,1,,,
2026-09-01 03:29:13,deployment,frontend,593,167,14,,,
2026-09-01 03:29:13,http_p95_latency,frontend,,,,,,208.5
2026-09-01 03:29:13,deployment,paymentservice,8,30,1,,,
2026-09-01 03:29:13,deployment,productcatalogservice,343,67,8,,,
2026-09-01 03:29:13,deployment,recommendationservice,257,240,6,,,
2026-09-01 03:29:13,deployment,redis-cart,16,41,1,,,
2026-09-01 03:29:13,deployment,shippingservice,26,9,1,,,
2026-09-01 03:29:13,node,ze-master-node,2473,3515,,61.8,44.3,
2026-09-01 03:29:13,node,ze-worker-node,2347,1920,,58.7,24.2,
2026-09-01 03:29:22,deployment,adservice,45,95,1,,,
2026-09-01 03:29:22,deployment,cartservice,162,80,2,,,
2026-09-01 03:29:22,deployment,checkoutservice,29,12,1,,,
2026-09-01 03:29:22,deployment,currencyservice,404,295,9,,,
2026-09-01 03:29:22,deployment,emailservice,16,40,1,,,
2026-09-01 03:29:22,deployment,frontend,601,167,14,,,
2026-09-01 03:29:22,http_p95_latency,frontend,,,,,,208.5
2026-09-01 03:29:22,deployment,paymentservice,9,30,1,,,
2026-09-01 03:29:22,deployment,productcatalogservice,351,65,8,,,
2026-09-01 03:29:22,deployment,recommendationservice,263,242,6,,,
2026-09-01 03:29:22,deployment,redis-cart,16,41,1,,,
2026-09-01 03:29:22,deployment,shippingservice,27,9,1,,,
2026-09-01 03:29:22,node,ze-master-node,2589,3508,,64.7,44.2,
2026-09-01 03:29:22,node,ze-worker-node,2360,1932,,59.0,24.3,
2026-09-01 03:29:28,deployment,adservice,45,95,1,,,
2026-09-01 03:29:28,deployment,cartservice,162,80,2,,,
2026-09-01 03:29:28,deployment,checkoutservice,29,12,1,,,
2026-09-01 03:29:28,deployment,currencyservice,404,295,9,,,
2026-09-01 03:29:28,deployment,emailservice,16,40,1,,,
2026-09-01 03:29:28,deployment,frontend,601,167,14,,,
2026-09-01 03:29:28,http_p95_latency,frontend,,,,,,214.3
2026-09-01 03:29:28,deployment,paymentservice,9,30,1,,,
2026-09-01 03:29:28,deployment,productcatalogservice,351,65,8,,,
2026-09-01 03:29:28,deployment,recommendationservice,263,242,6,,,
2026-09-01 03:29:28,deployment,redis-cart,16,41,1,,,
2026-09-01 03:29:28,deployment,shippingservice,27,9,1,,,
2026-09-01 03:29:28,node,ze-master-node,2589,3508,,64.7,44.2,
2026-09-01 03:29:28,node,ze-worker-node,2360,1932,,59.0,24.3,
2026-09-01 03:29:36,deployment,adservice,46,95,1,,,
2026-09-01 03:29:36,deployment,cartservice,161,80,2,,,
2026-09-01 03:29:36,deployment,checkoutservice,26,12,1,,,
2026-09-01 03:29:36,deployment,currencyservice,401,295,9,,,
2026-09-01 03:29:36,deployment,emailservice,16,44,1,,,
2026-09-01 03:29:36,deployment,frontend,577,167,14,,,
2026-09-01 03:29:36,http_p95_latency,frontend,,,,,,214.3
2026-09-01 03:29:36,deployment,paymentservice,11,30,1,,,
2026-09-01 03:29:36,deployment,productcatalogservice,344,66,8,,,
2026-09-01 03:29:36,deployment,recommendationservice,255,240,6,,,
2026-09-01 03:29:36,deployment,redis-cart,16,41,1,,,
2026-09-01 03:29:36,deployment,shippingservice,26,9,1,,,
2026-09-01 03:29:36,node,ze-master-node,2442,3532,,61.1,44.5,
2026-09-01 03:29:36,node,ze-worker-node,2252,1922,,56.3,24.2,
2026-09-01 03:29:43,deployment,adservice,46,95,1,,,
2026-09-01 03:29:43,deployment,cartservice,161,80,2,,,
2026-09-01 03:29:43,deployment,checkoutservice,26,12,1,,,
2026-09-01 03:29:43,deployment,currencyservice,401,295,9,,,
2026-09-01 03:29:43,deployment,emailservice,16,44,1,,,
2026-09-01 03:29:43,deployment,frontend,577,167,14,,,
2026-09-01 03:29:43,http_p95_latency,frontend,,,,,,209.4
2026-09-01 03:29:43,deployment,paymentservice,11,30,1,,,
2026-09-01 03:29:43,deployment,productcatalogservice,344,66,8,,,
2026-09-01 03:29:43,deployment,recommendationservice,255,240,6,,,
2026-09-01 03:29:43,deployment,redis-cart,16,41,1,,,
2026-09-01 03:29:43,deployment,shippingservice,26,9,1,,,
2026-09-01 03:29:43,node,ze-master-node,2442,3532,,61.1,44.5,
2026-09-01 03:29:43,node,ze-worker-node,2252,1922,,56.3,24.2,
2026-09-01 03:29:50,deployment,adservice,42,95,1,,,
2026-09-01 03:29:50,deployment,cartservice,152,80,2,,,
2026-09-01 03:29:50,deployment,checkoutservice,26,12,1,,,
2026-09-01 03:29:50,deployment,currencyservice,362,297,9,,,
2026-09-01 03:29:50,deployment,emailservice,13,40,1,,,
2026-09-01 03:29:50,deployment,frontend,545,167,14,,,
2026-09-01 03:29:50,http_p95_latency,frontend,,,,,,209.4
2026-09-01 03:29:50,deployment,paymentservice,11,30,1,,,
2026-09-01 03:29:50,deployment,productcatalogservice,329,66,8,,,
2026-09-01 03:29:50,deployment,recommendationservice,253,240,6,,,
2026-09-01 03:29:50,deployment,redis-cart,16,41,1,,,
2026-09-01 03:29:50,deployment,shippingservice,24,9,1,,,
2026-09-01 03:29:50,node,ze-master-node,2413,3532,,60.3,44.5,
2026-09-01 03:29:50,node,ze-worker-node,2214,1929,,55.4,24.3,
2026-09-01 03:29:59,deployment,adservice,42,95,1,,,
2026-09-01 03:29:59,deployment,cartservice,152,80,2,,,
2026-09-01 03:29:59,deployment,checkoutservice,26,12,1,,,
2026-09-01 03:29:59,deployment,currencyservice,362,297,9,,,
2026-09-01 03:29:59,deployment,emailservice,13,40,1,,,
2026-09-01 03:29:59,deployment,frontend,545,167,14,,,
2026-09-01 03:29:59,http_p95_latency,frontend,,,,,,198.2
2026-09-01 03:29:59,deployment,paymentservice,11,30,1,,,
2026-09-01 03:29:59,deployment,productcatalogservice,329,66,8,,,
2026-09-01 03:29:59,deployment,recommendationservice,253,240,6,,,
2026-09-01 03:29:59,deployment,redis-cart,16,41,1,,,
2026-09-01 03:29:59,deployment,shippingservice,24,9,1,,,
2026-09-01 03:29:59,node,ze-master-node,2413,3532,,60.3,44.5,
2026-09-01 03:29:59,node,ze-worker-node,2214,1929,,55.4,24.3,
2026-09-01 03:30:06,deployment,adservice,41,95,1,,,
2026-09-01 03:30:06,deployment,cartservice,151,80,2,,,
2026-09-01 03:30:06,deployment,checkoutservice,28,12,1,,,
2026-09-01 03:30:06,deployment,currencyservice,365,303,9,,,
2026-09-01 03:30:06,deployment,emailservice,15,40,1,,,
2026-09-01 03:30:06,deployment,frontend,554,167,14,,,
2026-09-01 03:30:06,http_p95_latency,frontend,,,,,,198.2
2026-09-01 03:30:06,deployment,paymentservice,8,31,1,,,
2026-09-01 03:30:06,deployment,productcatalogservice,323,65,8,,,
2026-09-01 03:30:06,deployment,recommendationservice,250,240,6,,,
2026-09-01 03:30:06,deployment,redis-cart,15,41,1,,,
2026-09-01 03:30:06,deployment,shippingservice,24,9,1,,,
2026-09-01 03:30:06,node,ze-master-node,2436,3537,,60.9,44.5,
2026-09-01 03:30:06,node,ze-worker-node,2148,1928,,53.7,24.3,
2026-09-01 03:30:13,deployment,adservice,41,95,1,,,
2026-09-01 03:30:13,deployment,cartservice,151,80,2,,,
2026-09-01 03:30:13,deployment,checkoutservice,28,12,1,,,
2026-09-01 03:30:13,deployment,currencyservice,365,303,9,,,
2026-09-01 03:30:13,deployment,emailservice,15,40,1,,,
2026-09-01 03:30:13,deployment,frontend,554,167,14,,,
2026-09-01 03:30:13,http_p95_latency,frontend,,,,,,184.6
2026-09-01 03:30:13,deployment,paymentservice,8,31,1,,,
2026-09-01 03:30:13,deployment,productcatalogservice,323,65,8,,,
2026-09-01 03:30:13,deployment,recommendationservice,250,240,6,,,
2026-09-01 03:30:13,deployment,redis-cart,15,41,1,,,
2026-09-01 03:30:13,deployment,shippingservice,24,9,1,,,
2026-09-01 03:30:13,node,ze-master-node,2436,3537,,60.9,44.5,
2026-09-01 03:30:13,node,ze-worker-node,2148,1928,,53.7,24.3,
2026-09-01 03:30:20,deployment,adservice,42,95,1,,,
2026-09-01 03:30:20,deployment,cartservice,157,80,2,,,
2026-09-01 03:30:20,deployment,checkoutservice,24,12,1,,,
2026-09-01 03:30:20,deployment,currencyservice,358,310,9,,,
2026-09-01 03:30:20,deployment,emailservice,14,40,1,,,
2026-09-01 03:30:20,deployment,frontend,545,167,14,,,
2026-09-01 03:30:20,http_p95_latency,frontend,,,,,,184.6
2026-09-01 03:30:20,deployment,paymentservice,8,30,1,,,
2026-09-01 03:30:20,deployment,productcatalogservice,321,68,8,,,
2026-09-01 03:30:20,deployment,recommendationservice,243,240,6,,,
2026-09-01 03:30:20,deployment,redis-cart,16,41,1,,,
2026-09-01 03:30:20,deployment,shippingservice,23,9,1,,,
2026-09-01 03:30:20,node,ze-master-node,2439,3535,,61.0,44.5,
2026-09-01 03:30:20,node,ze-worker-node,2245,1934,,56.1,24.4,
2026-09-01 03:30:28,deployment,adservice,42,95,1,,,
2026-09-01 03:30:28,deployment,cartservice,157,80,2,,,
2026-09-01 03:30:28,deployment,checkoutservice,24,12,1,,,
2026-09-01 03:30:28,deployment,currencyservice,358,310,9,,,
2026-09-01 03:30:28,deployment,emailservice,14,40,1,,,
2026-09-01 03:30:28,deployment,frontend,545,167,14,,,
2026-09-01 03:30:28,http_p95_latency,frontend,,,,,,204.2
2026-09-01 03:30:28,deployment,paymentservice,8,30,1,,,
2026-09-01 03:30:28,deployment,productcatalogservice,321,68,8,,,
2026-09-01 03:30:28,deployment,recommendationservice,243,240,6,,,
2026-09-01 03:30:28,deployment,redis-cart,16,41,1,,,
2026-09-01 03:30:28,deployment,shippingservice,23,9,1,,,
2026-09-01 03:30:28,node,ze-master-node,2439,3535,,61.0,44.5,
2026-09-01 03:30:28,node,ze-worker-node,2245,1934,,56.1,24.4,
2026-09-01 03:30:35,deployment,adservice,44,95,1,,,
2026-09-01 03:30:35,deployment,cartservice,166,80,2,,,
2026-09-01 03:30:35,deployment,checkoutservice,24,12,1,,,
2026-09-01 03:30:35,deployment,currencyservice,396,315,9,,,
2026-09-01 03:30:35,deployment,emailservice,15,40,1,,,
2026-09-01 03:30:35,deployment,frontend,583,167,14,,,
2026-09-01 03:30:35,http_p95_latency,frontend,,,,,,204.2
2026-09-01 03:30:35,deployment,paymentservice,11,30,1,,,
2026-09-01 03:30:35,deployment,productcatalogservice,344,65,8,,,
2026-09-01 03:30:35,deployment,recommendationservice,262,240,6,,,
2026-09-01 03:30:35,deployment,redis-cart,16,41,1,,,
2026-09-01 03:30:35,deployment,shippingservice,26,9,1,,,
2026-09-01 03:30:35,node,ze-master-node,2537,3551,,63.4,44.7,
2026-09-01 03:30:35,node,ze-worker-node,2416,1933,,60.4,24.3,
2026-09-01 03:30:42,deployment,adservice,44,95,1,,,
2026-09-01 03:30:42,deployment,cartservice,166,80,2,,,
2026-09-01 03:30:42,deployment,checkoutservice,24,12,1,,,
2026-09-01 03:30:42,deployment,currencyservice,396,315,9,,,
2026-09-01 03:30:42,deployment,emailservice,15,40,1,,,
2026-09-01 03:30:42,deployment,frontend,583,167,14,,,
2026-09-01 03:30:42,http_p95_latency,frontend,,,,,,197.8
2026-09-01 03:30:42,deployment,paymentservice,11,30,1,,,
2026-09-01 03:30:42,deployment,productcatalogservice,344,65,8,,,
2026-09-01 03:30:42,deployment,recommendationservice,262,240,6,,,
2026-09-01 03:30:42,deployment,redis-cart,16,41,1,,,
2026-09-01 03:30:42,deployment,shippingservice,26,9,1,,,
2026-09-01 03:30:42,node,ze-master-node,2537,3551,,63.4,44.7,
2026-09-01 03:30:42,node,ze-worker-node,2416,1933,,60.4,24.3,
2026-09-01 03:30:49,deployment,adservice,47,95,1,,,
2026-09-01 03:30:49,deployment,cartservice,172,80,2,,,
2026-09-01 03:30:49,deployment,checkoutservice,34,12,1,,,
2026-09-01 03:30:49,deployment,currencyservice,403,314,9,,,
2026-09-01 03:30:49,deployment,emailservice,15,40,1,,,
2026-09-01 03:30:49,deployment,frontend,617,167,14,,,
2026-09-01 03:30:49,http_p95_latency,frontend,,,,,,197.8
2026-09-01 03:30:49,deployment,paymentservice,10,30,1,,,
2026-09-01 03:30:49,deployment,productcatalogservice,353,67,8,,,
2026-09-01 03:30:49,deployment,recommendationservice,255,240,6,,,
2026-09-01 03:30:49,deployment,redis-cart,18,41,1,,,
2026-09-01 03:30:49,deployment,shippingservice,26,9,1,,,
2026-09-01 03:30:49,node,ze-master-node,2594,3567,,64.8,44.9,
2026-09-01 03:30:49,node,ze-worker-node,2441,1944,,61.0,24.5,
2026-09-01 03:30:57,deployment,adservice,47,95,1,,,
2026-09-01 03:30:57,deployment,cartservice,172,80,2,,,
2026-09-01 03:30:57,deployment,checkoutservice,34,12,1,,,
2026-09-01 03:30:57,deployment,currencyservice,403,314,9,,,
2026-09-01 03:30:57,deployment,emailservice,15,40,1,,,
2026-09-01 03:30:57,deployment,frontend,617,167,14,,,
2026-09-01 03:30:57,http_p95_latency,frontend,,,,,,211.5
2026-09-01 03:30:57,deployment,paymentservice,10,30,1,,,
2026-09-01 03:30:57,deployment,productcatalogservice,353,67,8,,,
2026-09-01 03:30:57,deployment,recommendationservice,255,240,6,,,
2026-09-01 03:30:57,deployment,redis-cart,18,41,1,,,
2026-09-01 03:30:57,deployment,shippingservice,26,9,1,,,
2026-09-01 03:30:57,node,ze-master-node,2594,3567,,64.8,44.9,
2026-09-01 03:30:57,node,ze-worker-node,2441,1944,,61.0,24.5,
2026-09-01 03:31:03,deployment,adservice,47,95,1,,,
2026-09-01 03:31:03,deployment,cartservice,152,80,2,,,
2026-09-01 03:31:03,deployment,checkoutservice,31,12,1,,,
2026-09-01 03:31:03,deployment,currencyservice,401,323,9,,,
2026-09-01 03:31:03,deployment,emailservice,17,40,1,,,
2026-09-01 03:31:03,deployment,frontend,607,167,14,,,
2026-09-01 03:31:03,http_p95_latency,frontend,,,,,,211.5
2026-09-01 03:31:03,deployment,paymentservice,9,30,1,,,
2026-09-01 03:31:03,deployment,productcatalogservice,347,67,8,,,
2026-09-01 03:31:03,deployment,recommendationservice,267,240,6,,,
2026-09-01 03:31:03,deployment,redis-cart,17,41,1,,,
2026-09-01 03:31:03,deployment,shippingservice,27,9,1,,,
2026-09-01 03:31:03,node,ze-master-node,2566,3576,,64.1,45.0,
2026-09-01 03:31:03,node,ze-worker-node,2341,1935,,58.5,24.4,
2026-09-01 03:31:12,deployment,adservice,46,95,1,,,
2026-09-01 03:31:12,deployment,cartservice,152,80,2,,,
2026-09-01 03:31:12,deployment,checkoutservice,31,12,1,,,
2026-09-01 03:31:12,deployment,currencyservice,401,323,9,,,
2026-09-01 03:31:12,deployment,emailservice,17,40,1,,,
2026-09-01 03:31:12,deployment,frontend,607,167,14,,,
2026-09-01 03:31:12,http_p95_latency,frontend,,,,,,200.9
2026-09-01 03:31:12,deployment,paymentservice,9,30,1,,,
2026-09-01 03:31:12,deployment,productcatalogservice,347,67,8,,,
2026-09-01 03:31:12,deployment,recommendationservice,267,240,6,,,
2026-09-01 03:31:12,deployment,redis-cart,17,41,1,,,
2026-09-01 03:31:12,deployment,shippingservice,27,9,1,,,
2026-09-01 03:31:12,node,ze-master-node,2566,3576,,64.1,45.0,
2026-09-01 03:31:12,node,ze-worker-node,2341,1935,,58.5,24.4,
2026-09-01 03:31:20,deployment,adservice,48,95,1,,,
2026-09-01 03:31:20,deployment,cartservice,160,80,2,,,
2026-09-01 03:31:20,deployment,checkoutservice,30,12,1,,,
2026-09-01 03:31:20,deployment,currencyservice,413,325,9,,,
2026-09-01 03:31:20,deployment,emailservice,12,40,1,,,
2026-09-01 03:31:20,deployment,frontend,605,167,14,,,
2026-09-01 03:31:20,http_p95_latency,frontend,,,,,,200.9
2026-09-01 03:31:20,deployment,paymentservice,9,30,1,,,
2026-09-01 03:31:20,deployment,productcatalogservice,353,64,8,,,
2026-09-01 03:31:20,deployment,recommendationservice,269,240,6,,,
2026-09-01 03:31:20,deployment,redis-cart,17,41,1,,,
2026-09-01 03:31:20,deployment,shippingservice,25,9,1,,,
2026-09-01 03:31:20,node,ze-master-node,2572,3542,,64.3,44.6,
2026-09-01 03:31:20,node,ze-worker-node,2388,1941,,59.7,24.4,
2026-09-01 03:31:28,deployment,adservice,48,95,1,,,
2026-09-01 03:31:28,deployment,cartservice,160,80,2,,,
2026-09-01 03:31:28,deployment,checkoutservice,30,12,1,,,
2026-09-01 03:31:28,deployment,currencyservice,413,325,9,,,
2026-09-01 03:31:28,deployment,emailservice,12,40,1,,,
2026-09-01 03:31:28,deployment,frontend,605,167,14,,,
2026-09-01 03:31:28,http_p95_latency,frontend,,,,,,234.0
2026-09-01 03:31:28,deployment,paymentservice,9,30,1,,,
2026-09-01 03:31:28,deployment,productcatalogservice,353,64,8,,,
2026-09-01 03:31:28,deployment,recommendationservice,269,240,6,,,
2026-09-01 03:31:28,deployment,redis-cart,17,41,1,,,
2026-09-01 03:31:28,deployment,shippingservice,25,9,1,,,
2026-09-01 03:31:28,node,ze-master-node,2572,3542,,64.3,44.6,
2026-09-01 03:31:28,node,ze-worker-node,2388,1941,,59.7,24.4,
2026-09-01 03:31:36,deployment,adservice,53,95,1,,,
2026-09-01 03:31:36,deployment,cartservice,157,80,2,,,
2026-09-01 03:31:36,deployment,checkoutservice,30,12,1,,,
2026-09-01 03:31:36,deployment,currencyservice,421,331,9,,,
2026-09-01 03:31:36,deployment,emailservice,12,40,1,,,
2026-09-01 03:31:36,deployment,frontend,644,167,14,,,
2026-09-01 03:31:36,http_p95_latency,frontend,,,,,,234.0
2026-09-01 03:31:36,deployment,paymentservice,9,30,1,,,
2026-09-01 03:31:36,deployment,productcatalogservice,360,64,8,,,
2026-09-01 03:31:36,deployment,recommendationservice,261,244,6,,,
2026-09-01 03:31:36,deployment,redis-cart,57,41,1,,,
2026-09-01 03:31:36,deployment,shippingservice,26,9,1,,,
2026-09-01 03:31:36,node,ze-master-node,2584,3543,,64.6,44.6,
2026-09-01 03:31:36,node,ze-worker-node,2560,1949,,64.0,24.5,
2026-09-01 03:31:44,deployment,adservice,53,95,1,,,
2026-09-01 03:31:44,deployment,cartservice,157,80,2,,,
2026-09-01 03:31:44,deployment,checkoutservice,30,12,1,,,
2026-09-01 03:31:44,deployment,currencyservice,421,331,9,,,
2026-09-01 03:31:44,deployment,emailservice,12,40,1,,,
2026-09-01 03:31:44,deployment,frontend,644,167,14,,,
2026-09-01 03:31:44,http_p95_latency,frontend,,,,,,224.9
2026-09-01 03:31:44,deployment,paymentservice,9,30,1,,,
2026-09-01 03:31:44,deployment,productcatalogservice,360,64,8,,,
2026-09-01 03:31:44,deployment,recommendationservice,261,244,6,,,
2026-09-01 03:31:44,deployment,redis-cart,57,41,1,,,
2026-09-01 03:31:44,deployment,shippingservice,26,9,1,,,
2026-09-01 03:31:44,node,ze-master-node,2584,3543,,64.6,44.6,
2026-09-01 03:31:44,node,ze-worker-node,2560,1949,,64.0,24.5,
2026-09-01 03:31:50,deployment,adservice,53,95,1,,,
2026-09-01 03:31:50,deployment,cartservice,170,80,2,,,
2026-09-01 03:31:50,deployment,checkoutservice,29,12,1,,,
2026-09-01 03:31:50,deployment,currencyservice,438,339,9,,,
2026-09-01 03:31:50,deployment,emailservice,16,40,1,,,
2026-09-01 03:31:50,deployment,frontend,682,167,14,,,
2026-09-01 03:31:50,http_p95_latency,frontend,,,,,,224.9
2026-09-01 03:31:50,deployment,paymentservice,10,30,1,,,
2026-09-01 03:31:50,deployment,productcatalogservice,371,65,8,,,
2026-09-01 03:31:50,deployment,recommendationservice,284,240,6,,,
2026-09-01 03:31:50,deployment,redis-cart,19,41,1,,,
2026-09-01 03:31:50,deployment,shippingservice,27,9,1,,,
2026-09-01 03:31:50,node,ze-master-node,2715,3545,,67.9,44.6,
2026-09-01 03:31:50,node,ze-worker-node,2532,1950,,63.3,24.6,
2026-09-01 03:31:59,deployment,adservice,53,95,1,,,
2026-09-01 03:31:59,deployment,cartservice,170,80,2,,,
2026-09-01 03:31:59,deployment,checkoutservice,29,12,1,,,
2026-09-01 03:31:59,deployment,currencyservice,438,339,9,,,
2026-09-01 03:31:59,deployment,emailservice,16,40,1,,,
2026-09-01 03:31:59,deployment,frontend,682,167,14,,,
2026-09-01 03:31:59,http_p95_latency,frontend,,,,,,217.4
2026-09-01 03:31:59,deployment,paymentservice,10,30,1,,,
2026-09-01 03:31:59,deployment,productcatalogservice,371,65,8,,,
2026-09-01 03:31:59,deployment,recommendationservice,284,240,6,,,
2026-09-01 03:31:59,deployment,redis-cart,19,41,1,,,
2026-09-01 03:31:59,deployment,shippingservice,27,9,1,,,
2026-09-01 03:31:59,node,ze-master-node,2715,3545,,67.9,44.6,
2026-09-01 03:31:59,node,ze-worker-node,2532,1950,,63.3,24.6,
2026-09-01 03:32:06,deployment,adservice,50,95,1,,,
2026-09-01 03:32:06,deployment,cartservice,178,80,2,,,
2026-09-01 03:32:06,deployment,checkoutservice,34,12,1,,,
2026-09-01 03:32:06,deployment,currencyservice,432,334,9,,,
2026-09-01 03:32:06,deployment,emailservice,13,40,1,,,
2026-09-01 03:32:06,deployment,frontend,673,167,14,,,
2026-09-01 03:32:06,http_p95_latency,frontend,,,,,,217.4
2026-09-01 03:32:06,deployment,paymentservice,9,30,1,,,
2026-09-01 03:32:06,deployment,productcatalogservice,383,67,8,,,
2026-09-01 03:32:06,deployment,recommendationservice,278,240,6,,,
2026-09-01 03:32:06,deployment,redis-cart,18,41,1,,,
2026-09-01 03:32:06,deployment,shippingservice,27,9,1,,,
2026-09-01 03:32:06,node,ze-master-node,2569,3549,,64.2,44.7,
2026-09-01 03:32:06,node,ze-worker-node,2533,1941,,63.3,24.4,
2026-09-01 03:32:14,deployment,adservice,50,95,1,,,
2026-09-01 03:32:14,deployment,cartservice,178,80,2,,,
2026-09-01 03:32:14,deployment,checkoutservice,34,12,1,,,
2026-09-01 03:32:14,deployment,currencyservice,432,334,9,,,
2026-09-01 03:32:14,deployment,emailservice,13,40,1,,,
2026-09-01 03:32:14,deployment,frontend,673,167,14,,,
2026-09-01 03:32:14,http_p95_latency,frontend,,,,,,199.7
2026-09-01 03:32:14,deployment,paymentservice,9,30,1,,,
2026-09-01 03:32:14,deployment,productcatalogservice,383,67,8,,,
2026-09-01 03:32:14,deployment,recommendationservice,278,240,6,,,
2026-09-01 03:32:14,deployment,redis-cart,18,41,1,,,
2026-09-01 03:32:14,deployment,shippingservice,27,9,1,,,
2026-09-01 03:32:14,node,ze-master-node,2569,3549,,64.2,44.7,
2026-09-01 03:32:14,node,ze-worker-node,2533,1941,,63.3,24.4,
2026-09-01 03:32:21,deployment,adservice,51,95,1,,,
2026-09-01 03:32:21,deployment,cartservice,195,80,2,,,
2026-09-01 03:32:21,deployment,checkoutservice,28,12,1,,,
2026-09-01 03:32:21,deployment,currencyservice,461,327,9,,,
2026-09-01 03:32:21,deployment,emailservice,18,42,1,,,
2026-09-01 03:32:21,deployment,frontend,677,167,14,,,
2026-09-01 03:32:21,http_p95_latency,frontend,,,,,,199.7
2026-09-01 03:32:21,deployment,paymentservice,9,30,1,,,
2026-09-01 03:32:21,deployment,productcatalogservice,384,66,8,,,
2026-09-01 03:32:21,deployment,recommendationservice,289,240,6,,,
2026-09-01 03:32:21,deployment,redis-cart,18,41,1,,,
2026-09-01 03:32:21,deployment,shippingservice,28,9,1,,,
2026-09-01 03:32:21,node,ze-master-node,2792,3543,,69.8,44.6,
2026-09-01 03:32:21,node,ze-worker-node,2573,1945,,64.3,24.5,
2026-09-01 03:32:30,deployment,adservice,51,95,1,,,
2026-09-01 03:32:30,deployment,cartservice,195,80,2,,,
2026-09-01 03:32:30,deployment,checkoutservice,28,12,1,,,
2026-09-01 03:32:30,deployment,currencyservice,461,327,9,,,
2026-09-01 03:32:30,deployment,emailservice,18,42,1,,,
2026-09-01 03:32:30,deployment,frontend,586,145,12,,,
2026-09-01 03:32:30,http_p95_latency,frontend,,,,,,226.4
2026-09-01 03:32:30,deployment,paymentservice,9,30,1,,,
2026-09-01 03:32:30,deployment,productcatalogservice,340,58,7,,,
2026-09-01 03:32:30,deployment,recommendationservice,289,240,6,,,
2026-09-01 03:32:30,deployment,redis-cart,18,41,1,,,
2026-09-01 03:32:30,deployment,shippingservice,28,9,1,,,
2026-09-01 03:32:30,node,ze-master-node,2792,3543,,69.8,44.6,
2026-09-01 03:32:30,node,ze-worker-node,2573,1945,,64.3,24.5,
2026-09-01 03:32:38,deployment,adservice,53,95,1,,,
2026-09-01 03:32:38,deployment,cartservice,221,80,2,,,
2026-09-01 03:32:38,deployment,checkoutservice,37,12,1,,,
2026-09-01 03:32:38,deployment,currencyservice,441,291,8,,,
2026-09-01 03:32:38,deployment,emailservice,15,40,1,,,
2026-09-01 03:32:38,deployment,frontend,652,145,12,,,
2026-09-01 03:32:38,http_p95_latency,frontend,,,,,,226.4
2026-09-01 03:32:38,deployment,paymentservice,10,30,1,,,
2026-09-01 03:32:38,deployment,productcatalogservice,371,58,7,,,
2026-09-01 03:32:38,deployment,recommendationservice,309,240,6,,,
2026-09-01 03:32:38,deployment,redis-cart,19,41,1,,,
2026-09-01 03:32:38,deployment,shippingservice,33,9,1,,,
2026-09-01 03:32:38,node,ze-master-node,3058,3527,,76.4,44.4,
2026-09-01 03:32:38,node,ze-worker-node,2812,1975,,70.3,24.9,
2026-09-01 03:32:45,deployment,adservice,53,95,1,,,
2026-09-01 03:32:45,deployment,cartservice,221,80,2,,,
2026-09-01 03:32:45,deployment,checkoutservice,37,12,1,,,
2026-09-01 03:32:45,deployment,currencyservice,441,291,8,,,
2026-09-01 03:32:45,deployment,emailservice,15,40,1,,,
2026-09-01 03:32:45,deployment,frontend,652,145,12,,,
2026-09-01 03:32:45,http_p95_latency,frontend,,,,,,245.4
2026-09-01 03:32:45,deployment,paymentservice,10,30,1,,,
2026-09-01 03:32:45,deployment,productcatalogservice,371,58,7,,,
2026-09-01 03:32:45,deployment,recommendationservice,309,240,6,,,
2026-09-01 03:32:45,deployment,redis-cart,19,41,1,,,
2026-09-01 03:32:45,deployment,shippingservice,33,9,1,,,
2026-09-01 03:32:45,node,ze-master-node,3058,3527,,76.4,44.4,
2026-09-01 03:32:45,node,ze-worker-node,2812,1975,,70.3,24.9,
2026-09-01 03:32:52,deployment,adservice,64,95,1,,,
2026-09-01 03:32:52,deployment,cartservice,197,80,2,,,
2026-09-01 03:32:52,deployment,checkoutservice,42,12,1,,,
2026-09-01 03:32:52,deployment,currencyservice,488,296,8,,,
2026-09-01 03:32:52,deployment,emailservice,16,41,1,,,
2026-09-01 03:32:52,deployment,frontend,780,145,12,,,
2026-09-01 03:32:52,http_p95_latency,frontend,,,,,,245.4
2026-09-01 03:32:52,deployment,paymentservice,11,31,1,,,
2026-09-01 03:32:52,deployment,productcatalogservice,435,58,7,,,
2026-09-01 03:32:52,deployment,recommendationservice,344,242,6,,,
2026-09-01 03:32:52,deployment,redis-cart,21,41,1,,,
2026-09-01 03:32:52,deployment,shippingservice,31,9,1,,,
2026-09-01 03:32:52,node,ze-master-node,3051,3472,,76.3,43.7,
2026-09-01 03:32:52,node,ze-worker-node,3133,1965,,78.3,24.7,
2026-09-01 03:33:00,deployment,adservice,64,95,1,,,
2026-09-01 03:33:00,deployment,cartservice,197,80,2,,,
2026-09-01 03:33:00,deployment,checkoutservice,42,12,1,,,
2026-09-01 03:33:00,deployment,currencyservice,488,296,8,,,
2026-09-01 03:33:00,deployment,emailservice,16,41,1,,,
2026-09-01 03:33:00,deployment,frontend,780,145,12,,,
2026-09-01 03:33:00,http_p95_latency,frontend,,,,,,246.7
2026-09-01 03:33:00,deployment,paymentservice,11,31,1,,,
2026-09-01 03:33:00,deployment,productcatalogservice,435,58,7,,,
2026-09-01 03:33:00,deployment,recommendationservice,344,242,6,,,
2026-09-01 03:33:00,deployment,redis-cart,21,41,1,,,
2026-09-01 03:33:00,deployment,shippingservice,31,9,1,,,
2026-09-01 03:33:00,node,ze-master-node,3051,3472,,76.3,43.7,
2026-09-01 03:33:00,node,ze-worker-node,3133,1965,,78.3,24.7,
2026-09-01 03:33:06,deployment,adservice,63,95,1,,,
2026-09-01 03:33:06,deployment,cartservice,208,80,2,,,
2026-09-01 03:33:06,deployment,checkoutservice,31,12,1,,,
2026-09-01 03:33:06,deployment,currencyservice,501,301,8,,,
2026-09-01 03:33:06,deployment,emailservice,17,40,1,,,
2026-09-01 03:33:06,deployment,frontend,792,145,12,,,
2026-09-01 03:33:06,http_p95_latency,frontend,,,,,,246.7
2026-09-01 03:33:06,deployment,paymentservice,11,31,1,,,
2026-09-01 03:33:06,deployment,productcatalogservice,427,61,7,,,
2026-09-01 03:33:06,deployment,recommendationservice,336,242,6,,,
2026-09-01 03:33:06,deployment,redis-cart,19,41,1,,,
2026-09-01 03:33:06,deployment,shippingservice,33,9,1,,,
2026-09-01 03:33:06,node,ze-master-node,2820,3482,,70.5,43.8,
2026-09-01 03:33:06,node,ze-worker-node,2912,1958,,72.8,24.7,
2026-09-01 03:33:14,deployment,adservice,63,95,1,,,
2026-09-01 03:33:14,deployment,cartservice,208,80,2,,,
2026-09-01 03:33:14,deployment,checkoutservice,31,12,1,,,
2026-09-01 03:33:14,deployment,currencyservice,501,301,8,,,
2026-09-01 03:33:14,deployment,emailservice,17,40,1,,,
2026-09-01 03:33:14,deployment,frontend,792,145,14,,,
2026-09-01 03:33:14,http_p95_latency,frontend,,,,,,236.5
2026-09-01 03:33:14,deployment,paymentservice,11,31,1,,,
2026-09-01 03:33:14,deployment,productcatalogservice,427,61,7,,,
2026-09-01 03:33:14,deployment,recommendationservice,336,242,6,,,
2026-09-01 03:33:14,deployment,redis-cart,19,41,1,,,
2026-09-01 03:33:14,deployment,shippingservice,33,9,1,,,
2026-09-01 03:33:14,node,ze-master-node,2820,3482,,70.5,43.8,
2026-09-01 03:33:14,node,ze-worker-node,2912,1958,,72.8,24.7,
2026-09-01 03:33:22,deployment,adservice,60,95,1,,,
2026-09-01 03:33:22,deployment,cartservice,230,80,2,,,
2026-09-01 03:33:22,deployment,checkoutservice,33,12,1,,,
2026-09-01 03:33:22,deployment,currencyservice,490,302,8,,,
2026-09-01 03:33:22,deployment,emailservice,15,42,1,,,
2026-09-01 03:33:22,deployment,frontend,808,145,14,,,
2026-09-01 03:33:22,http_p95_latency,frontend,,,,,,236.5
2026-09-01 03:33:22,deployment,paymentservice,9,30,1,,,
2026-09-01 03:33:22,deployment,productcatalogservice,442,58,7,,,
2026-09-01 03:33:22,deployment,recommendationservice,340,240,6,,,
2026-09-01 03:33:22,deployment,redis-cart,20,41,1,,,
2026-09-01 03:33:22,deployment,shippingservice,33,9,1,,,
2026-09-01 03:33:22,node,ze-master-node,3064,3483,,76.6,43.9,
2026-09-01 03:33:22,node,ze-worker-node,2931,1961,,73.3,24.7,
2026-09-01 03:33:29,deployment,adservice,60,95,1,,,
2026-09-01 03:33:29,deployment,cartservice,230,80,2,,,
2026-09-01 03:33:29,deployment,checkoutservice,33,12,1,,,
2026-09-01 03:33:29,deployment,currencyservice,490,302,8,,,
2026-09-01 03:33:29,deployment,emailservice,15,42,1,,,
2026-09-01 03:33:29,deployment,frontend,808,145,14,,,
2026-09-01 03:33:29,http_p95_latency,frontend,,,,,,225.1
2026-09-01 03:33:29,deployment,paymentservice,9,30,1,,,
2026-09-01 03:33:29,deployment,productcatalogservice,442,58,7,,,
2026-09-01 03:33:29,deployment,recommendationservice,340,240,6,,,
2026-09-01 03:33:29,deployment,redis-cart,20,41,1,,,
2026-09-01 03:33:29,deployment,shippingservice,33,9,1,,,
2026-09-01 03:33:29,node,ze-master-node,3064,3483,,76.6,43.9,
2026-09-01 03:33:29,node,ze-worker-node,2931,1961,,73.3,24.7,
2026-09-01 03:33:36,deployment,adservice,55,95,1,,,
2026-09-01 03:33:36,deployment,cartservice,242,80,2,,,
2026-09-01 03:33:36,deployment,checkoutservice,38,12,1,,,
2026-09-01 03:33:36,deployment,currencyservice,496,299,8,,,
2026-09-01 03:33:36,deployment,emailservice,17,40,1,,,
2026-09-01 03:33:36,deployment,frontend,830,163,14,,,
2026-09-01 03:33:36,http_p95_latency,frontend,,,,,,225.1
2026-09-01 03:33:36,deployment,paymentservice,11,31,1,,,
2026-09-01 03:33:36,deployment,productcatalogservice,424,57,7,,,
2026-09-01 03:33:36,deployment,recommendationservice,331,240,6,,,
2026-09-01 03:33:36,deployment,redis-cart,19,41,1,,,
2026-09-01 03:33:36,deployment,shippingservice,34,9,1,,,
2026-09-01 03:33:36,node,ze-master-node,3100,3503,,77.5,44.1,
2026-09-01 03:33:36,node,ze-worker-node,2948,1974,,73.7,24.9,
2026-09-01 03:33:44,deployment,adservice,55,95,1,,,
2026-09-01 03:33:44,deployment,cartservice,242,80,2,,,
2026-09-01 03:33:44,deployment,checkoutservice,38,12,1,,,
2026-09-01 03:33:44,deployment,currencyservice,496,299,8,,,
2026-09-01 03:33:44,deployment,emailservice,17,40,1,,,
2026-09-01 03:33:44,deployment,frontend,830,163,14,,,
2026-09-01 03:33:44,http_p95_latency,frontend,,,,,,215.2
2026-09-01 03:33:44,deployment,paymentservice,11,31,1,,,
2026-09-01 03:33:44,deployment,productcatalogservice,424,57,7,,,
2026-09-01 03:33:44,deployment,recommendationservice,331,240,6,,,
2026-09-01 03:33:44,deployment,redis-cart,19,41,1,,,
2026-09-01 03:33:44,deployment,shippingservice,34,9,1,,,
2026-09-01 03:33:44,node,ze-master-node,3100,3503,,77.5,44.1,
2026-09-01 03:33:44,node,ze-worker-node,2948,1974,,73.7,24.9,
2026-09-01 03:33:51,deployment,adservice,53,95,1,,,
2026-09-01 03:33:51,deployment,cartservice,216,80,2,,,
2026-09-01 03:33:51,deployment,checkoutservice,38,12,1,,,
2026-09-01 03:33:51,deployment,currencyservice,469,298,8,,,
2026-09-01 03:33:51,deployment,emailservice,16,40,1,,,
2026-09-01 03:33:51,deployment,frontend,752,163,14,,,
2026-09-01 03:33:51,http_p95_latency,frontend,,,,,,215.2
2026-09-01 03:33:51,deployment,paymentservice,11,31,1,,,
2026-09-01 03:33:51,deployment,productcatalogservice,410,58,7,,,
2026-09-01 03:33:51,deployment,recommendationservice,311,240,6,,,
2026-09-01 03:33:51,deployment,redis-cart,18,41,1,,,
2026-09-01 03:33:51,deployment,shippingservice,33,9,1,,,
2026-09-01 03:33:51,node,ze-master-node,2938,3502,,73.5,44.1,
2026-09-01 03:33:51,node,ze-worker-node,2681,1977,,67.0,24.9,
2026-09-01 03:34:00,deployment,adservice,53,95,1,,,
2026-09-01 03:34:00,deployment,cartservice,216,80,2,,,
2026-09-01 03:34:00,deployment,checkoutservice,38,12,1,,,
2026-09-01 03:34:00,deployment,currencyservice,469,298,8,,,
2026-09-01 03:34:00,deployment,emailservice,16,40,1,,,
2026-09-01 03:34:00,deployment,frontend,752,163,14,,,
2026-09-01 03:34:00,http_p95_latency,frontend,,,,,,222.5
2026-09-01 03:34:00,deployment,paymentservice,11,31,1,,,
2026-09-01 03:34:00,deployment,productcatalogservice,410,58,7,,,
2026-09-01 03:34:00,deployment,recommendationservice,311,240,6,,,
2026-09-01 03:34:00,deployment,redis-cart,18,41,1,,,
2026-09-01 03:34:00,deployment,shippingservice,33,9,1,,,
2026-09-01 03:34:00,node,ze-master-node,2938,3502,,73.5,44.1,
2026-09-01 03:34:00,node,ze-worker-node,2681,1977,,67.0,24.9,
2026-09-01 03:34:08,deployment,adservice,53,95,1,,,
2026-09-01 03:34:08,deployment,cartservice,208,80,2,,,
2026-09-01 03:34:08,deployment,checkoutservice,35,12,1,,,
2026-09-01 03:34:08,deployment,currencyservice,471,305,8,,,
2026-09-01 03:34:08,deployment,emailservice,15,40,1,,,
2026-09-01 03:34:08,deployment,frontend,747,165,14,,,
2026-09-01 03:34:08,http_p95_latency,frontend,,,,,,222.5
2026-09-01 03:34:08,deployment,paymentservice,10,31,1,,,
2026-09-01 03:34:08,deployment,productcatalogservice,399,58,7,,,
2026-09-01 03:34:08,deployment,recommendationservice,319,240,6,,,
2026-09-01 03:34:08,deployment,redis-cart,46,41,1,,,
2026-09-01 03:34:08,deployment,shippingservice,33,9,1,,,
2026-09-01 03:34:08,node,ze-master-node,2987,3528,,74.7,44.4,
2026-09-01 03:34:08,node,ze-worker-node,2713,1981,,67.8,24.9,
2026-09-01 03:34:15,deployment,adservice,53,95,1,,,
2026-09-01 03:34:15,deployment,cartservice,208,80,2,,,
2026-09-01 03:34:15,deployment,checkoutservice,35,12,1,,,
2026-09-01 03:34:15,deployment,currencyservice,471,305,8,,,
2026-09-01 03:34:15,deployment,emailservice,15,40,1,,,
2026-09-01 03:34:15,deployment,frontend,747,165,14,,,
2026-09-01 03:34:15,http_p95_latency,frontend,,,,,,226.4
2026-09-01 03:34:15,deployment,paymentservice,10,31,1,,,
2026-09-01 03:34:15,deployment,productcatalogservice,399,58,7,,,
2026-09-01 03:34:15,deployment,recommendationservice,319,240,6,,,
2026-09-01 03:34:15,deployment,redis-cart,46,41,1,,,
2026-09-01 03:34:15,deployment,shippingservice,33,9,1,,,
2026-09-01 03:34:15,node,ze-master-node,2987,3528,,74.7,44.4,
2026-09-01 03:34:15,node,ze-worker-node,2713,1981,,67.8,24.9,
2026-09-01 03:34:21,deployment,adservice,57,95,1,,,
2026-09-01 03:34:21,deployment,cartservice,215,80,2,,,
2026-09-01 03:34:21,deployment,checkoutservice,44,12,1,,,
2026-09-01 03:34:21,deployment,currencyservice,497,300,8,,,
2026-09-01 03:34:21,deployment,emailservice,20,40,1,,,
2026-09-01 03:34:21,deployment,frontend,791,165,14,,,
2026-09-01 03:34:21,http_p95_latency,frontend,,,,,,226.4
2026-09-01 03:34:21,deployment,paymentservice,11,31,1,,,
2026-09-01 03:34:21,deployment,productcatalogservice,434,58,7,,,
2026-09-01 03:34:21,deployment,recommendationservice,325,240,6,,,
2026-09-01 03:34:21,deployment,redis-cart,19,41,1,,,
2026-09-01 03:34:21,deployment,shippingservice,32,9,1,,,
2026-09-01 03:34:21,node,ze-master-node,3063,3518,,76.6,44.3,
2026-09-01 03:34:21,node,ze-worker-node,2901,1985,,72.5,25.0,
2026-09-01 03:34:31,deployment,adservice,57,95,1,,,
2026-09-01 03:34:31,deployment,cartservice,215,80,2,,,
2026-09-01 03:34:31,deployment,checkoutservice,44,12,1,,,
2026-09-01 03:34:31,deployment,currencyservice,497,300,8,,,
2026-09-01 03:34:31,deployment,emailservice,20,40,1,,,
2026-09-01 03:34:31,deployment,frontend,791,165,14,,,
2026-09-01 03:34:31,http_p95_latency,frontend,,,,,,227.4
2026-09-01 03:34:31,deployment,paymentservice,11,31,1,,,
2026-09-01 03:34:31,deployment,productcatalogservice,434,58,7,,,
2026-09-01 03:34:31,deployment,recommendationservice,325,240,6,,,
2026-09-01 03:34:31,deployment,redis-cart,19,41,1,,,
2026-09-01 03:34:31,deployment,shippingservice,32,9,1,,,
2026-09-01 03:34:31,node,ze-master-node,3063,3518,,76.6,44.3,
2026-09-01 03:34:31,node,ze-worker-node,2901,1985,,72.5,25.0,
2026-09-01 03:34:38,deployment,adservice,57,95,1,,,
2026-09-01 03:34:38,deployment,cartservice,209,80,2,,,
2026-09-01 03:34:38,deployment,checkoutservice,39,12,1,,,
2026-09-01 03:34:38,deployment,currencyservice,483,289,8,,,
2026-09-01 03:34:38,deployment,emailservice,17,40,1,,,
2026-09-01 03:34:38,deployment,frontend,757,165,14,,,
2026-09-01 03:34:38,http_p95_latency,frontend,,,,,,227.4
2026-09-01 03:34:38,deployment,paymentservice,12,31,1,,,
2026-09-01 03:34:38,deployment,productcatalogservice,410,57,7,,,
2026-09-01 03:34:38,deployment,recommendationservice,324,243,6,,,
2026-09-01 03:34:38,deployment,redis-cart,18,41,1,,,
2026-09-01 03:34:38,deployment,shippingservice,32,9,1,,,
2026-09-01 03:34:38,node,ze-master-node,2906,3516,,72.7,44.3,
2026-09-01 03:34:38,node,ze-worker-node,2733,1985,,68.3,25.0,
2026-09-01 03:34:45,deployment,adservice,57,95,1,,,
2026-09-01 03:34:45,deployment,cartservice,209,80,2,,,
2026-09-01 03:34:45,deployment,checkoutservice,39,12,1,,,
2026-09-01 03:34:45,deployment,currencyservice,483,289,8,,,
2026-09-01 03:34:45,deployment,emailservice,17,40,1,,,
2026-09-01 03:34:45,deployment,frontend,757,165,14,,,
2026-09-01 03:34:45,http_p95_latency,frontend,,,,,,224.3
2026-09-01 03:34:45,deployment,paymentservice,12,31,1,,,
2026-09-01 03:34:45,deployment,productcatalogservice,410,57,7,,,
2026-09-01 03:34:45,deployment,recommendationservice,324,243,6,,,
2026-09-01 03:34:45,deployment,redis-cart,18,41,1,,,
2026-09-01 03:34:45,deployment,shippingservice,32,9,1,,,
2026-09-01 03:34:45,node,ze-master-node,2906,3516,,72.7,44.3,
2026-09-01 03:34:45,node,ze-worker-node,2733,1985,,68.3,25.0,
2026-09-01 03:34:51,deployment,adservice,54,95,1,,,
2026-09-01 03:34:51,deployment,cartservice,193,80,2,,,
2026-09-01 03:34:51,deployment,checkoutservice,34,12,1,,,
2026-09-01 03:34:51,deployment,currencyservice,462,291,8,,,
2026-09-01 03:34:51,deployment,emailservice,17,40,1,,,
2026-09-01 03:34:51,deployment,frontend,735,165,14,,,
2026-09-01 03:34:51,http_p95_latency,frontend,,,,,,224.3
2026-09-01 03:34:51,deployment,paymentservice,9,31,1,,,
2026-09-01 03:34:51,deployment,productcatalogservice,399,56,7,,,
2026-09-01 03:34:51,deployment,recommendationservice,312,240,6,,,
2026-09-01 03:34:51,deployment,redis-cart,18,41,1,,,
2026-09-01 03:34:51,deployment,shippingservice,31,9,1,,,
2026-09-01 03:34:51,node,ze-master-node,2920,3480,,73.0,43.8,
2026-09-01 03:34:51,node,ze-worker-node,2805,1985,,70.1,25.0,
2026-09-01 03:34:59,deployment,adservice,54,95,1,,,
2026-09-01 03:34:59,deployment,cartservice,193,80,2,,,
2026-09-01 03:34:59,deployment,checkoutservice,34,12,1,,,
2026-09-01 03:34:59,deployment,currencyservice,462,291,8,,,
2026-09-01 03:34:59,deployment,emailservice,17,40,1,,,
2026-09-01 03:34:59,deployment,frontend,735,165,14,,,
2026-09-01 03:34:59,http_p95_latency,frontend,,,,,,222.8
2026-09-01 03:34:59,deployment,paymentservice,9,31,1,,,
2026-09-01 03:34:59,deployment,productcatalogservice,399,56,7,,,
2026-09-01 03:34:59,deployment,recommendationservice,312,240,6,,,
2026-09-01 03:34:59,deployment,redis-cart,18,41,1,,,
2026-09-01 03:34:59,deployment,shippingservice,31,9,1,,,
2026-09-01 03:34:59,node,ze-master-node,2920,3480,,73.0,43.8,
2026-09-01 03:34:59,node,ze-worker-node,2805,1985,,70.1,25.0,
2026-09-01 03:35:07,deployment,adservice,52,95,1,,,
2026-09-01 03:35:07,deployment,cartservice,182,80,2,,,
2026-09-01 03:35:07,deployment,checkoutservice,36,12,1,,,
2026-09-01 03:35:07,deployment,currencyservice,444,309,8,,,
2026-09-01 03:35:07,deployment,emailservice,15,40,1,,,
2026-09-01 03:35:07,deployment,frontend,728,166,14,,,
2026-09-01 03:35:07,http_p95_latency,frontend,,,,,,222.8
2026-09-01 03:35:07,deployment,paymentservice,12,31,1,,,
2026-09-01 03:35:07,deployment,productcatalogservice,399,56,7,,,
2026-09-01 03:35:07,deployment,recommendationservice,299,240,6,,,
2026-09-01 03:35:07,deployment,redis-cart,18,41,1,,,
2026-09-01 03:35:07,deployment,shippingservice,31,9,1,,,
2026-09-01 03:35:07,node,ze-master-node,2793,3492,,69.8,44.0,
2026-09-01 03:35:07,node,ze-worker-node,2639,1997,,66.0,25.1,
2026-09-01 03:35:14,deployment,adservice,52,95,1,,,
2026-09-01 03:35:14,deployment,cartservice,182,80,2,,,
2026-09-01 03:35:14,deployment,checkoutservice,36,12,1,,,
2026-09-01 03:35:14,deployment,currencyservice,444,309,8,,,
2026-09-01 03:35:14,deployment,emailservice,15,40,1,,,
2026-09-01 03:35:14,deployment,frontend,728,166,14,,,
2026-09-01 03:35:14,http_p95_latency,frontend,,,,,,233.5
2026-09-01 03:35:14,deployment,paymentservice,12,31,1,,,
2026-09-01 03:35:14,deployment,productcatalogservice,399,56,7,,,
2026-09-01 03:35:14,deployment,recommendationservice,299,240,6,,,
2026-09-01 03:35:14,deployment,redis-cart,18,41,1,,,
2026-09-01 03:35:14,deployment,shippingservice,31,9,1,,,
2026-09-01 03:35:14,node,ze-master-node,2793,3492,,69.8,44.0,
2026-09-01 03:35:14,node,ze-worker-node,2639,1997,,66.0,25.1,
2026-09-01 03:35:21,deployment,adservice,55,95,1,,,
2026-09-01 03:35:21,deployment,cartservice,208,80,2,,,
2026-09-01 03:35:21,deployment,checkoutservice,37,12,1,,,
2026-09-01 03:35:21,deployment,currencyservice,458,311,8,,,
2026-09-01 03:35:21,deployment,emailservice,19,40,1,,,
2026-09-01 03:35:21,deployment,frontend,739,167,14,,,
2026-09-01 03:35:21,http_p95_latency,frontend,,,,,,233.5
2026-09-01 03:35:21,deployment,paymentservice,11,31,1,,,
2026-09-01 03:35:21,deployment,productcatalogservice,406,57,7,,,
2026-09-01 03:35:21,deployment,recommendationservice,315,240,6,,,
2026-09-01 03:35:21,deployment,redis-cart,17,41,1,,,
2026-09-01 03:35:21,deployment,shippingservice,31,9,1,,,
2026-09-01 03:35:21,node,ze-master-node,2799,3489,,70.0,43.9,
2026-09-01 03:35:21,node,ze-worker-node,2694,1992,,67.3,25.1,
2026-09-01 03:35:29,deployment,adservice,55,95,1,,,
2026-09-01 03:35:29,deployment,cartservice,208,80,2,,,
2026-09-01 03:35:29,deployment,checkoutservice,37,12,1,,,
2026-09-01 03:35:29,deployment,currencyservice,458,311,8,,,
2026-09-01 03:35:29,deployment,emailservice,19,40,1,,,
2026-09-01 03:35:29,deployment,frontend,739,167,14,,,
2026-09-01 03:35:29,http_p95_latency,frontend,,,,,,228.1
2026-09-01 03:35:29,deployment,paymentservice,11,31,1,,,
2026-09-01 03:35:29,deployment,productcatalogservice,406,57,7,,,
2026-09-01 03:35:29,deployment,recommendationservice,315,240,6,,,
2026-09-01 03:35:29,deployment,redis-cart,17,41,1,,,
2026-09-01 03:35:29,deployment,shippingservice,31,9,1,,,
2026-09-01 03:35:29,node,ze-master-node,2799,3489,,70.0,43.9,
2026-09-01 03:35:29,node,ze-worker-node,2694,1992,,67.3,25.1,
2026-09-01 03:35:36,deployment,adservice,54,95,1,,,
2026-09-01 03:35:36,deployment,cartservice,175,80,2,,,
2026-09-01 03:35:36,deployment,checkoutservice,32,12,1,,,
2026-09-01 03:35:36,deployment,currencyservice,441,310,8,,,
2026-09-01 03:35:36,deployment,emailservice,18,40,1,,,
2026-09-01 03:35:36,deployment,frontend,693,166,14,,,
2026-09-01 03:35:36,http_p95_latency,frontend,,,,,,228.1
2026-09-01 03:35:36,deployment,paymentservice,11,31,1,,,
2026-09-01 03:35:36,deployment,productcatalogservice,383,56,7,,,
2026-09-01 03:35:36,deployment,recommendationservice,294,240,6,,,
2026-09-01 03:35:36,deployment,redis-cart,17,41,1,,,
2026-09-01 03:35:36,deployment,shippingservice,31,9,1,,,
2026-09-01 03:35:36,node,ze-master-node,2700,3503,,67.5,44.1,
2026-09-01 03:35:36,node,ze-worker-node,2589,1993,,64.7,25.1,
2026-09-01 03:35:44,deployment,adservice,54,95,1,,,
2026-09-01 03:35:44,deployment,cartservice,175,80,2,,,
2026-09-01 03:35:44,deployment,checkoutservice,32,12,1,,,
2026-09-01 03:35:44,deployment,currencyservice,441,310,8,,,
2026-09-01 03:35:44,deployment,emailservice,18,40,1,,,
2026-09-01 03:35:44,deployment,frontend,693,166,14,,,
2026-09-01 03:35:44,http_p95_latency,frontend,,,,,,213.2
2026-09-01 03:35:44,deployment,paymentservice,11,31,1,,,
2026-09-01 03:35:44,deployment,productcatalogservice,383,56,7,,,
2026-09-01 03:35:44,deployment,recommendationservice,294,240,6,,,
2026-09-01 03:35:44,deployment,redis-cart,17,41,1,,,
2026-09-01 03:35:44,deployment,shippingservice,31,9,1,,,
2026-09-01 03:35:44,node,ze-master-node,2700,3503,,67.5,44.1,
2026-09-01 03:35:44,node,ze-worker-node,2589,1993,,64.7,25.1,
2026-09-01 03:35:53,deployment,adservice,46,95,1,,,
2026-09-01 03:35:53,deployment,cartservice,158,80,2,,,
2026-09-01 03:35:53,deployment,checkoutservice,31,12,1,,,
2026-09-01 03:35:53,deployment,currencyservice,389,272,8,,,
2026-09-01 03:35:53,deployment,emailservice,18,40,1,,,
2026-09-01 03:35:53,deployment,frontend,624,166,14,,,
2026-09-01 03:35:53,http_p95_latency,frontend,,,,,,213.2
2026-09-01 03:35:53,deployment,paymentservice,11,31,1,,,
2026-09-01 03:35:53,deployment,productcatalogservice,358,57,7,,,
2026-09-01 03:35:53,deployment,recommendationservice,274,241,6,,,
2026-09-01 03:35:53,deployment,redis-cart,17,41,1,,,
2026-09-01 03:35:53,deployment,shippingservice,28,9,1,,,
2026-09-01 03:35:53,node,ze-master-node,2548,3469,,63.7,43.7,
2026-09-01 03:35:53,node,ze-worker-node,2366,1970,,59.2,24.8,
2026-09-01 03:35:59,deployment,adservice,46,95,1,,,
2026-09-01 03:35:59,deployment,cartservice,158,80,2,,,
2026-09-01 03:35:59,deployment,checkoutservice,31,12,1,,,
2026-09-01 03:35:59,deployment,currencyservice,389,272,8,,,
2026-09-01 03:35:59,deployment,emailservice,18,40,1,,,
2026-09-01 03:35:59,deployment,frontend,624,166,14,,,
2026-09-01 03:35:59,http_p95_latency,frontend,,,,,,200.7
2026-09-01 03:35:59,deployment,paymentservice,11,31,1,,,
2026-09-01 03:35:59,deployment,productcatalogservice,358,57,7,,,
2026-09-01 03:35:59,deployment,recommendationservice,274,241,6,,,
2026-09-01 03:35:59,deployment,redis-cart,17,41,1,,,
2026-09-01 03:35:59,deployment,shippingservice,28,9,1,,,
2026-09-01 03:35:59,node,ze-master-node,2548,3469,,63.7,43.7,
2026-09-01 03:35:59,node,ze-worker-node,2366,1970,,59.2,24.8,
2026-09-01 03:36:07,deployment,adservice,46,95,1,,,
2026-09-01 03:36:07,deployment,cartservice,158,80,2,,,
2026-09-01 03:36:07,deployment,checkoutservice,26,12,1,,,
2026-09-01 03:36:07,deployment,currencyservice,392,268,8,,,
2026-09-01 03:36:07,deployment,emailservice,15,40,1,,,
2026-09-01 03:36:07,deployment,frontend,625,167,14,,,
2026-09-01 03:36:07,http_p95_latency,frontend,,,,,,200.7
2026-09-01 03:36:07,deployment,paymentservice,9,30,1,,,
2026-09-01 03:36:07,deployment,productcatalogservice,353,60,7,,,
2026-09-01 03:36:07,deployment,recommendationservice,269,241,6,,,
2026-09-01 03:36:07,deployment,redis-cart,16,41,1,,,
2026-09-01 03:36:07,deployment,shippingservice,29,9,1,,,
2026-09-01 03:36:07,node,ze-master-node,2560,3495,,64.0,44.0,
2026-09-01 03:36:07,node,ze-worker-node,2393,1969,,59.8,24.8,
2026-09-01 03:36:14,deployment,adservice,46,95,1,,,
2026-09-01 03:36:14,deployment,cartservice,158,80,2,,,
2026-09-01 03:36:14,deployment,checkoutservice,26,12,1,,,
2026-09-01 03:36:14,deployment,currencyservice,392,268,8,,,
2026-09-01 03:36:14,deployment,emailservice,15,40,1,,,
2026-09-01 03:36:14,deployment,frontend,625,167,14,,,
2026-09-01 03:36:14,http_p95_latency,frontend,,,,,,203.8
2026-09-01 03:36:14,deployment,paymentservice,9,30,1,,,
2026-09-01 03:36:14,deployment,productcatalogservice,353,60,7,,,
2026-09-01 03:36:14,deployment,recommendationservice,269,241,6,,,
2026-09-01 03:36:14,deployment,redis-cart,16,41,1,,,
2026-09-01 03:36:14,deployment,shippingservice,29,9,1,,,
2026-09-01 03:36:14,node,ze-master-node,2560,3495,,64.0,44.0,
2026-09-01 03:36:14,node,ze-worker-node,2393,1969,,59.8,24.8,
2026-09-01 03:36:22,deployment,adservice,44,95,1,,,
2026-09-01 03:36:22,deployment,cartservice,152,80,2,,,
2026-09-01 03:36:22,deployment,checkoutservice,32,12,1,,,
2026-09-01 03:36:22,deployment,currencyservice,385,270,8,,,
2026-09-01 03:36:22,deployment,emailservice,15,40,1,,,
2026-09-01 03:36:22,deployment,frontend,608,166,14,,,
2026-09-01 03:36:22,http_p95_latency,frontend,,,,,,203.8
2026-09-01 03:36:22,deployment,paymentservice,10,31,1,,,
2026-09-01 03:36:22,deployment,productcatalogservice,350,61,7,,,
2026-09-01 03:36:22,deployment,recommendationservice,265,242,6,,,
2026-09-01 03:36:22,deployment,redis-cart,17,41,1,,,
2026-09-01 03:36:22,deployment,shippingservice,28,9,1,,,
2026-09-01 03:36:22,node,ze-master-node,2417,3492,,60.4,44.0,
2026-09-01 03:36:22,node,ze-worker-node,2376,1977,,59.4,24.9,
2026-09-01 03:36:29,deployment,adservice,44,95,1,,,
2026-09-01 03:36:29,deployment,cartservice,152,80,2,,,
2026-09-01 03:36:29,deployment,checkoutservice,32,12,1,,,
2026-09-01 03:36:29,deployment,currencyservice,385,270,8,,,
2026-09-01 03:36:29,deployment,emailservice,15,40,1,,,
2026-09-01 03:36:29,deployment,frontend,608,166,14,,,
2026-09-01 03:36:29,http_p95_latency,frontend,,,,,,196.4
2026-09-01 03:36:29,deployment,paymentservice,10,31,1,,,
2026-09-01 03:36:29,deployment,productcatalogservice,350,61,7,,,
2026-09-01 03:36:29,deployment,recommendationservice,265,242,6,,,
2026-09-01 03:36:29,deployment,redis-cart,17,41,1,,,
2026-09-01 03:36:29,deployment,shippingservice,28,9,1,,,
2026-09-01 03:36:29,node,ze-master-node,2417,3492,,60.4,44.0,
2026-09-01 03:36:29,node,ze-worker-node,2376,1977,,59.4,24.9,
2026-09-01 03:36:37,deployment,adservice,41,95,1,,,
2026-09-01 03:36:37,deployment,cartservice,144,80,2,,,
2026-09-01 03:36:37,deployment,checkoutservice,32,12,1,,,
2026-09-01 03:36:37,deployment,currencyservice,395,272,8,,,
2026-09-01 03:36:37,deployment,emailservice,15,40,1,,,
2026-09-01 03:36:37,deployment,frontend,566,167,14,,,
2026-09-01 03:36:37,http_p95_latency,frontend,,,,,,196.4
2026-09-01 03:36:37,deployment,paymentservice,10,31,1,,,
2026-09-01 03:36:37,deployment,productcatalogservice,336,57,7,,,
2026-09-01 03:36:37,deployment,recommendationservice,263,240,6,,,
2026-09-01 03:36:37,deployment,redis-cart,16,41,1,,,
2026-09-01 03:36:37,deployment,shippingservice,29,9,1,,,
2026-09-01 03:36:37,node,ze-master-node,2457,3451,,61.4,43.5,
2026-09-01 03:36:37,node,ze-worker-node,2245,1974,,56.1,24.9,
2026-09-01 03:36:44,deployment,adservice,41,95,1,,,
2026-09-01 03:36:44,deployment,cartservice,144,80,2,,,
2026-09-01 03:36:44,deployment,checkoutservice,32,12,1,,,
2026-09-01 03:36:44,deployment,currencyservice,395,272,8,,,
2026-09-01 03:36:44,deployment,emailservice,15,40,1,,,
2026-09-01 03:36:44,deployment,frontend,566,167,14,,,
2026-09-01 03:36:44,http_p95_latency,frontend,,,,,,202.9
2026-09-01 03:36:44,deployment,paymentservice,10,31,1,,,
2026-09-01 03:36:44,deployment,productcatalogservice,336,57,7,,,
2026-09-01 03:36:44,deployment,recommendationservice,263,240,6,,,
2026-09-01 03:36:44,deployment,redis-cart,16,41,1,,,
2026-09-01 03:36:44,deployment,shippingservice,29,9,1,,,
2026-09-01 03:36:44,node,ze-master-node,2457,3451,,61.4,43.5,
2026-09-01 03:36:44,node,ze-worker-node,2245,1974,,56.1,24.9,
2026-09-01 03:36:52,deployment,adservice,39,95,1,,,
2026-09-01 03:36:52,deployment,cartservice,137,80,2,,,
2026-09-01 03:36:52,deployment,checkoutservice,27,12,1,,,
2026-09-01 03:36:52,deployment,currencyservice,363,269,8,,,
2026-09-01 03:36:52,deployment,emailservice,16,40,1,,,
2026-09-01 03:36:52,deployment,frontend,568,166,14,,,
2026-09-01 03:36:52,http_p95_latency,frontend,,,,,,202.9
2026-09-01 03:36:52,deployment,paymentservice,10,31,1,,,
2026-09-01 03:36:52,deployment,productcatalogservice,332,59,7,,,
2026-09-01 03:36:52,deployment,recommendationservice,258,240,6,,,
2026-09-01 03:36:52,deployment,redis-cart,40,44,1,,,
2026-09-01 03:36:52,deployment,shippingservice,26,9,1,,,
2026-09-01 03:36:52,node,ze-master-node,2546,3448,,63.6,43.4,
2026-09-01 03:36:52,node,ze-worker-node,2267,1967,,56.7,24.8,
2026-09-01 03:36:59,deployment,adservice,39,95,1,,,
2026-09-01 03:36:59,deployment,cartservice,137,80,2,,,
2026-09-01 03:36:59,deployment,checkoutservice,27,12,1,,,
2026-09-01 03:36:59,deployment,currencyservice,363,269,8,,,
2026-09-01 03:36:59,deployment,emailservice,16,40,1,,,
2026-09-01 03:36:59,deployment,frontend,568,166,14,,,
2026-09-01 03:36:59,http_p95_latency,frontend,,,,,,201.6
2026-09-01 03:36:59,deployment,paymentservice,10,31,1,,,
2026-09-01 03:36:59,deployment,productcatalogservice,332,59,7,,,
2026-09-01 03:36:59,deployment,recommendationservice,258,240,6,,,
2026-09-01 03:36:59,deployment,redis-cart,40,44,1,,,
2026-09-01 03:36:59,deployment,shippingservice,26,9,1,,,
2026-09-01 03:36:59,node,ze-master-node,2546,3448,,63.6,43.4,
2026-09-01 03:36:59,node,ze-worker-node,2267,1967,,56.7,24.8,
2026-09-01 03:37:08,deployment,adservice,42,95,1,,,
2026-09-01 03:37:08,deployment,cartservice,141,80,2,,,
2026-09-01 03:37:08,deployment,checkoutservice,30,12,1,,,
2026-09-01 03:37:08,deployment,currencyservice,369,273,8,,,
2026-09-01 03:37:08,deployment,emailservice,19,40,1,,,
2026-09-01 03:37:08,deployment,frontend,576,167,14,,,
2026-09-01 03:37:08,http_p95_latency,frontend,,,,,,201.6
2026-09-01 03:37:08,deployment,paymentservice,11,31,1,,,
2026-09-01 03:37:08,deployment,productcatalogservice,328,58,7,,,
2026-09-01 03:37:08,deployment,recommendationservice,250,240,6,,,
2026-09-01 03:37:08,deployment,redis-cart,28,41,1,,,
2026-09-01 03:37:08,deployment,shippingservice,26,9,1,,,
2026-09-01 03:37:08,node,ze-master-node,2528,3479,,63.2,43.8,
2026-09-01 03:37:08,node,ze-worker-node,2285,1968,,57.1,24.8,
2026-09-01 03:37:14,deployment,adservice,42,95,1,,,
2026-09-01 03:37:14,deployment,cartservice,141,80,2,,,
2026-09-01 03:37:14,deployment,checkoutservice,30,12,1,,,
2026-09-01 03:37:14,deployment,currencyservice,369,273,8,,,
2026-09-01 03:37:14,deployment,emailservice,19,40,1,,,
2026-09-01 03:37:14,deployment,frontend,576,167,14,,,
2026-09-01 03:37:14,http_p95_latency,frontend,,,,,,215.8
2026-09-01 03:37:14,deployment,paymentservice,11,31,1,,,
2026-09-01 03:37:14,deployment,productcatalogservice,328,58,7,,,
2026-09-01 03:37:14,deployment,recommendationservice,250,240,6,,,
2026-09-01 03:37:14,deployment,redis-cart,28,41,1,,,
2026-09-01 03:37:14,deployment,shippingservice,26,9,1,,,
2026-09-01 03:37:14,node,ze-master-node,2528,3479,,63.2,43.8,
2026-09-01 03:37:14,node,ze-worker-node,2285,1968,,57.1,24.8,
2026-09-01 03:37:22,deployment,adservice,42,95,1,,,
2026-09-01 03:37:22,deployment,cartservice,167,80,2,,,
2026-09-01 03:37:22,deployment,checkoutservice,25,12,1,,,
2026-09-01 03:37:22,deployment,currencyservice,372,276,8,,,
2026-09-01 03:37:22,deployment,emailservice,15,41,1,,,
2026-09-01 03:37:22,deployment,frontend,560,167,14,,,
2026-09-01 03:37:22,http_p95_latency,frontend,,,,,,215.8
2026-09-01 03:37:22,deployment,paymentservice,8,31,1,,,
2026-09-01 03:37:22,deployment,productcatalogservice,333,57,7,,,
2026-09-01 03:37:22,deployment,recommendationservice,258,240,6,,,
2026-09-01 03:37:22,deployment,redis-cart,15,41,1,,,
2026-09-01 03:37:22,deployment,shippingservice,26,9,1,,,
2026-09-01 03:37:22,node,ze-master-node,2433,3472,,60.8,43.7,
2026-09-01 03:37:22,node,ze-worker-node,2296,1969,,57.4,24.8,
2026-09-01 03:37:29,deployment,adservice,42,95,1,,,
2026-09-01 03:37:29,deployment,cartservice,167,80,2,,,
2026-09-01 03:37:29,deployment,checkoutservice,25,12,1,,,
2026-09-01 03:37:29,deployment,currencyservice,372,276,8,,,
2026-09-01 03:37:29,deployment,emailservice,15,41,1,,,
2026-09-01 03:37:29,deployment,frontend,560,167,14,,,
2026-09-01 03:37:29,http_p95_latency,frontend,,,,,,195.0
2026-09-01 03:37:29,deployment,paymentservice,8,31,1,,,
2026-09-01 03:37:29,deployment,productcatalogservice,333,57,7,,,
2026-09-01 03:37:29,deployment,recommendationservice,258,240,6,,,
2026-09-01 03:37:29,deployment,redis-cart,15,41,1,,,
2026-09-01 03:37:29,deployment,shippingservice,26,9,1,,,
2026-09-01 03:37:29,node,ze-master-node,2433,3472,,60.8,43.7,
2026-09-01 03:37:29,node,ze-worker-node,2296,1969,,57.4,24.8,
2026-09-01 03:37:37,deployment,adservice,44,95,1,,,
2026-09-01 03:37:37,deployment,cartservice,166,80,2,,,
2026-09-01 03:37:37,deployment,checkoutservice,29,12,1,,,
2026-09-01 03:37:37,deployment,currencyservice,367,275,8,,,
2026-09-01 03:37:37,deployment,emailservice,14,40,1,,,
2026-09-01 03:37:37,deployment,frontend,572,167,14,,,
2026-09-01 03:37:37,http_p95_latency,frontend,,,,,,195.0
2026-09-01 03:37:37,deployment,paymentservice,9,31,1,,,
2026-09-01 03:37:37,deployment,productcatalogservice,322,58,7,,,
2026-09-01 03:37:37,deployment,recommendationservice,253,240,6,,,
2026-09-01 03:37:37,deployment,redis-cart,15,41,1,,,
2026-09-01 03:37:37,deployment,shippingservice,26,9,1,,,
2026-09-01 03:37:37,node,ze-master-node,2395,3483,,59.9,43.9,
2026-09-01 03:37:37,node,ze-worker-node,2242,1971,,56.0,24.8,
2026-09-01 03:37:44,deployment,adservice,44,95,1,,,
2026-09-01 03:37:44,deployment,cartservice,166,80,2,,,
2026-09-01 03:37:44,deployment,checkoutservice,29,12,1,,,
2026-09-01 03:37:44,deployment,currencyservice,367,275,8,,,
2026-09-01 03:37:44,deployment,emailservice,14,40,1,,,
2026-09-01 03:37:44,deployment,frontend,572,167,14,,,
2026-09-01 03:37:44,http_p95_latency,frontend,,,,,,187.6
2026-09-01 03:37:44,deployment,paymentservice,9,31,1,,,
2026-09-01 03:37:44,deployment,productcatalogservice,322,58,7,,,
2026-09-01 03:37:44,deployment,recommendationservice,253,240,6,,,
2026-09-01 03:37:44,deployment,redis-cart,15,41,1,,,
2026-09-01 03:37:44,deployment,shippingservice,26,9,1,,,
2026-09-01 03:37:44,node,ze-master-node,2395,3483,,59.9,43.9,
2026-09-01 03:37:44,node,ze-worker-node,2242,1971,,56.0,24.8,
2026-09-01 03:37:52,deployment,adservice,42,95,1,,,
2026-09-01 03:37:52,deployment,cartservice,153,80,2,,,
2026-09-01 03:37:52,deployment,checkoutservice,17,12,1,,,
2026-09-01 03:37:52,deployment,currencyservice,361,275,8,,,
2026-09-01 03:37:52,deployment,emailservice,17,40,1,,,
2026-09-01 03:37:52,deployment,frontend,529,167,14,,,
2026-09-01 03:37:52,http_p95_latency,frontend,,,,,,187.6
2026-09-01 03:37:52,deployment,paymentservice,8,31,1,,,
2026-09-01 03:37:52,deployment,productcatalogservice,299,57,7,,,
2026-09-01 03:37:52,deployment,recommendationservice,230,240,6,,,
2026-09-01 03:37:52,deployment,redis-cart,15,41,1,,,
2026-09-01 03:37:52,deployment,shippingservice,24,9,1,,,
2026-09-01 03:37:52,node,ze-master-node,2303,3483,,57.6,43.9,
2026-09-01 03:37:52,node,ze-worker-node,2142,1974,,53.5,24.9,
2026-09-01 03:37:59,deployment,adservice,42,95,1,,,
2026-09-01 03:37:59,deployment,cartservice,153,80,2,,,
2026-09-01 03:37:59,deployment,checkoutservice,17,12,1,,,
2026-09-01 03:37:59,deployment,currencyservice,361,275,8,,,
2026-09-01 03:37:59,deployment,emailservice,17,40,1,,,
2026-09-01 03:37:59,deployment,frontend,529,167,14,,,
2026-09-01 03:37:59,http_p95_latency,frontend,,,,,,171.9
2026-09-01 03:37:59,deployment,paymentservice,8,31,1,,,
2026-09-01 03:37:59,deployment,productcatalogservice,299,57,7,,,
2026-09-01 03:37:59,deployment,recommendationservice,230,240,6,,,
2026-09-01 03:37:59,deployment,redis-cart,15,41,1,,,
2026-09-01 03:37:59,deployment,shippingservice,24,9,1,,,
2026-09-01 03:37:59,node,ze-master-node,2303,3483,,57.6,43.9,
2026-09-01 03:37:59,node,ze-worker-node,2142,1974,,53.5,24.9,
2026-09-01 03:38:07,deployment,adservice,41,95,1,,,
2026-09-01 03:38:07,deployment,cartservice,129,80,2,,,
2026-09-01 03:38:07,deployment,checkoutservice,28,12,1,,,
2026-09-01 03:38:07,deployment,currencyservice,361,273,8,,,
2026-09-01 03:38:07,deployment,emailservice,16,40,1,,,
2026-09-01 03:38:07,deployment,frontend,502,167,14,,,
2026-09-01 03:38:07,http_p95_latency,frontend,,,,,,171.9
2026-09-01 03:38:07,deployment,paymentservice,9,31,1,,,
2026-09-01 03:38:07,deployment,productcatalogservice,312,57,7,,,
2026-09-01 03:38:07,deployment,recommendationservice,240,240,6,,,
2026-09-01 03:38:07,deployment,redis-cart,15,41,1,,,
2026-09-01 03:38:07,deployment,shippingservice,24,9,1,,,
2026-09-01 03:38:07,node,ze-master-node,2248,3472,,56.2,43.7,
2026-09-01 03:38:07,node,ze-worker-node,2200,1974,,55.0,24.9,
2026-09-01 03:38:14,deployment,adservice,41,95,1,,,
2026-09-01 03:38:14,deployment,cartservice,129,80,2,,,
2026-09-01 03:38:14,deployment,checkoutservice,28,12,1,,,
2026-09-01 03:38:14,deployment,currencyservice,361,273,8,,,
2026-09-01 03:38:14,deployment,emailservice,16,40,1,,,
2026-09-01 03:38:14,deployment,frontend,502,167,14,,,
2026-09-01 03:38:14,http_p95_latency,frontend,,,,,,181.9
2026-09-01 03:38:14,deployment,paymentservice,9,31,1,,,
2026-09-01 03:38:14,deployment,productcatalogservice,312,57,7,,,
2026-09-01 03:38:14,deployment,recommendationservice,240,240,6,,,
2026-09-01 03:38:14,deployment,redis-cart,15,41,1,,,
2026-09-01 03:38:14,deployment,shippingservice,24,9,1,,,
2026-09-01 03:38:14,node,ze-master-node,2248,3472,,56.2,43.7,
2026-09-01 03:38:14,node,ze-worker-node,2200,1974,,55.0,24.9,
2026-09-01 03:38:22,deployment,adservice,40,95,1,,,
2026-09-01 03:38:22,deployment,cartservice,131,80,2,,,
2026-09-01 03:38:22,deployment,checkoutservice,25,12,1,,,
2026-09-01 03:38:22,deployment,currencyservice,359,266,8,,,
2026-09-01 03:38:22,deployment,emailservice,15,40,1,,,
2026-09-01 03:38:22,deployment,frontend,515,167,14,,,
2026-09-01 03:38:22,http_p95_latency,frontend,,,,,,181.9
2026-09-01 03:38:22,deployment,paymentservice,8,31,1,,,
2026-09-01 03:38:22,deployment,productcatalogservice,307,58,7,,,
2026-09-01 03:38:22,deployment,recommendationservice,235,240,6,,,
2026-09-01 03:38:22,deployment,redis-cart,15,41,1,,,
2026-09-01 03:38:22,deployment,shippingservice,21,9,1,,,
2026-09-01 03:38:22,node,ze-master-node,2366,3470,,59.2,43.7,
2026-09-01 03:38:22,node,ze-worker-node,2204,1973,,55.1,24.8,
2026-09-01 03:38:29,deployment,adservice,40,95,1,,,
2026-09-01 03:38:29,deployment,cartservice,131,80,2,,,
2026-09-01 03:38:29,deployment,checkoutservice,25,12,1,,,
2026-09-01 03:38:29,deployment,currencyservice,359,266,8,,,
2026-09-01 03:38:29,deployment,emailservice,15,40,1,,,
2026-09-01 03:38:29,deployment,frontend,515,167,14,,,
2026-09-01 03:38:29,http_p95_latency,frontend,,,,,,180.5
2026-09-01 03:38:29,deployment,paymentservice,8,31,1,,,
2026-09-01 03:38:29,deployment,productcatalogservice,307,58,7,,,
2026-09-01 03:38:29,deployment,recommendationservice,235,240,6,,,
2026-09-01 03:38:29,deployment,redis-cart,15,41,1,,,
2026-09-01 03:38:29,deployment,shippingservice,21,9,1,,,
2026-09-01 03:38:29,node,ze-master-node,2366,3470,,59.2,43.7,
2026-09-01 03:38:29,node,ze-worker-node,2204,1973,,55.1,24.8,
2026-09-01 03:38:36,deployment,adservice,40,95,1,,,
2026-09-01 03:38:36,deployment,cartservice,130,80,2,,,
2026-09-01 03:38:36,deployment,checkoutservice,25,12,1,,,
2026-09-01 03:38:36,deployment,currencyservice,353,268,8,,,
2026-09-01 03:38:36,deployment,emailservice,15,40,1,,,
2026-09-01 03:38:36,deployment,frontend,509,167,14,,,
2026-09-01 03:38:36,http_p95_latency,frontend,,,,,,180.5
2026-09-01 03:38:36,deployment,paymentservice,9,31,1,,,
2026-09-01 03:38:36,deployment,productcatalogservice,305,57,7,,,
2026-09-01 03:38:36,deployment,recommendationservice,236,240,6,,,
2026-09-01 03:38:36,deployment,redis-cart,14,41,1,,,
2026-09-01 03:38:36,deployment,shippingservice,22,9,1,,,
2026-09-01 03:38:36,node,ze-master-node,2272,3480,,56.8,43.8,
2026-09-01 03:38:36,node,ze-worker-node,2150,1973,,53.8,24.8,
2026-09-01 03:38:44,deployment,adservice,40,95,1,,,
2026-09-01 03:38:44,deployment,cartservice,130,80,2,,,
2026-09-01 03:38:44,deployment,checkoutservice,25,12,1,,,
2026-09-01 03:38:44,deployment,currencyservice,353,268,8,,,
2026-09-01 03:38:44,deployment,emailservice,15,40,1,,,
2026-09-01 03:38:44,deployment,frontend,509,167,14,,,
2026-09-01 03:38:44,http_p95_latency,frontend,,,,,,175.0
2026-09-01 03:38:44,deployment,paymentservice,9,31,1,,,
2026-09-01 03:38:44,deployment,productcatalogservice,305,57,7,,,
2026-09-01 03:38:44,deployment,recommendationservice,236,240,6,,,
2026-09-01 03:38:44,deployment,redis-cart,14,41,1,,,
2026-09-01 03:38:44,deployment,shippingservice,22,9,1,,,
2026-09-01 03:38:44,node,ze-master-node,2272,3480,,56.8,43.8,
2026-09-01 03:38:44,node,ze-worker-node,2150,1973,,53.8,24.8,
2026-09-01 03:38:51,deployment,adservice,38,95,1,,,
2026-09-01 03:38:51,deployment,cartservice,136,80,2,,,
2026-09-01 03:38:51,deployment,checkoutservice,21,12,1,,,
2026-09-01 03:38:51,deployment,currencyservice,357,266,8,,,
2026-09-01 03:38:51,deployment,emailservice,16,40,1,,,
2026-09-01 03:38:51,deployment,frontend,506,167,14,,,
2026-09-01 03:38:51,http_p95_latency,frontend,,,,,,175.0
2026-09-01 03:38:51,deployment,paymentservice,8,31,1,,,
2026-09-01 03:38:51,deployment,productcatalogservice,308,58,7,,,
2026-09-01 03:38:51,deployment,recommendationservice,241,243,6,,,
2026-09-01 03:38:51,deployment,redis-cart,15,41,1,,,
2026-09-01 03:38:51,deployment,shippingservice,27,9,1,,,
2026-09-01 03:38:51,node,ze-master-node,2376,3429,,59.4,43.2,
2026-09-01 03:38:51,node,ze-worker-node,2056,1966,,51.4,24.8,
2026-09-01 03:39:00,deployment,adservice,38,95,1,,,
2026-09-01 03:39:00,deployment,cartservice,136,80,2,,,
2026-09-01 03:39:00,deployment,checkoutservice,21,12,1,,,
2026-09-01 03:39:00,deployment,currencyservice,357,266,8,,,
2026-09-01 03:39:00,deployment,emailservice,16,40,1,,,
2026-09-01 03:39:00,deployment,frontend,506,167,14,,,
2026-09-01 03:39:00,http_p95_latency,frontend,,,,,,172.7
2026-09-01 03:39:00,deployment,paymentservice,8,31,1,,,
2026-09-01 03:39:00,deployment,productcatalogservice,308,58,7,,,
2026-09-01 03:39:00,deployment,recommendationservice,241,243,6,,,
2026-09-01 03:39:00,deployment,redis-cart,15,41,1,,,
2026-09-01 03:39:00,deployment,shippingservice,27,9,1,,,
2026-09-01 03:39:00,node,ze-master-node,2376,3429,,59.4,43.2,
2026-09-01 03:39:00,node,ze-worker-node,2056,1966,,51.4,24.8,
2026-09-01 03:39:08,deployment,adservice,38,95,1,,,
2026-09-01 03:39:08,deployment,cartservice,138,80,2,,,
2026-09-01 03:39:08,deployment,checkoutservice,30,12,1,,,
2026-09-01 03:39:08,deployment,currencyservice,356,265,8,,,
2026-09-01 03:39:08,deployment,emailservice,15,40,1,,,
2026-09-01 03:39:08,deployment,frontend,510,167,14,,,
2026-09-01 03:39:08,http_p95_latency,frontend,,,,,,172.7
2026-09-01 03:39:08,deployment,paymentservice,8,32,1,,,
2026-09-01 03:39:08,deployment,productcatalogservice,305,59,7,,,
2026-09-01 03:39:08,deployment,recommendationservice,236,240,6,,,
2026-09-01 03:39:08,deployment,redis-cart,14,41,1,,,
2026-09-01 03:39:08,deployment,shippingservice,25,9,1,,,
2026-09-01 03:39:08,node,ze-master-node,2302,3441,,57.6,43.3,
2026-09-01 03:39:08,node,ze-worker-node,2144,1973,,53.6,24.8,
2026-09-01 03:39:14,deployment,adservice,38,95,1,,,
2026-09-01 03:39:14,deployment,cartservice,138,80,2,,,
2026-09-01 03:39:14,deployment,checkoutservice,30,12,1,,,
2026-09-01 03:39:14,deployment,currencyservice,356,265,8,,,
2026-09-01 03:39:14,deployment,emailservice,15,40,1,,,
2026-09-01 03:39:14,deployment,frontend,510,167,14,,,
2026-09-01 03:39:14,http_p95_latency,frontend,,,,,,173.9
2026-09-01 03:39:14,deployment,paymentservice,8,32,1,,,
2026-09-01 03:39:14,deployment,productcatalogservice,305,59,7,,,
2026-09-01 03:39:14,deployment,recommendationservice,236,240,6,,,
2026-09-01 03:39:14,deployment,redis-cart,14,41,1,,,
2026-09-01 03:39:14,deployment,shippingservice,25,9,1,,,
2026-09-01 03:39:14,node,ze-master-node,2302,3441,,57.6,43.3,
2026-09-01 03:39:14,node,ze-worker-node,2144,1973,,53.6,24.8,
2026-09-01 03:39:21,deployment,adservice,41,95,1,,,
2026-09-01 03:39:21,deployment,cartservice,129,80,2,,,
2026-09-01 03:39:21,deployment,checkoutservice,31,12,1,,,
2026-09-01 03:39:21,deployment,currencyservice,362,264,8,,,
2026-09-01 03:39:21,deployment,emailservice,17,40,1,,,
2026-09-01 03:39:21,deployment,frontend,516,167,14,,,
2026-09-01 03:39:21,http_p95_latency,frontend,,,,,,173.9
2026-09-01 03:39:21,deployment,paymentservice,10,33,1,,,
2026-09-01 03:39:21,deployment,productcatalogservice,298,56,7,,,
2026-09-01 03:39:21,deployment,recommendationservice,236,240,6,,,
2026-09-01 03:39:21,deployment,redis-cart,15,41,1,,,
2026-09-01 03:39:21,deployment,shippingservice,26,9,1,,,
2026-09-01 03:39:21,node,ze-master-node,2285,3433,,57.1,43.2,
2026-09-01 03:39:21,node,ze-worker-node,2099,1974,,52.5,24.9,
2026-09-01 03:39:29,deployment,adservice,41,95,1,,,
2026-09-01 03:39:29,deployment,cartservice,129,80,2,,,
2026-09-01 03:39:29,deployment,checkoutservice,31,12,1,,,
2026-09-01 03:39:29,deployment,currencyservice,362,264,8,,,
2026-09-01 03:39:29,deployment,emailservice,17,40,1,,,
2026-09-01 03:39:29,deployment,frontend,516,167,14,,,
2026-09-01 03:39:29,http_p95_latency,frontend,,,,,,199.4
2026-09-01 03:39:29,deployment,paymentservice,10,33,1,,,
2026-09-01 03:39:29,deployment,productcatalogservice,298,56,7,,,
2026-09-01 03:39:29,deployment,recommendationservice,236,240,6,,,
2026-09-01 03:39:29,deployment,redis-cart,15,41,1,,,
2026-09-01 03:39:29,deployment,shippingservice,26,9,1,,,
2026-09-01 03:39:29,node,ze-master-node,2285,3433,,57.1,43.2,
2026-09-01 03:39:29,node,ze-worker-node,2099,1974,,52.5,24.9,
2026-09-01 03:39:36,deployment,adservice,44,95,1,,,
2026-09-01 03:39:36,deployment,cartservice,137,80,2,,,
2026-09-01 03:39:36,deployment,checkoutservice,23,12,1,,,
2026-09-01 03:39:36,deployment,currencyservice,373,271,8,,,
2026-09-01 03:39:36,deployment,emailservice,16,40,1,,,
2026-09-01 03:39:36,deployment,frontend,565,167,14,,,
2026-09-01 03:39:36,http_p95_latency,frontend,,,,,,199.4
2026-09-01 03:39:36,deployment,paymentservice,7,31,1,,,
2026-09-01 03:39:36,deployment,productcatalogservice,315,58,7,,,
2026-09-01 03:39:36,deployment,recommendationservice,239,242,6,,,
2026-09-01 03:39:36,deployment,redis-cart,16,41,1,,,
2026-09-01 03:39:36,deployment,shippingservice,24,9,1,,,
2026-09-01 03:39:36,node,ze-master-node,2412,3452,,60.3,43.5,
2026-09-01 03:39:36,node,ze-worker-node,2294,1973,,57.4,24.8,
2026-09-01 03:39:45,deployment,adservice,44,95,1,,,
2026-09-01 03:39:45,deployment,cartservice,137,80,2,,,
2026-09-01 03:39:45,deployment,checkoutservice,23,12,1,,,
2026-09-01 03:39:45,deployment,currencyservice,373,271,8,,,
2026-09-01 03:39:45,deployment,emailservice,16,40,1,,,
2026-09-01 03:39:45,deployment,frontend,530,156,13,,,
2026-09-01 03:39:45,http_p95_latency,frontend,,,,,,198.9
2026-09-01 03:39:45,deployment,paymentservice,7,31,1,,,
2026-09-01 03:39:45,deployment,productcatalogservice,315,58,7,,,
2026-09-01 03:39:45,deployment,recommendationservice,239,242,6,,,
2026-09-01 03:39:45,deployment,redis-cart,16,41,1,,,
2026-09-01 03:39:45,deployment,shippingservice,24,9,1,,,
2026-09-01 03:39:45,node,ze-master-node,2412,3452,,60.3,43.5,
2026-09-01 03:39:45,node,ze-worker-node,2294,1973,,57.4,24.8,
2026-09-01 03:39:52,deployment,adservice,46,95,1,,,
2026-09-01 03:39:52,deployment,cartservice,170,80,2,,,
2026-09-01 03:39:52,deployment,checkoutservice,32,12,1,,,
2026-09-01 03:39:52,deployment,currencyservice,389,269,8,,,
2026-09-01 03:39:52,deployment,emailservice,18,40,1,,,
2026-09-01 03:39:52,deployment,frontend,543,156,13,,,
2026-09-01 03:39:52,http_p95_latency,frontend,,,,,,198.9
2026-09-01 03:39:52,deployment,paymentservice,10,31,1,,,
2026-09-01 03:39:52,deployment,productcatalogservice,338,58,7,,,
2026-09-01 03:39:52,deployment,recommendationservice,263,240,6,,,
2026-09-01 03:39:52,deployment,redis-cart,16,41,1,,,
2026-09-01 03:39:52,deployment,shippingservice,25,9,1,,,
2026-09-01 03:39:52,node,ze-master-node,2550,3459,,63.7,43.6,
2026-09-01 03:39:52,node,ze-worker-node,2390,1974,,59.8,24.9,
2026-09-01 03:40:00,deployment,adservice,46,95,1,,,
2026-09-01 03:40:00,deployment,cartservice,170,80,2,,,
2026-09-01 03:40:00,deployment,checkoutservice,32,12,1,,,
2026-09-01 03:40:00,deployment,currencyservice,389,269,8,,,
2026-09-01 03:40:00,deployment,emailservice,18,40,1,,,
2026-09-01 03:40:00,deployment,frontend,543,156,13,,,
2026-09-01 03:40:00,http_p95_latency,frontend,,,,,,195.6
2026-09-01 03:40:00,deployment,paymentservice,10,31,1,,,
2026-09-01 03:40:00,deployment,productcatalogservice,338,58,7,,,
2026-09-01 03:40:00,deployment,recommendationservice,263,240,6,,,
2026-09-01 03:40:00,deployment,redis-cart,16,41,1,,,
2026-09-01 03:40:00,deployment,shippingservice,25,9,1,,,
2026-09-01 03:40:00,node,ze-master-node,2550,3459,,63.7,43.6,
2026-09-01 03:40:00,node,ze-worker-node,2390,1974,,59.8,24.9,
2026-09-01 03:40:08,deployment,adservice,44,95,1,,,
2026-09-01 03:40:08,deployment,cartservice,145,80,2,,,
2026-09-01 03:40:08,deployment,checkoutservice,24,12,1,,,
2026-09-01 03:40:08,deployment,currencyservice,377,277,8,,,
2026-09-01 03:40:08,deployment,emailservice,18,40,1,,,
2026-09-01 03:40:08,deployment,frontend,576,156,13,,,
2026-09-01 03:40:08,http_p95_latency,frontend,,,,,,195.6
2026-09-01 03:40:08,deployment,paymentservice,10,31,1,,,
2026-09-01 03:40:08,deployment,productcatalogservice,333,60,7,,,
2026-09-01 03:40:08,deployment,recommendationservice,267,240,6,,,
2026-09-01 03:40:08,deployment,redis-cart,16,41,1,,,
2026-09-01 03:40:08,deployment,shippingservice,27,9,1,,,
2026-09-01 03:40:08,node,ze-master-node,2437,3454,,60.9,43.5,
2026-09-01 03:40:08,node,ze-worker-node,2303,1976,,57.6,24.9,
2026-09-01 03:40:15,deployment,adservice,44,95,1,,,
2026-09-01 03:40:15,deployment,cartservice,145,80,2,,,
2026-09-01 03:40:15,deployment,checkoutservice,24,12,1,,,
2026-09-01 03:40:15,deployment,currencyservice,377,277,8,,,
2026-09-01 03:40:15,deployment,emailservice,18,40,1,,,
2026-09-01 03:40:15,deployment,frontend,576,156,13,,,
2026-09-01 03:40:15,http_p95_latency,frontend,,,,,,168.5
2026-09-01 03:40:15,deployment,paymentservice,10,31,1,,,
2026-09-01 03:40:15,deployment,productcatalogservice,333,60,7,,,
2026-09-01 03:40:15,deployment,recommendationservice,267,240,6,,,
2026-09-01 03:40:15,deployment,redis-cart,16,41,1,,,
2026-09-01 03:40:15,deployment,shippingservice,27,9,1,,,
2026-09-01 03:40:15,node,ze-master-node,2437,3454,,60.9,43.5,
2026-09-01 03:40:15,node,ze-worker-node,2303,1976,,57.6,24.9,
2026-09-01 03:40:22,deployment,adservice,47,95,1,,,
2026-09-01 03:40:22,deployment,cartservice,148,80,2,,,
2026-09-01 03:40:22,deployment,checkoutservice,29,12,1,,,
2026-09-01 03:40:22,deployment,currencyservice,382,281,8,,,
2026-09-01 03:40:22,deployment,emailservice,14,40,1,,,
2026-09-01 03:40:22,deployment,frontend,587,156,13,,,
2026-09-01 03:40:22,http_p95_latency,frontend,,,,,,168.5
2026-09-01 03:40:22,deployment,paymentservice,10,31,1,,,
2026-09-01 03:40:22,deployment,productcatalogservice,336,58,7,,,
2026-09-01 03:40:22,deployment,recommendationservice,260,240,6,,,
2026-09-01 03:40:22,deployment,redis-cart,15,41,1,,,
2026-09-01 03:40:22,deployment,shippingservice,25,9,1,,,
2026-09-01 03:40:22,node,ze-master-node,2488,3458,,62.2,43.5,
2026-09-01 03:40:22,node,ze-worker-node,2314,1978,,57.9,24.9,
2026-09-01 03:40:31,deployment,adservice,47,95,1,,,
2026-09-01 03:40:31,deployment,cartservice,148,80,2,,,
2026-09-01 03:40:31,deployment,checkoutservice,29,12,1,,,
2026-09-01 03:40:31,deployment,currencyservice,382,281,8,,,
2026-09-01 03:40:31,deployment,emailservice,14,40,1,,,
2026-09-01 03:40:31,deployment,frontend,537,145,12,,,
2026-09-01 03:40:31,http_p95_latency,frontend,,,,,,200.3
2026-09-01 03:40:31,deployment,paymentservice,10,31,1,,,
2026-09-01 03:40:31,deployment,productcatalogservice,336,58,7,,,
2026-09-01 03:40:31,deployment,recommendationservice,260,240,6,,,
2026-09-01 03:40:31,deployment,redis-cart,15,41,1,,,
2026-09-01 03:40:31,deployment,shippingservice,25,9,1,,,
2026-09-01 03:40:31,node,ze-master-node,2488,3458,,62.2,43.5,
2026-09-01 03:40:31,node,ze-worker-node,2314,1978,,57.9,24.9,
2026-09-01 03:40:37,deployment,adservice,47,95,1,,,
2026-09-01 03:40:37,deployment,cartservice,167,80,2,,,
2026-09-01 03:40:37,deployment,checkoutservice,28,12,1,,,
2026-09-01 03:40:37,deployment,currencyservice,413,294,8,,,
2026-09-01 03:40:37,deployment,emailservice,14,40,1,,,
2026-09-01 03:40:37,deployment,frontend,566,145,12,,,
2026-09-01 03:40:37,http_p95_latency,frontend,,,,,,200.3
2026-09-01 03:40:37,deployment,paymentservice,9,32,1,,,
2026-09-01 03:40:37,deployment,productcatalogservice,348,57,7,,,
2026-09-01 03:40:37,deployment,recommendationservice,223,200,5,,,
2026-09-01 03:40:37,deployment,redis-cart,16,41,1,,,
2026-09-01 03:40:37,deployment,shippingservice,26,9,1,,,
2026-09-01 03:40:37,node,ze-master-node,2487,3453,,62.2,43.5,
2026-09-01 03:40:37,node,ze-worker-node,2506,1992,,62.6,25.1,
2026-09-01 03:40:45,deployment,adservice,47,95,1,,,
2026-09-01 03:40:45,deployment,cartservice,167,80,2,,,
2026-09-01 03:40:45,deployment,checkoutservice,28,12,1,,,
2026-09-01 03:40:45,deployment,currencyservice,413,294,8,,,
2026-09-01 03:40:45,deployment,emailservice,14,40,1,,,
2026-09-01 03:40:45,deployment,frontend,518,133,11,,,
2026-09-01 03:40:45,http_p95_latency,frontend,,,,,,221.2
2026-09-01 03:40:45,deployment,paymentservice,9,32,1,,,
2026-09-01 03:40:45,deployment,productcatalogservice,348,57,7,,,
2026-09-01 03:40:45,deployment,recommendationservice,223,200,5,,,
2026-09-01 03:40:45,deployment,redis-cart,16,41,1,,,
2026-09-01 03:40:45,deployment,shippingservice,26,9,1,,,
2026-09-01 03:40:45,node,ze-master-node,2487,3453,,62.2,43.5,
2026-09-01 03:40:45,node,ze-worker-node,2506,1992,,62.6,25.1,
2026-09-01 03:40:52,deployment,adservice,47,95,1,,,
2026-09-01 03:40:52,deployment,cartservice,169,80,2,,,
2026-09-01 03:40:52,deployment,checkoutservice,29,12,1,,,
2026-09-01 03:40:52,deployment,currencyservice,373,248,7,,,
2026-09-01 03:40:52,deployment,emailservice,14,40,1,,,
2026-09-01 03:40:52,deployment,frontend,566,133,11,,,
2026-09-01 03:40:52,http_p95_latency,frontend,,,,,,221.2
2026-09-01 03:40:52,deployment,paymentservice,9,31,1,,,
2026-09-01 03:40:52,deployment,productcatalogservice,367,56,7,,,
2026-09-01 03:40:52,deployment,recommendationservice,266,200,5,,,
2026-09-01 03:40:52,deployment,redis-cart,16,41,1,,,
2026-09-01 03:40:52,deployment,shippingservice,26,9,1,,,
2026-09-01 03:40:52,node,ze-master-node,2661,3408,,66.5,42.9,
2026-09-01 03:40:52,node,ze-worker-node,2511,1967,,62.8,24.8,
2026-09-01 03:41:00,deployment,adservice,47,95,1,,,
2026-09-01 03:41:00,deployment,cartservice,169,80,2,,,
2026-09-01 03:41:00,deployment,checkoutservice,29,12,1,,,
2026-09-01 03:41:00,deployment,currencyservice,373,248,7,,,
2026-09-01 03:41:00,deployment,emailservice,14,40,1,,,
2026-09-01 03:41:00,deployment,frontend,566,133,11,,,
2026-09-01 03:41:00,http_p95_latency,frontend,,,,,,222.8
2026-09-01 03:41:00,deployment,paymentservice,9,31,1,,,
2026-09-01 03:41:00,deployment,productcatalogservice,367,56,7,,,
2026-09-01 03:41:00,deployment,recommendationservice,266,200,5,,,
2026-09-01 03:41:00,deployment,redis-cart,16,41,1,,,
2026-09-01 03:41:00,deployment,shippingservice,26,9,1,,,
2026-09-01 03:41:00,node,ze-master-node,2661,3408,,66.5,42.9,
2026-09-01 03:41:00,node,ze-worker-node,2511,1967,,62.8,24.8,
2026-09-01 03:41:06,deployment,adservice,49,95,1,,,
2026-09-01 03:41:06,deployment,cartservice,181,80,2,,,
2026-09-01 03:41:06,deployment,checkoutservice,27,12,1,,,
2026-09-01 03:41:06,deployment,currencyservice,387,253,7,,,
2026-09-01 03:41:06,deployment,emailservice,18,40,1,,,
2026-09-01 03:41:06,deployment,frontend,608,133,11,,,
2026-09-01 03:41:06,http_p95_latency,frontend,,,,,,222.8
2026-09-01 03:41:06,deployment,paymentservice,9,31,1,,,
2026-09-01 03:41:06,deployment,productcatalogservice,343,57,7,,,
2026-09-01 03:41:06,deployment,recommendationservice,263,200,5,,,
2026-09-01 03:41:06,deployment,redis-cart,41,41,1,,,
2026-09-01 03:41:06,deployment,shippingservice,29,9,1,,,
2026-09-01 03:41:06,node,ze-master-node,2545,3364,,63.6,42.4,
2026-09-01 03:41:06,node,ze-worker-node,2476,1968,,61.9,24.8,
2026-09-01 03:41:13,deployment,adservice,49,95,1,,,
2026-09-01 03:41:13,deployment,cartservice,181,80,2,,,
2026-09-01 03:41:13,deployment,checkoutservice,27,12,1,,,
2026-09-01 03:41:13,deployment,currencyservice,387,253,7,,,
2026-09-01 03:41:13,deployment,emailservice,18,40,1,,,
2026-09-01 03:41:13,deployment,frontend,608,133,11,,,
2026-09-01 03:41:13,http_p95_latency,frontend,,,,,,207.2
2026-09-01 03:41:13,deployment,paymentservice,9,31,1,,,
2026-09-01 03:41:13,deployment,productcatalogservice,343,57,7,,,
2026-09-01 03:41:13,deployment,recommendationservice,263,200,5,,,
2026-09-01 03:41:13,deployment,redis-cart,41,41,1,,,
2026-09-01 03:41:13,deployment,shippingservice,29,9,1,,,
2026-09-01 03:41:13,node,ze-master-node,2545,3364,,63.6,42.4,
2026-09-01 03:41:13,node,ze-worker-node,2476,1968,,61.9,24.8,
2026-09-01 03:41:20,deployment,adservice,54,95,1,,,
2026-09-01 03:41:20,deployment,cartservice,182,80,2,,,
2026-09-01 03:41:20,deployment,checkoutservice,36,12,1,,,
2026-09-01 03:41:20,deployment,currencyservice,396,250,7,,,
2026-09-01 03:41:20,deployment,emailservice,16,40,1,,,
2026-09-01 03:41:20,deployment,frontend,662,133,11,,,
2026-09-01 03:41:20,http_p95_latency,frontend,,,,,,207.2
2026-09-01 03:41:20,deployment,paymentservice,11,31,1,,,
2026-09-01 03:41:20,deployment,productcatalogservice,376,57,7,,,
2026-09-01 03:41:20,deployment,recommendationservice,284,200,5,,,
2026-09-01 03:41:20,deployment,redis-cart,17,41,1,,,
2026-09-01 03:41:20,deployment,shippingservice,29,9,1,,,
2026-09-01 03:41:20,node,ze-master-node,2627,3339,,65.7,42.0,
2026-09-01 03:41:20,node,ze-worker-node,2614,1965,,65.3,24.7,
2026-09-01 03:41:27,deployment,adservice,54,95,1,,,
2026-09-01 03:41:27,deployment,cartservice,182,80,2,,,
2026-09-01 03:41:27,deployment,checkoutservice,36,12,1,,,
2026-09-01 03:41:27,deployment,currencyservice,396,250,7,,,
2026-09-01 03:41:27,deployment,emailservice,16,40,1,,,
2026-09-01 03:41:27,deployment,frontend,662,133,11,,,
2026-09-01 03:41:27,http_p95_latency,frontend,,,,,,213.4
2026-09-01 03:41:27,deployment,paymentservice,11,31,1,,,
2026-09-01 03:41:27,deployment,productcatalogservice,376,57,7,,,
2026-09-01 03:41:27,deployment,recommendationservice,284,200,5,,,
2026-09-01 03:41:27,deployment,redis-cart,17,41,1,,,
2026-09-01 03:41:27,deployment,shippingservice,29,9,1,,,
2026-09-01 03:41:27,node,ze-master-node,2627,3339,,65.7,42.0,
2026-09-01 03:41:27,node,ze-worker-node,2614,1965,,65.3,24.7,
2026-09-01 03:41:34,deployment,adservice,52,95,1,,,
2026-09-01 03:41:34,deployment,cartservice,203,80,2,,,
2026-09-01 03:41:34,deployment,checkoutservice,30,12,1,,,
2026-09-01 03:41:34,deployment,currencyservice,442,253,7,,,
2026-09-01 03:41:34,deployment,emailservice,14,40,1,,,
2026-09-01 03:41:34,deployment,frontend,690,134,11,,,
2026-09-01 03:41:34,http_p95_latency,frontend,,,,,,213.4
2026-09-01 03:41:34,deployment,paymentservice,10,31,1,,,
2026-09-01 03:41:34,deployment,productcatalogservice,379,58,7,,,
2026-09-01 03:41:34,deployment,recommendationservice,288,203,5,,,
2026-09-01 03:41:34,deployment,redis-cart,18,41,1,,,
2026-09-01 03:41:34,deployment,shippingservice,30,9,1,,,
2026-09-01 03:41:34,node,ze-master-node,2600,3330,,65.0,41.9,
2026-09-01 03:41:34,node,ze-worker-node,2708,1963,,67.7,24.7,
2026-09-01 03:41:40,deployment,adservice,52,95,1,,,
2026-09-01 03:41:40,deployment,cartservice,203,80,2,,,
2026-09-01 03:41:40,deployment,checkoutservice,30,12,1,,,
2026-09-01 03:41:40,deployment,currencyservice,442,253,7,,,
2026-09-01 03:41:40,deployment,emailservice,14,40,1,,,
2026-09-01 03:41:40,deployment,frontend,690,134,11,,,
2026-09-01 03:41:40,http_p95_latency,frontend,,,,,,213.4
2026-09-01 03:41:40,deployment,paymentservice,10,31,1,,,
2026-09-01 03:41:40,deployment,productcatalogservice,379,58,7,,,
2026-09-01 03:41:40,deployment,recommendationservice,288,203,5,,,
2026-09-01 03:41:40,deployment,redis-cart,18,41,1,,,
2026-09-01 03:41:40,deployment,shippingservice,30,9,1,,,
2026-09-01 03:41:40,node,ze-master-node,2600,3330,,65.0,41.9,
2026-09-01 03:41:40,node,ze-worker-node,2708,1963,,67.7,24.7,
2026-09-01 03:41:47,deployment,adservice,52,95,1,,,
2026-09-01 03:41:47,deployment,cartservice,203,80,2,,,
2026-09-01 03:41:47,deployment,checkoutservice,30,12,1,,,
2026-09-01 03:41:47,deployment,currencyservice,442,253,7,,,
2026-09-01 03:41:47,deployment,emailservice,14,40,1,,,
2026-09-01 03:41:47,deployment,frontend,690,134,11,,,
2026-09-01 03:41:47,http_p95_latency,frontend,,,,,,213.1
2026-09-01 03:41:47,deployment,paymentservice,10,31,1,,,
2026-09-01 03:41:47,deployment,productcatalogservice,379,58,7,,,
2026-09-01 03:41:47,deployment,recommendationservice,288,203,5,,,
2026-09-01 03:41:47,deployment,redis-cart,18,41,1,,,
2026-09-01 03:41:47,deployment,shippingservice,30,9,1,,,
2026-09-01 03:41:47,node,ze-master-node,2600,3330,,65.0,41.9,
2026-09-01 03:41:47,node,ze-worker-node,2708,1963,,67.7,24.7,
2026-09-01 03:41:54,deployment,adservice,55,95,1,,,
2026-09-01 03:41:54,deployment,cartservice,230,80,2,,,
2026-09-01 03:41:54,deployment,checkoutservice,35,12,1,,,
2026-09-01 03:41:54,deployment,currencyservice,445,249,7,,,
2026-09-01 03:41:54,deployment,emailservice,17,40,1,,,
2026-09-01 03:41:54,deployment,frontend,735,134,11,,,
2026-09-01 03:41:54,http_p95_latency,frontend,,,,,,213.1
2026-09-01 03:41:54,deployment,paymentservice,10,31,1,,,
2026-09-01 03:41:54,deployment,productcatalogservice,404,58,7,,,
2026-09-01 03:41:54,deployment,recommendationservice,312,200,5,,,
2026-09-01 03:41:54,deployment,redis-cart,18,41,1,,,
2026-09-01 03:41:54,deployment,shippingservice,31,9,1,,,
2026-09-01 03:41:54,node,ze-master-node,2707,3319,,67.7,41.8,
2026-09-01 03:41:54,node,ze-worker-node,2839,1964,,71.0,24.7,
2026-09-01 03:42:00,deployment,adservice,55,95,1,,,
2026-09-01 03:42:00,deployment,cartservice,230,80,2,,,
2026-09-01 03:42:00,deployment,checkoutservice,35,12,1,,,
2026-09-01 03:42:00,deployment,currencyservice,445,249,7,,,
2026-09-01 03:42:00,deployment,emailservice,17,40,1,,,
2026-09-01 03:42:00,deployment,frontend,735,134,13,,,
2026-09-01 03:42:00,http_p95_latency,frontend,,,,,,220.6
2026-09-01 03:42:00,deployment,paymentservice,10,31,1,,,
2026-09-01 03:42:00,deployment,productcatalogservice,404,58,7,,,
2026-09-01 03:42:00,deployment,recommendationservice,312,200,5,,,
2026-09-01 03:42:00,deployment,redis-cart,18,41,1,,,
2026-09-01 03:42:00,deployment,shippingservice,31,9,1,,,
2026-09-01 03:42:00,node,ze-master-node,2707,3319,,67.7,41.8,
2026-09-01 03:42:00,node,ze-worker-node,2839,1964,,71.0,24.7,
2026-09-01 03:42:08,deployment,adservice,52,95,1,,,
2026-09-01 03:42:08,deployment,cartservice,204,80,2,,,
2026-09-01 03:42:08,deployment,checkoutservice,35,12,1,,,
2026-09-01 03:42:08,deployment,currencyservice,435,249,7,,,
2026-09-01 03:42:08,deployment,emailservice,14,40,1,,,
2026-09-01 03:42:08,deployment,frontend,722,133,13,,,
2026-09-01 03:42:08,http_p95_latency,frontend,,,,,,220.6
2026-09-01 03:42:08,deployment,paymentservice,10,32,1,,,
2026-09-01 03:42:08,deployment,productcatalogservice,399,57,7,,,
2026-09-01 03:42:08,deployment,recommendationservice,295,200,5,,,
2026-09-01 03:42:08,deployment,redis-cart,18,41,1,,,
2026-09-01 03:42:08,deployment,shippingservice,30,9,1,,,
2026-09-01 03:42:08,node,ze-master-node,2654,3314,,66.3,41.7,
2026-09-01 03:42:08,node,ze-worker-node,2672,1962,,66.8,24.7,
2026-09-01 03:42:15,deployment,adservice,52,95,1,,,
2026-09-01 03:42:15,deployment,cartservice,204,80,2,,,
2026-09-01 03:42:15,deployment,checkoutservice,35,12,1,,,
2026-09-01 03:42:15,deployment,currencyservice,435,249,7,,,
2026-09-01 03:42:15,deployment,emailservice,14,40,1,,,
2026-09-01 03:42:15,deployment,frontend,722,133,13,,,
2026-09-01 03:42:15,http_p95_latency,frontend,,,,,,224.6
2026-09-01 03:42:15,deployment,paymentservice,10,32,1,,,
2026-09-01 03:42:15,deployment,productcatalogservice,399,57,7,,,
2026-09-01 03:42:15,deployment,recommendationservice,295,200,5,,,
2026-09-01 03:42:15,deployment,redis-cart,18,41,1,,,
2026-09-01 03:42:15,deployment,shippingservice,30,9,1,,,
2026-09-01 03:42:15,node,ze-master-node,2654,3314,,66.3,41.7,
2026-09-01 03:42:15,node,ze-worker-node,2672,1962,,66.8,24.7,
2026-09-01 03:42:22,deployment,adservice,56,95,1,,,
2026-09-01 03:42:22,deployment,cartservice,190,80,2,,,
2026-09-01 03:42:22,deployment,checkoutservice,31,12,1,,,
2026-09-01 03:42:22,deployment,currencyservice,446,252,7,,,
2026-09-01 03:42:22,deployment,emailservice,15,40,1,,,
2026-09-01 03:42:22,deployment,frontend,747,151,13,,,
2026-09-01 03:42:22,http_p95_latency,frontend,,,,,,224.6
2026-09-01 03:42:22,deployment,paymentservice,10,32,1,,,
2026-09-01 03:42:22,deployment,productcatalogservice,404,58,7,,,
2026-09-01 03:42:22,deployment,recommendationservice,299,200,5,,,
2026-09-01 03:42:22,deployment,redis-cart,18,41,1,,,
2026-09-01 03:42:22,deployment,shippingservice,28,9,1,,,
2026-09-01 03:42:22,node,ze-master-node,2748,3350,,68.7,42.2,
2026-09-01 03:42:22,node,ze-worker-node,2760,1968,,69.0,24.8,
2026-09-01 03:42:30,deployment,adservice,56,95,1,,,
2026-09-01 03:42:30,deployment,cartservice,190,80,2,,,
2026-09-01 03:42:30,deployment,checkoutservice,31,12,1,,,
2026-09-01 03:42:30,deployment,currencyservice,446,252,7,,,
2026-09-01 03:42:30,deployment,emailservice,15,40,1,,,
2026-09-01 03:42:30,deployment,frontend,747,151,13,,,
2026-09-01 03:42:30,http_p95_latency,frontend,,,,,,229.3
2026-09-01 03:42:30,deployment,paymentservice,10,32,1,,,
2026-09-01 03:42:30,deployment,productcatalogservice,404,58,7,,,
2026-09-01 03:42:30,deployment,recommendationservice,299,200,5,,,
2026-09-01 03:42:30,deployment,redis-cart,18,41,1,,,
2026-09-01 03:42:30,deployment,shippingservice,28,9,1,,,
2026-09-01 03:42:30,node,ze-master-node,2748,3350,,68.7,42.2,
2026-09-01 03:42:30,node,ze-worker-node,2760,1968,,69.0,24.8,
2026-09-01 03:42:38,deployment,adservice,57,95,1,,,
2026-09-01 03:42:38,deployment,cartservice,214,80,2,,,
2026-09-01 03:42:38,deployment,checkoutservice,40,12,1,,,
2026-09-01 03:42:38,deployment,currencyservice,465,255,7,,,
2026-09-01 03:42:38,deployment,emailservice,21,40,1,,,
2026-09-01 03:42:38,deployment,frontend,772,153,13,,,
2026-09-01 03:42:38,http_p95_latency,frontend,,,,,,229.3
2026-09-01 03:42:38,deployment,paymentservice,10,31,1,,,
2026-09-01 03:42:38,deployment,productcatalogservice,408,56,7,,,
2026-09-01 03:42:38,deployment,recommendationservice,301,200,5,,,
2026-09-01 03:42:38,deployment,redis-cart,18,41,1,,,
2026-09-01 03:42:38,deployment,shippingservice,30,9,1,,,
2026-09-01 03:42:38,node,ze-master-node,2799,3348,,70.0,42.2,
2026-09-01 03:42:38,node,ze-worker-node,2790,1968,,69.8,24.8,
2026-09-01 03:42:45,deployment,adservice,57,95,1,,,
2026-09-01 03:42:45,deployment,cartservice,214,80,2,,,
2026-09-01 03:42:45,deployment,checkoutservice,40,12,1,,,
2026-09-01 03:42:45,deployment,currencyservice,465,255,8,,,
2026-09-01 03:42:45,deployment,emailservice,21,40,1,,,
2026-09-01 03:42:45,deployment,frontend,772,153,13,,,
2026-09-01 03:42:45,http_p95_latency,frontend,,,,,,222.5
2026-09-01 03:42:45,deployment,paymentservice,10,31,1,,,
2026-09-01 03:42:45,deployment,productcatalogservice,408,56,7,,,
2026-09-01 03:42:45,deployment,recommendationservice,301,200,5,,,
2026-09-01 03:42:45,deployment,redis-cart,18,41,1,,,
2026-09-01 03:42:45,deployment,shippingservice,30,9,1,,,
2026-09-01 03:42:45,node,ze-master-node,2799,3348,,70.0,42.2,
2026-09-01 03:42:45,node,ze-worker-node,2790,1968,,69.8,24.8,
2026-09-01 03:42:53,deployment,adservice,51,95,1,,,
2026-09-01 03:42:53,deployment,cartservice,220,80,2,,,
2026-09-01 03:42:53,deployment,checkoutservice,30,12,1,,,
2026-09-01 03:42:53,deployment,currencyservice,431,256,8,,,
2026-09-01 03:42:53,deployment,emailservice,16,40,1,,,
2026-09-01 03:42:53,deployment,frontend,712,152,13,,,
2026-09-01 03:42:53,http_p95_latency,frontend,,,,,,222.5
2026-09-01 03:42:53,deployment,paymentservice,10,32,1,,,
2026-09-01 03:42:53,deployment,productcatalogservice,396,58,7,,,
2026-09-01 03:42:53,deployment,recommendationservice,292,200,5,,,
2026-09-01 03:42:53,deployment,redis-cart,19,41,1,,,
2026-09-01 03:42:53,deployment,shippingservice,30,10,1,,,
2026-09-01 03:42:53,node,ze-master-node,2781,3371,,69.5,42.5,
2026-09-01 03:42:53,node,ze-worker-node,2637,1972,,65.9,24.8,
2026-09-01 03:43:00,deployment,adservice,51,95,1,,,
2026-09-01 03:43:00,deployment,cartservice,220,80,2,,,
2026-09-01 03:43:00,deployment,checkoutservice,30,12,1,,,
2026-09-01 03:43:00,deployment,currencyservice,431,256,8,,,
2026-09-01 03:43:00,deployment,emailservice,16,40,1,,,
2026-09-01 03:43:00,deployment,frontend,712,152,13,,,
2026-09-01 03:43:00,http_p95_latency,frontend,,,,,,211.0
2026-09-01 03:43:00,deployment,paymentservice,10,32,1,,,
2026-09-01 03:43:00,deployment,productcatalogservice,396,58,7,,,
2026-09-01 03:43:00,deployment,recommendationservice,292,200,5,,,
2026-09-01 03:43:00,deployment,redis-cart,19,41,1,,,
2026-09-01 03:43:00,deployment,shippingservice,30,10,1,,,
2026-09-01 03:43:00,node,ze-master-node,2781,3371,,69.5,42.5,
2026-09-01 03:43:00,node,ze-worker-node,2637,1972,,65.9,24.8,
2026-09-01 03:43:08,deployment,adservice,54,95,1,,,
2026-09-01 03:43:08,deployment,cartservice,209,80,2,,,
2026-09-01 03:43:08,deployment,checkoutservice,36,12,1,,,
2026-09-01 03:43:08,deployment,currencyservice,523,279,8,,,
2026-09-01 03:43:08,deployment,emailservice,17,42,1,,,
2026-09-01 03:43:08,deployment,frontend,705,153,13,,,
2026-09-01 03:43:08,http_p95_latency,frontend,,,,,,211.0
2026-09-01 03:43:08,deployment,paymentservice,10,31,1,,,
2026-09-01 03:43:08,deployment,productcatalogservice,388,58,7,,,
2026-09-01 03:43:08,deployment,recommendationservice,295,200,5,,,
2026-09-01 03:43:08,deployment,redis-cart,18,41,1,,,
2026-09-01 03:43:08,deployment,shippingservice,29,9,1,,,
2026-09-01 03:43:08,node,ze-master-node,2799,3394,,70.0,42.7,
2026-09-01 03:43:08,node,ze-worker-node,2760,1968,,69.0,24.8,
2026-09-01 03:43:15,deployment,adservice,54,95,1,,,
2026-09-01 03:43:15,deployment,cartservice,209,80,2,,,
2026-09-01 03:43:15,deployment,checkoutservice,36,12,1,,,
2026-09-01 03:43:15,deployment,currencyservice,523,279,8,,,
2026-09-01 03:43:15,deployment,emailservice,17,42,1,,,
2026-09-01 03:43:15,deployment,frontend,705,153,13,,,
2026-09-01 03:43:15,http_p95_latency,frontend,,,,,,211.4
2026-09-01 03:43:15,deployment,paymentservice,10,31,1,,,
2026-09-01 03:43:15,deployment,productcatalogservice,388,58,7,,,
2026-09-01 03:43:15,deployment,recommendationservice,295,200,5,,,
2026-09-01 03:43:15,deployment,redis-cart,18,41,1,,,
2026-09-01 03:43:15,deployment,shippingservice,29,9,1,,,
2026-09-01 03:43:15,node,ze-master-node,2799,3394,,70.0,42.7,
2026-09-01 03:43:15,node,ze-worker-node,2760,1968,,69.0,24.8,
2026-09-01 03:43:22,deployment,adservice,57,95,1,,,
2026-09-01 03:43:22,deployment,cartservice,233,80,2,,,
2026-09-01 03:43:22,deployment,checkoutservice,32,12,1,,,
2026-09-01 03:43:22,deployment,currencyservice,515,279,8,,,
2026-09-01 03:43:22,deployment,emailservice,15,41,1,,,
2026-09-01 03:43:22,deployment,frontend,729,153,13,,,
2026-09-01 03:43:22,http_p95_latency,frontend,,,,,,211.4
2026-09-01 03:43:22,deployment,paymentservice,10,32,1,,,
2026-09-01 03:43:22,deployment,productcatalogservice,399,60,7,,,
2026-09-01 03:43:22,deployment,recommendationservice,302,200,5,,,
2026-09-01 03:43:22,deployment,redis-cart,19,41,1,,,
2026-09-01 03:43:22,deployment,shippingservice,30,9,1,,,
2026-09-01 03:43:22,node,ze-master-node,2788,3376,,69.7,42.5,
2026-09-01 03:43:22,node,ze-worker-node,2739,1969,,68.5,24.8,
2026-09-01 03:43:29,deployment,adservice,57,95,1,,,
2026-09-01 03:43:29,deployment,cartservice,233,80,2,,,
2026-09-01 03:43:29,deployment,checkoutservice,32,12,1,,,
2026-09-01 03:43:29,deployment,currencyservice,515,279,8,,,
2026-09-01 03:43:29,deployment,emailservice,15,41,1,,,
2026-09-01 03:43:29,deployment,frontend,729,153,13,,,
2026-09-01 03:43:29,http_p95_latency,frontend,,,,,,210.2
2026-09-01 03:43:29,deployment,paymentservice,10,32,1,,,
2026-09-01 03:43:29,deployment,productcatalogservice,399,60,7,,,
2026-09-01 03:43:29,deployment,recommendationservice,302,200,5,,,
2026-09-01 03:43:29,deployment,redis-cart,19,41,1,,,
2026-09-01 03:43:29,deployment,shippingservice,30,9,1,,,
2026-09-01 03:43:29,node,ze-master-node,2788,3376,,69.7,42.5,
2026-09-01 03:43:29,node,ze-worker-node,2739,1969,,68.5,24.8,
2026-09-01 03:43:37,deployment,adservice,55,95,1,,,
2026-09-01 03:43:37,deployment,cartservice,212,80,2,,,
2026-09-01 03:43:37,deployment,checkoutservice,30,12,1,,,
2026-09-01 03:43:37,deployment,currencyservice,474,281,8,,,
2026-09-01 03:43:37,deployment,emailservice,13,40,1,,,
2026-09-01 03:43:37,deployment,frontend,687,154,13,,,
2026-09-01 03:43:37,http_p95_latency,frontend,,,,,,210.2
2026-09-01 03:43:37,deployment,paymentservice,10,32,1,,,
2026-09-01 03:43:37,deployment,productcatalogservice,391,59,7,,,
2026-09-01 03:43:37,deployment,recommendationservice,284,200,5,,,
2026-09-01 03:43:37,deployment,redis-cart,17,41,1,,,
2026-09-01 03:43:37,deployment,shippingservice,27,9,1,,,
2026-09-01 03:43:37,node,ze-master-node,2588,3384,,64.7,42.6,
2026-09-01 03:43:37,node,ze-worker-node,2563,1967,,64.1,24.8,
2026-09-01 03:43:43,deployment,adservice,55,95,1,,,
2026-09-01 03:43:43,deployment,cartservice,212,80,2,,,
2026-09-01 03:43:43,deployment,checkoutservice,30,12,1,,,
2026-09-01 03:43:43,deployment,currencyservice,474,281,8,,,
2026-09-01 03:43:43,deployment,emailservice,13,40,1,,,
2026-09-01 03:43:43,deployment,frontend,687,154,13,,,
2026-09-01 03:43:43,http_p95_latency,frontend,,,,,,212.6
2026-09-01 03:43:43,deployment,paymentservice,10,32,1,,,
2026-09-01 03:43:43,deployment,productcatalogservice,391,59,7,,,
2026-09-01 03:43:43,deployment,recommendationservice,284,200,5,,,
2026-09-01 03:43:43,deployment,redis-cart,17,41,1,,,
2026-09-01 03:43:43,deployment,shippingservice,27,9,1,,,
2026-09-01 03:43:43,node,ze-master-node,2588,3384,,64.7,42.6,
2026-09-01 03:43:43,node,ze-worker-node,2563,1967,,64.1,24.8,
2026-09-01 03:43:52,deployment,adservice,50,95,1,,,
2026-09-01 03:43:52,deployment,cartservice,171,80,2,,,
2026-09-01 03:43:52,deployment,checkoutservice,34,12,1,,,
2026-09-01 03:43:52,deployment,currencyservice,447,287,8,,,
2026-09-01 03:43:52,deployment,emailservice,17,40,1,,,
2026-09-01 03:43:52,deployment,frontend,660,153,13,,,
2026-09-01 03:43:52,http_p95_latency,frontend,,,,,,212.6
2026-09-01 03:43:52,deployment,paymentservice,9,32,1,,,
2026-09-01 03:43:52,deployment,productcatalogservice,375,58,7,,,
2026-09-01 03:43:52,deployment,recommendationservice,275,200,5,,,
2026-09-01 03:43:52,deployment,redis-cart,62,41,1,,,
2026-09-01 03:43:52,deployment,shippingservice,28,9,1,,,
2026-09-01 03:43:52,node,ze-master-node,2653,3381,,66.3,42.6,
2026-09-01 03:43:52,node,ze-worker-node,2538,1974,,63.4,24.9,
2026-09-01 03:43:58,deployment,adservice,50,95,1,,,
2026-09-01 03:43:58,deployment,cartservice,171,80,2,,,
2026-09-01 03:43:58,deployment,checkoutservice,34,12,1,,,
2026-09-01 03:43:58,deployment,currencyservice,447,287,8,,,
2026-09-01 03:43:58,deployment,emailservice,17,40,1,,,
2026-09-01 03:43:58,deployment,frontend,660,153,13,,,
2026-09-01 03:43:58,http_p95_latency,frontend,,,,,,224.1
2026-09-01 03:43:58,deployment,paymentservice,9,32,1,,,
2026-09-01 03:43:58,deployment,productcatalogservice,375,58,7,,,
2026-09-01 03:43:58,deployment,recommendationservice,275,200,5,,,
2026-09-01 03:43:58,deployment,redis-cart,62,41,1,,,
2026-09-01 03:43:58,deployment,shippingservice,28,9,1,,,
2026-09-01 03:43:58,node,ze-master-node,2653,3381,,66.3,42.6,
2026-09-01 03:43:58,node,ze-worker-node,2538,1974,,63.4,24.9,
2026-09-01 03:44:06,deployment,adservice,47,95,1,,,
2026-09-01 03:44:06,deployment,cartservice,170,80,2,,,
2026-09-01 03:44:06,deployment,checkoutservice,33,12,1,,,
2026-09-01 03:44:06,deployment,currencyservice,439,290,8,,,
2026-09-01 03:44:06,deployment,emailservice,16,40,1,,,
2026-09-01 03:44:06,deployment,frontend,661,153,13,,,
2026-09-01 03:44:06,http_p95_latency,frontend,,,,,,224.1
2026-09-01 03:44:06,deployment,paymentservice,11,32,1,,,
2026-09-01 03:44:06,deployment,productcatalogservice,372,57,7,,,
2026-09-01 03:44:06,deployment,recommendationservice,275,201,5,,,
2026-09-01 03:44:06,deployment,redis-cart,17,41,1,,,
2026-09-01 03:44:06,deployment,shippingservice,30,9,1,,,
2026-09-01 03:44:06,node,ze-master-node,2626,3392,,65.6,42.7,
2026-09-01 03:44:06,node,ze-worker-node,2493,1972,,62.3,24.8,
2026-09-01 03:44:13,deployment,adservice,47,95,1,,,
2026-09-01 03:44:13,deployment,cartservice,170,80,2,,,
2026-09-01 03:44:13,deployment,checkoutservice,33,12,1,,,
2026-09-01 03:44:13,deployment,currencyservice,439,290,8,,,
2026-09-01 03:44:13,deployment,emailservice,16,40,1,,,
2026-09-01 03:44:13,deployment,frontend,661,153,13,,,
2026-09-01 03:44:13,http_p95_latency,frontend,,,,,,227.6
2026-09-01 03:44:13,deployment,paymentservice,11,32,1,,,
2026-09-01 03:44:13,deployment,productcatalogservice,372,57,7,,,
2026-09-01 03:44:13,deployment,recommendationservice,275,201,5,,,
2026-09-01 03:44:13,deployment,redis-cart,17,41,1,,,
2026-09-01 03:44:13,deployment,shippingservice,30,9,1,,,
2026-09-01 03:44:13,node,ze-master-node,2626,3392,,65.6,42.7,
2026-09-01 03:44:13,node,ze-worker-node,2493,1972,,62.3,24.8,
2026-09-01 03:44:23,deployment,adservice,51,95,1,,,
2026-09-01 03:44:23,deployment,cartservice,200,80,2,,,
2026-09-01 03:44:23,deployment,checkoutservice,33,12,1,,,
2026-09-01 03:44:23,deployment,currencyservice,412,291,8,,,
2026-09-01 03:44:23,deployment,emailservice,13,40,1,,,
2026-09-01 03:44:23,deployment,frontend,637,153,13,,,
2026-09-01 03:44:23,http_p95_latency,frontend,,,,,,227.6
2026-09-01 03:44:23,deployment,paymentservice,9,32,1,,,
2026-09-01 03:44:23,deployment,productcatalogservice,369,58,7,,,
2026-09-01 03:44:23,deployment,recommendationservice,287,201,5,,,
2026-09-01 03:44:23,deployment,redis-cart,18,41,1,,,
2026-09-01 03:44:23,deployment,shippingservice,25,9,1,,,
2026-09-01 03:44:23,node,ze-master-node,2537,3386,,63.4,42.6,
2026-09-01 03:44:23,node,ze-worker-node,2532,1974,,63.3,24.9,
2026-09-01 03:44:30,deployment,adservice,51,95,1,,,
2026-09-01 03:44:30,deployment,cartservice,200,80,2,,,
2026-09-01 03:44:30,deployment,checkoutservice,33,12,1,,,
2026-09-01 03:44:30,deployment,currencyservice,412,291,8,,,
2026-09-01 03:44:30,deployment,emailservice,13,40,1,,,
2026-09-01 03:44:30,deployment,frontend,637,153,13,,,
2026-09-01 03:44:30,http_p95_latency,frontend,,,,,,211.6
2026-09-01 03:44:30,deployment,paymentservice,9,32,1,,,
2026-09-01 03:44:30,deployment,productcatalogservice,369,58,7,,,
2026-09-01 03:44:30,deployment,recommendationservice,287,201,5,,,
2026-09-01 03:44:30,deployment,redis-cart,18,41,1,,,
2026-09-01 03:44:30,deployment,shippingservice,25,9,1,,,
2026-09-01 03:44:30,node,ze-master-node,2537,3386,,63.4,42.6,
2026-09-01 03:44:30,node,ze-worker-node,2532,1974,,63.3,24.9,
2026-09-01 03:44:38,deployment,adservice,51,95,1,,,
2026-09-01 03:44:38,deployment,cartservice,193,80,2,,,
2026-09-01 03:44:38,deployment,checkoutservice,27,12,1,,,
2026-09-01 03:44:38,deployment,currencyservice,410,267,8,,,
2026-09-01 03:44:38,deployment,emailservice,13,40,1,,,
2026-09-01 03:44:38,deployment,frontend,653,154,13,,,
2026-09-01 03:44:38,http_p95_latency,frontend,,,,,,211.6
2026-09-01 03:44:38,deployment,paymentservice,9,33,1,,,
2026-09-01 03:44:38,deployment,productcatalogservice,366,57,7,,,
2026-09-01 03:44:38,deployment,recommendationservice,272,201,5,,,
2026-09-01 03:44:38,deployment,redis-cart,17,41,1,,,
2026-09-01 03:44:38,deployment,shippingservice,28,9,1,,,
2026-09-01 03:44:38,node,ze-master-node,2552,3402,,63.8,42.8,
2026-09-01 03:44:38,node,ze-worker-node,2487,1972,,62.2,24.8,
2026-09-01 03:44:45,deployment,adservice,51,95,1,,,
2026-09-01 03:44:45,deployment,cartservice,193,80,2,,,
2026-09-01 03:44:45,deployment,checkoutservice,27,12,1,,,
2026-09-01 03:44:45,deployment,currencyservice,410,267,8,,,
2026-09-01 03:44:45,deployment,emailservice,13,40,1,,,
2026-09-01 03:44:45,deployment,frontend,653,154,13,,,
2026-09-01 03:44:45,http_p95_latency,frontend,,,,,,181.9
2026-09-01 03:44:45,deployment,paymentservice,9,33,1,,,
2026-09-01 03:44:45,deployment,productcatalogservice,366,57,7,,,
2026-09-01 03:44:45,deployment,recommendationservice,272,201,5,,,
2026-09-01 03:44:45,deployment,redis-cart,17,41,1,,,
2026-09-01 03:44:45,deployment,shippingservice,28,9,1,,,
2026-09-01 03:44:45,node,ze-master-node,2552,3402,,63.8,42.8,
2026-09-01 03:44:45,node,ze-worker-node,2487,1972,,62.2,24.8,
2026-09-01 03:44:54,deployment,adservice,42,95,1,,,
2026-09-01 03:44:54,deployment,cartservice,176,80,2,,,
2026-09-01 03:44:54,deployment,checkoutservice,22,12,1,,,
2026-09-01 03:44:54,deployment,currencyservice,391,250,8,,,
2026-09-01 03:44:54,deployment,emailservice,16,40,1,,,
2026-09-01 03:44:54,deployment,frontend,550,153,13,,,
2026-09-01 03:44:54,http_p95_latency,frontend,,,,,,181.9
2026-09-01 03:44:54,deployment,paymentservice,9,32,1,,,
2026-09-01 03:44:54,deployment,productcatalogservice,338,59,7,,,
2026-09-01 03:44:54,deployment,recommendationservice,258,201,5,,,
2026-09-01 03:44:54,deployment,redis-cart,15,41,1,,,
2026-09-01 03:44:54,deployment,shippingservice,25,9,1,,,
2026-09-01 03:44:54,node,ze-master-node,2423,3380,,60.6,42.6,
2026-09-01 03:44:54,node,ze-worker-node,2263,1951,,56.6,24.6,
2026-09-01 03:45:00,deployment,adservice,42,95,1,,,
2026-09-01 03:45:00,deployment,cartservice,176,80,2,,,
2026-09-01 03:45:00,deployment,checkoutservice,22,12,1,,,
2026-09-01 03:45:00,deployment,currencyservice,391,250,8,,,
2026-09-01 03:45:00,deployment,emailservice,16,40,1,,,
2026-09-01 03:45:00,deployment,frontend,550,153,13,,,
2026-09-01 03:45:00,http_p95_latency,frontend,,,,,,171.9
2026-09-01 03:45:00,deployment,paymentservice,9,32,1,,,
2026-09-01 03:45:00,deployment,productcatalogservice,338,59,7,,,
2026-09-01 03:45:00,deployment,recommendationservice,258,201,5,,,
2026-09-01 03:45:00,deployment,redis-cart,15,41,1,,,
2026-09-01 03:45:00,deployment,shippingservice,25,9,1,,,
2026-09-01 03:45:00,node,ze-master-node,2423,3380,,60.6,42.6,
2026-09-01 03:45:00,node,ze-worker-node,2263,1951,,56.6,24.6,
2026-09-01 03:45:08,deployment,adservice,43,97,1,,,
2026-09-01 03:45:08,deployment,cartservice,174,80,2,,,
2026-09-01 03:45:08,deployment,checkoutservice,32,12,1,,,
2026-09-01 03:45:08,deployment,currencyservice,397,256,8,,,
2026-09-01 03:45:08,deployment,emailservice,15,40,1,,,
2026-09-01 03:45:08,deployment,frontend,581,153,13,,,
2026-09-01 03:45:08,http_p95_latency,frontend,,,,,,171.9
2026-09-01 03:45:08,deployment,paymentservice,9,34,1,,,
2026-09-01 03:45:08,deployment,productcatalogservice,335,56,7,,,
2026-09-01 03:45:08,deployment,recommendationservice,244,201,5,,,
2026-09-01 03:45:08,deployment,redis-cart,16,41,1,,,
2026-09-01 03:45:08,deployment,shippingservice,25,9,1,,,
2026-09-01 03:45:08,node,ze-master-node,2392,3393,,59.8,42.7,
2026-09-01 03:45:08,node,ze-worker-node,2364,1948,,59.1,24.5,
2026-09-01 03:45:15,deployment,adservice,43,97,1,,,
2026-09-01 03:45:15,deployment,cartservice,174,80,2,,,
2026-09-01 03:45:15,deployment,checkoutservice,32,12,1,,,
2026-09-01 03:45:15,deployment,currencyservice,397,256,8,,,
2026-09-01 03:45:15,deployment,emailservice,15,40,1,,,
2026-09-01 03:45:15,deployment,frontend,581,153,13,,,
2026-09-01 03:45:15,http_p95_latency,frontend,,,,,,174.4
2026-09-01 03:45:15,deployment,paymentservice,9,34,1,,,
2026-09-01 03:45:15,deployment,productcatalogservice,335,56,7,,,
2026-09-01 03:45:15,deployment,recommendationservice,244,201,5,,,
2026-09-01 03:45:15,deployment,redis-cart,16,41,1,,,
2026-09-01 03:45:15,deployment,shippingservice,25,9,1,,,
2026-09-01 03:45:15,node,ze-master-node,2392,3393,,59.8,42.7,
2026-09-01 03:45:15,node,ze-worker-node,2364,1948,,59.1,24.5,
2026-09-01 03:45:23,deployment,adservice,42,95,1,,,
2026-09-01 03:45:23,deployment,cartservice,153,80,2,,,
2026-09-01 03:45:23,deployment,checkoutservice,32,12,1,,,
2026-09-01 03:45:23,deployment,currencyservice,379,257,8,,,
2026-09-01 03:45:23,deployment,emailservice,18,40,1,,,
2026-09-01 03:45:23,deployment,frontend,578,154,13,,,
2026-09-01 03:45:23,http_p95_latency,frontend,,,,,,174.4
2026-09-01 03:45:23,deployment,paymentservice,10,32,1,,,
2026-09-01 03:45:23,deployment,productcatalogservice,336,57,7,,,
2026-09-01 03:45:23,deployment,recommendationservice,250,203,5,,,
2026-09-01 03:45:23,deployment,redis-cart,16,41,1,,,
2026-09-01 03:45:23,deployment,shippingservice,27,9,1,,,
2026-09-01 03:45:23,node,ze-master-node,2468,3387,,61.7,42.7,
2026-09-01 03:45:23,node,ze-worker-node,2289,1951,,57.2,24.6,
2026-09-01 03:45:31,deployment,adservice,42,95,1,,,
2026-09-01 03:45:31,deployment,cartservice,153,80,2,,,
2026-09-01 03:45:31,deployment,checkoutservice,32,12,1,,,
2026-09-01 03:45:31,deployment,currencyservice,379,257,8,,,
2026-09-01 03:45:31,deployment,emailservice,18,40,1,,,
2026-09-01 03:45:31,deployment,frontend,578,154,13,,,
2026-09-01 03:45:31,http_p95_latency,frontend,,,,,,190.4
2026-09-01 03:45:31,deployment,paymentservice,10,32,1,,,
2026-09-01 03:45:31,deployment,productcatalogservice,336,57,7,,,
2026-09-01 03:45:31,deployment,recommendationservice,250,203,5,,,
2026-09-01 03:45:31,deployment,redis-cart,16,41,1,,,
2026-09-01 03:45:31,deployment,shippingservice,27,9,1,,,
2026-09-01 03:45:31,node,ze-master-node,2468,3387,,61.7,42.7,
2026-09-01 03:45:31,node,ze-worker-node,2289,1951,,57.2,24.6,
2026-09-01 03:45:38,deployment,adservice,44,95,1,,,
2026-09-01 03:45:38,deployment,cartservice,151,80,2,,,
2026-09-01 03:45:38,deployment,checkoutservice,30,12,1,,,
2026-09-01 03:45:38,deployment,currencyservice,388,255,8,,,
2026-09-01 03:45:38,deployment,emailservice,14,40,1,,,
2026-09-01 03:45:38,deployment,frontend,577,153,13,,,
2026-09-01 03:45:38,http_p95_latency,frontend,,,,,,190.4
2026-09-01 03:45:38,deployment,paymentservice,10,33,1,,,
2026-09-01 03:45:38,deployment,productcatalogservice,341,57,7,,,
2026-09-01 03:45:38,deployment,recommendationservice,254,201,5,,,
2026-09-01 03:45:38,deployment,redis-cart,15,41,1,,,
2026-09-01 03:45:38,deployment,shippingservice,27,9,1,,,
2026-09-01 03:45:38,node,ze-master-node,2490,3399,,62.3,42.8,
2026-09-01 03:45:38,node,ze-worker-node,2241,1949,,56.0,24.5,
2026-09-01 03:45:45,deployment,adservice,44,95,1,,,
2026-09-01 03:45:45,deployment,cartservice,151,80,2,,,
2026-09-01 03:45:45,deployment,checkoutservice,30,12,1,,,
2026-09-01 03:45:45,deployment,currencyservice,388,255,8,,,
2026-09-01 03:45:45,deployment,emailservice,14,40,1,,,
2026-09-01 03:45:45,deployment,frontend,577,153,13,,,
2026-09-01 03:45:45,http_p95_latency,frontend,,,,,,216.0
2026-09-01 03:45:45,deployment,paymentservice,10,33,1,,,
2026-09-01 03:45:45,deployment,productcatalogservice,341,57,7,,,
2026-09-01 03:45:45,deployment,recommendationservice,254,201,5,,,
2026-09-01 03:45:45,deployment,redis-cart,15,41,1,,,
2026-09-01 03:45:45,deployment,shippingservice,27,9,1,,,
2026-09-01 03:45:45,node,ze-master-node,2490,3399,,62.3,42.8,
2026-09-01 03:45:45,node,ze-worker-node,2241,1949,,56.0,24.5,
2026-09-01 03:45:53,deployment,adservice,41,95,1,,,
2026-09-01 03:45:53,deployment,cartservice,153,80,2,,,
2026-09-01 03:45:53,deployment,checkoutservice,29,12,1,,,
2026-09-01 03:45:53,deployment,currencyservice,367,256,8,,,
2026-09-01 03:45:53,deployment,emailservice,21,40,1,,,
2026-09-01 03:45:53,deployment,frontend,554,155,13,,,
2026-09-01 03:45:53,http_p95_latency,frontend,,,,,,216.0
2026-09-01 03:45:53,deployment,paymentservice,12,32,1,,,
2026-09-01 03:45:53,deployment,productcatalogservice,332,59,7,,,
2026-09-01 03:45:53,deployment,recommendationservice,241,201,5,,,
2026-09-01 03:45:53,deployment,redis-cart,15,41,1,,,
2026-09-01 03:45:53,deployment,shippingservice,27,9,1,,,
2026-09-01 03:45:53,node,ze-master-node,2508,3399,,62.7,42.8,
2026-09-01 03:45:53,node,ze-worker-node,2249,1956,,56.2,24.6,
2026-09-01 03:46:00,deployment,adservice,41,95,1,,,
2026-09-01 03:46:00,deployment,cartservice,153,80,2,,,
2026-09-01 03:46:00,deployment,checkoutservice,29,12,1,,,
2026-09-01 03:46:00,deployment,currencyservice,367,256,8,,,
2026-09-01 03:46:00,deployment,emailservice,21,40,1,,,
2026-09-01 03:46:00,deployment,frontend,554,155,13,,,
2026-09-01 03:46:00,http_p95_latency,frontend,,,,,,220.5
2026-09-01 03:46:00,deployment,paymentservice,12,32,1,,,
2026-09-01 03:46:00,deployment,productcatalogservice,332,59,7,,,
2026-09-01 03:46:00,deployment,recommendationservice,241,201,5,,,
2026-09-01 03:46:00,deployment,redis-cart,15,41,1,,,
2026-09-01 03:46:00,deployment,shippingservice,27,9,1,,,
2026-09-01 03:46:00,node,ze-master-node,2508,3399,,62.7,42.8,
2026-09-01 03:46:00,node,ze-worker-node,2249,1956,,56.2,24.6,
2026-09-01 03:46:08,deployment,adservice,40,95,1,,,
2026-09-01 03:46:08,deployment,cartservice,173,80,2,,,
2026-09-01 03:46:08,deployment,checkoutservice,27,12,1,,,
2026-09-01 03:46:08,deployment,currencyservice,367,260,8,,,
2026-09-01 03:46:08,deployment,emailservice,18,40,1,,,
2026-09-01 03:46:08,deployment,frontend,552,155,13,,,
2026-09-01 03:46:08,http_p95_latency,frontend,,,,,,220.5
2026-09-01 03:46:08,deployment,paymentservice,7,33,1,,,
2026-09-01 03:46:08,deployment,productcatalogservice,321,60,7,,,
2026-09-01 03:46:08,deployment,recommendationservice,236,201,5,,,
2026-09-01 03:46:08,deployment,redis-cart,16,41,1,,,
2026-09-01 03:46:08,deployment,shippingservice,27,9,1,,,
2026-09-01 03:46:08,node,ze-master-node,2421,3413,,60.5,43.0,
2026-09-01 03:46:08,node,ze-worker-node,2230,1953,,55.8,24.6,
2026-09-01 03:46:16,deployment,adservice,40,95,1,,,
2026-09-01 03:46:16,deployment,cartservice,173,80,2,,,
2026-09-01 03:46:16,deployment,checkoutservice,27,12,1,,,
2026-09-01 03:46:16,deployment,currencyservice,367,260,8,,,
2026-09-01 03:46:16,deployment,emailservice,18,40,1,,,
2026-09-01 03:46:16,deployment,frontend,552,155,13,,,
2026-09-01 03:46:16,http_p95_latency,frontend,,,,,,205.5
2026-09-01 03:46:16,deployment,paymentservice,7,33,1,,,
2026-09-01 03:46:16,deployment,productcatalogservice,321,60,7,,,
2026-09-01 03:46:16,deployment,recommendationservice,236,201,5,,,
2026-09-01 03:46:16,deployment,redis-cart,16,41,1,,,
2026-09-01 03:46:16,deployment,shippingservice,27,9,1,,,
2026-09-01 03:46:16,node,ze-master-node,2421,3413,,60.5,43.0,
2026-09-01 03:46:16,node,ze-worker-node,2230,1953,,55.8,24.6,
2026-09-01 03:46:24,deployment,adservice,41,95,1,,,
2026-09-01 03:46:24,deployment,cartservice,173,80,2,,,
2026-09-01 03:46:24,deployment,checkoutservice,35,12,1,,,
2026-09-01 03:46:24,deployment,currencyservice,388,263,8,,,
2026-09-01 03:46:24,deployment,emailservice,18,40,1,,,
2026-09-01 03:46:24,deployment,frontend,554,154,13,,,
2026-09-01 03:46:24,http_p95_latency,frontend,,,,,,205.5
2026-09-01 03:46:24,deployment,paymentservice,10,33,1,,,
2026-09-01 03:46:24,deployment,productcatalogservice,332,58,7,,,
2026-09-01 03:46:24,deployment,recommendationservice,259,201,5,,,
2026-09-01 03:46:24,deployment,redis-cart,17,41,1,,,
2026-09-01 03:46:24,deployment,shippingservice,27,9,1,,,
2026-09-01 03:46:24,node,ze-master-node,2406,3407,,60.2,42.9,
2026-09-01 03:46:24,node,ze-worker-node,2286,1957,,57.1,24.6,
2026-09-01 03:46:30,deployment,adservice,41,95,1,,,
2026-09-01 03:46:30,deployment,cartservice,173,80,2,,,
2026-09-01 03:46:30,deployment,checkoutservice,35,12,1,,,
2026-09-01 03:46:30,deployment,currencyservice,388,263,8,,,
2026-09-01 03:46:30,deployment,emailservice,18,40,1,,,
2026-09-01 03:46:30,deployment,frontend,554,154,13,,,
2026-09-01 03:46:30,http_p95_latency,frontend,,,,,,176.5
2026-09-01 03:46:30,deployment,paymentservice,10,33,1,,,
2026-09-01 03:46:30,deployment,productcatalogservice,332,58,7,,,
2026-09-01 03:46:30,deployment,recommendationservice,259,201,5,,,
2026-09-01 03:46:30,deployment,redis-cart,17,41,1,,,
2026-09-01 03:46:30,deployment,shippingservice,27,9,1,,,
2026-09-01 03:46:30,node,ze-master-node,2406,3407,,60.2,42.9,
2026-09-01 03:46:30,node,ze-worker-node,2286,1957,,57.1,24.6,
2026-09-01 03:46:38,deployment,adservice,40,95,1,,,
2026-09-01 03:46:38,deployment,cartservice,158,80,2,,,
2026-09-01 03:46:38,deployment,checkoutservice,25,12,1,,,
2026-09-01 03:46:38,deployment,currencyservice,358,262,8,,,
2026-09-01 03:46:38,deployment,emailservice,16,40,1,,,
2026-09-01 03:46:38,deployment,frontend,542,154,13,,,
2026-09-01 03:46:38,http_p95_latency,frontend,,,,,,176.5
2026-09-01 03:46:38,deployment,paymentservice,10,33,1,,,
2026-09-01 03:46:38,deployment,productcatalogservice,325,58,7,,,
2026-09-01 03:46:38,deployment,recommendationservice,228,202,5,,,
2026-09-01 03:46:38,deployment,redis-cart,16,41,1,,,
2026-09-01 03:46:38,deployment,shippingservice,24,9,1,,,
2026-09-01 03:46:38,node,ze-master-node,2239,3419,,56.0,43.1,
2026-09-01 03:46:38,node,ze-worker-node,2239,1960,,56.0,24.7,
2026-09-01 03:46:46,deployment,adservice,40,95,1,,,
2026-09-01 03:46:46,deployment,cartservice,158,80,2,,,
2026-09-01 03:46:46,deployment,checkoutservice,25,12,1,,,
2026-09-01 03:46:46,deployment,currencyservice,358,262,8,,,
2026-09-01 03:46:46,deployment,emailservice,16,40,1,,,
2026-09-01 03:46:46,deployment,frontend,542,154,13,,,
2026-09-01 03:46:46,http_p95_latency,frontend,,,,,,172.0
2026-09-01 03:46:46,deployment,paymentservice,10,33,1,,,
2026-09-01 03:46:46,deployment,productcatalogservice,325,58,7,,,
2026-09-01 03:46:46,deployment,recommendationservice,228,202,5,,,
2026-09-01 03:46:46,deployment,redis-cart,16,41,1,,,
2026-09-01 03:46:46,deployment,shippingservice,24,9,1,,,
2026-09-01 03:46:46,node,ze-master-node,2239,3419,,56.0,43.1,
2026-09-01 03:46:46,node,ze-worker-node,2239,1960,,56.0,24.7,
2026-09-01 03:46:53,deployment,adservice,39,95,1,,,
2026-09-01 03:46:53,deployment,cartservice,157,80,2,,,
2026-09-01 03:46:53,deployment,checkoutservice,22,12,1,,,
2026-09-01 03:46:53,deployment,currencyservice,367,263,8,,,
2026-09-01 03:46:53,deployment,emailservice,17,40,1,,,
2026-09-01 03:46:53,deployment,frontend,512,156,13,,,
2026-09-01 03:46:53,http_p95_latency,frontend,,,,,,172.0
2026-09-01 03:46:53,deployment,paymentservice,8,33,1,,,
2026-09-01 03:46:53,deployment,productcatalogservice,307,59,7,,,
2026-09-01 03:46:53,deployment,recommendationservice,223,201,5,,,
2026-09-01 03:46:53,deployment,redis-cart,15,41,1,,,
2026-09-01 03:46:53,deployment,shippingservice,24,9,1,,,
2026-09-01 03:46:53,node,ze-master-node,2333,3408,,58.3,42.9,
2026-09-01 03:46:53,node,ze-worker-node,2152,1958,,53.8,24.7,
2026-09-01 03:47:00,deployment,adservice,39,95,1,,,
2026-09-01 03:47:00,deployment,cartservice,157,80,2,,,
2026-09-01 03:47:00,deployment,checkoutservice,22,12,1,,,
2026-09-01 03:47:00,deployment,currencyservice,367,263,8,,,
2026-09-01 03:47:00,deployment,emailservice,17,40,1,,,
2026-09-01 03:47:00,deployment,frontend,512,156,13,,,
2026-09-01 03:47:00,http_p95_latency,frontend,,,,,,169.3
2026-09-01 03:47:00,deployment,paymentservice,8,33,1,,,
2026-09-01 03:47:00,deployment,productcatalogservice,307,59,7,,,
2026-09-01 03:47:00,deployment,recommendationservice,223,201,5,,,
2026-09-01 03:47:00,deployment,redis-cart,15,41,1,,,
2026-09-01 03:47:00,deployment,shippingservice,24,9,1,,,
2026-09-01 03:47:00,node,ze-master-node,2333,3408,,58.3,42.9,
2026-09-01 03:47:00,node,ze-worker-node,2152,1958,,53.8,24.7,
2026-09-01 03:47:07,deployment,adservice,40,95,1,,,
2026-09-01 03:47:07,deployment,cartservice,141,80,2,,,
2026-09-01 03:47:07,deployment,checkoutservice,25,12,1,,,
2026-09-01 03:47:07,deployment,currencyservice,359,258,8,,,
2026-09-01 03:47:07,deployment,emailservice,17,40,1,,,
2026-09-01 03:47:07,deployment,frontend,502,156,13,,,
2026-09-01 03:47:07,http_p95_latency,frontend,,,,,,169.3
2026-09-01 03:47:07,deployment,paymentservice,9,33,1,,,
2026-09-01 03:47:07,deployment,productcatalogservice,310,58,7,,,
2026-09-01 03:47:07,deployment,recommendationservice,225,201,5,,,
2026-09-01 03:47:07,deployment,redis-cart,15,41,1,,,
2026-09-01 03:47:07,deployment,shippingservice,24,9,1,,,
2026-09-01 03:47:07,node,ze-master-node,2192,3417,,54.8,43.0,
2026-09-01 03:47:07,node,ze-worker-node,2087,1949,,52.2,24.5,
2026-09-01 03:47:15,deployment,adservice,40,95,1,,,
2026-09-01 03:47:15,deployment,cartservice,141,80,2,,,
2026-09-01 03:47:15,deployment,checkoutservice,25,12,1,,,
2026-09-01 03:47:15,deployment,currencyservice,359,258,8,,,
2026-09-01 03:47:15,deployment,emailservice,17,40,1,,,
2026-09-01 03:47:15,deployment,frontend,502,156,13,,,
2026-09-01 03:47:15,http_p95_latency,frontend,,,,,,168.8
2026-09-01 03:47:15,deployment,paymentservice,9,33,1,,,
2026-09-01 03:47:15,deployment,productcatalogservice,310,58,7,,,
2026-09-01 03:47:15,deployment,recommendationservice,225,201,5,,,
2026-09-01 03:47:15,deployment,redis-cart,15,41,1,,,
2026-09-01 03:47:15,deployment,shippingservice,24,9,1,,,
2026-09-01 03:47:15,node,ze-master-node,2192,3417,,54.8,43.0,
2026-09-01 03:47:15,node,ze-worker-node,2087,1949,,52.2,24.5,
2026-09-01 03:47:21,deployment,adservice,40,95,1,,,
2026-09-01 03:47:21,deployment,cartservice,148,80,2,,,
2026-09-01 03:47:21,deployment,checkoutservice,26,12,1,,,
2026-09-01 03:47:21,deployment,currencyservice,348,260,8,,,
2026-09-01 03:47:21,deployment,emailservice,15,40,1,,,
2026-09-01 03:47:21,deployment,frontend,496,155,13,,,
2026-09-01 03:47:21,http_p95_latency,frontend,,,,,,168.8
2026-09-01 03:47:21,deployment,paymentservice,13,33,1,,,
2026-09-01 03:47:21,deployment,productcatalogservice,309,58,7,,,
2026-09-01 03:47:21,deployment,recommendationservice,226,201,5,,,
2026-09-01 03:47:21,deployment,redis-cart,16,41,1,,,
2026-09-01 03:47:21,deployment,shippingservice,24,9,1,,,
2026-09-01 03:47:21,node,ze-master-node,2243,3410,,56.1,42.9,
2026-09-01 03:47:21,node,ze-worker-node,2135,1952,,53.4,24.6,
2026-09-01 03:47:30,deployment,adservice,40,95,1,,,
2026-09-01 03:47:30,deployment,cartservice,148,80,2,,,
2026-09-01 03:47:30,deployment,checkoutservice,26,12,1,,,
2026-09-01 03:47:30,deployment,currencyservice,348,260,8,,,
2026-09-01 03:47:30,deployment,emailservice,15,40,1,,,
2026-09-01 03:47:30,deployment,frontend,496,155,13,,,
2026-09-01 03:47:30,http_p95_latency,frontend,,,,,,198.1
2026-09-01 03:47:30,deployment,paymentservice,13,33,1,,,
2026-09-01 03:47:30,deployment,productcatalogservice,309,58,7,,,
2026-09-01 03:47:30,deployment,recommendationservice,226,201,5,,,
2026-09-01 03:47:30,deployment,redis-cart,16,41,1,,,
2026-09-01 03:47:30,deployment,shippingservice,24,9,1,,,
2026-09-01 03:47:30,node,ze-master-node,2243,3410,,56.1,42.9,
2026-09-01 03:47:30,node,ze-worker-node,2135,1952,,53.4,24.6,
2026-09-01 03:47:37,deployment,adservice,40,95,1,,,
2026-09-01 03:47:37,deployment,cartservice,179,80,2,,,
2026-09-01 03:47:37,deployment,checkoutservice,28,12,1,,,
2026-09-01 03:47:37,deployment,currencyservice,367,267,8,,,
2026-09-01 03:47:37,deployment,emailservice,18,40,1,,,
2026-09-01 03:47:37,deployment,frontend,534,156,13,,,
2026-09-01 03:47:37,http_p95_latency,frontend,,,,,,198.1
2026-09-01 03:47:37,deployment,paymentservice,10,33,1,,,
2026-09-01 03:47:37,deployment,productcatalogservice,309,58,7,,,
2026-09-01 03:47:37,deployment,recommendationservice,235,201,5,,,
2026-09-01 03:47:37,deployment,redis-cart,15,41,1,,,
2026-09-01 03:47:37,deployment,shippingservice,25,9,1,,,
2026-09-01 03:47:37,node,ze-master-node,2428,3377,,60.7,42.5,
2026-09-01 03:47:37,node,ze-worker-node,2317,1952,,57.9,24.6,
2026-09-01 03:47:44,deployment,adservice,40,95,1,,,
2026-09-01 03:47:44,deployment,cartservice,179,80,2,,,
2026-09-01 03:47:44,deployment,checkoutservice,28,12,1,,,
2026-09-01 03:47:44,deployment,currencyservice,367,267,8,,,
2026-09-01 03:47:44,deployment,emailservice,18,40,1,,,
2026-09-01 03:47:44,deployment,frontend,534,156,13,,,
2026-09-01 03:47:44,http_p95_latency,frontend,,,,,,199.5
2026-09-01 03:47:44,deployment,paymentservice,10,33,1,,,
2026-09-01 03:47:44,deployment,productcatalogservice,309,58,7,,,
2026-09-01 03:47:44,deployment,recommendationservice,235,201,5,,,
2026-09-01 03:47:44,deployment,redis-cart,15,41,1,,,
2026-09-01 03:47:44,deployment,shippingservice,25,9,1,,,
2026-09-01 03:47:44,node,ze-master-node,2428,3377,,60.7,42.5,
2026-09-01 03:47:44,node,ze-worker-node,2317,1952,,57.9,24.6,
2026-09-01 03:47:51,deployment,adservice,42,95,1,,,
2026-09-01 03:47:51,deployment,cartservice,155,80,2,,,
2026-09-01 03:47:51,deployment,checkoutservice,23,12,1,,,
2026-09-01 03:47:51,deployment,currencyservice,380,265,8,,,
2026-09-01 03:47:51,deployment,emailservice,17,40,1,,,
2026-09-01 03:47:51,deployment,frontend,561,155,13,,,
2026-09-01 03:47:51,http_p95_latency,frontend,,,,,,199.5
2026-09-01 03:47:51,deployment,paymentservice,8,33,1,,,
2026-09-01 03:47:51,deployment,productcatalogservice,337,58,7,,,
2026-09-01 03:47:51,deployment,recommendationservice,246,201,5,,,
2026-09-01 03:47:51,deployment,redis-cart,55,41,1,,,
2026-09-01 03:47:51,deployment,shippingservice,25,9,1,,,
2026-09-01 03:47:51,node,ze-master-node,2405,3374,,60.1,42.5,
2026-09-01 03:47:51,node,ze-worker-node,2290,1959,,57.2,24.7,
2026-09-01 03:47:58,deployment,adservice,42,95,1,,,
2026-09-01 03:47:58,deployment,cartservice,155,80,2,,,
2026-09-01 03:47:58,deployment,checkoutservice,23,12,1,,,
2026-09-01 03:47:58,deployment,currencyservice,380,265,8,,,
2026-09-01 03:47:58,deployment,emailservice,17,40,1,,,
2026-09-01 03:47:58,deployment,frontend,561,155,13,,,
2026-09-01 03:47:58,http_p95_latency,frontend,,,,,,198.6
2026-09-01 03:47:58,deployment,paymentservice,8,33,1,,,
2026-09-01 03:47:58,deployment,productcatalogservice,337,58,7,,,
2026-09-01 03:47:58,deployment,recommendationservice,246,201,5,,,
2026-09-01 03:47:58,deployment,redis-cart,55,41,1,,,
2026-09-01 03:47:58,deployment,shippingservice,25,9,1,,,
2026-09-01 03:47:58,node,ze-master-node,2405,3374,,60.1,42.5,
2026-09-01 03:47:58,node,ze-worker-node,2290,1959,,57.2,24.7,
2026-09-01 03:48:06,deployment,adservice,42,95,1,,,
2026-09-01 03:48:06,deployment,cartservice,155,80,2,,,
2026-09-01 03:48:06,deployment,checkoutservice,26,12,1,,,
2026-09-01 03:48:06,deployment,currencyservice,384,268,8,,,
2026-09-01 03:48:06,deployment,emailservice,16,40,1,,,
2026-09-01 03:48:06,deployment,frontend,555,155,13,,,
2026-09-01 03:48:06,http_p95_latency,frontend,,,,,,198.6
2026-09-01 03:48:06,deployment,paymentservice,9,33,1,,,
2026-09-01 03:48:06,deployment,productcatalogservice,338,56,7,,,
2026-09-01 03:48:06,deployment,recommendationservice,244,202,5,,,
2026-09-01 03:48:06,deployment,redis-cart,16,41,1,,,
2026-09-01 03:48:06,deployment,shippingservice,26,9,1,,,
2026-09-01 03:48:06,node,ze-master-node,2444,3388,,61.1,42.7,
2026-09-01 03:48:06,node,ze-worker-node,2267,1956,,56.7,24.6,
2026-09-01 03:48:13,deployment,adservice,42,95,1,,,
2026-09-01 03:48:13,deployment,cartservice,155,80,2,,,
2026-09-01 03:48:13,deployment,checkoutservice,26,12,1,,,
2026-09-01 03:48:13,deployment,currencyservice,384,268,8,,,
2026-09-01 03:48:13,deployment,emailservice,16,40,1,,,
2026-09-01 03:48:13,deployment,frontend,555,155,13,,,
2026-09-01 03:48:13,http_p95_latency,frontend,,,,,,172.7
2026-09-01 03:48:13,deployment,paymentservice,9,33,1,,,
2026-09-01 03:48:13,deployment,productcatalogservice,338,56,7,,,
2026-09-01 03:48:13,deployment,recommendationservice,244,202,5,,,
2026-09-01 03:48:13,deployment,redis-cart,16,41,1,,,
2026-09-01 03:48:13,deployment,shippingservice,26,9,1,,,
2026-09-01 03:48:13,node,ze-master-node,2444,3388,,61.1,42.7,
2026-09-01 03:48:13,node,ze-worker-node,2267,1956,,56.7,24.6,
2026-09-01 03:48:19,deployment,adservice,42,95,1,,,
2026-09-01 03:48:19,deployment,cartservice,158,80,2,,,
2026-09-01 03:48:19,deployment,checkoutservice,31,12,1,,,
2026-09-01 03:48:19,deployment,currencyservice,384,268,8,,,
2026-09-01 03:48:19,deployment,emailservice,14,40,1,,,
2026-09-01 03:48:19,deployment,frontend,575,155,13,,,
2026-09-01 03:48:19,http_p95_latency,frontend,,,,,,172.7
2026-09-01 03:48:19,deployment,paymentservice,16,30,1,,,
2026-09-01 03:48:19,deployment,productcatalogservice,340,58,7,,,
2026-09-01 03:48:19,deployment,recommendationservice,253,201,5,,,
2026-09-01 03:48:19,deployment,redis-cart,16,41,1,,,
2026-09-01 03:48:19,deployment,shippingservice,26,9,1,,,
2026-09-01 03:48:19,node,ze-master-node,2431,3378,,60.8,42.5,
2026-09-01 03:48:19,node,ze-worker-node,2339,1959,,58.5,24.7,
2026-09-01 03:48:26,deployment,adservice,42,95,1,,,
2026-09-01 03:48:26,deployment,cartservice,158,80,2,,,
2026-09-01 03:48:26,deployment,checkoutservice,31,12,1,,,
2026-09-01 03:48:26,deployment,currencyservice,384,268,8,,,
2026-09-01 03:48:26,deployment,emailservice,14,40,1,,,
2026-09-01 03:48:26,deployment,frontend,575,155,13,,,
2026-09-01 03:48:26,http_p95_latency,frontend,,,,,,182.6
2026-09-01 03:48:26,deployment,paymentservice,16,30,1,,,
2026-09-01 03:48:26,deployment,productcatalogservice,340,58,7,,,
2026-09-01 03:48:26,deployment,recommendationservice,253,201,5,,,
2026-09-01 03:48:26,deployment,redis-cart,16,41,1,,,
2026-09-01 03:48:26,deployment,shippingservice,26,9,1,,,
2026-09-01 03:48:26,node,ze-master-node,2431,3378,,60.8,42.5,
2026-09-01 03:48:26,node,ze-worker-node,2339,1959,,58.5,24.7,
2026-09-01 03:48:33,deployment,adservice,42,95,1,,,
2026-09-01 03:48:33,deployment,cartservice,158,80,2,,,
2026-09-01 03:48:33,deployment,checkoutservice,31,12,1,,,
2026-09-01 03:48:33,deployment,currencyservice,384,268,8,,,
2026-09-01 03:48:33,deployment,emailservice,14,40,1,,,
2026-09-01 03:48:33,deployment,frontend,532,144,12,,,
2026-09-01 03:48:33,http_p95_latency,frontend,,,,,,182.6
2026-09-01 03:48:33,deployment,paymentservice,16,30,1,,,
2026-09-01 03:48:33,deployment,productcatalogservice,340,58,7,,,
2026-09-01 03:48:33,deployment,recommendationservice,253,201,5,,,
2026-09-01 03:48:33,deployment,redis-cart,16,41,1,,,
2026-09-01 03:48:33,deployment,shippingservice,26,9,1,,,
2026-09-01 03:48:33,node,ze-master-node,2525,3381,,63.1,42.6,
2026-09-01 03:48:33,node,ze-worker-node,2411,1962,,60.3,24.7,
2026-09-01 03:48:39,deployment,adservice,44,95,1,,,
2026-09-01 03:48:39,deployment,cartservice,151,80,2,,,
2026-09-01 03:48:39,deployment,checkoutservice,27,11,1,,,
2026-09-01 03:48:39,deployment,currencyservice,406,274,8,,,
2026-09-01 03:48:39,deployment,emailservice,15,40,1,,,
2026-09-01 03:48:39,deployment,frontend,565,145,12,,,
2026-09-01 03:48:39,http_p95_latency,frontend,,,,,,182.6
2026-09-01 03:48:39,deployment,paymentservice,10,30,1,,,
2026-09-01 03:48:39,deployment,productcatalogservice,343,58,7,,,
2026-09-01 03:48:39,deployment,recommendationservice,253,201,5,,,
2026-09-01 03:48:39,deployment,redis-cart,16,41,1,,,
2026-09-01 03:48:39,deployment,shippingservice,27,9,1,,,
2026-09-01 03:48:39,node,ze-master-node,2525,3381,,63.1,42.6,
2026-09-01 03:48:39,node,ze-worker-node,2411,1962,,60.3,24.7,
2026-09-01 03:48:47,deployment,adservice,44,95,1,,,
2026-09-01 03:48:47,deployment,cartservice,151,80,2,,,
2026-09-01 03:48:47,deployment,checkoutservice,27,11,1,,,
2026-09-01 03:48:47,deployment,currencyservice,406,274,8,,,
2026-09-01 03:48:47,deployment,emailservice,15,40,1,,,
2026-09-01 03:48:47,deployment,frontend,565,145,12,,,
2026-09-01 03:48:47,http_p95_latency,frontend,,,,,,205.0
2026-09-01 03:48:47,deployment,paymentservice,10,30,1,,,
2026-09-01 03:48:47,deployment,productcatalogservice,343,58,7,,,
2026-09-01 03:48:47,deployment,recommendationservice,253,201,5,,,
2026-09-01 03:48:47,deployment,redis-cart,16,41,1,,,
2026-09-01 03:48:47,deployment,shippingservice,27,9,1,,,
2026-09-01 03:48:47,node,ze-master-node,2525,3381,,63.1,42.6,
2026-09-01 03:48:47,node,ze-worker-node,2411,1962,,60.3,24.7,
2026-09-01 03:48:53,deployment,adservice,47,95,1,,,
2026-09-01 03:48:53,deployment,cartservice,156,80,2,,,
2026-09-01 03:48:53,deployment,checkoutservice,32,12,1,,,
2026-09-01 03:48:53,deployment,currencyservice,408,277,8,,,
2026-09-01 03:48:53,deployment,emailservice,15,40,1,,,
2026-09-01 03:48:53,deployment,frontend,615,146,12,,,
2026-09-01 03:48:53,http_p95_latency,frontend,,,,,,205.0
2026-09-01 03:48:53,deployment,paymentservice,10,30,1,,,
2026-09-01 03:48:53,deployment,productcatalogservice,364,60,7,,,
2026-09-01 03:48:53,deployment,recommendationservice,270,201,5,,,
2026-09-01 03:48:53,deployment,redis-cart,17,41,1,,,
2026-09-01 03:48:53,deployment,shippingservice,27,9,1,,,
2026-09-01 03:48:53,node,ze-master-node,2656,3401,,66.4,42.8,
2026-09-01 03:48:53,node,ze-worker-node,2440,1975,,61.0,24.9,
2026-09-01 03:49:02,deployment,adservice,47,95,1,,,
2026-09-01 03:49:02,deployment,cartservice,156,80,2,,,
2026-09-01 03:49:02,deployment,checkoutservice,32,12,1,,,
2026-09-01 03:49:02,deployment,currencyservice,408,277,8,,,
2026-09-01 03:49:02,deployment,emailservice,15,40,1,,,
2026-09-01 03:49:02,deployment,frontend,615,146,12,,,
2026-09-01 03:49:02,http_p95_latency,frontend,,,,,,211.2
2026-09-01 03:49:02,deployment,paymentservice,10,30,1,,,
2026-09-01 03:49:02,deployment,productcatalogservice,364,60,7,,,
2026-09-01 03:49:02,deployment,recommendationservice,270,201,5,,,
2026-09-01 03:49:02,deployment,redis-cart,16,41,1,,,
2026-09-01 03:49:02,deployment,shippingservice,29,9,1,,,
2026-09-01 03:49:02,node,ze-master-node,2639,3378,,66.0,42.5,
2026-09-01 03:49:02,node,ze-worker-node,2502,1968,,62.5,24.8,
2026-09-01 03:49:10,deployment,adservice,47,95,1,,,
2026-09-01 03:49:10,deployment,cartservice,170,80,2,,,
2026-09-01 03:49:10,deployment,checkoutservice,34,11,1,,,
2026-09-01 03:49:10,deployment,currencyservice,420,282,8,,,
2026-09-01 03:49:10,deployment,emailservice,18,40,1,,,
2026-09-01 03:49:10,deployment,frontend,647,145,12,,,
2026-09-01 03:49:10,http_p95_latency,frontend,,,,,,211.2
2026-09-01 03:49:10,deployment,paymentservice,12,30,1,,,
2026-09-01 03:49:10,deployment,productcatalogservice,363,56,7,,,
2026-09-01 03:49:10,deployment,recommendationservice,278,201,5,,,
2026-09-01 03:49:10,deployment,redis-cart,16,41,1,,,
2026-09-01 03:49:10,deployment,shippingservice,29,9,1,,,
2026-09-01 03:49:10,node,ze-master-node,2639,3378,,66.0,42.5,
2026-09-01 03:49:10,node,ze-worker-node,2502,1968,,62.5,24.8,
2026-09-01 03:49:17,deployment,adservice,47,95,1,,,
2026-09-01 03:49:17,deployment,cartservice,170,80,2,,,
2026-09-01 03:49:17,deployment,checkoutservice,34,11,1,,,
2026-09-01 03:49:17,deployment,currencyservice,420,282,8,,,
2026-09-01 03:49:17,deployment,emailservice,18,40,1,,,
2026-09-01 03:49:17,deployment,frontend,647,145,12,,,
2026-09-01 03:49:17,http_p95_latency,frontend,,,,,,236.2
2026-09-01 03:49:17,deployment,paymentservice,12,30,1,,,
2026-09-01 03:49:17,deployment,productcatalogservice,363,56,7,,,
2026-09-01 03:49:17,deployment,recommendationservice,278,201,5,,,
2026-09-01 03:49:17,deployment,redis-cart,16,41,1,,,
2026-09-01 03:49:17,deployment,shippingservice,29,9,1,,,
2026-09-01 03:49:17,node,ze-master-node,2639,3378,,66.0,42.5,
2026-09-01 03:49:17,node,ze-worker-node,2502,1968,,62.5,24.8,
2026-09-01 03:49:23,deployment,adservice,48,95,1,,,
2026-09-01 03:49:23,deployment,cartservice,173,80,2,,,
2026-09-01 03:49:23,deployment,checkoutservice,39,12,1,,,
2026-09-01 03:49:23,deployment,currencyservice,430,279,8,,,
2026-09-01 03:49:23,deployment,emailservice,18,40,1,,,
2026-09-01 03:49:23,deployment,frontend,665,145,12,,,
2026-09-01 03:49:23,http_p95_latency,frontend,,,,,,236.2
2026-09-01 03:49:23,deployment,paymentservice,11,30,1,,,
2026-09-01 03:49:23,deployment,productcatalogservice,379,57,7,,,
2026-09-01 03:49:23,deployment,recommendationservice,279,204,5,,,
2026-09-01 03:49:23,deployment,redis-cart,17,41,1,,,
2026-09-01 03:49:23,deployment,shippingservice,28,9,1,,,
2026-09-01 03:49:23,node,ze-master-node,2608,3378,,65.2,42.5,
2026-09-01 03:49:23,node,ze-worker-node,2555,1965,,63.9,24.7,
2026-09-01 03:49:31,deployment,adservice,48,95,1,,,
2026-09-01 03:49:31,deployment,cartservice,173,80,2,,,
2026-09-01 03:49:31,deployment,checkoutservice,39,12,1,,,
2026-09-01 03:49:31,deployment,currencyservice,430,279,8,,,
2026-09-01 03:49:31,deployment,emailservice,18,40,1,,,
2026-09-01 03:49:31,deployment,frontend,665,145,12,,,
2026-09-01 03:49:31,http_p95_latency,frontend,,,,,,238.8
2026-09-01 03:49:31,deployment,paymentservice,11,30,1,,,
2026-09-01 03:49:31,deployment,productcatalogservice,379,57,7,,,
2026-09-01 03:49:31,deployment,recommendationservice,279,204,5,,,
2026-09-01 03:49:31,deployment,redis-cart,17,41,1,,,
2026-09-01 03:49:31,deployment,shippingservice,28,9,1,,,
2026-09-01 03:49:31,node,ze-master-node,2608,3378,,65.2,42.5,
2026-09-01 03:49:31,node,ze-worker-node,2555,1965,,63.9,24.7,
2026-09-01 03:49:38,deployment,adservice,53,95,1,,,
2026-09-01 03:49:38,deployment,cartservice,181,80,2,,,
2026-09-01 03:49:38,deployment,checkoutservice,35,12,1,,,
2026-09-01 03:49:38,deployment,currencyservice,458,285,8,,,
2026-09-01 03:49:38,deployment,emailservice,17,40,1,,,
2026-09-01 03:49:38,deployment,frontend,692,144,12,,,
2026-09-01 03:49:38,http_p95_latency,frontend,,,,,,238.8
2026-09-01 03:49:38,deployment,paymentservice,10,31,1,,,
2026-09-01 03:49:38,deployment,productcatalogservice,395,58,7,,,
2026-09-01 03:49:38,deployment,recommendationservice,295,201,5,,,
2026-09-01 03:49:38,deployment,redis-cart,17,41,1,,,
2026-09-01 03:49:38,deployment,shippingservice,30,9,1,,,
2026-09-01 03:49:38,node,ze-master-node,2767,3389,,69.2,42.7,
2026-09-01 03:49:38,node,ze-worker-node,2634,1964,,65.8,24.7,
2026-09-01 03:49:46,deployment,adservice,53,95,1,,,
2026-09-01 03:49:46,deployment,cartservice,181,80,2,,,
2026-09-01 03:49:46,deployment,checkoutservice,35,12,1,,,
2026-09-01 03:49:46,deployment,currencyservice,458,285,8,,,
2026-09-01 03:49:46,deployment,emailservice,17,40,1,,,
2026-09-01 03:49:46,deployment,frontend,692,144,12,,,
2026-09-01 03:49:46,http_p95_latency,frontend,,,,,,234.5
2026-09-01 03:49:46,deployment,paymentservice,10,31,1,,,
2026-09-01 03:49:46,deployment,productcatalogservice,395,58,7,,,
2026-09-01 03:49:46,deployment,recommendationservice,295,201,5,,,
2026-09-01 03:49:46,deployment,redis-cart,17,41,1,,,
2026-09-01 03:49:46,deployment,shippingservice,30,9,1,,,
2026-09-01 03:49:46,node,ze-master-node,2767,3389,,69.2,42.7,
2026-09-01 03:49:46,node,ze-worker-node,2634,1964,,65.8,24.7,
2026-09-01 03:49:53,deployment,adservice,53,95,1,,,
2026-09-01 03:49:53,deployment,cartservice,189,80,2,,,
2026-09-01 03:49:53,deployment,checkoutservice,36,12,1,,,
2026-09-01 03:49:53,deployment,currencyservice,467,287,8,,,
2026-09-01 03:49:53,deployment,emailservice,18,40,1,,,
2026-09-01 03:49:53,deployment,frontend,740,145,12,,,
2026-09-01 03:49:53,http_p95_latency,frontend,,,,,,234.5
2026-09-01 03:49:53,deployment,paymentservice,11,30,1,,,
2026-09-01 03:49:53,deployment,productcatalogservice,397,60,7,,,
2026-09-01 03:49:53,deployment,recommendationservice,307,201,5,,,
2026-09-01 03:49:53,deployment,redis-cart,17,41,1,,,
2026-09-01 03:49:53,deployment,shippingservice,31,9,1,,,
2026-09-01 03:49:53,node,ze-master-node,2756,3393,,68.9,42.7,
2026-09-01 03:49:53,node,ze-worker-node,2688,1970,,67.2,24.8,
2026-09-01 03:50:01,deployment,adservice,53,95,1,,,
2026-09-01 03:50:01,deployment,cartservice,189,80,2,,,
2026-09-01 03:50:01,deployment,checkoutservice,36,12,1,,,
2026-09-01 03:50:01,deployment,currencyservice,467,287,8,,,
2026-09-01 03:50:01,deployment,emailservice,18,40,1,,,
2026-09-01 03:50:01,deployment,frontend,740,145,12,,,
2026-09-01 03:50:01,http_p95_latency,frontend,,,,,,228.4
2026-09-01 03:50:01,deployment,paymentservice,11,30,1,,,
2026-09-01 03:50:01,deployment,productcatalogservice,397,60,7,,,
2026-09-01 03:50:01,deployment,recommendationservice,307,201,5,,,
2026-09-01 03:50:01,deployment,redis-cart,17,41,1,,,
2026-09-01 03:50:01,deployment,shippingservice,31,9,1,,,
2026-09-01 03:50:01,node,ze-master-node,2756,3393,,68.9,42.7,
2026-09-01 03:50:01,node,ze-worker-node,2688,1970,,67.2,24.8,
2026-09-01 03:50:08,deployment,adservice,53,95,1,,,
2026-09-01 03:50:08,deployment,cartservice,177,80,2,,,
2026-09-01 03:50:08,deployment,checkoutservice,35,11,1,,,
2026-09-01 03:50:08,deployment,currencyservice,443,290,8,,,
2026-09-01 03:50:08,deployment,emailservice,15,40,1,,,
2026-09-01 03:50:08,deployment,frontend,714,145,12,,,
2026-09-01 03:50:08,http_p95_latency,frontend,,,,,,228.4
2026-09-01 03:50:08,deployment,paymentservice,12,30,1,,,
2026-09-01 03:50:08,deployment,productcatalogservice,401,57,7,,,
2026-09-01 03:50:08,deployment,recommendationservice,308,201,5,,,
2026-09-01 03:50:08,deployment,redis-cart,18,41,1,,,
2026-09-01 03:50:08,deployment,shippingservice,31,9,1,,,
2026-09-01 03:50:08,node,ze-master-node,2770,3399,,69.2,42.8,
2026-09-01 03:50:08,node,ze-worker-node,2641,1964,,66.0,24.7,
2026-09-01 03:50:16,deployment,adservice,53,95,1,,,
2026-09-01 03:50:16,deployment,cartservice,177,80,2,,,
2026-09-01 03:50:16,deployment,checkoutservice,35,11,1,,,
2026-09-01 03:50:16,deployment,currencyservice,443,290,8,,,
2026-09-01 03:50:16,deployment,emailservice,15,40,1,,,
2026-09-01 03:50:16,deployment,frontend,714,145,12,,,
2026-09-01 03:50:16,http_p95_latency,frontend,,,,,,212.8
2026-09-01 03:50:16,deployment,paymentservice,12,30,1,,,
2026-09-01 03:50:16,deployment,productcatalogservice,401,57,7,,,
2026-09-01 03:50:16,deployment,recommendationservice,308,201,5,,,
2026-09-01 03:50:16,deployment,redis-cart,18,41,1,,,
2026-09-01 03:50:16,deployment,shippingservice,31,9,1,,,
2026-09-01 03:50:16,node,ze-master-node,2770,3399,,69.2,42.8,
2026-09-01 03:50:16,node,ze-worker-node,2641,1964,,66.0,24.7,
2026-09-01 03:50:24,deployment,adservice,53,95,1,,,
2026-09-01 03:50:24,deployment,cartservice,207,80,2,,,
2026-09-01 03:50:24,deployment,checkoutservice,32,12,1,,,
2026-09-01 03:50:24,deployment,currencyservice,462,291,8,,,
2026-09-01 03:50:24,deployment,emailservice,14,40,1,,,
2026-09-01 03:50:24,deployment,frontend,708,144,12,,,
2026-09-01 03:50:24,http_p95_latency,frontend,,,,,,212.8
2026-09-01 03:50:24,deployment,paymentservice,10,30,1,,,
2026-09-01 03:50:24,deployment,productcatalogservice,398,60,7,,,
2026-09-01 03:50:24,deployment,recommendationservice,304,201,5,,,
2026-09-01 03:50:24,deployment,redis-cart,18,41,1,,,
2026-09-01 03:50:24,deployment,shippingservice,31,9,1,,,
2026-09-01 03:50:24,node,ze-master-node,2775,3396,,69.4,42.8,
2026-09-01 03:50:24,node,ze-worker-node,2749,1968,,68.7,24.8,
2026-09-01 03:50:31,deployment,adservice,53,95,1,,,
2026-09-01 03:50:31,deployment,cartservice,207,80,2,,,
2026-09-01 03:50:31,deployment,checkoutservice,32,12,1,,,
2026-09-01 03:50:31,deployment,currencyservice,462,291,8,,,
2026-09-01 03:50:31,deployment,emailservice,14,40,1,,,
2026-09-01 03:50:31,deployment,frontend,708,144,12,,,
2026-09-01 03:50:31,http_p95_latency,frontend,,,,,,237.6
2026-09-01 03:50:31,deployment,paymentservice,10,30,1,,,
2026-09-01 03:50:31,deployment,productcatalogservice,398,60,7,,,
2026-09-01 03:50:31,deployment,recommendationservice,304,201,5,,,
2026-09-01 03:50:31,deployment,redis-cart,18,41,1,,,
2026-09-01 03:50:31,deployment,shippingservice,31,9,1,,,
2026-09-01 03:50:31,node,ze-master-node,2775,3396,,69.4,42.8,
2026-09-01 03:50:31,node,ze-worker-node,2749,1968,,68.7,24.8,
2026-09-01 03:50:39,deployment,adservice,54,95,1,,,
2026-09-01 03:50:39,deployment,cartservice,228,80,2,,,
2026-09-01 03:50:39,deployment,checkoutservice,35,12,1,,,
2026-09-01 03:50:39,deployment,currencyservice,466,291,8,,,
2026-09-01 03:50:39,deployment,emailservice,17,40,1,,,
2026-09-01 03:50:39,deployment,frontend,742,144,12,,,
2026-09-01 03:50:39,http_p95_latency,frontend,,,,,,237.6
2026-09-01 03:50:39,deployment,paymentservice,12,30,1,,,
2026-09-01 03:50:39,deployment,productcatalogservice,403,58,7,,,
2026-09-01 03:50:39,deployment,recommendationservice,316,201,5,,,
2026-09-01 03:50:39,deployment,redis-cart,18,41,1,,,
2026-09-01 03:50:39,deployment,shippingservice,29,9,1,,,
2026-09-01 03:50:39,node,ze-master-node,2822,3402,,70.5,42.8,
2026-09-01 03:50:39,node,ze-worker-node,2754,1960,,68.8,24.7,
2026-09-01 03:50:47,deployment,adservice,54,95,1,,,
2026-09-01 03:50:47,deployment,cartservice,228,80,2,,,
2026-09-01 03:50:47,deployment,checkoutservice,35,12,1,,,
2026-09-01 03:50:47,deployment,currencyservice,466,291,8,,,
2026-09-01 03:50:47,deployment,emailservice,17,40,1,,,
2026-09-01 03:50:47,deployment,frontend,742,144,12,,,
2026-09-01 03:50:47,http_p95_latency,frontend,,,,,,239.4
2026-09-01 03:50:47,deployment,paymentservice,12,30,1,,,
2026-09-01 03:50:47,deployment,productcatalogservice,403,58,7,,,
2026-09-01 03:50:47,deployment,recommendationservice,316,201,5,,,
2026-09-01 03:50:47,deployment,redis-cart,18,41,1,,,
2026-09-01 03:50:47,deployment,shippingservice,29,9,1,,,
2026-09-01 03:50:47,node,ze-master-node,2822,3402,,70.5,42.8,
2026-09-01 03:50:47,node,ze-worker-node,2754,1960,,68.8,24.7,
2026-09-01 03:50:54,deployment,adservice,58,95,1,,,
2026-09-01 03:50:54,deployment,cartservice,200,80,2,,,
2026-09-01 03:50:54,deployment,checkoutservice,36,12,1,,,
2026-09-01 03:50:54,deployment,currencyservice,502,284,8,,,
2026-09-01 03:50:54,deployment,emailservice,19,40,1,,,
2026-09-01 03:50:54,deployment,frontend,806,145,12,,,
2026-09-01 03:50:54,http_p95_latency,frontend,,,,,,239.4
2026-09-01 03:50:54,deployment,paymentservice,10,30,1,,,
2026-09-01 03:50:54,deployment,productcatalogservice,419,60,7,,,
2026-09-01 03:50:54,deployment,recommendationservice,320,201,5,,,
2026-09-01 03:50:54,deployment,redis-cart,51,41,1,,,
2026-09-01 03:50:54,deployment,shippingservice,31,9,1,,,
2026-09-01 03:50:54,node,ze-master-node,2879,3397,,72.0,42.8,
2026-09-01 03:50:54,node,ze-worker-node,2813,1969,,70.3,24.8,
2026-09-01 03:51:02,deployment,adservice,58,95,1,,,
2026-09-01 03:51:02,deployment,cartservice,200,80,2,,,
2026-09-01 03:51:02,deployment,checkoutservice,36,12,1,,,
2026-09-01 03:51:02,deployment,currencyservice,502,284,8,,,
2026-09-01 03:51:02,deployment,emailservice,19,40,1,,,
2026-09-01 03:51:02,deployment,frontend,806,145,14,,,
2026-09-01 03:51:02,http_p95_latency,frontend,,,,,,287.2
2026-09-01 03:51:02,deployment,paymentservice,10,30,1,,,
2026-09-01 03:51:02,deployment,productcatalogservice,419,60,7,,,
2026-09-01 03:51:02,deployment,recommendationservice,320,201,5,,,
2026-09-01 03:51:02,deployment,redis-cart,19,41,1,,,
2026-09-01 03:51:02,deployment,shippingservice,32,9,1,,,
2026-09-01 03:51:02,node,ze-master-node,3067,3406,,76.7,42.9,
2026-09-01 03:51:02,node,ze-worker-node,2820,1969,,70.5,24.8,
2026-09-01 03:51:09,deployment,adservice,59,95,1,,,
2026-09-01 03:51:09,deployment,cartservice,176,80,2,,,
2026-09-01 03:51:09,deployment,checkoutservice,39,12,1,,,
2026-09-01 03:51:09,deployment,currencyservice,509,285,8,,,
2026-09-01 03:51:09,deployment,emailservice,19,40,1,,,
2026-09-01 03:51:09,deployment,frontend,794,144,14,,,
2026-09-01 03:51:09,http_p95_latency,frontend,,,,,,287.2
2026-09-01 03:51:09,deployment,paymentservice,12,30,1,,,
2026-09-01 03:51:09,deployment,productcatalogservice,439,59,7,,,
2026-09-01 03:51:09,deployment,recommendationservice,328,201,5,,,
2026-09-01 03:51:09,deployment,redis-cart,19,41,1,,,
2026-09-01 03:51:09,deployment,shippingservice,32,9,1,,,
2026-09-01 03:51:09,node,ze-master-node,3067,3406,,76.7,42.9,
2026-09-01 03:51:09,node,ze-worker-node,2820,1969,,70.5,24.8,
2026-09-01 03:51:17,deployment,adservice,59,95,1,,,
2026-09-01 03:51:17,deployment,cartservice,176,80,2,,,
2026-09-01 03:51:17,deployment,checkoutservice,39,12,1,,,
2026-09-01 03:51:17,deployment,currencyservice,509,285,8,,,
2026-09-01 03:51:17,deployment,emailservice,19,40,1,,,
2026-09-01 03:51:17,deployment,frontend,794,144,14,,,
2026-09-01 03:51:17,http_p95_latency,frontend,,,,,,284.1
2026-09-01 03:51:17,deployment,paymentservice,12,30,1,,,
2026-09-01 03:51:17,deployment,productcatalogservice,439,59,7,,,
2026-09-01 03:51:17,deployment,recommendationservice,328,201,5,,,
2026-09-01 03:51:17,deployment,redis-cart,19,41,1,,,
2026-09-01 03:51:17,deployment,shippingservice,32,9,1,,,
2026-09-01 03:51:17,node,ze-master-node,3067,3406,,76.7,42.9,
2026-09-01 03:51:17,node,ze-worker-node,2820,1969,,70.5,24.8,
2026-09-01 03:51:24,deployment,adservice,59,95,1,,,
2026-09-01 03:51:24,deployment,cartservice,205,80,2,,,
2026-09-01 03:51:24,deployment,checkoutservice,48,12,1,,,
2026-09-01 03:51:24,deployment,currencyservice,508,285,8,,,
2026-09-01 03:51:24,deployment,emailservice,17,40,1,,,
2026-09-01 03:51:24,deployment,frontend,819,161,14,,,
2026-09-01 03:51:24,http_p95_latency,frontend,,,,,,284.1
2026-09-01 03:51:24,deployment,paymentservice,13,30,1,,,
2026-09-01 03:51:24,deployment,productcatalogservice,434,57,7,,,
2026-09-01 03:51:24,deployment,recommendationservice,332,201,5,,,
2026-09-01 03:51:24,deployment,redis-cart,19,41,1,,,
2026-09-01 03:51:24,deployment,shippingservice,35,9,1,,,
2026-09-01 03:51:24,node,ze-master-node,3189,3427,,79.7,43.2,
2026-09-01 03:51:24,node,ze-worker-node,2968,1980,,74.2,24.9,
2026-09-01 03:51:32,deployment,adservice,59,95,1,,,
2026-09-01 03:51:32,deployment,cartservice,205,80,2,,,
2026-09-01 03:51:32,deployment,checkoutservice,48,12,1,,,
2026-09-01 03:51:32,deployment,currencyservice,508,285,8,,,
2026-09-01 03:51:32,deployment,emailservice,17,40,1,,,
2026-09-01 03:51:32,deployment,frontend,819,161,14,,,
2026-09-01 03:51:32,http_p95_latency,frontend,,,,,,248.3
2026-09-01 03:51:32,deployment,paymentservice,13,30,1,,,
2026-09-01 03:51:32,deployment,productcatalogservice,434,57,7,,,
2026-09-01 03:51:32,deployment,recommendationservice,332,201,6,,,
2026-09-01 03:51:32,deployment,redis-cart,19,41,1,,,
2026-09-01 03:51:32,deployment,shippingservice,35,9,1,,,
2026-09-01 03:51:32,node,ze-master-node,3189,3427,,79.7,43.2,
2026-09-01 03:51:32,node,ze-worker-node,2968,1980,,74.2,24.9,
2026-09-01 03:51:39,deployment,adservice,58,95,1,,,
2026-09-01 03:51:39,deployment,cartservice,214,80,2,,,
2026-09-01 03:51:39,deployment,checkoutservice,41,11,1,,,
2026-09-01 03:51:39,deployment,currencyservice,486,291,8,,,
2026-09-01 03:51:39,deployment,emailservice,19,40,1,,,
2026-09-01 03:51:39,deployment,frontend,789,163,14,,,
2026-09-01 03:51:39,http_p95_latency,frontend,,,,,,248.3
2026-09-01 03:51:39,deployment,paymentservice,11,31,1,,,
2026-09-01 03:51:39,deployment,productcatalogservice,419,59,7,,,
2026-09-01 03:51:39,deployment,recommendationservice,319,201,6,,,
2026-09-01 03:51:39,deployment,redis-cart,19,41,1,,,
2026-09-01 03:51:39,deployment,shippingservice,33,9,1,,,
2026-09-01 03:51:39,node,ze-master-node,2957,3456,,73.9,43.5,
2026-09-01 03:51:39,node,ze-worker-node,2772,1992,,69.3,25.1,
2026-09-01 03:51:46,deployment,adservice,58,95,1,,,
2026-09-01 03:51:46,deployment,cartservice,214,80,2,,,
2026-09-01 03:51:46,deployment,checkoutservice,41,11,1,,,
2026-09-01 03:51:46,deployment,currencyservice,486,291,8,,,
2026-09-01 03:51:46,deployment,emailservice,19,40,1,,,
2026-09-01 03:51:46,deployment,frontend,789,163,14,,,
2026-09-01 03:51:46,http_p95_latency,frontend,,,,,,279.7
2026-09-01 03:51:46,deployment,paymentservice,11,31,1,,,
2026-09-01 03:51:46,deployment,productcatalogservice,419,59,7,,,
2026-09-01 03:51:46,deployment,recommendationservice,319,201,6,,,
2026-09-01 03:51:46,deployment,redis-cart,19,41,1,,,
2026-09-01 03:51:46,deployment,shippingservice,33,9,1,,,
2026-09-01 03:51:46,node,ze-master-node,2957,3456,,73.9,43.5,
2026-09-01 03:51:46,node,ze-worker-node,2772,1992,,69.3,25.1,
2026-09-01 03:51:53,deployment,adservice,55,95,1,,,
2026-09-01 03:51:53,deployment,cartservice,195,80,2,,,
2026-09-01 03:51:53,deployment,checkoutservice,42,12,1,,,
2026-09-01 03:51:53,deployment,currencyservice,475,293,8,,,
2026-09-01 03:51:53,deployment,emailservice,16,40,1,,,
2026-09-01 03:51:53,deployment,frontend,777,164,14,,,
2026-09-01 03:51:53,http_p95_latency,frontend,,,,,,279.7
2026-09-01 03:51:53,deployment,paymentservice,11,31,1,,,
2026-09-01 03:51:53,deployment,productcatalogservice,428,59,7,,,
2026-09-01 03:51:53,deployment,recommendationservice,351,239,6,,,
2026-09-01 03:51:53,deployment,redis-cart,19,41,1,,,
2026-09-01 03:51:53,deployment,shippingservice,34,9,1,,,
2026-09-01 03:51:53,node,ze-master-node,3021,3482,,75.5,43.8,
2026-09-01 03:51:53,node,ze-worker-node,2876,1990,,71.9,25.1,
2026-09-01 03:52:01,deployment,adservice,55,95,1,,,
2026-09-01 03:52:01,deployment,cartservice,195,80,2,,,
2026-09-01 03:52:01,deployment,checkoutservice,42,12,1,,,
2026-09-01 03:52:01,deployment,currencyservice,475,293,8,,,
2026-09-01 03:52:01,deployment,emailservice,16,40,1,,,
2026-09-01 03:52:01,deployment,frontend,777,164,14,,,
2026-09-01 03:52:01,http_p95_latency,frontend,,,,,,245.1
2026-09-01 03:52:01,deployment,paymentservice,11,31,1,,,
2026-09-01 03:52:01,deployment,productcatalogservice,428,59,7,,,
2026-09-01 03:52:01,deployment,recommendationservice,351,239,6,,,
2026-09-01 03:52:01,deployment,redis-cart,19,41,1,,,
2026-09-01 03:52:01,deployment,shippingservice,34,9,1,,,
2026-09-01 03:52:01,node,ze-master-node,3021,3482,,75.5,43.8,
2026-09-01 03:52:01,node,ze-worker-node,2876,1990,,71.9,25.1,
2026-09-01 03:52:08,deployment,adservice,56,95,1,,,
2026-09-01 03:52:08,deployment,cartservice,194,81,2,,,
2026-09-01 03:52:08,deployment,checkoutservice,37,12,1,,,
2026-09-01 03:52:08,deployment,currencyservice,482,301,8,,,
2026-09-01 03:52:08,deployment,emailservice,16,40,1,,,
2026-09-01 03:52:08,deployment,frontend,783,164,14,,,
2026-09-01 03:52:08,http_p95_latency,frontend,,,,,,245.1
2026-09-01 03:52:08,deployment,paymentservice,11,30,1,,,
2026-09-01 03:52:08,deployment,productcatalogservice,414,58,7,,,
2026-09-01 03:52:08,deployment,recommendationservice,329,239,6,,,
2026-09-01 03:52:08,deployment,redis-cart,18,41,1,,,
2026-09-01 03:52:08,deployment,shippingservice,33,9,1,,,
2026-09-01 03:52:08,node,ze-master-node,3007,3499,,75.2,44.1,
2026-09-01 03:52:08,node,ze-worker-node,2730,1987,,68.2,25.0,
2026-09-01 03:52:17,deployment,adservice,56,95,1,,,
2026-09-01 03:52:17,deployment,cartservice,194,81,2,,,
2026-09-01 03:52:17,deployment,checkoutservice,37,12,1,,,
2026-09-01 03:52:17,deployment,currencyservice,482,301,8,,,
2026-09-01 03:52:17,deployment,emailservice,16,40,1,,,
2026-09-01 03:52:17,deployment,frontend,783,164,14,,,
2026-09-01 03:52:17,http_p95_latency,frontend,,,,,,246.0
2026-09-01 03:52:17,deployment,paymentservice,11,30,1,,,
2026-09-01 03:52:17,deployment,productcatalogservice,414,58,7,,,
2026-09-01 03:52:17,deployment,recommendationservice,329,239,6,,,
2026-09-01 03:52:17,deployment,redis-cart,18,41,1,,,
2026-09-01 03:52:17,deployment,shippingservice,33,9,1,,,
2026-09-01 03:52:17,node,ze-master-node,3007,3499,,75.2,44.1,
2026-09-01 03:52:17,node,ze-worker-node,2730,1987,,68.2,25.0,
2026-09-01 03:52:24,deployment,adservice,56,95,1,,,
2026-09-01 03:52:24,deployment,cartservice,221,80,2,,,
2026-09-01 03:52:24,deployment,checkoutservice,43,12,1,,,
2026-09-01 03:52:24,deployment,currencyservice,499,309,8,,,
2026-09-01 03:52:24,deployment,emailservice,19,40,1,,,
2026-09-01 03:52:24,deployment,frontend,812,164,14,,,
2026-09-01 03:52:24,http_p95_latency,frontend,,,,,,246.0
2026-09-01 03:52:24,deployment,paymentservice,11,30,1,,,
2026-09-01 03:52:24,deployment,productcatalogservice,446,58,7,,,
2026-09-01 03:52:24,deployment,recommendationservice,339,240,6,,,
2026-09-01 03:52:24,deployment,redis-cart,19,41,1,,,
2026-09-01 03:52:24,deployment,shippingservice,34,9,1,,,
2026-09-01 03:52:24,node,ze-master-node,3049,3497,,76.2,44.0,
2026-09-01 03:52:24,node,ze-worker-node,2906,1996,,72.7,25.1,
2026-09-01 03:52:31,deployment,adservice,56,95,1,,,
2026-09-01 03:52:31,deployment,cartservice,221,80,2,,,
2026-09-01 03:52:31,deployment,checkoutservice,43,12,1,,,
2026-09-01 03:52:31,deployment,currencyservice,499,309,8,,,
2026-09-01 03:52:31,deployment,emailservice,19,40,1,,,
2026-09-01 03:52:31,deployment,frontend,812,164,14,,,
2026-09-01 03:52:31,http_p95_latency,frontend,,,,,,228.0
2026-09-01 03:52:31,deployment,paymentservice,11,30,1,,,
2026-09-01 03:52:31,deployment,productcatalogservice,446,58,7,,,
2026-09-01 03:52:31,deployment,recommendationservice,339,240,6,,,
2026-09-01 03:52:31,deployment,redis-cart,19,41,1,,,
2026-09-01 03:52:31,deployment,shippingservice,34,9,1,,,
2026-09-01 03:52:31,node,ze-master-node,3049,3497,,76.2,44.0,
2026-09-01 03:52:31,node,ze-worker-node,2906,1996,,72.7,25.1,
2026-09-01 03:52:38,deployment,adservice,59,95,1,,,
2026-09-01 03:52:38,deployment,cartservice,227,80,2,,,
2026-09-01 03:52:38,deployment,checkoutservice,35,12,1,,,
2026-09-01 03:52:38,deployment,currencyservice,478,308,8,,,
2026-09-01 03:52:38,deployment,emailservice,19,40,1,,,
2026-09-01 03:52:38,deployment,frontend,773,164,14,,,
2026-09-01 03:52:38,http_p95_latency,frontend,,,,,,228.0
2026-09-01 03:52:38,deployment,paymentservice,12,32,1,,,
2026-09-01 03:52:38,deployment,productcatalogservice,418,56,7,,,
2026-09-01 03:52:38,deployment,recommendationservice,333,240,6,,,
2026-09-01 03:52:38,deployment,redis-cart,18,41,1,,,
2026-09-01 03:52:38,deployment,shippingservice,33,9,1,,,
2026-09-01 03:52:38,node,ze-master-node,2911,3485,,72.8,43.9,
2026-09-01 03:52:38,node,ze-worker-node,2751,1996,,68.8,25.1,
2026-09-01 03:52:46,deployment,adservice,59,95,1,,,
2026-09-01 03:52:46,deployment,cartservice,227,80,2,,,
2026-09-01 03:52:46,deployment,checkoutservice,35,12,1,,,
2026-09-01 03:52:46,deployment,currencyservice,478,308,8,,,
2026-09-01 03:52:46,deployment,emailservice,19,40,1,,,
2026-09-01 03:52:46,deployment,frontend,773,164,14,,,
2026-09-01 03:52:46,http_p95_latency,frontend,,,,,,222.4
2026-09-01 03:52:46,deployment,paymentservice,12,32,1,,,
2026-09-01 03:52:46,deployment,productcatalogservice,418,56,7,,,
2026-09-01 03:52:46,deployment,recommendationservice,333,240,6,,,
2026-09-01 03:52:46,deployment,redis-cart,18,41,1,,,
2026-09-01 03:52:46,deployment,shippingservice,33,9,1,,,
2026-09-01 03:52:46,node,ze-master-node,2911,3485,,72.8,43.9,
2026-09-01 03:52:46,node,ze-worker-node,2751,1996,,68.8,25.1,
2026-09-01 03:52:54,deployment,adservice,49,95,1,,,
2026-09-01 03:52:54,deployment,cartservice,197,80,2,,,
2026-09-01 03:52:54,deployment,checkoutservice,28,12,1,,,
2026-09-01 03:52:54,deployment,currencyservice,417,308,8,,,
2026-09-01 03:52:54,deployment,emailservice,14,40,1,,,
2026-09-01 03:52:54,deployment,frontend,679,165,14,,,
2026-09-01 03:52:54,http_p95_latency,frontend,,,,,,222.4
2026-09-01 03:52:54,deployment,paymentservice,9,30,1,,,
2026-09-01 03:52:54,deployment,productcatalogservice,377,58,7,,,
2026-09-01 03:52:54,deployment,recommendationservice,290,240,6,,,
2026-09-01 03:52:54,deployment,redis-cart,16,41,1,,,
2026-09-01 03:52:54,deployment,shippingservice,27,9,1,,,
2026-09-01 03:52:54,node,ze-master-node,2643,3489,,66.1,43.9,
2026-09-01 03:52:54,node,ze-worker-node,2533,1996,,63.3,25.1,
2026-09-01 03:53:01,deployment,adservice,49,95,1,,,
2026-09-01 03:53:01,deployment,cartservice,197,80,2,,,
2026-09-01 03:53:01,deployment,checkoutservice,28,12,1,,,
2026-09-01 03:53:01,deployment,currencyservice,417,308,8,,,
2026-09-01 03:53:01,deployment,emailservice,14,40,1,,,
2026-09-01 03:53:01,deployment,frontend,679,165,14,,,
2026-09-01 03:53:01,http_p95_latency,frontend,,,,,,214.7
2026-09-01 03:53:01,deployment,paymentservice,9,30,1,,,
2026-09-01 03:53:01,deployment,productcatalogservice,377,58,7,,,
2026-09-01 03:53:01,deployment,recommendationservice,290,240,6,,,
2026-09-01 03:53:01,deployment,redis-cart,16,41,1,,,
2026-09-01 03:53:01,deployment,shippingservice,27,9,1,,,
2026-09-01 03:53:01,node,ze-master-node,2643,3489,,67.2,44.0,
2026-09-01 03:53:01,node,ze-worker-node,2493,1998,,62.3,25.2,
2026-09-01 03:53:09,deployment,adservice,48,95,1,,,
2026-09-01 03:53:09,deployment,cartservice,185,80,2,,,
2026-09-01 03:53:09,deployment,checkoutservice,34,12,1,,,
2026-09-01 03:53:09,deployment,currencyservice,416,307,8,,,
2026-09-01 03:53:09,deployment,emailservice,14,40,1,,,
2026-09-01 03:53:09,deployment,frontend,668,164,14,,,
2026-09-01 03:53:09,http_p95_latency,frontend,,,,,,214.7
2026-09-01 03:53:09,deployment,paymentservice,10,30,1,,,
2026-09-01 03:53:09,deployment,productcatalogservice,372,57,7,,,
2026-09-01 03:53:09,deployment,recommendationservice,283,240,6,,,
2026-09-01 03:53:09,deployment,redis-cart,16,41,1,,,
2026-09-01 03:53:09,deployment,shippingservice,26,9,1,,,
2026-09-01 03:53:09,node,ze-master-node,2690,3495,,67.2,44.0,
2026-09-01 03:53:09,node,ze-worker-node,2493,1998,,62.3,25.2,
2026-09-01 03:53:16,deployment,adservice,48,95,1,,,
2026-09-01 03:53:16,deployment,cartservice,185,80,2,,,
2026-09-01 03:53:16,deployment,checkoutservice,34,12,1,,,
2026-09-01 03:53:16,deployment,currencyservice,409,307,8,,,
2026-09-01 03:53:16,deployment,emailservice,15,40,1,,,
2026-09-01 03:53:16,deployment,frontend,677,165,14,,,
2026-09-01 03:53:16,http_p95_latency,frontend,,,,,,205.7
2026-09-01 03:53:16,deployment,paymentservice,10,30,1,,,
2026-09-01 03:53:16,deployment,productcatalogservice,375,59,7,,,
2026-09-01 03:53:16,deployment,recommendationservice,292,240,6,,,
2026-09-01 03:53:16,deployment,redis-cart,56,41,1,,,
2026-09-01 03:53:16,deployment,shippingservice,27,9,1,,,
2026-09-01 03:53:16,node,ze-master-node,2727,3492,,68.2,44.0,
2026-09-01 03:53:16,node,ze-worker-node,2585,1990,,64.6,25.1,
