Timestamp,Scope,Name,CPU_m,MEM_MiB,Pods,CPU_pct,MEM_pct,HTTP_LAT_ms
2026-09-01 12:33:09,deployment,adservice,8,95,1,,,
2026-09-01 12:33:09,deployment,cartservice,12,41,1,,,
2026-09-01 12:33:09,deployment,checkoutservice,10,12,1,,,
2026-09-01 12:33:09,deployment,currencyservice,7,62,1,,,
2026-09-01 12:33:09,deployment,emailservice,18,40,1,,,
2026-09-01 12:33:09,deployment,frontend,0,14,1,,,
2026-09-01 12:33:09,http_p95_latency,frontend,,,,,,0.0
2026-09-01 12:33:09,deployment,paymentservice,6,33,1,,,
2026-09-01 12:33:09,deployment,productcatalogservice,11,9,1,,,
2026-09-01 12:33:09,deployment,recommendationservice,17,41,1,,,
2026-09-01 12:33:09,deployment,redis-cart,4,44,1,,,
2026-09-01 12:33:09,deployment,shippingservice,11,9,1,,,
2026-09-01 12:33:09,autoscaler,customdas-cpu-queue-autoscaler-adservice,0,0,1,,,
2026-09-01 12:33:09,autoscaler,customdas-cpu-queue-autoscaler-cartservice,0,0,1,,,
2026-09-01 12:33:09,autoscaler,customdas-cpu-queue-autoscaler-checkoutservice,0,0,1,,,
2026-09-01 12:33:09,autoscaler,customdas-cpu-queue-autoscaler-currencyservice,0,0,1,,,
2026-09-01 12:33:09,autoscaler,customdas-cpu-queue-autoscaler-emailservice,0,0,1,,,
2026-09-01 12:33:09,autoscaler,customdas-cpu-queue-autoscaler-frontend,0,0,1,,,
2026-09-01 12:33:09,autoscaler,customdas-cpu-queue-autoscaler-paymentservice,0,0,1,,,
2026-09-01 12:33:09,autoscaler,customdas-cpu-queue-autoscaler-productcatalogservice,0,0,1,,,
2026-09-01 12:33:09,autoscaler,customdas-cpu-queue-autoscaler-recommendationservice,0,0,1,,,
2026-09-01 12:33:09,autoscaler,customdas-cpu-queue-autoscaler-shippingservice,0,0,1,,,
2026-09-01 12:33:09,node,ze-master-node,871,3410,,21.8,42.9,
2026-09-01 12:33:09,node,ze-worker-node,168,1515,,4.2,19.1,
2026-09-01 12:33:16,deployment,adservice,8,95,1,,,
2026-09-01 12:33:16,deployment,cartservice,12,41,1,,,
2026-09-01 12:33:16,deployment,checkoutservice,10,12,1,,,
2026-09-01 12:33:16,deployment,currencyservice,7,62,1,,,
2026-09-01 12:33:16,deployment,emailservice,18,40,1,,,
2026-09-01 12:33:16,deployment,frontend,0,14,1,,,
2026-09-01 12:33:16,http_p95_latency,frontend,,,,,,0.0
2026-09-01 12:33:16,deployment,paymentservice,6,33,1,,,
2026-09-01 12:33:16,deployment,productcatalogservice,11,9,1,,,
2026-09-01 12:33:16,deployment,recommendationservice,17,41,1,,,
2026-09-01 12:33:16,deployment,redis-cart,4,44,1,,,
2026-09-01 12:33:16,deployment,shippingservice,11,9,1,,,
2026-09-01 12:33:16,autoscaler,customdas-cpu-queue-autoscaler-adservice,0,0,1,,,
2026-09-01 12:33:16,autoscaler,customdas-cpu-queue-autoscaler-cartservice,0,0,1,,,
2026-09-01 12:33:16,autoscaler,customdas-cpu-queue-autoscaler-checkoutservice,0,0,1,,,
2026-09-01 12:33:16,autoscaler,customdas-cpu-queue-autoscaler-currencyservice,0,0,1,,,
2026-09-01 12:33:16,autoscaler,customdas-cpu-queue-autoscaler-emailservice,0,0,1,,,
2026-09-01 12:33:16,autoscaler,customdas-cpu-queue-autoscaler-frontend,0,0,1,,,
2026-09-01 12:33:16,autoscaler,customdas-cpu-queue-autoscaler-paymentservice,0,0,1,,,
2026-09-01 12:33:16,autoscaler,customdas-cpu-queue-autoscaler-productcatalogservice,0,0,1,,,
2026-09-01 12:33:16,autoscaler,customdas-cpu-queue-autoscaler-recommendationservice,0,0,1,,,
2026-09-01 12:33:16,autoscaler,customdas-cpu-queue-autoscaler-shippingservice,118,60,1,,,
2026-09-01 12:33:16,node,ze-master-node,1418,3688,,35.4,46.4,
2026-09-01 12:33:16,node,ze-worker-node,879,1910,,22.0,24.1,
2026-09-01 12:33:24,deployment,adservice,5,95,1,,,
2026-09-01 12:33:24,deployment,cartservice,8,41,1,,,
2026-09-01 12:33:24,deployment,checkoutservice,6,12,1,,,
2026-09-01 12:33:24,deployment,currencyservice,5,62,1,,,
2026-09-01 12:33:24,deployment,emailservice,14,44,1,,,
2026-09-01 12:33:24,deployment,frontend,0,14,1,,,
2026-09-01 12:33:24,http_p95_latency,frontend,,,,,,0.0
2026-09-01 12:33:24,deployment,paymentservice,8,33,1,,,
2026-09-01 12:33:24,deployment,productcatalogservice,7,9,1,,,
2026-09-01 12:33:24,deployment,recommendationservice,14,41,1,,,
2026-09-01 12:33:24,deployment,redis-cart,4,44,1,,,
2026-09-01 12:33:24,deployment,shippingservice,12,9,1,,,
2026-09-01 12:33:24,autoscaler,customdas-cpu-queue-autoscaler-adservice,85,60,1,,,
2026-09-01 12:33:24,autoscaler,customdas-cpu-queue-autoscaler-cartservice,109,60,1,,,
2026-09-01 12:33:24,autoscaler,customdas-cpu-queue-autoscaler-checkoutservice,93,60,1,,,
2026-09-01 12:33:24,autoscaler,customdas-cpu-queue-autoscaler-currencyservice,107,60,1,,,
2026-09-01 12:33:24,autoscaler,customdas-cpu-queue-autoscaler-emailservice,108,60,1,,,
2026-09-01 12:33:24,autoscaler,customdas-cpu-queue-autoscaler-frontend,105,60,1,,,
2026-09-01 12:33:24,autoscaler,customdas-cpu-queue-autoscaler-paymentservice,87,60,1,,,
2026-09-01 12:33:24,autoscaler,customdas-cpu-queue-autoscaler-productcatalogservice,94,60,1,,,
2026-09-01 12:33:24,autoscaler,customdas-cpu-queue-autoscaler-recommendationservice,107,60,1,,,
2026-09-01 12:33:24,autoscaler,customdas-cpu-queue-autoscaler-shippingservice,118,60,1,,,
2026-09-01 12:33:24,node,ze-master-node,1418,3688,,35.4,46.4,
2026-09-01 12:33:24,node,ze-worker-node,879,1910,,22.0,24.1,
2026-09-01 12:33:32,deployment,adservice,5,95,1,,,
2026-09-01 12:33:32,deployment,cartservice,8,41,1,,,
2026-09-01 12:33:32,deployment,checkoutservice,6,12,1,,,
2026-09-01 12:33:32,deployment,currencyservice,5,62,1,,,
2026-09-01 12:33:32,deployment,emailservice,20,40,1,,,
2026-09-01 12:33:32,deployment,frontend,0,14,1,,,
2026-09-01 12:33:32,http_p95_latency,frontend,,,,,,0.0
2026-09-01 12:33:32,deployment,paymentservice,6,32,1,,,
2026-09-01 12:33:32,deployment,productcatalogservice,7,9,1,,,
2026-09-01 12:33:32,deployment,recommendationservice,17,41,1,,,
2026-09-01 12:33:32,deployment,redis-cart,4,44,1,,,
2026-09-01 12:33:32,deployment,shippingservice,12,9,1,,,
2026-09-01 12:33:32,autoscaler,customdas-cpu-queue-autoscaler-adservice,4,60,1,,,
2026-09-01 12:33:32,autoscaler,customdas-cpu-queue-autoscaler-cartservice,12,60,1,,,
2026-09-01 12:33:32,autoscaler,customdas-cpu-queue-autoscaler-checkoutservice,81,60,1,,,
2026-09-01 12:33:32,autoscaler,customdas-cpu-queue-autoscaler-currencyservice,7,60,1,,,
2026-09-01 12:33:32,autoscaler,customdas-cpu-queue-autoscaler-emailservice,6,60,1,,,
2026-09-01 12:33:32,autoscaler,customdas-cpu-queue-autoscaler-frontend,105,60,1,,,
2026-09-01 12:33:32,autoscaler,customdas-cpu-queue-autoscaler-paymentservice,87,60,1,,,
2026-09-01 12:33:32,autoscaler,customdas-cpu-queue-autoscaler-productcatalogservice,82,60,1,,,
2026-09-01 12:33:32,autoscaler,customdas-cpu-queue-autoscaler-recommendationservice,0,60,1,,,
2026-09-01 12:33:32,autoscaler,customdas-cpu-queue-autoscaler-shippingservice,9,60,1,,,
2026-09-01 12:33:32,node,ze-master-node,994,3699,,24.9,46.6,
2026-09-01 12:33:32,node,ze-worker-node,315,1909,,7.9,24.0,
2026-09-01 12:33:42,deployment,adservice,6,95,1,,,
2026-09-01 12:33:42,deployment,cartservice,10,40,1,,,
2026-09-01 12:33:42,deployment,checkoutservice,6,12,1,,,
2026-09-01 12:33:42,deployment,currencyservice,10,62,1,,,
2026-09-01 12:33:42,deployment,emailservice,20,40,1,,,
2026-09-01 12:33:42,deployment,frontend,0,14,1,,,
2026-09-01 12:33:42,http_p95_latency,frontend,,,,,,0.0
2026-09-01 12:33:42,deployment,paymentservice,6,32,1,,,
2026-09-01 12:33:42,deployment,productcatalogservice,7,9,1,,,
2026-09-01 12:33:42,deployment,recommendationservice,17,41,1,,,
2026-09-01 12:33:42,deployment,redis-cart,4,44,1,,,
2026-09-01 12:33:42,deployment,shippingservice,12,9,1,,,
2026-09-01 12:33:42,autoscaler,customdas-cpu-queue-autoscaler-adservice,4,60,1,,,
2026-09-01 12:33:42,autoscaler,customdas-cpu-queue-autoscaler-cartservice,12,60,1,,,
2026-09-01 12:33:42,autoscaler,customdas-cpu-queue-autoscaler-checkoutservice,81,60,1,,,
2026-09-01 12:33:42,autoscaler,customdas-cpu-queue-autoscaler-currencyservice,7,60,1,,,
2026-09-01 12:33:42,autoscaler,customdas-cpu-queue-autoscaler-emailservice,6,60,1,,,
2026-09-01 12:33:42,autoscaler,customdas-cpu-queue-autoscaler-frontend,105,60,1,,,
2026-09-01 12:33:42,autoscaler,customdas-cpu-queue-autoscaler-paymentservice,87,60,1,,,
2026-09-01 12:33:42,autoscaler,customdas-cpu-queue-autoscaler-productcatalogservice,82,60,1,,,
2026-09-01 12:33:42,autoscaler,customdas-cpu-queue-autoscaler-recommendationservice,0,60,1,,,
2026-09-01 12:33:42,autoscaler,customdas-cpu-queue-autoscaler-shippingservice,9,60,1,,,
2026-09-01 12:33:42,node,ze-master-node,994,3699,,24.9,46.6,
2026-09-01 12:33:42,node,ze-worker-node,315,1909,,7.9,24.0,
2026-09-01 12:33:50,deployment,adservice,6,95,1,,,
2026-09-01 12:33:50,deployment,cartservice,10,40,1,,,
2026-09-01 12:33:50,deployment,checkoutservice,8,12,1,,,
2026-09-01 12:33:50,deployment,currencyservice,7,62,1,,,
2026-09-01 12:33:50,deployment,emailservice,18,40,1,,,
2026-09-01 12:33:50,deployment,frontend,0,14,1,,,
2026-09-01 12:33:50,http_p95_latency,frontend,,,,,,0.0
2026-09-01 12:33:50,deployment,paymentservice,8,32,1,,,
2026-09-01 12:33:50,deployment,productcatalogservice,7,9,1,,,
2026-09-01 12:33:50,deployment,recommendationservice,18,41,1,,,
2026-09-01 12:33:50,deployment,redis-cart,4,44,1,,,
2026-09-01 12:33:50,deployment,shippingservice,11,9,1,,,
2026-09-01 12:33:50,autoscaler,customdas-cpu-queue-autoscaler-adservice,7,60,1,,,
2026-09-01 12:33:50,autoscaler,customdas-cpu-queue-autoscaler-cartservice,0,60,1,,,
2026-09-01 12:33:50,autoscaler,customdas-cpu-queue-autoscaler-checkoutservice,4,60,1,,,
2026-09-01 12:33:50,autoscaler,customdas-cpu-queue-autoscaler-currencyservice,4,60,1,,,
2026-09-01 12:33:50,autoscaler,customdas-cpu-queue-autoscaler-emailservice,6,60,1,,,
2026-09-01 12:33:50,autoscaler,customdas-cpu-queue-autoscaler-frontend,6,60,1,,,
2026-09-01 12:33:50,autoscaler,customdas-cpu-queue-autoscaler-paymentservice,5,60,1,,,
2026-09-01 12:33:50,autoscaler,customdas-cpu-queue-autoscaler-productcatalogservice,5,60,1,,,
2026-09-01 12:33:50,autoscaler,customdas-cpu-queue-autoscaler-recommendationservice,8,60,1,,,
2026-09-01 12:33:50,autoscaler,customdas-cpu-queue-autoscaler-shippingservice,3,60,1,,,
2026-09-01 12:33:50,node,ze-master-node,952,3652,,23.8,46.0,
2026-09-01 12:33:50,node,ze-worker-node,258,1906,,6.5,24.0,
2026-09-01 12:33:58,deployment,adservice,6,95,1,,,
2026-09-01 12:33:58,deployment,cartservice,10,40,1,,,
2026-09-01 12:33:58,deployment,checkoutservice,8,12,1,,,
2026-09-01 12:33:58,deployment,currencyservice,7,62,1,,,
2026-09-01 12:33:58,deployment,emailservice,18,40,1,,,
2026-09-01 12:33:58,deployment,frontend,0,14,1,,,
2026-09-01 12:33:58,http_p95_latency,frontend,,,,,,0.0
2026-09-01 12:33:58,deployment,paymentservice,8,32,1,,,
2026-09-01 12:33:58,deployment,productcatalogservice,7,9,1,,,
2026-09-01 12:33:58,deployment,recommendationservice,18,41,1,,,
2026-09-01 12:33:58,deployment,redis-cart,4,44,1,,,
2026-09-01 12:33:58,deployment,shippingservice,11,9,1,,,
2026-09-01 12:33:58,autoscaler,customdas-cpu-queue-autoscaler-adservice,7,60,1,,,
2026-09-01 12:33:58,autoscaler,customdas-cpu-queue-autoscaler-cartservice,0,60,1,,,
2026-09-01 12:33:58,autoscaler,customdas-cpu-queue-autoscaler-checkoutservice,4,60,1,,,
2026-09-01 12:33:58,autoscaler,customdas-cpu-queue-autoscaler-currencyservice,4,60,1,,,
2026-09-01 12:33:58,autoscaler,customdas-cpu-queue-autoscaler-emailservice,6,60,1,,,
2026-09-01 12:33:58,autoscaler,customdas-cpu-queue-autoscaler-frontend,6,60,1,,,
2026-09-01 12:33:58,autoscaler,customdas-cpu-queue-autoscaler-paymentservice,5,60,1,,,
2026-09-01 12:33:58,autoscaler,customdas-cpu-queue-autoscaler-productcatalogservice,5,60,1,,,
2026-09-01 12:33:58,autoscaler,customdas-cpu-queue-autoscaler-recommendationservice,8,60,1,,,
2026-09-01 12:33:58,autoscaler,customdas-cpu-queue-autoscaler-shippingservice,3,60,1,,,
2026-09-01 12:33:58,node,ze-master-node,952,3652,,23.8,46.0,
2026-09-01 12:33:58,node,ze-worker-node,258,1906,,6.5,24.0,
2026-09-01 12:34:05,deployment,adservice,7,95,1,,,
2026-09-01 12:34:05,deployment,cartservice,7,40,1,,,
2026-09-01 12:34:05,deployment,checkoutservice,7,12,1,,,
2026-09-01 12:34:05,deployment,currencyservice,9,62,1,,,
2026-09-01 12:34:05,deployment,emailservice,16,40,1,,,
2026-09-01 12:34:05,deployment,frontend,0,14,1,,,
2026-09-01 12:34:05,http_p95_latency,frontend,,,,,,0.0
2026-09-01 12:34:05,deployment,paymentservice,8,32,1,,,
2026-09-01 12:34:05,deployment,productcatalogservice,9,9,1,,,
2026-09-01 12:34:05,deployment,recommendationservice,18,41,1,,,
2026-09-01 12:34:05,deployment,redis-cart,5,44,1,,,
2026-09-01 12:34:05,deployment,shippingservice,12,9,1,,,
2026-09-01 12:34:05,autoscaler,customdas-cpu-queue-autoscaler-adservice,0,60,1,,,
2026-09-01 12:34:05,autoscaler,customdas-cpu-queue-autoscaler-cartservice,6,60,1,,,
2026-09-01 12:34:05,autoscaler,customdas-cpu-queue-autoscaler-checkoutservice,7,60,1,,,
2026-09-01 12:34:05,autoscaler,customdas-cpu-queue-autoscaler-currencyservice,4,60,1,,,
2026-09-01 12:34:05,autoscaler,customdas-cpu-queue-autoscaler-emailservice,6,60,1,,,
2026-09-01 12:34:05,autoscaler,customdas-cpu-queue-autoscaler-frontend,6,60,1,,,
2026-09-01 12:34:05,autoscaler,customdas-cpu-queue-autoscaler-paymentservice,5,60,1,,,
2026-09-01 12:34:05,autoscaler,customdas-cpu-queue-autoscaler-productcatalogservice,8,60,1,,,
2026-09-01 12:34:05,autoscaler,customdas-cpu-queue-autoscaler-recommendationservice,0,60,1,,,
2026-09-01 12:34:05,autoscaler,customdas-cpu-queue-autoscaler-shippingservice,8,60,1,,,
2026-09-01 12:34:05,node,ze-master-node,886,3666,,22.1,46.2,
2026-09-01 12:34:05,node,ze-worker-node,299,1907,,7.5,24.0,
2026-09-01 12:34:12,deployment,adservice,7,95,1,,,
2026-09-01 12:34:12,deployment,cartservice,7,40,1,,,
2026-09-01 12:34:12,deployment,checkoutservice,7,12,1,,,
2026-09-01 12:34:12,deployment,currencyservice,9,62,1,,,
2026-09-01 12:34:12,deployment,emailservice,16,40,1,,,
2026-09-01 12:34:12,deployment,frontend,0,14,1,,,
2026-09-01 12:34:12,http_p95_latency,frontend,,,,,,0.0
2026-09-01 12:34:12,deployment,paymentservice,8,32,1,,,
2026-09-01 12:34:12,deployment,productcatalogservice,9,9,1,,,
2026-09-01 12:34:12,deployment,recommendationservice,18,41,1,,,
2026-09-01 12:34:12,deployment,redis-cart,5,44,1,,,
2026-09-01 12:34:12,deployment,shippingservice,12,9,1,,,
2026-09-01 12:34:12,autoscaler,customdas-cpu-queue-autoscaler-adservice,0,60,1,,,
2026-09-01 12:34:12,autoscaler,customdas-cpu-queue-autoscaler-cartservice,6,60,1,,,
2026-09-01 12:34:12,autoscaler,customdas-cpu-queue-autoscaler-checkoutservice,7,60,1,,,
2026-09-01 12:34:12,autoscaler,customdas-cpu-queue-autoscaler-currencyservice,4,60,1,,,
2026-09-01 12:34:12,autoscaler,customdas-cpu-queue-autoscaler-emailservice,6,60,1,,,
2026-09-01 12:34:12,autoscaler,customdas-cpu-queue-autoscaler-frontend,6,60,1,,,
2026-09-01 12:34:12,autoscaler,customdas-cpu-queue-autoscaler-paymentservice,5,60,1,,,
2026-09-01 12:34:12,autoscaler,customdas-cpu-queue-autoscaler-productcatalogservice,8,60,1,,,
2026-09-01 12:34:12,autoscaler,customdas-cpu-queue-autoscaler-recommendationservice,0,60,1,,,
2026-09-01 12:34:12,autoscaler,customdas-cpu-queue-autoscaler-shippingservice,8,60,1,,,
2026-09-01 12:34:12,node,ze-master-node,886,3666,,22.1,46.2,
2026-09-01 12:34:12,node,ze-worker-node,299,1907,,7.5,24.0,
2026-09-01 12:34:20,deployment,adservice,7,95,1,,,
2026-09-01 12:34:20,deployment,cartservice,13,41,1,,,
2026-09-01 12:34:20,deployment,checkoutservice,7,13,1,,,
2026-09-01 12:34:20,deployment,currencyservice,8,62,1,,,
2026-09-01 12:34:20,deployment,emailservice,20,40,1,,,
2026-09-01 12:34:20,deployment,frontend,0,12,1,,,
2026-09-01 12:34:20,http_p95_latency,frontend,,,,,,0.0
2026-09-01 12:34:20,deployment,paymentservice,9,32,1,,,
2026-09-01 12:34:20,deployment,productcatalogservice,11,8,1,,,
2026-09-01 12:34:20,deployment,recommendationservice,25,41,1,,,
2026-09-01 12:34:20,deployment,redis-cart,4,44,1,,,
2026-09-01 12:34:20,deployment,shippingservice,11,9,1,,,
2026-09-01 12:34:20,autoscaler,customdas-cpu-queue-autoscaler-adservice,4,60,1,,,
2026-09-01 12:34:20,autoscaler,customdas-cpu-queue-autoscaler-cartservice,10,60,1,,,
2026-09-01 12:34:20,autoscaler,customdas-cpu-queue-autoscaler-checkoutservice,5,60,1,,,
2026-09-01 12:34:20,autoscaler,customdas-cpu-queue-autoscaler-currencyservice,4,60,1,,,
2026-09-01 12:34:20,autoscaler,customdas-cpu-queue-autoscaler-emailservice,0,60,1,,,
2026-09-01 12:34:20,autoscaler,customdas-cpu-queue-autoscaler-frontend,7,60,1,,,
2026-09-01 12:34:20,autoscaler,customdas-cpu-queue-autoscaler-paymentservice,5,60,1,,,
2026-09-01 12:34:20,autoscaler,customdas-cpu-queue-autoscaler-productcatalogservice,3,60,1,,,
2026-09-01 12:34:20,autoscaler,customdas-cpu-queue-autoscaler-recommendationservice,3,60,1,,,
2026-09-01 12:34:20,autoscaler,customdas-cpu-queue-autoscaler-shippingservice,7,60,1,,,
2026-09-01 12:34:20,node,ze-master-node,979,3638,,24.5,45.8,
2026-09-01 12:34:20,node,ze-worker-node,361,1906,,9.0,24.0,
2026-09-01 12:34:28,deployment,adservice,7,95,1,,,
2026-09-01 12:34:28,deployment,cartservice,13,41,1,,,
2026-09-01 12:34:28,deployment,checkoutservice,7,13,1,,,
2026-09-01 12:34:28,deployment,currencyservice,8,62,1,,,
2026-09-01 12:34:28,deployment,emailservice,20,40,1,,,
2026-09-01 12:34:28,deployment,frontend,0,12,1,,,
2026-09-01 12:34:28,http_p95_latency,frontend,,,,,,411.2
2026-09-01 12:34:28,deployment,paymentservice,9,32,1,,,
2026-09-01 12:34:28,deployment,productcatalogservice,11,8,1,,,
2026-09-01 12:34:28,deployment,recommendationservice,25,41,1,,,
2026-09-01 12:34:28,deployment,redis-cart,4,44,1,,,
2026-09-01 12:34:28,deployment,shippingservice,11,9,1,,,
2026-09-01 12:34:28,autoscaler,customdas-cpu-queue-autoscaler-adservice,4,60,1,,,
2026-09-01 12:34:28,autoscaler,customdas-cpu-queue-autoscaler-cartservice,10,60,1,,,
2026-09-01 12:34:28,autoscaler,customdas-cpu-queue-autoscaler-checkoutservice,5,60,1,,,
2026-09-01 12:34:28,autoscaler,customdas-cpu-queue-autoscaler-currencyservice,4,60,1,,,
2026-09-01 12:34:28,autoscaler,customdas-cpu-queue-autoscaler-emailservice,0,60,1,,,
2026-09-01 12:34:28,autoscaler,customdas-cpu-queue-autoscaler-frontend,7,60,1,,,
2026-09-01 12:34:28,autoscaler,customdas-cpu-queue-autoscaler-paymentservice,5,60,1,,,
2026-09-01 12:34:28,autoscaler,customdas-cpu-queue-autoscaler-productcatalogservice,3,60,1,,,
2026-09-01 12:34:28,autoscaler,customdas-cpu-queue-autoscaler-recommendationservice,3,60,1,,,
2026-09-01 12:34:28,autoscaler,customdas-cpu-queue-autoscaler-shippingservice,7,60,1,,,
2026-09-01 12:34:28,node,ze-master-node,979,3638,,24.5,45.8,
2026-09-01 12:34:28,node,ze-worker-node,361,1906,,9.0,24.0,
2026-09-01 12:34:36,deployment,adservice,9,95,1,,,
2026-09-01 12:34:36,deployment,cartservice,23,41,1,,,
2026-09-01 12:34:36,deployment,checkoutservice,9,11,1,,,
2026-09-01 12:34:36,deployment,currencyservice,27,35,1,,,
2026-09-01 12:34:36,deployment,emailservice,15,44,1,,,
2026-09-01 12:34:36,deployment,frontend,47,13,1,,,
2026-09-01 12:34:36,http_p95_latency,frontend,,,,,,411.2
2026-09-01 12:34:36,deployment,paymentservice,8,33,1,,,
2026-09-01 12:34:36,deployment,productcatalogservice,25,9,1,,,
2026-09-01 12:34:36,deployment,recommendationservice,28,41,1,,,
2026-09-01 12:34:36,deployment,redis-cart,6,44,1,,,
2026-09-01 12:34:36,deployment,shippingservice,11,9,1,,,
2026-09-01 12:34:36,autoscaler,customdas-cpu-queue-autoscaler-adservice,4,60,1,,,
2026-09-01 12:34:36,autoscaler,customdas-cpu-queue-autoscaler-cartservice,6,60,1,,,
2026-09-01 12:34:36,autoscaler,customdas-cpu-queue-autoscaler-checkoutservice,4,60,1,,,
2026-09-01 12:34:36,autoscaler,customdas-cpu-queue-autoscaler-currencyservice,9,60,1,,,
2026-09-01 12:34:36,autoscaler,customdas-cpu-queue-autoscaler-emailservice,8,60,1,,,
2026-09-01 12:34:36,autoscaler,customdas-cpu-queue-autoscaler-frontend,9,60,1,,,
2026-09-01 12:34:36,autoscaler,customdas-cpu-queue-autoscaler-paymentservice,5,60,1,,,
2026-09-01 12:34:36,autoscaler,customdas-cpu-queue-autoscaler-productcatalogservice,6,60,1,,,
2026-09-01 12:34:36,autoscaler,customdas-cpu-queue-autoscaler-recommendationservice,4,60,1,,,
2026-09-01 12:34:36,autoscaler,customdas-cpu-queue-autoscaler-shippingservice,0,60,1,,,
2026-09-01 12:34:36,node,ze-master-node,975,3645,,24.4,45.9,
2026-09-01 12:34:36,node,ze-worker-node,451,1906,,11.3,24.0,
2026-09-01 12:34:43,deployment,adservice,9,95,1,,,
2026-09-01 12:34:43,deployment,cartservice,23,41,1,,,
2026-09-01 12:34:43,deployment,checkoutservice,9,11,1,,,
2026-09-01 12:34:43,deployment,currencyservice,27,35,1,,,
2026-09-01 12:34:43,deployment,emailservice,15,44,1,,,
2026-09-01 12:34:43,deployment,frontend,47,13,1,,,
2026-09-01 12:34:43,http_p95_latency,frontend,,,,,,328.7
2026-09-01 12:34:43,deployment,paymentservice,8,33,1,,,
2026-09-01 12:34:43,deployment,productcatalogservice,25,9,1,,,
2026-09-01 12:34:43,deployment,recommendationservice,28,41,1,,,
2026-09-01 12:34:43,deployment,redis-cart,6,44,1,,,
2026-09-01 12:34:43,deployment,shippingservice,11,9,1,,,
2026-09-01 12:34:43,autoscaler,customdas-cpu-queue-autoscaler-adservice,4,60,1,,,
2026-09-01 12:34:43,autoscaler,customdas-cpu-queue-autoscaler-cartservice,6,60,1,,,
2026-09-01 12:34:43,autoscaler,customdas-cpu-queue-autoscaler-checkoutservice,4,60,1,,,
2026-09-01 12:34:43,autoscaler,customdas-cpu-queue-autoscaler-currencyservice,9,60,1,,,
2026-09-01 12:34:43,autoscaler,customdas-cpu-queue-autoscaler-emailservice,8,60,1,,,
2026-09-01 12:34:43,autoscaler,customdas-cpu-queue-autoscaler-frontend,9,60,1,,,
2026-09-01 12:34:43,autoscaler,customdas-cpu-queue-autoscaler-paymentservice,5,60,1,,,
2026-09-01 12:34:43,autoscaler,customdas-cpu-queue-autoscaler-productcatalogservice,6,60,1,,,
2026-09-01 12:34:43,autoscaler,customdas-cpu-queue-autoscaler-recommendationservice,4,60,1,,,
2026-09-01 12:34:43,autoscaler,customdas-cpu-queue-autoscaler-shippingservice,0,60,1,,,
2026-09-01 12:34:43,node,ze-master-node,975,3645,,24.4,45.9,
2026-09-01 12:34:43,node,ze-worker-node,451,1906,,11.3,24.0,
2026-09-01 12:34:51,deployment,adservice,13,95,1,,,
2026-09-01 12:34:51,deployment,cartservice,20,41,1,,,
2026-09-01 12:34:51,deployment,checkoutservice,9,11,1,,,
2026-09-01 12:34:51,deployment,currencyservice,22,35,1,,,
2026-09-01 12:34:51,deployment,emailservice,17,40,1,,,
2026-09-01 12:34:51,deployment,frontend,45,13,1,,,
2026-09-01 12:34:51,http_p95_latency,frontend,,,,,,328.7
2026-09-01 12:34:51,deployment,paymentservice,8,33,1,,,
2026-09-01 12:34:51,deployment,productcatalogservice,32,9,1,,,
2026-09-01 12:34:51,deployment,recommendationservice,28,41,1,,,
2026-09-01 12:34:51,deployment,redis-cart,6,44,1,,,
2026-09-01 12:34:51,deployment,shippingservice,13,9,1,,,
2026-09-01 12:34:51,autoscaler,customdas-cpu-queue-autoscaler-adservice,3,60,1,,,
2026-09-01 12:34:51,autoscaler,customdas-cpu-queue-autoscaler-cartservice,4,60,1,,,
2026-09-01 12:34:51,autoscaler,customdas-cpu-queue-autoscaler-checkoutservice,3,60,1,,,
2026-09-01 12:34:51,autoscaler,customdas-cpu-queue-autoscaler-currencyservice,5,60,1,,,
2026-09-01 12:34:51,autoscaler,customdas-cpu-queue-autoscaler-emailservice,4,60,1,,,
2026-09-01 12:34:51,autoscaler,customdas-cpu-queue-autoscaler-frontend,0,60,1,,,
2026-09-01 12:34:51,autoscaler,customdas-cpu-queue-autoscaler-paymentservice,4,60,1,,,
2026-09-01 12:34:51,autoscaler,customdas-cpu-queue-autoscaler-productcatalogservice,6,60,1,,,
2026-09-01 12:34:51,autoscaler,customdas-cpu-queue-autoscaler-recommendationservice,7,60,1,,,
2026-09-01 12:34:51,autoscaler,customdas-cpu-queue-autoscaler-shippingservice,8,60,1,,,
2026-09-01 12:34:51,node,ze-master-node,1029,3646,,25.7,45.9,
2026-09-01 12:34:51,node,ze-worker-node,441,1909,,11.0,24.0,
2026-09-01 12:34:58,deployment,adservice,13,95,1,,,
2026-09-01 12:34:58,deployment,cartservice,20,41,1,,,
2026-09-01 12:34:58,deployment,checkoutservice,9,11,1,,,
2026-09-01 12:34:58,deployment,currencyservice,22,35,1,,,
2026-09-01 12:34:58,deployment,emailservice,17,40,1,,,
2026-09-01 12:34:58,deployment,frontend,45,13,1,,,
2026-09-01 12:34:58,http_p95_latency,frontend,,,,,,249.4
2026-09-01 12:34:58,deployment,paymentservice,8,33,1,,,
2026-09-01 12:34:58,deployment,productcatalogservice,32,9,1,,,
2026-09-01 12:34:58,deployment,recommendationservice,28,41,1,,,
2026-09-01 12:34:58,deployment,redis-cart,6,44,1,,,
2026-09-01 12:34:58,deployment,shippingservice,13,9,1,,,
2026-09-01 12:34:58,autoscaler,customdas-cpu-queue-autoscaler-adservice,3,60,1,,,
2026-09-01 12:34:58,autoscaler,customdas-cpu-queue-autoscaler-cartservice,4,60,1,,,
2026-09-01 12:34:58,autoscaler,customdas-cpu-queue-autoscaler-checkoutservice,3,60,1,,,
2026-09-01 12:34:58,autoscaler,customdas-cpu-queue-autoscaler-currencyservice,5,60,1,,,
2026-09-01 12:34:58,autoscaler,customdas-cpu-queue-autoscaler-emailservice,4,60,1,,,
2026-09-01 12:34:58,autoscaler,customdas-cpu-queue-autoscaler-frontend,0,60,1,,,
2026-09-01 12:34:58,autoscaler,customdas-cpu-queue-autoscaler-paymentservice,4,60,1,,,
2026-09-01 12:34:58,autoscaler,customdas-cpu-queue-autoscaler-productcatalogservice,6,60,1,,,
2026-09-01 12:34:58,autoscaler,customdas-cpu-queue-autoscaler-recommendationservice,7,60,1,,,
2026-09-01 12:34:58,autoscaler,customdas-cpu-queue-autoscaler-shippingservice,8,60,1,,,
2026-09-01 12:34:58,node,ze-master-node,1029,3646,,25.7,45.9,
2026-09-01 12:34:58,node,ze-worker-node,441,1909,,11.0,24.0,
2026-09-01 12:35:06,deployment,adservice,9,95,1,,,
2026-09-01 12:35:06,deployment,cartservice,22,41,1,,,
2026-09-01 12:35:06,deployment,checkoutservice,10,11,1,,,
2026-09-01 12:35:06,deployment,currencyservice,27,36,1,,,
2026-09-01 12:35:06,deployment,emailservice,17,40,1,,,
2026-09-01 12:35:06,deployment,frontend,39,13,1,,,
2026-09-01 12:35:06,http_p95_latency,frontend,,,,,,249.4
2026-09-01 12:35:06,deployment,paymentservice,7,33,1,,,
2026-09-01 12:35:06,deployment,productcatalogservice,31,9,1,,,
2026-09-01 12:35:06,deployment,recommendationservice,25,42,1,,,
2026-09-01 12:35:06,deployment,redis-cart,5,44,1,,,
2026-09-01 12:35:06,deployment,shippingservice,14,9,1,,,
2026-09-01 12:35:06,autoscaler,customdas-cpu-queue-autoscaler-adservice,7,60,1,,,
2026-09-01 12:35:06,autoscaler,customdas-cpu-queue-autoscaler-cartservice,9,60,1,,,
2026-09-01 12:35:06,autoscaler,customdas-cpu-queue-autoscaler-checkoutservice,5,60,1,,,
2026-09-01 12:35:06,autoscaler,customdas-cpu-queue-autoscaler-currencyservice,6,60,1,,,
2026-09-01 12:35:06,autoscaler,customdas-cpu-queue-autoscaler-emailservice,6,60,1,,,
2026-09-01 12:35:06,autoscaler,customdas-cpu-queue-autoscaler-frontend,6,60,1,,,
2026-09-01 12:35:06,autoscaler,customdas-cpu-queue-autoscaler-paymentservice,4,60,1,,,
2026-09-01 12:35:06,autoscaler,customdas-cpu-queue-autoscaler-productcatalogservice,3,60,1,,,
2026-09-01 12:35:06,autoscaler,customdas-cpu-queue-autoscaler-recommendationservice,7,60,1,,,
2026-09-01 12:35:06,autoscaler,customdas-cpu-queue-autoscaler-shippingservice,7,60,1,,,
2026-09-01 12:35:06,node,ze-master-node,1006,3649,,25.1,46.0,
2026-09-01 12:35:06,node,ze-worker-node,447,1908,,11.2,24.0,
2026-09-01 12:35:13,deployment,adservice,9,95,1,,,
2026-09-01 12:35:13,deployment,cartservice,22,41,1,,,
2026-09-01 12:35:13,deployment,checkoutservice,10,11,1,,,
2026-09-01 12:35:13,deployment,currencyservice,27,36,1,,,
2026-09-01 12:35:13,deployment,emailservice,17,40,1,,,
2026-09-01 12:35:13,deployment,frontend,39,13,1,,,
2026-09-01 12:35:13,http_p95_latency,frontend,,,,,,170.0
2026-09-01 12:35:13,deployment,paymentservice,7,33,1,,,
2026-09-01 12:35:13,deployment,productcatalogservice,31,9,1,,,
2026-09-01 12:35:13,deployment,recommendationservice,25,42,1,,,
2026-09-01 12:35:13,deployment,redis-cart,5,44,1,,,
2026-09-01 12:35:13,deployment,shippingservice,14,9,1,,,
2026-09-01 12:35:13,autoscaler,customdas-cpu-queue-autoscaler-adservice,7,60,1,,,
2026-09-01 12:35:13,autoscaler,customdas-cpu-queue-autoscaler-cartservice,9,60,1,,,
2026-09-01 12:35:13,autoscaler,customdas-cpu-queue-autoscaler-checkoutservice,5,60,1,,,
2026-09-01 12:35:13,autoscaler,customdas-cpu-queue-autoscaler-currencyservice,6,60,1,,,
2026-09-01 12:35:13,autoscaler,customdas-cpu-queue-autoscaler-emailservice,6,60,1,,,
2026-09-01 12:35:13,autoscaler,customdas-cpu-queue-autoscaler-frontend,6,60,1,,,
2026-09-01 12:35:13,autoscaler,customdas-cpu-queue-autoscaler-paymentservice,4,60,1,,,
2026-09-01 12:35:13,autoscaler,customdas-cpu-queue-autoscaler-productcatalogservice,3,60,1,,,
2026-09-01 12:35:13,autoscaler,customdas-cpu-queue-autoscaler-recommendationservice,7,60,1,,,
2026-09-01 12:35:13,autoscaler,customdas-cpu-queue-autoscaler-shippingservice,7,60,1,,,
2026-09-01 12:35:13,node,ze-master-node,1006,3649,,25.1,46.0,
2026-09-01 12:35:13,node,ze-worker-node,447,1908,,11.2,24.0,
2026-09-01 12:35:21,deployment,adservice,9,95,1,,,
2026-09-01 12:35:21,deployment,cartservice,16,41,1,,,
2026-09-01 12:35:21,deployment,checkoutservice,9,11,1,,,
2026-09-01 12:35:21,deployment,currencyservice,27,35,1,,,
2026-09-01 12:35:21,deployment,emailservice,20,40,1,,,
2026-09-01 12:35:21,deployment,frontend,48,13,1,,,
2026-09-01 12:35:21,http_p95_latency,frontend,,,,,,170.0
2026-09-01 12:35:21,deployment,paymentservice,9,32,1,,,
2026-09-01 12:35:21,deployment,productcatalogservice,36,9,1,,,
2026-09-01 12:35:21,deployment,recommendationservice,31,44,1,,,
2026-09-01 12:35:21,deployment,redis-cart,6,44,1,,,
2026-09-01 12:35:21,deployment,shippingservice,14,9,1,,,
2026-09-01 12:35:21,autoscaler,customdas-cpu-queue-autoscaler-adservice,4,60,1,,,
2026-09-01 12:35:21,autoscaler,customdas-cpu-queue-autoscaler-cartservice,5,60,1,,,
2026-09-01 12:35:21,autoscaler,customdas-cpu-queue-autoscaler-checkoutservice,5,60,1,,,
2026-09-01 12:35:21,autoscaler,customdas-cpu-queue-autoscaler-currencyservice,6,60,1,,,
2026-09-01 12:35:21,autoscaler,customdas-cpu-queue-autoscaler-emailservice,10,60,1,,,
2026-09-01 12:35:21,autoscaler,customdas-cpu-queue-autoscaler-frontend,7,60,1,,,
2026-09-01 12:35:21,autoscaler,customdas-cpu-queue-autoscaler-paymentservice,7,60,1,,,
2026-09-01 12:35:21,autoscaler,customdas-cpu-queue-autoscaler-productcatalogservice,3,60,1,,,
2026-09-01 12:35:21,autoscaler,customdas-cpu-queue-autoscaler-recommendationservice,5,60,1,,,
2026-09-01 12:35:21,autoscaler,customdas-cpu-queue-autoscaler-shippingservice,6,60,1,,,
2026-09-01 12:35:21,node,ze-master-node,1074,3636,,26.9,45.8,
2026-09-01 12:35:21,node,ze-worker-node,478,1909,,11.9,24.0,
2026-09-01 12:35:27,deployment,adservice,9,95,1,,,
2026-09-01 12:35:27,deployment,cartservice,16,41,1,,,
2026-09-01 12:35:27,deployment,checkoutservice,9,11,1,,,
2026-09-01 12:35:27,deployment,currencyservice,27,35,1,,,
2026-09-01 12:35:27,deployment,emailservice,20,40,1,,,
2026-09-01 12:35:27,deployment,frontend,48,13,1,,,
2026-09-01 12:35:27,http_p95_latency,frontend,,,,,,175.0
2026-09-01 12:35:27,deployment,paymentservice,9,32,1,,,
2026-09-01 12:35:27,deployment,productcatalogservice,36,9,1,,,
2026-09-01 12:35:27,deployment,recommendationservice,31,44,1,,,
2026-09-01 12:35:27,deployment,redis-cart,6,44,1,,,
2026-09-01 12:35:27,deployment,shippingservice,14,9,1,,,
2026-09-01 12:35:27,autoscaler,customdas-cpu-queue-autoscaler-adservice,4,60,1,,,
2026-09-01 12:35:27,autoscaler,customdas-cpu-queue-autoscaler-cartservice,5,60,1,,,
2026-09-01 12:35:27,autoscaler,customdas-cpu-queue-autoscaler-checkoutservice,5,60,1,,,
2026-09-01 12:35:27,autoscaler,customdas-cpu-queue-autoscaler-currencyservice,6,60,1,,,
2026-09-01 12:35:27,autoscaler,customdas-cpu-queue-autoscaler-emailservice,10,60,1,,,
2026-09-01 12:35:27,autoscaler,customdas-cpu-queue-autoscaler-frontend,7,60,1,,,
2026-09-01 12:35:27,autoscaler,customdas-cpu-queue-autoscaler-paymentservice,7,60,1,,,
2026-09-01 12:35:27,autoscaler,customdas-cpu-queue-autoscaler-productcatalogservice,3,60,1,,,
2026-09-01 12:35:27,autoscaler,customdas-cpu-queue-autoscaler-recommendationservice,5,60,1,,,
2026-09-01 12:35:27,autoscaler,customdas-cpu-queue-autoscaler-shippingservice,6,60,1,,,
2026-09-01 12:35:27,node,ze-master-node,1074,3636,,26.9,45.8,
2026-09-01 12:35:27,node,ze-worker-node,478,1909,,11.9,24.0,
2026-09-01 12:35:36,deployment,adservice,9,95,1,,,
2026-09-01 12:35:36,deployment,cartservice,19,41,1,,,
2026-09-01 12:35:36,deployment,checkoutservice,9,11,1,,,
2026-09-01 12:35:36,deployment,currencyservice,32,35,1,,,
2026-09-01 12:35:36,deployment,emailservice,18,40,1,,,
2026-09-01 12:35:36,deployment,frontend,49,13,1,,,
2026-09-01 12:35:36,http_p95_latency,frontend,,,,,,175.0
2026-09-01 12:35:36,deployment,paymentservice,7,32,1,,,
2026-09-01 12:35:36,deployment,productcatalogservice,36,9,1,,,
2026-09-01 12:35:36,deployment,recommendationservice,27,41,1,,,
2026-09-01 12:35:36,deployment,redis-cart,5,44,1,,,
2026-09-01 12:35:36,deployment,shippingservice,13,9,1,,,
2026-09-01 12:35:36,autoscaler,customdas-cpu-queue-autoscaler-adservice,3,60,1,,,
2026-09-01 12:35:36,autoscaler,customdas-cpu-queue-autoscaler-cartservice,5,60,1,,,
2026-09-01 12:35:36,autoscaler,customdas-cpu-queue-autoscaler-checkoutservice,4,60,1,,,
2026-09-01 12:35:36,autoscaler,customdas-cpu-queue-autoscaler-currencyservice,6,60,1,,,
2026-09-01 12:35:36,autoscaler,customdas-cpu-queue-autoscaler-emailservice,6,60,1,,,
2026-09-01 12:35:36,autoscaler,customdas-cpu-queue-autoscaler-frontend,9,60,1,,,
2026-09-01 12:35:36,autoscaler,customdas-cpu-queue-autoscaler-paymentservice,4,60,1,,,
2026-09-01 12:35:36,autoscaler,customdas-cpu-queue-autoscaler-productcatalogservice,5,60,1,,,
2026-09-01 12:35:36,autoscaler,customdas-cpu-queue-autoscaler-recommendationservice,8,60,1,,,
2026-09-01 12:35:36,autoscaler,customdas-cpu-queue-autoscaler-shippingservice,7,60,1,,,
2026-09-01 12:35:36,node,ze-master-node,895,3645,,22.4,45.9,
2026-09-01 12:35:36,node,ze-worker-node,390,1909,,9.8,24.0,
2026-09-01 12:35:43,deployment,adservice,9,95,1,,,
2026-09-01 12:35:43,deployment,cartservice,19,41,1,,,
2026-09-01 12:35:43,deployment,checkoutservice,9,11,1,,,
2026-09-01 12:35:43,deployment,currencyservice,32,35,1,,,
2026-09-01 12:35:43,deployment,emailservice,18,40,1,,,
2026-09-01 12:35:43,deployment,frontend,49,13,1,,,
2026-09-01 12:35:43,http_p95_latency,frontend,,,,,,189.3
2026-09-01 12:35:43,deployment,paymentservice,7,32,1,,,
2026-09-01 12:35:43,deployment,productcatalogservice,36,9,1,,,
2026-09-01 12:35:43,deployment,recommendationservice,27,41,1,,,
2026-09-01 12:35:43,deployment,redis-cart,5,44,1,,,
2026-09-01 12:35:43,deployment,shippingservice,13,9,1,,,
2026-09-01 12:35:43,autoscaler,customdas-cpu-queue-autoscaler-adservice,3,60,1,,,
2026-09-01 12:35:43,autoscaler,customdas-cpu-queue-autoscaler-cartservice,5,60,1,,,
2026-09-01 12:35:43,autoscaler,customdas-cpu-queue-autoscaler-checkoutservice,4,60,1,,,
2026-09-01 12:35:43,autoscaler,customdas-cpu-queue-autoscaler-currencyservice,6,60,1,,,
2026-09-01 12:35:43,autoscaler,customdas-cpu-queue-autoscaler-emailservice,6,60,1,,,
2026-09-01 12:35:43,autoscaler,customdas-cpu-queue-autoscaler-frontend,9,60,1,,,
2026-09-01 12:35:43,autoscaler,customdas-cpu-queue-autoscaler-paymentservice,4,60,1,,,
2026-09-01 12:35:43,autoscaler,customdas-cpu-queue-autoscaler-productcatalogservice,5,60,1,,,
2026-09-01 12:35:43,autoscaler,customdas-cpu-queue-autoscaler-recommendationservice,8,60,1,,,
2026-09-01 12:35:43,autoscaler,customdas-cpu-queue-autoscaler-shippingservice,7,60,1,,,
2026-09-01 12:35:43,node,ze-master-node,895,3645,,22.4,45.9,
2026-09-01 12:35:43,node,ze-worker-node,390,1909,,9.8,24.0,
2026-09-01 12:35:51,deployment,adservice,11,95,1,,,
2026-09-01 12:35:51,deployment,cartservice,19,41,1,,,
2026-09-01 12:35:51,deployment,checkoutservice,9,11,1,,,
2026-09-01 12:35:51,deployment,currencyservice,23,35,1,,,
2026-09-01 12:35:51,deployment,emailservice,15,40,1,,,
2026-09-01 12:35:51,deployment,frontend,49,14,1,,,
2026-09-01 12:35:51,http_p95_latency,frontend,,,,,,189.3
2026-09-01 12:35:51,deployment,paymentservice,8,33,1,,,
2026-09-01 12:35:51,deployment,productcatalogservice,32,8,1,,,
2026-09-01 12:35:51,deployment,recommendationservice,26,41,1,,,
2026-09-01 12:35:51,deployment,redis-cart,5,44,1,,,
2026-09-01 12:35:51,deployment,shippingservice,13,9,1,,,
2026-09-01 12:35:51,autoscaler,customdas-cpu-queue-autoscaler-adservice,5,60,1,,,
2026-09-01 12:35:51,autoscaler,customdas-cpu-queue-autoscaler-cartservice,6,60,1,,,
2026-09-01 12:35:51,autoscaler,customdas-cpu-queue-autoscaler-checkoutservice,7,60,1,,,
2026-09-01 12:35:51,autoscaler,customdas-cpu-queue-autoscaler-currencyservice,5,60,1,,,
2026-09-01 12:35:51,autoscaler,customdas-cpu-queue-autoscaler-emailservice,6,60,1,,,
2026-09-01 12:35:51,autoscaler,customdas-cpu-queue-autoscaler-frontend,6,60,1,,,
2026-09-01 12:35:51,autoscaler,customdas-cpu-queue-autoscaler-paymentservice,4,60,1,,,
2026-09-01 12:35:51,autoscaler,customdas-cpu-queue-autoscaler-productcatalogservice,6,60,1,,,
2026-09-01 12:35:51,autoscaler,customdas-cpu-queue-autoscaler-recommendationservice,5,60,1,,,
2026-09-01 12:35:51,autoscaler,customdas-cpu-queue-autoscaler-shippingservice,7,60,1,,,
2026-09-01 12:35:51,node,ze-master-node,1067,3640,,26.7,45.8,
2026-09-01 12:35:51,node,ze-worker-node,491,1909,,12.3,24.0,
2026-09-01 12:35:58,deployment,adservice,11,95,1,,,
2026-09-01 12:35:58,deployment,cartservice,19,41,1,,,
2026-09-01 12:35:58,deployment,checkoutservice,9,11,1,,,
2026-09-01 12:35:58,deployment,currencyservice,23,35,1,,,
2026-09-01 12:35:58,deployment,emailservice,15,40,1,,,
2026-09-01 12:35:58,deployment,frontend,49,14,1,,,
2026-09-01 12:35:58,http_p95_latency,frontend,,,,,,182.9
2026-09-01 12:35:58,deployment,paymentservice,8,33,1,,,
2026-09-01 12:35:58,deployment,productcatalogservice,32,8,1,,,
2026-09-01 12:35:58,deployment,recommendationservice,26,41,1,,,
2026-09-01 12:35:58,deployment,redis-cart,5,44,1,,,
2026-09-01 12:35:58,deployment,shippingservice,13,9,1,,,
2026-09-01 12:35:58,autoscaler,customdas-cpu-queue-autoscaler-adservice,5,60,1,,,
2026-09-01 12:35:58,autoscaler,customdas-cpu-queue-autoscaler-cartservice,6,60,1,,,
2026-09-01 12:35:58,autoscaler,customdas-cpu-queue-autoscaler-checkoutservice,7,60,1,,,
2026-09-01 12:35:58,autoscaler,customdas-cpu-queue-autoscaler-currencyservice,5,60,1,,,
2026-09-01 12:35:58,autoscaler,customdas-cpu-queue-autoscaler-emailservice,6,60,1,,,
2026-09-01 12:35:58,autoscaler,customdas-cpu-queue-autoscaler-frontend,6,60,1,,,
2026-09-01 12:35:58,autoscaler,customdas-cpu-queue-autoscaler-paymentservice,4,60,1,,,
2026-09-01 12:35:58,autoscaler,customdas-cpu-queue-autoscaler-productcatalogservice,6,60,1,,,
2026-09-01 12:35:58,autoscaler,customdas-cpu-queue-autoscaler-recommendationservice,5,60,1,,,
2026-09-01 12:35:58,autoscaler,customdas-cpu-queue-autoscaler-shippingservice,7,60,1,,,
2026-09-01 12:35:58,node,ze-master-node,1067,3640,,26.7,45.8,
2026-09-01 12:35:58,node,ze-worker-node,491,1909,,12.3,24.0,
2026-09-01 12:36:07,deployment,adservice,10,95,1,,,
2026-09-01 12:36:07,deployment,cartservice,15,41,1,,,
2026-09-01 12:36:07,deployment,checkoutservice,8,12,1,,,
2026-09-01 12:36:07,deployment,currencyservice,33,35,1,,,
2026-09-01 12:36:07,deployment,emailservice,15,40,1,,,
2026-09-01 12:36:07,deployment,frontend,48,14,1,,,
2026-09-01 12:36:07,http_p95_latency,frontend,,,,,,182.9
2026-09-01 12:36:07,deployment,paymentservice,8,33,1,,,
2026-09-01 12:36:07,deployment,productcatalogservice,32,8,1,,,
2026-09-01 12:36:07,deployment,recommendationservice,27,41,1,,,
2026-09-01 12:36:07,deployment,redis-cart,5,44,1,,,
2026-09-01 12:36:07,deployment,shippingservice,12,9,1,,,
2026-09-01 12:36:07,autoscaler,customdas-cpu-queue-autoscaler-adservice,0,60,1,,,
2026-09-01 12:36:07,autoscaler,customdas-cpu-queue-autoscaler-cartservice,6,60,1,,,
2026-09-01 12:36:07,autoscaler,customdas-cpu-queue-autoscaler-checkoutservice,7,60,1,,,
2026-09-01 12:36:07,autoscaler,customdas-cpu-queue-autoscaler-currencyservice,5,60,1,,,
2026-09-01 12:36:07,autoscaler,customdas-cpu-queue-autoscaler-emailservice,0,60,1,,,
2026-09-01 12:36:07,autoscaler,customdas-cpu-queue-autoscaler-frontend,8,60,1,,,
2026-09-01 12:36:07,autoscaler,customdas-cpu-queue-autoscaler-paymentservice,7,60,1,,,
2026-09-01 12:36:07,autoscaler,customdas-cpu-queue-autoscaler-productcatalogservice,6,60,1,,,
2026-09-01 12:36:07,autoscaler,customdas-cpu-queue-autoscaler-recommendationservice,12,60,1,,,
2026-09-01 12:36:07,autoscaler,customdas-cpu-queue-autoscaler-shippingservice,7,60,1,,,
2026-09-01 12:36:07,node,ze-master-node,949,3659,,23.7,46.1,
2026-09-01 12:36:07,node,ze-worker-node,367,1909,,9.2,24.0,
2026-09-01 12:36:14,deployment,adservice,10,95,1,,,
2026-09-01 12:36:14,deployment,cartservice,15,41,1,,,
2026-09-01 12:36:14,deployment,checkoutservice,8,12,1,,,
2026-09-01 12:36:14,deployment,currencyservice,33,35,1,,,
2026-09-01 12:36:14,deployment,emailservice,15,40,1,,,
2026-09-01 12:36:14,deployment,frontend,48,14,1,,,
2026-09-01 12:36:14,http_p95_latency,frontend,,,,,,191.0
2026-09-01 12:36:14,deployment,paymentservice,8,33,1,,,
2026-09-01 12:36:14,deployment,productcatalogservice,32,8,1,,,
2026-09-01 12:36:14,deployment,recommendationservice,27,41,1,,,
2026-09-01 12:36:14,deployment,redis-cart,5,44,1,,,
2026-09-01 12:36:14,deployment,shippingservice,12,9,1,,,
2026-09-01 12:36:14,autoscaler,customdas-cpu-queue-autoscaler-adservice,0,60,1,,,
2026-09-01 12:36:14,autoscaler,customdas-cpu-queue-autoscaler-cartservice,6,60,1,,,
2026-09-01 12:36:14,autoscaler,customdas-cpu-queue-autoscaler-checkoutservice,7,60,1,,,
2026-09-01 12:36:14,autoscaler,customdas-cpu-queue-autoscaler-currencyservice,5,60,1,,,
2026-09-01 12:36:14,autoscaler,customdas-cpu-queue-autoscaler-emailservice,0,60,1,,,
2026-09-01 12:36:14,autoscaler,customdas-cpu-queue-autoscaler-frontend,8,60,1,,,
2026-09-01 12:36:14,autoscaler,customdas-cpu-queue-autoscaler-paymentservice,7,60,1,,,
2026-09-01 12:36:14,autoscaler,customdas-cpu-queue-autoscaler-productcatalogservice,6,60,1,,,
2026-09-01 12:36:14,autoscaler,customdas-cpu-queue-autoscaler-recommendationservice,12,60,1,,,
2026-09-01 12:36:14,autoscaler,customdas-cpu-queue-autoscaler-shippingservice,7,60,1,,,
2026-09-01 12:36:14,node,ze-master-node,949,3659,,23.7,46.1,
2026-09-01 12:36:14,node,ze-worker-node,367,1909,,9.2,24.0,
2026-09-01 12:36:22,deployment,adservice,10,95,1,,,
2026-09-01 12:36:22,deployment,cartservice,26,41,1,,,
2026-09-01 12:36:22,deployment,checkoutservice,8,12,1,,,
2026-09-01 12:36:22,deployment,currencyservice,29,35,1,,,
2026-09-01 12:36:22,deployment,emailservice,17,40,1,,,
2026-09-01 12:36:22,deployment,frontend,65,14,1,,,
2026-09-01 12:36:22,http_p95_latency,frontend,,,,,,191.0
2026-09-01 12:36:22,deployment,paymentservice,6,32,1,,,
2026-09-01 12:36:22,deployment,productcatalogservice,35,9,1,,,
2026-09-01 12:36:22,deployment,recommendationservice,33,41,1,,,
2026-09-01 12:36:22,deployment,redis-cart,6,44,1,,,
2026-09-01 12:36:22,deployment,shippingservice,12,9,1,,,
2026-09-01 12:36:22,autoscaler,customdas-cpu-queue-autoscaler-adservice,6,60,1,,,
2026-09-01 12:36:22,autoscaler,customdas-cpu-queue-autoscaler-cartservice,5,60,1,,,
2026-09-01 12:36:22,autoscaler,customdas-cpu-queue-autoscaler-checkoutservice,3,60,1,,,
2026-09-01 12:36:22,autoscaler,customdas-cpu-queue-autoscaler-currencyservice,4,60,1,,,
2026-09-01 12:36:22,autoscaler,customdas-cpu-queue-autoscaler-emailservice,6,60,1,,,
2026-09-01 12:36:22,autoscaler,customdas-cpu-queue-autoscaler-frontend,7,60,1,,,
2026-09-01 12:36:22,autoscaler,customdas-cpu-queue-autoscaler-paymentservice,3,60,1,,,
2026-09-01 12:36:22,autoscaler,customdas-cpu-queue-autoscaler-productcatalogservice,3,60,1,,,
2026-09-01 12:36:22,autoscaler,customdas-cpu-queue-autoscaler-recommendationservice,4,60,1,,,
2026-09-01 12:36:22,autoscaler,customdas-cpu-queue-autoscaler-shippingservice,7,60,1,,,
2026-09-01 12:36:22,node,ze-master-node,1167,3648,,29.2,45.9,
2026-09-01 12:36:22,node,ze-worker-node,585,1908,,14.6,24.0,
2026-09-01 12:36:28,deployment,adservice,10,95,1,,,
2026-09-01 12:36:28,deployment,cartservice,26,41,1,,,
2026-09-01 12:36:28,deployment,checkoutservice,8,12,1,,,
2026-09-01 12:36:28,deployment,currencyservice,29,35,1,,,
2026-09-01 12:36:28,deployment,emailservice,17,40,1,,,
2026-09-01 12:36:28,deployment,frontend,65,14,1,,,
2026-09-01 12:36:28,http_p95_latency,frontend,,,,,,355.0
2026-09-01 12:36:28,deployment,paymentservice,6,32,1,,,
2026-09-01 12:36:28,deployment,productcatalogservice,35,9,1,,,
2026-09-01 12:36:28,deployment,recommendationservice,33,41,1,,,
2026-09-01 12:36:28,deployment,redis-cart,6,44,1,,,
2026-09-01 12:36:28,deployment,shippingservice,12,9,1,,,
2026-09-01 12:36:28,autoscaler,customdas-cpu-queue-autoscaler-adservice,6,60,1,,,
2026-09-01 12:36:28,autoscaler,customdas-cpu-queue-autoscaler-cartservice,5,60,1,,,
2026-09-01 12:36:28,autoscaler,customdas-cpu-queue-autoscaler-checkoutservice,3,60,1,,,
2026-09-01 12:36:28,autoscaler,customdas-cpu-queue-autoscaler-currencyservice,4,60,1,,,
2026-09-01 12:36:28,autoscaler,customdas-cpu-queue-autoscaler-emailservice,6,60,1,,,
2026-09-01 12:36:28,autoscaler,customdas-cpu-queue-autoscaler-frontend,7,60,1,,,
2026-09-01 12:36:28,autoscaler,customdas-cpu-queue-autoscaler-paymentservice,3,60,1,,,
2026-09-01 12:36:28,autoscaler,customdas-cpu-queue-autoscaler-productcatalogservice,3,60,1,,,
2026-09-01 12:36:28,autoscaler,customdas-cpu-queue-autoscaler-recommendationservice,4,60,1,,,
2026-09-01 12:36:28,autoscaler,customdas-cpu-queue-autoscaler-shippingservice,7,60,1,,,
2026-09-01 12:36:28,node,ze-master-node,1167,3648,,29.2,45.9,
2026-09-01 12:36:28,node,ze-worker-node,585,1908,,14.6,24.0,
2026-09-01 12:36:36,deployment,adservice,14,95,1,,,
2026-09-01 12:36:36,deployment,cartservice,34,41,1,,,
2026-09-01 12:36:36,deployment,checkoutservice,12,12,1,,,
2026-09-01 12:36:36,deployment,currencyservice,47,36,1,,,
2026-09-01 12:36:36,deployment,emailservice,18,40,1,,,
2026-09-01 12:36:36,deployment,frontend,106,14,1,,,
2026-09-01 12:36:36,http_p95_latency,frontend,,,,,,355.0
2026-09-01 12:36:36,deployment,paymentservice,10,32,1,,,
2026-09-01 12:36:36,deployment,productcatalogservice,56,9,2,,,
2026-09-01 12:36:36,deployment,recommendationservice,43,41,1,,,
2026-09-01 12:36:36,deployment,redis-cart,7,44,1,,,
2026-09-01 12:36:36,deployment,shippingservice,15,9,1,,,
2026-09-01 12:36:36,autoscaler,customdas-cpu-queue-autoscaler-adservice,0,60,1,,,
2026-09-01 12:36:36,autoscaler,customdas-cpu-queue-autoscaler-cartservice,4,60,1,,,
2026-09-01 12:36:36,autoscaler,customdas-cpu-queue-autoscaler-checkoutservice,4,60,1,,,
2026-09-01 12:36:36,autoscaler,customdas-cpu-queue-autoscaler-currencyservice,8,60,1,,,
2026-09-01 12:36:36,autoscaler,customdas-cpu-queue-autoscaler-emailservice,9,60,1,,,
2026-09-01 12:36:36,autoscaler,customdas-cpu-queue-autoscaler-frontend,1,60,1,,,
2026-09-01 12:36:36,autoscaler,customdas-cpu-queue-autoscaler-paymentservice,6,60,1,,,
2026-09-01 12:36:36,autoscaler,customdas-cpu-queue-autoscaler-productcatalogservice,9,60,1,,,
2026-09-01 12:36:36,autoscaler,customdas-cpu-queue-autoscaler-recommendationservice,5,60,1,,,
2026-09-01 12:36:36,autoscaler,customdas-cpu-queue-autoscaler-shippingservice,4,60,1,,,
2026-09-01 12:36:36,node,ze-master-node,971,3658,,24.3,46.1,
2026-09-01 12:36:36,node,ze-worker-node,636,1909,,15.9,24.0,
2026-09-01 12:36:43,deployment,adservice,14,95,1,,,
2026-09-01 12:36:43,deployment,cartservice,34,41,1,,,
2026-09-01 12:36:43,deployment,checkoutservice,12,12,1,,,
2026-09-01 12:36:43,deployment,currencyservice,47,36,1,,,
2026-09-01 12:36:43,deployment,emailservice,18,40,1,,,
2026-09-01 12:36:43,deployment,frontend,106,14,1,,,
2026-09-01 12:36:43,http_p95_latency,frontend,,,,,,307.0
2026-09-01 12:36:43,deployment,paymentservice,10,32,1,,,
2026-09-01 12:36:43,deployment,productcatalogservice,56,9,2,,,
2026-09-01 12:36:43,deployment,recommendationservice,43,41,1,,,
2026-09-01 12:36:43,deployment,redis-cart,7,44,1,,,
2026-09-01 12:36:43,deployment,shippingservice,15,9,1,,,
2026-09-01 12:36:43,autoscaler,customdas-cpu-queue-autoscaler-adservice,0,60,1,,,
2026-09-01 12:36:43,autoscaler,customdas-cpu-queue-autoscaler-cartservice,4,60,1,,,
2026-09-01 12:36:43,autoscaler,customdas-cpu-queue-autoscaler-checkoutservice,4,60,1,,,
2026-09-01 12:36:43,autoscaler,customdas-cpu-queue-autoscaler-currencyservice,8,60,1,,,
2026-09-01 12:36:43,autoscaler,customdas-cpu-queue-autoscaler-emailservice,9,60,1,,,
2026-09-01 12:36:43,autoscaler,customdas-cpu-queue-autoscaler-frontend,1,60,1,,,
2026-09-01 12:36:43,autoscaler,customdas-cpu-queue-autoscaler-paymentservice,6,60,1,,,
2026-09-01 12:36:43,autoscaler,customdas-cpu-queue-autoscaler-productcatalogservice,9,60,1,,,
2026-09-01 12:36:43,autoscaler,customdas-cpu-queue-autoscaler-recommendationservice,5,60,1,,,
2026-09-01 12:36:43,autoscaler,customdas-cpu-queue-autoscaler-shippingservice,4,60,1,,,
2026-09-01 12:36:43,node,ze-master-node,971,3658,,24.3,46.1,
2026-09-01 12:36:43,node,ze-worker-node,636,1909,,15.9,24.0,
2026-09-01 12:36:51,deployment,adservice,14,95,1,,,
2026-09-01 12:36:51,deployment,cartservice,34,41,1,,,
2026-09-01 12:36:51,deployment,checkoutservice,8,11,1,,,
2026-09-01 12:36:51,deployment,currencyservice,47,36,1,,,
2026-09-01 12:36:51,deployment,emailservice,16,40,1,,,
2026-09-01 12:36:51,deployment,frontend,109,14,1,,,
2026-09-01 12:36:51,http_p95_latency,frontend,,,,,,307.0
2026-09-01 12:36:51,deployment,paymentservice,6,33,1,,,
2026-09-01 12:36:51,deployment,productcatalogservice,67,16,2,,,
2026-09-01 12:36:51,deployment,recommendationservice,43,41,1,,,
2026-09-01 12:36:51,deployment,redis-cart,7,44,1,,,
2026-09-01 12:36:51,deployment,shippingservice,12,9,1,,,
2026-09-01 12:36:51,autoscaler,customdas-cpu-queue-autoscaler-adservice,6,60,1,,,
2026-09-01 12:36:51,autoscaler,customdas-cpu-queue-autoscaler-cartservice,6,60,1,,,
2026-09-01 12:36:51,autoscaler,customdas-cpu-queue-autoscaler-checkoutservice,4,60,1,,,
2026-09-01 12:36:51,autoscaler,customdas-cpu-queue-autoscaler-currencyservice,0,60,1,,,
2026-09-01 12:36:51,autoscaler,customdas-cpu-queue-autoscaler-emailservice,0,60,1,,,
2026-09-01 12:36:51,autoscaler,customdas-cpu-queue-autoscaler-frontend,1,60,1,,,
2026-09-01 12:36:51,autoscaler,customdas-cpu-queue-autoscaler-paymentservice,2,60,1,,,
2026-09-01 12:36:51,autoscaler,customdas-cpu-queue-autoscaler-productcatalogservice,0,60,1,,,
2026-09-01 12:36:51,autoscaler,customdas-cpu-queue-autoscaler-recommendationservice,0,60,1,,,
2026-09-01 12:36:51,autoscaler,customdas-cpu-queue-autoscaler-shippingservice,4,60,1,,,
2026-09-01 12:36:51,node,ze-master-node,1350,3665,,33.8,46.2,
2026-09-01 12:36:51,node,ze-worker-node,700,1893,,17.5,23.8,
2026-09-01 12:36:58,deployment,adservice,14,95,1,,,
2026-09-01 12:36:58,deployment,cartservice,34,41,1,,,
2026-09-01 12:36:58,deployment,checkoutservice,8,11,1,,,
2026-09-01 12:36:58,deployment,currencyservice,47,36,1,,,
2026-09-01 12:36:58,deployment,emailservice,16,40,1,,,
2026-09-01 12:36:58,deployment,frontend,109,14,1,,,
2026-09-01 12:36:58,http_p95_latency,frontend,,,,,,274.5
2026-09-01 12:36:58,deployment,paymentservice,6,33,1,,,
2026-09-01 12:36:58,deployment,productcatalogservice,67,16,2,,,
2026-09-01 12:36:58,deployment,recommendationservice,43,41,1,,,
2026-09-01 12:36:58,deployment,redis-cart,7,44,1,,,
2026-09-01 12:36:58,deployment,shippingservice,12,9,1,,,
2026-09-01 12:36:58,autoscaler,customdas-cpu-queue-autoscaler-adservice,6,60,1,,,
2026-09-01 12:36:58,autoscaler,customdas-cpu-queue-autoscaler-cartservice,6,60,1,,,
2026-09-01 12:36:58,autoscaler,customdas-cpu-queue-autoscaler-checkoutservice,4,60,1,,,
2026-09-01 12:36:58,autoscaler,customdas-cpu-queue-autoscaler-currencyservice,0,60,1,,,
2026-09-01 12:36:58,autoscaler,customdas-cpu-queue-autoscaler-emailservice,0,60,1,,,
2026-09-01 12:36:58,autoscaler,customdas-cpu-queue-autoscaler-frontend,1,60,1,,,
2026-09-01 12:36:58,autoscaler,customdas-cpu-queue-autoscaler-paymentservice,2,60,1,,,
2026-09-01 12:36:58,autoscaler,customdas-cpu-queue-autoscaler-productcatalogservice,0,60,1,,,
2026-09-01 12:36:58,autoscaler,customdas-cpu-queue-autoscaler-recommendationservice,0,60,1,,,
2026-09-01 12:36:58,autoscaler,customdas-cpu-queue-autoscaler-shippingservice,4,60,1,,,
2026-09-01 12:36:58,node,ze-master-node,1350,3665,,33.8,46.2,
2026-09-01 12:36:58,node,ze-worker-node,700,1893,,17.5,23.8,
2026-09-01 12:37:05,deployment,adservice,13,95,1,,,
2026-09-01 12:37:05,deployment,cartservice,31,41,1,,,
2026-09-01 12:37:05,deployment,checkoutservice,14,11,1,,,
2026-09-01 12:37:05,deployment,currencyservice,53,36,1,,,
2026-09-01 12:37:05,deployment,emailservice,17,40,1,,,
2026-09-01 12:37:05,deployment,frontend,108,14,1,,,
2026-09-01 12:37:05,http_p95_latency,frontend,,,,,,274.5
2026-09-01 12:37:05,deployment,paymentservice,9,32,1,,,
2026-09-01 12:37:05,deployment,productcatalogservice,80,16,2,,,
2026-09-01 12:37:05,deployment,recommendationservice,42,41,1,,,
2026-09-01 12:37:05,deployment,redis-cart,43,46,1,,,
2026-09-01 12:37:05,deployment,shippingservice,15,11,1,,,
2026-09-01 12:37:05,autoscaler,customdas-cpu-queue-autoscaler-adservice,2,60,1,,,
2026-09-01 12:37:05,autoscaler,customdas-cpu-queue-autoscaler-cartservice,5,60,1,,,
2026-09-01 12:37:05,autoscaler,customdas-cpu-queue-autoscaler-checkoutservice,3,60,1,,,
2026-09-01 12:37:05,autoscaler,customdas-cpu-queue-autoscaler-currencyservice,6,60,1,,,
2026-09-01 12:37:05,autoscaler,customdas-cpu-queue-autoscaler-emailservice,5,60,1,,,
2026-09-01 12:37:05,autoscaler,customdas-cpu-queue-autoscaler-frontend,8,60,1,,,
2026-09-01 12:37:05,autoscaler,customdas-cpu-queue-autoscaler-paymentservice,3,60,1,,,
2026-09-01 12:37:05,autoscaler,customdas-cpu-queue-autoscaler-productcatalogservice,6,60,1,,,
2026-09-01 12:37:05,autoscaler,customdas-cpu-queue-autoscaler-recommendationservice,7,60,1,,,
2026-09-01 12:37:05,autoscaler,customdas-cpu-queue-autoscaler-shippingservice,6,60,1,,,
2026-09-01 12:37:05,node,ze-master-node,1075,3675,,26.9,46.3,
2026-09-01 12:37:05,node,ze-worker-node,644,1892,,16.1,23.8,
2026-09-01 12:37:13,deployment,adservice,13,95,1,,,
2026-09-01 12:37:13,deployment,cartservice,31,41,1,,,
2026-09-01 12:37:13,deployment,checkoutservice,14,11,1,,,
2026-09-01 12:37:13,deployment,currencyservice,53,36,1,,,
2026-09-01 12:37:13,deployment,emailservice,17,40,1,,,
2026-09-01 12:37:13,deployment,frontend,108,14,1,,,
2026-09-01 12:37:13,http_p95_latency,frontend,,,,,,216.0
2026-09-01 12:37:13,deployment,paymentservice,9,32,1,,,
2026-09-01 12:37:13,deployment,productcatalogservice,80,16,2,,,
2026-09-01 12:37:13,deployment,recommendationservice,42,41,1,,,
2026-09-01 12:37:13,deployment,redis-cart,43,46,1,,,
2026-09-01 12:37:13,deployment,shippingservice,15,11,1,,,
2026-09-01 12:37:13,autoscaler,customdas-cpu-queue-autoscaler-adservice,2,60,1,,,
2026-09-01 12:37:13,autoscaler,customdas-cpu-queue-autoscaler-cartservice,5,60,1,,,
2026-09-01 12:37:13,autoscaler,customdas-cpu-queue-autoscaler-checkoutservice,3,60,1,,,
2026-09-01 12:37:13,autoscaler,customdas-cpu-queue-autoscaler-currencyservice,6,60,1,,,
2026-09-01 12:37:13,autoscaler,customdas-cpu-queue-autoscaler-emailservice,5,60,1,,,
2026-09-01 12:37:13,autoscaler,customdas-cpu-queue-autoscaler-frontend,8,60,1,,,
2026-09-01 12:37:13,autoscaler,customdas-cpu-queue-autoscaler-paymentservice,3,60,1,,,
2026-09-01 12:37:13,autoscaler,customdas-cpu-queue-autoscaler-productcatalogservice,6,60,1,,,
2026-09-01 12:37:13,autoscaler,customdas-cpu-queue-autoscaler-recommendationservice,7,60,1,,,
2026-09-01 12:37:13,autoscaler,customdas-cpu-queue-autoscaler-shippingservice,6,60,1,,,
2026-09-01 12:37:13,node,ze-master-node,1075,3675,,26.9,46.3,
2026-09-01 12:37:13,node,ze-worker-node,644,1892,,16.1,23.8,
2026-09-01 12:37:22,deployment,adservice,13,95,1,,,
2026-09-01 12:37:22,deployment,cartservice,34,41,1,,,
2026-09-01 12:37:22,deployment,checkoutservice,11,11,1,,,
2026-09-01 12:37:22,deployment,currencyservice,61,38,1,,,
2026-09-01 12:37:22,deployment,emailservice,19,40,1,,,
2026-09-01 12:37:22,deployment,frontend,112,14,1,,,
2026-09-01 12:37:22,http_p95_latency,frontend,,,,,,216.0
2026-09-01 12:37:22,deployment,paymentservice,8,33,1,,,
2026-09-01 12:37:22,deployment,productcatalogservice,79,16,2,,,
2026-09-01 12:37:22,deployment,recommendationservice,42,41,1,,,
2026-09-01 12:37:22,deployment,redis-cart,26,44,1,,,
2026-09-01 12:37:22,deployment,shippingservice,14,9,1,,,
2026-09-01 12:37:22,autoscaler,customdas-cpu-queue-autoscaler-adservice,7,60,1,,,
2026-09-01 12:37:22,autoscaler,customdas-cpu-queue-autoscaler-cartservice,5,60,1,,,
2026-09-01 12:37:22,autoscaler,customdas-cpu-queue-autoscaler-checkoutservice,5,60,1,,,
2026-09-01 12:37:22,autoscaler,customdas-cpu-queue-autoscaler-currencyservice,6,60,1,,,
2026-09-01 12:37:22,autoscaler,customdas-cpu-queue-autoscaler-emailservice,5,60,1,,,
2026-09-01 12:37:22,autoscaler,customdas-cpu-queue-autoscaler-frontend,4,60,1,,,
2026-09-01 12:37:22,autoscaler,customdas-cpu-queue-autoscaler-paymentservice,3,60,1,,,
2026-09-01 12:37:22,autoscaler,customdas-cpu-queue-autoscaler-productcatalogservice,5,60,1,,,
2026-09-01 12:37:22,autoscaler,customdas-cpu-queue-autoscaler-recommendationservice,4,60,1,,,
2026-09-01 12:37:22,autoscaler,customdas-cpu-queue-autoscaler-shippingservice,6,60,1,,,
2026-09-01 12:37:22,node,ze-master-node,1400,3671,,35.0,46.2,
2026-09-01 12:37:22,node,ze-worker-node,806,1890,,20.2,23.8,
2026-09-01 12:37:30,deployment,adservice,13,95,1,,,
2026-09-01 12:37:30,deployment,cartservice,34,41,1,,,
2026-09-01 12:37:30,deployment,checkoutservice,11,11,1,,,
2026-09-01 12:37:30,deployment,currencyservice,61,38,1,,,
2026-09-01 12:37:30,deployment,emailservice,19,40,1,,,
2026-09-01 12:37:30,deployment,frontend,112,14,1,,,
2026-09-01 12:37:30,http_p95_latency,frontend,,,,,,648.9
2026-09-01 12:37:30,deployment,paymentservice,8,33,1,,,
2026-09-01 12:37:30,deployment,productcatalogservice,79,16,2,,,
2026-09-01 12:37:30,deployment,recommendationservice,42,41,1,,,
2026-09-01 12:37:30,deployment,redis-cart,26,44,1,,,
2026-09-01 12:37:30,deployment,shippingservice,14,9,1,,,
2026-09-01 12:37:30,autoscaler,customdas-cpu-queue-autoscaler-adservice,7,60,1,,,
2026-09-01 12:37:30,autoscaler,customdas-cpu-queue-autoscaler-cartservice,5,60,1,,,
2026-09-01 12:37:30,autoscaler,customdas-cpu-queue-autoscaler-checkoutservice,5,60,1,,,
2026-09-01 12:37:30,autoscaler,customdas-cpu-queue-autoscaler-currencyservice,6,60,1,,,
2026-09-01 12:37:30,autoscaler,customdas-cpu-queue-autoscaler-emailservice,5,60,1,,,
2026-09-01 12:37:30,autoscaler,customdas-cpu-queue-autoscaler-frontend,4,60,1,,,
2026-09-01 12:37:30,autoscaler,customdas-cpu-queue-autoscaler-paymentservice,3,60,1,,,
2026-09-01 12:37:30,autoscaler,customdas-cpu-queue-autoscaler-productcatalogservice,5,60,1,,,
2026-09-01 12:37:30,autoscaler,customdas-cpu-queue-autoscaler-recommendationservice,4,60,1,,,
2026-09-01 12:37:30,autoscaler,customdas-cpu-queue-autoscaler-shippingservice,6,60,1,,,
2026-09-01 12:37:30,node,ze-master-node,1400,3671,,35.0,46.2,
2026-09-01 12:37:30,node,ze-worker-node,806,1890,,20.2,23.8,
2026-09-01 12:37:37,deployment,adservice,20,95,1,,,
2026-09-01 12:37:37,deployment,cartservice,55,41,1,,,
2026-09-01 12:37:37,deployment,checkoutservice,15,11,1,,,
2026-09-01 12:37:37,deployment,currencyservice,87,43,2,,,
2026-09-01 12:37:37,deployment,emailservice,14,40,1,,,
2026-09-01 12:37:37,deployment,frontend,167,15,1,,,
2026-09-01 12:37:37,http_p95_latency,frontend,,,,,,648.9
2026-09-01 12:37:37,deployment,paymentservice,9,32,1,,,
2026-09-01 12:37:37,deployment,productcatalogservice,118,17,2,,,
2026-09-01 12:37:37,deployment,recommendationservice,63,41,1,,,
2026-09-01 12:37:37,deployment,redis-cart,9,44,1,,,
2026-09-01 12:37:37,deployment,shippingservice,19,9,1,,,
2026-09-01 12:37:37,autoscaler,customdas-cpu-queue-autoscaler-adservice,0,60,1,,,
2026-09-01 12:37:37,autoscaler,customdas-cpu-queue-autoscaler-cartservice,0,60,1,,,
2026-09-01 12:37:37,autoscaler,customdas-cpu-queue-autoscaler-checkoutservice,4,60,1,,,
2026-09-01 12:37:37,autoscaler,customdas-cpu-queue-autoscaler-currencyservice,5,60,1,,,
2026-09-01 12:37:37,autoscaler,customdas-cpu-queue-autoscaler-emailservice,5,60,1,,,
2026-09-01 12:37:37,autoscaler,customdas-cpu-queue-autoscaler-frontend,4,60,1,,,
2026-09-01 12:37:37,autoscaler,customdas-cpu-queue-autoscaler-paymentservice,7,60,1,,,
2026-09-01 12:37:37,autoscaler,customdas-cpu-queue-autoscaler-productcatalogservice,5,60,1,,,
2026-09-01 12:37:37,autoscaler,customdas-cpu-queue-autoscaler-recommendationservice,5,60,1,,,
2026-09-01 12:37:37,autoscaler,customdas-cpu-queue-autoscaler-shippingservice,7,60,1,,,
2026-09-01 12:37:37,node,ze-master-node,1382,3680,,34.5,46.3,
2026-09-01 12:37:37,node,ze-worker-node,810,1890,,20.2,23.8,
2026-09-01 12:37:44,deployment,adservice,20,95,1,,,
2026-09-01 12:37:44,deployment,cartservice,55,41,1,,,
2026-09-01 12:37:44,deployment,checkoutservice,15,11,1,,,
2026-09-01 12:37:44,deployment,currencyservice,87,43,2,,,
2026-09-01 12:37:44,deployment,emailservice,14,40,1,,,
2026-09-01 12:37:44,deployment,frontend,167,15,1,,,
2026-09-01 12:37:44,http_p95_latency,frontend,,,,,,802.6
2026-09-01 12:37:44,deployment,paymentservice,9,32,1,,,
2026-09-01 12:37:44,deployment,productcatalogservice,118,17,2,,,
2026-09-01 12:37:44,deployment,recommendationservice,63,41,1,,,
2026-09-01 12:37:44,deployment,redis-cart,9,44,1,,,
2026-09-01 12:37:44,deployment,shippingservice,19,9,1,,,
2026-09-01 12:37:44,autoscaler,customdas-cpu-queue-autoscaler-adservice,0,60,1,,,
2026-09-01 12:37:44,autoscaler,customdas-cpu-queue-autoscaler-cartservice,0,60,1,,,
2026-09-01 12:37:44,autoscaler,customdas-cpu-queue-autoscaler-checkoutservice,4,60,1,,,
2026-09-01 12:37:44,autoscaler,customdas-cpu-queue-autoscaler-currencyservice,5,60,1,,,
2026-09-01 12:37:44,autoscaler,customdas-cpu-queue-autoscaler-emailservice,5,60,1,,,
2026-09-01 12:37:44,autoscaler,customdas-cpu-queue-autoscaler-frontend,4,60,1,,,
2026-09-01 12:37:44,autoscaler,customdas-cpu-queue-autoscaler-paymentservice,7,60,1,,,
2026-09-01 12:37:44,autoscaler,customdas-cpu-queue-autoscaler-productcatalogservice,5,60,1,,,
2026-09-01 12:37:44,autoscaler,customdas-cpu-queue-autoscaler-recommendationservice,5,60,1,,,
2026-09-01 12:37:44,autoscaler,customdas-cpu-queue-autoscaler-shippingservice,7,60,1,,,
2026-09-01 12:37:44,node,ze-master-node,1382,3680,,34.5,46.3,
2026-09-01 12:37:44,node,ze-worker-node,810,1890,,20.2,23.8,
2026-09-01 12:37:53,deployment,adservice,21,95,1,,,
2026-09-01 12:37:53,deployment,cartservice,43,41,1,,,
2026-09-01 12:37:53,deployment,checkoutservice,12,11,1,,,
2026-09-01 12:37:53,deployment,currencyservice,257,66,2,,,
2026-09-01 12:37:53,deployment,emailservice,19,40,1,,,
2026-09-01 12:37:53,deployment,frontend,176,14,2,,,
2026-09-01 12:37:53,http_p95_latency,frontend,,,,,,802.6
2026-09-01 12:37:53,deployment,paymentservice,6,33,1,,,
2026-09-01 12:37:53,deployment,productcatalogservice,112,17,2,,,
2026-09-01 12:37:53,deployment,recommendationservice,66,41,1,,,
2026-09-01 12:37:53,deployment,redis-cart,8,44,1,,,
2026-09-01 12:37:53,deployment,shippingservice,19,9,1,,,
2026-09-01 12:37:53,autoscaler,customdas-cpu-queue-autoscaler-adservice,5,60,1,,,
2026-09-01 12:37:53,autoscaler,customdas-cpu-queue-autoscaler-cartservice,5,60,1,,,
2026-09-01 12:37:53,autoscaler,customdas-cpu-queue-autoscaler-checkoutservice,5,60,1,,,
2026-09-01 12:37:53,autoscaler,customdas-cpu-queue-autoscaler-currencyservice,6,60,1,,,
2026-09-01 12:37:53,autoscaler,customdas-cpu-queue-autoscaler-emailservice,7,60,1,,,
2026-09-01 12:37:53,autoscaler,customdas-cpu-queue-autoscaler-frontend,6,60,1,,,
2026-09-01 12:37:53,autoscaler,customdas-cpu-queue-autoscaler-paymentservice,4,60,1,,,
2026-09-01 12:37:53,autoscaler,customdas-cpu-queue-autoscaler-productcatalogservice,5,60,1,,,
2026-09-01 12:37:53,autoscaler,customdas-cpu-queue-autoscaler-recommendationservice,4,60,1,,,
2026-09-01 12:37:53,autoscaler,customdas-cpu-queue-autoscaler-shippingservice,4,60,1,,,
2026-09-01 12:37:53,node,ze-master-node,1638,3687,,40.9,46.4,
2026-09-01 12:37:53,node,ze-worker-node,1086,1924,,27.2,24.2,
2026-09-01 12:38:01,deployment,adservice,21,95,1,,,
2026-09-01 12:38:01,deployment,cartservice,43,41,1,,,
2026-09-01 12:38:01,deployment,checkoutservice,12,11,1,,,
2026-09-01 12:38:01,deployment,currencyservice,257,66,2,,,
2026-09-01 12:38:01,deployment,emailservice,19,40,1,,,
2026-09-01 12:38:01,deployment,frontend,176,14,2,,,
2026-09-01 12:38:01,http_p95_latency,frontend,,,,,,762.0
2026-09-01 12:38:01,deployment,paymentservice,6,33,1,,,
2026-09-01 12:38:01,deployment,productcatalogservice,112,17,2,,,
2026-09-01 12:38:01,deployment,recommendationservice,66,41,1,,,
2026-09-01 12:38:01,deployment,redis-cart,8,44,1,,,
2026-09-01 12:38:01,deployment,shippingservice,19,9,1,,,
2026-09-01 12:38:01,autoscaler,customdas-cpu-queue-autoscaler-adservice,3,60,1,,,
2026-09-01 12:38:01,autoscaler,customdas-cpu-queue-autoscaler-cartservice,7,60,1,,,
2026-09-01 12:38:01,autoscaler,customdas-cpu-queue-autoscaler-checkoutservice,2,60,1,,,
2026-09-01 12:38:01,autoscaler,customdas-cpu-queue-autoscaler-currencyservice,5,60,1,,,
2026-09-01 12:38:01,autoscaler,customdas-cpu-queue-autoscaler-emailservice,0,60,1,,,
2026-09-01 12:38:01,autoscaler,customdas-cpu-queue-autoscaler-frontend,5,60,1,,,
2026-09-01 12:38:01,autoscaler,customdas-cpu-queue-autoscaler-paymentservice,4,60,1,,,
2026-09-01 12:38:01,autoscaler,customdas-cpu-queue-autoscaler-productcatalogservice,4,60,1,,,
2026-09-01 12:38:01,autoscaler,customdas-cpu-queue-autoscaler-recommendationservice,6,60,1,,,
2026-09-01 12:38:01,autoscaler,customdas-cpu-queue-autoscaler-shippingservice,4,60,1,,,
2026-09-01 12:38:01,node,ze-master-node,1465,3695,,36.6,46.5,
2026-09-01 12:38:01,node,ze-worker-node,986,1919,,24.6,24.2,
2026-09-01 12:38:10,deployment,adservice,18,95,1,,,
2026-09-01 12:38:10,deployment,cartservice,48,41,1,,,
2026-09-01 12:38:10,deployment,checkoutservice,17,11,1,,,
2026-09-01 12:38:10,deployment,currencyservice,224,60,2,,,
2026-09-01 12:38:10,deployment,emailservice,19,40,1,,,
2026-09-01 12:38:10,deployment,frontend,199,22,2,,,
2026-09-01 12:38:10,http_p95_latency,frontend,,,,,,762.0
2026-09-01 12:38:10,deployment,paymentservice,10,33,1,,,
2026-09-01 12:38:10,deployment,productcatalogservice,119,17,2,,,
2026-09-01 12:38:10,deployment,recommendationservice,73,41,1,,,
2026-09-01 12:38:10,deployment,redis-cart,9,44,1,,,
2026-09-01 12:38:10,deployment,shippingservice,20,9,1,,,
2026-09-01 12:38:10,autoscaler,customdas-cpu-queue-autoscaler-adservice,3,60,1,,,
2026-09-01 12:38:10,autoscaler,customdas-cpu-queue-autoscaler-cartservice,7,60,1,,,
2026-09-01 12:38:10,autoscaler,customdas-cpu-queue-autoscaler-checkoutservice,2,60,1,,,
2026-09-01 12:38:10,autoscaler,customdas-cpu-queue-autoscaler-currencyservice,5,60,1,,,
2026-09-01 12:38:10,autoscaler,customdas-cpu-queue-autoscaler-emailservice,0,60,1,,,
2026-09-01 12:38:10,autoscaler,customdas-cpu-queue-autoscaler-frontend,5,60,1,,,
2026-09-01 12:38:10,autoscaler,customdas-cpu-queue-autoscaler-paymentservice,4,60,1,,,
2026-09-01 12:38:10,autoscaler,customdas-cpu-queue-autoscaler-productcatalogservice,4,60,1,,,
2026-09-01 12:38:10,autoscaler,customdas-cpu-queue-autoscaler-recommendationservice,6,60,1,,,
2026-09-01 12:38:10,autoscaler,customdas-cpu-queue-autoscaler-shippingservice,4,60,1,,,
2026-09-01 12:38:10,node,ze-master-node,1465,3695,,36.6,46.5,
2026-09-01 12:38:10,node,ze-worker-node,986,1919,,24.6,24.2,
2026-09-01 12:38:17,deployment,adservice,18,95,1,,,
2026-09-01 12:38:17,deployment,cartservice,48,41,1,,,
2026-09-01 12:38:17,deployment,checkoutservice,17,11,1,,,
2026-09-01 12:38:17,deployment,currencyservice,224,60,2,,,
2026-09-01 12:38:17,deployment,emailservice,19,40,1,,,
2026-09-01 12:38:17,deployment,frontend,199,22,2,,,
2026-09-01 12:38:17,http_p95_latency,frontend,,,,,,507.2
2026-09-01 12:38:17,deployment,paymentservice,10,33,1,,,
2026-09-01 12:38:17,deployment,productcatalogservice,119,17,2,,,
2026-09-01 12:38:17,deployment,recommendationservice,73,41,1,,,
2026-09-01 12:38:17,deployment,redis-cart,9,44,1,,,
2026-09-01 12:38:17,deployment,shippingservice,20,9,1,,,
2026-09-01 12:38:17,autoscaler,customdas-cpu-queue-autoscaler-adservice,3,60,1,,,
2026-09-01 12:38:17,autoscaler,customdas-cpu-queue-autoscaler-cartservice,7,60,1,,,
2026-09-01 12:38:17,autoscaler,customdas-cpu-queue-autoscaler-checkoutservice,2,60,1,,,
2026-09-01 12:38:17,autoscaler,customdas-cpu-queue-autoscaler-currencyservice,8,60,1,,,
2026-09-01 12:38:17,autoscaler,customdas-cpu-queue-autoscaler-emailservice,7,60,1,,,
2026-09-01 12:38:17,autoscaler,customdas-cpu-queue-autoscaler-frontend,10,60,1,,,
2026-09-01 12:38:17,autoscaler,customdas-cpu-queue-autoscaler-paymentservice,5,60,1,,,
2026-09-01 12:38:17,autoscaler,customdas-cpu-queue-autoscaler-productcatalogservice,4,60,1,,,
2026-09-01 12:38:17,autoscaler,customdas-cpu-queue-autoscaler-recommendationservice,5,60,1,,,
2026-09-01 12:38:17,autoscaler,customdas-cpu-queue-autoscaler-shippingservice,5,60,1,,,
2026-09-01 12:38:17,node,ze-master-node,1606,3695,,40.2,46.5,
2026-09-01 12:38:17,node,ze-worker-node,1112,1920,,27.8,24.2,
2026-09-01 12:38:25,deployment,adservice,20,95,1,,,
2026-09-01 12:38:25,deployment,cartservice,54,41,1,,,
2026-09-01 12:38:25,deployment,checkoutservice,13,11,1,,,
2026-09-01 12:38:25,deployment,currencyservice,174,55,2,,,
2026-09-01 12:38:25,deployment,emailservice,18,40,1,,,
2026-09-01 12:38:25,deployment,frontend,240,24,2,,,
2026-09-01 12:38:25,http_p95_latency,frontend,,,,,,507.2
2026-09-01 12:38:25,deployment,paymentservice,9,35,1,,,
2026-09-01 12:38:25,deployment,productcatalogservice,132,17,2,,,
2026-09-01 12:38:25,deployment,recommendationservice,76,41,1,,,
2026-09-01 12:38:25,deployment,redis-cart,10,44,1,,,
2026-09-01 12:38:25,deployment,shippingservice,18,9,1,,,
2026-09-01 12:38:25,autoscaler,customdas-cpu-queue-autoscaler-adservice,5,60,1,,,
2026-09-01 12:38:25,autoscaler,customdas-cpu-queue-autoscaler-cartservice,0,60,1,,,
2026-09-01 12:38:25,autoscaler,customdas-cpu-queue-autoscaler-checkoutservice,2,60,1,,,
2026-09-01 12:38:25,autoscaler,customdas-cpu-queue-autoscaler-currencyservice,8,60,1,,,
2026-09-01 12:38:25,autoscaler,customdas-cpu-queue-autoscaler-emailservice,7,60,1,,,
2026-09-01 12:38:25,autoscaler,customdas-cpu-queue-autoscaler-frontend,10,60,1,,,
2026-09-01 12:38:25,autoscaler,customdas-cpu-queue-autoscaler-paymentservice,5,60,1,,,
2026-09-01 12:38:25,autoscaler,customdas-cpu-queue-autoscaler-productcatalogservice,4,60,1,,,
2026-09-01 12:38:25,autoscaler,customdas-cpu-queue-autoscaler-recommendationservice,5,60,1,,,
2026-09-01 12:38:25,autoscaler,customdas-cpu-queue-autoscaler-shippingservice,5,60,1,,,
2026-09-01 12:38:25,node,ze-master-node,1606,3695,,40.2,46.5,
2026-09-01 12:38:25,node,ze-worker-node,1112,1920,,27.8,24.2,
2026-09-01 12:38:32,deployment,adservice,20,95,1,,,
2026-09-01 12:38:32,deployment,cartservice,54,41,1,,,
2026-09-01 12:38:32,deployment,checkoutservice,13,11,1,,,
2026-09-01 12:38:32,deployment,currencyservice,174,55,2,,,
2026-09-01 12:38:32,deployment,emailservice,18,40,1,,,
2026-09-01 12:38:32,deployment,frontend,240,24,2,,,
2026-09-01 12:38:32,http_p95_latency,frontend,,,,,,398.0
2026-09-01 12:38:32,deployment,paymentservice,9,35,1,,,
2026-09-01 12:38:32,deployment,productcatalogservice,132,17,2,,,
2026-09-01 12:38:32,deployment,recommendationservice,76,41,1,,,
2026-09-01 12:38:32,deployment,redis-cart,10,44,1,,,
2026-09-01 12:38:32,deployment,shippingservice,18,9,1,,,
2026-09-01 12:38:32,autoscaler,customdas-cpu-queue-autoscaler-adservice,5,60,1,,,
2026-09-01 12:38:32,autoscaler,customdas-cpu-queue-autoscaler-cartservice,0,60,1,,,
2026-09-01 12:38:32,autoscaler,customdas-cpu-queue-autoscaler-checkoutservice,2,60,1,,,
2026-09-01 12:38:32,autoscaler,customdas-cpu-queue-autoscaler-currencyservice,8,60,1,,,
2026-09-01 12:38:32,autoscaler,customdas-cpu-queue-autoscaler-emailservice,7,60,1,,,
2026-09-01 12:38:32,autoscaler,customdas-cpu-queue-autoscaler-frontend,10,60,1,,,
2026-09-01 12:38:32,autoscaler,customdas-cpu-queue-autoscaler-paymentservice,2,60,1,,,
2026-09-01 12:38:32,autoscaler,customdas-cpu-queue-autoscaler-productcatalogservice,4,60,1,,,
2026-09-01 12:38:32,autoscaler,customdas-cpu-queue-autoscaler-recommendationservice,3,60,1,,,
2026-09-01 12:38:32,autoscaler,customdas-cpu-queue-autoscaler-shippingservice,4,60,1,,,
2026-09-01 12:38:32,node,ze-master-node,1791,3707,,44.8,46.7,
2026-09-01 12:38:32,node,ze-worker-node,1227,1921,,30.7,24.2,
2026-09-01 12:38:40,deployment,adservice,27,95,1,,,
2026-09-01 12:38:40,deployment,cartservice,54,41,1,,,
2026-09-01 12:38:40,deployment,checkoutservice,18,12,1,,,
2026-09-01 12:38:40,deployment,currencyservice,206,62,2,,,
2026-09-01 12:38:40,deployment,emailservice,18,40,1,,,
2026-09-01 12:38:40,deployment,frontend,284,24,2,,,
2026-09-01 12:38:40,http_p95_latency,frontend,,,,,,398.0
2026-09-01 12:38:40,deployment,paymentservice,7,33,1,,,
2026-09-01 12:38:40,deployment,productcatalogservice,145,17,2,,,
2026-09-01 12:38:40,deployment,recommendationservice,76,41,1,,,
2026-09-01 12:38:40,deployment,redis-cart,11,44,1,,,
2026-09-01 12:38:40,deployment,shippingservice,17,9,1,,,
2026-09-01 12:38:40,autoscaler,customdas-cpu-queue-autoscaler-adservice,2,60,1,,,
2026-09-01 12:38:40,autoscaler,customdas-cpu-queue-autoscaler-cartservice,5,60,1,,,
2026-09-01 12:38:40,autoscaler,customdas-cpu-queue-autoscaler-checkoutservice,4,60,1,,,
2026-09-01 12:38:40,autoscaler,customdas-cpu-queue-autoscaler-currencyservice,4,60,1,,,
2026-09-01 12:38:40,autoscaler,customdas-cpu-queue-autoscaler-emailservice,6,60,1,,,
2026-09-01 12:38:40,autoscaler,customdas-cpu-queue-autoscaler-frontend,3,60,1,,,
2026-09-01 12:38:40,autoscaler,customdas-cpu-queue-autoscaler-paymentservice,2,60,1,,,
2026-09-01 12:38:40,autoscaler,customdas-cpu-queue-autoscaler-productcatalogservice,4,60,1,,,
2026-09-01 12:38:40,autoscaler,customdas-cpu-queue-autoscaler-recommendationservice,3,60,1,,,
2026-09-01 12:38:40,autoscaler,customdas-cpu-queue-autoscaler-shippingservice,4,60,1,,,
2026-09-01 12:38:40,node,ze-master-node,1791,3707,,44.8,46.7,
2026-09-01 12:38:40,node,ze-worker-node,1227,1921,,30.7,24.2,
2026-09-01 12:38:47,deployment,adservice,27,95,1,,,
2026-09-01 12:38:47,deployment,cartservice,54,41,1,,,
2026-09-01 12:38:47,deployment,checkoutservice,18,12,1,,,
2026-09-01 12:38:47,deployment,currencyservice,206,62,2,,,
2026-09-01 12:38:47,deployment,emailservice,18,40,1,,,
2026-09-01 12:38:47,deployment,frontend,284,24,2,,,
2026-09-01 12:38:47,http_p95_latency,frontend,,,,,,366.9
2026-09-01 12:38:47,deployment,paymentservice,7,33,1,,,
2026-09-01 12:38:47,deployment,productcatalogservice,145,17,2,,,
2026-09-01 12:38:47,deployment,recommendationservice,76,41,1,,,
2026-09-01 12:38:47,deployment,redis-cart,11,44,1,,,
2026-09-01 12:38:47,deployment,shippingservice,24,9,1,,,
2026-09-01 12:38:47,autoscaler,customdas-cpu-queue-autoscaler-adservice,2,60,1,,,
2026-09-01 12:38:47,autoscaler,customdas-cpu-queue-autoscaler-cartservice,6,60,1,,,
2026-09-01 12:38:47,autoscaler,customdas-cpu-queue-autoscaler-checkoutservice,6,60,1,,,
2026-09-01 12:38:47,autoscaler,customdas-cpu-queue-autoscaler-currencyservice,6,60,1,,,
2026-09-01 12:38:47,autoscaler,customdas-cpu-queue-autoscaler-emailservice,4,60,1,,,
2026-09-01 12:38:47,autoscaler,customdas-cpu-queue-autoscaler-frontend,7,60,1,,,
2026-09-01 12:38:47,autoscaler,customdas-cpu-queue-autoscaler-paymentservice,5,60,1,,,
2026-09-01 12:38:47,autoscaler,customdas-cpu-queue-autoscaler-productcatalogservice,3,60,1,,,
2026-09-01 12:38:47,autoscaler,customdas-cpu-queue-autoscaler-recommendationservice,3,60,1,,,
2026-09-01 12:38:47,autoscaler,customdas-cpu-queue-autoscaler-shippingservice,4,60,1,,,
2026-09-01 12:38:47,node,ze-master-node,1676,3629,,41.9,45.7,
2026-09-01 12:38:47,node,ze-worker-node,1164,1923,,29.1,24.2,
2026-09-01 12:38:56,deployment,adservice,28,95,1,,,
2026-09-01 12:38:56,deployment,cartservice,65,41,1,,,
2026-09-01 12:38:56,deployment,checkoutservice,16,12,2,,,
2026-09-01 12:38:56,deployment,currencyservice,207,64,2,,,
2026-09-01 12:38:56,deployment,emailservice,14,40,1,,,
2026-09-01 12:38:56,deployment,frontend,270,24,2,,,
2026-09-01 12:38:56,http_p95_latency,frontend,,,,,,366.9
2026-09-01 12:38:56,deployment,paymentservice,7,32,1,,,
2026-09-01 12:38:56,deployment,productcatalogservice,170,17,2,,,
2026-09-01 12:38:56,deployment,recommendationservice,91,41,1,,,
2026-09-01 12:38:56,deployment,redis-cart,11,44,1,,,
2026-09-01 12:38:56,deployment,shippingservice,24,9,1,,,
2026-09-01 12:38:56,autoscaler,customdas-cpu-queue-autoscaler-adservice,2,60,1,,,
2026-09-01 12:38:56,autoscaler,customdas-cpu-queue-autoscaler-cartservice,6,60,1,,,
2026-09-01 12:38:56,autoscaler,customdas-cpu-queue-autoscaler-checkoutservice,6,60,1,,,
2026-09-01 12:38:56,autoscaler,customdas-cpu-queue-autoscaler-currencyservice,6,60,1,,,
2026-09-01 12:38:56,autoscaler,customdas-cpu-queue-autoscaler-emailservice,4,60,1,,,
2026-09-01 12:38:56,autoscaler,customdas-cpu-queue-autoscaler-frontend,7,60,1,,,
2026-09-01 12:38:56,autoscaler,customdas-cpu-queue-autoscaler-paymentservice,5,60,1,,,
2026-09-01 12:38:56,autoscaler,customdas-cpu-queue-autoscaler-productcatalogservice,3,60,1,,,
2026-09-01 12:38:56,autoscaler,customdas-cpu-queue-autoscaler-recommendationservice,3,60,1,,,
2026-09-01 12:38:56,autoscaler,customdas-cpu-queue-autoscaler-shippingservice,4,60,1,,,
2026-09-01 12:38:56,node,ze-master-node,1676,3629,,41.9,45.7,
2026-09-01 12:38:56,node,ze-worker-node,1164,1923,,29.1,24.2,
2026-09-01 12:39:03,deployment,adservice,28,95,1,,,
2026-09-01 12:39:03,deployment,cartservice,65,41,1,,,
2026-09-01 12:39:03,deployment,checkoutservice,16,12,2,,,
2026-09-01 12:39:03,deployment,currencyservice,207,64,2,,,
2026-09-01 12:39:03,deployment,emailservice,14,40,1,,,
2026-09-01 12:39:03,deployment,frontend,270,24,2,,,
2026-09-01 12:39:03,http_p95_latency,frontend,,,,,,449.6
2026-09-01 12:39:03,deployment,paymentservice,10,32,1,,,
2026-09-01 12:39:03,deployment,productcatalogservice,159,17,2,,,
2026-09-01 12:39:03,deployment,recommendationservice,86,41,1,,,
2026-09-01 12:39:03,deployment,redis-cart,11,44,1,,,
2026-09-01 12:39:03,deployment,shippingservice,20,9,1,,,
2026-09-01 12:39:03,autoscaler,customdas-cpu-queue-autoscaler-adservice,5,60,1,,,
2026-09-01 12:39:03,autoscaler,customdas-cpu-queue-autoscaler-cartservice,5,60,1,,,
2026-09-01 12:39:03,autoscaler,customdas-cpu-queue-autoscaler-checkoutservice,7,60,1,,,
2026-09-01 12:39:03,autoscaler,customdas-cpu-queue-autoscaler-currencyservice,4,60,1,,,
2026-09-01 12:39:03,autoscaler,customdas-cpu-queue-autoscaler-emailservice,6,60,1,,,
2026-09-01 12:39:03,autoscaler,customdas-cpu-queue-autoscaler-frontend,6,60,1,,,
2026-09-01 12:39:03,autoscaler,customdas-cpu-queue-autoscaler-paymentservice,3,60,1,,,
2026-09-01 12:39:03,autoscaler,customdas-cpu-queue-autoscaler-productcatalogservice,3,60,1,,,
2026-09-01 12:39:03,autoscaler,customdas-cpu-queue-autoscaler-recommendationservice,9,60,1,,,
2026-09-01 12:39:03,autoscaler,customdas-cpu-queue-autoscaler-shippingservice,5,60,1,,,
2026-09-01 12:39:03,node,ze-master-node,1861,3633,,46.5,45.7,
2026-09-01 12:39:03,node,ze-worker-node,1320,1941,,33.0,24.4,
2026-09-01 12:39:11,deployment,adservice,24,95,1,,,
2026-09-01 12:39:11,deployment,cartservice,64,41,1,,,
2026-09-01 12:39:11,deployment,checkoutservice,35,19,2,,,
2026-09-01 12:39:11,deployment,currencyservice,196,65,2,,,
2026-09-01 12:39:11,deployment,emailservice,19,40,1,,,
2026-09-01 12:39:11,deployment,frontend,259,24,3,,,
2026-09-01 12:39:11,http_p95_latency,frontend,,,,,,449.6
2026-09-01 12:39:11,deployment,paymentservice,10,32,1,,,
2026-09-01 12:39:11,deployment,productcatalogservice,159,17,2,,,
2026-09-01 12:39:11,deployment,recommendationservice,86,41,2,,,
2026-09-01 12:39:11,deployment,redis-cart,11,44,1,,,
2026-09-01 12:39:11,deployment,shippingservice,20,9,1,,,
2026-09-01 12:39:11,autoscaler,customdas-cpu-queue-autoscaler-adservice,5,60,1,,,
2026-09-01 12:39:11,autoscaler,customdas-cpu-queue-autoscaler-cartservice,5,60,1,,,
2026-09-01 12:39:11,autoscaler,customdas-cpu-queue-autoscaler-checkoutservice,7,60,1,,,
2026-09-01 12:39:11,autoscaler,customdas-cpu-queue-autoscaler-currencyservice,4,60,1,,,
2026-09-01 12:39:11,autoscaler,customdas-cpu-queue-autoscaler-emailservice,6,60,1,,,
2026-09-01 12:39:11,autoscaler,customdas-cpu-queue-autoscaler-frontend,6,60,1,,,
2026-09-01 12:39:11,autoscaler,customdas-cpu-queue-autoscaler-paymentservice,3,60,1,,,
2026-09-01 12:39:11,autoscaler,customdas-cpu-queue-autoscaler-productcatalogservice,3,60,1,,,
2026-09-01 12:39:11,autoscaler,customdas-cpu-queue-autoscaler-recommendationservice,9,60,1,,,
2026-09-01 12:39:11,autoscaler,customdas-cpu-queue-autoscaler-shippingservice,5,60,1,,,
2026-09-01 12:39:11,node,ze-master-node,1861,3633,,46.5,45.7,
2026-09-01 12:39:11,node,ze-worker-node,1320,1941,,33.0,24.4,
2026-09-01 12:39:19,deployment,adservice,26,95,1,,,
2026-09-01 12:39:19,deployment,cartservice,72,41,1,,,
2026-09-01 12:39:19,deployment,checkoutservice,26,19,2,,,
2026-09-01 12:39:19,deployment,currencyservice,184,67,2,,,
2026-09-01 12:39:19,deployment,emailservice,18,45,1,,,
2026-09-01 12:39:19,deployment,frontend,286,33,3,,,
2026-09-01 12:39:19,http_p95_latency,frontend,,,,,,465.6
2026-09-01 12:39:19,deployment,paymentservice,11,33,1,,,
2026-09-01 12:39:19,deployment,productcatalogservice,164,17,2,,,
2026-09-01 12:39:19,deployment,recommendationservice,222,79,2,,,
2026-09-01 12:39:19,deployment,redis-cart,11,44,1,,,
2026-09-01 12:39:19,deployment,shippingservice,18,9,1,,,
2026-09-01 12:39:19,autoscaler,customdas-cpu-queue-autoscaler-adservice,4,60,1,,,
2026-09-01 12:39:19,autoscaler,customdas-cpu-queue-autoscaler-cartservice,4,60,1,,,
2026-09-01 12:39:19,autoscaler,customdas-cpu-queue-autoscaler-checkoutservice,5,60,1,,,
2026-09-01 12:39:19,autoscaler,customdas-cpu-queue-autoscaler-currencyservice,7,60,1,,,
2026-09-01 12:39:19,autoscaler,customdas-cpu-queue-autoscaler-emailservice,4,60,1,,,
2026-09-01 12:39:19,autoscaler,customdas-cpu-queue-autoscaler-frontend,6,60,1,,,
2026-09-01 12:39:19,autoscaler,customdas-cpu-queue-autoscaler-paymentservice,3,60,1,,,
2026-09-01 12:39:19,autoscaler,customdas-cpu-queue-autoscaler-productcatalogservice,7,60,1,,,
2026-09-01 12:39:19,autoscaler,customdas-cpu-queue-autoscaler-recommendationservice,5,60,1,,,
2026-09-01 12:39:19,autoscaler,customdas-cpu-queue-autoscaler-shippingservice,5,60,1,,,
2026-09-01 12:39:19,node,ze-master-node,1897,3641,,47.4,45.9,
2026-09-01 12:39:19,node,ze-worker-node,1513,1978,,37.8,24.9,
2026-09-01 12:39:27,deployment,adservice,26,95,1,,,
2026-09-01 12:39:27,deployment,cartservice,72,41,1,,,
2026-09-01 12:39:27,deployment,checkoutservice,26,19,2,,,
2026-09-01 12:39:27,deployment,currencyservice,184,67,2,,,
2026-09-01 12:39:27,deployment,emailservice,18,45,1,,,
2026-09-01 12:39:27,deployment,frontend,286,33,3,,,
2026-09-01 12:39:27,http_p95_latency,frontend,,,,,,480.6
2026-09-01 12:39:27,deployment,paymentservice,11,33,1,,,
2026-09-01 12:39:27,deployment,productcatalogservice,164,17,2,,,
2026-09-01 12:39:27,deployment,recommendationservice,222,79,2,,,
2026-09-01 12:39:27,deployment,redis-cart,11,44,1,,,
2026-09-01 12:39:27,deployment,shippingservice,18,9,1,,,
2026-09-01 12:39:27,autoscaler,customdas-cpu-queue-autoscaler-adservice,4,60,1,,,
2026-09-01 12:39:27,autoscaler,customdas-cpu-queue-autoscaler-cartservice,4,60,1,,,
2026-09-01 12:39:27,autoscaler,customdas-cpu-queue-autoscaler-checkoutservice,5,60,1,,,
2026-09-01 12:39:27,autoscaler,customdas-cpu-queue-autoscaler-currencyservice,7,60,1,,,
2026-09-01 12:39:27,autoscaler,customdas-cpu-queue-autoscaler-emailservice,4,60,1,,,
2026-09-01 12:39:27,autoscaler,customdas-cpu-queue-autoscaler-frontend,6,60,1,,,
2026-09-01 12:39:27,autoscaler,customdas-cpu-queue-autoscaler-paymentservice,3,60,1,,,
2026-09-01 12:39:27,autoscaler,customdas-cpu-queue-autoscaler-productcatalogservice,7,60,1,,,
2026-09-01 12:39:27,autoscaler,customdas-cpu-queue-autoscaler-recommendationservice,5,60,1,,,
2026-09-01 12:39:27,autoscaler,customdas-cpu-queue-autoscaler-shippingservice,5,60,1,,,
2026-09-01 12:39:27,node,ze-master-node,1897,3641,,47.4,45.9,
2026-09-01 12:39:27,node,ze-worker-node,1513,1978,,37.8,24.9,
2026-09-01 12:39:35,deployment,adservice,26,95,1,,,
2026-09-01 12:39:35,deployment,cartservice,73,41,1,,,
2026-09-01 12:39:35,deployment,checkoutservice,21,19,2,,,
2026-09-01 12:39:35,deployment,currencyservice,223,64,2,,,
2026-09-01 12:39:35,deployment,emailservice,16,40,1,,,
2026-09-01 12:39:35,deployment,frontend,410,34,3,,,
2026-09-01 12:39:35,http_p95_latency,frontend,,,,,,480.6
2026-09-01 12:39:35,deployment,paymentservice,7,33,1,,,
2026-09-01 12:39:35,deployment,productcatalogservice,175,17,2,,,
2026-09-01 12:39:35,deployment,recommendationservice,201,79,2,,,
2026-09-01 12:39:35,deployment,redis-cart,12,44,1,,,
2026-09-01 12:39:35,deployment,shippingservice,25,9,1,,,
2026-09-01 12:39:35,autoscaler,customdas-cpu-queue-autoscaler-adservice,4,60,1,,,
2026-09-01 12:39:35,autoscaler,customdas-cpu-queue-autoscaler-cartservice,5,60,1,,,
2026-09-01 12:39:35,autoscaler,customdas-cpu-queue-autoscaler-checkoutservice,5,60,1,,,
2026-09-01 12:39:35,autoscaler,customdas-cpu-queue-autoscaler-currencyservice,4,60,1,,,
2026-09-01 12:39:35,autoscaler,customdas-cpu-queue-autoscaler-emailservice,5,60,1,,,
2026-09-01 12:39:35,autoscaler,customdas-cpu-queue-autoscaler-frontend,5,60,1,,,
2026-09-01 12:39:35,autoscaler,customdas-cpu-queue-autoscaler-paymentservice,6,60,1,,,
2026-09-01 12:39:35,autoscaler,customdas-cpu-queue-autoscaler-productcatalogservice,4,60,1,,,
2026-09-01 12:39:35,autoscaler,customdas-cpu-queue-autoscaler-recommendationservice,8,60,1,,,
2026-09-01 12:39:35,autoscaler,customdas-cpu-queue-autoscaler-shippingservice,4,60,1,,,
2026-09-01 12:39:35,node,ze-master-node,1978,3629,,49.5,45.7,
2026-09-01 12:39:35,node,ze-worker-node,1530,2000,,38.2,25.2,
2026-09-01 12:39:44,deployment,adservice,26,95,1,,,
2026-09-01 12:39:44,deployment,cartservice,73,41,1,,,
2026-09-01 12:39:44,deployment,checkoutservice,21,19,2,,,
2026-09-01 12:39:44,deployment,currencyservice,223,64,2,,,
2026-09-01 12:39:44,deployment,emailservice,16,40,1,,,
2026-09-01 12:39:44,deployment,frontend,410,34,3,,,
2026-09-01 12:39:44,http_p95_latency,frontend,,,,,,367.9
2026-09-01 12:39:44,deployment,paymentservice,7,33,1,,,
2026-09-01 12:39:44,deployment,productcatalogservice,175,17,2,,,
2026-09-01 12:39:44,deployment,recommendationservice,201,79,2,,,
2026-09-01 12:39:44,deployment,redis-cart,12,44,1,,,
2026-09-01 12:39:44,deployment,shippingservice,25,9,1,,,
2026-09-01 12:39:44,autoscaler,customdas-cpu-queue-autoscaler-adservice,4,60,1,,,
2026-09-01 12:39:44,autoscaler,customdas-cpu-queue-autoscaler-cartservice,5,60,1,,,
2026-09-01 12:39:44,autoscaler,customdas-cpu-queue-autoscaler-checkoutservice,5,60,1,,,
2026-09-01 12:39:44,autoscaler,customdas-cpu-queue-autoscaler-currencyservice,4,60,1,,,
2026-09-01 12:39:44,autoscaler,customdas-cpu-queue-autoscaler-emailservice,5,60,1,,,
2026-09-01 12:39:44,autoscaler,customdas-cpu-queue-autoscaler-frontend,5,60,1,,,
2026-09-01 12:39:44,autoscaler,customdas-cpu-queue-autoscaler-paymentservice,6,60,1,,,
2026-09-01 12:39:44,autoscaler,customdas-cpu-queue-autoscaler-productcatalogservice,4,60,1,,,
2026-09-01 12:39:44,autoscaler,customdas-cpu-queue-autoscaler-recommendationservice,8,60,1,,,
2026-09-01 12:39:44,autoscaler,customdas-cpu-queue-autoscaler-shippingservice,4,60,1,,,
2026-09-01 12:39:44,node,ze-master-node,1978,3629,,49.5,45.7,
2026-09-01 12:39:44,node,ze-worker-node,1530,2000,,38.2,25.2,
2026-09-01 12:39:52,deployment,adservice,30,95,1,,,
2026-09-01 12:39:52,deployment,cartservice,77,41,1,,,
2026-09-01 12:39:52,deployment,checkoutservice,31,20,2,,,
2026-09-01 12:39:52,deployment,currencyservice,213,66,2,,,
2026-09-01 12:39:52,deployment,emailservice,18,40,1,,,
2026-09-01 12:39:52,deployment,frontend,361,35,3,,,
2026-09-01 12:39:52,http_p95_latency,frontend,,,,,,367.9
2026-09-01 12:39:52,deployment,paymentservice,8,33,1,,,
2026-09-01 12:39:52,deployment,productcatalogservice,194,17,2,,,
2026-09-01 12:39:52,deployment,recommendationservice,146,79,2,,,
2026-09-01 12:39:52,deployment,redis-cart,12,44,1,,,
2026-09-01 12:39:52,deployment,shippingservice,21,9,1,,,
2026-09-01 12:39:52,autoscaler,customdas-cpu-queue-autoscaler-adservice,3,60,1,,,
2026-09-01 12:39:52,autoscaler,customdas-cpu-queue-autoscaler-cartservice,7,60,1,,,
2026-09-01 12:39:52,autoscaler,customdas-cpu-queue-autoscaler-checkoutservice,4,60,1,,,
2026-09-01 12:39:52,autoscaler,customdas-cpu-queue-autoscaler-currencyservice,6,60,1,,,
2026-09-01 12:39:52,autoscaler,customdas-cpu-queue-autoscaler-emailservice,7,60,1,,,
2026-09-01 12:39:52,autoscaler,customdas-cpu-queue-autoscaler-frontend,9,60,1,,,
2026-09-01 12:39:52,autoscaler,customdas-cpu-queue-autoscaler-paymentservice,5,60,1,,,
2026-09-01 12:39:52,autoscaler,customdas-cpu-queue-autoscaler-productcatalogservice,5,60,1,,,
2026-09-01 12:39:52,autoscaler,customdas-cpu-queue-autoscaler-recommendationservice,4,60,1,,,
2026-09-01 12:39:52,autoscaler,customdas-cpu-queue-autoscaler-shippingservice,4,60,1,,,
2026-09-01 12:39:52,node,ze-master-node,1851,3627,,46.3,45.7,
2026-09-01 12:39:52,node,ze-worker-node,1636,1996,,40.9,25.1,
2026-09-01 12:40:01,deployment,adservice,30,95,1,,,
2026-09-01 12:40:01,deployment,cartservice,77,41,1,,,
2026-09-01 12:40:01,deployment,checkoutservice,31,20,2,,,
2026-09-01 12:40:01,deployment,currencyservice,213,66,2,,,
2026-09-01 12:40:01,deployment,emailservice,18,40,1,,,
2026-09-01 12:40:01,deployment,frontend,361,35,3,,,
2026-09-01 12:40:01,http_p95_latency,frontend,,,,,,247.2
2026-09-01 12:40:01,deployment,paymentservice,8,33,1,,,
2026-09-01 12:40:01,deployment,productcatalogservice,194,17,2,,,
2026-09-01 12:40:01,deployment,recommendationservice,146,79,2,,,
2026-09-01 12:40:01,deployment,redis-cart,12,44,1,,,
2026-09-01 12:40:01,deployment,shippingservice,21,9,1,,,
2026-09-01 12:40:01,autoscaler,customdas-cpu-queue-autoscaler-adservice,3,60,1,,,
2026-09-01 12:40:01,autoscaler,customdas-cpu-queue-autoscaler-cartservice,7,60,1,,,
2026-09-01 12:40:01,autoscaler,customdas-cpu-queue-autoscaler-checkoutservice,4,60,1,,,
2026-09-01 12:40:01,autoscaler,customdas-cpu-queue-autoscaler-currencyservice,6,60,1,,,
2026-09-01 12:40:01,autoscaler,customdas-cpu-queue-autoscaler-emailservice,7,60,1,,,
2026-09-01 12:40:01,autoscaler,customdas-cpu-queue-autoscaler-frontend,9,60,1,,,
2026-09-01 12:40:01,autoscaler,customdas-cpu-queue-autoscaler-paymentservice,5,60,1,,,
2026-09-01 12:40:01,autoscaler,customdas-cpu-queue-autoscaler-productcatalogservice,5,60,1,,,
2026-09-01 12:40:01,autoscaler,customdas-cpu-queue-autoscaler-recommendationservice,4,60,1,,,
2026-09-01 12:40:01,autoscaler,customdas-cpu-queue-autoscaler-shippingservice,4,60,1,,,
2026-09-01 12:40:01,node,ze-master-node,1903,3643,,47.6,45.9,
2026-09-01 12:40:01,node,ze-worker-node,1519,2000,,38.0,25.2,
2026-09-01 12:40:09,deployment,adservice,31,95,1,,,
2026-09-01 12:40:09,deployment,cartservice,77,41,1,,,
2026-09-01 12:40:09,deployment,checkoutservice,32,20,2,,,
2026-09-01 12:40:09,deployment,currencyservice,201,67,2,,,
2026-09-01 12:40:09,deployment,emailservice,18,40,1,,,
2026-09-01 12:40:09,deployment,frontend,366,35,3,,,
2026-09-01 12:40:09,http_p95_latency,frontend,,,,,,247.2
2026-09-01 12:40:09,deployment,paymentservice,10,33,1,,,
2026-09-01 12:40:09,deployment,productcatalogservice,192,17,2,,,
2026-09-01 12:40:09,deployment,recommendationservice,142,79,2,,,
2026-09-01 12:40:09,deployment,redis-cart,12,44,1,,,
2026-09-01 12:40:09,deployment,shippingservice,20,9,1,,,
2026-09-01 12:40:09,autoscaler,customdas-cpu-queue-autoscaler-adservice,4,60,1,,,
2026-09-01 12:40:09,autoscaler,customdas-cpu-queue-autoscaler-cartservice,6,60,1,,,
2026-09-01 12:40:09,autoscaler,customdas-cpu-queue-autoscaler-checkoutservice,5,60,1,,,
2026-09-01 12:40:09,autoscaler,customdas-cpu-queue-autoscaler-currencyservice,4,60,1,,,
2026-09-01 12:40:09,autoscaler,customdas-cpu-queue-autoscaler-emailservice,5,60,1,,,
2026-09-01 12:40:09,autoscaler,customdas-cpu-queue-autoscaler-frontend,11,60,1,,,
2026-09-01 12:40:09,autoscaler,customdas-cpu-queue-autoscaler-paymentservice,5,60,1,,,
2026-09-01 12:40:09,autoscaler,customdas-cpu-queue-autoscaler-productcatalogservice,9,60,1,,,
2026-09-01 12:40:09,autoscaler,customdas-cpu-queue-autoscaler-recommendationservice,4,60,1,,,
2026-09-01 12:40:09,autoscaler,customdas-cpu-queue-autoscaler-shippingservice,6,60,1,,,
2026-09-01 12:40:09,node,ze-master-node,1903,3643,,47.6,45.9,
2026-09-01 12:40:09,node,ze-worker-node,1519,2000,,38.0,25.2,
2026-09-01 12:40:17,deployment,adservice,31,95,1,,,
2026-09-01 12:40:17,deployment,cartservice,77,41,1,,,
2026-09-01 12:40:17,deployment,checkoutservice,32,20,2,,,
2026-09-01 12:40:17,deployment,currencyservice,201,67,2,,,
2026-09-01 12:40:17,deployment,emailservice,18,40,1,,,
2026-09-01 12:40:17,deployment,frontend,366,35,3,,,
2026-09-01 12:40:17,http_p95_latency,frontend,,,,,,315.0
2026-09-01 12:40:17,deployment,paymentservice,10,33,1,,,
2026-09-01 12:40:17,deployment,productcatalogservice,192,17,2,,,
2026-09-01 12:40:17,deployment,recommendationservice,142,79,2,,,
2026-09-01 12:40:17,deployment,redis-cart,12,44,1,,,
2026-09-01 12:40:17,deployment,shippingservice,20,9,1,,,
2026-09-01 12:40:17,autoscaler,customdas-cpu-queue-autoscaler-adservice,4,60,1,,,
2026-09-01 12:40:17,autoscaler,customdas-cpu-queue-autoscaler-cartservice,6,60,1,,,
2026-09-01 12:40:17,autoscaler,customdas-cpu-queue-autoscaler-checkoutservice,5,60,1,,,
2026-09-01 12:40:17,autoscaler,customdas-cpu-queue-autoscaler-currencyservice,4,60,1,,,
2026-09-01 12:40:17,autoscaler,customdas-cpu-queue-autoscaler-emailservice,5,60,1,,,
2026-09-01 12:40:17,autoscaler,customdas-cpu-queue-autoscaler-frontend,11,60,1,,,
2026-09-01 12:40:17,autoscaler,customdas-cpu-queue-autoscaler-paymentservice,5,60,1,,,
2026-09-01 12:40:17,autoscaler,customdas-cpu-queue-autoscaler-productcatalogservice,9,60,1,,,
2026-09-01 12:40:17,autoscaler,customdas-cpu-queue-autoscaler-recommendationservice,4,60,1,,,
2026-09-01 12:40:17,autoscaler,customdas-cpu-queue-autoscaler-shippingservice,6,60,1,,,
2026-09-01 12:40:17,node,ze-master-node,1833,3643,,45.8,45.9,
2026-09-01 12:40:17,node,ze-worker-node,1506,1997,,37.6,25.1,
2026-09-01 12:40:24,deployment,adservice,30,95,1,,,
2026-09-01 12:40:24,deployment,cartservice,74,41,2,,,
2026-09-01 12:40:24,deployment,checkoutservice,35,21,2,,,
2026-09-01 12:40:24,deployment,currencyservice,204,69,2,,,
2026-09-01 12:40:24,deployment,emailservice,16,40,1,,,
2026-09-01 12:40:24,deployment,frontend,346,36,3,,,
2026-09-01 12:40:24,http_p95_latency,frontend,,,,,,315.0
2026-09-01 12:40:24,deployment,paymentservice,11,32,1,,,
2026-09-01 12:40:24,deployment,productcatalogservice,195,17,3,,,
2026-09-01 12:40:24,deployment,recommendationservice,148,80,2,,,
2026-09-01 12:40:24,deployment,redis-cart,12,44,1,,,
2026-09-01 12:40:24,deployment,shippingservice,24,9,1,,,
2026-09-01 12:40:24,autoscaler,customdas-cpu-queue-autoscaler-adservice,4,60,1,,,
2026-09-01 12:40:24,autoscaler,customdas-cpu-queue-autoscaler-cartservice,5,60,1,,,
2026-09-01 12:40:24,autoscaler,customdas-cpu-queue-autoscaler-checkoutservice,4,60,1,,,
2026-09-01 12:40:24,autoscaler,customdas-cpu-queue-autoscaler-currencyservice,5,60,1,,,
2026-09-01 12:40:24,autoscaler,customdas-cpu-queue-autoscaler-emailservice,5,60,1,,,
2026-09-01 12:40:24,autoscaler,customdas-cpu-queue-autoscaler-frontend,7,60,1,,,
2026-09-01 12:40:24,autoscaler,customdas-cpu-queue-autoscaler-paymentservice,4,60,1,,,
2026-09-01 12:40:24,autoscaler,customdas-cpu-queue-autoscaler-productcatalogservice,3,60,1,,,
2026-09-01 12:40:24,autoscaler,customdas-cpu-queue-autoscaler-recommendationservice,7,60,1,,,
2026-09-01 12:40:24,autoscaler,customdas-cpu-queue-autoscaler-shippingservice,6,60,1,,,
2026-09-01 12:40:24,node,ze-master-node,1833,3643,,45.8,45.9,
2026-09-01 12:40:24,node,ze-worker-node,1506,1997,,37.6,25.1,
2026-09-01 12:40:33,deployment,adservice,30,95,1,,,
2026-09-01 12:40:33,deployment,cartservice,74,41,2,,,
2026-09-01 12:40:33,deployment,checkoutservice,35,21,2,,,
2026-09-01 12:40:33,deployment,currencyservice,208,73,2,,,
2026-09-01 12:40:33,deployment,emailservice,17,40,1,,,
2026-09-01 12:40:33,deployment,frontend,395,36,3,,,
2026-09-01 12:40:33,http_p95_latency,frontend,,,,,,371.2
2026-09-01 12:40:33,deployment,paymentservice,10,32,1,,,
2026-09-01 12:40:33,deployment,productcatalogservice,169,16,3,,,
2026-09-01 12:40:33,deployment,recommendationservice,157,80,2,,,
2026-09-01 12:40:33,deployment,redis-cart,13,44,1,,,
2026-09-01 12:40:33,deployment,shippingservice,22,9,1,,,
2026-09-01 12:40:33,autoscaler,customdas-cpu-queue-autoscaler-adservice,4,60,1,,,
2026-09-01 12:40:33,autoscaler,customdas-cpu-queue-autoscaler-cartservice,9,60,1,,,
2026-09-01 12:40:33,autoscaler,customdas-cpu-queue-autoscaler-checkoutservice,4,60,1,,,
2026-09-01 12:40:33,autoscaler,customdas-cpu-queue-autoscaler-currencyservice,5,60,1,,,
2026-09-01 12:40:33,autoscaler,customdas-cpu-queue-autoscaler-emailservice,6,60,1,,,
2026-09-01 12:40:33,autoscaler,customdas-cpu-queue-autoscaler-frontend,3,60,1,,,
2026-09-01 12:40:33,autoscaler,customdas-cpu-queue-autoscaler-paymentservice,2,60,1,,,
2026-09-01 12:40:33,autoscaler,customdas-cpu-queue-autoscaler-productcatalogservice,4,60,1,,,
2026-09-01 12:40:33,autoscaler,customdas-cpu-queue-autoscaler-recommendationservice,4,60,1,,,
2026-09-01 12:40:33,autoscaler,customdas-cpu-queue-autoscaler-shippingservice,3,60,1,,,
2026-09-01 12:40:33,node,ze-master-node,2035,3659,,50.9,46.1,
2026-09-01 12:40:33,node,ze-worker-node,1761,2033,,44.0,25.6,
2026-09-01 12:40:41,deployment,adservice,33,95,1,,,
2026-09-01 12:40:41,deployment,cartservice,83,41,2,,,
2026-09-01 12:40:41,deployment,checkoutservice,30,21,2,,,
2026-09-01 12:40:41,deployment,currencyservice,208,73,2,,,
2026-09-01 12:40:41,deployment,emailservice,17,40,1,,,
2026-09-01 12:40:41,deployment,frontend,395,36,4,,,
2026-09-01 12:40:41,http_p95_latency,frontend,,,,,,371.2
2026-09-01 12:40:41,deployment,paymentservice,10,32,1,,,
2026-09-01 12:40:41,deployment,productcatalogservice,169,16,3,,,
2026-09-01 12:40:41,deployment,recommendationservice,157,80,2,,,
2026-09-01 12:40:41,deployment,redis-cart,13,44,1,,,
2026-09-01 12:40:41,deployment,shippingservice,22,9,1,,,
2026-09-01 12:40:41,autoscaler,customdas-cpu-queue-autoscaler-adservice,4,60,1,,,
2026-09-01 12:40:41,autoscaler,customdas-cpu-queue-autoscaler-cartservice,9,60,1,,,
2026-09-01 12:40:41,autoscaler,customdas-cpu-queue-autoscaler-checkoutservice,4,60,1,,,
2026-09-01 12:40:41,autoscaler,customdas-cpu-queue-autoscaler-currencyservice,5,60,1,,,
2026-09-01 12:40:41,autoscaler,customdas-cpu-queue-autoscaler-emailservice,6,60,1,,,
2026-09-01 12:40:41,autoscaler,customdas-cpu-queue-autoscaler-frontend,3,60,1,,,
2026-09-01 12:40:41,autoscaler,customdas-cpu-queue-autoscaler-paymentservice,2,60,1,,,
2026-09-01 12:40:41,autoscaler,customdas-cpu-queue-autoscaler-productcatalogservice,4,60,1,,,
2026-09-01 12:40:41,autoscaler,customdas-cpu-queue-autoscaler-recommendationservice,4,60,1,,,
2026-09-01 12:40:41,autoscaler,customdas-cpu-queue-autoscaler-shippingservice,3,60,1,,,
2026-09-01 12:40:41,node,ze-master-node,2035,3659,,50.9,46.1,
2026-09-01 12:40:41,node,ze-worker-node,1761,2033,,44.0,25.6,
2026-09-01 12:40:48,deployment,adservice,33,95,1,,,
2026-09-01 12:40:48,deployment,cartservice,250,55,2,,,
2026-09-01 12:40:48,deployment,checkoutservice,27,21,2,,,
2026-09-01 12:40:48,deployment,currencyservice,208,76,2,,,
2026-09-01 12:40:48,deployment,emailservice,17,40,1,,,
2026-09-01 12:40:48,deployment,frontend,394,36,4,,,
2026-09-01 12:40:48,http_p95_latency,frontend,,,,,,333.5
2026-09-01 12:40:48,deployment,paymentservice,8,33,1,,,
2026-09-01 12:40:48,deployment,productcatalogservice,216,26,3,,,
2026-09-01 12:40:48,deployment,recommendationservice,155,82,2,,,
2026-09-01 12:40:48,deployment,redis-cart,13,44,1,,,
2026-09-01 12:40:48,deployment,shippingservice,27,11,1,,,
2026-09-01 12:40:48,autoscaler,customdas-cpu-queue-autoscaler-adservice,5,60,1,,,
2026-09-01 12:40:48,autoscaler,customdas-cpu-queue-autoscaler-cartservice,5,60,1,,,
2026-09-01 12:40:48,autoscaler,customdas-cpu-queue-autoscaler-checkoutservice,4,60,1,,,
2026-09-01 12:40:48,autoscaler,customdas-cpu-queue-autoscaler-currencyservice,3,60,1,,,
2026-09-01 12:40:48,autoscaler,customdas-cpu-queue-autoscaler-emailservice,4,60,1,,,
2026-09-01 12:40:48,autoscaler,customdas-cpu-queue-autoscaler-frontend,7,60,1,,,
2026-09-01 12:40:48,autoscaler,customdas-cpu-queue-autoscaler-paymentservice,6,60,1,,,
2026-09-01 12:40:48,autoscaler,customdas-cpu-queue-autoscaler-productcatalogservice,5,60,1,,,
2026-09-01 12:40:48,autoscaler,customdas-cpu-queue-autoscaler-recommendationservice,9,60,1,,,
2026-09-01 12:40:48,autoscaler,customdas-cpu-queue-autoscaler-shippingservice,3,60,1,,,
2026-09-01 12:40:48,node,ze-master-node,2206,3674,,55.1,46.3,
2026-09-01 12:40:48,node,ze-worker-node,1774,2025,,44.4,25.5,
2026-09-01 12:40:57,deployment,adservice,33,95,1,,,
2026-09-01 12:40:57,deployment,cartservice,250,55,2,,,
2026-09-01 12:40:57,deployment,checkoutservice,27,21,2,,,
2026-09-01 12:40:57,deployment,currencyservice,208,76,2,,,
2026-09-01 12:40:57,deployment,emailservice,17,40,1,,,
2026-09-01 12:40:57,deployment,frontend,394,36,4,,,
2026-09-01 12:40:57,http_p95_latency,frontend,,,,,,235.3
2026-09-01 12:40:57,deployment,paymentservice,8,33,1,,,
2026-09-01 12:40:57,deployment,productcatalogservice,216,26,3,,,
2026-09-01 12:40:57,deployment,recommendationservice,155,82,2,,,
2026-09-01 12:40:57,deployment,redis-cart,13,44,1,,,
2026-09-01 12:40:57,deployment,shippingservice,27,11,1,,,
2026-09-01 12:40:57,autoscaler,customdas-cpu-queue-autoscaler-adservice,5,60,1,,,
2026-09-01 12:40:57,autoscaler,customdas-cpu-queue-autoscaler-cartservice,5,60,1,,,
2026-09-01 12:40:57,autoscaler,customdas-cpu-queue-autoscaler-checkoutservice,4,60,1,,,
2026-09-01 12:40:57,autoscaler,customdas-cpu-queue-autoscaler-currencyservice,3,60,1,,,
2026-09-01 12:40:57,autoscaler,customdas-cpu-queue-autoscaler-emailservice,4,60,1,,,
2026-09-01 12:40:57,autoscaler,customdas-cpu-queue-autoscaler-frontend,7,60,1,,,
2026-09-01 12:40:57,autoscaler,customdas-cpu-queue-autoscaler-paymentservice,6,60,1,,,
2026-09-01 12:40:57,autoscaler,customdas-cpu-queue-autoscaler-productcatalogservice,5,60,1,,,
2026-09-01 12:40:57,autoscaler,customdas-cpu-queue-autoscaler-recommendationservice,9,60,1,,,
2026-09-01 12:40:57,autoscaler,customdas-cpu-queue-autoscaler-shippingservice,3,60,1,,,
2026-09-01 12:40:57,node,ze-master-node,2206,3674,,55.1,46.3,
2026-09-01 12:40:57,node,ze-worker-node,1774,2025,,44.4,25.5,
2026-09-01 12:41:04,deployment,adservice,32,95,1,,,
2026-09-01 12:41:04,deployment,cartservice,184,60,2,,,
2026-09-01 12:41:04,deployment,checkoutservice,40,21,2,,,
2026-09-01 12:41:04,deployment,currencyservice,214,78,2,,,
2026-09-01 12:41:04,deployment,emailservice,18,40,1,,,
2026-09-01 12:41:04,deployment,frontend,393,45,4,,,
2026-09-01 12:41:04,http_p95_latency,frontend,,,,,,235.3
2026-09-01 12:41:04,deployment,paymentservice,11,33,1,,,
2026-09-01 12:41:04,deployment,productcatalogservice,209,25,3,,,
2026-09-01 12:41:04,deployment,recommendationservice,152,80,2,,,
2026-09-01 12:41:04,deployment,redis-cart,14,44,1,,,
2026-09-01 12:41:04,deployment,shippingservice,24,9,1,,,
2026-09-01 12:41:04,autoscaler,customdas-cpu-queue-autoscaler-adservice,5,60,1,,,
2026-09-01 12:41:04,autoscaler,customdas-cpu-queue-autoscaler-cartservice,6,60,1,,,
2026-09-01 12:41:04,autoscaler,customdas-cpu-queue-autoscaler-checkoutservice,6,60,1,,,
2026-09-01 12:41:04,autoscaler,customdas-cpu-queue-autoscaler-currencyservice,10,60,1,,,
2026-09-01 12:41:04,autoscaler,customdas-cpu-queue-autoscaler-emailservice,6,60,1,,,
2026-09-01 12:41:04,autoscaler,customdas-cpu-queue-autoscaler-frontend,11,60,1,,,
2026-09-01 12:41:04,autoscaler,customdas-cpu-queue-autoscaler-paymentservice,6,60,1,,,
2026-09-01 12:41:04,autoscaler,customdas-cpu-queue-autoscaler-productcatalogservice,4,60,1,,,
2026-09-01 12:41:04,autoscaler,customdas-cpu-queue-autoscaler-recommendationservice,6,60,1,,,
2026-09-01 12:41:04,autoscaler,customdas-cpu-queue-autoscaler-shippingservice,5,60,1,,,
2026-09-01 12:41:04,node,ze-master-node,2127,3689,,53.2,46.5,
2026-09-01 12:41:04,node,ze-worker-node,1788,2048,,44.7,25.8,
2026-09-01 12:41:13,deployment,adservice,32,95,1,,,
2026-09-01 12:41:13,deployment,cartservice,184,60,2,,,
2026-09-01 12:41:13,deployment,checkoutservice,40,21,2,,,
2026-09-01 12:41:13,deployment,currencyservice,214,78,2,,,
2026-09-01 12:41:13,deployment,emailservice,18,40,1,,,
2026-09-01 12:41:13,deployment,frontend,393,45,4,,,
2026-09-01 12:41:13,http_p95_latency,frontend,,,,,,235.5
2026-09-01 12:41:13,deployment,paymentservice,11,33,1,,,
2026-09-01 12:41:13,deployment,productcatalogservice,209,25,3,,,
2026-09-01 12:41:13,deployment,recommendationservice,152,80,2,,,
2026-09-01 12:41:13,deployment,redis-cart,14,44,1,,,
2026-09-01 12:41:13,deployment,shippingservice,24,9,1,,,
2026-09-01 12:41:13,autoscaler,customdas-cpu-queue-autoscaler-adservice,5,60,1,,,
2026-09-01 12:41:13,autoscaler,customdas-cpu-queue-autoscaler-cartservice,6,60,1,,,
2026-09-01 12:41:13,autoscaler,customdas-cpu-queue-autoscaler-checkoutservice,6,60,1,,,
2026-09-01 12:41:13,autoscaler,customdas-cpu-queue-autoscaler-currencyservice,10,60,1,,,
2026-09-01 12:41:13,autoscaler,customdas-cpu-queue-autoscaler-emailservice,6,60,1,,,
2026-09-01 12:41:13,autoscaler,customdas-cpu-queue-autoscaler-frontend,11,60,1,,,
2026-09-01 12:41:13,autoscaler,customdas-cpu-queue-autoscaler-paymentservice,6,60,1,,,
2026-09-01 12:41:13,autoscaler,customdas-cpu-queue-autoscaler-productcatalogservice,4,60,1,,,
2026-09-01 12:41:13,autoscaler,customdas-cpu-queue-autoscaler-recommendationservice,6,60,1,,,
2026-09-01 12:41:13,autoscaler,customdas-cpu-queue-autoscaler-shippingservice,5,60,1,,,
2026-09-01 12:41:13,node,ze-master-node,2127,3689,,53.2,46.5,
2026-09-01 12:41:13,node,ze-worker-node,1788,2048,,44.7,25.8,
2026-09-01 12:41:20,deployment,adservice,32,95,1,,,
2026-09-01 12:41:20,deployment,cartservice,253,69,2,,,
2026-09-01 12:41:20,deployment,checkoutservice,30,21,2,,,
2026-09-01 12:41:20,deployment,currencyservice,218,75,2,,,
2026-09-01 12:41:20,deployment,emailservice,18,40,1,,,
2026-09-01 12:41:20,deployment,frontend,385,46,4,,,
2026-09-01 12:41:20,http_p95_latency,frontend,,,,,,235.5
2026-09-01 12:41:20,deployment,paymentservice,11,33,1,,,
2026-09-01 12:41:20,deployment,productcatalogservice,217,25,3,,,
2026-09-01 12:41:20,deployment,recommendationservice,151,81,2,,,
2026-09-01 12:41:20,deployment,redis-cart,13,44,1,,,
2026-09-01 12:41:20,deployment,shippingservice,18,9,1,,,
2026-09-01 12:41:20,autoscaler,customdas-cpu-queue-autoscaler-adservice,4,60,1,,,
2026-09-01 12:41:20,autoscaler,customdas-cpu-queue-autoscaler-cartservice,5,60,1,,,
2026-09-01 12:41:20,autoscaler,customdas-cpu-queue-autoscaler-checkoutservice,5,60,1,,,
2026-09-01 12:41:20,autoscaler,customdas-cpu-queue-autoscaler-currencyservice,5,60,1,,,
2026-09-01 12:41:20,autoscaler,customdas-cpu-queue-autoscaler-emailservice,6,60,1,,,
2026-09-01 12:41:20,autoscaler,customdas-cpu-queue-autoscaler-frontend,10,60,1,,,
2026-09-01 12:41:20,autoscaler,customdas-cpu-queue-autoscaler-paymentservice,0,60,1,,,
2026-09-01 12:41:20,autoscaler,customdas-cpu-queue-autoscaler-productcatalogservice,4,60,1,,,
2026-09-01 12:41:20,autoscaler,customdas-cpu-queue-autoscaler-recommendationservice,5,60,1,,,
2026-09-01 12:41:20,autoscaler,customdas-cpu-queue-autoscaler-shippingservice,5,60,1,,,
2026-09-01 12:41:20,node,ze-master-node,1883,3683,,47.1,46.4,
2026-09-01 12:41:20,node,ze-worker-node,1816,2034,,45.4,25.6,
2026-09-01 12:41:28,deployment,adservice,32,95,1,,,
2026-09-01 12:41:28,deployment,cartservice,253,69,2,,,
2026-09-01 12:41:28,deployment,checkoutservice,30,21,2,,,
2026-09-01 12:41:28,deployment,currencyservice,218,75,2,,,
2026-09-01 12:41:28,deployment,emailservice,18,40,1,,,
2026-09-01 12:41:28,deployment,frontend,385,46,4,,,
2026-09-01 12:41:28,http_p95_latency,frontend,,,,,,242.9
2026-09-01 12:41:28,deployment,paymentservice,11,33,1,,,
2026-09-01 12:41:28,deployment,productcatalogservice,217,25,3,,,
2026-09-01 12:41:28,deployment,recommendationservice,151,81,2,,,
2026-09-01 12:41:28,deployment,redis-cart,13,44,1,,,
2026-09-01 12:41:28,deployment,shippingservice,18,9,1,,,
2026-09-01 12:41:28,autoscaler,customdas-cpu-queue-autoscaler-adservice,4,60,1,,,
2026-09-01 12:41:28,autoscaler,customdas-cpu-queue-autoscaler-cartservice,5,60,1,,,
2026-09-01 12:41:28,autoscaler,customdas-cpu-queue-autoscaler-checkoutservice,5,60,1,,,
2026-09-01 12:41:28,autoscaler,customdas-cpu-queue-autoscaler-currencyservice,5,60,1,,,
2026-09-01 12:41:28,autoscaler,customdas-cpu-queue-autoscaler-emailservice,6,60,1,,,
2026-09-01 12:41:28,autoscaler,customdas-cpu-queue-autoscaler-frontend,10,60,1,,,
2026-09-01 12:41:28,autoscaler,customdas-cpu-queue-autoscaler-paymentservice,0,60,1,,,
2026-09-01 12:41:28,autoscaler,customdas-cpu-queue-autoscaler-productcatalogservice,4,60,1,,,
2026-09-01 12:41:28,autoscaler,customdas-cpu-queue-autoscaler-recommendationservice,5,60,1,,,
2026-09-01 12:41:28,autoscaler,customdas-cpu-queue-autoscaler-shippingservice,5,60,1,,,
2026-09-01 12:41:28,node,ze-master-node,1883,3683,,47.1,46.4,
2026-09-01 12:41:28,node,ze-worker-node,1816,2034,,45.4,25.6,
2026-09-01 12:41:35,deployment,adservice,34,95,1,,,
2026-09-01 12:41:35,deployment,cartservice,237,74,2,,,
2026-09-01 12:41:35,deployment,checkoutservice,31,21,2,,,
2026-09-01 12:41:35,deployment,currencyservice,245,76,2,,,
2026-09-01 12:41:35,deployment,emailservice,17,40,1,,,
2026-09-01 12:41:35,deployment,frontend,466,47,4,,,
2026-09-01 12:41:35,http_p95_latency,frontend,,,,,,242.9
2026-09-01 12:41:35,deployment,paymentservice,9,33,1,,,
2026-09-01 12:41:35,deployment,productcatalogservice,235,25,3,,,
2026-09-01 12:41:35,deployment,recommendationservice,158,81,2,,,
2026-09-01 12:41:35,deployment,redis-cart,15,44,1,,,
2026-09-01 12:41:35,deployment,shippingservice,26,9,1,,,
2026-09-01 12:41:35,autoscaler,customdas-cpu-queue-autoscaler-adservice,2,60,1,,,
2026-09-01 12:41:35,autoscaler,customdas-cpu-queue-autoscaler-cartservice,8,60,1,,,
2026-09-01 12:41:35,autoscaler,customdas-cpu-queue-autoscaler-checkoutservice,4,60,1,,,
2026-09-01 12:41:35,autoscaler,customdas-cpu-queue-autoscaler-currencyservice,0,60,1,,,
2026-09-01 12:41:35,autoscaler,customdas-cpu-queue-autoscaler-emailservice,3,60,1,,,
2026-09-01 12:41:35,autoscaler,customdas-cpu-queue-autoscaler-frontend,0,60,1,,,
2026-09-01 12:41:35,autoscaler,customdas-cpu-queue-autoscaler-paymentservice,4,60,1,,,
2026-09-01 12:41:35,autoscaler,customdas-cpu-queue-autoscaler-productcatalogservice,3,60,1,,,
2026-09-01 12:41:35,autoscaler,customdas-cpu-queue-autoscaler-recommendationservice,5,60,1,,,
2026-09-01 12:41:35,autoscaler,customdas-cpu-queue-autoscaler-shippingservice,5,60,1,,,
2026-09-01 12:41:35,node,ze-master-node,2194,3697,,54.9,46.6,
2026-09-01 12:41:35,node,ze-worker-node,1932,2050,,48.3,25.8,
2026-09-01 12:41:43,deployment,adservice,34,95,1,,,
2026-09-01 12:41:43,deployment,cartservice,237,74,2,,,
2026-09-01 12:41:43,deployment,checkoutservice,31,21,2,,,
2026-09-01 12:41:43,deployment,currencyservice,245,76,2,,,
2026-09-01 12:41:43,deployment,emailservice,17,40,1,,,
2026-09-01 12:41:43,deployment,frontend,466,47,4,,,
2026-09-01 12:41:43,http_p95_latency,frontend,,,,,,238.9
2026-09-01 12:41:43,deployment,paymentservice,9,33,1,,,
2026-09-01 12:41:43,deployment,productcatalogservice,235,25,3,,,
2026-09-01 12:41:43,deployment,recommendationservice,158,81,2,,,
2026-09-01 12:41:43,deployment,redis-cart,15,44,1,,,
2026-09-01 12:41:43,deployment,shippingservice,26,9,1,,,
2026-09-01 12:41:43,autoscaler,customdas-cpu-queue-autoscaler-adservice,2,60,1,,,
2026-09-01 12:41:43,autoscaler,customdas-cpu-queue-autoscaler-cartservice,8,60,1,,,
2026-09-01 12:41:43,autoscaler,customdas-cpu-queue-autoscaler-checkoutservice,4,60,1,,,
2026-09-01 12:41:43,autoscaler,customdas-cpu-queue-autoscaler-currencyservice,0,60,1,,,
2026-09-01 12:41:43,autoscaler,customdas-cpu-queue-autoscaler-emailservice,3,60,1,,,
2026-09-01 12:41:43,autoscaler,customdas-cpu-queue-autoscaler-frontend,0,60,1,,,
2026-09-01 12:41:43,autoscaler,customdas-cpu-queue-autoscaler-paymentservice,4,60,1,,,
2026-09-01 12:41:43,autoscaler,customdas-cpu-queue-autoscaler-productcatalogservice,3,60,1,,,
2026-09-01 12:41:43,autoscaler,customdas-cpu-queue-autoscaler-recommendationservice,5,60,1,,,
2026-09-01 12:41:43,autoscaler,customdas-cpu-queue-autoscaler-shippingservice,5,60,1,,,
2026-09-01 12:41:43,node,ze-master-node,2194,3697,,54.9,46.6,
2026-09-01 12:41:43,node,ze-worker-node,1932,2050,,48.3,25.8,
2026-09-01 12:41:51,deployment,adservice,39,95,1,,,
2026-09-01 12:41:51,deployment,cartservice,155,75,2,,,
2026-09-01 12:41:51,deployment,checkoutservice,31,21,2,,,
2026-09-01 12:41:51,deployment,currencyservice,243,80,2,,,
2026-09-01 12:41:51,deployment,emailservice,15,40,1,,,
2026-09-01 12:41:51,deployment,frontend,459,49,4,,,
2026-09-01 12:41:51,http_p95_latency,frontend,,,,,,238.9
2026-09-01 12:41:51,deployment,paymentservice,9,33,1,,,
2026-09-01 12:41:51,deployment,productcatalogservice,246,25,3,,,
2026-09-01 12:41:51,deployment,recommendationservice,178,81,2,,,
2026-09-01 12:41:51,deployment,redis-cart,16,44,1,,,
2026-09-01 12:41:51,deployment,shippingservice,24,9,1,,,
2026-09-01 12:41:51,autoscaler,customdas-cpu-queue-autoscaler-adservice,2,60,1,,,
2026-09-01 12:41:51,autoscaler,customdas-cpu-queue-autoscaler-cartservice,0,60,1,,,
2026-09-01 12:41:51,autoscaler,customdas-cpu-queue-autoscaler-checkoutservice,7,60,1,,,
2026-09-01 12:41:51,autoscaler,customdas-cpu-queue-autoscaler-currencyservice,8,60,1,,,
2026-09-01 12:41:51,autoscaler,customdas-cpu-queue-autoscaler-emailservice,7,60,1,,,
2026-09-01 12:41:51,autoscaler,customdas-cpu-queue-autoscaler-frontend,7,60,1,,,
2026-09-01 12:41:51,autoscaler,customdas-cpu-queue-autoscaler-paymentservice,5,60,1,,,
2026-09-01 12:41:51,autoscaler,customdas-cpu-queue-autoscaler-productcatalogservice,8,60,1,,,
2026-09-01 12:41:51,autoscaler,customdas-cpu-queue-autoscaler-recommendationservice,5,60,1,,,
2026-09-01 12:41:51,autoscaler,customdas-cpu-queue-autoscaler-shippingservice,6,60,1,,,
2026-09-01 12:41:51,node,ze-master-node,2178,3690,,54.4,46.5,
2026-09-01 12:41:51,node,ze-worker-node,1993,2047,,49.8,25.8,
2026-09-01 12:42:00,deployment,adservice,39,95,1,,,
2026-09-01 12:42:00,deployment,cartservice,155,75,2,,,
2026-09-01 12:42:00,deployment,checkoutservice,31,21,2,,,
2026-09-01 12:42:00,deployment,currencyservice,243,80,2,,,
2026-09-01 12:42:00,deployment,emailservice,15,40,1,,,
2026-09-01 12:42:00,deployment,frontend,459,49,4,,,
2026-09-01 12:42:00,http_p95_latency,frontend,,,,,,224.9
2026-09-01 12:42:00,deployment,paymentservice,9,33,1,,,
2026-09-01 12:42:00,deployment,productcatalogservice,246,25,3,,,
2026-09-01 12:42:00,deployment,recommendationservice,178,81,2,,,
2026-09-01 12:42:00,deployment,redis-cart,16,44,1,,,
2026-09-01 12:42:00,deployment,shippingservice,24,9,1,,,
2026-09-01 12:42:00,autoscaler,customdas-cpu-queue-autoscaler-adservice,2,60,1,,,
2026-09-01 12:42:00,autoscaler,customdas-cpu-queue-autoscaler-cartservice,0,60,1,,,
2026-09-01 12:42:00,autoscaler,customdas-cpu-queue-autoscaler-checkoutservice,7,60,1,,,
2026-09-01 12:42:00,autoscaler,customdas-cpu-queue-autoscaler-currencyservice,8,60,1,,,
2026-09-01 12:42:00,autoscaler,customdas-cpu-queue-autoscaler-emailservice,7,60,1,,,
2026-09-01 12:42:00,autoscaler,customdas-cpu-queue-autoscaler-frontend,7,60,1,,,
2026-09-01 12:42:00,autoscaler,customdas-cpu-queue-autoscaler-paymentservice,5,60,1,,,
2026-09-01 12:42:00,autoscaler,customdas-cpu-queue-autoscaler-productcatalogservice,8,60,1,,,
2026-09-01 12:42:00,autoscaler,customdas-cpu-queue-autoscaler-recommendationservice,5,60,1,,,
2026-09-01 12:42:00,autoscaler,customdas-cpu-queue-autoscaler-shippingservice,6,60,1,,,
2026-09-01 12:42:00,node,ze-master-node,2178,3690,,54.4,46.5,
2026-09-01 12:42:00,node,ze-worker-node,1993,2047,,49.8,25.8,
2026-09-01 12:42:06,deployment,adservice,37,95,1,,,
2026-09-01 12:42:06,deployment,cartservice,147,74,2,,,
2026-09-01 12:42:06,deployment,checkoutservice,39,25,2,,,
2026-09-01 12:42:06,deployment,currencyservice,242,80,2,,,
2026-09-01 12:42:06,deployment,emailservice,20,40,1,,,
2026-09-01 12:42:06,deployment,frontend,495,48,4,,,
2026-09-01 12:42:06,http_p95_latency,frontend,,,,,,224.9
2026-09-01 12:42:06,deployment,paymentservice,10,33,1,,,
2026-09-01 12:42:06,deployment,productcatalogservice,249,25,3,,,
2026-09-01 12:42:06,deployment,recommendationservice,182,81,2,,,
2026-09-01 12:42:06,deployment,redis-cart,16,44,1,,,
2026-09-01 12:42:06,deployment,shippingservice,25,9,1,,,
2026-09-01 12:42:06,autoscaler,customdas-cpu-queue-autoscaler-adservice,4,60,1,,,
2026-09-01 12:42:06,autoscaler,customdas-cpu-queue-autoscaler-cartservice,6,60,1,,,
2026-09-01 12:42:06,autoscaler,customdas-cpu-queue-autoscaler-checkoutservice,0,60,1,,,
2026-09-01 12:42:06,autoscaler,customdas-cpu-queue-autoscaler-currencyservice,0,60,1,,,
2026-09-01 12:42:06,autoscaler,customdas-cpu-queue-autoscaler-emailservice,5,60,1,,,
2026-09-01 12:42:06,autoscaler,customdas-cpu-queue-autoscaler-frontend,6,60,1,,,
2026-09-01 12:42:06,autoscaler,customdas-cpu-queue-autoscaler-paymentservice,3,60,1,,,
2026-09-01 12:42:06,autoscaler,customdas-cpu-queue-autoscaler-productcatalogservice,3,60,1,,,
2026-09-01 12:42:06,autoscaler,customdas-cpu-queue-autoscaler-recommendationservice,5,60,1,,,
2026-09-01 12:42:06,autoscaler,customdas-cpu-queue-autoscaler-shippingservice,4,60,1,,,
2026-09-01 12:42:06,node,ze-master-node,2143,3697,,53.6,46.6,
2026-09-01 12:42:06,node,ze-worker-node,1943,2059,,48.6,25.9,
2026-09-01 12:42:15,deployment,adservice,37,95,1,,,
2026-09-01 12:42:15,deployment,cartservice,147,74,2,,,
2026-09-01 12:42:15,deployment,checkoutservice,39,25,2,,,
2026-09-01 12:42:15,deployment,currencyservice,242,80,2,,,
2026-09-01 12:42:15,deployment,emailservice,20,40,1,,,
2026-09-01 12:42:15,deployment,frontend,495,48,4,,,
2026-09-01 12:42:15,http_p95_latency,frontend,,,,,,226.3
2026-09-01 12:42:15,deployment,paymentservice,10,33,1,,,
2026-09-01 12:42:15,deployment,productcatalogservice,249,25,3,,,
2026-09-01 12:42:15,deployment,recommendationservice,182,81,2,,,
2026-09-01 12:42:15,deployment,redis-cart,16,44,1,,,
2026-09-01 12:42:15,deployment,shippingservice,25,9,1,,,
2026-09-01 12:42:15,autoscaler,customdas-cpu-queue-autoscaler-adservice,4,60,1,,,
2026-09-01 12:42:15,autoscaler,customdas-cpu-queue-autoscaler-cartservice,6,60,1,,,
2026-09-01 12:42:15,autoscaler,customdas-cpu-queue-autoscaler-checkoutservice,0,60,1,,,
2026-09-01 12:42:15,autoscaler,customdas-cpu-queue-autoscaler-currencyservice,0,60,1,,,
2026-09-01 12:42:15,autoscaler,customdas-cpu-queue-autoscaler-emailservice,5,60,1,,,
2026-09-01 12:42:15,autoscaler,customdas-cpu-queue-autoscaler-frontend,6,60,1,,,
2026-09-01 12:42:15,autoscaler,customdas-cpu-queue-autoscaler-paymentservice,3,60,1,,,
2026-09-01 12:42:15,autoscaler,customdas-cpu-queue-autoscaler-productcatalogservice,3,60,1,,,
2026-09-01 12:42:15,autoscaler,customdas-cpu-queue-autoscaler-recommendationservice,5,60,1,,,
2026-09-01 12:42:15,autoscaler,customdas-cpu-queue-autoscaler-shippingservice,4,60,1,,,
2026-09-01 12:42:15,node,ze-master-node,2143,3697,,53.6,46.6,
2026-09-01 12:42:15,node,ze-worker-node,1943,2059,,48.6,25.9,
2026-09-01 12:42:22,deployment,adservice,37,95,1,,,
2026-09-01 12:42:22,deployment,cartservice,145,74,2,,,
2026-09-01 12:42:22,deployment,checkoutservice,33,24,2,,,
2026-09-01 12:42:22,deployment,currencyservice,239,82,2,,,
2026-09-01 12:42:22,deployment,emailservice,17,40,1,,,
2026-09-01 12:42:22,deployment,frontend,457,48,4,,,
2026-09-01 12:42:22,http_p95_latency,frontend,,,,,,226.3
2026-09-01 12:42:22,deployment,paymentservice,10,33,1,,,
2026-09-01 12:42:22,deployment,productcatalogservice,257,25,3,,,
2026-09-01 12:42:22,deployment,recommendationservice,179,81,2,,,
2026-09-01 12:42:22,deployment,redis-cart,65,44,1,,,
2026-09-01 12:42:22,deployment,shippingservice,23,9,1,,,
2026-09-01 12:42:22,autoscaler,customdas-cpu-queue-autoscaler-adservice,4,60,1,,,
2026-09-01 12:42:22,autoscaler,customdas-cpu-queue-autoscaler-cartservice,5,60,1,,,
2026-09-01 12:42:22,autoscaler,customdas-cpu-queue-autoscaler-checkoutservice,5,60,1,,,
2026-09-01 12:42:22,autoscaler,customdas-cpu-queue-autoscaler-currencyservice,5,60,1,,,
2026-09-01 12:42:22,autoscaler,customdas-cpu-queue-autoscaler-emailservice,5,60,1,,,
2026-09-01 12:42:22,autoscaler,customdas-cpu-queue-autoscaler-frontend,6,60,1,,,
2026-09-01 12:42:22,autoscaler,customdas-cpu-queue-autoscaler-paymentservice,4,60,1,,,
2026-09-01 12:42:22,autoscaler,customdas-cpu-queue-autoscaler-productcatalogservice,0,60,1,,,
2026-09-01 12:42:22,autoscaler,customdas-cpu-queue-autoscaler-recommendationservice,0,60,1,,,
2026-09-01 12:42:22,autoscaler,customdas-cpu-queue-autoscaler-shippingservice,5,60,1,,,
2026-09-01 12:42:22,node,ze-master-node,2250,3689,,56.2,46.5,
2026-09-01 12:42:22,node,ze-worker-node,1961,2044,,49.0,25.7,
2026-09-01 12:42:31,deployment,adservice,37,95,1,,,
2026-09-01 12:42:31,deployment,cartservice,145,74,2,,,
2026-09-01 12:42:31,deployment,checkoutservice,33,24,2,,,
2026-09-01 12:42:31,deployment,currencyservice,239,82,2,,,
2026-09-01 12:42:31,deployment,emailservice,17,40,1,,,
2026-09-01 12:42:31,deployment,frontend,457,48,4,,,
2026-09-01 12:42:31,http_p95_latency,frontend,,,,,,243.2
2026-09-01 12:42:31,deployment,paymentservice,10,33,1,,,
2026-09-01 12:42:31,deployment,productcatalogservice,257,25,3,,,
2026-09-01 12:42:31,deployment,recommendationservice,179,81,2,,,
2026-09-01 12:42:31,deployment,redis-cart,65,44,1,,,
2026-09-01 12:42:31,deployment,shippingservice,23,9,1,,,
2026-09-01 12:42:31,autoscaler,customdas-cpu-queue-autoscaler-adservice,4,60,1,,,
2026-09-01 12:42:31,autoscaler,customdas-cpu-queue-autoscaler-cartservice,5,60,1,,,
2026-09-01 12:42:31,autoscaler,customdas-cpu-queue-autoscaler-checkoutservice,5,60,1,,,
2026-09-01 12:42:31,autoscaler,customdas-cpu-queue-autoscaler-currencyservice,5,60,1,,,
2026-09-01 12:42:31,autoscaler,customdas-cpu-queue-autoscaler-emailservice,5,60,1,,,
2026-09-01 12:42:31,autoscaler,customdas-cpu-queue-autoscaler-frontend,6,60,1,,,
2026-09-01 12:42:31,autoscaler,customdas-cpu-queue-autoscaler-paymentservice,4,60,1,,,
2026-09-01 12:42:31,autoscaler,customdas-cpu-queue-autoscaler-productcatalogservice,0,60,1,,,
2026-09-01 12:42:31,autoscaler,customdas-cpu-queue-autoscaler-recommendationservice,0,60,1,,,
2026-09-01 12:42:31,autoscaler,customdas-cpu-queue-autoscaler-shippingservice,5,60,1,,,
2026-09-01 12:42:31,node,ze-master-node,2250,3689,,56.2,46.5,
2026-09-01 12:42:31,node,ze-worker-node,1961,2044,,49.0,25.7,
2026-09-01 12:42:37,deployment,adservice,41,95,1,,,
2026-09-01 12:42:37,deployment,cartservice,155,76,2,,,
2026-09-01 12:42:37,deployment,checkoutservice,35,21,2,,,
2026-09-01 12:42:37,deployment,currencyservice,271,91,2,,,
2026-09-01 12:42:37,deployment,emailservice,19,40,1,,,
2026-09-01 12:42:37,deployment,frontend,508,48,4,,,
2026-09-01 12:42:37,http_p95_latency,frontend,,,,,,243.2
2026-09-01 12:42:37,deployment,paymentservice,8,33,1,,,
2026-09-01 12:42:37,deployment,productcatalogservice,265,25,3,,,
2026-09-01 12:42:37,deployment,recommendationservice,198,81,2,,,
2026-09-01 12:42:37,deployment,redis-cart,16,44,1,,,
2026-09-01 12:42:37,deployment,shippingservice,26,9,1,,,
2026-09-01 12:42:37,autoscaler,customdas-cpu-queue-autoscaler-adservice,3,60,1,,,
2026-09-01 12:42:37,autoscaler,customdas-cpu-queue-autoscaler-cartservice,4,60,1,,,
2026-09-01 12:42:37,autoscaler,customdas-cpu-queue-autoscaler-checkoutservice,5,60,1,,,
2026-09-01 12:42:37,autoscaler,customdas-cpu-queue-autoscaler-currencyservice,9,60,1,,,
2026-09-01 12:42:37,autoscaler,customdas-cpu-queue-autoscaler-emailservice,5,60,1,,,
2026-09-01 12:42:37,autoscaler,customdas-cpu-queue-autoscaler-frontend,8,60,1,,,
2026-09-01 12:42:37,autoscaler,customdas-cpu-queue-autoscaler-paymentservice,4,60,1,,,
2026-09-01 12:42:37,autoscaler,customdas-cpu-queue-autoscaler-productcatalogservice,4,60,1,,,
2026-09-01 12:42:37,autoscaler,customdas-cpu-queue-autoscaler-recommendationservice,6,60,1,,,
2026-09-01 12:42:37,autoscaler,customdas-cpu-queue-autoscaler-shippingservice,4,60,1,,,
2026-09-01 12:42:37,node,ze-master-node,2303,3715,,57.6,46.8,
2026-09-01 12:42:37,node,ze-worker-node,2048,2054,,51.2,25.9,
2026-09-01 12:42:45,deployment,adservice,41,95,1,,,
2026-09-01 12:42:45,deployment,cartservice,155,76,2,,,
2026-09-01 12:42:45,deployment,checkoutservice,35,21,2,,,
2026-09-01 12:42:45,deployment,currencyservice,271,91,2,,,
2026-09-01 12:42:45,deployment,emailservice,19,40,1,,,
2026-09-01 12:42:45,deployment,frontend,508,48,5,,,
2026-09-01 12:42:45,http_p95_latency,frontend,,,,,,237.7
2026-09-01 12:42:45,deployment,paymentservice,8,33,1,,,
2026-09-01 12:42:45,deployment,productcatalogservice,265,25,3,,,
2026-09-01 12:42:45,deployment,recommendationservice,198,81,2,,,
2026-09-01 12:42:45,deployment,redis-cart,16,44,1,,,
2026-09-01 12:42:45,deployment,shippingservice,26,9,1,,,
2026-09-01 12:42:45,autoscaler,customdas-cpu-queue-autoscaler-adservice,3,60,1,,,
2026-09-01 12:42:45,autoscaler,customdas-cpu-queue-autoscaler-cartservice,4,60,1,,,
2026-09-01 12:42:45,autoscaler,customdas-cpu-queue-autoscaler-checkoutservice,5,60,1,,,
2026-09-01 12:42:45,autoscaler,customdas-cpu-queue-autoscaler-currencyservice,9,60,1,,,
2026-09-01 12:42:45,autoscaler,customdas-cpu-queue-autoscaler-emailservice,5,60,1,,,
2026-09-01 12:42:45,autoscaler,customdas-cpu-queue-autoscaler-frontend,8,60,1,,,
2026-09-01 12:42:45,autoscaler,customdas-cpu-queue-autoscaler-paymentservice,4,60,1,,,
2026-09-01 12:42:45,autoscaler,customdas-cpu-queue-autoscaler-productcatalogservice,4,60,1,,,
2026-09-01 12:42:45,autoscaler,customdas-cpu-queue-autoscaler-recommendationservice,6,60,1,,,
2026-09-01 12:42:45,autoscaler,customdas-cpu-queue-autoscaler-shippingservice,4,60,1,,,
2026-09-01 12:42:45,node,ze-master-node,2303,3715,,57.6,46.8,
2026-09-01 12:42:45,node,ze-worker-node,2048,2054,,51.2,25.9,
2026-09-01 12:42:52,deployment,adservice,39,95,1,,,
2026-09-01 12:42:52,deployment,cartservice,148,76,2,,,
2026-09-01 12:42:52,deployment,checkoutservice,38,21,2,,,
2026-09-01 12:42:52,deployment,currencyservice,248,92,2,,,
2026-09-01 12:42:52,deployment,emailservice,16,40,1,,,
2026-09-01 12:42:52,deployment,frontend,498,49,5,,,
2026-09-01 12:42:52,http_p95_latency,frontend,,,,,,237.7
2026-09-01 12:42:52,deployment,paymentservice,11,33,1,,,
2026-09-01 12:42:52,deployment,productcatalogservice,264,26,3,,,
2026-09-01 12:42:52,deployment,recommendationservice,194,81,2,,,
2026-09-01 12:42:52,deployment,redis-cart,16,44,1,,,
2026-09-01 12:42:52,deployment,shippingservice,26,9,1,,,
2026-09-01 12:42:52,autoscaler,customdas-cpu-queue-autoscaler-adservice,4,60,1,,,
2026-09-01 12:42:52,autoscaler,customdas-cpu-queue-autoscaler-cartservice,9,60,1,,,
2026-09-01 12:42:52,autoscaler,customdas-cpu-queue-autoscaler-checkoutservice,5,60,1,,,
2026-09-01 12:42:52,autoscaler,customdas-cpu-queue-autoscaler-currencyservice,0,60,1,,,
2026-09-01 12:42:52,autoscaler,customdas-cpu-queue-autoscaler-emailservice,4,60,1,,,
2026-09-01 12:42:52,autoscaler,customdas-cpu-queue-autoscaler-frontend,11,60,1,,,
2026-09-01 12:42:52,autoscaler,customdas-cpu-queue-autoscaler-paymentservice,3,60,1,,,
2026-09-01 12:42:52,autoscaler,customdas-cpu-queue-autoscaler-productcatalogservice,8,60,1,,,
2026-09-01 12:42:52,autoscaler,customdas-cpu-queue-autoscaler-recommendationservice,6,60,1,,,
2026-09-01 12:42:52,autoscaler,customdas-cpu-queue-autoscaler-shippingservice,5,60,1,,,
2026-09-01 12:42:52,node,ze-master-node,2240,3708,,56.0,46.7,
2026-09-01 12:42:52,node,ze-worker-node,1999,2048,,50.0,25.8,
2026-09-01 12:43:01,deployment,adservice,39,95,1,,,
2026-09-01 12:43:01,deployment,cartservice,148,76,2,,,
2026-09-01 12:43:01,deployment,checkoutservice,38,21,2,,,
2026-09-01 12:43:01,deployment,currencyservice,248,92,2,,,
2026-09-01 12:43:01,deployment,emailservice,16,40,1,,,
2026-09-01 12:43:01,deployment,frontend,498,49,5,,,
2026-09-01 12:43:01,http_p95_latency,frontend,,,,,,239.2
2026-09-01 12:43:01,deployment,paymentservice,11,33,1,,,
2026-09-01 12:43:01,deployment,productcatalogservice,264,26,3,,,
2026-09-01 12:43:01,deployment,recommendationservice,194,81,2,,,
2026-09-01 12:43:01,deployment,redis-cart,16,44,1,,,
2026-09-01 12:43:01,deployment,shippingservice,26,9,1,,,
2026-09-01 12:43:01,autoscaler,customdas-cpu-queue-autoscaler-adservice,4,60,1,,,
2026-09-01 12:43:01,autoscaler,customdas-cpu-queue-autoscaler-cartservice,9,60,1,,,
2026-09-01 12:43:01,autoscaler,customdas-cpu-queue-autoscaler-checkoutservice,5,60,1,,,
2026-09-01 12:43:01,autoscaler,customdas-cpu-queue-autoscaler-currencyservice,0,60,1,,,
2026-09-01 12:43:01,autoscaler,customdas-cpu-queue-autoscaler-emailservice,4,60,1,,,
2026-09-01 12:43:01,autoscaler,customdas-cpu-queue-autoscaler-frontend,11,60,1,,,
2026-09-01 12:43:01,autoscaler,customdas-cpu-queue-autoscaler-paymentservice,3,60,1,,,
2026-09-01 12:43:01,autoscaler,customdas-cpu-queue-autoscaler-productcatalogservice,8,60,1,,,
2026-09-01 12:43:01,autoscaler,customdas-cpu-queue-autoscaler-recommendationservice,6,60,1,,,
2026-09-01 12:43:01,autoscaler,customdas-cpu-queue-autoscaler-shippingservice,5,60,1,,,
2026-09-01 12:43:01,node,ze-master-node,2240,3708,,56.0,46.7,
2026-09-01 12:43:01,node,ze-worker-node,1999,2048,,50.0,25.8,
2026-09-01 12:43:08,deployment,adservice,39,95,1,,,
2026-09-01 12:43:08,deployment,cartservice,148,75,2,,,
2026-09-01 12:43:08,deployment,checkoutservice,34,21,2,,,
2026-09-01 12:43:08,deployment,currencyservice,248,90,2,,,
2026-09-01 12:43:08,deployment,emailservice,16,40,1,,,
2026-09-01 12:43:08,deployment,frontend,500,58,5,,,
2026-09-01 12:43:08,http_p95_latency,frontend,,,,,,239.2
2026-09-01 12:43:08,deployment,paymentservice,11,33,1,,,
2026-09-01 12:43:08,deployment,productcatalogservice,265,25,3,,,
2026-09-01 12:43:08,deployment,recommendationservice,199,81,2,,,
2026-09-01 12:43:08,deployment,redis-cart,15,44,1,,,
2026-09-01 12:43:08,deployment,shippingservice,25,9,1,,,
2026-09-01 12:43:08,autoscaler,customdas-cpu-queue-autoscaler-adservice,0,60,1,,,
2026-09-01 12:43:08,autoscaler,customdas-cpu-queue-autoscaler-cartservice,5,60,1,,,
2026-09-01 12:43:08,autoscaler,customdas-cpu-queue-autoscaler-checkoutservice,3,60,1,,,
2026-09-01 12:43:08,autoscaler,customdas-cpu-queue-autoscaler-currencyservice,5,60,1,,,
2026-09-01 12:43:08,autoscaler,customdas-cpu-queue-autoscaler-emailservice,4,60,1,,,
2026-09-01 12:43:08,autoscaler,customdas-cpu-queue-autoscaler-frontend,5,60,1,,,
2026-09-01 12:43:08,autoscaler,customdas-cpu-queue-autoscaler-paymentservice,3,60,1,,,
2026-09-01 12:43:08,autoscaler,customdas-cpu-queue-autoscaler-productcatalogservice,0,60,1,,,
2026-09-01 12:43:08,autoscaler,customdas-cpu-queue-autoscaler-recommendationservice,4,60,1,,,
2026-09-01 12:43:08,autoscaler,customdas-cpu-queue-autoscaler-shippingservice,3,60,1,,,
2026-09-01 12:43:08,node,ze-master-node,2335,3733,,58.4,47.0,
2026-09-01 12:43:08,node,ze-worker-node,2011,2057,,50.3,25.9,
2026-09-01 12:43:15,deployment,adservice,39,95,1,,,
2026-09-01 12:43:15,deployment,cartservice,148,75,2,,,
2026-09-01 12:43:15,deployment,checkoutservice,34,21,2,,,
2026-09-01 12:43:15,deployment,currencyservice,248,90,2,,,
2026-09-01 12:43:15,deployment,emailservice,16,40,1,,,
2026-09-01 12:43:15,deployment,frontend,500,58,5,,,
2026-09-01 12:43:15,http_p95_latency,frontend,,,,,,238.7
2026-09-01 12:43:15,deployment,paymentservice,11,33,1,,,
2026-09-01 12:43:15,deployment,productcatalogservice,265,25,3,,,
2026-09-01 12:43:15,deployment,recommendationservice,199,81,2,,,
2026-09-01 12:43:15,deployment,redis-cart,15,44,1,,,
2026-09-01 12:43:15,deployment,shippingservice,25,9,1,,,
2026-09-01 12:43:15,autoscaler,customdas-cpu-queue-autoscaler-adservice,0,60,1,,,
2026-09-01 12:43:15,autoscaler,customdas-cpu-queue-autoscaler-cartservice,5,60,1,,,
2026-09-01 12:43:15,autoscaler,customdas-cpu-queue-autoscaler-checkoutservice,3,60,1,,,
2026-09-01 12:43:15,autoscaler,customdas-cpu-queue-autoscaler-currencyservice,5,60,1,,,
2026-09-01 12:43:15,autoscaler,customdas-cpu-queue-autoscaler-emailservice,4,60,1,,,
2026-09-01 12:43:15,autoscaler,customdas-cpu-queue-autoscaler-frontend,5,60,1,,,
2026-09-01 12:43:15,autoscaler,customdas-cpu-queue-autoscaler-paymentservice,3,60,1,,,
2026-09-01 12:43:15,autoscaler,customdas-cpu-queue-autoscaler-productcatalogservice,0,60,1,,,
2026-09-01 12:43:15,autoscaler,customdas-cpu-queue-autoscaler-recommendationservice,4,60,1,,,
2026-09-01 12:43:15,autoscaler,customdas-cpu-queue-autoscaler-shippingservice,3,60,1,,,
2026-09-01 12:43:15,node,ze-master-node,2335,3733,,58.4,47.0,
2026-09-01 12:43:15,node,ze-worker-node,2011,2057,,50.3,25.9,
2026-09-01 12:43:22,deployment,adservice,44,95,1,,,
2026-09-01 12:43:22,deployment,cartservice,166,77,2,,,
2026-09-01 12:43:22,deployment,checkoutservice,40,21,2,,,
2026-09-01 12:43:22,deployment,currencyservice,254,91,2,,,
2026-09-01 12:43:22,deployment,emailservice,13,40,1,,,
2026-09-01 12:43:22,deployment,frontend,534,59,5,,,
2026-09-01 12:43:22,http_p95_latency,frontend,,,,,,238.7
2026-09-01 12:43:22,deployment,paymentservice,10,33,1,,,
2026-09-01 12:43:22,deployment,productcatalogservice,272,25,3,,,
2026-09-01 12:43:22,deployment,recommendationservice,205,81,2,,,
2026-09-01 12:43:22,deployment,redis-cart,16,44,1,,,
2026-09-01 12:43:22,deployment,shippingservice,25,9,1,,,
2026-09-01 12:43:22,autoscaler,customdas-cpu-queue-autoscaler-adservice,6,60,1,,,
2026-09-01 12:43:22,autoscaler,customdas-cpu-queue-autoscaler-cartservice,5,60,1,,,
2026-09-01 12:43:22,autoscaler,customdas-cpu-queue-autoscaler-checkoutservice,3,60,1,,,
2026-09-01 12:43:22,autoscaler,customdas-cpu-queue-autoscaler-currencyservice,5,60,1,,,
2026-09-01 12:43:22,autoscaler,customdas-cpu-queue-autoscaler-emailservice,4,60,1,,,
2026-09-01 12:43:22,autoscaler,customdas-cpu-queue-autoscaler-frontend,9,60,1,,,
2026-09-01 12:43:22,autoscaler,customdas-cpu-queue-autoscaler-paymentservice,4,60,1,,,
2026-09-01 12:43:22,autoscaler,customdas-cpu-queue-autoscaler-productcatalogservice,5,60,1,,,
2026-09-01 12:43:22,autoscaler,customdas-cpu-queue-autoscaler-recommendationservice,4,60,1,,,
2026-09-01 12:43:22,autoscaler,customdas-cpu-queue-autoscaler-shippingservice,6,60,1,,,
2026-09-01 12:43:22,node,ze-master-node,2413,3733,,60.3,47.0,
2026-09-01 12:43:22,node,ze-worker-node,2020,2053,,50.5,25.9,
2026-09-01 12:43:30,deployment,adservice,44,95,1,,,
2026-09-01 12:43:30,deployment,cartservice,166,77,2,,,
2026-09-01 12:43:30,deployment,checkoutservice,40,21,2,,,
2026-09-01 12:43:30,deployment,currencyservice,254,91,2,,,
2026-09-01 12:43:30,deployment,emailservice,13,40,1,,,
2026-09-01 12:43:30,deployment,frontend,534,59,5,,,
2026-09-01 12:43:30,http_p95_latency,frontend,,,,,,240.3
2026-09-01 12:43:30,deployment,paymentservice,10,33,1,,,
2026-09-01 12:43:30,deployment,productcatalogservice,272,25,3,,,
2026-09-01 12:43:30,deployment,recommendationservice,205,81,2,,,
2026-09-01 12:43:30,deployment,redis-cart,16,44,1,,,
2026-09-01 12:43:30,deployment,shippingservice,25,9,1,,,
2026-09-01 12:43:30,autoscaler,customdas-cpu-queue-autoscaler-adservice,6,60,1,,,
2026-09-01 12:43:30,autoscaler,customdas-cpu-queue-autoscaler-cartservice,5,60,1,,,
2026-09-01 12:43:30,autoscaler,customdas-cpu-queue-autoscaler-checkoutservice,3,60,1,,,
2026-09-01 12:43:30,autoscaler,customdas-cpu-queue-autoscaler-currencyservice,5,60,1,,,
2026-09-01 12:43:30,autoscaler,customdas-cpu-queue-autoscaler-emailservice,4,60,1,,,
2026-09-01 12:43:30,autoscaler,customdas-cpu-queue-autoscaler-frontend,9,60,1,,,
2026-09-01 12:43:30,autoscaler,customdas-cpu-queue-autoscaler-paymentservice,4,60,1,,,
2026-09-01 12:43:30,autoscaler,customdas-cpu-queue-autoscaler-productcatalogservice,5,60,1,,,
2026-09-01 12:43:30,autoscaler,customdas-cpu-queue-autoscaler-recommendationservice,4,60,1,,,
2026-09-01 12:43:30,autoscaler,customdas-cpu-queue-autoscaler-shippingservice,6,60,1,,,
2026-09-01 12:43:30,node,ze-master-node,2413,3733,,60.3,47.0,
2026-09-01 12:43:30,node,ze-worker-node,2020,2053,,50.5,25.9,
2026-09-01 12:43:37,deployment,adservice,44,95,1,,,
2026-09-01 12:43:37,deployment,cartservice,181,76,2,,,
2026-09-01 12:43:37,deployment,checkoutservice,41,22,2,,,
2026-09-01 12:43:37,deployment,currencyservice,273,91,2,,,
2026-09-01 12:43:37,deployment,emailservice,16,40,1,,,
2026-09-01 12:43:37,deployment,frontend,541,59,5,,,
2026-09-01 12:43:37,http_p95_latency,frontend,,,,,,240.3
2026-09-01 12:43:37,deployment,paymentservice,10,33,1,,,
2026-09-01 12:43:37,deployment,productcatalogservice,281,25,3,,,
2026-09-01 12:43:37,deployment,recommendationservice,203,81,2,,,
2026-09-01 12:43:37,deployment,redis-cart,17,44,1,,,
2026-09-01 12:43:37,deployment,shippingservice,27,9,1,,,
2026-09-01 12:43:37,autoscaler,customdas-cpu-queue-autoscaler-adservice,3,60,1,,,
2026-09-01 12:43:37,autoscaler,customdas-cpu-queue-autoscaler-cartservice,0,60,1,,,
2026-09-01 12:43:37,autoscaler,customdas-cpu-queue-autoscaler-checkoutservice,3,60,1,,,
2026-09-01 12:43:37,autoscaler,customdas-cpu-queue-autoscaler-currencyservice,10,60,1,,,
2026-09-01 12:43:37,autoscaler,customdas-cpu-queue-autoscaler-emailservice,5,60,1,,,
2026-09-01 12:43:37,autoscaler,customdas-cpu-queue-autoscaler-frontend,9,60,1,,,
2026-09-01 12:43:37,autoscaler,customdas-cpu-queue-autoscaler-paymentservice,4,60,1,,,
2026-09-01 12:43:37,autoscaler,customdas-cpu-queue-autoscaler-productcatalogservice,7,60,1,,,
2026-09-01 12:43:37,autoscaler,customdas-cpu-queue-autoscaler-recommendationservice,5,60,1,,,
2026-09-01 12:43:37,autoscaler,customdas-cpu-queue-autoscaler-shippingservice,0,60,1,,,
2026-09-01 12:43:37,node,ze-master-node,2407,3734,,60.2,47.0,
2026-09-01 12:43:37,node,ze-worker-node,2128,2053,,53.2,25.9,
2026-09-01 12:43:44,deployment,adservice,44,95,1,,,
2026-09-01 12:43:44,deployment,cartservice,181,76,2,,,
2026-09-01 12:43:44,deployment,checkoutservice,41,22,2,,,
2026-09-01 12:43:44,deployment,currencyservice,273,91,2,,,
2026-09-01 12:43:44,deployment,emailservice,16,40,1,,,
2026-09-01 12:43:44,deployment,frontend,541,59,5,,,
2026-09-01 12:43:44,http_p95_latency,frontend,,,,,,230.9
2026-09-01 12:43:44,deployment,paymentservice,10,33,1,,,
2026-09-01 12:43:44,deployment,productcatalogservice,281,25,3,,,
2026-09-01 12:43:44,deployment,recommendationservice,203,81,2,,,
2026-09-01 12:43:44,deployment,redis-cart,17,44,1,,,
2026-09-01 12:43:44,deployment,shippingservice,27,9,1,,,
2026-09-01 12:43:44,autoscaler,customdas-cpu-queue-autoscaler-adservice,3,60,1,,,
2026-09-01 12:43:44,autoscaler,customdas-cpu-queue-autoscaler-cartservice,0,60,1,,,
2026-09-01 12:43:44,autoscaler,customdas-cpu-queue-autoscaler-checkoutservice,3,60,1,,,
2026-09-01 12:43:44,autoscaler,customdas-cpu-queue-autoscaler-currencyservice,10,60,1,,,
2026-09-01 12:43:44,autoscaler,customdas-cpu-queue-autoscaler-emailservice,5,60,1,,,
2026-09-01 12:43:44,autoscaler,customdas-cpu-queue-autoscaler-frontend,9,60,1,,,
2026-09-01 12:43:44,autoscaler,customdas-cpu-queue-autoscaler-paymentservice,4,60,1,,,
2026-09-01 12:43:44,autoscaler,customdas-cpu-queue-autoscaler-productcatalogservice,7,60,1,,,
2026-09-01 12:43:44,autoscaler,customdas-cpu-queue-autoscaler-recommendationservice,5,60,1,,,
2026-09-01 12:43:44,autoscaler,customdas-cpu-queue-autoscaler-shippingservice,0,60,1,,,
2026-09-01 12:43:44,node,ze-master-node,2407,3734,,60.2,47.0,
2026-09-01 12:43:44,node,ze-worker-node,2128,2053,,53.2,25.9,
2026-09-01 12:43:51,deployment,adservice,44,95,1,,,
2026-09-01 12:43:51,deployment,cartservice,181,76,2,,,
2026-09-01 12:43:51,deployment,checkoutservice,44,22,2,,,
2026-09-01 12:43:51,deployment,currencyservice,271,92,2,,,
2026-09-01 12:43:51,deployment,emailservice,14,40,1,,,
2026-09-01 12:43:51,deployment,frontend,537,59,5,,,
2026-09-01 12:43:51,http_p95_latency,frontend,,,,,,230.9
2026-09-01 12:43:51,deployment,paymentservice,9,33,1,,,
2026-09-01 12:43:51,deployment,productcatalogservice,277,25,3,,,
2026-09-01 12:43:51,deployment,recommendationservice,202,81,2,,,
2026-09-01 12:43:51,deployment,redis-cart,16,44,1,,,
2026-09-01 12:43:51,deployment,shippingservice,26,9,1,,,
2026-09-01 12:43:51,autoscaler,customdas-cpu-queue-autoscaler-adservice,3,60,1,,,
2026-09-01 12:43:51,autoscaler,customdas-cpu-queue-autoscaler-cartservice,6,60,1,,,
2026-09-01 12:43:51,autoscaler,customdas-cpu-queue-autoscaler-checkoutservice,6,60,1,,,
2026-09-01 12:43:51,autoscaler,customdas-cpu-queue-autoscaler-currencyservice,4,60,1,,,
2026-09-01 12:43:51,autoscaler,customdas-cpu-queue-autoscaler-emailservice,7,60,1,,,
2026-09-01 12:43:51,autoscaler,customdas-cpu-queue-autoscaler-frontend,6,60,1,,,
2026-09-01 12:43:51,autoscaler,customdas-cpu-queue-autoscaler-paymentservice,1,60,1,,,
2026-09-01 12:43:51,autoscaler,customdas-cpu-queue-autoscaler-productcatalogservice,5,60,1,,,
2026-09-01 12:43:51,autoscaler,customdas-cpu-queue-autoscaler-recommendationservice,5,60,1,,,
2026-09-01 12:43:51,autoscaler,customdas-cpu-queue-autoscaler-shippingservice,4,60,1,,,
2026-09-01 12:43:51,node,ze-master-node,2322,3725,,58.1,46.9,
2026-09-01 12:43:51,node,ze-worker-node,2053,2046,,51.3,25.8,
2026-09-01 12:44:01,deployment,adservice,44,95,1,,,
2026-09-01 12:44:01,deployment,cartservice,181,76,2,,,
2026-09-01 12:44:01,deployment,checkoutservice,44,22,2,,,
2026-09-01 12:44:01,deployment,currencyservice,271,92,2,,,
2026-09-01 12:44:01,deployment,emailservice,14,40,1,,,
2026-09-01 12:44:01,deployment,frontend,537,59,5,,,
2026-09-01 12:44:01,http_p95_latency,frontend,,,,,,213.1
2026-09-01 12:44:01,deployment,paymentservice,9,33,1,,,
2026-09-01 12:44:01,deployment,productcatalogservice,277,25,4,,,
2026-09-01 12:44:01,deployment,recommendationservice,202,81,2,,,
2026-09-01 12:44:01,deployment,redis-cart,16,44,1,,,
2026-09-01 12:44:01,deployment,shippingservice,26,9,1,,,
2026-09-01 12:44:01,autoscaler,customdas-cpu-queue-autoscaler-adservice,3,60,1,,,
2026-09-01 12:44:01,autoscaler,customdas-cpu-queue-autoscaler-cartservice,6,60,1,,,
2026-09-01 12:44:01,autoscaler,customdas-cpu-queue-autoscaler-checkoutservice,6,60,1,,,
2026-09-01 12:44:01,autoscaler,customdas-cpu-queue-autoscaler-currencyservice,4,60,1,,,
2026-09-01 12:44:01,autoscaler,customdas-cpu-queue-autoscaler-emailservice,7,60,1,,,
2026-09-01 12:44:01,autoscaler,customdas-cpu-queue-autoscaler-frontend,6,60,1,,,
2026-09-01 12:44:01,autoscaler,customdas-cpu-queue-autoscaler-paymentservice,1,60,1,,,
2026-09-01 12:44:01,autoscaler,customdas-cpu-queue-autoscaler-productcatalogservice,5,60,1,,,
2026-09-01 12:44:01,autoscaler,customdas-cpu-queue-autoscaler-recommendationservice,5,60,1,,,
2026-09-01 12:44:01,autoscaler,customdas-cpu-queue-autoscaler-shippingservice,4,60,1,,,
2026-09-01 12:44:01,node,ze-master-node,2322,3725,,58.1,46.9,
2026-09-01 12:44:01,node,ze-worker-node,2053,2046,,51.3,25.8,
2026-09-01 12:44:08,deployment,adservice,44,95,1,,,
2026-09-01 12:44:08,deployment,cartservice,173,76,2,,,
2026-09-01 12:44:08,deployment,checkoutservice,41,21,2,,,
2026-09-01 12:44:08,deployment,currencyservice,273,92,2,,,
2026-09-01 12:44:08,deployment,emailservice,18,40,1,,,
2026-09-01 12:44:08,deployment,frontend,532,59,5,,,
2026-09-01 12:44:08,http_p95_latency,frontend,,,,,,213.1
2026-09-01 12:44:08,deployment,paymentservice,10,33,1,,,
2026-09-01 12:44:08,deployment,productcatalogservice,277,25,4,,,
2026-09-01 12:44:08,deployment,recommendationservice,202,81,2,,,
2026-09-01 12:44:08,deployment,redis-cart,16,44,1,,,
2026-09-01 12:44:08,deployment,shippingservice,27,9,1,,,
2026-09-01 12:44:08,autoscaler,customdas-cpu-queue-autoscaler-adservice,3,60,1,,,
2026-09-01 12:44:08,autoscaler,customdas-cpu-queue-autoscaler-cartservice,5,60,1,,,
2026-09-01 12:44:08,autoscaler,customdas-cpu-queue-autoscaler-checkoutservice,0,60,1,,,
2026-09-01 12:44:08,autoscaler,customdas-cpu-queue-autoscaler-currencyservice,4,60,1,,,
2026-09-01 12:44:08,autoscaler,customdas-cpu-queue-autoscaler-emailservice,6,60,1,,,
2026-09-01 12:44:08,autoscaler,customdas-cpu-queue-autoscaler-frontend,9,60,1,,,
2026-09-01 12:44:08,autoscaler,customdas-cpu-queue-autoscaler-paymentservice,3,60,1,,,
2026-09-01 12:44:08,autoscaler,customdas-cpu-queue-autoscaler-productcatalogservice,9,60,1,,,
2026-09-01 12:44:08,autoscaler,customdas-cpu-queue-autoscaler-recommendationservice,5,60,1,,,
2026-09-01 12:44:08,autoscaler,customdas-cpu-queue-autoscaler-shippingservice,4,60,1,,,
2026-09-01 12:44:08,node,ze-master-node,2472,3688,,61.8,46.4,
2026-09-01 12:44:08,node,ze-worker-node,2105,2071,,52.6,26.1,
2026-09-01 12:44:15,deployment,adservice,44,95,1,,,
2026-09-01 12:44:15,deployment,cartservice,173,76,2,,,
2026-09-01 12:44:15,deployment,checkoutservice,41,21,2,,,
2026-09-01 12:44:15,deployment,currencyservice,273,92,2,,,
2026-09-01 12:44:15,deployment,emailservice,18,40,1,,,
2026-09-01 12:44:15,deployment,frontend,532,59,5,,,
2026-09-01 12:44:15,http_p95_latency,frontend,,,,,,224.4
2026-09-01 12:44:15,deployment,paymentservice,10,33,1,,,
2026-09-01 12:44:15,deployment,productcatalogservice,277,25,4,,,
2026-09-01 12:44:15,deployment,recommendationservice,202,81,2,,,
2026-09-01 12:44:15,deployment,redis-cart,16,44,1,,,
2026-09-01 12:44:15,deployment,shippingservice,27,9,1,,,
2026-09-01 12:44:15,autoscaler,customdas-cpu-queue-autoscaler-adservice,3,60,1,,,
2026-09-01 12:44:15,autoscaler,customdas-cpu-queue-autoscaler-cartservice,5,60,1,,,
2026-09-01 12:44:15,autoscaler,customdas-cpu-queue-autoscaler-checkoutservice,0,60,1,,,
2026-09-01 12:44:15,autoscaler,customdas-cpu-queue-autoscaler-currencyservice,4,60,1,,,
2026-09-01 12:44:15,autoscaler,customdas-cpu-queue-autoscaler-emailservice,6,60,1,,,
2026-09-01 12:44:15,autoscaler,customdas-cpu-queue-autoscaler-frontend,9,60,1,,,
2026-09-01 12:44:15,autoscaler,customdas-cpu-queue-autoscaler-paymentservice,3,60,1,,,
2026-09-01 12:44:15,autoscaler,customdas-cpu-queue-autoscaler-productcatalogservice,9,60,1,,,
2026-09-01 12:44:15,autoscaler,customdas-cpu-queue-autoscaler-recommendationservice,5,60,1,,,
2026-09-01 12:44:15,autoscaler,customdas-cpu-queue-autoscaler-shippingservice,4,60,1,,,
2026-09-01 12:44:15,node,ze-master-node,2472,3688,,61.8,46.4,
2026-09-01 12:44:15,node,ze-worker-node,2105,2071,,52.6,26.1,
2026-09-01 12:44:22,deployment,adservice,47,95,1,,,
2026-09-01 12:44:22,deployment,cartservice,174,76,2,,,
2026-09-01 12:44:22,deployment,checkoutservice,34,21,2,,,
2026-09-01 12:44:22,deployment,currencyservice,269,93,2,,,
2026-09-01 12:44:22,deployment,emailservice,17,40,1,,,
2026-09-01 12:44:22,deployment,frontend,537,61,5,,,
2026-09-01 12:44:22,http_p95_latency,frontend,,,,,,224.4
2026-09-01 12:44:22,deployment,paymentservice,9,33,1,,,
2026-09-01 12:44:22,deployment,productcatalogservice,354,33,4,,,
2026-09-01 12:44:22,deployment,recommendationservice,204,81,2,,,
2026-09-01 12:44:22,deployment,redis-cart,16,44,1,,,
2026-09-01 12:44:22,deployment,shippingservice,23,9,1,,,
2026-09-01 12:44:22,autoscaler,customdas-cpu-queue-autoscaler-adservice,1,60,1,,,
2026-09-01 12:44:22,autoscaler,customdas-cpu-queue-autoscaler-cartservice,4,60,1,,,
2026-09-01 12:44:22,autoscaler,customdas-cpu-queue-autoscaler-checkoutservice,7,60,1,,,
2026-09-01 12:44:22,autoscaler,customdas-cpu-queue-autoscaler-currencyservice,4,60,1,,,
2026-09-01 12:44:22,autoscaler,customdas-cpu-queue-autoscaler-emailservice,0,60,1,,,
2026-09-01 12:44:22,autoscaler,customdas-cpu-queue-autoscaler-frontend,8,60,1,,,
2026-09-01 12:44:22,autoscaler,customdas-cpu-queue-autoscaler-paymentservice,3,60,1,,,
2026-09-01 12:44:22,autoscaler,customdas-cpu-queue-autoscaler-productcatalogservice,9,60,1,,,
2026-09-01 12:44:22,autoscaler,customdas-cpu-queue-autoscaler-recommendationservice,4,60,1,,,
2026-09-01 12:44:22,autoscaler,customdas-cpu-queue-autoscaler-shippingservice,6,60,1,,,
2026-09-01 12:44:22,node,ze-master-node,2419,3691,,60.5,46.5,
2026-09-01 12:44:22,node,ze-worker-node,2099,2065,,52.5,26.0,
2026-09-01 12:44:30,deployment,adservice,47,95,1,,,
2026-09-01 12:44:30,deployment,cartservice,174,76,2,,,
2026-09-01 12:44:30,deployment,checkoutservice,34,21,2,,,
2026-09-01 12:44:30,deployment,currencyservice,269,93,2,,,
2026-09-01 12:44:30,deployment,emailservice,17,40,1,,,
2026-09-01 12:44:30,deployment,frontend,537,61,5,,,
2026-09-01 12:44:30,http_p95_latency,frontend,,,,,,243.2
2026-09-01 12:44:30,deployment,paymentservice,9,33,1,,,
2026-09-01 12:44:30,deployment,productcatalogservice,354,33,4,,,
2026-09-01 12:44:30,deployment,recommendationservice,204,81,2,,,
2026-09-01 12:44:30,deployment,redis-cart,16,44,1,,,
2026-09-01 12:44:30,deployment,shippingservice,23,9,1,,,
2026-09-01 12:44:30,autoscaler,customdas-cpu-queue-autoscaler-adservice,1,60,1,,,
2026-09-01 12:44:30,autoscaler,customdas-cpu-queue-autoscaler-cartservice,4,60,1,,,
2026-09-01 12:44:30,autoscaler,customdas-cpu-queue-autoscaler-checkoutservice,7,60,1,,,
2026-09-01 12:44:30,autoscaler,customdas-cpu-queue-autoscaler-currencyservice,4,60,1,,,
2026-09-01 12:44:30,autoscaler,customdas-cpu-queue-autoscaler-emailservice,0,60,1,,,
2026-09-01 12:44:30,autoscaler,customdas-cpu-queue-autoscaler-frontend,8,60,1,,,
2026-09-01 12:44:30,autoscaler,customdas-cpu-queue-autoscaler-paymentservice,3,60,1,,,
2026-09-01 12:44:30,autoscaler,customdas-cpu-queue-autoscaler-productcatalogservice,9,60,1,,,
2026-09-01 12:44:30,autoscaler,customdas-cpu-queue-autoscaler-recommendationservice,4,60,1,,,
2026-09-01 12:44:30,autoscaler,customdas-cpu-queue-autoscaler-shippingservice,6,60,1,,,
2026-09-01 12:44:30,node,ze-master-node,2419,3691,,60.5,46.5,
2026-09-01 12:44:30,node,ze-worker-node,2099,2065,,52.5,26.0,
2026-09-01 12:44:37,deployment,adservice,44,95,1,,,
2026-09-01 12:44:37,deployment,cartservice,150,77,2,,,
2026-09-01 12:44:37,deployment,checkoutservice,37,21,2,,,
2026-09-01 12:44:37,deployment,currencyservice,275,95,2,,,
2026-09-01 12:44:37,deployment,emailservice,14,40,1,,,
2026-09-01 12:44:37,deployment,frontend,564,61,5,,,
2026-09-01 12:44:37,http_p95_latency,frontend,,,,,,243.2
2026-09-01 12:44:37,deployment,paymentservice,13,31,1,,,
2026-09-01 12:44:37,deployment,productcatalogservice,309,33,4,,,
2026-09-01 12:44:37,deployment,recommendationservice,213,81,2,,,
2026-09-01 12:44:37,deployment,redis-cart,15,44,1,,,
2026-09-01 12:44:37,deployment,shippingservice,28,9,1,,,
2026-09-01 12:44:37,autoscaler,customdas-cpu-queue-autoscaler-adservice,5,60,1,,,
2026-09-01 12:44:37,autoscaler,customdas-cpu-queue-autoscaler-cartservice,11,60,1,,,
2026-09-01 12:44:37,autoscaler,customdas-cpu-queue-autoscaler-checkoutservice,3,60,1,,,
2026-09-01 12:44:37,autoscaler,customdas-cpu-queue-autoscaler-currencyservice,4,60,1,,,
2026-09-01 12:44:37,autoscaler,customdas-cpu-queue-autoscaler-emailservice,6,60,1,,,
2026-09-01 12:44:37,autoscaler,customdas-cpu-queue-autoscaler-frontend,9,60,1,,,
2026-09-01 12:44:37,autoscaler,customdas-cpu-queue-autoscaler-paymentservice,4,60,1,,,
2026-09-01 12:44:37,autoscaler,customdas-cpu-queue-autoscaler-productcatalogservice,4,60,1,,,
2026-09-01 12:44:37,autoscaler,customdas-cpu-queue-autoscaler-recommendationservice,4,60,1,,,
2026-09-01 12:44:37,autoscaler,customdas-cpu-queue-autoscaler-shippingservice,4,60,1,,,
2026-09-01 12:44:37,node,ze-master-node,2494,3654,,62.4,46.0,
2026-09-01 12:44:37,node,ze-worker-node,2114,2072,,52.8,26.1,
2026-09-01 12:44:44,deployment,adservice,44,95,1,,,
2026-09-01 12:44:44,deployment,cartservice,150,77,2,,,
2026-09-01 12:44:44,deployment,checkoutservice,37,21,2,,,
2026-09-01 12:44:44,deployment,currencyservice,275,95,2,,,
2026-09-01 12:44:44,deployment,emailservice,14,40,1,,,
2026-09-01 12:44:44,deployment,frontend,564,61,5,,,
2026-09-01 12:44:44,http_p95_latency,frontend,,,,,,246.1
2026-09-01 12:44:44,deployment,paymentservice,13,31,1,,,
2026-09-01 12:44:44,deployment,productcatalogservice,309,33,4,,,
2026-09-01 12:44:44,deployment,recommendationservice,213,81,2,,,
2026-09-01 12:44:44,deployment,redis-cart,15,44,1,,,
2026-09-01 12:44:44,deployment,shippingservice,28,9,1,,,
2026-09-01 12:44:44,autoscaler,customdas-cpu-queue-autoscaler-adservice,5,60,1,,,
2026-09-01 12:44:44,autoscaler,customdas-cpu-queue-autoscaler-cartservice,11,60,1,,,
2026-09-01 12:44:44,autoscaler,customdas-cpu-queue-autoscaler-checkoutservice,3,60,1,,,
2026-09-01 12:44:44,autoscaler,customdas-cpu-queue-autoscaler-currencyservice,5,60,1,,,
2026-09-01 12:44:44,autoscaler,customdas-cpu-queue-autoscaler-emailservice,5,60,1,,,
2026-09-01 12:44:44,autoscaler,customdas-cpu-queue-autoscaler-frontend,9,60,1,,,
2026-09-01 12:44:44,autoscaler,customdas-cpu-queue-autoscaler-paymentservice,3,60,1,,,
2026-09-01 12:44:44,autoscaler,customdas-cpu-queue-autoscaler-productcatalogservice,7,60,1,,,
2026-09-01 12:44:44,autoscaler,customdas-cpu-queue-autoscaler-recommendationservice,4,60,1,,,
2026-09-01 12:44:44,autoscaler,customdas-cpu-queue-autoscaler-shippingservice,7,60,1,,,
2026-09-01 12:44:44,node,ze-master-node,2444,3656,,61.1,46.0,
2026-09-01 12:44:44,node,ze-worker-node,2175,2070,,54.4,26.1,
2026-09-01 12:44:55,deployment,adservice,46,95,1,,,
2026-09-01 12:44:55,deployment,cartservice,185,76,2,,,
2026-09-01 12:44:55,deployment,checkoutservice,39,21,2,,,
2026-09-01 12:44:55,deployment,currencyservice,278,95,2,,,
2026-09-01 12:44:55,deployment,emailservice,17,40,1,,,
2026-09-01 12:44:55,deployment,frontend,554,61,6,,,
2026-09-01 12:44:55,http_p95_latency,frontend,,,,,,246.1
2026-09-01 12:44:55,deployment,paymentservice,9,31,1,,,
2026-09-01 12:44:55,deployment,productcatalogservice,327,33,4,,,
2026-09-01 12:44:55,deployment,recommendationservice,220,81,2,,,
2026-09-01 12:44:55,deployment,redis-cart,16,44,1,,,
2026-09-01 12:44:55,deployment,shippingservice,28,9,1,,,
2026-09-01 12:44:55,autoscaler,customdas-cpu-queue-autoscaler-adservice,3,60,1,,,
2026-09-01 12:44:55,autoscaler,customdas-cpu-queue-autoscaler-cartservice,0,60,1,,,
2026-09-01 12:44:55,autoscaler,customdas-cpu-queue-autoscaler-checkoutservice,5,60,1,,,
2026-09-01 12:44:55,autoscaler,customdas-cpu-queue-autoscaler-currencyservice,5,60,1,,,
2026-09-01 12:44:55,autoscaler,customdas-cpu-queue-autoscaler-emailservice,5,60,1,,,
2026-09-01 12:44:55,autoscaler,customdas-cpu-queue-autoscaler-frontend,9,60,1,,,
2026-09-01 12:44:55,autoscaler,customdas-cpu-queue-autoscaler-paymentservice,3,60,1,,,
2026-09-01 12:44:55,autoscaler,customdas-cpu-queue-autoscaler-productcatalogservice,7,60,1,,,
2026-09-01 12:44:55,autoscaler,customdas-cpu-queue-autoscaler-recommendationservice,4,60,1,,,
2026-09-01 12:44:55,autoscaler,customdas-cpu-queue-autoscaler-shippingservice,7,60,1,,,
2026-09-01 12:44:55,node,ze-master-node,2444,3656,,61.1,46.0,
2026-09-01 12:44:55,node,ze-worker-node,2175,2070,,54.4,26.1,
2026-09-01 12:45:03,deployment,adservice,46,95,1,,,
2026-09-01 12:45:03,deployment,cartservice,185,76,2,,,
2026-09-01 12:45:03,deployment,checkoutservice,39,21,2,,,
2026-09-01 12:45:03,deployment,currencyservice,265,93,2,,,
2026-09-01 12:45:03,deployment,emailservice,18,40,1,,,
2026-09-01 12:45:03,deployment,frontend,590,70,6,,,
2026-09-01 12:45:03,http_p95_latency,frontend,,,,,,241.8
2026-09-01 12:45:03,deployment,paymentservice,11,31,1,,,
2026-09-01 12:45:03,deployment,productcatalogservice,314,33,4,,,
2026-09-01 12:45:03,deployment,recommendationservice,204,81,2,,,
2026-09-01 12:45:03,deployment,redis-cart,16,44,1,,,
2026-09-01 12:45:03,deployment,shippingservice,26,9,1,,,
2026-09-01 12:45:03,autoscaler,customdas-cpu-queue-autoscaler-adservice,3,60,1,,,
2026-09-01 12:45:03,autoscaler,customdas-cpu-queue-autoscaler-cartservice,10,60,1,,,
2026-09-01 12:45:03,autoscaler,customdas-cpu-queue-autoscaler-checkoutservice,6,60,1,,,
2026-09-01 12:45:03,autoscaler,customdas-cpu-queue-autoscaler-currencyservice,7,60,1,,,
2026-09-01 12:45:03,autoscaler,customdas-cpu-queue-autoscaler-emailservice,5,60,1,,,
2026-09-01 12:45:03,autoscaler,customdas-cpu-queue-autoscaler-frontend,9,60,1,,,
2026-09-01 12:45:03,autoscaler,customdas-cpu-queue-autoscaler-paymentservice,4,60,1,,,
2026-09-01 12:45:03,autoscaler,customdas-cpu-queue-autoscaler-productcatalogservice,7,60,1,,,
2026-09-01 12:45:03,autoscaler,customdas-cpu-queue-autoscaler-recommendationservice,5,60,1,,,
2026-09-01 12:45:03,autoscaler,customdas-cpu-queue-autoscaler-shippingservice,0,60,1,,,
2026-09-01 12:45:03,node,ze-master-node,2491,3654,,62.3,46.0,
2026-09-01 12:45:03,node,ze-worker-node,2194,2085,,54.9,26.3,
2026-09-01 12:45:11,deployment,adservice,44,95,1,,,
2026-09-01 12:45:11,deployment,cartservice,188,76,2,,,
2026-09-01 12:45:11,deployment,checkoutservice,42,21,2,,,
2026-09-01 12:45:11,deployment,currencyservice,265,93,2,,,
2026-09-01 12:45:11,deployment,emailservice,18,40,1,,,
2026-09-01 12:45:11,deployment,frontend,590,70,6,,,
2026-09-01 12:45:11,http_p95_latency,frontend,,,,,,241.8
2026-09-01 12:45:11,deployment,paymentservice,11,31,1,,,
2026-09-01 12:45:11,deployment,productcatalogservice,314,33,4,,,
2026-09-01 12:45:11,deployment,recommendationservice,204,81,2,,,
2026-09-01 12:45:11,deployment,redis-cart,16,44,1,,,
2026-09-01 12:45:11,deployment,shippingservice,26,9,1,,,
2026-09-01 12:45:11,autoscaler,customdas-cpu-queue-autoscaler-adservice,3,60,1,,,
2026-09-01 12:45:11,autoscaler,customdas-cpu-queue-autoscaler-cartservice,10,60,1,,,
2026-09-01 12:45:11,autoscaler,customdas-cpu-queue-autoscaler-checkoutservice,6,60,1,,,
2026-09-01 12:45:11,autoscaler,customdas-cpu-queue-autoscaler-currencyservice,7,60,1,,,
2026-09-01 12:45:11,autoscaler,customdas-cpu-queue-autoscaler-emailservice,5,60,1,,,
2026-09-01 12:45:11,autoscaler,customdas-cpu-queue-autoscaler-frontend,9,60,1,,,
2026-09-01 12:45:11,autoscaler,customdas-cpu-queue-autoscaler-paymentservice,4,60,1,,,
2026-09-01 12:45:11,autoscaler,customdas-cpu-queue-autoscaler-productcatalogservice,7,60,1,,,
2026-09-01 12:45:11,autoscaler,customdas-cpu-queue-autoscaler-recommendationservice,5,60,1,,,
2026-09-01 12:45:11,autoscaler,customdas-cpu-queue-autoscaler-shippingservice,0,60,1,,,
2026-09-01 12:45:11,node,ze-master-node,2491,3654,,62.3,46.0,
2026-09-01 12:45:11,node,ze-worker-node,2194,2085,,54.9,26.3,
2026-09-01 12:45:18,deployment,adservice,44,95,1,,,
2026-09-01 12:45:18,deployment,cartservice,188,76,2,,,
2026-09-01 12:45:18,deployment,checkoutservice,42,21,2,,,
2026-09-01 12:45:18,deployment,currencyservice,265,93,2,,,
2026-09-01 12:45:18,deployment,emailservice,18,40,1,,,
2026-09-01 12:45:18,deployment,frontend,528,70,6,,,
2026-09-01 12:45:18,http_p95_latency,frontend,,,,,,229.7
2026-09-01 12:45:18,deployment,paymentservice,10,31,1,,,
2026-09-01 12:45:18,deployment,productcatalogservice,308,34,4,,,
2026-09-01 12:45:18,deployment,recommendationservice,214,81,2,,,
2026-09-01 12:45:18,deployment,redis-cart,15,44,1,,,
2026-09-01 12:45:18,deployment,shippingservice,26,9,1,,,
2026-09-01 12:45:18,autoscaler,customdas-cpu-queue-autoscaler-adservice,6,60,1,,,
2026-09-01 12:45:18,autoscaler,customdas-cpu-queue-autoscaler-cartservice,4,60,1,,,
2026-09-01 12:45:18,autoscaler,customdas-cpu-queue-autoscaler-checkoutservice,5,60,1,,,
2026-09-01 12:45:18,autoscaler,customdas-cpu-queue-autoscaler-currencyservice,6,60,1,,,
2026-09-01 12:45:18,autoscaler,customdas-cpu-queue-autoscaler-emailservice,3,60,1,,,
2026-09-01 12:45:18,autoscaler,customdas-cpu-queue-autoscaler-frontend,5,60,1,,,
2026-09-01 12:45:18,autoscaler,customdas-cpu-queue-autoscaler-paymentservice,3,60,1,,,
2026-09-01 12:45:18,autoscaler,customdas-cpu-queue-autoscaler-productcatalogservice,3,60,1,,,
2026-09-01 12:45:18,autoscaler,customdas-cpu-queue-autoscaler-recommendationservice,8,60,1,,,
2026-09-01 12:45:18,autoscaler,customdas-cpu-queue-autoscaler-shippingservice,7,60,1,,,
2026-09-01 12:45:18,node,ze-master-node,2389,3648,,59.7,45.9,
2026-09-01 12:45:18,node,ze-worker-node,2229,2081,,55.7,26.2,
2026-09-01 12:45:25,deployment,adservice,45,95,1,,,
2026-09-01 12:45:25,deployment,cartservice,177,76,2,,,
2026-09-01 12:45:25,deployment,checkoutservice,32,22,2,,,
2026-09-01 12:45:25,deployment,currencyservice,266,97,2,,,
2026-09-01 12:45:25,deployment,emailservice,18,40,1,,,
2026-09-01 12:45:25,deployment,frontend,528,70,6,,,
2026-09-01 12:45:25,http_p95_latency,frontend,,,,,,229.7
2026-09-01 12:45:25,deployment,paymentservice,10,31,1,,,
2026-09-01 12:45:25,deployment,productcatalogservice,308,34,4,,,
2026-09-01 12:45:25,deployment,recommendationservice,214,81,2,,,
2026-09-01 12:45:25,deployment,redis-cart,15,44,1,,,
2026-09-01 12:45:25,deployment,shippingservice,26,9,1,,,
2026-09-01 12:45:25,autoscaler,customdas-cpu-queue-autoscaler-adservice,6,60,1,,,
2026-09-01 12:45:25,autoscaler,customdas-cpu-queue-autoscaler-cartservice,4,60,1,,,
2026-09-01 12:45:25,autoscaler,customdas-cpu-queue-autoscaler-checkoutservice,5,60,1,,,
2026-09-01 12:45:25,autoscaler,customdas-cpu-queue-autoscaler-currencyservice,6,60,1,,,
2026-09-01 12:45:25,autoscaler,customdas-cpu-queue-autoscaler-emailservice,3,60,1,,,
2026-09-01 12:45:25,autoscaler,customdas-cpu-queue-autoscaler-frontend,5,60,1,,,
2026-09-01 12:45:25,autoscaler,customdas-cpu-queue-autoscaler-paymentservice,3,60,1,,,
2026-09-01 12:45:25,autoscaler,customdas-cpu-queue-autoscaler-productcatalogservice,3,60,1,,,
2026-09-01 12:45:25,autoscaler,customdas-cpu-queue-autoscaler-recommendationservice,8,60,1,,,
2026-09-01 12:45:25,autoscaler,customdas-cpu-queue-autoscaler-shippingservice,7,60,1,,,
2026-09-01 12:45:25,node,ze-master-node,2389,3648,,59.7,45.9,
2026-09-01 12:45:25,node,ze-worker-node,2229,2081,,55.7,26.2,
2026-09-01 12:45:34,deployment,adservice,43,95,1,,,
2026-09-01 12:45:34,deployment,cartservice,196,76,2,,,
2026-09-01 12:45:34,deployment,checkoutservice,45,22,2,,,
2026-09-01 12:45:34,deployment,currencyservice,281,100,2,,,
2026-09-01 12:45:34,deployment,emailservice,17,40,1,,,
2026-09-01 12:45:34,deployment,frontend,614,71,6,,,
2026-09-01 12:45:34,http_p95_latency,frontend,,,,,,244.0
2026-09-01 12:45:34,deployment,paymentservice,10,31,1,,,
2026-09-01 12:45:34,deployment,productcatalogservice,333,35,4,,,
2026-09-01 12:45:34,deployment,recommendationservice,227,81,2,,,
2026-09-01 12:45:34,deployment,redis-cart,15,44,1,,,
2026-09-01 12:45:34,deployment,shippingservice,28,9,1,,,
2026-09-01 12:45:34,autoscaler,customdas-cpu-queue-autoscaler-adservice,3,60,1,,,
2026-09-01 12:45:34,autoscaler,customdas-cpu-queue-autoscaler-cartservice,7,60,1,,,
2026-09-01 12:45:34,autoscaler,customdas-cpu-queue-autoscaler-checkoutservice,5,60,1,,,
2026-09-01 12:45:34,autoscaler,customdas-cpu-queue-autoscaler-currencyservice,2,60,1,,,
2026-09-01 12:45:34,autoscaler,customdas-cpu-queue-autoscaler-emailservice,8,60,1,,,
2026-09-01 12:45:34,autoscaler,customdas-cpu-queue-autoscaler-frontend,11,60,1,,,
2026-09-01 12:45:34,autoscaler,customdas-cpu-queue-autoscaler-paymentservice,2,60,1,,,
2026-09-01 12:45:34,autoscaler,customdas-cpu-queue-autoscaler-productcatalogservice,7,60,1,,,
2026-09-01 12:45:34,autoscaler,customdas-cpu-queue-autoscaler-recommendationservice,5,60,1,,,
2026-09-01 12:45:34,autoscaler,customdas-cpu-queue-autoscaler-shippingservice,7,60,1,,,
2026-09-01 12:45:34,node,ze-master-node,2555,3625,,63.9,45.6,
2026-09-01 12:45:34,node,ze-worker-node,2277,2098,,56.9,26.4,
2026-09-01 12:45:41,deployment,adservice,43,95,1,,,
2026-09-01 12:45:41,deployment,cartservice,196,76,2,,,
2026-09-01 12:45:41,deployment,checkoutservice,45,22,2,,,
2026-09-01 12:45:41,deployment,currencyservice,281,100,2,,,
2026-09-01 12:45:41,deployment,emailservice,17,40,1,,,
2026-09-01 12:45:41,deployment,frontend,614,71,6,,,
2026-09-01 12:45:41,http_p95_latency,frontend,,,,,,246.7
2026-09-01 12:45:41,deployment,paymentservice,10,31,1,,,
2026-09-01 12:45:41,deployment,productcatalogservice,333,35,4,,,
2026-09-01 12:45:41,deployment,recommendationservice,227,81,2,,,
2026-09-01 12:45:41,deployment,redis-cart,15,44,1,,,
2026-09-01 12:45:41,deployment,shippingservice,28,9,1,,,
2026-09-01 12:45:41,autoscaler,customdas-cpu-queue-autoscaler-adservice,3,60,1,,,
2026-09-01 12:45:41,autoscaler,customdas-cpu-queue-autoscaler-cartservice,7,60,1,,,
2026-09-01 12:45:41,autoscaler,customdas-cpu-queue-autoscaler-checkoutservice,5,60,1,,,
2026-09-01 12:45:41,autoscaler,customdas-cpu-queue-autoscaler-currencyservice,2,60,1,,,
2026-09-01 12:45:41,autoscaler,customdas-cpu-queue-autoscaler-emailservice,8,60,1,,,
2026-09-01 12:45:41,autoscaler,customdas-cpu-queue-autoscaler-frontend,11,60,1,,,
2026-09-01 12:45:41,autoscaler,customdas-cpu-queue-autoscaler-paymentservice,2,60,1,,,
2026-09-01 12:45:41,autoscaler,customdas-cpu-queue-autoscaler-productcatalogservice,7,60,1,,,
2026-09-01 12:45:41,autoscaler,customdas-cpu-queue-autoscaler-recommendationservice,5,60,1,,,
2026-09-01 12:45:41,autoscaler,customdas-cpu-queue-autoscaler-shippingservice,7,60,1,,,
2026-09-01 12:45:41,node,ze-master-node,2555,3625,,63.9,45.6,
2026-09-01 12:45:41,node,ze-worker-node,2277,2098,,56.9,26.4,
2026-09-01 12:45:51,deployment,adservice,43,95,1,,,
2026-09-01 12:45:51,deployment,cartservice,139,76,2,,,
2026-09-01 12:45:51,deployment,checkoutservice,34,22,2,,,
2026-09-01 12:45:51,deployment,currencyservice,215,105,2,,,
2026-09-01 12:45:51,deployment,emailservice,16,40,1,,,
2026-09-01 12:45:51,deployment,frontend,472,71,6,,,
2026-09-01 12:45:51,http_p95_latency,frontend,,,,,,246.7
2026-09-01 12:45:51,deployment,paymentservice,8,31,1,,,
2026-09-01 12:45:51,deployment,productcatalogservice,257,33,4,,,
2026-09-01 12:45:51,deployment,recommendationservice,176,81,2,,,
2026-09-01 12:45:51,deployment,redis-cart,15,44,1,,,
2026-09-01 12:45:51,deployment,shippingservice,26,9,1,,,
2026-09-01 12:45:51,autoscaler,customdas-cpu-queue-autoscaler-adservice,4,60,1,,,
2026-09-01 12:45:51,autoscaler,customdas-cpu-queue-autoscaler-cartservice,5,60,1,,,
2026-09-01 12:45:51,autoscaler,customdas-cpu-queue-autoscaler-checkoutservice,3,60,1,,,
2026-09-01 12:45:51,autoscaler,customdas-cpu-queue-autoscaler-currencyservice,7,60,1,,,
2026-09-01 12:45:51,autoscaler,customdas-cpu-queue-autoscaler-emailservice,3,60,1,,,
2026-09-01 12:45:51,autoscaler,customdas-cpu-queue-autoscaler-frontend,6,60,1,,,
2026-09-01 12:45:51,autoscaler,customdas-cpu-queue-autoscaler-paymentservice,4,60,1,,,
2026-09-01 12:45:51,autoscaler,customdas-cpu-queue-autoscaler-productcatalogservice,9,60,1,,,
2026-09-01 12:45:51,autoscaler,customdas-cpu-queue-autoscaler-recommendationservice,5,60,1,,,
2026-09-01 12:45:51,autoscaler,customdas-cpu-queue-autoscaler-shippingservice,4,60,1,,,
2026-09-01 12:45:51,node,ze-master-node,2033,3621,,50.8,45.6,
2026-09-01 12:45:51,node,ze-worker-node,1648,2099,,41.2,26.4,
2026-09-01 12:46:00,deployment,adservice,43,95,1,,,
2026-09-01 12:46:00,deployment,cartservice,139,76,2,,,
2026-09-01 12:46:00,deployment,checkoutservice,34,22,2,,,
2026-09-01 12:46:00,deployment,currencyservice,215,105,2,,,
2026-09-01 12:46:00,deployment,emailservice,16,40,1,,,
2026-09-01 12:46:00,deployment,frontend,472,71,6,,,
2026-09-01 12:46:00,http_p95_latency,frontend,,,,,,237.8
2026-09-01 12:46:00,deployment,paymentservice,8,31,1,,,
2026-09-01 12:46:00,deployment,productcatalogservice,257,33,4,,,
2026-09-01 12:46:00,deployment,recommendationservice,176,81,2,,,
2026-09-01 12:46:00,deployment,redis-cart,15,44,1,,,
2026-09-01 12:46:00,deployment,shippingservice,26,9,1,,,
2026-09-01 12:46:00,autoscaler,customdas-cpu-queue-autoscaler-adservice,4,60,1,,,
2026-09-01 12:46:00,autoscaler,customdas-cpu-queue-autoscaler-cartservice,5,60,1,,,
2026-09-01 12:46:00,autoscaler,customdas-cpu-queue-autoscaler-checkoutservice,3,60,1,,,
2026-09-01 12:46:00,autoscaler,customdas-cpu-queue-autoscaler-currencyservice,7,60,1,,,
2026-09-01 12:46:00,autoscaler,customdas-cpu-queue-autoscaler-emailservice,3,60,1,,,
2026-09-01 12:46:00,autoscaler,customdas-cpu-queue-autoscaler-frontend,6,60,1,,,
2026-09-01 12:46:00,autoscaler,customdas-cpu-queue-autoscaler-paymentservice,4,60,1,,,
2026-09-01 12:46:00,autoscaler,customdas-cpu-queue-autoscaler-productcatalogservice,9,60,1,,,
2026-09-01 12:46:00,autoscaler,customdas-cpu-queue-autoscaler-recommendationservice,5,60,1,,,
2026-09-01 12:46:00,autoscaler,customdas-cpu-queue-autoscaler-shippingservice,4,60,1,,,
2026-09-01 12:46:00,node,ze-master-node,2033,3621,,50.8,45.6,
2026-09-01 12:46:00,node,ze-worker-node,1648,2099,,41.2,26.4,
2026-09-01 12:46:07,deployment,adservice,41,95,1,,,
2026-09-01 12:46:07,deployment,cartservice,170,76,2,,,
2026-09-01 12:46:07,deployment,checkoutservice,41,22,2,,,
2026-09-01 12:46:07,deployment,currencyservice,299,106,2,,,
2026-09-01 12:46:07,deployment,emailservice,19,40,1,,,
2026-09-01 12:46:07,deployment,frontend,596,71,6,,,
2026-09-01 12:46:07,http_p95_latency,frontend,,,,,,237.8
2026-09-01 12:46:07,deployment,paymentservice,10,31,1,,,
2026-09-01 12:46:07,deployment,productcatalogservice,307,33,4,,,
2026-09-01 12:46:07,deployment,recommendationservice,232,81,2,,,
2026-09-01 12:46:07,deployment,redis-cart,15,44,1,,,
2026-09-01 12:46:07,deployment,shippingservice,32,9,1,,,
2026-09-01 12:46:07,autoscaler,customdas-cpu-queue-autoscaler-adservice,3,60,1,,,
2026-09-01 12:46:07,autoscaler,customdas-cpu-queue-autoscaler-cartservice,0,60,1,,,
2026-09-01 12:46:07,autoscaler,customdas-cpu-queue-autoscaler-checkoutservice,4,60,1,,,
2026-09-01 12:46:07,autoscaler,customdas-cpu-queue-autoscaler-currencyservice,9,60,1,,,
2026-09-01 12:46:07,autoscaler,customdas-cpu-queue-autoscaler-emailservice,3,60,1,,,
2026-09-01 12:46:07,autoscaler,customdas-cpu-queue-autoscaler-frontend,9,60,1,,,
2026-09-01 12:46:07,autoscaler,customdas-cpu-queue-autoscaler-paymentservice,6,60,1,,,
2026-09-01 12:46:07,autoscaler,customdas-cpu-queue-autoscaler-productcatalogservice,7,60,1,,,
2026-09-01 12:46:07,autoscaler,customdas-cpu-queue-autoscaler-recommendationservice,4,60,1,,,
2026-09-01 12:46:07,autoscaler,customdas-cpu-queue-autoscaler-shippingservice,3,60,1,,,
2026-09-01 12:46:07,node,ze-master-node,2559,3636,,64.0,45.8,
2026-09-01 12:46:07,node,ze-worker-node,2379,2104,,59.5,26.5,
2026-09-01 12:46:15,deployment,adservice,41,95,1,,,
2026-09-01 12:46:15,deployment,cartservice,170,76,2,,,
2026-09-01 12:46:15,deployment,checkoutservice,41,22,2,,,
2026-09-01 12:46:15,deployment,currencyservice,299,106,2,,,
2026-09-01 12:46:15,deployment,emailservice,19,40,1,,,
2026-09-01 12:46:15,deployment,frontend,596,71,6,,,
2026-09-01 12:46:15,http_p95_latency,frontend,,,,,,231.6
2026-09-01 12:46:15,deployment,paymentservice,10,31,1,,,
2026-09-01 12:46:15,deployment,productcatalogservice,307,33,4,,,
2026-09-01 12:46:15,deployment,recommendationservice,232,81,2,,,
2026-09-01 12:46:15,deployment,redis-cart,15,44,1,,,
2026-09-01 12:46:15,deployment,shippingservice,32,9,1,,,
2026-09-01 12:46:15,autoscaler,customdas-cpu-queue-autoscaler-adservice,3,60,1,,,
2026-09-01 12:46:15,autoscaler,customdas-cpu-queue-autoscaler-cartservice,0,60,1,,,
2026-09-01 12:46:15,autoscaler,customdas-cpu-queue-autoscaler-checkoutservice,4,60,1,,,
2026-09-01 12:46:15,autoscaler,customdas-cpu-queue-autoscaler-currencyservice,9,60,1,,,
2026-09-01 12:46:15,autoscaler,customdas-cpu-queue-autoscaler-emailservice,3,60,1,,,
2026-09-01 12:46:15,autoscaler,customdas-cpu-queue-autoscaler-frontend,9,60,1,,,
2026-09-01 12:46:15,autoscaler,customdas-cpu-queue-autoscaler-paymentservice,6,60,1,,,
2026-09-01 12:46:15,autoscaler,customdas-cpu-queue-autoscaler-productcatalogservice,7,60,1,,,
2026-09-01 12:46:15,autoscaler,customdas-cpu-queue-autoscaler-recommendationservice,4,60,1,,,
2026-09-01 12:46:15,autoscaler,customdas-cpu-queue-autoscaler-shippingservice,3,60,1,,,
2026-09-01 12:46:15,node,ze-master-node,2559,3636,,64.0,45.8,
2026-09-01 12:46:15,node,ze-worker-node,2379,2104,,59.5,26.5,
2026-09-01 12:46:22,deployment,adservice,49,95,1,,,
2026-09-01 12:46:22,deployment,cartservice,191,76,2,,,
2026-09-01 12:46:22,deployment,checkoutservice,41,22,2,,,
2026-09-01 12:46:22,deployment,currencyservice,291,117,2,,,
2026-09-01 12:46:22,deployment,emailservice,16,40,1,,,
2026-09-01 12:46:22,deployment,frontend,614,72,6,,,
2026-09-01 12:46:22,http_p95_latency,frontend,,,,,,231.6
2026-09-01 12:46:22,deployment,paymentservice,11,31,1,,,
2026-09-01 12:46:22,deployment,productcatalogservice,330,33,4,,,
2026-09-01 12:46:22,deployment,recommendationservice,229,81,2,,,
2026-09-01 12:46:22,deployment,redis-cart,23,46,1,,,
2026-09-01 12:46:22,deployment,shippingservice,26,9,1,,,
2026-09-01 12:46:22,autoscaler,customdas-cpu-queue-autoscaler-adservice,2,60,1,,,
2026-09-01 12:46:22,autoscaler,customdas-cpu-queue-autoscaler-cartservice,5,60,1,,,
2026-09-01 12:46:22,autoscaler,customdas-cpu-queue-autoscaler-checkoutservice,3,60,1,,,
2026-09-01 12:46:22,autoscaler,customdas-cpu-queue-autoscaler-currencyservice,5,60,1,,,
2026-09-01 12:46:22,autoscaler,customdas-cpu-queue-autoscaler-emailservice,4,60,1,,,
2026-09-01 12:46:22,autoscaler,customdas-cpu-queue-autoscaler-frontend,6,60,1,,,
2026-09-01 12:46:22,autoscaler,customdas-cpu-queue-autoscaler-paymentservice,3,60,1,,,
2026-09-01 12:46:22,autoscaler,customdas-cpu-queue-autoscaler-productcatalogservice,4,60,1,,,
2026-09-01 12:46:22,autoscaler,customdas-cpu-queue-autoscaler-recommendationservice,4,60,1,,,
2026-09-01 12:46:22,autoscaler,customdas-cpu-queue-autoscaler-shippingservice,4,60,1,,,
2026-09-01 12:46:22,node,ze-master-node,2534,3635,,63.3,45.8,
2026-09-01 12:46:22,node,ze-worker-node,2375,2102,,59.4,26.5,
2026-09-01 12:46:30,deployment,adservice,49,95,1,,,
2026-09-01 12:46:30,deployment,cartservice,191,76,2,,,
2026-09-01 12:46:30,deployment,checkoutservice,41,22,2,,,
2026-09-01 12:46:30,deployment,currencyservice,291,117,2,,,
2026-09-01 12:46:30,deployment,emailservice,16,40,1,,,
2026-09-01 12:46:30,deployment,frontend,614,72,6,,,
2026-09-01 12:46:30,http_p95_latency,frontend,,,,,,238.2
2026-09-01 12:46:30,deployment,paymentservice,11,31,1,,,
2026-09-01 12:46:30,deployment,productcatalogservice,330,33,4,,,
2026-09-01 12:46:30,deployment,recommendationservice,229,81,2,,,
2026-09-01 12:46:30,deployment,redis-cart,23,46,1,,,
2026-09-01 12:46:30,deployment,shippingservice,26,9,1,,,
2026-09-01 12:46:30,autoscaler,customdas-cpu-queue-autoscaler-adservice,2,60,1,,,
2026-09-01 12:46:30,autoscaler,customdas-cpu-queue-autoscaler-cartservice,5,60,1,,,
2026-09-01 12:46:30,autoscaler,customdas-cpu-queue-autoscaler-checkoutservice,3,60,1,,,
2026-09-01 12:46:30,autoscaler,customdas-cpu-queue-autoscaler-currencyservice,5,60,1,,,
2026-09-01 12:46:30,autoscaler,customdas-cpu-queue-autoscaler-emailservice,4,60,1,,,
2026-09-01 12:46:30,autoscaler,customdas-cpu-queue-autoscaler-frontend,6,60,1,,,
2026-09-01 12:46:30,autoscaler,customdas-cpu-queue-autoscaler-paymentservice,3,60,1,,,
2026-09-01 12:46:30,autoscaler,customdas-cpu-queue-autoscaler-productcatalogservice,4,60,1,,,
2026-09-01 12:46:30,autoscaler,customdas-cpu-queue-autoscaler-recommendationservice,4,60,1,,,
2026-09-01 12:46:30,autoscaler,customdas-cpu-queue-autoscaler-shippingservice,4,60,1,,,
2026-09-01 12:46:30,node,ze-master-node,2534,3635,,63.3,45.8,
2026-09-01 12:46:30,node,ze-worker-node,2375,2102,,59.4,26.5,
2026-09-01 12:46:37,deployment,adservice,49,95,1,,,
2026-09-01 12:46:37,deployment,cartservice,186,76,2,,,
2026-09-01 12:46:37,deployment,checkoutservice,48,22,2,,,
2026-09-01 12:46:37,deployment,currencyservice,310,124,2,,,
2026-09-01 12:46:37,deployment,emailservice,15,40,1,,,
2026-09-01 12:46:37,deployment,frontend,641,71,6,,,
2026-09-01 12:46:37,http_p95_latency,frontend,,,,,,238.2
2026-09-01 12:46:37,deployment,paymentservice,12,31,1,,,
2026-09-01 12:46:37,deployment,productcatalogservice,345,33,4,,,
2026-09-01 12:46:37,deployment,recommendationservice,234,81,2,,,
2026-09-01 12:46:37,deployment,redis-cart,56,44,1,,,
2026-09-01 12:46:37,deployment,shippingservice,34,9,1,,,
2026-09-01 12:46:37,autoscaler,customdas-cpu-queue-autoscaler-adservice,5,60,1,,,
2026-09-01 12:46:37,autoscaler,customdas-cpu-queue-autoscaler-cartservice,6,60,1,,,
2026-09-01 12:46:37,autoscaler,customdas-cpu-queue-autoscaler-checkoutservice,4,60,1,,,
2026-09-01 12:46:37,autoscaler,customdas-cpu-queue-autoscaler-currencyservice,4,60,1,,,
2026-09-01 12:46:37,autoscaler,customdas-cpu-queue-autoscaler-emailservice,3,60,1,,,
2026-09-01 12:46:37,autoscaler,customdas-cpu-queue-autoscaler-frontend,6,60,1,,,
2026-09-01 12:46:37,autoscaler,customdas-cpu-queue-autoscaler-paymentservice,3,60,1,,,
2026-09-01 12:46:37,autoscaler,customdas-cpu-queue-autoscaler-productcatalogservice,4,60,1,,,
2026-09-01 12:46:37,autoscaler,customdas-cpu-queue-autoscaler-recommendationservice,4,60,1,,,
2026-09-01 12:46:37,autoscaler,customdas-cpu-queue-autoscaler-shippingservice,2,60,1,,,
2026-09-01 12:46:37,node,ze-master-node,2611,3651,,65.3,46.0,
2026-09-01 12:46:37,node,ze-worker-node,2477,2111,,61.9,26.6,
2026-09-01 12:46:45,deployment,adservice,49,95,1,,,
2026-09-01 12:46:45,deployment,cartservice,186,76,2,,,
2026-09-01 12:46:45,deployment,checkoutservice,48,22,2,,,
2026-09-01 12:46:45,deployment,currencyservice,310,124,2,,,
2026-09-01 12:46:45,deployment,emailservice,15,40,1,,,
2026-09-01 12:46:45,deployment,frontend,641,71,6,,,
2026-09-01 12:46:45,http_p95_latency,frontend,,,,,,248.3
2026-09-01 12:46:45,deployment,paymentservice,12,31,1,,,
2026-09-01 12:46:45,deployment,productcatalogservice,345,33,4,,,
2026-09-01 12:46:45,deployment,recommendationservice,234,81,2,,,
2026-09-01 12:46:45,deployment,redis-cart,56,44,1,,,
2026-09-01 12:46:45,deployment,shippingservice,34,9,1,,,
2026-09-01 12:46:45,autoscaler,customdas-cpu-queue-autoscaler-adservice,5,60,1,,,
2026-09-01 12:46:45,autoscaler,customdas-cpu-queue-autoscaler-cartservice,6,60,1,,,
2026-09-01 12:46:45,autoscaler,customdas-cpu-queue-autoscaler-checkoutservice,4,60,1,,,
2026-09-01 12:46:45,autoscaler,customdas-cpu-queue-autoscaler-currencyservice,4,60,1,,,
2026-09-01 12:46:45,autoscaler,customdas-cpu-queue-autoscaler-emailservice,3,60,1,,,
2026-09-01 12:46:45,autoscaler,customdas-cpu-queue-autoscaler-frontend,6,60,1,,,
2026-09-01 12:46:45,autoscaler,customdas-cpu-queue-autoscaler-paymentservice,3,60,1,,,
2026-09-01 12:46:45,autoscaler,customdas-cpu-queue-autoscaler-productcatalogservice,4,60,1,,,
2026-09-01 12:46:45,autoscaler,customdas-cpu-queue-autoscaler-recommendationservice,4,60,1,,,
2026-09-01 12:46:45,autoscaler,customdas-cpu-queue-autoscaler-shippingservice,2,60,1,,,
2026-09-01 12:46:45,node,ze-master-node,2611,3651,,65.3,46.0,
2026-09-01 12:46:45,node,ze-worker-node,2477,2111,,61.9,26.6,
2026-09-01 12:46:52,deployment,adservice,51,95,1,,,
2026-09-01 12:46:52,deployment,cartservice,186,76,2,,,
2026-09-01 12:46:52,deployment,checkoutservice,41,22,2,,,
2026-09-01 12:46:52,deployment,currencyservice,300,131,2,,,
2026-09-01 12:46:52,deployment,emailservice,20,40,1,,,
2026-09-01 12:46:52,deployment,frontend,639,73,6,,,
2026-09-01 12:46:52,http_p95_latency,frontend,,,,,,248.3
2026-09-01 12:46:52,deployment,paymentservice,10,31,1,,,
2026-09-01 12:46:52,deployment,productcatalogservice,356,33,4,,,
2026-09-01 12:46:52,deployment,recommendationservice,244,81,2,,,
2026-09-01 12:46:52,deployment,redis-cart,17,44,1,,,
2026-09-01 12:46:52,deployment,shippingservice,34,9,1,,,
2026-09-01 12:46:52,autoscaler,customdas-cpu-queue-autoscaler-adservice,2,60,1,,,
2026-09-01 12:46:52,autoscaler,customdas-cpu-queue-autoscaler-cartservice,7,60,1,,,
2026-09-01 12:46:52,autoscaler,customdas-cpu-queue-autoscaler-checkoutservice,4,60,1,,,
2026-09-01 12:46:52,autoscaler,customdas-cpu-queue-autoscaler-currencyservice,8,60,1,,,
2026-09-01 12:46:52,autoscaler,customdas-cpu-queue-autoscaler-emailservice,4,60,1,,,
2026-09-01 12:46:52,autoscaler,customdas-cpu-queue-autoscaler-frontend,16,60,1,,,
2026-09-01 12:46:52,autoscaler,customdas-cpu-queue-autoscaler-paymentservice,2,60,1,,,
2026-09-01 12:46:52,autoscaler,customdas-cpu-queue-autoscaler-productcatalogservice,6,60,1,,,
2026-09-01 12:46:52,autoscaler,customdas-cpu-queue-autoscaler-recommendationservice,7,60,1,,,
2026-09-01 12:46:52,autoscaler,customdas-cpu-queue-autoscaler-shippingservice,5,60,1,,,
2026-09-01 12:46:52,node,ze-master-node,2681,3648,,67.0,45.9,
2026-09-01 12:46:52,node,ze-worker-node,2338,2108,,58.5,26.5,
2026-09-01 12:47:01,deployment,adservice,51,95,1,,,
2026-09-01 12:47:01,deployment,cartservice,186,76,2,,,
2026-09-01 12:47:01,deployment,checkoutservice,41,22,2,,,
2026-09-01 12:47:01,deployment,currencyservice,300,131,2,,,
2026-09-01 12:47:01,deployment,emailservice,20,40,1,,,
2026-09-01 12:47:01,deployment,frontend,639,73,6,,,
2026-09-01 12:47:01,http_p95_latency,frontend,,,,,,327.9
2026-09-01 12:47:01,deployment,paymentservice,10,31,1,,,
2026-09-01 12:47:01,deployment,productcatalogservice,356,33,4,,,
2026-09-01 12:47:01,deployment,recommendationservice,244,81,2,,,
2026-09-01 12:47:01,deployment,redis-cart,17,44,1,,,
2026-09-01 12:47:01,deployment,shippingservice,34,9,1,,,
2026-09-01 12:47:01,autoscaler,customdas-cpu-queue-autoscaler-adservice,2,60,1,,,
2026-09-01 12:47:01,autoscaler,customdas-cpu-queue-autoscaler-cartservice,7,60,1,,,
2026-09-01 12:47:01,autoscaler,customdas-cpu-queue-autoscaler-checkoutservice,4,60,1,,,
2026-09-01 12:47:01,autoscaler,customdas-cpu-queue-autoscaler-currencyservice,8,60,1,,,
2026-09-01 12:47:01,autoscaler,customdas-cpu-queue-autoscaler-emailservice,4,60,1,,,
2026-09-01 12:47:01,autoscaler,customdas-cpu-queue-autoscaler-frontend,16,60,1,,,
2026-09-01 12:47:01,autoscaler,customdas-cpu-queue-autoscaler-paymentservice,2,60,1,,,
2026-09-01 12:47:01,autoscaler,customdas-cpu-queue-autoscaler-productcatalogservice,6,60,1,,,
2026-09-01 12:47:01,autoscaler,customdas-cpu-queue-autoscaler-recommendationservice,7,60,1,,,
2026-09-01 12:47:01,autoscaler,customdas-cpu-queue-autoscaler-shippingservice,5,60,1,,,
2026-09-01 12:47:01,node,ze-master-node,2681,3648,,67.0,45.9,
2026-09-01 12:47:01,node,ze-worker-node,2338,2108,,58.5,26.5,
2026-09-01 12:47:08,deployment,adservice,48,95,1,,,
2026-09-01 12:47:08,deployment,cartservice,156,76,2,,,
2026-09-01 12:47:08,deployment,checkoutservice,34,22,2,,,
2026-09-01 12:47:08,deployment,currencyservice,286,124,2,,,
2026-09-01 12:47:08,deployment,emailservice,18,40,1,,,
2026-09-01 12:47:08,deployment,frontend,545,72,6,,,
2026-09-01 12:47:08,http_p95_latency,frontend,,,,,,327.9
2026-09-01 12:47:08,deployment,paymentservice,12,31,1,,,
2026-09-01 12:47:08,deployment,productcatalogservice,327,33,4,,,
2026-09-01 12:47:08,deployment,recommendationservice,229,82,2,,,
2026-09-01 12:47:08,deployment,redis-cart,16,44,1,,,
2026-09-01 12:47:08,deployment,shippingservice,30,9,1,,,
2026-09-01 12:47:08,autoscaler,customdas-cpu-queue-autoscaler-adservice,2,60,1,,,
2026-09-01 12:47:08,autoscaler,customdas-cpu-queue-autoscaler-cartservice,3,60,1,,,
2026-09-01 12:47:08,autoscaler,customdas-cpu-queue-autoscaler-checkoutservice,11,60,1,,,
2026-09-01 12:47:08,autoscaler,customdas-cpu-queue-autoscaler-currencyservice,6,60,1,,,
2026-09-01 12:47:08,autoscaler,customdas-cpu-queue-autoscaler-emailservice,4,60,1,,,
2026-09-01 12:47:08,autoscaler,customdas-cpu-queue-autoscaler-frontend,7,60,1,,,
2026-09-01 12:47:08,autoscaler,customdas-cpu-queue-autoscaler-paymentservice,4,60,1,,,
2026-09-01 12:47:08,autoscaler,customdas-cpu-queue-autoscaler-productcatalogservice,6,60,1,,,
2026-09-01 12:47:08,autoscaler,customdas-cpu-queue-autoscaler-recommendationservice,9,60,1,,,
2026-09-01 12:47:08,autoscaler,customdas-cpu-queue-autoscaler-shippingservice,6,60,1,,,
2026-09-01 12:47:08,node,ze-master-node,2377,3679,,59.4,46.3,
2026-09-01 12:47:08,node,ze-worker-node,2105,2102,,52.6,26.5,
2026-09-01 12:47:16,deployment,adservice,48,95,1,,,
2026-09-01 12:47:16,deployment,cartservice,156,76,2,,,
2026-09-01 12:47:16,deployment,checkoutservice,34,22,2,,,
2026-09-01 12:47:16,deployment,currencyservice,286,124,2,,,
2026-09-01 12:47:16,deployment,emailservice,18,40,1,,,
2026-09-01 12:47:16,deployment,frontend,545,72,6,,,
2026-09-01 12:47:16,http_p95_latency,frontend,,,,,,492.7
2026-09-01 12:47:16,deployment,paymentservice,12,31,1,,,
2026-09-01 12:47:16,deployment,productcatalogservice,327,33,4,,,
2026-09-01 12:47:16,deployment,recommendationservice,229,82,2,,,
2026-09-01 12:47:16,deployment,redis-cart,16,44,1,,,
2026-09-01 12:47:16,deployment,shippingservice,30,9,1,,,
2026-09-01 12:47:16,autoscaler,customdas-cpu-queue-autoscaler-adservice,2,60,1,,,
2026-09-01 12:47:16,autoscaler,customdas-cpu-queue-autoscaler-cartservice,3,60,1,,,
2026-09-01 12:47:16,autoscaler,customdas-cpu-queue-autoscaler-checkoutservice,11,60,1,,,
2026-09-01 12:47:16,autoscaler,customdas-cpu-queue-autoscaler-currencyservice,6,60,1,,,
2026-09-01 12:47:16,autoscaler,customdas-cpu-queue-autoscaler-emailservice,4,60,1,,,
2026-09-01 12:47:16,autoscaler,customdas-cpu-queue-autoscaler-frontend,7,60,1,,,
2026-09-01 12:47:16,autoscaler,customdas-cpu-queue-autoscaler-paymentservice,4,60,1,,,
2026-09-01 12:47:16,autoscaler,customdas-cpu-queue-autoscaler-productcatalogservice,6,60,1,,,
2026-09-01 12:47:16,autoscaler,customdas-cpu-queue-autoscaler-recommendationservice,9,60,1,,,
2026-09-01 12:47:16,autoscaler,customdas-cpu-queue-autoscaler-shippingservice,6,60,1,,,
2026-09-01 12:47:16,node,ze-master-node,2377,3679,,59.4,46.3,
2026-09-01 12:47:16,node,ze-worker-node,2105,2102,,52.6,26.5,
2026-09-01 12:47:23,deployment,adservice,40,95,1,,,
2026-09-01 12:47:23,deployment,cartservice,175,76,2,,,
2026-09-01 12:47:23,deployment,checkoutservice,49,22,2,,,
2026-09-01 12:47:23,deployment,currencyservice,256,122,2,,,
2026-09-01 12:47:23,deployment,emailservice,18,40,1,,,
2026-09-01 12:47:23,deployment,frontend,550,72,6,,,
2026-09-01 12:47:23,http_p95_latency,frontend,,,,,,492.7
2026-09-01 12:47:23,deployment,paymentservice,11,31,1,,,
2026-09-01 12:47:23,deployment,productcatalogservice,299,33,4,,,
2026-09-01 12:47:23,deployment,recommendationservice,186,82,2,,,
2026-09-01 12:47:23,deployment,redis-cart,15,44,1,,,
2026-09-01 12:47:23,deployment,shippingservice,27,9,1,,,
2026-09-01 12:47:23,autoscaler,customdas-cpu-queue-autoscaler-adservice,4,60,1,,,
2026-09-01 12:47:23,autoscaler,customdas-cpu-queue-autoscaler-cartservice,6,60,1,,,
2026-09-01 12:47:23,autoscaler,customdas-cpu-queue-autoscaler-checkoutservice,6,60,1,,,
2026-09-01 12:47:23,autoscaler,customdas-cpu-queue-autoscaler-currencyservice,5,60,1,,,
2026-09-01 12:47:23,autoscaler,customdas-cpu-queue-autoscaler-emailservice,5,60,1,,,
2026-09-01 12:47:23,autoscaler,customdas-cpu-queue-autoscaler-frontend,10,60,1,,,
2026-09-01 12:47:23,autoscaler,customdas-cpu-queue-autoscaler-paymentservice,4,60,1,,,
2026-09-01 12:47:23,autoscaler,customdas-cpu-queue-autoscaler-productcatalogservice,7,60,1,,,
2026-09-01 12:47:23,autoscaler,customdas-cpu-queue-autoscaler-recommendationservice,4,60,1,,,
2026-09-01 12:47:23,autoscaler,customdas-cpu-queue-autoscaler-shippingservice,7,60,1,,,
2026-09-01 12:47:23,node,ze-master-node,2552,3692,,63.8,46.5,
2026-09-01 12:47:23,node,ze-worker-node,2294,2098,,57.4,26.4,
2026-09-01 12:47:31,deployment,adservice,40,95,1,,,
2026-09-01 12:47:31,deployment,cartservice,175,76,2,,,
2026-09-01 12:47:31,deployment,checkoutservice,49,22,2,,,
2026-09-01 12:47:31,deployment,currencyservice,256,122,2,,,
2026-09-01 12:47:31,deployment,emailservice,18,40,1,,,
2026-09-01 12:47:31,deployment,frontend,550,72,6,,,
2026-09-01 12:47:31,http_p95_latency,frontend,,,,,,442.4
2026-09-01 12:47:31,deployment,paymentservice,11,31,1,,,
2026-09-01 12:47:31,deployment,productcatalogservice,299,33,4,,,
2026-09-01 12:47:31,deployment,recommendationservice,186,82,2,,,
2026-09-01 12:47:31,deployment,redis-cart,15,44,1,,,
2026-09-01 12:47:31,deployment,shippingservice,27,9,1,,,
2026-09-01 12:47:31,autoscaler,customdas-cpu-queue-autoscaler-adservice,4,60,1,,,
2026-09-01 12:47:31,autoscaler,customdas-cpu-queue-autoscaler-cartservice,6,60,1,,,
2026-09-01 12:47:31,autoscaler,customdas-cpu-queue-autoscaler-checkoutservice,6,60,1,,,
2026-09-01 12:47:31,autoscaler,customdas-cpu-queue-autoscaler-currencyservice,5,60,1,,,
2026-09-01 12:47:31,autoscaler,customdas-cpu-queue-autoscaler-emailservice,5,60,1,,,
2026-09-01 12:47:31,autoscaler,customdas-cpu-queue-autoscaler-frontend,10,60,1,,,
2026-09-01 12:47:31,autoscaler,customdas-cpu-queue-autoscaler-paymentservice,4,60,1,,,
2026-09-01 12:47:31,autoscaler,customdas-cpu-queue-autoscaler-productcatalogservice,7,60,1,,,
2026-09-01 12:47:31,autoscaler,customdas-cpu-queue-autoscaler-recommendationservice,4,60,1,,,
2026-09-01 12:47:31,autoscaler,customdas-cpu-queue-autoscaler-shippingservice,7,60,1,,,
2026-09-01 12:47:31,node,ze-master-node,2552,3692,,63.8,46.5,
2026-09-01 12:47:31,node,ze-worker-node,2294,2098,,57.4,26.4,
2026-09-01 12:47:38,deployment,adservice,45,95,1,,,
2026-09-01 12:47:38,deployment,cartservice,152,76,2,,,
2026-09-01 12:47:38,deployment,checkoutservice,48,22,2,,,
2026-09-01 12:47:38,deployment,currencyservice,297,124,2,,,
2026-09-01 12:47:38,deployment,emailservice,20,40,1,,,
2026-09-01 12:47:38,deployment,frontend,588,73,6,,,
2026-09-01 12:47:38,http_p95_latency,frontend,,,,,,442.4
2026-09-01 12:47:38,deployment,paymentservice,10,32,1,,,
2026-09-01 12:47:38,deployment,productcatalogservice,334,34,4,,,
2026-09-01 12:47:38,deployment,recommendationservice,227,82,2,,,
2026-09-01 12:47:38,deployment,redis-cart,16,44,1,,,
2026-09-01 12:47:38,deployment,shippingservice,31,9,1,,,
2026-09-01 12:47:38,autoscaler,customdas-cpu-queue-autoscaler-adservice,4,60,1,,,
2026-09-01 12:47:38,autoscaler,customdas-cpu-queue-autoscaler-cartservice,5,60,1,,,
2026-09-01 12:47:38,autoscaler,customdas-cpu-queue-autoscaler-checkoutservice,4,60,1,,,
2026-09-01 12:47:38,autoscaler,customdas-cpu-queue-autoscaler-currencyservice,8,60,1,,,
2026-09-01 12:47:38,autoscaler,customdas-cpu-queue-autoscaler-emailservice,6,60,1,,,
2026-09-01 12:47:38,autoscaler,customdas-cpu-queue-autoscaler-frontend,7,60,1,,,
2026-09-01 12:47:38,autoscaler,customdas-cpu-queue-autoscaler-paymentservice,4,60,1,,,
2026-09-01 12:47:38,autoscaler,customdas-cpu-queue-autoscaler-productcatalogservice,10,60,1,,,
2026-09-01 12:47:38,autoscaler,customdas-cpu-queue-autoscaler-recommendationservice,7,60,1,,,
2026-09-01 12:47:38,autoscaler,customdas-cpu-queue-autoscaler-shippingservice,2,60,1,,,
2026-09-01 12:47:38,node,ze-master-node,2510,3697,,62.7,46.6,
2026-09-01 12:47:38,node,ze-worker-node,2252,2112,,56.3,26.6,
2026-09-01 12:47:46,deployment,adservice,45,95,1,,,
2026-09-01 12:47:46,deployment,cartservice,152,76,2,,,
2026-09-01 12:47:46,deployment,checkoutservice,48,22,2,,,
2026-09-01 12:47:46,deployment,currencyservice,297,124,2,,,
2026-09-01 12:47:46,deployment,emailservice,20,40,1,,,
2026-09-01 12:47:46,deployment,frontend,588,73,6,,,
2026-09-01 12:47:46,http_p95_latency,frontend,,,,,,425.5
2026-09-01 12:47:46,deployment,paymentservice,10,32,1,,,
2026-09-01 12:47:46,deployment,productcatalogservice,334,34,4,,,
2026-09-01 12:47:46,deployment,recommendationservice,227,82,2,,,
2026-09-01 12:47:46,deployment,redis-cart,16,44,1,,,
2026-09-01 12:47:46,deployment,shippingservice,31,9,1,,,
2026-09-01 12:47:46,autoscaler,customdas-cpu-queue-autoscaler-adservice,4,60,1,,,
2026-09-01 12:47:46,autoscaler,customdas-cpu-queue-autoscaler-cartservice,5,60,1,,,
2026-09-01 12:47:46,autoscaler,customdas-cpu-queue-autoscaler-checkoutservice,4,60,1,,,
2026-09-01 12:47:46,autoscaler,customdas-cpu-queue-autoscaler-currencyservice,8,60,1,,,
2026-09-01 12:47:46,autoscaler,customdas-cpu-queue-autoscaler-emailservice,6,60,1,,,
2026-09-01 12:47:46,autoscaler,customdas-cpu-queue-autoscaler-frontend,7,60,1,,,
2026-09-01 12:47:46,autoscaler,customdas-cpu-queue-autoscaler-paymentservice,4,60,1,,,
2026-09-01 12:47:46,autoscaler,customdas-cpu-queue-autoscaler-productcatalogservice,10,60,1,,,
2026-09-01 12:47:46,autoscaler,customdas-cpu-queue-autoscaler-recommendationservice,7,60,1,,,
2026-09-01 12:47:46,autoscaler,customdas-cpu-queue-autoscaler-shippingservice,2,60,1,,,
2026-09-01 12:47:46,node,ze-master-node,2510,3697,,62.7,46.6,
2026-09-01 12:47:46,node,ze-worker-node,2252,2112,,56.3,26.6,
2026-09-01 12:47:53,deployment,adservice,46,95,1,,,
2026-09-01 12:47:53,deployment,cartservice,163,76,2,,,
2026-09-01 12:47:53,deployment,checkoutservice,38,22,2,,,
2026-09-01 12:47:53,deployment,currencyservice,281,126,2,,,
2026-09-01 12:47:53,deployment,emailservice,14,40,1,,,
2026-09-01 12:47:53,deployment,frontend,568,73,6,,,
2026-09-01 12:47:53,http_p95_latency,frontend,,,,,,425.5
2026-09-01 12:47:53,deployment,paymentservice,12,31,1,,,
2026-09-01 12:47:53,deployment,productcatalogservice,317,32,4,,,
2026-09-01 12:47:53,deployment,recommendationservice,213,82,2,,,
2026-09-01 12:47:53,deployment,redis-cart,16,44,1,,,
2026-09-01 12:47:53,deployment,shippingservice,28,9,1,,,
2026-09-01 12:47:53,autoscaler,customdas-cpu-queue-autoscaler-adservice,3,60,1,,,
2026-09-01 12:47:53,autoscaler,customdas-cpu-queue-autoscaler-cartservice,9,60,1,,,
2026-09-01 12:47:53,autoscaler,customdas-cpu-queue-autoscaler-checkoutservice,4,60,1,,,
2026-09-01 12:47:53,autoscaler,customdas-cpu-queue-autoscaler-currencyservice,5,60,1,,,
2026-09-01 12:47:53,autoscaler,customdas-cpu-queue-autoscaler-emailservice,5,60,1,,,
2026-09-01 12:47:53,autoscaler,customdas-cpu-queue-autoscaler-frontend,9,60,1,,,
2026-09-01 12:47:53,autoscaler,customdas-cpu-queue-autoscaler-paymentservice,5,60,1,,,
2026-09-01 12:47:53,autoscaler,customdas-cpu-queue-autoscaler-productcatalogservice,7,60,1,,,
2026-09-01 12:47:53,autoscaler,customdas-cpu-queue-autoscaler-recommendationservice,9,60,1,,,
2026-09-01 12:47:53,autoscaler,customdas-cpu-queue-autoscaler-shippingservice,2,60,1,,,
2026-09-01 12:47:53,node,ze-master-node,2477,3714,,61.9,46.8,
2026-09-01 12:47:53,node,ze-worker-node,2262,2107,,56.5,26.5,
2026-09-01 12:48:02,deployment,adservice,46,95,1,,,
2026-09-01 12:48:02,deployment,cartservice,163,76,2,,,
2026-09-01 12:48:02,deployment,checkoutservice,38,22,2,,,
2026-09-01 12:48:02,deployment,currencyservice,281,126,2,,,
2026-09-01 12:48:02,deployment,emailservice,14,40,1,,,
2026-09-01 12:48:02,deployment,frontend,568,73,6,,,
2026-09-01 12:48:02,http_p95_latency,frontend,,,,,,231.4
2026-09-01 12:48:02,deployment,paymentservice,12,31,1,,,
2026-09-01 12:48:02,deployment,productcatalogservice,317,32,4,,,
2026-09-01 12:48:02,deployment,recommendationservice,213,82,2,,,
2026-09-01 12:48:02,deployment,redis-cart,16,44,1,,,
2026-09-01 12:48:02,deployment,shippingservice,28,9,1,,,
2026-09-01 12:48:02,autoscaler,customdas-cpu-queue-autoscaler-adservice,3,60,1,,,
2026-09-01 12:48:02,autoscaler,customdas-cpu-queue-autoscaler-cartservice,9,60,1,,,
2026-09-01 12:48:02,autoscaler,customdas-cpu-queue-autoscaler-checkoutservice,4,60,1,,,
2026-09-01 12:48:02,autoscaler,customdas-cpu-queue-autoscaler-currencyservice,5,60,1,,,
2026-09-01 12:48:02,autoscaler,customdas-cpu-queue-autoscaler-emailservice,5,60,1,,,
2026-09-01 12:48:02,autoscaler,customdas-cpu-queue-autoscaler-frontend,10,60,1,,,
2026-09-01 12:48:02,autoscaler,customdas-cpu-queue-autoscaler-paymentservice,3,60,1,,,
2026-09-01 12:48:02,autoscaler,customdas-cpu-queue-autoscaler-productcatalogservice,0,60,1,,,
2026-09-01 12:48:02,autoscaler,customdas-cpu-queue-autoscaler-recommendationservice,0,60,1,,,
2026-09-01 12:48:02,autoscaler,customdas-cpu-queue-autoscaler-shippingservice,4,60,1,,,
2026-09-01 12:48:02,node,ze-master-node,2440,3713,,61.0,46.8,
2026-09-01 12:48:02,node,ze-worker-node,2260,2118,,56.5,26.7,
2026-09-01 12:48:11,deployment,adservice,46,95,1,,,
2026-09-01 12:48:11,deployment,cartservice,159,76,2,,,
2026-09-01 12:48:11,deployment,checkoutservice,41,22,2,,,
2026-09-01 12:48:11,deployment,currencyservice,280,127,2,,,
2026-09-01 12:48:11,deployment,emailservice,18,40,1,,,
2026-09-01 12:48:11,deployment,frontend,572,73,6,,,
2026-09-01 12:48:11,http_p95_latency,frontend,,,,,,231.4
2026-09-01 12:48:11,deployment,paymentservice,10,31,1,,,
2026-09-01 12:48:11,deployment,productcatalogservice,317,33,4,,,
2026-09-01 12:48:11,deployment,recommendationservice,216,82,2,,,
2026-09-01 12:48:11,deployment,redis-cart,17,44,1,,,
2026-09-01 12:48:11,deployment,shippingservice,28,9,1,,,
2026-09-01 12:48:11,autoscaler,customdas-cpu-queue-autoscaler-adservice,2,60,1,,,
2026-09-01 12:48:11,autoscaler,customdas-cpu-queue-autoscaler-cartservice,9,60,1,,,
2026-09-01 12:48:11,autoscaler,customdas-cpu-queue-autoscaler-checkoutservice,4,60,1,,,
2026-09-01 12:48:11,autoscaler,customdas-cpu-queue-autoscaler-currencyservice,4,60,1,,,
2026-09-01 12:48:11,autoscaler,customdas-cpu-queue-autoscaler-emailservice,5,60,1,,,
2026-09-01 12:48:11,autoscaler,customdas-cpu-queue-autoscaler-frontend,10,60,1,,,
2026-09-01 12:48:11,autoscaler,customdas-cpu-queue-autoscaler-paymentservice,3,60,1,,,
2026-09-01 12:48:11,autoscaler,customdas-cpu-queue-autoscaler-productcatalogservice,0,60,1,,,
2026-09-01 12:48:11,autoscaler,customdas-cpu-queue-autoscaler-recommendationservice,0,60,1,,,
2026-09-01 12:48:11,autoscaler,customdas-cpu-queue-autoscaler-shippingservice,4,60,1,,,
2026-09-01 12:48:11,node,ze-master-node,2440,3713,,61.0,46.8,
2026-09-01 12:48:11,node,ze-worker-node,2260,2118,,56.5,26.7,
2026-09-01 12:48:18,deployment,adservice,46,95,1,,,
2026-09-01 12:48:18,deployment,cartservice,159,76,2,,,
2026-09-01 12:48:18,deployment,checkoutservice,41,22,2,,,
2026-09-01 12:48:18,deployment,currencyservice,280,127,2,,,
2026-09-01 12:48:18,deployment,emailservice,18,40,1,,,
2026-09-01 12:48:18,deployment,frontend,592,73,6,,,
2026-09-01 12:48:18,http_p95_latency,frontend,,,,,,231.0
2026-09-01 12:48:18,deployment,paymentservice,10,31,1,,,
2026-09-01 12:48:18,deployment,productcatalogservice,312,33,4,,,
2026-09-01 12:48:18,deployment,recommendationservice,215,82,2,,,
2026-09-01 12:48:18,deployment,redis-cart,16,44,1,,,
2026-09-01 12:48:18,deployment,shippingservice,29,9,1,,,
2026-09-01 12:48:18,autoscaler,customdas-cpu-queue-autoscaler-adservice,6,60,1,,,
2026-09-01 12:48:18,autoscaler,customdas-cpu-queue-autoscaler-cartservice,6,60,1,,,
2026-09-01 12:48:18,autoscaler,customdas-cpu-queue-autoscaler-checkoutservice,4,60,1,,,
2026-09-01 12:48:18,autoscaler,customdas-cpu-queue-autoscaler-currencyservice,5,60,1,,,
2026-09-01 12:48:18,autoscaler,customdas-cpu-queue-autoscaler-emailservice,2,60,1,,,
2026-09-01 12:48:18,autoscaler,customdas-cpu-queue-autoscaler-frontend,9,60,1,,,
2026-09-01 12:48:18,autoscaler,customdas-cpu-queue-autoscaler-paymentservice,4,60,1,,,
2026-09-01 12:48:18,autoscaler,customdas-cpu-queue-autoscaler-productcatalogservice,10,60,1,,,
2026-09-01 12:48:18,autoscaler,customdas-cpu-queue-autoscaler-recommendationservice,5,60,1,,,
2026-09-01 12:48:18,autoscaler,customdas-cpu-queue-autoscaler-shippingservice,4,60,1,,,
2026-09-01 12:48:18,node,ze-master-node,2471,3714,,61.8,46.8,
2026-09-01 12:48:18,node,ze-worker-node,2261,2117,,56.5,26.7,
2026-09-01 12:48:26,deployment,adservice,51,95,1,,,
2026-09-01 12:48:26,deployment,cartservice,158,76,2,,,
2026-09-01 12:48:26,deployment,checkoutservice,39,22,2,,,
2026-09-01 12:48:26,deployment,currencyservice,281,131,2,,,
2026-09-01 12:48:26,deployment,emailservice,18,40,1,,,
2026-09-01 12:48:26,deployment,frontend,592,73,6,,,
2026-09-01 12:48:26,http_p95_latency,frontend,,,,,,203.1
2026-09-01 12:48:26,deployment,paymentservice,10,31,1,,,
2026-09-01 12:48:26,deployment,productcatalogservice,312,33,4,,,
2026-09-01 12:48:26,deployment,recommendationservice,215,82,2,,,
2026-09-01 12:48:26,deployment,redis-cart,16,44,1,,,
2026-09-01 12:48:26,deployment,shippingservice,29,9,1,,,
2026-09-01 12:48:26,autoscaler,customdas-cpu-queue-autoscaler-adservice,6,60,1,,,
2026-09-01 12:48:26,autoscaler,customdas-cpu-queue-autoscaler-cartservice,6,60,1,,,
2026-09-01 12:48:26,autoscaler,customdas-cpu-queue-autoscaler-checkoutservice,4,60,1,,,
2026-09-01 12:48:26,autoscaler,customdas-cpu-queue-autoscaler-currencyservice,5,60,1,,,
2026-09-01 12:48:26,autoscaler,customdas-cpu-queue-autoscaler-emailservice,2,60,1,,,
2026-09-01 12:48:26,autoscaler,customdas-cpu-queue-autoscaler-frontend,9,60,1,,,
2026-09-01 12:48:26,autoscaler,customdas-cpu-queue-autoscaler-paymentservice,4,60,1,,,
2026-09-01 12:48:26,autoscaler,customdas-cpu-queue-autoscaler-productcatalogservice,10,60,1,,,
2026-09-01 12:48:26,autoscaler,customdas-cpu-queue-autoscaler-recommendationservice,5,60,1,,,
2026-09-01 12:48:26,autoscaler,customdas-cpu-queue-autoscaler-shippingservice,4,60,1,,,
2026-09-01 12:48:26,node,ze-master-node,2471,3714,,61.8,46.8,
2026-09-01 12:48:26,node,ze-worker-node,2261,2117,,56.5,26.7,
2026-09-01 12:48:34,deployment,adservice,43,95,1,,,
2026-09-01 12:48:34,deployment,cartservice,164,76,2,,,
2026-09-01 12:48:34,deployment,checkoutservice,33,22,2,,,
2026-09-01 12:48:34,deployment,currencyservice,273,95,2,,,
2026-09-01 12:48:34,deployment,emailservice,18,40,1,,,
2026-09-01 12:48:34,deployment,frontend,575,72,6,,,
2026-09-01 12:48:34,http_p95_latency,frontend,,,,,,203.1
2026-09-01 12:48:34,deployment,paymentservice,10,31,1,,,
2026-09-01 12:48:34,deployment,productcatalogservice,315,33,4,,,
2026-09-01 12:48:34,deployment,recommendationservice,216,82,2,,,
2026-09-01 12:48:34,deployment,redis-cart,16,44,1,,,
2026-09-01 12:48:34,deployment,shippingservice,27,9,1,,,
2026-09-01 12:48:34,autoscaler,customdas-cpu-queue-autoscaler-adservice,4,60,1,,,
2026-09-01 12:48:34,autoscaler,customdas-cpu-queue-autoscaler-cartservice,4,60,1,,,
2026-09-01 12:48:34,autoscaler,customdas-cpu-queue-autoscaler-checkoutservice,4,60,1,,,
2026-09-01 12:48:34,autoscaler,customdas-cpu-queue-autoscaler-currencyservice,4,60,1,,,
2026-09-01 12:48:34,autoscaler,customdas-cpu-queue-autoscaler-emailservice,5,60,1,,,
2026-09-01 12:48:34,autoscaler,customdas-cpu-queue-autoscaler-frontend,4,60,1,,,
2026-09-01 12:48:34,autoscaler,customdas-cpu-queue-autoscaler-paymentservice,3,60,1,,,
2026-09-01 12:48:34,autoscaler,customdas-cpu-queue-autoscaler-productcatalogservice,5,60,1,,,
2026-09-01 12:48:34,autoscaler,customdas-cpu-queue-autoscaler-recommendationservice,6,60,1,,,
2026-09-01 12:48:34,autoscaler,customdas-cpu-queue-autoscaler-shippingservice,4,60,1,,,
2026-09-01 12:48:34,node,ze-master-node,2343,3716,,58.6,46.8,
2026-09-01 12:48:34,node,ze-worker-node,2245,2078,,56.1,26.2,
2026-09-01 12:48:42,deployment,adservice,43,95,1,,,
2026-09-01 12:48:42,deployment,cartservice,164,76,2,,,
2026-09-01 12:48:42,deployment,checkoutservice,33,22,2,,,
2026-09-01 12:48:42,deployment,currencyservice,273,95,2,,,
2026-09-01 12:48:42,deployment,emailservice,18,40,1,,,
2026-09-01 12:48:42,deployment,frontend,575,72,6,,,
2026-09-01 12:48:42,http_p95_latency,frontend,,,,,,232.3
2026-09-01 12:48:42,deployment,paymentservice,10,31,1,,,
2026-09-01 12:48:42,deployment,productcatalogservice,315,33,4,,,
2026-09-01 12:48:42,deployment,recommendationservice,216,82,2,,,
2026-09-01 12:48:42,deployment,redis-cart,16,44,1,,,
2026-09-01 12:48:42,deployment,shippingservice,27,9,1,,,
2026-09-01 12:48:42,autoscaler,customdas-cpu-queue-autoscaler-adservice,4,60,1,,,
2026-09-01 12:48:42,autoscaler,customdas-cpu-queue-autoscaler-cartservice,4,60,1,,,
2026-09-01 12:48:42,autoscaler,customdas-cpu-queue-autoscaler-checkoutservice,4,60,1,,,
2026-09-01 12:48:42,autoscaler,customdas-cpu-queue-autoscaler-currencyservice,4,60,1,,,
2026-09-01 12:48:42,autoscaler,customdas-cpu-queue-autoscaler-emailservice,5,60,1,,,
2026-09-01 12:48:42,autoscaler,customdas-cpu-queue-autoscaler-frontend,4,60,1,,,
2026-09-01 12:48:42,autoscaler,customdas-cpu-queue-autoscaler-paymentservice,3,60,1,,,
2026-09-01 12:48:42,autoscaler,customdas-cpu-queue-autoscaler-productcatalogservice,5,60,1,,,
2026-09-01 12:48:42,autoscaler,customdas-cpu-queue-autoscaler-recommendationservice,6,60,1,,,
2026-09-01 12:48:42,autoscaler,customdas-cpu-queue-autoscaler-shippingservice,4,60,1,,,
2026-09-01 12:48:42,node,ze-master-node,2343,3716,,58.6,46.8,
2026-09-01 12:48:42,node,ze-worker-node,2245,2078,,56.1,26.2,
2026-09-01 12:48:50,deployment,adservice,44,95,1,,,
2026-09-01 12:48:50,deployment,cartservice,151,76,2,,,
2026-09-01 12:48:50,deployment,checkoutservice,46,22,2,,,
2026-09-01 12:48:50,deployment,currencyservice,291,100,2,,,
2026-09-01 12:48:50,deployment,emailservice,18,40,1,,,
2026-09-01 12:48:50,deployment,frontend,578,72,6,,,
2026-09-01 12:48:50,http_p95_latency,frontend,,,,,,232.3
2026-09-01 12:48:50,deployment,paymentservice,12,31,1,,,
2026-09-01 12:48:50,deployment,productcatalogservice,319,33,4,,,
2026-09-01 12:48:50,deployment,recommendationservice,212,82,2,,,
2026-09-01 12:48:50,deployment,redis-cart,16,44,1,,,
2026-09-01 12:48:50,deployment,shippingservice,32,9,1,,,
2026-09-01 12:48:50,autoscaler,customdas-cpu-queue-autoscaler-adservice,3,60,1,,,
2026-09-01 12:48:50,autoscaler,customdas-cpu-queue-autoscaler-cartservice,6,60,1,,,
2026-09-01 12:48:50,autoscaler,customdas-cpu-queue-autoscaler-checkoutservice,4,60,1,,,
2026-09-01 12:48:50,autoscaler,customdas-cpu-queue-autoscaler-currencyservice,7,60,1,,,
2026-09-01 12:48:50,autoscaler,customdas-cpu-queue-autoscaler-emailservice,4,60,1,,,
2026-09-01 12:48:50,autoscaler,customdas-cpu-queue-autoscaler-frontend,3,60,1,,,
2026-09-01 12:48:50,autoscaler,customdas-cpu-queue-autoscaler-paymentservice,2,60,1,,,
2026-09-01 12:48:50,autoscaler,customdas-cpu-queue-autoscaler-productcatalogservice,5,60,1,,,
2026-09-01 12:48:50,autoscaler,customdas-cpu-queue-autoscaler-recommendationservice,6,60,1,,,
2026-09-01 12:48:50,autoscaler,customdas-cpu-queue-autoscaler-shippingservice,3,60,1,,,
2026-09-01 12:48:50,node,ze-master-node,2456,3693,,61.4,46.5,
2026-09-01 12:48:50,node,ze-worker-node,2236,2074,,55.9,26.1,
2026-09-01 12:49:00,deployment,adservice,44,95,1,,,
2026-09-01 12:49:00,deployment,cartservice,151,76,2,,,
2026-09-01 12:49:00,deployment,checkoutservice,46,22,2,,,
2026-09-01 12:49:00,deployment,currencyservice,291,100,2,,,
2026-09-01 12:49:00,deployment,emailservice,18,40,1,,,
2026-09-01 12:49:00,deployment,frontend,578,72,6,,,
2026-09-01 12:49:00,http_p95_latency,frontend,,,,,,237.4
2026-09-01 12:49:00,deployment,paymentservice,12,31,1,,,
2026-09-01 12:49:00,deployment,productcatalogservice,319,33,4,,,
2026-09-01 12:49:00,deployment,recommendationservice,212,82,2,,,
2026-09-01 12:49:00,deployment,redis-cart,16,44,1,,,
2026-09-01 12:49:00,deployment,shippingservice,32,9,1,,,
2026-09-01 12:49:00,autoscaler,customdas-cpu-queue-autoscaler-adservice,3,60,1,,,
2026-09-01 12:49:00,autoscaler,customdas-cpu-queue-autoscaler-cartservice,6,60,1,,,
2026-09-01 12:49:00,autoscaler,customdas-cpu-queue-autoscaler-checkoutservice,4,60,1,,,
2026-09-01 12:49:00,autoscaler,customdas-cpu-queue-autoscaler-currencyservice,7,60,1,,,
2026-09-01 12:49:00,autoscaler,customdas-cpu-queue-autoscaler-emailservice,4,60,1,,,
2026-09-01 12:49:00,autoscaler,customdas-cpu-queue-autoscaler-frontend,3,60,1,,,
2026-09-01 12:49:00,autoscaler,customdas-cpu-queue-autoscaler-paymentservice,2,60,1,,,
2026-09-01 12:49:00,autoscaler,customdas-cpu-queue-autoscaler-productcatalogservice,5,60,1,,,
2026-09-01 12:49:00,autoscaler,customdas-cpu-queue-autoscaler-recommendationservice,6,60,1,,,
2026-09-01 12:49:00,autoscaler,customdas-cpu-queue-autoscaler-shippingservice,3,60,1,,,
2026-09-01 12:49:00,node,ze-master-node,2456,3693,,61.4,46.5,
2026-09-01 12:49:00,node,ze-worker-node,2236,2074,,55.9,26.1,
2026-09-01 12:49:08,deployment,adservice,42,95,1,,,
2026-09-01 12:49:08,deployment,cartservice,179,76,2,,,
2026-09-01 12:49:08,deployment,checkoutservice,44,22,2,,,
2026-09-01 12:49:08,deployment,currencyservice,283,98,2,,,
2026-09-01 12:49:08,deployment,emailservice,21,40,1,,,
2026-09-01 12:49:08,deployment,frontend,587,72,6,,,
2026-09-01 12:49:08,http_p95_latency,frontend,,,,,,237.4
2026-09-01 12:49:08,deployment,paymentservice,12,31,1,,,
2026-09-01 12:49:08,deployment,productcatalogservice,318,33,4,,,
2026-09-01 12:49:08,deployment,recommendationservice,222,82,2,,,
2026-09-01 12:49:08,deployment,redis-cart,16,44,1,,,
2026-09-01 12:49:08,deployment,shippingservice,28,9,1,,,
2026-09-01 12:49:08,autoscaler,customdas-cpu-queue-autoscaler-adservice,5,60,1,,,
2026-09-01 12:49:08,autoscaler,customdas-cpu-queue-autoscaler-cartservice,0,60,1,,,
2026-09-01 12:49:08,autoscaler,customdas-cpu-queue-autoscaler-checkoutservice,4,60,1,,,
2026-09-01 12:49:08,autoscaler,customdas-cpu-queue-autoscaler-currencyservice,4,60,1,,,
2026-09-01 12:49:08,autoscaler,customdas-cpu-queue-autoscaler-emailservice,4,60,1,,,
2026-09-01 12:49:08,autoscaler,customdas-cpu-queue-autoscaler-frontend,10,60,1,,,
2026-09-01 12:49:08,autoscaler,customdas-cpu-queue-autoscaler-paymentservice,2,60,1,,,
2026-09-01 12:49:08,autoscaler,customdas-cpu-queue-autoscaler-productcatalogservice,8,60,1,,,
2026-09-01 12:49:08,autoscaler,customdas-cpu-queue-autoscaler-recommendationservice,4,60,1,,,
2026-09-01 12:49:08,autoscaler,customdas-cpu-queue-autoscaler-shippingservice,7,60,1,,,
2026-09-01 12:49:08,node,ze-master-node,2493,3707,,62.3,46.7,
2026-09-01 12:49:08,node,ze-worker-node,2258,2081,,56.5,26.2,
2026-09-01 12:49:15,deployment,adservice,42,95,1,,,
2026-09-01 12:49:15,deployment,cartservice,179,76,2,,,
2026-09-01 12:49:15,deployment,checkoutservice,44,22,2,,,
2026-09-01 12:49:15,deployment,currencyservice,283,98,2,,,
2026-09-01 12:49:15,deployment,emailservice,21,40,1,,,
2026-09-01 12:49:15,deployment,frontend,587,72,6,,,
2026-09-01 12:49:15,http_p95_latency,frontend,,,,,,314.6
2026-09-01 12:49:15,deployment,paymentservice,12,31,1,,,
2026-09-01 12:49:15,deployment,productcatalogservice,318,33,4,,,
2026-09-01 12:49:15,deployment,recommendationservice,222,82,2,,,
2026-09-01 12:49:15,deployment,redis-cart,16,44,1,,,
2026-09-01 12:49:15,deployment,shippingservice,28,9,1,,,
2026-09-01 12:49:15,autoscaler,customdas-cpu-queue-autoscaler-adservice,5,60,1,,,
2026-09-01 12:49:15,autoscaler,customdas-cpu-queue-autoscaler-cartservice,0,60,1,,,
2026-09-01 12:49:15,autoscaler,customdas-cpu-queue-autoscaler-checkoutservice,4,60,1,,,
2026-09-01 12:49:15,autoscaler,customdas-cpu-queue-autoscaler-currencyservice,4,60,1,,,
2026-09-01 12:49:15,autoscaler,customdas-cpu-queue-autoscaler-emailservice,5,60,1,,,
2026-09-01 12:49:15,autoscaler,customdas-cpu-queue-autoscaler-frontend,6,60,1,,,
2026-09-01 12:49:15,autoscaler,customdas-cpu-queue-autoscaler-paymentservice,5,60,1,,,
2026-09-01 12:49:15,autoscaler,customdas-cpu-queue-autoscaler-productcatalogservice,4,60,1,,,
2026-09-01 12:49:15,autoscaler,customdas-cpu-queue-autoscaler-recommendationservice,6,60,1,,,
2026-09-01 12:49:15,autoscaler,customdas-cpu-queue-autoscaler-shippingservice,0,60,1,,,
2026-09-01 12:49:15,node,ze-master-node,2496,3685,,62.4,46.4,
2026-09-01 12:49:15,node,ze-worker-node,2344,2085,,58.6,26.3,
2026-09-01 12:49:32,deployment,adservice,49,95,1,,,
2026-09-01 12:49:32,deployment,cartservice,164,76,2,,,
2026-09-01 12:49:32,deployment,checkoutservice,44,22,2,,,
2026-09-01 12:49:32,deployment,currencyservice,280,105,2,,,
2026-09-01 12:49:32,deployment,emailservice,17,40,1,,,
2026-09-01 12:49:32,deployment,frontend,586,72,6,,,
2026-09-01 12:49:32,http_p95_latency,frontend,,,,,,246.7
2026-09-01 12:49:32,deployment,paymentservice,12,31,1,,,
2026-09-01 12:49:32,deployment,productcatalogservice,327,33,4,,,
2026-09-01 12:49:32,deployment,recommendationservice,223,82,2,,,
2026-09-01 12:49:32,deployment,redis-cart,17,44,1,,,
2026-09-01 12:49:32,deployment,shippingservice,30,9,1,,,
2026-09-01 12:49:32,autoscaler,customdas-cpu-queue-autoscaler-adservice,0,60,1,,,
2026-09-01 12:49:32,autoscaler,customdas-cpu-queue-autoscaler-cartservice,0,60,1,,,
2026-09-01 12:49:32,autoscaler,customdas-cpu-queue-autoscaler-checkoutservice,3,60,1,,,
2026-09-01 12:49:32,autoscaler,customdas-cpu-queue-autoscaler-currencyservice,4,60,1,,,
2026-09-01 12:49:32,autoscaler,customdas-cpu-queue-autoscaler-emailservice,5,60,1,,,
2026-09-01 12:49:32,autoscaler,customdas-cpu-queue-autoscaler-frontend,10,60,1,,,
2026-09-01 12:49:32,autoscaler,customdas-cpu-queue-autoscaler-paymentservice,0,60,1,,,
2026-09-01 12:49:32,autoscaler,customdas-cpu-queue-autoscaler-productcatalogservice,6,60,1,,,
2026-09-01 12:49:32,autoscaler,customdas-cpu-queue-autoscaler-recommendationservice,4,60,1,,,
2026-09-01 12:49:32,autoscaler,customdas-cpu-queue-autoscaler-shippingservice,4,60,1,,,
2026-09-01 12:49:32,node,ze-master-node,2422,3682,,60.6,46.4,
2026-09-01 12:49:32,node,ze-worker-node,2358,2089,,59.0,26.3,
2026-09-01 12:49:41,deployment,adservice,49,95,1,,,
2026-09-01 12:49:41,deployment,cartservice,165,76,2,,,
2026-09-01 12:49:41,deployment,checkoutservice,45,22,2,,,
2026-09-01 12:49:41,deployment,currencyservice,294,109,2,,,
2026-09-01 12:49:41,deployment,emailservice,19,40,1,,,
2026-09-01 12:49:41,deployment,frontend,628,73,6,,,
2026-09-01 12:49:41,http_p95_latency,frontend,,,,,,246.7
2026-09-01 12:49:41,deployment,paymentservice,10,31,1,,,
2026-09-01 12:49:41,deployment,productcatalogservice,344,33,4,,,
2026-09-01 12:49:41,deployment,recommendationservice,237,82,2,,,
2026-09-01 12:49:41,deployment,redis-cart,17,44,1,,,
2026-09-01 12:49:41,deployment,shippingservice,30,9,1,,,
2026-09-01 12:49:41,autoscaler,customdas-cpu-queue-autoscaler-adservice,5,60,1,,,
2026-09-01 12:49:41,autoscaler,customdas-cpu-queue-autoscaler-cartservice,0,60,1,,,
2026-09-01 12:49:41,autoscaler,customdas-cpu-queue-autoscaler-checkoutservice,3,60,1,,,
2026-09-01 12:49:41,autoscaler,customdas-cpu-queue-autoscaler-currencyservice,4,60,1,,,
2026-09-01 12:49:41,autoscaler,customdas-cpu-queue-autoscaler-emailservice,5,60,1,,,
2026-09-01 12:49:41,autoscaler,customdas-cpu-queue-autoscaler-frontend,10,60,1,,,
2026-09-01 12:49:41,autoscaler,customdas-cpu-queue-autoscaler-paymentservice,0,60,1,,,
2026-09-01 12:49:41,autoscaler,customdas-cpu-queue-autoscaler-productcatalogservice,6,60,1,,,
2026-09-01 12:49:41,autoscaler,customdas-cpu-queue-autoscaler-recommendationservice,4,60,1,,,
2026-09-01 12:49:41,autoscaler,customdas-cpu-queue-autoscaler-shippingservice,4,60,1,,,
2026-09-01 12:49:41,node,ze-master-node,2422,3682,,60.6,46.4,
2026-09-01 12:49:41,node,ze-worker-node,2358,2089,,59.0,26.3,
2026-09-01 12:49:48,deployment,adservice,49,95,1,,,
2026-09-01 12:49:48,deployment,cartservice,165,76,2,,,
2026-09-01 12:49:48,deployment,checkoutservice,40,22,2,,,
2026-09-01 12:49:48,deployment,currencyservice,310,112,2,,,
2026-09-01 12:49:48,deployment,emailservice,18,40,1,,,
2026-09-01 12:49:48,deployment,frontend,621,75,6,,,
2026-09-01 12:49:48,http_p95_latency,frontend,,,,,,239.9
2026-09-01 12:49:48,deployment,paymentservice,12,31,1,,,
2026-09-01 12:49:48,deployment,productcatalogservice,332,33,4,,,
2026-09-01 12:49:48,deployment,recommendationservice,216,82,2,,,
2026-09-01 12:49:48,deployment,redis-cart,17,44,1,,,
2026-09-01 12:49:48,deployment,shippingservice,30,9,1,,,
2026-09-01 12:49:48,autoscaler,customdas-cpu-queue-autoscaler-adservice,0,60,1,,,
2026-09-01 12:49:48,autoscaler,customdas-cpu-queue-autoscaler-cartservice,7,60,1,,,
2026-09-01 12:49:48,autoscaler,customdas-cpu-queue-autoscaler-checkoutservice,3,60,1,,,
2026-09-01 12:49:48,autoscaler,customdas-cpu-queue-autoscaler-currencyservice,3,60,1,,,
2026-09-01 12:49:48,autoscaler,customdas-cpu-queue-autoscaler-emailservice,4,60,1,,,
2026-09-01 12:49:48,autoscaler,customdas-cpu-queue-autoscaler-frontend,10,60,1,,,
2026-09-01 12:49:48,autoscaler,customdas-cpu-queue-autoscaler-paymentservice,3,60,1,,,
2026-09-01 12:49:48,autoscaler,customdas-cpu-queue-autoscaler-productcatalogservice,5,60,1,,,
2026-09-01 12:49:48,autoscaler,customdas-cpu-queue-autoscaler-recommendationservice,4,60,1,,,
2026-09-01 12:49:48,autoscaler,customdas-cpu-queue-autoscaler-shippingservice,7,60,1,,,
2026-09-01 12:49:48,node,ze-master-node,2539,3686,,63.5,46.4,
2026-09-01 12:49:48,node,ze-worker-node,2406,2098,,60.2,26.4,
2026-09-01 12:49:56,deployment,adservice,50,95,1,,,
2026-09-01 12:49:56,deployment,cartservice,171,76,2,,,
2026-09-01 12:49:56,deployment,checkoutservice,40,22,2,,,
2026-09-01 12:49:56,deployment,currencyservice,310,112,2,,,
2026-09-01 12:49:56,deployment,emailservice,18,40,1,,,
2026-09-01 12:49:56,deployment,frontend,621,75,6,,,
2026-09-01 12:49:56,http_p95_latency,frontend,,,,,,238.9
2026-09-01 12:49:56,deployment,paymentservice,12,31,1,,,
2026-09-01 12:49:56,deployment,productcatalogservice,332,33,4,,,
2026-09-01 12:49:56,deployment,recommendationservice,216,82,2,,,
2026-09-01 12:49:56,deployment,redis-cart,17,44,1,,,
2026-09-01 12:49:56,deployment,shippingservice,30,9,1,,,
2026-09-01 12:49:56,autoscaler,customdas-cpu-queue-autoscaler-adservice,0,60,1,,,
2026-09-01 12:49:56,autoscaler,customdas-cpu-queue-autoscaler-cartservice,7,60,1,,,
2026-09-01 12:49:56,autoscaler,customdas-cpu-queue-autoscaler-checkoutservice,3,60,1,,,
2026-09-01 12:49:56,autoscaler,customdas-cpu-queue-autoscaler-currencyservice,3,60,1,,,
2026-09-01 12:49:56,autoscaler,customdas-cpu-queue-autoscaler-emailservice,4,60,1,,,
2026-09-01 12:49:56,autoscaler,customdas-cpu-queue-autoscaler-frontend,10,60,1,,,
2026-09-01 12:49:56,autoscaler,customdas-cpu-queue-autoscaler-paymentservice,3,60,1,,,
2026-09-01 12:49:56,autoscaler,customdas-cpu-queue-autoscaler-productcatalogservice,5,60,1,,,
2026-09-01 12:49:56,autoscaler,customdas-cpu-queue-autoscaler-recommendationservice,4,60,1,,,
2026-09-01 12:49:56,autoscaler,customdas-cpu-queue-autoscaler-shippingservice,7,60,1,,,
2026-09-01 12:49:56,node,ze-master-node,2539,3686,,63.5,46.4,
2026-09-01 12:49:56,node,ze-worker-node,2406,2098,,60.2,26.4,
2026-09-01 12:50:04,deployment,adservice,49,95,1,,,
2026-09-01 12:50:04,deployment,cartservice,191,78,2,,,
2026-09-01 12:50:04,deployment,checkoutservice,42,22,2,,,
2026-09-01 12:50:04,deployment,currencyservice,299,118,2,,,
2026-09-01 12:50:04,deployment,emailservice,18,40,1,,,
2026-09-01 12:50:04,deployment,frontend,657,73,6,,,
2026-09-01 12:50:04,http_p95_latency,frontend,,,,,,238.9
2026-09-01 12:50:04,deployment,paymentservice,10,31,1,,,
2026-09-01 12:50:04,deployment,productcatalogservice,337,33,4,,,
2026-09-01 12:50:04,deployment,recommendationservice,233,82,2,,,
2026-09-01 12:50:04,deployment,redis-cart,57,44,1,,,
2026-09-01 12:50:04,deployment,shippingservice,30,9,1,,,
2026-09-01 12:50:04,autoscaler,customdas-cpu-queue-autoscaler-adservice,5,60,1,,,
2026-09-01 12:50:04,autoscaler,customdas-cpu-queue-autoscaler-cartservice,3,60,1,,,
2026-09-01 12:50:04,autoscaler,customdas-cpu-queue-autoscaler-checkoutservice,5,60,1,,,
2026-09-01 12:50:04,autoscaler,customdas-cpu-queue-autoscaler-currencyservice,4,60,1,,,
2026-09-01 12:50:04,autoscaler,customdas-cpu-queue-autoscaler-emailservice,4,60,1,,,
2026-09-01 12:50:04,autoscaler,customdas-cpu-queue-autoscaler-frontend,5,60,1,,,
2026-09-01 12:50:04,autoscaler,customdas-cpu-queue-autoscaler-paymentservice,3,60,1,,,
2026-09-01 12:50:04,autoscaler,customdas-cpu-queue-autoscaler-productcatalogservice,5,60,1,,,
2026-09-01 12:50:04,autoscaler,customdas-cpu-queue-autoscaler-recommendationservice,3,60,1,,,
2026-09-01 12:50:04,autoscaler,customdas-cpu-queue-autoscaler-shippingservice,0,60,1,,,
2026-09-01 12:50:04,node,ze-master-node,2510,3684,,62.7,46.4,
2026-09-01 12:50:04,node,ze-worker-node,2420,2102,,60.5,26.5,
2026-09-01 12:50:11,deployment,adservice,49,95,1,,,
2026-09-01 12:50:11,deployment,cartservice,191,78,2,,,
2026-09-01 12:50:11,deployment,checkoutservice,42,22,2,,,
2026-09-01 12:50:11,deployment,currencyservice,299,118,2,,,
2026-09-01 12:50:11,deployment,emailservice,18,40,1,,,
2026-09-01 12:50:11,deployment,frontend,657,73,6,,,
2026-09-01 12:50:11,http_p95_latency,frontend,,,,,,225.6
2026-09-01 12:50:11,deployment,paymentservice,10,31,1,,,
2026-09-01 12:50:11,deployment,productcatalogservice,337,33,4,,,
2026-09-01 12:50:11,deployment,recommendationservice,233,82,2,,,
2026-09-01 12:50:11,deployment,redis-cart,57,44,1,,,
2026-09-01 12:50:11,deployment,shippingservice,30,9,1,,,
2026-09-01 12:50:11,autoscaler,customdas-cpu-queue-autoscaler-adservice,5,60,1,,,
2026-09-01 12:50:11,autoscaler,customdas-cpu-queue-autoscaler-cartservice,3,60,1,,,
2026-09-01 12:50:11,autoscaler,customdas-cpu-queue-autoscaler-checkoutservice,5,60,1,,,
2026-09-01 12:50:11,autoscaler,customdas-cpu-queue-autoscaler-currencyservice,4,60,1,,,
2026-09-01 12:50:11,autoscaler,customdas-cpu-queue-autoscaler-emailservice,4,60,1,,,
2026-09-01 12:50:11,autoscaler,customdas-cpu-queue-autoscaler-frontend,5,60,1,,,
2026-09-01 12:50:11,autoscaler,customdas-cpu-queue-autoscaler-paymentservice,3,60,1,,,
2026-09-01 12:50:11,autoscaler,customdas-cpu-queue-autoscaler-productcatalogservice,5,60,1,,,
2026-09-01 12:50:11,autoscaler,customdas-cpu-queue-autoscaler-recommendationservice,3,60,1,,,
2026-09-01 12:50:11,autoscaler,customdas-cpu-queue-autoscaler-shippingservice,0,60,1,,,
2026-09-01 12:50:11,node,ze-master-node,2510,3684,,62.7,46.4,
2026-09-01 12:50:11,node,ze-worker-node,2420,2102,,60.5,26.5,
2026-09-01 12:50:22,deployment,adservice,51,95,1,,,
2026-09-01 12:50:22,deployment,cartservice,184,76,2,,,
2026-09-01 12:50:22,deployment,checkoutservice,42,22,2,,,
2026-09-01 12:50:22,deployment,currencyservice,314,116,2,,,
2026-09-01 12:50:22,deployment,emailservice,14,40,1,,,
2026-09-01 12:50:22,deployment,frontend,652,76,6,,,
2026-09-01 12:50:22,http_p95_latency,frontend,,,,,,225.6
2026-09-01 12:50:22,deployment,paymentservice,11,31,1,,,
2026-09-01 12:50:22,deployment,productcatalogservice,347,33,4,,,
2026-09-01 12:50:22,deployment,recommendationservice,244,85,2,,,
2026-09-01 12:50:22,deployment,redis-cart,18,44,1,,,
2026-09-01 12:50:22,deployment,shippingservice,32,9,1,,,
2026-09-01 12:50:22,autoscaler,customdas-cpu-queue-autoscaler-adservice,3,60,1,,,
2026-09-01 12:50:22,autoscaler,customdas-cpu-queue-autoscaler-cartservice,3,60,1,,,
2026-09-01 12:50:22,autoscaler,customdas-cpu-queue-autoscaler-checkoutservice,4,60,1,,,
2026-09-01 12:50:22,autoscaler,customdas-cpu-queue-autoscaler-currencyservice,4,60,1,,,
2026-09-01 12:50:22,autoscaler,customdas-cpu-queue-autoscaler-emailservice,4,60,1,,,
2026-09-01 12:50:22,autoscaler,customdas-cpu-queue-autoscaler-frontend,6,60,1,,,
2026-09-01 12:50:22,autoscaler,customdas-cpu-queue-autoscaler-paymentservice,3,60,1,,,
2026-09-01 12:50:22,autoscaler,customdas-cpu-queue-autoscaler-productcatalogservice,5,60,1,,,
2026-09-01 12:50:22,autoscaler,customdas-cpu-queue-autoscaler-recommendationservice,6,60,1,,,
2026-09-01 12:50:22,autoscaler,customdas-cpu-queue-autoscaler-shippingservice,3,60,1,,,
2026-09-01 12:50:22,node,ze-master-node,2633,3686,,65.8,46.4,
2026-09-01 12:50:22,node,ze-worker-node,2484,2094,,62.1,26.4,
2026-09-01 12:50:31,deployment,adservice,51,95,1,,,
2026-09-01 12:50:31,deployment,cartservice,184,76,2,,,
2026-09-01 12:50:31,deployment,checkoutservice,42,22,2,,,
2026-09-01 12:50:31,deployment,currencyservice,314,116,2,,,
2026-09-01 12:50:31,deployment,emailservice,14,40,1,,,
2026-09-01 12:50:31,deployment,frontend,652,76,7,,,
2026-09-01 12:50:31,http_p95_latency,frontend,,,,,,359.0
2026-09-01 12:50:31,deployment,paymentservice,11,31,1,,,
2026-09-01 12:50:31,deployment,productcatalogservice,347,33,4,,,
2026-09-01 12:50:31,deployment,recommendationservice,244,85,2,,,
2026-09-01 12:50:31,deployment,redis-cart,18,44,1,,,
2026-09-01 12:50:31,deployment,shippingservice,32,9,1,,,
2026-09-01 12:50:31,autoscaler,customdas-cpu-queue-autoscaler-adservice,3,60,1,,,
2026-09-01 12:50:31,autoscaler,customdas-cpu-queue-autoscaler-cartservice,4,60,1,,,
2026-09-01 12:50:31,autoscaler,customdas-cpu-queue-autoscaler-checkoutservice,4,60,1,,,
2026-09-01 12:50:31,autoscaler,customdas-cpu-queue-autoscaler-currencyservice,7,60,1,,,
2026-09-01 12:50:31,autoscaler,customdas-cpu-queue-autoscaler-emailservice,3,60,1,,,
2026-09-01 12:50:31,autoscaler,customdas-cpu-queue-autoscaler-frontend,13,60,1,,,
2026-09-01 12:50:31,autoscaler,customdas-cpu-queue-autoscaler-paymentservice,3,60,1,,,
2026-09-01 12:50:31,autoscaler,customdas-cpu-queue-autoscaler-productcatalogservice,6,60,1,,,
2026-09-01 12:50:31,autoscaler,customdas-cpu-queue-autoscaler-recommendationservice,6,60,1,,,
2026-09-01 12:50:31,autoscaler,customdas-cpu-queue-autoscaler-shippingservice,6,60,1,,,
2026-09-01 12:50:31,node,ze-master-node,2891,3686,,72.3,46.4,
2026-09-01 12:50:31,node,ze-worker-node,2541,2096,,63.5,26.4,
2026-09-01 12:50:41,deployment,adservice,57,95,1,,,
2026-09-01 12:50:41,deployment,cartservice,197,76,2,,,
2026-09-01 12:50:41,deployment,checkoutservice,39,22,2,,,
2026-09-01 12:50:41,deployment,currencyservice,326,115,2,,,
2026-09-01 12:50:41,deployment,emailservice,17,40,1,,,
2026-09-01 12:50:41,deployment,frontend,718,75,7,,,
2026-09-01 12:50:41,http_p95_latency,frontend,,,,,,359.0
2026-09-01 12:50:41,deployment,paymentservice,11,31,1,,,
2026-09-01 12:50:41,deployment,productcatalogservice,375,33,4,,,
2026-09-01 12:50:41,deployment,recommendationservice,274,82,2,,,
2026-09-01 12:50:41,deployment,redis-cart,18,44,1,,,
2026-09-01 12:50:41,deployment,shippingservice,33,9,1,,,
2026-09-01 12:50:41,autoscaler,customdas-cpu-queue-autoscaler-adservice,3,60,1,,,
2026-09-01 12:50:41,autoscaler,customdas-cpu-queue-autoscaler-cartservice,4,60,1,,,
2026-09-01 12:50:41,autoscaler,customdas-cpu-queue-autoscaler-checkoutservice,4,60,1,,,
2026-09-01 12:50:41,autoscaler,customdas-cpu-queue-autoscaler-currencyservice,7,60,1,,,
2026-09-01 12:50:41,autoscaler,customdas-cpu-queue-autoscaler-emailservice,3,60,1,,,
2026-09-01 12:50:41,autoscaler,customdas-cpu-queue-autoscaler-frontend,13,60,1,,,
2026-09-01 12:50:41,autoscaler,customdas-cpu-queue-autoscaler-paymentservice,3,60,1,,,
2026-09-01 12:50:41,autoscaler,customdas-cpu-queue-autoscaler-productcatalogservice,6,60,1,,,
2026-09-01 12:50:41,autoscaler,customdas-cpu-queue-autoscaler-recommendationservice,6,60,1,,,
2026-09-01 12:50:41,autoscaler,customdas-cpu-queue-autoscaler-shippingservice,6,60,1,,,
2026-09-01 12:50:41,node,ze-master-node,2891,3686,,72.3,46.4,
2026-09-01 12:50:41,node,ze-worker-node,2541,2096,,63.5,26.4,
2026-09-01 12:50:52,deployment,adservice,55,95,1,,,
2026-09-01 12:50:52,deployment,cartservice,218,76,2,,,
2026-09-01 12:50:52,deployment,checkoutservice,46,22,2,,,
2026-09-01 12:50:52,deployment,currencyservice,318,118,2,,,
2026-09-01 12:50:52,deployment,emailservice,20,40,1,,,
2026-09-01 12:50:52,deployment,frontend,731,83,8,,,
2026-09-01 12:50:52,http_p95_latency,frontend,,,,,,300.7
2026-09-01 12:50:52,deployment,paymentservice,12,30,1,,,
2026-09-01 12:50:52,deployment,productcatalogservice,378,33,4,,,
2026-09-01 12:50:52,deployment,recommendationservice,266,82,2,,,
2026-09-01 12:50:52,deployment,redis-cart,18,44,1,,,
2026-09-01 12:50:52,deployment,shippingservice,35,11,1,,,
2026-09-01 12:50:52,autoscaler,customdas-cpu-queue-autoscaler-adservice,3,60,1,,,
2026-09-01 12:50:52,autoscaler,customdas-cpu-queue-autoscaler-cartservice,7,60,1,,,
2026-09-01 12:50:52,autoscaler,customdas-cpu-queue-autoscaler-checkoutservice,7,60,1,,,
2026-09-01 12:50:52,autoscaler,customdas-cpu-queue-autoscaler-currencyservice,0,60,1,,,
2026-09-01 12:50:52,autoscaler,customdas-cpu-queue-autoscaler-emailservice,5,60,1,,,
2026-09-01 12:50:52,autoscaler,customdas-cpu-queue-autoscaler-frontend,9,60,1,,,
2026-09-01 12:50:52,autoscaler,customdas-cpu-queue-autoscaler-paymentservice,4,60,1,,,
2026-09-01 12:50:52,autoscaler,customdas-cpu-queue-autoscaler-productcatalogservice,3,60,1,,,
2026-09-01 12:50:52,autoscaler,customdas-cpu-queue-autoscaler-recommendationservice,3,60,1,,,
2026-09-01 12:50:52,autoscaler,customdas-cpu-queue-autoscaler-shippingservice,0,60,1,,,
2026-09-01 12:50:52,node,ze-master-node,3029,3749,,75.7,47.2,
2026-09-01 12:50:52,node,ze-worker-node,2576,2108,,64.4,26.5,
2026-09-01 12:51:01,deployment,adservice,55,95,1,,,
2026-09-01 12:51:01,deployment,cartservice,218,76,2,,,
2026-09-01 12:51:01,deployment,checkoutservice,46,22,2,,,
2026-09-01 12:51:01,deployment,currencyservice,318,118,2,,,
2026-09-01 12:51:01,deployment,emailservice,20,40,1,,,
2026-09-01 12:51:01,deployment,frontend,731,83,8,,,
2026-09-01 12:51:01,http_p95_latency,frontend,,,,,,374.6
2026-09-01 12:51:01,deployment,paymentservice,12,30,1,,,
2026-09-01 12:51:01,deployment,productcatalogservice,378,33,5,,,
2026-09-01 12:51:01,deployment,recommendationservice,266,82,3,,,
2026-09-01 12:51:01,deployment,redis-cart,18,44,1,,,
2026-09-01 12:51:01,deployment,shippingservice,35,11,1,,,
2026-09-01 12:51:01,autoscaler,customdas-cpu-queue-autoscaler-adservice,3,60,1,,,
2026-09-01 12:51:01,autoscaler,customdas-cpu-queue-autoscaler-cartservice,7,60,1,,,
2026-09-01 12:51:01,autoscaler,customdas-cpu-queue-autoscaler-checkoutservice,7,60,1,,,
2026-09-01 12:51:01,autoscaler,customdas-cpu-queue-autoscaler-currencyservice,6,60,1,,,
2026-09-01 12:51:01,autoscaler,customdas-cpu-queue-autoscaler-emailservice,3,60,1,,,
2026-09-01 12:51:01,autoscaler,customdas-cpu-queue-autoscaler-frontend,0,60,1,,,
2026-09-01 12:51:01,autoscaler,customdas-cpu-queue-autoscaler-paymentservice,3,60,1,,,
2026-09-01 12:51:01,autoscaler,customdas-cpu-queue-autoscaler-productcatalogservice,3,60,1,,,
2026-09-01 12:51:01,autoscaler,customdas-cpu-queue-autoscaler-recommendationservice,6,60,1,,,
2026-09-01 12:51:01,autoscaler,customdas-cpu-queue-autoscaler-shippingservice,5,60,1,,,
2026-09-01 12:51:01,node,ze-master-node,2777,3700,,69.4,46.6,
2026-09-01 12:51:01,node,ze-worker-node,2544,2106,,63.6,26.5,
2026-09-01 12:51:11,deployment,adservice,53,95,1,,,
2026-09-01 12:51:11,deployment,cartservice,193,76,2,,,
2026-09-01 12:51:11,deployment,checkoutservice,47,22,2,,,
2026-09-01 12:51:11,deployment,currencyservice,325,111,2,,,
2026-09-01 12:51:11,deployment,emailservice,17,40,1,,,
2026-09-01 12:51:11,deployment,frontend,724,93,8,,,
2026-09-01 12:51:11,http_p95_latency,frontend,,,,,,246.2
2026-09-01 12:51:11,deployment,paymentservice,11,31,1,,,
2026-09-01 12:51:11,deployment,productcatalogservice,375,32,5,,,
2026-09-01 12:51:11,deployment,recommendationservice,267,82,3,,,
2026-09-01 12:51:11,deployment,redis-cart,17,44,1,,,
2026-09-01 12:51:11,deployment,shippingservice,34,9,1,,,
2026-09-01 12:51:11,autoscaler,customdas-cpu-queue-autoscaler-adservice,3,60,1,,,
2026-09-01 12:51:11,autoscaler,customdas-cpu-queue-autoscaler-cartservice,4,60,1,,,
2026-09-01 12:51:11,autoscaler,customdas-cpu-queue-autoscaler-checkoutservice,3,60,1,,,
2026-09-01 12:51:11,autoscaler,customdas-cpu-queue-autoscaler-currencyservice,6,60,1,,,
2026-09-01 12:51:11,autoscaler,customdas-cpu-queue-autoscaler-emailservice,3,60,1,,,
2026-09-01 12:51:11,autoscaler,customdas-cpu-queue-autoscaler-frontend,0,60,1,,,
2026-09-01 12:51:11,autoscaler,customdas-cpu-queue-autoscaler-paymentservice,3,60,1,,,
2026-09-01 12:51:11,autoscaler,customdas-cpu-queue-autoscaler-productcatalogservice,3,60,1,,,
2026-09-01 12:51:11,autoscaler,customdas-cpu-queue-autoscaler-recommendationservice,6,60,1,,,
2026-09-01 12:51:11,autoscaler,customdas-cpu-queue-autoscaler-shippingservice,5,60,1,,,
2026-09-01 12:51:11,node,ze-master-node,2777,3700,,69.4,46.6,
2026-09-01 12:51:11,node,ze-worker-node,2544,2106,,63.6,26.5,
2026-09-01 12:51:22,deployment,adservice,57,95,1,,,
2026-09-01 12:51:22,deployment,cartservice,211,76,2,,,
2026-09-01 12:51:22,deployment,checkoutservice,52,22,2,,,
2026-09-01 12:51:22,deployment,currencyservice,331,111,2,,,
2026-09-01 12:51:22,deployment,emailservice,20,40,1,,,
2026-09-01 12:51:22,deployment,frontend,802,95,8,,,
2026-09-01 12:51:22,http_p95_latency,frontend,,,,,,246.2
2026-09-01 12:51:22,deployment,paymentservice,11,31,1,,,
2026-09-01 12:51:22,deployment,productcatalogservice,418,41,5,,,
2026-09-01 12:51:22,deployment,recommendationservice,313,121,3,,,
2026-09-01 12:51:22,deployment,redis-cart,19,44,1,,,
2026-09-01 12:51:22,deployment,shippingservice,36,9,1,,,
2026-09-01 12:51:22,autoscaler,customdas-cpu-queue-autoscaler-adservice,5,60,1,,,
2026-09-01 12:51:22,autoscaler,customdas-cpu-queue-autoscaler-cartservice,5,60,1,,,
2026-09-01 12:51:22,autoscaler,customdas-cpu-queue-autoscaler-checkoutservice,5,60,1,,,
2026-09-01 12:51:22,autoscaler,customdas-cpu-queue-autoscaler-currencyservice,6,60,1,,,
2026-09-01 12:51:22,autoscaler,customdas-cpu-queue-autoscaler-emailservice,6,60,1,,,
2026-09-01 12:51:22,autoscaler,customdas-cpu-queue-autoscaler-frontend,15,60,1,,,
2026-09-01 12:51:22,autoscaler,customdas-cpu-queue-autoscaler-paymentservice,2,60,1,,,
2026-09-01 12:51:22,autoscaler,customdas-cpu-queue-autoscaler-productcatalogservice,8,60,1,,,
2026-09-01 12:51:22,autoscaler,customdas-cpu-queue-autoscaler-recommendationservice,0,60,1,,,
2026-09-01 12:51:22,autoscaler,customdas-cpu-queue-autoscaler-shippingservice,3,60,1,,,
2026-09-01 12:51:22,node,ze-master-node,3115,3728,,77.9,46.9,
2026-09-01 12:51:22,node,ze-worker-node,2743,2115,,68.6,26.6,
2026-09-01 12:51:32,deployment,adservice,57,95,1,,,
2026-09-01 12:51:32,deployment,cartservice,211,76,2,,,
2026-09-01 12:51:32,deployment,checkoutservice,52,22,2,,,
2026-09-01 12:51:32,deployment,currencyservice,331,111,2,,,
2026-09-01 12:51:32,deployment,emailservice,20,40,1,,,
2026-09-01 12:51:32,deployment,frontend,802,95,9,,,
2026-09-01 12:51:32,http_p95_latency,frontend,,,,,,354.8
2026-09-01 12:51:32,deployment,paymentservice,11,31,1,,,
2026-09-01 12:51:32,deployment,productcatalogservice,418,41,5,,,
2026-09-01 12:51:32,deployment,recommendationservice,329,121,3,,,
2026-09-01 12:51:32,deployment,redis-cart,18,44,1,,,
2026-09-01 12:51:32,deployment,shippingservice,38,9,1,,,
2026-09-01 12:51:32,autoscaler,customdas-cpu-queue-autoscaler-adservice,2,60,1,,,
2026-09-01 12:51:32,autoscaler,customdas-cpu-queue-autoscaler-cartservice,6,60,1,,,
2026-09-01 12:51:32,autoscaler,customdas-cpu-queue-autoscaler-checkoutservice,5,60,1,,,
2026-09-01 12:51:32,autoscaler,customdas-cpu-queue-autoscaler-currencyservice,3,60,1,,,
2026-09-01 12:51:32,autoscaler,customdas-cpu-queue-autoscaler-emailservice,3,60,1,,,
2026-09-01 12:51:32,autoscaler,customdas-cpu-queue-autoscaler-frontend,13,60,1,,,
2026-09-01 12:51:32,autoscaler,customdas-cpu-queue-autoscaler-paymentservice,5,60,1,,,
2026-09-01 12:51:32,autoscaler,customdas-cpu-queue-autoscaler-productcatalogservice,12,60,1,,,
2026-09-01 12:51:32,autoscaler,customdas-cpu-queue-autoscaler-recommendationservice,6,60,1,,,
2026-09-01 12:51:32,autoscaler,customdas-cpu-queue-autoscaler-shippingservice,5,60,1,,,
2026-09-01 12:51:32,node,ze-master-node,3100,3741,,77.5,47.1,
2026-09-01 12:51:32,node,ze-worker-node,2704,2129,,67.6,26.8,
2026-09-01 12:51:42,deployment,adservice,62,95,1,,,
2026-09-01 12:51:42,deployment,cartservice,228,76,2,,,
2026-09-01 12:51:42,deployment,checkoutservice,45,22,2,,,
2026-09-01 12:51:42,deployment,currencyservice,357,128,2,,,
2026-09-01 12:51:42,deployment,emailservice,15,40,1,,,
2026-09-01 12:51:42,deployment,frontend,818,95,9,,,
2026-09-01 12:51:42,http_p95_latency,frontend,,,,,,367.5
2026-09-01 12:51:42,deployment,paymentservice,13,35,1,,,
2026-09-01 12:51:42,deployment,productcatalogservice,418,42,5,,,
2026-09-01 12:51:42,deployment,recommendationservice,329,121,3,,,
2026-09-01 12:51:42,deployment,redis-cart,18,44,1,,,
2026-09-01 12:51:42,deployment,shippingservice,38,9,1,,,
2026-09-01 12:51:42,autoscaler,customdas-cpu-queue-autoscaler-adservice,2,60,1,,,
2026-09-01 12:51:42,autoscaler,customdas-cpu-queue-autoscaler-cartservice,6,60,1,,,
2026-09-01 12:51:42,autoscaler,customdas-cpu-queue-autoscaler-checkoutservice,5,60,1,,,
2026-09-01 12:51:42,autoscaler,customdas-cpu-queue-autoscaler-currencyservice,3,60,1,,,
2026-09-01 12:51:42,autoscaler,customdas-cpu-queue-autoscaler-emailservice,3,60,1,,,
2026-09-01 12:51:42,autoscaler,customdas-cpu-queue-autoscaler-frontend,13,60,1,,,
2026-09-01 12:51:42,autoscaler,customdas-cpu-queue-autoscaler-paymentservice,5,60,1,,,
2026-09-01 12:51:42,autoscaler,customdas-cpu-queue-autoscaler-productcatalogservice,12,60,1,,,
2026-09-01 12:51:42,autoscaler,customdas-cpu-queue-autoscaler-recommendationservice,6,60,1,,,
2026-09-01 12:51:42,autoscaler,customdas-cpu-queue-autoscaler-shippingservice,5,60,1,,,
2026-09-01 12:51:42,node,ze-master-node,3100,3741,,77.5,47.1,
2026-09-01 12:51:42,node,ze-worker-node,2704,2129,,70.0,26.9,
2026-09-01 12:51:54,deployment,adservice,60,95,1,,,
2026-09-01 12:51:54,deployment,cartservice,205,76,2,,,
2026-09-01 12:51:54,deployment,checkoutservice,59,22,2,,,
2026-09-01 12:51:54,deployment,currencyservice,354,138,3,,,
2026-09-01 12:51:54,deployment,emailservice,21,40,1,,,
2026-09-01 12:51:54,deployment,frontend,839,104,10,,,
2026-09-01 12:51:54,http_p95_latency,frontend,,,,,,367.5
2026-09-01 12:51:54,deployment,paymentservice,14,31,1,,,
2026-09-01 12:51:54,deployment,productcatalogservice,431,41,5,,,
2026-09-01 12:51:54,deployment,recommendationservice,320,122,3,,,
2026-09-01 12:51:54,deployment,redis-cart,19,44,1,,,
2026-09-01 12:51:54,deployment,shippingservice,38,13,1,,,
2026-09-01 12:51:54,autoscaler,customdas-cpu-queue-autoscaler-adservice,3,60,1,,,
2026-09-01 12:51:54,autoscaler,customdas-cpu-queue-autoscaler-cartservice,5,60,1,,,
2026-09-01 12:51:54,autoscaler,customdas-cpu-queue-autoscaler-checkoutservice,3,60,1,,,
2026-09-01 12:51:54,autoscaler,customdas-cpu-queue-autoscaler-currencyservice,4,60,1,,,
2026-09-01 12:51:54,autoscaler,customdas-cpu-queue-autoscaler-emailservice,4,60,1,,,
2026-09-01 12:51:54,autoscaler,customdas-cpu-queue-autoscaler-frontend,0,60,1,,,
2026-09-01 12:51:54,autoscaler,customdas-cpu-queue-autoscaler-paymentservice,2,60,1,,,
2026-09-01 12:51:54,autoscaler,customdas-cpu-queue-autoscaler-productcatalogservice,5,60,1,,,
2026-09-01 12:51:54,autoscaler,customdas-cpu-queue-autoscaler-recommendationservice,6,60,1,,,
2026-09-01 12:51:54,autoscaler,customdas-cpu-queue-autoscaler-shippingservice,3,60,1,,,
2026-09-01 12:51:54,node,ze-master-node,3268,3742,,81.7,47.1,
2026-09-01 12:51:54,node,ze-worker-node,2798,2133,,70.0,26.9,
2026-09-01 12:52:02,deployment,adservice,60,95,1,,,
2026-09-01 12:52:02,deployment,cartservice,205,76,2,,,
2026-09-01 12:52:02,deployment,checkoutservice,59,22,2,,,
2026-09-01 12:52:02,deployment,currencyservice,354,138,3,,,
2026-09-01 12:52:02,deployment,emailservice,19,40,1,,,
2026-09-01 12:52:02,deployment,frontend,865,116,10,,,
2026-09-01 12:52:02,http_p95_latency,frontend,,,,,,461.2
2026-09-01 12:52:02,deployment,paymentservice,13,30,1,,,
2026-09-01 12:52:02,deployment,productcatalogservice,434,42,5,,,
2026-09-01 12:52:02,deployment,recommendationservice,316,122,3,,,
2026-09-01 12:52:02,deployment,redis-cart,18,44,1,,,
2026-09-01 12:52:02,deployment,shippingservice,34,9,1,,,
2026-09-01 12:52:02,autoscaler,customdas-cpu-queue-autoscaler-adservice,2,60,1,,,
2026-09-01 12:52:02,autoscaler,customdas-cpu-queue-autoscaler-cartservice,4,60,1,,,
2026-09-01 12:52:02,autoscaler,customdas-cpu-queue-autoscaler-checkoutservice,4,60,1,,,
2026-09-01 12:52:02,autoscaler,customdas-cpu-queue-autoscaler-currencyservice,7,60,1,,,
2026-09-01 12:52:02,autoscaler,customdas-cpu-queue-autoscaler-emailservice,5,60,1,,,
2026-09-01 12:52:02,autoscaler,customdas-cpu-queue-autoscaler-frontend,13,60,1,,,
2026-09-01 12:52:02,autoscaler,customdas-cpu-queue-autoscaler-paymentservice,4,60,1,,,
2026-09-01 12:52:02,autoscaler,customdas-cpu-queue-autoscaler-productcatalogservice,5,60,1,,,
2026-09-01 12:52:02,autoscaler,customdas-cpu-queue-autoscaler-recommendationservice,4,60,1,,,
2026-09-01 12:52:02,autoscaler,customdas-cpu-queue-autoscaler-shippingservice,3,60,1,,,
2026-09-01 12:52:02,node,ze-master-node,3341,3785,,83.5,47.7,
2026-09-01 12:52:02,node,ze-worker-node,2891,2150,,72.3,27.1,
2026-09-01 12:52:12,deployment,adservice,61,95,1,,,
2026-09-01 12:52:12,deployment,cartservice,215,76,2,,,
2026-09-01 12:52:12,deployment,checkoutservice,59,22,2,,,
2026-09-01 12:52:12,deployment,currencyservice,428,156,3,,,
2026-09-01 12:52:12,deployment,emailservice,19,40,1,,,
2026-09-01 12:52:12,deployment,frontend,865,116,10,,,
2026-09-01 12:52:12,http_p95_latency,frontend,,,,,,463.1
2026-09-01 12:52:12,deployment,paymentservice,13,30,1,,,
2026-09-01 12:52:12,deployment,productcatalogservice,434,42,5,,,
2026-09-01 12:52:12,deployment,recommendationservice,316,122,3,,,
2026-09-01 12:52:12,deployment,redis-cart,18,44,1,,,
2026-09-01 12:52:12,deployment,shippingservice,34,9,1,,,
2026-09-01 12:52:12,autoscaler,customdas-cpu-queue-autoscaler-adservice,2,60,1,,,
2026-09-01 12:52:12,autoscaler,customdas-cpu-queue-autoscaler-cartservice,4,60,1,,,
2026-09-01 12:52:12,autoscaler,customdas-cpu-queue-autoscaler-checkoutservice,4,60,1,,,
2026-09-01 12:52:12,autoscaler,customdas-cpu-queue-autoscaler-currencyservice,7,60,1,,,
2026-09-01 12:52:12,autoscaler,customdas-cpu-queue-autoscaler-emailservice,5,60,1,,,
2026-09-01 12:52:12,autoscaler,customdas-cpu-queue-autoscaler-frontend,13,60,1,,,
2026-09-01 12:52:12,autoscaler,customdas-cpu-queue-autoscaler-paymentservice,4,60,1,,,
2026-09-01 12:52:12,autoscaler,customdas-cpu-queue-autoscaler-productcatalogservice,5,60,1,,,
2026-09-01 12:52:12,autoscaler,customdas-cpu-queue-autoscaler-recommendationservice,4,60,1,,,
2026-09-01 12:52:12,autoscaler,customdas-cpu-queue-autoscaler-shippingservice,3,60,1,,,
2026-09-01 12:52:12,node,ze-master-node,3341,3785,,83.5,47.7,
2026-09-01 12:52:12,node,ze-worker-node,2891,2150,,72.3,27.1,
2026-09-01 12:52:22,deployment,adservice,60,95,1,,,
2026-09-01 12:52:22,deployment,cartservice,224,76,2,,,
2026-09-01 12:52:22,deployment,checkoutservice,41,22,2,,,
2026-09-01 12:52:22,deployment,currencyservice,471,160,3,,,
2026-09-01 12:52:22,deployment,emailservice,16,40,1,,,
2026-09-01 12:52:22,deployment,frontend,876,116,10,,,
2026-09-01 12:52:22,http_p95_latency,frontend,,,,,,463.1
2026-09-01 12:52:22,deployment,paymentservice,11,31,1,,,
2026-09-01 12:52:22,deployment,productcatalogservice,423,41,5,,,
2026-09-01 12:52:22,deployment,recommendationservice,305,122,3,,,
2026-09-01 12:52:22,deployment,redis-cart,54,44,1,,,
2026-09-01 12:52:22,deployment,shippingservice,38,9,1,,,
2026-09-01 12:52:22,autoscaler,customdas-cpu-queue-autoscaler-adservice,5,60,1,,,
2026-09-01 12:52:22,autoscaler,customdas-cpu-queue-autoscaler-cartservice,4,60,1,,,
2026-09-01 12:52:22,autoscaler,customdas-cpu-queue-autoscaler-checkoutservice,4,60,1,,,
2026-09-01 12:52:22,autoscaler,customdas-cpu-queue-autoscaler-currencyservice,7,60,1,,,
2026-09-01 12:52:22,autoscaler,customdas-cpu-queue-autoscaler-emailservice,4,60,1,,,
2026-09-01 12:52:22,autoscaler,customdas-cpu-queue-autoscaler-frontend,13,60,1,,,
2026-09-01 12:52:22,autoscaler,customdas-cpu-queue-autoscaler-paymentservice,0,60,1,,,
2026-09-01 12:52:22,autoscaler,customdas-cpu-queue-autoscaler-productcatalogservice,7,60,1,,,
2026-09-01 12:52:22,autoscaler,customdas-cpu-queue-autoscaler-recommendationservice,4,60,1,,,
2026-09-01 12:52:22,autoscaler,customdas-cpu-queue-autoscaler-shippingservice,4,60,1,,,
2026-09-01 12:52:22,node,ze-master-node,3134,3824,,78.3,48.2,
2026-09-01 12:52:22,node,ze-worker-node,2841,2155,,71.0,27.1,
2026-09-01 12:52:32,deployment,adservice,60,95,1,,,
2026-09-01 12:52:32,deployment,cartservice,224,76,2,,,
2026-09-01 12:52:32,deployment,checkoutservice,41,22,2,,,
2026-09-01 12:52:32,deployment,currencyservice,471,160,3,,,
2026-09-01 12:52:32,deployment,emailservice,16,40,1,,,
2026-09-01 12:52:32,deployment,frontend,876,116,10,,,
2026-09-01 12:52:32,http_p95_latency,frontend,,,,,,454.9
2026-09-01 12:52:32,deployment,paymentservice,11,31,1,,,
2026-09-01 12:52:32,deployment,productcatalogservice,423,41,5,,,
2026-09-01 12:52:32,deployment,recommendationservice,305,122,3,,,
2026-09-01 12:52:32,deployment,redis-cart,54,44,1,,,
2026-09-01 12:52:32,deployment,shippingservice,35,9,1,,,
2026-09-01 12:52:32,autoscaler,customdas-cpu-queue-autoscaler-adservice,3,60,1,,,
2026-09-01 12:52:32,autoscaler,customdas-cpu-queue-autoscaler-cartservice,5,60,1,,,
2026-09-01 12:52:32,autoscaler,customdas-cpu-queue-autoscaler-checkoutservice,7,60,1,,,
2026-09-01 12:52:32,autoscaler,customdas-cpu-queue-autoscaler-currencyservice,5,60,1,,,
2026-09-01 12:52:32,autoscaler,customdas-cpu-queue-autoscaler-emailservice,0,60,1,,,
2026-09-01 12:52:32,autoscaler,customdas-cpu-queue-autoscaler-frontend,12,60,1,,,
2026-09-01 12:52:32,autoscaler,customdas-cpu-queue-autoscaler-paymentservice,6,60,1,,,
2026-09-01 12:52:32,autoscaler,customdas-cpu-queue-autoscaler-productcatalogservice,7,60,1,,,
2026-09-01 12:52:32,autoscaler,customdas-cpu-queue-autoscaler-recommendationservice,5,60,1,,,
2026-09-01 12:52:32,autoscaler,customdas-cpu-queue-autoscaler-shippingservice,6,60,1,,,
2026-09-01 12:52:32,node,ze-master-node,3104,3845,,77.6,48.4,
2026-09-01 12:52:32,node,ze-worker-node,2728,2146,,68.2,27.0,
2026-09-01 12:52:41,deployment,adservice,55,95,1,,,
2026-09-01 12:52:41,deployment,cartservice,230,76,2,,,
2026-09-01 12:52:41,deployment,checkoutservice,51,22,2,,,
2026-09-01 12:52:41,deployment,currencyservice,428,160,3,,,
2026-09-01 12:52:41,deployment,emailservice,20,40,1,,,
2026-09-01 12:52:41,deployment,frontend,805,116,10,,,
2026-09-01 12:52:41,http_p95_latency,frontend,,,,,,334.9
2026-09-01 12:52:41,deployment,paymentservice,12,30,1,,,
2026-09-01 12:52:41,deployment,productcatalogservice,406,42,5,,,
2026-09-01 12:52:41,deployment,recommendationservice,303,122,3,,,
2026-09-01 12:52:41,deployment,redis-cart,54,44,1,,,
2026-09-01 12:52:41,deployment,shippingservice,35,9,1,,,
2026-09-01 12:52:41,autoscaler,customdas-cpu-queue-autoscaler-adservice,3,60,1,,,
2026-09-01 12:52:41,autoscaler,customdas-cpu-queue-autoscaler-cartservice,5,60,1,,,
2026-09-01 12:52:41,autoscaler,customdas-cpu-queue-autoscaler-checkoutservice,7,60,1,,,
2026-09-01 12:52:41,autoscaler,customdas-cpu-queue-autoscaler-currencyservice,5,60,1,,,
2026-09-01 12:52:41,autoscaler,customdas-cpu-queue-autoscaler-emailservice,0,60,1,,,
2026-09-01 12:52:41,autoscaler,customdas-cpu-queue-autoscaler-frontend,12,60,1,,,
2026-09-01 12:52:41,autoscaler,customdas-cpu-queue-autoscaler-paymentservice,6,60,1,,,
2026-09-01 12:52:41,autoscaler,customdas-cpu-queue-autoscaler-productcatalogservice,7,60,1,,,
2026-09-01 12:52:41,autoscaler,customdas-cpu-queue-autoscaler-recommendationservice,5,60,1,,,
2026-09-01 12:52:41,autoscaler,customdas-cpu-queue-autoscaler-shippingservice,6,60,1,,,
2026-09-01 12:52:41,node,ze-master-node,3104,3845,,77.6,48.4,
2026-09-01 12:52:41,node,ze-worker-node,2728,2146,,68.2,27.0,
2026-09-01 12:52:52,deployment,adservice,63,95,1,,,
2026-09-01 12:52:52,deployment,cartservice,253,76,2,,,
2026-09-01 12:52:52,deployment,checkoutservice,53,22,2,,,
2026-09-01 12:52:52,deployment,currencyservice,440,163,3,,,
2026-09-01 12:52:52,deployment,emailservice,17,40,1,,,
2026-09-01 12:52:52,deployment,frontend,871,116,10,,,
2026-09-01 12:52:52,http_p95_latency,frontend,,,,,,334.9
2026-09-01 12:52:52,deployment,paymentservice,13,31,1,,,
2026-09-01 12:52:52,deployment,productcatalogservice,431,42,5,,,
2026-09-01 12:52:52,deployment,recommendationservice,316,122,3,,,
2026-09-01 12:52:52,deployment,redis-cart,19,44,1,,,
2026-09-01 12:52:52,deployment,shippingservice,35,9,1,,,
2026-09-01 12:52:52,autoscaler,customdas-cpu-queue-autoscaler-adservice,1,60,1,,,
2026-09-01 12:52:52,autoscaler,customdas-cpu-queue-autoscaler-cartservice,4,60,1,,,
2026-09-01 12:52:52,autoscaler,customdas-cpu-queue-autoscaler-checkoutservice,7,60,1,,,
2026-09-01 12:52:52,autoscaler,customdas-cpu-queue-autoscaler-currencyservice,4,60,1,,,
2026-09-01 12:52:52,autoscaler,customdas-cpu-queue-autoscaler-emailservice,3,60,1,,,
2026-09-01 12:52:52,autoscaler,customdas-cpu-queue-autoscaler-frontend,7,60,1,,,
2026-09-01 12:52:52,autoscaler,customdas-cpu-queue-autoscaler-paymentservice,0,60,1,,,
2026-09-01 12:52:52,autoscaler,customdas-cpu-queue-autoscaler-productcatalogservice,7,60,1,,,
2026-09-01 12:52:52,autoscaler,customdas-cpu-queue-autoscaler-recommendationservice,9,60,1,,,
2026-09-01 12:52:52,autoscaler,customdas-cpu-queue-autoscaler-shippingservice,3,60,1,,,
2026-09-01 12:52:52,node,ze-master-node,3273,3808,,81.8,48.0,
2026-09-01 12:52:52,node,ze-worker-node,2886,2139,,72.2,26.9,
2026-09-01 12:53:02,deployment,adservice,63,95,1,,,
2026-09-01 12:53:02,deployment,cartservice,253,76,2,,,
2026-09-01 12:53:02,deployment,checkoutservice,53,22,2,,,
2026-09-01 12:53:02,deployment,currencyservice,409,168,3,,,
2026-09-01 12:53:02,deployment,emailservice,17,40,1,,,
2026-09-01 12:53:02,deployment,frontend,833,117,10,,,
2026-09-01 12:53:02,http_p95_latency,frontend,,,,,,314.9
2026-09-01 12:53:02,deployment,paymentservice,12,31,1,,,
2026-09-01 12:53:02,deployment,productcatalogservice,425,42,5,,,
2026-09-01 12:53:02,deployment,recommendationservice,316,122,3,,,
2026-09-01 12:53:02,deployment,redis-cart,19,44,1,,,
2026-09-01 12:53:02,deployment,shippingservice,38,9,1,,,
2026-09-01 12:53:02,autoscaler,customdas-cpu-queue-autoscaler-adservice,1,60,1,,,
2026-09-01 12:53:02,autoscaler,customdas-cpu-queue-autoscaler-cartservice,4,60,1,,,
2026-09-01 12:53:02,autoscaler,customdas-cpu-queue-autoscaler-checkoutservice,4,60,1,,,
2026-09-01 12:53:02,autoscaler,customdas-cpu-queue-autoscaler-currencyservice,3,60,1,,,
2026-09-01 12:53:02,autoscaler,customdas-cpu-queue-autoscaler-emailservice,4,60,1,,,
2026-09-01 12:53:02,autoscaler,customdas-cpu-queue-autoscaler-frontend,9,60,1,,,
2026-09-01 12:53:02,autoscaler,customdas-cpu-queue-autoscaler-paymentservice,4,60,1,,,
2026-09-01 12:53:02,autoscaler,customdas-cpu-queue-autoscaler-productcatalogservice,6,60,1,,,
2026-09-01 12:53:02,autoscaler,customdas-cpu-queue-autoscaler-recommendationservice,9,60,1,,,
2026-09-01 12:53:02,autoscaler,customdas-cpu-queue-autoscaler-shippingservice,3,60,1,,,
2026-09-01 12:53:02,node,ze-master-node,3260,3828,,81.5,48.2,
2026-09-01 12:53:02,node,ze-worker-node,2706,2143,,67.7,27.0,
2026-09-01 12:53:15,deployment,adservice,63,95,1,,,
2026-09-01 12:53:15,deployment,cartservice,229,76,2,,,
2026-09-01 12:53:15,deployment,checkoutservice,55,22,2,,,
2026-09-01 12:53:15,deployment,currencyservice,409,168,3,,,
2026-09-01 12:53:15,deployment,emailservice,17,40,1,,,
2026-09-01 12:53:15,deployment,frontend,833,117,10,,,
2026-09-01 12:53:15,http_p95_latency,frontend,,,,,,341.6
2026-09-01 12:53:15,deployment,paymentservice,12,31,1,,,
2026-09-01 12:53:15,deployment,productcatalogservice,425,42,5,,,
2026-09-01 12:53:15,deployment,recommendationservice,316,122,3,,,
2026-09-01 12:53:15,deployment,redis-cart,19,44,1,,,
2026-09-01 12:53:15,deployment,shippingservice,38,9,1,,,
2026-09-01 12:53:15,autoscaler,customdas-cpu-queue-autoscaler-adservice,1,60,1,,,
2026-09-01 12:53:15,autoscaler,customdas-cpu-queue-autoscaler-cartservice,4,60,1,,,
2026-09-01 12:53:15,autoscaler,customdas-cpu-queue-autoscaler-checkoutservice,4,60,1,,,
2026-09-01 12:53:15,autoscaler,customdas-cpu-queue-autoscaler-currencyservice,3,60,1,,,
2026-09-01 12:53:15,autoscaler,customdas-cpu-queue-autoscaler-emailservice,4,60,1,,,
2026-09-01 12:53:15,autoscaler,customdas-cpu-queue-autoscaler-frontend,9,60,1,,,
2026-09-01 12:53:15,autoscaler,customdas-cpu-queue-autoscaler-paymentservice,4,60,1,,,
2026-09-01 12:53:15,autoscaler,customdas-cpu-queue-autoscaler-productcatalogservice,6,60,1,,,
2026-09-01 12:53:15,autoscaler,customdas-cpu-queue-autoscaler-recommendationservice,9,60,1,,,
2026-09-01 12:53:15,autoscaler,customdas-cpu-queue-autoscaler-shippingservice,3,60,1,,,
2026-09-01 12:53:15,node,ze-master-node,3260,3828,,81.5,48.2,
2026-09-01 12:53:15,node,ze-worker-node,2706,2143,,67.7,27.0,
2026-09-01 12:53:24,deployment,adservice,56,95,1,,,
2026-09-01 12:53:24,deployment,cartservice,236,76,2,,,
2026-09-01 12:53:24,deployment,checkoutservice,57,22,2,,,
2026-09-01 12:53:24,deployment,currencyservice,412,173,3,,,
2026-09-01 12:53:24,deployment,emailservice,21,40,1,,,
2026-09-01 12:53:24,deployment,frontend,831,118,11,,,
2026-09-01 12:53:24,http_p95_latency,frontend,,,,,,341.6
2026-09-01 12:53:24,deployment,paymentservice,14,31,1,,,
2026-09-01 12:53:24,deployment,productcatalogservice,419,42,5,,,
2026-09-01 12:53:24,deployment,recommendationservice,316,123,3,,,
2026-09-01 12:53:24,deployment,redis-cart,18,44,1,,,
2026-09-01 12:53:24,deployment,shippingservice,38,9,1,,,
2026-09-01 12:53:24,autoscaler,customdas-cpu-queue-autoscaler-adservice,4,60,1,,,
2026-09-01 12:53:24,autoscaler,customdas-cpu-queue-autoscaler-cartservice,0,60,1,,,
2026-09-01 12:53:24,autoscaler,customdas-cpu-queue-autoscaler-checkoutservice,4,60,1,,,
2026-09-01 12:53:24,autoscaler,customdas-cpu-queue-autoscaler-currencyservice,3,60,1,,,
2026-09-01 12:53:24,autoscaler,customdas-cpu-queue-autoscaler-emailservice,5,60,1,,,
2026-09-01 12:53:24,autoscaler,customdas-cpu-queue-autoscaler-frontend,12,60,1,,,
2026-09-01 12:53:24,autoscaler,customdas-cpu-queue-autoscaler-paymentservice,6,60,1,,,
2026-09-01 12:53:24,autoscaler,customdas-cpu-queue-autoscaler-productcatalogservice,9,60,1,,,
2026-09-01 12:53:24,autoscaler,customdas-cpu-queue-autoscaler-recommendationservice,3,60,1,,,
2026-09-01 12:53:24,autoscaler,customdas-cpu-queue-autoscaler-shippingservice,4,60,1,,,
2026-09-01 12:53:24,node,ze-master-node,3344,3821,,83.6,48.1,
2026-09-01 12:53:24,node,ze-worker-node,2723,2140,,68.1,26.9,
2026-09-01 12:53:34,deployment,adservice,56,95,1,,,
2026-09-01 12:53:34,deployment,cartservice,234,76,2,,,
2026-09-01 12:53:34,deployment,checkoutservice,50,23,2,,,
2026-09-01 12:53:34,deployment,currencyservice,399,182,3,,,
2026-09-01 12:53:34,deployment,emailservice,19,40,1,,,
2026-09-01 12:53:34,deployment,frontend,842,127,11,,,
2026-09-01 12:53:34,http_p95_latency,frontend,,,,,,337.1
2026-09-01 12:53:34,deployment,paymentservice,13,32,1,,,
2026-09-01 12:53:34,deployment,productcatalogservice,427,41,5,,,
2026-09-01 12:53:34,deployment,recommendationservice,306,122,3,,,
2026-09-01 12:53:34,deployment,redis-cart,18,44,1,,,
2026-09-01 12:53:34,deployment,shippingservice,38,9,1,,,
2026-09-01 12:53:34,autoscaler,customdas-cpu-queue-autoscaler-adservice,3,60,1,,,
2026-09-01 12:53:34,autoscaler,customdas-cpu-queue-autoscaler-cartservice,5,60,1,,,
2026-09-01 12:53:34,autoscaler,customdas-cpu-queue-autoscaler-checkoutservice,3,60,1,,,
2026-09-01 12:53:34,autoscaler,customdas-cpu-queue-autoscaler-currencyservice,8,60,1,,,
2026-09-01 12:53:34,autoscaler,customdas-cpu-queue-autoscaler-emailservice,4,60,1,,,
2026-09-01 12:53:34,autoscaler,customdas-cpu-queue-autoscaler-frontend,10,60,1,,,
2026-09-01 12:53:34,autoscaler,customdas-cpu-queue-autoscaler-paymentservice,0,60,1,,,
2026-09-01 12:53:34,autoscaler,customdas-cpu-queue-autoscaler-productcatalogservice,5,60,1,,,
2026-09-01 12:53:34,autoscaler,customdas-cpu-queue-autoscaler-recommendationservice,5,60,1,,,
2026-09-01 12:53:34,autoscaler,customdas-cpu-queue-autoscaler-shippingservice,4,60,1,,,
2026-09-01 12:53:34,node,ze-master-node,3272,3848,,81.8,48.5,
2026-09-01 12:53:34,node,ze-worker-node,2705,2163,,67.6,27.2,
2026-09-01 12:53:43,deployment,adservice,56,95,1,,,
2026-09-01 12:53:43,deployment,cartservice,234,76,2,,,
2026-09-01 12:53:43,deployment,checkoutservice,50,23,2,,,
2026-09-01 12:53:43,deployment,currencyservice,399,182,3,,,
2026-09-01 12:53:43,deployment,emailservice,19,40,1,,,
2026-09-01 12:53:43,deployment,frontend,842,127,11,,,
2026-09-01 12:53:43,http_p95_latency,frontend,,,,,,292.4
2026-09-01 12:53:43,deployment,paymentservice,13,32,1,,,
2026-09-01 12:53:43,deployment,productcatalogservice,427,41,5,,,
2026-09-01 12:53:43,deployment,recommendationservice,306,122,3,,,
2026-09-01 12:53:43,deployment,redis-cart,18,44,1,,,
2026-09-01 12:53:43,deployment,shippingservice,38,9,1,,,
2026-09-01 12:53:43,autoscaler,customdas-cpu-queue-autoscaler-adservice,3,60,1,,,
2026-09-01 12:53:43,autoscaler,customdas-cpu-queue-autoscaler-cartservice,5,60,1,,,
2026-09-01 12:53:43,autoscaler,customdas-cpu-queue-autoscaler-checkoutservice,3,60,1,,,
2026-09-01 12:53:43,autoscaler,customdas-cpu-queue-autoscaler-currencyservice,8,60,1,,,
2026-09-01 12:53:43,autoscaler,customdas-cpu-queue-autoscaler-emailservice,4,60,1,,,
2026-09-01 12:53:43,autoscaler,customdas-cpu-queue-autoscaler-frontend,10,60,1,,,
2026-09-01 12:53:43,autoscaler,customdas-cpu-queue-autoscaler-paymentservice,0,60,1,,,
2026-09-01 12:53:43,autoscaler,customdas-cpu-queue-autoscaler-productcatalogservice,5,60,1,,,
2026-09-01 12:53:43,autoscaler,customdas-cpu-queue-autoscaler-recommendationservice,5,60,1,,,
2026-09-01 12:53:43,autoscaler,customdas-cpu-queue-autoscaler-shippingservice,4,60,1,,,
2026-09-01 12:53:43,node,ze-master-node,3272,3848,,81.8,48.5,
2026-09-01 12:53:43,node,ze-worker-node,2705,2163,,67.6,27.2,
2026-09-01 12:53:54,deployment,adservice,58,95,1,,,
2026-09-01 12:53:54,deployment,cartservice,222,76,2,,,
2026-09-01 12:53:54,deployment,checkoutservice,59,22,2,,,
2026-09-01 12:53:54,deployment,currencyservice,401,158,3,,,
2026-09-01 12:53:54,deployment,emailservice,20,40,1,,,
2026-09-01 12:53:54,deployment,frontend,856,128,11,,,
2026-09-01 12:53:54,http_p95_latency,frontend,,,,,,292.4
2026-09-01 12:53:54,deployment,paymentservice,14,31,1,,,
2026-09-01 12:53:54,deployment,productcatalogservice,415,42,5,,,
2026-09-01 12:53:54,deployment,recommendationservice,311,122,3,,,
2026-09-01 12:53:54,deployment,redis-cart,18,44,1,,,
2026-09-01 12:53:54,deployment,shippingservice,37,9,1,,,
2026-09-01 12:53:54,autoscaler,customdas-cpu-queue-autoscaler-adservice,4,60,1,,,
2026-09-01 12:53:54,autoscaler,customdas-cpu-queue-autoscaler-cartservice,5,60,1,,,
2026-09-01 12:53:54,autoscaler,customdas-cpu-queue-autoscaler-checkoutservice,3,60,1,,,
2026-09-01 12:53:54,autoscaler,customdas-cpu-queue-autoscaler-currencyservice,4,60,1,,,
2026-09-01 12:53:54,autoscaler,customdas-cpu-queue-autoscaler-emailservice,4,60,1,,,
2026-09-01 12:53:54,autoscaler,customdas-cpu-queue-autoscaler-frontend,8,60,1,,,
2026-09-01 12:53:54,autoscaler,customdas-cpu-queue-autoscaler-paymentservice,4,60,1,,,
2026-09-01 12:53:54,autoscaler,customdas-cpu-queue-autoscaler-productcatalogservice,7,60,1,,,
2026-09-01 12:53:54,autoscaler,customdas-cpu-queue-autoscaler-recommendationservice,5,60,1,,,
2026-09-01 12:53:54,autoscaler,customdas-cpu-queue-autoscaler-shippingservice,3,60,1,,,
2026-09-01 12:53:54,node,ze-master-node,3225,3816,,80.6,48.1,
2026-09-01 12:53:54,node,ze-worker-node,2757,2164,,68.9,27.3,
2026-09-01 12:54:04,deployment,adservice,57,95,1,,,
2026-09-01 12:54:04,deployment,cartservice,227,76,2,,,
2026-09-01 12:54:04,deployment,checkoutservice,48,22,2,,,
2026-09-01 12:54:04,deployment,currencyservice,398,158,3,,,
2026-09-01 12:54:04,deployment,emailservice,20,40,1,,,
2026-09-01 12:54:04,deployment,frontend,823,127,11,,,
2026-09-01 12:54:04,http_p95_latency,frontend,,,,,,248.2
2026-09-01 12:54:04,deployment,paymentservice,10,31,1,,,
2026-09-01 12:54:04,deployment,productcatalogservice,405,42,5,,,
2026-09-01 12:54:04,deployment,recommendationservice,298,122,3,,,
2026-09-01 12:54:04,deployment,redis-cart,18,44,1,,,
2026-09-01 12:54:04,deployment,shippingservice,38,9,1,,,
2026-09-01 12:54:04,autoscaler,customdas-cpu-queue-autoscaler-adservice,5,60,1,,,
2026-09-01 12:54:04,autoscaler,customdas-cpu-queue-autoscaler-cartservice,6,60,1,,,
2026-09-01 12:54:04,autoscaler,customdas-cpu-queue-autoscaler-checkoutservice,4,60,1,,,
2026-09-01 12:54:04,autoscaler,customdas-cpu-queue-autoscaler-currencyservice,5,60,1,,,
2026-09-01 12:54:04,autoscaler,customdas-cpu-queue-autoscaler-emailservice,0,60,1,,,
2026-09-01 12:54:04,autoscaler,customdas-cpu-queue-autoscaler-frontend,15,60,1,,,
2026-09-01 12:54:04,autoscaler,customdas-cpu-queue-autoscaler-paymentservice,3,60,1,,,
2026-09-01 12:54:04,autoscaler,customdas-cpu-queue-autoscaler-productcatalogservice,8,60,1,,,
2026-09-01 12:54:04,autoscaler,customdas-cpu-queue-autoscaler-recommendationservice,8,60,1,,,
2026-09-01 12:54:04,autoscaler,customdas-cpu-queue-autoscaler-shippingservice,4,60,1,,,
2026-09-01 12:54:04,node,ze-master-node,2976,3830,,74.4,48.2,
2026-09-01 12:54:04,node,ze-worker-node,2757,2159,,68.9,27.2,
2026-09-01 12:54:13,deployment,adservice,57,95,1,,,
2026-09-01 12:54:13,deployment,cartservice,227,76,2,,,
2026-09-01 12:54:13,deployment,checkoutservice,48,22,2,,,
2026-09-01 12:54:13,deployment,currencyservice,398,158,3,,,
2026-09-01 12:54:13,deployment,emailservice,20,40,1,,,
2026-09-01 12:54:13,deployment,frontend,823,127,11,,,
2026-09-01 12:54:13,http_p95_latency,frontend,,,,,,261.8
2026-09-01 12:54:13,deployment,paymentservice,10,31,1,,,
2026-09-01 12:54:13,deployment,productcatalogservice,405,42,5,,,
2026-09-01 12:54:13,deployment,recommendationservice,298,122,3,,,
2026-09-01 12:54:13,deployment,redis-cart,18,44,1,,,
2026-09-01 12:54:13,deployment,shippingservice,38,9,1,,,
2026-09-01 12:54:13,autoscaler,customdas-cpu-queue-autoscaler-adservice,5,60,1,,,
2026-09-01 12:54:13,autoscaler,customdas-cpu-queue-autoscaler-cartservice,6,60,1,,,
2026-09-01 12:54:13,autoscaler,customdas-cpu-queue-autoscaler-checkoutservice,4,60,1,,,
2026-09-01 12:54:13,autoscaler,customdas-cpu-queue-autoscaler-currencyservice,5,60,1,,,
2026-09-01 12:54:13,autoscaler,customdas-cpu-queue-autoscaler-emailservice,0,60,1,,,
2026-09-01 12:54:13,autoscaler,customdas-cpu-queue-autoscaler-frontend,15,60,1,,,
2026-09-01 12:54:13,autoscaler,customdas-cpu-queue-autoscaler-paymentservice,3,60,1,,,
2026-09-01 12:54:13,autoscaler,customdas-cpu-queue-autoscaler-productcatalogservice,8,60,1,,,
2026-09-01 12:54:13,autoscaler,customdas-cpu-queue-autoscaler-recommendationservice,8,60,1,,,
2026-09-01 12:54:13,autoscaler,customdas-cpu-queue-autoscaler-shippingservice,4,60,1,,,
2026-09-01 12:54:13,node,ze-master-node,2976,3830,,74.4,48.2,
2026-09-01 12:54:13,node,ze-worker-node,2757,2159,,68.9,27.2,
2026-09-01 12:54:23,deployment,adservice,57,95,1,,,
2026-09-01 12:54:23,deployment,cartservice,226,76,2,,,
2026-09-01 12:54:23,deployment,checkoutservice,45,22,2,,,
2026-09-01 12:54:23,deployment,currencyservice,386,162,3,,,
2026-09-01 12:54:23,deployment,emailservice,16,43,1,,,
2026-09-01 12:54:23,deployment,frontend,801,129,11,,,
2026-09-01 12:54:23,http_p95_latency,frontend,,,,,,261.8
2026-09-01 12:54:23,deployment,paymentservice,10,31,1,,,
2026-09-01 12:54:23,deployment,productcatalogservice,404,40,5,,,
2026-09-01 12:54:23,deployment,recommendationservice,295,122,3,,,
2026-09-01 12:54:23,deployment,redis-cart,19,44,1,,,
2026-09-01 12:54:23,deployment,shippingservice,34,9,1,,,
2026-09-01 12:54:23,autoscaler,customdas-cpu-queue-autoscaler-adservice,3,60,1,,,
2026-09-01 12:54:23,autoscaler,customdas-cpu-queue-autoscaler-cartservice,2,60,1,,,
2026-09-01 12:54:23,autoscaler,customdas-cpu-queue-autoscaler-checkoutservice,3,60,1,,,
2026-09-01 12:54:23,autoscaler,customdas-cpu-queue-autoscaler-currencyservice,6,60,1,,,
2026-09-01 12:54:23,autoscaler,customdas-cpu-queue-autoscaler-emailservice,4,60,1,,,
2026-09-01 12:54:23,autoscaler,customdas-cpu-queue-autoscaler-frontend,15,60,1,,,
2026-09-01 12:54:23,autoscaler,customdas-cpu-queue-autoscaler-paymentservice,3,60,1,,,
2026-09-01 12:54:23,autoscaler,customdas-cpu-queue-autoscaler-productcatalogservice,5,60,1,,,
2026-09-01 12:54:23,autoscaler,customdas-cpu-queue-autoscaler-recommendationservice,4,60,1,,,
2026-09-01 12:54:23,autoscaler,customdas-cpu-queue-autoscaler-shippingservice,4,60,1,,,
2026-09-01 12:54:23,node,ze-master-node,2947,3843,,73.7,48.4,
2026-09-01 12:54:23,node,ze-worker-node,2782,2158,,69.5,27.2,
2026-09-01 12:54:31,deployment,adservice,57,95,1,,,
2026-09-01 12:54:31,deployment,cartservice,226,76,2,,,
2026-09-01 12:54:31,deployment,checkoutservice,45,22,2,,,
2026-09-01 12:54:31,deployment,currencyservice,386,162,3,,,
2026-09-01 12:54:31,deployment,emailservice,16,43,1,,,
2026-09-01 12:54:31,deployment,frontend,801,129,11,,,
2026-09-01 12:54:31,http_p95_latency,frontend,,,,,,274.2
2026-09-01 12:54:31,deployment,paymentservice,10,31,1,,,
2026-09-01 12:54:31,deployment,productcatalogservice,404,40,5,,,
2026-09-01 12:54:31,deployment,recommendationservice,295,122,3,,,
2026-09-01 12:54:31,deployment,redis-cart,19,44,1,,,
2026-09-01 12:54:31,deployment,shippingservice,34,9,1,,,
2026-09-01 12:54:31,autoscaler,customdas-cpu-queue-autoscaler-adservice,3,60,1,,,
2026-09-01 12:54:31,autoscaler,customdas-cpu-queue-autoscaler-cartservice,2,60,1,,,
2026-09-01 12:54:31,autoscaler,customdas-cpu-queue-autoscaler-checkoutservice,3,60,1,,,
2026-09-01 12:54:31,autoscaler,customdas-cpu-queue-autoscaler-currencyservice,6,60,1,,,
2026-09-01 12:54:31,autoscaler,customdas-cpu-queue-autoscaler-emailservice,4,60,1,,,
2026-09-01 12:54:31,autoscaler,customdas-cpu-queue-autoscaler-frontend,15,60,1,,,
2026-09-01 12:54:31,autoscaler,customdas-cpu-queue-autoscaler-paymentservice,3,60,1,,,
2026-09-01 12:54:31,autoscaler,customdas-cpu-queue-autoscaler-productcatalogservice,5,60,1,,,
2026-09-01 12:54:31,autoscaler,customdas-cpu-queue-autoscaler-recommendationservice,4,60,1,,,
2026-09-01 12:54:31,autoscaler,customdas-cpu-queue-autoscaler-shippingservice,4,60,1,,,
2026-09-01 12:54:31,node,ze-master-node,2947,3843,,73.7,48.4,
2026-09-01 12:54:31,node,ze-worker-node,2782,2158,,69.5,27.2,
2026-09-01 12:54:38,deployment,adservice,55,95,1,,,
2026-09-01 12:54:38,deployment,cartservice,204,76,2,,,
2026-09-01 12:54:38,deployment,checkoutservice,44,26,2,,,
2026-09-01 12:54:38,deployment,currencyservice,376,168,3,,,
2026-09-01 12:54:38,deployment,emailservice,17,40,1,,,
2026-09-01 12:54:38,deployment,frontend,760,128,11,,,
2026-09-01 12:54:38,http_p95_latency,frontend,,,,,,274.2
2026-09-01 12:54:38,deployment,paymentservice,11,31,1,,,
2026-09-01 12:54:38,deployment,productcatalogservice,390,40,5,,,
2026-09-01 12:54:38,deployment,recommendationservice,274,123,3,,,
2026-09-01 12:54:38,deployment,redis-cart,22,46,1,,,
2026-09-01 12:54:38,deployment,shippingservice,31,9,1,,,
2026-09-01 12:54:38,autoscaler,customdas-cpu-queue-autoscaler-adservice,3,60,1,,,
2026-09-01 12:54:38,autoscaler,customdas-cpu-queue-autoscaler-cartservice,6,60,1,,,
2026-09-01 12:54:38,autoscaler,customdas-cpu-queue-autoscaler-checkoutservice,3,60,1,,,
2026-09-01 12:54:38,autoscaler,customdas-cpu-queue-autoscaler-currencyservice,7,60,1,,,
2026-09-01 12:54:38,autoscaler,customdas-cpu-queue-autoscaler-emailservice,5,60,1,,,
2026-09-01 12:54:38,autoscaler,customdas-cpu-queue-autoscaler-frontend,9,60,1,,,
2026-09-01 12:54:38,autoscaler,customdas-cpu-queue-autoscaler-paymentservice,2,60,1,,,
2026-09-01 12:54:38,autoscaler,customdas-cpu-queue-autoscaler-productcatalogservice,5,60,1,,,
2026-09-01 12:54:38,autoscaler,customdas-cpu-queue-autoscaler-recommendationservice,6,60,1,,,
2026-09-01 12:54:38,autoscaler,customdas-cpu-queue-autoscaler-shippingservice,5,60,1,,,
2026-09-01 12:54:38,node,ze-master-node,2838,3862,,71.0,48.6,
2026-09-01 12:54:38,node,ze-worker-node,2742,2156,,68.5,27.2,
2026-09-01 12:54:46,deployment,adservice,55,95,1,,,
2026-09-01 12:54:46,deployment,cartservice,204,76,2,,,
2026-09-01 12:54:46,deployment,checkoutservice,44,26,2,,,
2026-09-01 12:54:46,deployment,currencyservice,376,168,3,,,
2026-09-01 12:54:46,deployment,emailservice,17,40,1,,,
2026-09-01 12:54:46,deployment,frontend,760,128,11,,,
2026-09-01 12:54:46,http_p95_latency,frontend,,,,,,245.6
2026-09-01 12:54:46,deployment,paymentservice,11,31,1,,,
2026-09-01 12:54:46,deployment,productcatalogservice,390,40,5,,,
2026-09-01 12:54:46,deployment,recommendationservice,274,123,3,,,
2026-09-01 12:54:46,deployment,redis-cart,22,46,1,,,
2026-09-01 12:54:46,deployment,shippingservice,31,9,1,,,
2026-09-01 12:54:46,autoscaler,customdas-cpu-queue-autoscaler-adservice,3,60,1,,,
2026-09-01 12:54:46,autoscaler,customdas-cpu-queue-autoscaler-cartservice,6,60,1,,,
2026-09-01 12:54:46,autoscaler,customdas-cpu-queue-autoscaler-checkoutservice,3,60,1,,,
2026-09-01 12:54:46,autoscaler,customdas-cpu-queue-autoscaler-currencyservice,7,60,1,,,
2026-09-01 12:54:46,autoscaler,customdas-cpu-queue-autoscaler-emailservice,5,60,1,,,
2026-09-01 12:54:46,autoscaler,customdas-cpu-queue-autoscaler-frontend,9,60,1,,,
2026-09-01 12:54:46,autoscaler,customdas-cpu-queue-autoscaler-paymentservice,2,60,1,,,
2026-09-01 12:54:46,autoscaler,customdas-cpu-queue-autoscaler-productcatalogservice,5,60,1,,,
2026-09-01 12:54:46,autoscaler,customdas-cpu-queue-autoscaler-recommendationservice,6,60,1,,,
2026-09-01 12:54:46,autoscaler,customdas-cpu-queue-autoscaler-shippingservice,5,60,1,,,
2026-09-01 12:54:46,node,ze-master-node,2838,3862,,71.0,48.6,
2026-09-01 12:54:46,node,ze-worker-node,2742,2156,,68.5,27.2,
2026-09-01 12:54:54,deployment,adservice,51,95,1,,,
2026-09-01 12:54:54,deployment,cartservice,184,76,2,,,
2026-09-01 12:54:54,deployment,checkoutservice,52,22,2,,,
2026-09-01 12:54:54,deployment,currencyservice,355,169,3,,,
2026-09-01 12:54:54,deployment,emailservice,16,40,1,,,
2026-09-01 12:54:54,deployment,frontend,711,128,11,,,
2026-09-01 12:54:54,http_p95_latency,frontend,,,,,,245.6
2026-09-01 12:54:54,deployment,paymentservice,9,31,1,,,
2026-09-01 12:54:54,deployment,productcatalogservice,367,41,5,,,
2026-09-01 12:54:54,deployment,recommendationservice,256,122,3,,,
2026-09-01 12:54:54,deployment,redis-cart,48,44,1,,,
2026-09-01 12:54:54,deployment,shippingservice,30,9,1,,,
2026-09-01 12:54:54,autoscaler,customdas-cpu-queue-autoscaler-adservice,4,60,1,,,
2026-09-01 12:54:54,autoscaler,customdas-cpu-queue-autoscaler-cartservice,6,60,1,,,
2026-09-01 12:54:54,autoscaler,customdas-cpu-queue-autoscaler-checkoutservice,4,60,1,,,
2026-09-01 12:54:54,autoscaler,customdas-cpu-queue-autoscaler-currencyservice,5,60,1,,,
2026-09-01 12:54:54,autoscaler,customdas-cpu-queue-autoscaler-emailservice,3,60,1,,,
2026-09-01 12:54:54,autoscaler,customdas-cpu-queue-autoscaler-frontend,11,60,1,,,
2026-09-01 12:54:54,autoscaler,customdas-cpu-queue-autoscaler-paymentservice,2,60,1,,,
2026-09-01 12:54:54,autoscaler,customdas-cpu-queue-autoscaler-productcatalogservice,6,60,1,,,
2026-09-01 12:54:54,autoscaler,customdas-cpu-queue-autoscaler-recommendationservice,4,60,1,,,
2026-09-01 12:54:54,autoscaler,customdas-cpu-queue-autoscaler-shippingservice,2,60,1,,,
2026-09-01 12:54:54,node,ze-master-node,2754,3870,,68.8,48.7,
2026-09-01 12:54:54,node,ze-worker-node,2557,2153,,63.9,27.1,
2026-09-01 12:55:02,deployment,adservice,51,95,1,,,
2026-09-01 12:55:02,deployment,cartservice,184,76,2,,,
2026-09-01 12:55:02,deployment,checkoutservice,52,22,2,,,
2026-09-01 12:55:02,deployment,currencyservice,355,169,3,,,
2026-09-01 12:55:02,deployment,emailservice,16,40,1,,,
2026-09-01 12:55:02,deployment,frontend,711,128,11,,,
2026-09-01 12:55:02,http_p95_latency,frontend,,,,,,242.6
2026-09-01 12:55:02,deployment,paymentservice,9,31,1,,,
2026-09-01 12:55:02,deployment,productcatalogservice,367,41,5,,,
2026-09-01 12:55:02,deployment,recommendationservice,266,122,3,,,
2026-09-01 12:55:02,deployment,redis-cart,18,44,1,,,
2026-09-01 12:55:02,deployment,shippingservice,33,9,1,,,
2026-09-01 12:55:02,autoscaler,customdas-cpu-queue-autoscaler-adservice,4,60,1,,,
2026-09-01 12:55:02,autoscaler,customdas-cpu-queue-autoscaler-cartservice,6,60,1,,,
2026-09-01 12:55:02,autoscaler,customdas-cpu-queue-autoscaler-checkoutservice,6,60,1,,,
2026-09-01 12:55:02,autoscaler,customdas-cpu-queue-autoscaler-currencyservice,4,60,1,,,
2026-09-01 12:55:02,autoscaler,customdas-cpu-queue-autoscaler-emailservice,4,60,1,,,
2026-09-01 12:55:02,autoscaler,customdas-cpu-queue-autoscaler-frontend,23,60,1,,,
2026-09-01 12:55:02,autoscaler,customdas-cpu-queue-autoscaler-paymentservice,2,60,1,,,
2026-09-01 12:55:02,autoscaler,customdas-cpu-queue-autoscaler-productcatalogservice,4,60,1,,,
2026-09-01 12:55:02,autoscaler,customdas-cpu-queue-autoscaler-recommendationservice,7,60,1,,,
2026-09-01 12:55:02,autoscaler,customdas-cpu-queue-autoscaler-shippingservice,5,60,1,,,
2026-09-01 12:55:02,node,ze-master-node,2726,3893,,68.2,49.0,
2026-09-01 12:55:02,node,ze-worker-node,2642,2157,,66.0,27.2,
2026-09-01 12:55:12,deployment,adservice,51,95,1,,,
2026-09-01 12:55:12,deployment,cartservice,183,76,2,,,
2026-09-01 12:55:12,deployment,checkoutservice,45,23,2,,,
2026-09-01 12:55:12,deployment,currencyservice,342,175,3,,,
2026-09-01 12:55:12,deployment,emailservice,19,40,1,,,
2026-09-01 12:55:12,deployment,frontend,715,129,11,,,
2026-09-01 12:55:12,http_p95_latency,frontend,,,,,,235.5
2026-09-01 12:55:12,deployment,paymentservice,11,31,1,,,
2026-09-01 12:55:12,deployment,productcatalogservice,373,42,5,,,
2026-09-01 12:55:12,deployment,recommendationservice,266,122,3,,,
2026-09-01 12:55:12,deployment,redis-cart,18,44,1,,,
2026-09-01 12:55:12,deployment,shippingservice,33,9,1,,,
2026-09-01 12:55:12,autoscaler,customdas-cpu-queue-autoscaler-adservice,4,60,1,,,
2026-09-01 12:55:12,autoscaler,customdas-cpu-queue-autoscaler-cartservice,6,60,1,,,
2026-09-01 12:55:12,autoscaler,customdas-cpu-queue-autoscaler-checkoutservice,6,60,1,,,
2026-09-01 12:55:12,autoscaler,customdas-cpu-queue-autoscaler-currencyservice,4,60,1,,,
2026-09-01 12:55:12,autoscaler,customdas-cpu-queue-autoscaler-emailservice,4,60,1,,,
2026-09-01 12:55:12,autoscaler,customdas-cpu-queue-autoscaler-frontend,23,60,1,,,
2026-09-01 12:55:12,autoscaler,customdas-cpu-queue-autoscaler-paymentservice,2,60,1,,,
2026-09-01 12:55:12,autoscaler,customdas-cpu-queue-autoscaler-productcatalogservice,4,60,1,,,
2026-09-01 12:55:12,autoscaler,customdas-cpu-queue-autoscaler-recommendationservice,7,60,1,,,
2026-09-01 12:55:12,autoscaler,customdas-cpu-queue-autoscaler-shippingservice,5,60,1,,,
2026-09-01 12:55:12,node,ze-master-node,2726,3893,,68.2,49.0,
2026-09-01 12:55:12,node,ze-worker-node,2642,2157,,66.0,27.2,
2026-09-01 12:55:22,deployment,adservice,54,95,1,,,
2026-09-01 12:55:22,deployment,cartservice,198,76,2,,,
2026-09-01 12:55:22,deployment,checkoutservice,46,23,2,,,
2026-09-01 12:55:22,deployment,currencyservice,375,171,3,,,
2026-09-01 12:55:22,deployment,emailservice,15,40,1,,,
2026-09-01 12:55:22,deployment,frontend,743,131,11,,,
2026-09-01 12:55:22,http_p95_latency,frontend,,,,,,235.5
2026-09-01 12:55:22,deployment,paymentservice,11,31,1,,,
2026-09-01 12:55:22,deployment,productcatalogservice,372,41,5,,,
2026-09-01 12:55:22,deployment,recommendationservice,275,122,3,,,
2026-09-01 12:55:22,deployment,redis-cart,18,44,1,,,
2026-09-01 12:55:22,deployment,shippingservice,30,9,1,,,
2026-09-01 12:55:22,autoscaler,customdas-cpu-queue-autoscaler-adservice,2,60,1,,,
2026-09-01 12:55:22,autoscaler,customdas-cpu-queue-autoscaler-cartservice,4,60,1,,,
2026-09-01 12:55:22,autoscaler,customdas-cpu-queue-autoscaler-checkoutservice,4,60,1,,,
2026-09-01 12:55:22,autoscaler,customdas-cpu-queue-autoscaler-currencyservice,6,60,1,,,
2026-09-01 12:55:22,autoscaler,customdas-cpu-queue-autoscaler-emailservice,3,60,1,,,
2026-09-01 12:55:22,autoscaler,customdas-cpu-queue-autoscaler-frontend,0,60,1,,,
2026-09-01 12:55:22,autoscaler,customdas-cpu-queue-autoscaler-paymentservice,2,60,1,,,
2026-09-01 12:55:22,autoscaler,customdas-cpu-queue-autoscaler-productcatalogservice,4,60,1,,,
2026-09-01 12:55:22,autoscaler,customdas-cpu-queue-autoscaler-recommendationservice,5,60,1,,,
2026-09-01 12:55:22,autoscaler,customdas-cpu-queue-autoscaler-shippingservice,3,60,1,,,
2026-09-01 12:55:22,node,ze-master-node,2900,3885,,72.5,48.9,
2026-09-01 12:55:22,node,ze-worker-node,2613,2155,,65.3,27.1,
2026-09-01 12:55:32,deployment,adservice,54,95,1,,,
2026-09-01 12:55:32,deployment,cartservice,198,76,2,,,
2026-09-01 12:55:32,deployment,checkoutservice,46,23,2,,,
2026-09-01 12:55:32,deployment,currencyservice,375,171,3,,,
2026-09-01 12:55:32,deployment,emailservice,15,40,1,,,
2026-09-01 12:55:32,deployment,frontend,743,131,11,,,
2026-09-01 12:55:32,http_p95_latency,frontend,,,,,,230.7
2026-09-01 12:55:32,deployment,paymentservice,11,31,1,,,
2026-09-01 12:55:32,deployment,productcatalogservice,372,41,5,,,
2026-09-01 12:55:32,deployment,recommendationservice,275,122,3,,,
2026-09-01 12:55:32,deployment,redis-cart,18,44,1,,,
2026-09-01 12:55:32,deployment,shippingservice,30,9,1,,,
2026-09-01 12:55:32,autoscaler,customdas-cpu-queue-autoscaler-adservice,2,60,1,,,
2026-09-01 12:55:32,autoscaler,customdas-cpu-queue-autoscaler-cartservice,4,60,1,,,
2026-09-01 12:55:32,autoscaler,customdas-cpu-queue-autoscaler-checkoutservice,4,60,1,,,
2026-09-01 12:55:32,autoscaler,customdas-cpu-queue-autoscaler-currencyservice,6,60,1,,,
2026-09-01 12:55:32,autoscaler,customdas-cpu-queue-autoscaler-emailservice,3,60,1,,,
2026-09-01 12:55:32,autoscaler,customdas-cpu-queue-autoscaler-frontend,21,60,1,,,
2026-09-01 12:55:32,autoscaler,customdas-cpu-queue-autoscaler-paymentservice,6,60,1,,,
2026-09-01 12:55:32,autoscaler,customdas-cpu-queue-autoscaler-productcatalogservice,5,60,1,,,
2026-09-01 12:55:32,autoscaler,customdas-cpu-queue-autoscaler-recommendationservice,6,60,1,,,
2026-09-01 12:55:32,autoscaler,customdas-cpu-queue-autoscaler-shippingservice,3,60,1,,,
2026-09-01 12:55:32,node,ze-master-node,2805,3891,,70.1,49.0,
2026-09-01 12:55:32,node,ze-worker-node,2393,2151,,59.8,27.1,
2026-09-01 12:55:41,deployment,adservice,53,95,1,,,
2026-09-01 12:55:41,deployment,cartservice,202,76,2,,,
2026-09-01 12:55:41,deployment,checkoutservice,41,23,2,,,
2026-09-01 12:55:41,deployment,currencyservice,341,172,3,,,
2026-09-01 12:55:41,deployment,emailservice,18,40,1,,,
2026-09-01 12:55:41,deployment,frontend,709,130,11,,,
2026-09-01 12:55:41,http_p95_latency,frontend,,,,,,227.7
2026-09-01 12:55:41,deployment,paymentservice,10,31,1,,,
2026-09-01 12:55:41,deployment,productcatalogservice,354,41,5,,,
2026-09-01 12:55:41,deployment,recommendationservice,253,122,3,,,
2026-09-01 12:55:41,deployment,redis-cart,17,44,1,,,
2026-09-01 12:55:41,deployment,shippingservice,32,9,1,,,
2026-09-01 12:55:41,autoscaler,customdas-cpu-queue-autoscaler-adservice,2,60,1,,,
2026-09-01 12:55:41,autoscaler,customdas-cpu-queue-autoscaler-cartservice,5,60,1,,,
2026-09-01 12:55:41,autoscaler,customdas-cpu-queue-autoscaler-checkoutservice,5,60,1,,,
2026-09-01 12:55:41,autoscaler,customdas-cpu-queue-autoscaler-currencyservice,6,60,1,,,
2026-09-01 12:55:41,autoscaler,customdas-cpu-queue-autoscaler-emailservice,7,60,1,,,
2026-09-01 12:55:41,autoscaler,customdas-cpu-queue-autoscaler-frontend,21,60,1,,,
2026-09-01 12:55:41,autoscaler,customdas-cpu-queue-autoscaler-paymentservice,6,60,1,,,
2026-09-01 12:55:41,autoscaler,customdas-cpu-queue-autoscaler-productcatalogservice,5,60,1,,,
2026-09-01 12:55:41,autoscaler,customdas-cpu-queue-autoscaler-recommendationservice,6,60,1,,,
2026-09-01 12:55:41,autoscaler,customdas-cpu-queue-autoscaler-shippingservice,3,60,1,,,
2026-09-01 12:55:41,node,ze-master-node,2805,3891,,70.1,49.0,
2026-09-01 12:55:41,node,ze-worker-node,2393,2151,,59.8,27.1,
2026-09-01 12:55:50,deployment,adservice,50,95,1,,,
2026-09-01 12:55:50,deployment,cartservice,184,76,2,,,
2026-09-01 12:55:50,deployment,checkoutservice,44,23,2,,,
2026-09-01 12:55:50,deployment,currencyservice,348,172,3,,,
2026-09-01 12:55:50,deployment,emailservice,18,40,1,,,
2026-09-01 12:55:50,deployment,frontend,688,131,11,,,
2026-09-01 12:55:50,http_p95_latency,frontend,,,,,,239.2
2026-09-01 12:55:50,deployment,paymentservice,10,31,1,,,
2026-09-01 12:55:50,deployment,productcatalogservice,355,41,5,,,
2026-09-01 12:55:50,deployment,recommendationservice,255,122,3,,,
2026-09-01 12:55:50,deployment,redis-cart,17,44,1,,,
2026-09-01 12:55:50,deployment,shippingservice,31,9,1,,,
2026-09-01 12:55:50,autoscaler,customdas-cpu-queue-autoscaler-adservice,3,60,1,,,
2026-09-01 12:55:50,autoscaler,customdas-cpu-queue-autoscaler-cartservice,5,60,1,,,
2026-09-01 12:55:50,autoscaler,customdas-cpu-queue-autoscaler-checkoutservice,4,60,1,,,
2026-09-01 12:55:50,autoscaler,customdas-cpu-queue-autoscaler-currencyservice,4,60,1,,,
2026-09-01 12:55:50,autoscaler,customdas-cpu-queue-autoscaler-emailservice,0,60,1,,,
2026-09-01 12:55:50,autoscaler,customdas-cpu-queue-autoscaler-frontend,14,60,1,,,
2026-09-01 12:55:50,autoscaler,customdas-cpu-queue-autoscaler-paymentservice,2,60,1,,,
2026-09-01 12:55:50,autoscaler,customdas-cpu-queue-autoscaler-productcatalogservice,7,60,1,,,
2026-09-01 12:55:50,autoscaler,customdas-cpu-queue-autoscaler-recommendationservice,5,60,1,,,
2026-09-01 12:55:50,autoscaler,customdas-cpu-queue-autoscaler-shippingservice,4,60,1,,,
2026-09-01 12:55:50,node,ze-master-node,2704,3884,,67.6,48.9,
2026-09-01 12:55:50,node,ze-worker-node,2436,2156,,60.9,27.2,
2026-09-01 12:56:00,deployment,adservice,50,95,1,,,
2026-09-01 12:56:00,deployment,cartservice,184,76,2,,,
2026-09-01 12:56:00,deployment,checkoutservice,44,23,2,,,
2026-09-01 12:56:00,deployment,currencyservice,348,172,3,,,
2026-09-01 12:56:00,deployment,emailservice,18,40,1,,,
2026-09-01 12:56:00,deployment,frontend,688,131,11,,,
2026-09-01 12:56:00,http_p95_latency,frontend,,,,,,249.1
2026-09-01 12:56:00,deployment,paymentservice,10,31,1,,,
2026-09-01 12:56:00,deployment,productcatalogservice,355,41,5,,,
2026-09-01 12:56:00,deployment,recommendationservice,255,122,3,,,
2026-09-01 12:56:00,deployment,redis-cart,17,44,1,,,
2026-09-01 12:56:00,deployment,shippingservice,31,9,1,,,
2026-09-01 12:56:00,autoscaler,customdas-cpu-queue-autoscaler-adservice,3,60,1,,,
2026-09-01 12:56:00,autoscaler,customdas-cpu-queue-autoscaler-cartservice,5,60,1,,,
2026-09-01 12:56:00,autoscaler,customdas-cpu-queue-autoscaler-checkoutservice,4,60,1,,,
2026-09-01 12:56:00,autoscaler,customdas-cpu-queue-autoscaler-currencyservice,4,60,1,,,
2026-09-01 12:56:00,autoscaler,customdas-cpu-queue-autoscaler-emailservice,0,60,1,,,
2026-09-01 12:56:00,autoscaler,customdas-cpu-queue-autoscaler-frontend,14,60,1,,,
2026-09-01 12:56:00,autoscaler,customdas-cpu-queue-autoscaler-paymentservice,2,60,1,,,
2026-09-01 12:56:00,autoscaler,customdas-cpu-queue-autoscaler-productcatalogservice,7,60,1,,,
2026-09-01 12:56:00,autoscaler,customdas-cpu-queue-autoscaler-recommendationservice,5,60,1,,,
2026-09-01 12:56:00,autoscaler,customdas-cpu-queue-autoscaler-shippingservice,4,60,1,,,
2026-09-01 12:56:00,node,ze-master-node,2704,3884,,67.6,48.9,
2026-09-01 12:56:00,node,ze-worker-node,2436,2156,,60.9,27.2,
2026-09-01 12:56:08,deployment,adservice,46,95,1,,,
2026-09-01 12:56:08,deployment,cartservice,165,76,2,,,
2026-09-01 12:56:08,deployment,checkoutservice,43,23,2,,,
2026-09-01 12:56:08,deployment,currencyservice,331,171,3,,,
2026-09-01 12:56:08,deployment,emailservice,20,40,1,,,
2026-09-01 12:56:08,deployment,frontend,666,131,11,,,
2026-09-01 12:56:08,http_p95_latency,frontend,,,,,,249.1
2026-09-01 12:56:08,deployment,paymentservice,12,31,1,,,
2026-09-01 12:56:08,deployment,productcatalogservice,348,41,5,,,
2026-09-01 12:56:08,deployment,recommendationservice,242,123,3,,,
2026-09-01 12:56:08,deployment,redis-cart,16,44,1,,,
2026-09-01 12:56:08,deployment,shippingservice,30,9,1,,,
2026-09-01 12:56:08,autoscaler,customdas-cpu-queue-autoscaler-adservice,5,60,1,,,
2026-09-01 12:56:08,autoscaler,customdas-cpu-queue-autoscaler-cartservice,4,60,1,,,
2026-09-01 12:56:08,autoscaler,customdas-cpu-queue-autoscaler-checkoutservice,4,60,1,,,
2026-09-01 12:56:08,autoscaler,customdas-cpu-queue-autoscaler-currencyservice,5,60,1,,,
2026-09-01 12:56:08,autoscaler,customdas-cpu-queue-autoscaler-emailservice,5,60,1,,,
2026-09-01 12:56:08,autoscaler,customdas-cpu-queue-autoscaler-frontend,0,60,1,,,
2026-09-01 12:56:08,autoscaler,customdas-cpu-queue-autoscaler-paymentservice,2,60,1,,,
2026-09-01 12:56:08,autoscaler,customdas-cpu-queue-autoscaler-productcatalogservice,5,60,1,,,
2026-09-01 12:56:08,autoscaler,customdas-cpu-queue-autoscaler-recommendationservice,5,60,1,,,
2026-09-01 12:56:08,autoscaler,customdas-cpu-queue-autoscaler-shippingservice,4,60,1,,,
2026-09-01 12:56:08,node,ze-master-node,2746,3907,,68.7,49.2,
2026-09-01 12:56:08,node,ze-worker-node,2390,2150,,59.8,27.1,
2026-09-01 12:56:17,deployment,adservice,46,95,1,,,
2026-09-01 12:56:17,deployment,cartservice,165,76,2,,,
2026-09-01 12:56:17,deployment,checkoutservice,43,23,2,,,
2026-09-01 12:56:17,deployment,currencyservice,331,171,3,,,
2026-09-01 12:56:17,deployment,emailservice,20,40,1,,,
2026-09-01 12:56:17,deployment,frontend,666,131,11,,,
2026-09-01 12:56:17,http_p95_latency,frontend,,,,,,300.4
2026-09-01 12:56:17,deployment,paymentservice,12,31,1,,,
2026-09-01 12:56:17,deployment,productcatalogservice,348,41,5,,,
2026-09-01 12:56:17,deployment,recommendationservice,242,123,3,,,
2026-09-01 12:56:17,deployment,redis-cart,16,44,1,,,
2026-09-01 12:56:17,deployment,shippingservice,30,9,1,,,
2026-09-01 12:56:17,autoscaler,customdas-cpu-queue-autoscaler-adservice,5,60,1,,,
2026-09-01 12:56:17,autoscaler,customdas-cpu-queue-autoscaler-cartservice,4,60,1,,,
2026-09-01 12:56:17,autoscaler,customdas-cpu-queue-autoscaler-checkoutservice,4,60,1,,,
2026-09-01 12:56:17,autoscaler,customdas-cpu-queue-autoscaler-currencyservice,5,60,1,,,
2026-09-01 12:56:17,autoscaler,customdas-cpu-queue-autoscaler-emailservice,5,60,1,,,
2026-09-01 12:56:17,autoscaler,customdas-cpu-queue-autoscaler-frontend,0,60,1,,,
2026-09-01 12:56:17,autoscaler,customdas-cpu-queue-autoscaler-paymentservice,2,60,1,,,
2026-09-01 12:56:17,autoscaler,customdas-cpu-queue-autoscaler-productcatalogservice,5,60,1,,,
2026-09-01 12:56:17,autoscaler,customdas-cpu-queue-autoscaler-recommendationservice,5,60,1,,,
2026-09-01 12:56:17,autoscaler,customdas-cpu-queue-autoscaler-shippingservice,4,60,1,,,
2026-09-01 12:56:17,node,ze-master-node,2746,3907,,68.7,49.2,
2026-09-01 12:56:17,node,ze-worker-node,2390,2150,,60.0,27.2,
2026-09-01 12:56:24,deployment,adservice,47,95,1,,,
2026-09-01 12:56:24,deployment,cartservice,200,76,2,,,
2026-09-01 12:56:24,deployment,checkoutservice,45,22,2,,,
2026-09-01 12:56:24,deployment,currencyservice,325,173,3,,,
2026-09-01 12:56:24,deployment,emailservice,16,43,1,,,
2026-09-01 12:56:24,deployment,frontend,670,130,11,,,
2026-09-01 12:56:24,http_p95_latency,frontend,,,,,,300.4
2026-09-01 12:56:24,deployment,paymentservice,10,31,1,,,
2026-09-01 12:56:24,deployment,productcatalogservice,347,42,5,,,
2026-09-01 12:56:24,deployment,recommendationservice,248,122,3,,,
2026-09-01 12:56:24,deployment,redis-cart,17,44,1,,,
2026-09-01 12:56:24,deployment,shippingservice,31,9,1,,,
2026-09-01 12:56:24,autoscaler,customdas-cpu-queue-autoscaler-adservice,2,60,1,,,
2026-09-01 12:56:24,autoscaler,customdas-cpu-queue-autoscaler-cartservice,8,60,1,,,
2026-09-01 12:56:24,autoscaler,customdas-cpu-queue-autoscaler-checkoutservice,0,60,1,,,
2026-09-01 12:56:24,autoscaler,customdas-cpu-queue-autoscaler-currencyservice,6,60,1,,,
2026-09-01 12:56:24,autoscaler,customdas-cpu-queue-autoscaler-emailservice,5,60,1,,,
2026-09-01 12:56:24,autoscaler,customdas-cpu-queue-autoscaler-frontend,17,60,1,,,
2026-09-01 12:56:24,autoscaler,customdas-cpu-queue-autoscaler-paymentservice,3,60,1,,,
2026-09-01 12:56:24,autoscaler,customdas-cpu-queue-autoscaler-productcatalogservice,4,60,1,,,
2026-09-01 12:56:24,autoscaler,customdas-cpu-queue-autoscaler-recommendationservice,4,60,1,,,
2026-09-01 12:56:24,autoscaler,customdas-cpu-queue-autoscaler-shippingservice,7,60,1,,,
2026-09-01 12:56:24,node,ze-master-node,2835,3909,,70.9,49.2,
2026-09-01 12:56:24,node,ze-worker-node,2400,2158,,60.0,27.2,
2026-09-01 12:56:31,deployment,adservice,47,95,1,,,
2026-09-01 12:56:31,deployment,cartservice,200,76,2,,,
2026-09-01 12:56:31,deployment,checkoutservice,45,22,2,,,
2026-09-01 12:56:31,deployment,currencyservice,325,173,3,,,
2026-09-01 12:56:31,deployment,emailservice,16,43,1,,,
2026-09-01 12:56:31,deployment,frontend,670,130,11,,,
2026-09-01 12:56:31,http_p95_latency,frontend,,,,,,240.3
2026-09-01 12:56:31,deployment,paymentservice,10,31,1,,,
2026-09-01 12:56:31,deployment,productcatalogservice,347,42,5,,,
2026-09-01 12:56:31,deployment,recommendationservice,248,122,3,,,
2026-09-01 12:56:31,deployment,redis-cart,17,44,1,,,
2026-09-01 12:56:31,deployment,shippingservice,31,9,1,,,
2026-09-01 12:56:31,autoscaler,customdas-cpu-queue-autoscaler-adservice,2,60,1,,,
2026-09-01 12:56:31,autoscaler,customdas-cpu-queue-autoscaler-cartservice,8,60,1,,,
2026-09-01 12:56:31,autoscaler,customdas-cpu-queue-autoscaler-checkoutservice,0,60,1,,,
2026-09-01 12:56:31,autoscaler,customdas-cpu-queue-autoscaler-currencyservice,6,60,1,,,
2026-09-01 12:56:31,autoscaler,customdas-cpu-queue-autoscaler-emailservice,5,60,1,,,
2026-09-01 12:56:31,autoscaler,customdas-cpu-queue-autoscaler-frontend,17,60,1,,,
2026-09-01 12:56:31,autoscaler,customdas-cpu-queue-autoscaler-paymentservice,3,60,1,,,
2026-09-01 12:56:31,autoscaler,customdas-cpu-queue-autoscaler-productcatalogservice,4,60,1,,,
2026-09-01 12:56:31,autoscaler,customdas-cpu-queue-autoscaler-recommendationservice,4,60,1,,,
2026-09-01 12:56:31,autoscaler,customdas-cpu-queue-autoscaler-shippingservice,4,60,1,,,
2026-09-01 12:56:31,node,ze-master-node,2476,3883,,61.9,48.9,
2026-09-01 12:56:31,node,ze-worker-node,2257,2159,,56.4,27.2,
2026-09-01 12:56:39,deployment,adservice,41,95,1,,,
2026-09-01 12:56:39,deployment,cartservice,182,76,2,,,
2026-09-01 12:56:39,deployment,checkoutservice,42,23,2,,,
2026-09-01 12:56:39,deployment,currencyservice,309,169,3,,,
2026-09-01 12:56:39,deployment,emailservice,16,40,1,,,
2026-09-01 12:56:39,deployment,frontend,576,131,11,,,
2026-09-01 12:56:39,http_p95_latency,frontend,,,,,,240.3
2026-09-01 12:56:39,deployment,paymentservice,10,31,1,,,
2026-09-01 12:56:39,deployment,productcatalogservice,297,40,5,,,
2026-09-01 12:56:39,deployment,recommendationservice,217,122,3,,,
2026-09-01 12:56:39,deployment,redis-cart,15,44,1,,,
2026-09-01 12:56:39,deployment,shippingservice,28,9,1,,,
2026-09-01 12:56:39,autoscaler,customdas-cpu-queue-autoscaler-adservice,3,60,1,,,
2026-09-01 12:56:39,autoscaler,customdas-cpu-queue-autoscaler-cartservice,4,60,1,,,
2026-09-01 12:56:39,autoscaler,customdas-cpu-queue-autoscaler-checkoutservice,7,60,1,,,
2026-09-01 12:56:39,autoscaler,customdas-cpu-queue-autoscaler-currencyservice,6,60,1,,,
2026-09-01 12:56:39,autoscaler,customdas-cpu-queue-autoscaler-emailservice,6,60,1,,,
2026-09-01 12:56:39,autoscaler,customdas-cpu-queue-autoscaler-frontend,12,60,1,,,
2026-09-01 12:56:39,autoscaler,customdas-cpu-queue-autoscaler-paymentservice,3,60,1,,,
2026-09-01 12:56:39,autoscaler,customdas-cpu-queue-autoscaler-productcatalogservice,9,60,1,,,
2026-09-01 12:56:39,autoscaler,customdas-cpu-queue-autoscaler-recommendationservice,5,60,1,,,
2026-09-01 12:56:39,autoscaler,customdas-cpu-queue-autoscaler-shippingservice,4,60,1,,,
2026-09-01 12:56:39,node,ze-master-node,2476,3883,,61.9,48.9,
2026-09-01 12:56:39,node,ze-worker-node,2257,2159,,56.4,27.2,
2026-09-01 12:56:48,deployment,adservice,41,95,1,,,
2026-09-01 12:56:48,deployment,cartservice,182,76,2,,,
2026-09-01 12:56:48,deployment,checkoutservice,42,23,2,,,
2026-09-01 12:56:48,deployment,currencyservice,309,169,3,,,
2026-09-01 12:56:48,deployment,emailservice,16,40,1,,,
2026-09-01 12:56:48,deployment,frontend,576,131,11,,,
2026-09-01 12:56:48,http_p95_latency,frontend,,,,,,230.5
2026-09-01 12:56:48,deployment,paymentservice,10,31,1,,,
2026-09-01 12:56:48,deployment,productcatalogservice,297,40,5,,,
2026-09-01 12:56:48,deployment,recommendationservice,217,122,3,,,
2026-09-01 12:56:48,deployment,redis-cart,15,44,1,,,
2026-09-01 12:56:48,deployment,shippingservice,28,9,1,,,
2026-09-01 12:56:48,autoscaler,customdas-cpu-queue-autoscaler-adservice,2,60,1,,,
2026-09-01 12:56:48,autoscaler,customdas-cpu-queue-autoscaler-cartservice,7,60,1,,,
2026-09-01 12:56:48,autoscaler,customdas-cpu-queue-autoscaler-checkoutservice,1,60,1,,,
2026-09-01 12:56:48,autoscaler,customdas-cpu-queue-autoscaler-currencyservice,5,60,1,,,
2026-09-01 12:56:48,autoscaler,customdas-cpu-queue-autoscaler-emailservice,6,60,1,,,
2026-09-01 12:56:48,autoscaler,customdas-cpu-queue-autoscaler-frontend,13,60,1,,,
2026-09-01 12:56:48,autoscaler,customdas-cpu-queue-autoscaler-paymentservice,2,60,1,,,
2026-09-01 12:56:48,autoscaler,customdas-cpu-queue-autoscaler-productcatalogservice,0,60,1,,,
2026-09-01 12:56:48,autoscaler,customdas-cpu-queue-autoscaler-recommendationservice,8,60,1,,,
2026-09-01 12:56:48,autoscaler,customdas-cpu-queue-autoscaler-shippingservice,3,60,1,,,
2026-09-01 12:56:48,node,ze-master-node,2378,3876,,59.5,48.8,
2026-09-01 12:56:48,node,ze-worker-node,2169,2156,,54.2,27.2,
2026-09-01 12:56:56,deployment,adservice,41,95,1,,,
2026-09-01 12:56:56,deployment,cartservice,182,76,2,,,
2026-09-01 12:56:56,deployment,checkoutservice,32,22,2,,,
2026-09-01 12:56:56,deployment,currencyservice,284,170,3,,,
2026-09-01 12:56:56,deployment,emailservice,16,43,1,,,
2026-09-01 12:56:56,deployment,frontend,555,131,11,,,
2026-09-01 12:56:56,http_p95_latency,frontend,,,,,,213.0
2026-09-01 12:56:56,deployment,paymentservice,10,31,1,,,
2026-09-01 12:56:56,deployment,productcatalogservice,301,41,5,,,
2026-09-01 12:56:56,deployment,recommendationservice,215,122,3,,,
2026-09-01 12:56:56,deployment,redis-cart,14,44,1,,,
2026-09-01 12:56:56,deployment,shippingservice,29,9,1,,,
2026-09-01 12:56:56,autoscaler,customdas-cpu-queue-autoscaler-adservice,2,60,1,,,
2026-09-01 12:56:56,autoscaler,customdas-cpu-queue-autoscaler-cartservice,7,60,1,,,
2026-09-01 12:56:56,autoscaler,customdas-cpu-queue-autoscaler-checkoutservice,1,60,1,,,
2026-09-01 12:56:56,autoscaler,customdas-cpu-queue-autoscaler-currencyservice,5,60,1,,,
2026-09-01 12:56:56,autoscaler,customdas-cpu-queue-autoscaler-emailservice,6,60,1,,,
2026-09-01 12:56:56,autoscaler,customdas-cpu-queue-autoscaler-frontend,13,60,1,,,
2026-09-01 12:56:56,autoscaler,customdas-cpu-queue-autoscaler-paymentservice,2,60,1,,,
2026-09-01 12:56:56,autoscaler,customdas-cpu-queue-autoscaler-productcatalogservice,0,60,1,,,
2026-09-01 12:56:56,autoscaler,customdas-cpu-queue-autoscaler-recommendationservice,8,60,1,,,
2026-09-01 12:56:56,autoscaler,customdas-cpu-queue-autoscaler-shippingservice,3,60,1,,,
2026-09-01 12:56:56,node,ze-master-node,2378,3876,,59.5,48.8,
2026-09-01 12:56:56,node,ze-worker-node,2169,2156,,54.2,27.2,
2026-09-01 12:57:05,deployment,adservice,39,95,1,,,
2026-09-01 12:57:05,deployment,cartservice,149,76,2,,,
2026-09-01 12:57:05,deployment,checkoutservice,39,22,2,,,
2026-09-01 12:57:05,deployment,currencyservice,286,168,3,,,
2026-09-01 12:57:05,deployment,emailservice,16,40,1,,,
2026-09-01 12:57:05,deployment,frontend,558,132,11,,,
2026-09-01 12:57:05,http_p95_latency,frontend,,,,,,213.0
2026-09-01 12:57:05,deployment,paymentservice,11,31,1,,,
2026-09-01 12:57:05,deployment,productcatalogservice,297,42,5,,,
2026-09-01 12:57:05,deployment,recommendationservice,219,122,3,,,
2026-09-01 12:57:05,deployment,redis-cart,14,44,1,,,
2026-09-01 12:57:05,deployment,shippingservice,24,9,1,,,
2026-09-01 12:57:05,autoscaler,customdas-cpu-queue-autoscaler-adservice,6,60,1,,,
2026-09-01 12:57:05,autoscaler,customdas-cpu-queue-autoscaler-cartservice,5,60,1,,,
2026-09-01 12:57:05,autoscaler,customdas-cpu-queue-autoscaler-checkoutservice,5,60,1,,,
2026-09-01 12:57:05,autoscaler,customdas-cpu-queue-autoscaler-currencyservice,6,60,1,,,
2026-09-01 12:57:05,autoscaler,customdas-cpu-queue-autoscaler-emailservice,3,60,1,,,
2026-09-01 12:57:05,autoscaler,customdas-cpu-queue-autoscaler-frontend,9,60,1,,,
2026-09-01 12:57:05,autoscaler,customdas-cpu-queue-autoscaler-paymentservice,2,60,1,,,
2026-09-01 12:57:05,autoscaler,customdas-cpu-queue-autoscaler-productcatalogservice,6,60,1,,,
2026-09-01 12:57:05,autoscaler,customdas-cpu-queue-autoscaler-recommendationservice,0,60,1,,,
2026-09-01 12:57:05,autoscaler,customdas-cpu-queue-autoscaler-shippingservice,3,60,1,,,
2026-09-01 12:57:05,node,ze-master-node,2541,3888,,63.5,49.0,
2026-09-01 12:57:05,node,ze-worker-node,2126,2153,,53.1,27.1,
2026-09-01 12:57:15,deployment,adservice,39,95,1,,,
2026-09-01 12:57:15,deployment,cartservice,149,76,2,,,
2026-09-01 12:57:15,deployment,checkoutservice,39,22,2,,,
2026-09-01 12:57:15,deployment,currencyservice,286,168,3,,,
2026-09-01 12:57:15,deployment,emailservice,16,40,1,,,
2026-09-01 12:57:15,deployment,frontend,558,132,11,,,
2026-09-01 12:57:15,http_p95_latency,frontend,,,,,,209.1
2026-09-01 12:57:15,deployment,paymentservice,11,31,1,,,
2026-09-01 12:57:15,deployment,productcatalogservice,297,42,5,,,
2026-09-01 12:57:15,deployment,recommendationservice,219,122,3,,,
2026-09-01 12:57:15,deployment,redis-cart,14,44,1,,,
2026-09-01 12:57:15,deployment,shippingservice,24,9,1,,,
2026-09-01 12:57:15,autoscaler,customdas-cpu-queue-autoscaler-adservice,6,60,1,,,
2026-09-01 12:57:15,autoscaler,customdas-cpu-queue-autoscaler-cartservice,5,60,1,,,
2026-09-01 12:57:15,autoscaler,customdas-cpu-queue-autoscaler-checkoutservice,5,60,1,,,
2026-09-01 12:57:15,autoscaler,customdas-cpu-queue-autoscaler-currencyservice,6,60,1,,,
2026-09-01 12:57:15,autoscaler,customdas-cpu-queue-autoscaler-emailservice,3,60,1,,,
2026-09-01 12:57:15,autoscaler,customdas-cpu-queue-autoscaler-frontend,9,60,1,,,
2026-09-01 12:57:15,autoscaler,customdas-cpu-queue-autoscaler-paymentservice,2,60,1,,,
2026-09-01 12:57:15,autoscaler,customdas-cpu-queue-autoscaler-productcatalogservice,6,60,1,,,
2026-09-01 12:57:15,autoscaler,customdas-cpu-queue-autoscaler-recommendationservice,0,60,1,,,
2026-09-01 12:57:15,autoscaler,customdas-cpu-queue-autoscaler-shippingservice,3,60,1,,,
2026-09-01 12:57:15,node,ze-master-node,2541,3888,,63.5,49.0,
2026-09-01 12:57:15,node,ze-worker-node,2126,2153,,53.1,27.1,
2026-09-01 12:57:24,deployment,adservice,44,95,1,,,
2026-09-01 12:57:24,deployment,cartservice,162,76,2,,,
2026-09-01 12:57:24,deployment,checkoutservice,41,23,2,,,
2026-09-01 12:57:24,deployment,currencyservice,297,170,3,,,
2026-09-01 12:57:24,deployment,emailservice,19,40,1,,,
2026-09-01 12:57:24,deployment,frontend,585,131,11,,,
2026-09-01 12:57:24,http_p95_latency,frontend,,,,,,209.1
2026-09-01 12:57:24,deployment,paymentservice,9,31,1,,,
2026-09-01 12:57:24,deployment,productcatalogservice,313,41,5,,,
2026-09-01 12:57:24,deployment,recommendationservice,212,122,3,,,
2026-09-01 12:57:24,deployment,redis-cart,15,44,1,,,
2026-09-01 12:57:24,deployment,shippingservice,29,9,1,,,
2026-09-01 12:57:24,autoscaler,customdas-cpu-queue-autoscaler-adservice,3,60,1,,,
2026-09-01 12:57:24,autoscaler,customdas-cpu-queue-autoscaler-cartservice,4,60,1,,,
2026-09-01 12:57:24,autoscaler,customdas-cpu-queue-autoscaler-checkoutservice,3,60,1,,,
2026-09-01 12:57:24,autoscaler,customdas-cpu-queue-autoscaler-currencyservice,10,60,1,,,
2026-09-01 12:57:24,autoscaler,customdas-cpu-queue-autoscaler-emailservice,4,60,1,,,
2026-09-01 12:57:24,autoscaler,customdas-cpu-queue-autoscaler-frontend,22,60,1,,,
2026-09-01 12:57:24,autoscaler,customdas-cpu-queue-autoscaler-paymentservice,3,60,1,,,
2026-09-01 12:57:24,autoscaler,customdas-cpu-queue-autoscaler-productcatalogservice,13,60,1,,,
2026-09-01 12:57:24,autoscaler,customdas-cpu-queue-autoscaler-recommendationservice,7,60,1,,,
2026-09-01 12:57:24,autoscaler,customdas-cpu-queue-autoscaler-shippingservice,3,60,1,,,
2026-09-01 12:57:24,node,ze-master-node,2435,3882,,60.9,48.9,
2026-09-01 12:57:24,node,ze-worker-node,2212,2160,,55.3,27.2,
2026-09-01 12:57:31,deployment,adservice,44,95,1,,,
2026-09-01 12:57:31,deployment,cartservice,162,76,2,,,
2026-09-01 12:57:31,deployment,checkoutservice,41,23,2,,,
2026-09-01 12:57:31,deployment,currencyservice,297,170,3,,,
2026-09-01 12:57:31,deployment,emailservice,19,40,1,,,
2026-09-01 12:57:31,deployment,frontend,585,131,11,,,
2026-09-01 12:57:31,http_p95_latency,frontend,,,,,,206.1
2026-09-01 12:57:31,deployment,paymentservice,9,31,1,,,
2026-09-01 12:57:31,deployment,productcatalogservice,313,41,5,,,
2026-09-01 12:57:31,deployment,recommendationservice,212,122,3,,,
2026-09-01 12:57:31,deployment,redis-cart,15,44,1,,,
2026-09-01 12:57:31,deployment,shippingservice,29,9,1,,,
2026-09-01 12:57:31,autoscaler,customdas-cpu-queue-autoscaler-adservice,3,60,1,,,
2026-09-01 12:57:31,autoscaler,customdas-cpu-queue-autoscaler-cartservice,4,60,1,,,
2026-09-01 12:57:31,autoscaler,customdas-cpu-queue-autoscaler-checkoutservice,3,60,1,,,
2026-09-01 12:57:31,autoscaler,customdas-cpu-queue-autoscaler-currencyservice,10,60,1,,,
2026-09-01 12:57:31,autoscaler,customdas-cpu-queue-autoscaler-emailservice,4,60,1,,,
2026-09-01 12:57:31,autoscaler,customdas-cpu-queue-autoscaler-frontend,22,60,1,,,
2026-09-01 12:57:31,autoscaler,customdas-cpu-queue-autoscaler-paymentservice,3,60,1,,,
2026-09-01 12:57:31,autoscaler,customdas-cpu-queue-autoscaler-productcatalogservice,13,60,1,,,
2026-09-01 12:57:31,autoscaler,customdas-cpu-queue-autoscaler-recommendationservice,7,60,1,,,
2026-09-01 12:57:31,autoscaler,customdas-cpu-queue-autoscaler-shippingservice,3,60,1,,,
2026-09-01 12:57:31,node,ze-master-node,2435,3882,,60.9,48.9,
2026-09-01 12:57:31,node,ze-worker-node,2212,2160,,55.3,27.2,
2026-09-01 12:57:39,deployment,adservice,42,95,1,,,
2026-09-01 12:57:39,deployment,cartservice,167,76,2,,,
2026-09-01 12:57:39,deployment,checkoutservice,35,22,2,,,
2026-09-01 12:57:39,deployment,currencyservice,304,170,3,,,
2026-09-01 12:57:39,deployment,emailservice,15,40,1,,,
2026-09-01 12:57:39,deployment,frontend,603,131,11,,,
2026-09-01 12:57:39,http_p95_latency,frontend,,,,,,206.1
2026-09-01 12:57:39,deployment,paymentservice,11,31,1,,,
2026-09-01 12:57:39,deployment,productcatalogservice,315,43,5,,,
2026-09-01 12:57:39,deployment,recommendationservice,220,122,3,,,
2026-09-01 12:57:39,deployment,redis-cart,15,44,1,,,
2026-09-01 12:57:39,deployment,shippingservice,28,9,1,,,
2026-09-01 12:57:39,autoscaler,customdas-cpu-queue-autoscaler-adservice,3,60,1,,,
2026-09-01 12:57:39,autoscaler,customdas-cpu-queue-autoscaler-cartservice,6,60,1,,,
2026-09-01 12:57:39,autoscaler,customdas-cpu-queue-autoscaler-checkoutservice,5,60,1,,,
2026-09-01 12:57:39,autoscaler,customdas-cpu-queue-autoscaler-currencyservice,5,60,1,,,
2026-09-01 12:57:39,autoscaler,customdas-cpu-queue-autoscaler-emailservice,5,60,1,,,
2026-09-01 12:57:39,autoscaler,customdas-cpu-queue-autoscaler-frontend,12,60,1,,,
2026-09-01 12:57:39,autoscaler,customdas-cpu-queue-autoscaler-paymentservice,4,60,1,,,
2026-09-01 12:57:39,autoscaler,customdas-cpu-queue-autoscaler-productcatalogservice,10,60,1,,,
2026-09-01 12:57:39,autoscaler,customdas-cpu-queue-autoscaler-recommendationservice,7,60,1,,,
2026-09-01 12:57:39,autoscaler,customdas-cpu-queue-autoscaler-shippingservice,3,60,1,,,
2026-09-01 12:57:39,node,ze-master-node,2543,3891,,63.6,49.0,
2026-09-01 12:57:39,node,ze-worker-node,2221,2160,,55.5,27.2,
2026-09-01 12:57:46,deployment,adservice,42,95,1,,,
2026-09-01 12:57:46,deployment,cartservice,167,76,2,,,
2026-09-01 12:57:46,deployment,checkoutservice,35,22,2,,,
2026-09-01 12:57:46,deployment,currencyservice,304,170,3,,,
2026-09-01 12:57:46,deployment,emailservice,15,40,1,,,
2026-09-01 12:57:46,deployment,frontend,603,131,11,,,
2026-09-01 12:57:46,http_p95_latency,frontend,,,,,,203.0
2026-09-01 12:57:46,deployment,paymentservice,11,31,1,,,
2026-09-01 12:57:46,deployment,productcatalogservice,315,43,5,,,
2026-09-01 12:57:46,deployment,recommendationservice,220,122,3,,,
2026-09-01 12:57:46,deployment,redis-cart,15,44,1,,,
2026-09-01 12:57:46,deployment,shippingservice,28,9,1,,,
2026-09-01 12:57:46,autoscaler,customdas-cpu-queue-autoscaler-adservice,3,60,1,,,
2026-09-01 12:57:46,autoscaler,customdas-cpu-queue-autoscaler-cartservice,4,60,1,,,
2026-09-01 12:57:46,autoscaler,customdas-cpu-queue-autoscaler-checkoutservice,5,60,1,,,
2026-09-01 12:57:46,autoscaler,customdas-cpu-queue-autoscaler-currencyservice,6,60,1,,,
2026-09-01 12:57:46,autoscaler,customdas-cpu-queue-autoscaler-emailservice,4,60,1,,,
2026-09-01 12:57:46,autoscaler,customdas-cpu-queue-autoscaler-frontend,12,60,1,,,
2026-09-01 12:57:46,autoscaler,customdas-cpu-queue-autoscaler-paymentservice,0,60,1,,,
2026-09-01 12:57:46,autoscaler,customdas-cpu-queue-autoscaler-productcatalogservice,9,60,1,,,
2026-09-01 12:57:46,autoscaler,customdas-cpu-queue-autoscaler-recommendationservice,4,60,1,,,
2026-09-01 12:57:46,autoscaler,customdas-cpu-queue-autoscaler-shippingservice,8,60,1,,,
2026-09-01 12:57:46,node,ze-master-node,2480,3887,,62.0,48.9,
2026-09-01 12:57:46,node,ze-worker-node,2303,2154,,57.6,27.1,
2026-09-01 12:57:56,deployment,adservice,46,95,1,,,
2026-09-01 12:57:56,deployment,cartservice,166,76,2,,,
2026-09-01 12:57:56,deployment,checkoutservice,38,23,2,,,
2026-09-01 12:57:56,deployment,currencyservice,307,171,3,,,
2026-09-01 12:57:56,deployment,emailservice,15,40,1,,,
2026-09-01 12:57:56,deployment,frontend,608,131,11,,,
2026-09-01 12:57:56,http_p95_latency,frontend,,,,,,227.9
2026-09-01 12:57:56,deployment,paymentservice,9,31,1,,,
2026-09-01 12:57:56,deployment,productcatalogservice,316,41,5,,,
2026-09-01 12:57:56,deployment,recommendationservice,218,122,3,,,
2026-09-01 12:57:56,deployment,redis-cart,16,44,1,,,
2026-09-01 12:57:56,deployment,shippingservice,29,9,1,,,
2026-09-01 12:57:56,autoscaler,customdas-cpu-queue-autoscaler-adservice,3,60,1,,,
2026-09-01 12:57:56,autoscaler,customdas-cpu-queue-autoscaler-cartservice,4,60,1,,,
2026-09-01 12:57:56,autoscaler,customdas-cpu-queue-autoscaler-checkoutservice,5,60,1,,,
2026-09-01 12:57:56,autoscaler,customdas-cpu-queue-autoscaler-currencyservice,6,60,1,,,
2026-09-01 12:57:56,autoscaler,customdas-cpu-queue-autoscaler-emailservice,4,60,1,,,
2026-09-01 12:57:56,autoscaler,customdas-cpu-queue-autoscaler-frontend,12,60,1,,,
2026-09-01 12:57:56,autoscaler,customdas-cpu-queue-autoscaler-paymentservice,0,60,1,,,
2026-09-01 12:57:56,autoscaler,customdas-cpu-queue-autoscaler-productcatalogservice,9,60,1,,,
2026-09-01 12:57:56,autoscaler,customdas-cpu-queue-autoscaler-recommendationservice,4,60,1,,,
2026-09-01 12:57:56,autoscaler,customdas-cpu-queue-autoscaler-shippingservice,8,60,1,,,
2026-09-01 12:57:56,node,ze-master-node,2480,3887,,62.0,48.9,
2026-09-01 12:57:56,node,ze-worker-node,2303,2154,,57.6,27.1,
2026-09-01 12:58:04,deployment,adservice,42,95,1,,,
2026-09-01 12:58:04,deployment,cartservice,173,76,2,,,
2026-09-01 12:58:04,deployment,checkoutservice,40,22,2,,,
2026-09-01 12:58:04,deployment,currencyservice,318,172,3,,,
2026-09-01 12:58:04,deployment,emailservice,17,40,1,,,
2026-09-01 12:58:04,deployment,frontend,610,132,11,,,
2026-09-01 12:58:04,http_p95_latency,frontend,,,,,,227.9
2026-09-01 12:58:04,deployment,paymentservice,10,31,1,,,
2026-09-01 12:58:04,deployment,productcatalogservice,328,41,5,,,
2026-09-01 12:58:04,deployment,recommendationservice,232,122,3,,,
2026-09-01 12:58:04,deployment,redis-cart,65,44,1,,,
2026-09-01 12:58:04,deployment,shippingservice,29,9,1,,,
2026-09-01 12:58:04,autoscaler,customdas-cpu-queue-autoscaler-adservice,4,60,1,,,
2026-09-01 12:58:04,autoscaler,customdas-cpu-queue-autoscaler-cartservice,4,60,1,,,
2026-09-01 12:58:04,autoscaler,customdas-cpu-queue-autoscaler-checkoutservice,4,60,1,,,
2026-09-01 12:58:04,autoscaler,customdas-cpu-queue-autoscaler-currencyservice,6,60,1,,,
2026-09-01 12:58:04,autoscaler,customdas-cpu-queue-autoscaler-emailservice,3,60,1,,,
2026-09-01 12:58:04,autoscaler,customdas-cpu-queue-autoscaler-frontend,12,60,1,,,
2026-09-01 12:58:04,autoscaler,customdas-cpu-queue-autoscaler-paymentservice,3,60,1,,,
2026-09-01 12:58:04,autoscaler,customdas-cpu-queue-autoscaler-productcatalogservice,7,60,1,,,
2026-09-01 12:58:04,autoscaler,customdas-cpu-queue-autoscaler-recommendationservice,5,60,1,,,
2026-09-01 12:58:04,autoscaler,customdas-cpu-queue-autoscaler-shippingservice,3,60,1,,,
2026-09-01 12:58:04,node,ze-master-node,2591,3886,,64.8,48.9,
2026-09-01 12:58:04,node,ze-worker-node,2259,2153,,56.5,27.1,
2026-09-01 12:58:13,deployment,adservice,42,95,1,,,
2026-09-01 12:58:13,deployment,cartservice,173,76,2,,,
2026-09-01 12:58:13,deployment,checkoutservice,40,22,2,,,
2026-09-01 12:58:13,deployment,currencyservice,318,172,3,,,
2026-09-01 12:58:13,deployment,emailservice,17,40,1,,,
2026-09-01 12:58:13,deployment,frontend,610,132,11,,,
2026-09-01 12:58:13,http_p95_latency,frontend,,,,,,216.6
2026-09-01 12:58:13,deployment,paymentservice,10,31,1,,,
2026-09-01 12:58:13,deployment,productcatalogservice,328,41,5,,,
2026-09-01 12:58:13,deployment,recommendationservice,232,122,3,,,
2026-09-01 12:58:13,deployment,redis-cart,65,44,1,,,
2026-09-01 12:58:13,deployment,shippingservice,29,9,1,,,
2026-09-01 12:58:13,autoscaler,customdas-cpu-queue-autoscaler-adservice,4,60,1,,,
2026-09-01 12:58:13,autoscaler,customdas-cpu-queue-autoscaler-cartservice,4,60,1,,,
2026-09-01 12:58:13,autoscaler,customdas-cpu-queue-autoscaler-checkoutservice,4,60,1,,,
2026-09-01 12:58:13,autoscaler,customdas-cpu-queue-autoscaler-currencyservice,6,60,1,,,
2026-09-01 12:58:13,autoscaler,customdas-cpu-queue-autoscaler-emailservice,3,60,1,,,
2026-09-01 12:58:13,autoscaler,customdas-cpu-queue-autoscaler-frontend,12,60,1,,,
2026-09-01 12:58:13,autoscaler,customdas-cpu-queue-autoscaler-paymentservice,3,60,1,,,
2026-09-01 12:58:13,autoscaler,customdas-cpu-queue-autoscaler-productcatalogservice,7,60,1,,,
2026-09-01 12:58:13,autoscaler,customdas-cpu-queue-autoscaler-recommendationservice,5,60,1,,,
2026-09-01 12:58:13,autoscaler,customdas-cpu-queue-autoscaler-shippingservice,3,60,1,,,
2026-09-01 12:58:13,node,ze-master-node,2591,3886,,64.8,48.9,
2026-09-01 12:58:13,node,ze-worker-node,2259,2153,,56.5,27.1,
2026-09-01 12:58:21,deployment,adservice,47,95,1,,,
2026-09-01 12:58:21,deployment,cartservice,161,76,2,,,
2026-09-01 12:58:21,deployment,checkoutservice,41,23,2,,,
2026-09-01 12:58:21,deployment,currencyservice,301,173,3,,,
2026-09-01 12:58:21,deployment,emailservice,15,42,1,,,
2026-09-01 12:58:21,deployment,frontend,617,131,11,,,
2026-09-01 12:58:21,http_p95_latency,frontend,,,,,,216.6
2026-09-01 12:58:21,deployment,paymentservice,8,31,1,,,
2026-09-01 12:58:21,deployment,productcatalogservice,322,41,5,,,
2026-09-01 12:58:21,deployment,recommendationservice,226,122,3,,,
2026-09-01 12:58:21,deployment,redis-cart,16,44,1,,,
2026-09-01 12:58:21,deployment,shippingservice,27,9,1,,,
2026-09-01 12:58:21,autoscaler,customdas-cpu-queue-autoscaler-adservice,3,60,1,,,
2026-09-01 12:58:21,autoscaler,customdas-cpu-queue-autoscaler-cartservice,4,60,1,,,
2026-09-01 12:58:21,autoscaler,customdas-cpu-queue-autoscaler-checkoutservice,3,60,1,,,
2026-09-01 12:58:21,autoscaler,customdas-cpu-queue-autoscaler-currencyservice,5,60,1,,,
2026-09-01 12:58:21,autoscaler,customdas-cpu-queue-autoscaler-emailservice,6,60,1,,,
2026-09-01 12:58:21,autoscaler,customdas-cpu-queue-autoscaler-frontend,23,60,1,,,
2026-09-01 12:58:21,autoscaler,customdas-cpu-queue-autoscaler-paymentservice,6,60,1,,,
2026-09-01 12:58:21,autoscaler,customdas-cpu-queue-autoscaler-productcatalogservice,4,60,1,,,
2026-09-01 12:58:21,autoscaler,customdas-cpu-queue-autoscaler-recommendationservice,5,60,1,,,
2026-09-01 12:58:21,autoscaler,customdas-cpu-queue-autoscaler-shippingservice,5,60,1,,,
2026-09-01 12:58:21,node,ze-master-node,2450,3890,,61.3,49.0,
2026-09-01 12:58:21,node,ze-worker-node,2408,2156,,60.2,27.2,
2026-09-01 12:58:28,deployment,adservice,47,95,1,,,
2026-09-01 12:58:28,deployment,cartservice,161,76,2,,,
2026-09-01 12:58:28,deployment,checkoutservice,41,23,2,,,
2026-09-01 12:58:28,deployment,currencyservice,301,173,3,,,
2026-09-01 12:58:28,deployment,emailservice,15,42,1,,,
2026-09-01 12:58:28,deployment,frontend,617,131,11,,,
2026-09-01 12:58:28,http_p95_latency,frontend,,,,,,288.2
2026-09-01 12:58:28,deployment,paymentservice,8,31,1,,,
2026-09-01 12:58:28,deployment,productcatalogservice,322,41,5,,,
2026-09-01 12:58:28,deployment,recommendationservice,226,122,3,,,
2026-09-01 12:58:28,deployment,redis-cart,16,44,1,,,
2026-09-01 12:58:28,deployment,shippingservice,27,9,1,,,
2026-09-01 12:58:28,autoscaler,customdas-cpu-queue-autoscaler-adservice,3,60,1,,,
2026-09-01 12:58:28,autoscaler,customdas-cpu-queue-autoscaler-cartservice,4,60,1,,,
2026-09-01 12:58:28,autoscaler,customdas-cpu-queue-autoscaler-checkoutservice,3,60,1,,,
2026-09-01 12:58:28,autoscaler,customdas-cpu-queue-autoscaler-currencyservice,5,60,1,,,
2026-09-01 12:58:28,autoscaler,customdas-cpu-queue-autoscaler-emailservice,6,60,1,,,
2026-09-01 12:58:28,autoscaler,customdas-cpu-queue-autoscaler-frontend,23,60,1,,,
2026-09-01 12:58:28,autoscaler,customdas-cpu-queue-autoscaler-paymentservice,6,60,1,,,
2026-09-01 12:58:28,autoscaler,customdas-cpu-queue-autoscaler-productcatalogservice,4,60,1,,,
2026-09-01 12:58:28,autoscaler,customdas-cpu-queue-autoscaler-recommendationservice,5,60,1,,,
2026-09-01 12:58:28,autoscaler,customdas-cpu-queue-autoscaler-shippingservice,5,60,1,,,
2026-09-01 12:58:28,node,ze-master-node,2450,3890,,61.3,49.0,
2026-09-01 12:58:28,node,ze-worker-node,2408,2156,,60.2,27.2,
2026-09-01 12:58:37,deployment,adservice,48,95,1,,,
2026-09-01 12:58:37,deployment,cartservice,155,76,2,,,
2026-09-01 12:58:37,deployment,checkoutservice,42,22,2,,,
2026-09-01 12:58:37,deployment,currencyservice,332,174,3,,,
2026-09-01 12:58:37,deployment,emailservice,14,40,1,,,
2026-09-01 12:58:37,deployment,frontend,655,131,11,,,
2026-09-01 12:58:37,http_p95_latency,frontend,,,,,,288.2
2026-09-01 12:58:37,deployment,paymentservice,9,31,1,,,
2026-09-01 12:58:37,deployment,productcatalogservice,337,41,5,,,
2026-09-01 12:58:37,deployment,recommendationservice,233,122,3,,,
2026-09-01 12:58:37,deployment,redis-cart,17,44,1,,,
2026-09-01 12:58:37,deployment,shippingservice,28,9,1,,,
2026-09-01 12:58:37,autoscaler,customdas-cpu-queue-autoscaler-adservice,3,60,1,,,
2026-09-01 12:58:37,autoscaler,customdas-cpu-queue-autoscaler-cartservice,5,60,1,,,
2026-09-01 12:58:37,autoscaler,customdas-cpu-queue-autoscaler-checkoutservice,5,60,1,,,
2026-09-01 12:58:37,autoscaler,customdas-cpu-queue-autoscaler-currencyservice,6,60,1,,,
2026-09-01 12:58:37,autoscaler,customdas-cpu-queue-autoscaler-emailservice,3,60,1,,,
2026-09-01 12:58:37,autoscaler,customdas-cpu-queue-autoscaler-frontend,12,60,1,,,
2026-09-01 12:58:37,autoscaler,customdas-cpu-queue-autoscaler-paymentservice,4,60,1,,,
2026-09-01 12:58:37,autoscaler,customdas-cpu-queue-autoscaler-productcatalogservice,2,60,1,,,
2026-09-01 12:58:37,autoscaler,customdas-cpu-queue-autoscaler-recommendationservice,7,60,1,,,
2026-09-01 12:58:37,autoscaler,customdas-cpu-queue-autoscaler-shippingservice,0,60,1,,,
2026-09-01 12:58:37,node,ze-master-node,2698,3887,,67.5,48.9,
2026-09-01 12:58:37,node,ze-worker-node,2342,2153,,58.6,27.1,
2026-09-01 12:58:46,deployment,adservice,48,95,1,,,
2026-09-01 12:58:46,deployment,cartservice,155,76,2,,,
2026-09-01 12:58:46,deployment,checkoutservice,42,22,2,,,
2026-09-01 12:58:46,deployment,currencyservice,332,174,3,,,
2026-09-01 12:58:46,deployment,emailservice,14,40,1,,,
2026-09-01 12:58:46,deployment,frontend,655,131,11,,,
2026-09-01 12:58:46,http_p95_latency,frontend,,,,,,254.8
2026-09-01 12:58:46,deployment,paymentservice,9,31,1,,,
2026-09-01 12:58:46,deployment,productcatalogservice,337,41,5,,,
2026-09-01 12:58:46,deployment,recommendationservice,233,122,3,,,
2026-09-01 12:58:46,deployment,redis-cart,17,44,1,,,
2026-09-01 12:58:46,deployment,shippingservice,28,9,1,,,
2026-09-01 12:58:46,autoscaler,customdas-cpu-queue-autoscaler-adservice,3,60,1,,,
2026-09-01 12:58:46,autoscaler,customdas-cpu-queue-autoscaler-cartservice,5,60,1,,,
2026-09-01 12:58:46,autoscaler,customdas-cpu-queue-autoscaler-checkoutservice,5,60,1,,,
2026-09-01 12:58:46,autoscaler,customdas-cpu-queue-autoscaler-currencyservice,6,60,1,,,
2026-09-01 12:58:46,autoscaler,customdas-cpu-queue-autoscaler-emailservice,3,60,1,,,
2026-09-01 12:58:46,autoscaler,customdas-cpu-queue-autoscaler-frontend,12,60,1,,,
2026-09-01 12:58:46,autoscaler,customdas-cpu-queue-autoscaler-paymentservice,4,60,1,,,
2026-09-01 12:58:46,autoscaler,customdas-cpu-queue-autoscaler-productcatalogservice,2,60,1,,,
2026-09-01 12:58:46,autoscaler,customdas-cpu-queue-autoscaler-recommendationservice,7,60,1,,,
2026-09-01 12:58:46,autoscaler,customdas-cpu-queue-autoscaler-shippingservice,0,60,1,,,
2026-09-01 12:58:46,node,ze-master-node,2698,3887,,67.5,48.9,
2026-09-01 12:58:46,node,ze-worker-node,2342,2153,,58.6,27.1,
2026-09-01 12:58:53,deployment,adservice,49,95,1,,,
2026-09-01 12:58:53,deployment,cartservice,166,76,2,,,
2026-09-01 12:58:53,deployment,checkoutservice,39,22,2,,,
2026-09-01 12:58:53,deployment,currencyservice,331,171,3,,,
2026-09-01 12:58:53,deployment,emailservice,18,40,1,,,
2026-09-01 12:58:53,deployment,frontend,674,132,11,,,
2026-09-01 12:58:53,http_p95_latency,frontend,,,,,,254.8
2026-09-01 12:58:53,deployment,paymentservice,11,31,1,,,
2026-09-01 12:58:53,deployment,productcatalogservice,351,41,5,,,
2026-09-01 12:58:53,deployment,recommendationservice,240,122,3,,,
2026-09-01 12:58:53,deployment,redis-cart,17,44,1,,,
2026-09-01 12:58:53,deployment,shippingservice,31,9,1,,,
2026-09-01 12:58:53,autoscaler,customdas-cpu-queue-autoscaler-adservice,3,60,1,,,
2026-09-01 12:58:53,autoscaler,customdas-cpu-queue-autoscaler-cartservice,4,60,1,,,
2026-09-01 12:58:53,autoscaler,customdas-cpu-queue-autoscaler-checkoutservice,3,60,1,,,
2026-09-01 12:58:53,autoscaler,customdas-cpu-queue-autoscaler-currencyservice,8,60,1,,,
2026-09-01 12:58:53,autoscaler,customdas-cpu-queue-autoscaler-emailservice,4,60,1,,,
2026-09-01 12:58:53,autoscaler,customdas-cpu-queue-autoscaler-frontend,7,60,1,,,
2026-09-01 12:58:53,autoscaler,customdas-cpu-queue-autoscaler-paymentservice,3,60,1,,,
2026-09-01 12:58:53,autoscaler,customdas-cpu-queue-autoscaler-productcatalogservice,6,60,1,,,
2026-09-01 12:58:53,autoscaler,customdas-cpu-queue-autoscaler-recommendationservice,10,60,1,,,
2026-09-01 12:58:53,autoscaler,customdas-cpu-queue-autoscaler-shippingservice,6,60,1,,,
2026-09-01 12:58:53,node,ze-master-node,2617,3882,,65.4,48.9,
2026-09-01 12:58:53,node,ze-worker-node,2463,2153,,61.6,27.1,
2026-09-01 12:59:01,deployment,adservice,49,95,1,,,
2026-09-01 12:59:01,deployment,cartservice,166,76,2,,,
2026-09-01 12:59:01,deployment,checkoutservice,39,22,2,,,
2026-09-01 12:59:01,deployment,currencyservice,331,171,3,,,
2026-09-01 12:59:01,deployment,emailservice,18,40,1,,,
2026-09-01 12:59:01,deployment,frontend,674,132,11,,,
2026-09-01 12:59:01,http_p95_latency,frontend,,,,,,393.3
2026-09-01 12:59:01,deployment,paymentservice,11,31,1,,,
2026-09-01 12:59:01,deployment,productcatalogservice,351,41,5,,,
2026-09-01 12:59:01,deployment,recommendationservice,240,122,3,,,
2026-09-01 12:59:01,deployment,redis-cart,17,44,1,,,
2026-09-01 12:59:01,deployment,shippingservice,31,9,1,,,
2026-09-01 12:59:01,autoscaler,customdas-cpu-queue-autoscaler-adservice,3,60,1,,,
2026-09-01 12:59:01,autoscaler,customdas-cpu-queue-autoscaler-cartservice,4,60,1,,,
2026-09-01 12:59:01,autoscaler,customdas-cpu-queue-autoscaler-checkoutservice,3,60,1,,,
2026-09-01 12:59:01,autoscaler,customdas-cpu-queue-autoscaler-currencyservice,8,60,1,,,
2026-09-01 12:59:01,autoscaler,customdas-cpu-queue-autoscaler-emailservice,4,60,1,,,
2026-09-01 12:59:01,autoscaler,customdas-cpu-queue-autoscaler-frontend,7,60,1,,,
2026-09-01 12:59:01,autoscaler,customdas-cpu-queue-autoscaler-paymentservice,3,60,1,,,
2026-09-01 12:59:01,autoscaler,customdas-cpu-queue-autoscaler-productcatalogservice,6,60,1,,,
2026-09-01 12:59:01,autoscaler,customdas-cpu-queue-autoscaler-recommendationservice,5,60,1,,,
2026-09-01 12:59:01,autoscaler,customdas-cpu-queue-autoscaler-shippingservice,3,60,1,,,
2026-09-01 12:59:01,node,ze-master-node,2723,3887,,68.1,48.9,
2026-09-01 12:59:01,node,ze-worker-node,2416,2156,,60.4,27.2,
2026-09-01 12:59:10,deployment,adservice,48,95,1,,,
2026-09-01 12:59:10,deployment,cartservice,194,76,2,,,
2026-09-01 12:59:10,deployment,checkoutservice,39,23,2,,,
2026-09-01 12:59:10,deployment,currencyservice,332,172,3,,,
2026-09-01 12:59:10,deployment,emailservice,15,40,1,,,
2026-09-01 12:59:10,deployment,frontend,677,132,11,,,
2026-09-01 12:59:10,http_p95_latency,frontend,,,,,,393.3
2026-09-01 12:59:10,deployment,paymentservice,11,31,1,,,
2026-09-01 12:59:10,deployment,productcatalogservice,355,41,5,,,
2026-09-01 12:59:10,deployment,recommendationservice,256,123,3,,,
2026-09-01 12:59:10,deployment,redis-cart,17,44,1,,,
2026-09-01 12:59:10,deployment,shippingservice,30,9,1,,,
2026-09-01 12:59:10,autoscaler,customdas-cpu-queue-autoscaler-adservice,4,60,1,,,
2026-09-01 12:59:10,autoscaler,customdas-cpu-queue-autoscaler-cartservice,6,60,1,,,
2026-09-01 12:59:10,autoscaler,customdas-cpu-queue-autoscaler-checkoutservice,3,60,1,,,
2026-09-01 12:59:10,autoscaler,customdas-cpu-queue-autoscaler-currencyservice,8,60,1,,,
2026-09-01 12:59:10,autoscaler,customdas-cpu-queue-autoscaler-emailservice,5,60,1,,,
2026-09-01 12:59:10,autoscaler,customdas-cpu-queue-autoscaler-frontend,9,60,1,,,
2026-09-01 12:59:10,autoscaler,customdas-cpu-queue-autoscaler-paymentservice,4,60,1,,,
2026-09-01 12:59:10,autoscaler,customdas-cpu-queue-autoscaler-productcatalogservice,6,60,1,,,
2026-09-01 12:59:10,autoscaler,customdas-cpu-queue-autoscaler-recommendationservice,5,60,1,,,
2026-09-01 12:59:10,autoscaler,customdas-cpu-queue-autoscaler-shippingservice,3,60,1,,,
2026-09-01 12:59:10,node,ze-master-node,2723,3887,,68.1,48.9,
2026-09-01 12:59:10,node,ze-worker-node,2416,2156,,60.4,27.2,
2026-09-01 12:59:18,deployment,adservice,48,95,1,,,
2026-09-01 12:59:18,deployment,cartservice,194,76,2,,,
2026-09-01 12:59:18,deployment,checkoutservice,39,23,2,,,
2026-09-01 12:59:18,deployment,currencyservice,332,172,3,,,
2026-09-01 12:59:18,deployment,emailservice,15,40,1,,,
2026-09-01 12:59:18,deployment,frontend,677,132,11,,,
2026-09-01 12:59:18,http_p95_latency,frontend,,,,,,248.1
2026-09-01 12:59:18,deployment,paymentservice,11,31,1,,,
2026-09-01 12:59:18,deployment,productcatalogservice,355,41,5,,,
2026-09-01 12:59:18,deployment,recommendationservice,252,122,3,,,
2026-09-01 12:59:18,deployment,redis-cart,17,44,1,,,
2026-09-01 12:59:18,deployment,shippingservice,29,9,1,,,
2026-09-01 12:59:18,autoscaler,customdas-cpu-queue-autoscaler-adservice,4,60,1,,,
2026-09-01 12:59:18,autoscaler,customdas-cpu-queue-autoscaler-cartservice,6,60,1,,,
2026-09-01 12:59:18,autoscaler,customdas-cpu-queue-autoscaler-checkoutservice,6,60,1,,,
2026-09-01 12:59:18,autoscaler,customdas-cpu-queue-autoscaler-currencyservice,0,60,1,,,
2026-09-01 12:59:18,autoscaler,customdas-cpu-queue-autoscaler-emailservice,4,60,1,,,
2026-09-01 12:59:18,autoscaler,customdas-cpu-queue-autoscaler-frontend,9,60,1,,,
2026-09-01 12:59:18,autoscaler,customdas-cpu-queue-autoscaler-paymentservice,3,60,1,,,
2026-09-01 12:59:18,autoscaler,customdas-cpu-queue-autoscaler-productcatalogservice,4,60,1,,,
2026-09-01 12:59:18,autoscaler,customdas-cpu-queue-autoscaler-recommendationservice,5,60,1,,,
2026-09-01 12:59:18,autoscaler,customdas-cpu-queue-autoscaler-shippingservice,3,60,1,,,
2026-09-01 12:59:18,node,ze-master-node,2879,3886,,72.0,48.9,
2026-09-01 12:59:18,node,ze-worker-node,2516,2152,,62.9,27.1,
2026-09-01 12:59:26,deployment,adservice,50,95,1,,,
2026-09-01 12:59:26,deployment,cartservice,179,76,2,,,
2026-09-01 12:59:26,deployment,checkoutservice,41,23,2,,,
2026-09-01 12:59:26,deployment,currencyservice,343,173,3,,,
2026-09-01 12:59:26,deployment,emailservice,18,40,1,,,
2026-09-01 12:59:26,deployment,frontend,713,132,11,,,
2026-09-01 12:59:26,http_p95_latency,frontend,,,,,,302.6
2026-09-01 12:59:26,deployment,paymentservice,12,32,1,,,
2026-09-01 12:59:26,deployment,productcatalogservice,353,41,5,,,
2026-09-01 12:59:26,deployment,recommendationservice,252,122,3,,,
2026-09-01 12:59:26,deployment,redis-cart,17,44,1,,,
2026-09-01 12:59:26,deployment,shippingservice,29,9,1,,,
2026-09-01 12:59:26,autoscaler,customdas-cpu-queue-autoscaler-adservice,4,60,1,,,
2026-09-01 12:59:26,autoscaler,customdas-cpu-queue-autoscaler-cartservice,6,60,1,,,
2026-09-01 12:59:26,autoscaler,customdas-cpu-queue-autoscaler-checkoutservice,6,60,1,,,
2026-09-01 12:59:26,autoscaler,customdas-cpu-queue-autoscaler-currencyservice,0,60,1,,,
2026-09-01 12:59:26,autoscaler,customdas-cpu-queue-autoscaler-emailservice,4,60,1,,,
2026-09-01 12:59:26,autoscaler,customdas-cpu-queue-autoscaler-frontend,9,60,1,,,
2026-09-01 12:59:26,autoscaler,customdas-cpu-queue-autoscaler-paymentservice,3,60,1,,,
2026-09-01 12:59:26,autoscaler,customdas-cpu-queue-autoscaler-productcatalogservice,4,60,1,,,
2026-09-01 12:59:26,autoscaler,customdas-cpu-queue-autoscaler-recommendationservice,5,60,1,,,
2026-09-01 12:59:26,autoscaler,customdas-cpu-queue-autoscaler-shippingservice,3,60,1,,,
2026-09-01 12:59:26,node,ze-master-node,2879,3886,,72.0,48.9,
2026-09-01 12:59:26,node,ze-worker-node,2516,2152,,62.9,27.1,
2026-09-01 12:59:37,deployment,adservice,59,95,1,,,
2026-09-01 12:59:37,deployment,cartservice,223,76,2,,,
2026-09-01 12:59:37,deployment,checkoutservice,49,23,2,,,
2026-09-01 12:59:37,deployment,currencyservice,394,176,3,,,
2026-09-01 12:59:37,deployment,emailservice,16,40,1,,,
2026-09-01 12:59:37,deployment,frontend,580,98,8,,,
2026-09-01 12:59:37,http_p95_latency,frontend,,,,,,302.6
2026-09-01 12:59:37,deployment,paymentservice,13,31,1,,,
2026-09-01 12:59:37,deployment,productcatalogservice,397,41,5,,,
2026-09-01 12:59:37,deployment,recommendationservice,298,122,3,,,
2026-09-01 12:59:37,deployment,redis-cart,18,44,1,,,
2026-09-01 12:59:37,deployment,shippingservice,36,9,1,,,
2026-09-01 12:59:37,autoscaler,customdas-cpu-queue-autoscaler-adservice,1,60,1,,,
2026-09-01 12:59:37,autoscaler,customdas-cpu-queue-autoscaler-cartservice,4,60,1,,,
2026-09-01 12:59:37,autoscaler,customdas-cpu-queue-autoscaler-checkoutservice,4,60,1,,,
2026-09-01 12:59:37,autoscaler,customdas-cpu-queue-autoscaler-currencyservice,9,60,1,,,
2026-09-01 12:59:37,autoscaler,customdas-cpu-queue-autoscaler-emailservice,8,60,1,,,
2026-09-01 12:59:37,autoscaler,customdas-cpu-queue-autoscaler-frontend,13,60,1,,,
2026-09-01 12:59:37,autoscaler,customdas-cpu-queue-autoscaler-paymentservice,3,60,1,,,
2026-09-01 12:59:37,autoscaler,customdas-cpu-queue-autoscaler-productcatalogservice,6,60,1,,,
2026-09-01 12:59:37,autoscaler,customdas-cpu-queue-autoscaler-recommendationservice,0,60,1,,,
2026-09-01 12:59:37,autoscaler,customdas-cpu-queue-autoscaler-shippingservice,3,60,1,,,
2026-09-01 12:59:37,node,ze-master-node,3104,3886,,77.6,48.9,
2026-09-01 12:59:37,node,ze-worker-node,2803,2157,,70.1,27.2,
2026-09-01 12:59:46,deployment,adservice,59,95,1,,,
2026-09-01 12:59:46,deployment,cartservice,223,76,2,,,
2026-09-01 12:59:46,deployment,checkoutservice,49,23,2,,,
2026-09-01 12:59:46,deployment,currencyservice,394,176,3,,,
2026-09-01 12:59:46,deployment,emailservice,16,40,1,,,
2026-09-01 12:59:46,deployment,frontend,580,98,8,,,
2026-09-01 12:59:46,http_p95_latency,frontend,,,,,,327.6
2026-09-01 12:59:46,deployment,paymentservice,13,31,1,,,
2026-09-01 12:59:46,deployment,productcatalogservice,397,41,5,,,
2026-09-01 12:59:46,deployment,recommendationservice,298,122,3,,,
2026-09-01 12:59:46,deployment,redis-cart,18,44,1,,,
2026-09-01 12:59:46,deployment,shippingservice,36,9,1,,,
2026-09-01 12:59:46,autoscaler,customdas-cpu-queue-autoscaler-adservice,1,60,1,,,
2026-09-01 12:59:46,autoscaler,customdas-cpu-queue-autoscaler-cartservice,4,60,1,,,
2026-09-01 12:59:46,autoscaler,customdas-cpu-queue-autoscaler-checkoutservice,4,60,1,,,
2026-09-01 12:59:46,autoscaler,customdas-cpu-queue-autoscaler-currencyservice,9,60,1,,,
2026-09-01 12:59:46,autoscaler,customdas-cpu-queue-autoscaler-emailservice,8,60,1,,,
2026-09-01 12:59:46,autoscaler,customdas-cpu-queue-autoscaler-frontend,13,60,1,,,
2026-09-01 12:59:46,autoscaler,customdas-cpu-queue-autoscaler-paymentservice,3,60,1,,,
2026-09-01 12:59:46,autoscaler,customdas-cpu-queue-autoscaler-productcatalogservice,6,60,1,,,
2026-09-01 12:59:46,autoscaler,customdas-cpu-queue-autoscaler-recommendationservice,0,60,1,,,
2026-09-01 12:59:46,autoscaler,customdas-cpu-queue-autoscaler-shippingservice,3,60,1,,,
2026-09-01 12:59:46,node,ze-master-node,3104,3886,,77.6,48.9,
2026-09-01 12:59:46,node,ze-worker-node,2803,2157,,70.1,27.2,
2026-09-01 12:59:54,deployment,adservice,53,95,1,,,
2026-09-01 12:59:54,deployment,cartservice,188,76,2,,,
2026-09-01 12:59:54,deployment,checkoutservice,45,23,2,,,
2026-09-01 12:59:54,deployment,currencyservice,371,171,3,,,
2026-09-01 12:59:54,deployment,emailservice,17,41,1,,,
2026-09-01 12:59:54,deployment,frontend,614,99,8,,,
2026-09-01 12:59:54,http_p95_latency,frontend,,,,,,327.6
2026-09-01 12:59:54,deployment,paymentservice,10,34,1,,,
2026-09-01 12:59:54,deployment,productcatalogservice,389,41,5,,,
2026-09-01 12:59:54,deployment,recommendationservice,297,122,3,,,
2026-09-01 12:59:54,deployment,redis-cart,16,44,1,,,
2026-09-01 12:59:54,deployment,shippingservice,33,9,1,,,
2026-09-01 12:59:54,autoscaler,customdas-cpu-queue-autoscaler-adservice,1,60,1,,,
2026-09-01 12:59:54,autoscaler,customdas-cpu-queue-autoscaler-cartservice,4,60,1,,,
2026-09-01 12:59:54,autoscaler,customdas-cpu-queue-autoscaler-checkoutservice,4,60,1,,,
2026-09-01 12:59:54,autoscaler,customdas-cpu-queue-autoscaler-currencyservice,9,60,1,,,
2026-09-01 12:59:54,autoscaler,customdas-cpu-queue-autoscaler-emailservice,8,60,1,,,
2026-09-01 12:59:54,autoscaler,customdas-cpu-queue-autoscaler-frontend,13,60,1,,,
2026-09-01 12:59:54,autoscaler,customdas-cpu-queue-autoscaler-paymentservice,2,60,1,,,
2026-09-01 12:59:54,autoscaler,customdas-cpu-queue-autoscaler-productcatalogservice,5,60,1,,,
2026-09-01 12:59:54,autoscaler,customdas-cpu-queue-autoscaler-recommendationservice,6,60,1,,,
2026-09-01 12:59:54,autoscaler,customdas-cpu-queue-autoscaler-shippingservice,3,60,1,,,
2026-09-01 12:59:54,node,ze-master-node,3042,3897,,76.0,49.1,
2026-09-01 12:59:54,node,ze-worker-node,2587,2114,,64.7,26.6,
2026-09-01 13:00:03,deployment,adservice,53,95,1,,,
2026-09-01 13:00:03,deployment,cartservice,188,76,2,,,
2026-09-01 13:00:03,deployment,checkoutservice,45,23,2,,,
2026-09-01 13:00:03,deployment,currencyservice,371,171,3,,,
2026-09-01 13:00:03,deployment,emailservice,17,41,1,,,
2026-09-01 13:00:03,deployment,frontend,614,99,8,,,
2026-09-01 13:00:03,http_p95_latency,frontend,,,,,,406.5
2026-09-01 13:00:03,deployment,paymentservice,10,34,1,,,
2026-09-01 13:00:03,deployment,productcatalogservice,389,41,5,,,
2026-09-01 13:00:03,deployment,recommendationservice,297,122,3,,,
2026-09-01 13:00:03,deployment,redis-cart,19,44,1,,,
2026-09-01 13:00:03,deployment,shippingservice,35,9,1,,,
2026-09-01 13:00:03,autoscaler,customdas-cpu-queue-autoscaler-adservice,4,60,1,,,
2026-09-01 13:00:03,autoscaler,customdas-cpu-queue-autoscaler-cartservice,7,60,1,,,
2026-09-01 13:00:03,autoscaler,customdas-cpu-queue-autoscaler-checkoutservice,4,60,1,,,
2026-09-01 13:00:03,autoscaler,customdas-cpu-queue-autoscaler-currencyservice,3,60,1,,,
2026-09-01 13:00:03,autoscaler,customdas-cpu-queue-autoscaler-emailservice,3,60,1,,,
2026-09-01 13:00:03,autoscaler,customdas-cpu-queue-autoscaler-frontend,11,60,1,,,
2026-09-01 13:00:03,autoscaler,customdas-cpu-queue-autoscaler-paymentservice,3,60,1,,,
2026-09-01 13:00:03,autoscaler,customdas-cpu-queue-autoscaler-productcatalogservice,7,60,1,,,
2026-09-01 13:00:03,autoscaler,customdas-cpu-queue-autoscaler-recommendationservice,6,60,1,,,
2026-09-01 13:00:03,autoscaler,customdas-cpu-queue-autoscaler-shippingservice,4,60,1,,,
2026-09-01 13:00:03,node,ze-master-node,3086,3916,,77.1,49.3,
2026-09-01 13:00:03,node,ze-worker-node,2537,2112,,63.4,26.6,
2026-09-01 13:00:11,deployment,adservice,56,95,1,,,
2026-09-01 13:00:11,deployment,cartservice,210,76,2,,,
2026-09-01 13:00:11,deployment,checkoutservice,51,23,2,,,
2026-09-01 13:00:11,deployment,currencyservice,379,173,3,,,
2026-09-01 13:00:11,deployment,emailservice,16,40,1,,,
2026-09-01 13:00:11,deployment,frontend,714,98,9,,,
2026-09-01 13:00:11,http_p95_latency,frontend,,,,,,445.9
2026-09-01 13:00:11,deployment,paymentservice,10,34,1,,,
2026-09-01 13:00:11,deployment,productcatalogservice,391,41,5,,,
2026-09-01 13:00:11,deployment,recommendationservice,285,124,3,,,
2026-09-01 13:00:11,deployment,redis-cart,19,44,1,,,
2026-09-01 13:00:11,deployment,shippingservice,35,9,1,,,
2026-09-01 13:00:11,autoscaler,customdas-cpu-queue-autoscaler-adservice,4,60,1,,,
2026-09-01 13:00:11,autoscaler,customdas-cpu-queue-autoscaler-cartservice,7,60,1,,,
2026-09-01 13:00:11,autoscaler,customdas-cpu-queue-autoscaler-checkoutservice,4,60,1,,,
2026-09-01 13:00:11,autoscaler,customdas-cpu-queue-autoscaler-currencyservice,3,60,1,,,
2026-09-01 13:00:11,autoscaler,customdas-cpu-queue-autoscaler-emailservice,3,60,1,,,
2026-09-01 13:00:11,autoscaler,customdas-cpu-queue-autoscaler-frontend,11,60,1,,,
2026-09-01 13:00:11,autoscaler,customdas-cpu-queue-autoscaler-paymentservice,3,60,1,,,
2026-09-01 13:00:11,autoscaler,customdas-cpu-queue-autoscaler-productcatalogservice,7,60,1,,,
2026-09-01 13:00:11,autoscaler,customdas-cpu-queue-autoscaler-recommendationservice,6,60,1,,,
2026-09-01 13:00:11,autoscaler,customdas-cpu-queue-autoscaler-shippingservice,4,60,1,,,
2026-09-01 13:00:11,node,ze-master-node,3086,3916,,77.1,49.3,
2026-09-01 13:00:11,node,ze-worker-node,2537,2112,,63.4,26.6,
2026-09-01 13:00:23,deployment,adservice,64,95,1,,,
2026-09-01 13:00:23,deployment,cartservice,192,76,2,,,
2026-09-01 13:00:23,deployment,checkoutservice,49,23,2,,,
2026-09-01 13:00:23,deployment,currencyservice,391,174,3,,,
2026-09-01 13:00:23,deployment,emailservice,17,40,1,,,
2026-09-01 13:00:23,deployment,frontend,738,106,9,,,
2026-09-01 13:00:23,http_p95_latency,frontend,,,,,,445.9
2026-09-01 13:00:23,deployment,paymentservice,11,32,1,,,
2026-09-01 13:00:23,deployment,productcatalogservice,403,41,5,,,
2026-09-01 13:00:23,deployment,recommendationservice,295,124,3,,,
2026-09-01 13:00:23,deployment,redis-cart,18,44,1,,,
2026-09-01 13:00:23,deployment,shippingservice,33,9,1,,,
2026-09-01 13:00:23,autoscaler,customdas-cpu-queue-autoscaler-adservice,1,60,1,,,
2026-09-01 13:00:23,autoscaler,customdas-cpu-queue-autoscaler-cartservice,0,60,1,,,
2026-09-01 13:00:23,autoscaler,customdas-cpu-queue-autoscaler-checkoutservice,4,60,1,,,
2026-09-01 13:00:23,autoscaler,customdas-cpu-queue-autoscaler-currencyservice,6,60,1,,,
2026-09-01 13:00:23,autoscaler,customdas-cpu-queue-autoscaler-emailservice,5,60,1,,,
2026-09-01 13:00:23,autoscaler,customdas-cpu-queue-autoscaler-frontend,10,60,1,,,
2026-09-01 13:00:23,autoscaler,customdas-cpu-queue-autoscaler-paymentservice,2,60,1,,,
2026-09-01 13:00:23,autoscaler,customdas-cpu-queue-autoscaler-productcatalogservice,4,60,1,,,
2026-09-01 13:00:23,autoscaler,customdas-cpu-queue-autoscaler-recommendationservice,8,60,1,,,
2026-09-01 13:00:23,autoscaler,customdas-cpu-queue-autoscaler-shippingservice,6,60,1,,,
2026-09-01 13:00:23,node,ze-master-node,3539,3940,,88.5,49.6,
2026-09-01 13:00:23,node,ze-worker-node,2670,2124,,66.8,26.7,
2026-09-01 13:00:33,deployment,adservice,64,95,1,,,
2026-09-01 13:00:33,deployment,cartservice,192,76,2,,,
2026-09-01 13:00:33,deployment,checkoutservice,53,23,2,,,
2026-09-01 13:00:33,deployment,currencyservice,402,171,3,,,
2026-09-01 13:00:33,deployment,emailservice,16,40,1,,,
2026-09-01 13:00:33,deployment,frontend,736,106,9,,,
2026-09-01 13:00:33,http_p95_latency,frontend,,,,,,467.5
2026-09-01 13:00:33,deployment,paymentservice,11,32,1,,,
2026-09-01 13:00:33,deployment,productcatalogservice,408,41,5,,,
2026-09-01 13:00:33,deployment,recommendationservice,303,122,3,,,
2026-09-01 13:00:33,deployment,redis-cart,20,44,1,,,
2026-09-01 13:00:33,deployment,shippingservice,33,9,1,,,
2026-09-01 13:00:33,autoscaler,customdas-cpu-queue-autoscaler-adservice,4,60,1,,,
2026-09-01 13:00:33,autoscaler,customdas-cpu-queue-autoscaler-cartservice,5,60,1,,,
2026-09-01 13:00:33,autoscaler,customdas-cpu-queue-autoscaler-checkoutservice,5,60,1,,,
2026-09-01 13:00:33,autoscaler,customdas-cpu-queue-autoscaler-currencyservice,6,60,1,,,
2026-09-01 13:00:33,autoscaler,customdas-cpu-queue-autoscaler-emailservice,6,60,1,,,
2026-09-01 13:00:33,autoscaler,customdas-cpu-queue-autoscaler-frontend,11,60,1,,,
2026-09-01 13:00:33,autoscaler,customdas-cpu-queue-autoscaler-paymentservice,3,60,1,,,
2026-09-01 13:00:33,autoscaler,customdas-cpu-queue-autoscaler-productcatalogservice,8,60,1,,,
2026-09-01 13:00:33,autoscaler,customdas-cpu-queue-autoscaler-recommendationservice,9,60,1,,,
2026-09-01 13:00:33,autoscaler,customdas-cpu-queue-autoscaler-shippingservice,4,60,1,,,
2026-09-01 13:00:33,node,ze-master-node,3412,3954,,85.3,49.8,
2026-09-01 13:00:33,node,ze-worker-node,2612,2120,,65.3,26.7,
2026-09-01 13:00:44,deployment,adservice,60,95,1,,,
2026-09-01 13:00:44,deployment,cartservice,202,76,2,,,
2026-09-01 13:00:44,deployment,checkoutservice,53,23,2,,,
2026-09-01 13:00:44,deployment,currencyservice,402,171,3,,,
2026-09-01 13:00:44,deployment,emailservice,16,40,1,,,
2026-09-01 13:00:44,deployment,frontend,736,106,10,,,
2026-09-01 13:00:44,http_p95_latency,frontend,,,,,,453.5
2026-09-01 13:00:44,deployment,paymentservice,11,32,1,,,
2026-09-01 13:00:44,deployment,productcatalogservice,408,41,5,,,
2026-09-01 13:00:44,deployment,recommendationservice,303,122,3,,,
2026-09-01 13:00:44,deployment,redis-cart,20,44,1,,,
2026-09-01 13:00:44,deployment,shippingservice,33,9,1,,,
2026-09-01 13:00:44,autoscaler,customdas-cpu-queue-autoscaler-adservice,4,60,1,,,
2026-09-01 13:00:44,autoscaler,customdas-cpu-queue-autoscaler-cartservice,5,60,1,,,
2026-09-01 13:00:44,autoscaler,customdas-cpu-queue-autoscaler-checkoutservice,5,60,1,,,
2026-09-01 13:00:44,autoscaler,customdas-cpu-queue-autoscaler-currencyservice,6,60,1,,,
2026-09-01 13:00:44,autoscaler,customdas-cpu-queue-autoscaler-emailservice,6,60,1,,,
2026-09-01 13:00:44,autoscaler,customdas-cpu-queue-autoscaler-frontend,11,60,1,,,
2026-09-01 13:00:44,autoscaler,customdas-cpu-queue-autoscaler-paymentservice,3,60,1,,,
2026-09-01 13:00:44,autoscaler,customdas-cpu-queue-autoscaler-productcatalogservice,8,60,1,,,
2026-09-01 13:00:44,autoscaler,customdas-cpu-queue-autoscaler-recommendationservice,9,60,1,,,
2026-09-01 13:00:44,autoscaler,customdas-cpu-queue-autoscaler-shippingservice,4,60,1,,,
2026-09-01 13:00:44,node,ze-master-node,3412,3954,,85.3,49.8,
2026-09-01 13:00:44,node,ze-worker-node,2612,2120,,65.3,26.7,
2026-09-01 13:00:53,deployment,adservice,60,95,1,,,
2026-09-01 13:00:53,deployment,cartservice,195,76,2,,,
2026-09-01 13:00:53,deployment,checkoutservice,61,22,2,,,
2026-09-01 13:00:53,deployment,currencyservice,410,174,3,,,
2026-09-01 13:00:53,deployment,emailservice,18,40,1,,,
2026-09-01 13:00:53,deployment,frontend,822,115,10,,,
2026-09-01 13:00:53,http_p95_latency,frontend,,,,,,453.5
2026-09-01 13:00:53,deployment,paymentservice,12,31,1,,,
2026-09-01 13:00:53,deployment,productcatalogservice,424,41,5,,,
2026-09-01 13:00:53,deployment,recommendationservice,317,122,3,,,
2026-09-01 13:00:53,deployment,redis-cart,65,44,1,,,
2026-09-01 13:00:53,deployment,shippingservice,41,9,1,,,
2026-09-01 13:00:53,autoscaler,customdas-cpu-queue-autoscaler-adservice,4,60,1,,,
2026-09-01 13:00:53,autoscaler,customdas-cpu-queue-autoscaler-cartservice,9,60,1,,,
2026-09-01 13:00:53,autoscaler,customdas-cpu-queue-autoscaler-checkoutservice,4,60,1,,,
2026-09-01 13:00:53,autoscaler,customdas-cpu-queue-autoscaler-currencyservice,10,60,1,,,
2026-09-01 13:00:53,autoscaler,customdas-cpu-queue-autoscaler-emailservice,2,60,1,,,
2026-09-01 13:00:53,autoscaler,customdas-cpu-queue-autoscaler-frontend,17,60,1,,,
2026-09-01 13:00:53,autoscaler,customdas-cpu-queue-autoscaler-paymentservice,5,60,1,,,
2026-09-01 13:00:53,autoscaler,customdas-cpu-queue-autoscaler-productcatalogservice,11,60,1,,,
2026-09-01 13:00:53,autoscaler,customdas-cpu-queue-autoscaler-recommendationservice,7,60,1,,,
2026-09-01 13:00:53,autoscaler,customdas-cpu-queue-autoscaler-shippingservice,4,60,1,,,
2026-09-01 13:00:53,node,ze-master-node,3410,3963,,85.2,49.9,
2026-09-01 13:00:53,node,ze-worker-node,2752,2134,,68.8,26.9,
2026-09-01 13:01:02,deployment,adservice,60,95,1,,,
2026-09-01 13:01:02,deployment,cartservice,174,76,2,,,
2026-09-01 13:01:02,deployment,checkoutservice,48,22,2,,,
2026-09-01 13:01:02,deployment,currencyservice,363,174,3,,,
2026-09-01 13:01:02,deployment,emailservice,18,40,1,,,
2026-09-01 13:01:02,deployment,frontend,777,119,10,,,
2026-09-01 13:01:02,http_p95_latency,frontend,,,,,,486.1
2026-09-01 13:01:02,deployment,paymentservice,12,31,1,,,
2026-09-01 13:01:02,deployment,productcatalogservice,392,41,5,,,
2026-09-01 13:01:02,deployment,recommendationservice,280,122,3,,,
2026-09-01 13:01:02,deployment,redis-cart,15,44,1,,,
2026-09-01 13:01:02,deployment,shippingservice,30,9,1,,,
2026-09-01 13:01:02,autoscaler,customdas-cpu-queue-autoscaler-adservice,2,60,1,,,
2026-09-01 13:01:02,autoscaler,customdas-cpu-queue-autoscaler-cartservice,5,60,1,,,
2026-09-01 13:01:02,autoscaler,customdas-cpu-queue-autoscaler-checkoutservice,4,60,1,,,
2026-09-01 13:01:02,autoscaler,customdas-cpu-queue-autoscaler-currencyservice,3,60,1,,,
2026-09-01 13:01:02,autoscaler,customdas-cpu-queue-autoscaler-emailservice,2,60,1,,,
2026-09-01 13:01:02,autoscaler,customdas-cpu-queue-autoscaler-frontend,18,60,1,,,
2026-09-01 13:01:02,autoscaler,customdas-cpu-queue-autoscaler-paymentservice,3,60,1,,,
2026-09-01 13:01:02,autoscaler,customdas-cpu-queue-autoscaler-productcatalogservice,4,60,1,,,
2026-09-01 13:01:02,autoscaler,customdas-cpu-queue-autoscaler-recommendationservice,5,60,1,,,
2026-09-01 13:01:02,autoscaler,customdas-cpu-queue-autoscaler-shippingservice,4,60,1,,,
2026-09-01 13:01:02,node,ze-master-node,3098,3901,,77.5,49.1,
2026-09-01 13:01:02,node,ze-worker-node,2512,2143,,62.8,27.0,
2026-09-01 13:01:15,deployment,adservice,55,95,1,,,
2026-09-01 13:01:15,deployment,cartservice,174,76,2,,,
2026-09-01 13:01:15,deployment,checkoutservice,48,22,2,,,
2026-09-01 13:01:15,deployment,currencyservice,363,174,3,,,
2026-09-01 13:01:15,deployment,emailservice,18,40,1,,,
2026-09-01 13:01:15,deployment,frontend,777,119,11,,,
2026-09-01 13:01:15,http_p95_latency,frontend,,,,,,546.4
2026-09-01 13:01:15,deployment,paymentservice,12,31,1,,,
2026-09-01 13:01:15,deployment,productcatalogservice,392,41,5,,,
2026-09-01 13:01:15,deployment,recommendationservice,280,122,3,,,
2026-09-01 13:01:15,deployment,redis-cart,15,44,1,,,
2026-09-01 13:01:15,deployment,shippingservice,35,9,1,,,
2026-09-01 13:01:15,autoscaler,customdas-cpu-queue-autoscaler-adservice,2,60,1,,,
2026-09-01 13:01:15,autoscaler,customdas-cpu-queue-autoscaler-cartservice,4,60,1,,,
2026-09-01 13:01:15,autoscaler,customdas-cpu-queue-autoscaler-checkoutservice,4,60,1,,,
2026-09-01 13:01:15,autoscaler,customdas-cpu-queue-autoscaler-currencyservice,6,60,1,,,
2026-09-01 13:01:15,autoscaler,customdas-cpu-queue-autoscaler-emailservice,7,60,1,,,
2026-09-01 13:01:15,autoscaler,customdas-cpu-queue-autoscaler-frontend,16,60,1,,,
2026-09-01 13:01:15,autoscaler,customdas-cpu-queue-autoscaler-paymentservice,4,60,1,,,
2026-09-01 13:01:15,autoscaler,customdas-cpu-queue-autoscaler-productcatalogservice,7,60,1,,,
2026-09-01 13:01:15,autoscaler,customdas-cpu-queue-autoscaler-recommendationservice,7,60,1,,,
2026-09-01 13:01:15,autoscaler,customdas-cpu-queue-autoscaler-shippingservice,2,60,1,,,
2026-09-01 13:01:15,node,ze-master-node,3345,3873,,83.6,48.8,
2026-09-01 13:01:15,node,ze-worker-node,2702,2154,,67.5,27.1,
2026-09-01 13:01:27,deployment,adservice,60,95,1,,,
2026-09-01 13:01:27,deployment,cartservice,179,76,3,,,
2026-09-01 13:01:27,deployment,checkoutservice,51,21,2,,,
2026-09-01 13:01:27,deployment,currencyservice,386,176,3,,,
2026-09-01 13:01:27,deployment,emailservice,20,40,1,,,
2026-09-01 13:01:27,deployment,frontend,808,121,11,,,
2026-09-01 13:01:27,http_p95_latency,frontend,,,,,,636.1
2026-09-01 13:01:27,deployment,paymentservice,13,32,1,,,
2026-09-01 13:01:27,deployment,productcatalogservice,399,41,5,,,
2026-09-01 13:01:27,deployment,recommendationservice,308,122,4,,,
2026-09-01 13:01:27,deployment,redis-cart,18,44,1,,,
2026-09-01 13:01:27,deployment,shippingservice,35,9,1,,,
2026-09-01 13:01:27,autoscaler,customdas-cpu-queue-autoscaler-adservice,2,60,1,,,
2026-09-01 13:01:27,autoscaler,customdas-cpu-queue-autoscaler-cartservice,4,60,1,,,
2026-09-01 13:01:27,autoscaler,customdas-cpu-queue-autoscaler-checkoutservice,4,60,1,,,
2026-09-01 13:01:27,autoscaler,customdas-cpu-queue-autoscaler-currencyservice,6,60,1,,,
2026-09-01 13:01:27,autoscaler,customdas-cpu-queue-autoscaler-emailservice,7,60,1,,,
2026-09-01 13:01:27,autoscaler,customdas-cpu-queue-autoscaler-frontend,16,60,1,,,
2026-09-01 13:01:27,autoscaler,customdas-cpu-queue-autoscaler-paymentservice,4,60,1,,,
2026-09-01 13:01:27,autoscaler,customdas-cpu-queue-autoscaler-productcatalogservice,7,60,1,,,
2026-09-01 13:01:27,autoscaler,customdas-cpu-queue-autoscaler-recommendationservice,7,60,1,,,
2026-09-01 13:01:27,autoscaler,customdas-cpu-queue-autoscaler-shippingservice,2,60,1,,,
2026-09-01 13:01:27,node,ze-master-node,3345,3873,,83.6,48.8,
2026-09-01 13:01:27,node,ze-worker-node,2702,2154,,67.5,27.1,
2026-09-01 13:01:38,deployment,adservice,57,95,1,,,
2026-09-01 13:01:38,deployment,cartservice,240,90,3,,,
2026-09-01 13:01:38,deployment,checkoutservice,53,23,2,,,
2026-09-01 13:01:38,deployment,currencyservice,405,169,3,,,
2026-09-01 13:01:38,deployment,emailservice,18,40,1,,,
2026-09-01 13:01:38,deployment,frontend,853,129,11,,,
2026-09-01 13:01:38,http_p95_latency,frontend,,,,,,636.1
2026-09-01 13:01:38,deployment,paymentservice,12,32,1,,,
2026-09-01 13:01:38,deployment,productcatalogservice,412,43,5,,,
2026-09-01 13:01:38,deployment,recommendationservice,377,164,4,,,
2026-09-01 13:01:38,deployment,redis-cart,18,44,1,,,
2026-09-01 13:01:38,deployment,shippingservice,36,9,1,,,
2026-09-01 13:01:38,autoscaler,customdas-cpu-queue-autoscaler-adservice,3,60,1,,,
2026-09-01 13:01:38,autoscaler,customdas-cpu-queue-autoscaler-cartservice,9,60,1,,,
2026-09-01 13:01:38,autoscaler,customdas-cpu-queue-autoscaler-checkoutservice,4,60,1,,,
2026-09-01 13:01:38,autoscaler,customdas-cpu-queue-autoscaler-currencyservice,4,60,1,,,
2026-09-01 13:01:38,autoscaler,customdas-cpu-queue-autoscaler-emailservice,4,60,1,,,
2026-09-01 13:01:38,autoscaler,customdas-cpu-queue-autoscaler-frontend,8,60,1,,,
2026-09-01 13:01:38,autoscaler,customdas-cpu-queue-autoscaler-paymentservice,5,60,1,,,
2026-09-01 13:01:38,autoscaler,customdas-cpu-queue-autoscaler-productcatalogservice,0,60,1,,,
2026-09-01 13:01:38,autoscaler,customdas-cpu-queue-autoscaler-recommendationservice,5,60,1,,,
2026-09-01 13:01:38,autoscaler,customdas-cpu-queue-autoscaler-shippingservice,5,60,1,,,
2026-09-01 13:01:38,node,ze-master-node,3372,3927,,84.3,49.5,
2026-09-01 13:01:38,node,ze-worker-node,2702,2206,,67.5,27.8,
2026-09-01 13:01:48,deployment,adservice,57,95,1,,,
2026-09-01 13:01:48,deployment,cartservice,240,90,3,,,
2026-09-01 13:01:48,deployment,checkoutservice,53,23,2,,,
2026-09-01 13:01:48,deployment,currencyservice,405,169,3,,,
2026-09-01 13:01:48,deployment,emailservice,18,40,1,,,
2026-09-01 13:01:48,deployment,frontend,853,129,11,,,
2026-09-01 13:01:48,http_p95_latency,frontend,,,,,,496.4
2026-09-01 13:01:48,deployment,paymentservice,12,32,1,,,
2026-09-01 13:01:48,deployment,productcatalogservice,412,43,5,,,
2026-09-01 13:01:48,deployment,recommendationservice,377,164,4,,,
2026-09-01 13:01:48,deployment,redis-cart,17,44,1,,,
2026-09-01 13:01:48,deployment,shippingservice,37,9,1,,,
2026-09-01 13:01:48,autoscaler,customdas-cpu-queue-autoscaler-adservice,5,60,1,,,
2026-09-01 13:01:48,autoscaler,customdas-cpu-queue-autoscaler-cartservice,0,60,1,,,
2026-09-01 13:01:48,autoscaler,customdas-cpu-queue-autoscaler-checkoutservice,4,60,1,,,
2026-09-01 13:01:48,autoscaler,customdas-cpu-queue-autoscaler-currencyservice,3,60,1,,,
2026-09-01 13:01:48,autoscaler,customdas-cpu-queue-autoscaler-emailservice,3,60,1,,,
2026-09-01 13:01:48,autoscaler,customdas-cpu-queue-autoscaler-frontend,11,60,1,,,
2026-09-01 13:01:48,autoscaler,customdas-cpu-queue-autoscaler-paymentservice,6,60,1,,,
2026-09-01 13:01:48,autoscaler,customdas-cpu-queue-autoscaler-productcatalogservice,11,60,1,,,
2026-09-01 13:01:48,autoscaler,customdas-cpu-queue-autoscaler-recommendationservice,7,60,1,,,
2026-09-01 13:01:48,autoscaler,customdas-cpu-queue-autoscaler-shippingservice,5,60,1,,,
2026-09-01 13:01:48,node,ze-master-node,3314,3851,,82.8,48.5,
2026-09-01 13:01:48,node,ze-worker-node,2822,2216,,70.5,27.9,
2026-09-01 13:01:57,deployment,adservice,58,95,1,,,
2026-09-01 13:01:57,deployment,cartservice,358,101,3,,,
2026-09-01 13:01:57,deployment,checkoutservice,61,23,2,,,
2026-09-01 13:01:57,deployment,currencyservice,395,179,3,,,
2026-09-01 13:01:57,deployment,emailservice,18,40,1,,,
2026-09-01 13:01:57,deployment,frontend,834,130,11,,,
2026-09-01 13:01:57,http_p95_latency,frontend,,,,,,467.8
2026-09-01 13:01:57,deployment,paymentservice,12,32,1,,,
2026-09-01 13:01:57,deployment,productcatalogservice,431,42,5,,,
2026-09-01 13:01:57,deployment,recommendationservice,352,161,4,,,
2026-09-01 13:01:57,deployment,redis-cart,17,44,1,,,
2026-09-01 13:01:57,deployment,shippingservice,37,9,1,,,
2026-09-01 13:01:57,autoscaler,customdas-cpu-queue-autoscaler-adservice,5,60,1,,,
2026-09-01 13:01:57,autoscaler,customdas-cpu-queue-autoscaler-cartservice,0,60,1,,,
2026-09-01 13:01:57,autoscaler,customdas-cpu-queue-autoscaler-checkoutservice,4,60,1,,,
2026-09-01 13:01:57,autoscaler,customdas-cpu-queue-autoscaler-currencyservice,3,60,1,,,
2026-09-01 13:01:57,autoscaler,customdas-cpu-queue-autoscaler-emailservice,3,60,1,,,
2026-09-01 13:01:57,autoscaler,customdas-cpu-queue-autoscaler-frontend,11,60,1,,,
2026-09-01 13:01:57,autoscaler,customdas-cpu-queue-autoscaler-paymentservice,6,60,1,,,
2026-09-01 13:01:57,autoscaler,customdas-cpu-queue-autoscaler-productcatalogservice,11,60,1,,,
2026-09-01 13:01:57,autoscaler,customdas-cpu-queue-autoscaler-recommendationservice,7,60,1,,,
2026-09-01 13:01:57,autoscaler,customdas-cpu-queue-autoscaler-shippingservice,5,60,1,,,
2026-09-01 13:01:57,node,ze-master-node,3314,3851,,82.8,48.5,
2026-09-01 13:01:57,node,ze-worker-node,2822,2216,,70.5,27.9,
2026-09-01 13:02:06,deployment,adservice,63,95,1,,,
2026-09-01 13:02:06,deployment,cartservice,386,110,3,,,
2026-09-01 13:02:06,deployment,checkoutservice,55,23,2,,,
2026-09-01 13:02:06,deployment,currencyservice,402,185,3,,,
2026-09-01 13:02:06,deployment,emailservice,18,40,1,,,
2026-09-01 13:02:06,deployment,frontend,860,130,11,,,
2026-09-01 13:02:06,http_p95_latency,frontend,,,,,,467.8
2026-09-01 13:02:06,deployment,paymentservice,13,32,1,,,
2026-09-01 13:02:06,deployment,productcatalogservice,431,44,5,,,
2026-09-01 13:02:06,deployment,recommendationservice,351,161,4,,,
2026-09-01 13:02:06,deployment,redis-cart,19,44,1,,,
2026-09-01 13:02:06,deployment,shippingservice,36,9,1,,,
2026-09-01 13:02:06,autoscaler,customdas-cpu-queue-autoscaler-adservice,3,60,1,,,
2026-09-01 13:02:06,autoscaler,customdas-cpu-queue-autoscaler-cartservice,5,60,1,,,
2026-09-01 13:02:06,autoscaler,customdas-cpu-queue-autoscaler-checkoutservice,4,60,1,,,
2026-09-01 13:02:06,autoscaler,customdas-cpu-queue-autoscaler-currencyservice,3,60,1,,,
2026-09-01 13:02:06,autoscaler,customdas-cpu-queue-autoscaler-emailservice,2,60,1,,,
2026-09-01 13:02:06,autoscaler,customdas-cpu-queue-autoscaler-frontend,14,60,1,,,
2026-09-01 13:02:06,autoscaler,customdas-cpu-queue-autoscaler-paymentservice,2,60,1,,,
2026-09-01 13:02:06,autoscaler,customdas-cpu-queue-autoscaler-productcatalogservice,5,60,1,,,
2026-09-01 13:02:06,autoscaler,customdas-cpu-queue-autoscaler-recommendationservice,6,60,1,,,
2026-09-01 13:02:06,autoscaler,customdas-cpu-queue-autoscaler-shippingservice,2,60,1,,,
2026-09-01 13:02:06,node,ze-master-node,3291,3851,,82.3,48.5,
2026-09-01 13:02:06,node,ze-worker-node,2866,2213,,71.7,27.9,
2026-09-01 13:02:16,deployment,adservice,63,95,1,,,
2026-09-01 13:02:16,deployment,cartservice,386,110,3,,,
2026-09-01 13:02:16,deployment,checkoutservice,55,23,3,,,
2026-09-01 13:02:16,deployment,currencyservice,402,185,3,,,
2026-09-01 13:02:16,deployment,emailservice,18,40,1,,,
2026-09-01 13:02:16,deployment,frontend,860,130,12,,,
2026-09-01 13:02:16,http_p95_latency,frontend,,,,,,406.2
2026-09-01 13:02:16,deployment,paymentservice,13,32,1,,,
2026-09-01 13:02:16,deployment,productcatalogservice,431,44,5,,,
2026-09-01 13:02:16,deployment,recommendationservice,351,161,4,,,
2026-09-01 13:02:16,deployment,redis-cart,19,44,1,,,
2026-09-01 13:02:16,deployment,shippingservice,36,9,1,,,
2026-09-01 13:02:16,autoscaler,customdas-cpu-queue-autoscaler-adservice,3,60,1,,,
2026-09-01 13:02:16,autoscaler,customdas-cpu-queue-autoscaler-cartservice,5,60,1,,,
2026-09-01 13:02:16,autoscaler,customdas-cpu-queue-autoscaler-checkoutservice,4,60,1,,,
2026-09-01 13:02:16,autoscaler,customdas-cpu-queue-autoscaler-currencyservice,3,60,1,,,
2026-09-01 13:02:16,autoscaler,customdas-cpu-queue-autoscaler-emailservice,2,60,1,,,
2026-09-01 13:02:16,autoscaler,customdas-cpu-queue-autoscaler-frontend,14,60,1,,,
2026-09-01 13:02:16,autoscaler,customdas-cpu-queue-autoscaler-paymentservice,2,60,1,,,
2026-09-01 13:02:16,autoscaler,customdas-cpu-queue-autoscaler-productcatalogservice,5,60,1,,,
2026-09-01 13:02:16,autoscaler,customdas-cpu-queue-autoscaler-recommendationservice,6,60,1,,,
2026-09-01 13:02:16,autoscaler,customdas-cpu-queue-autoscaler-shippingservice,4,60,1,,,
2026-09-01 13:02:16,node,ze-master-node,3307,3889,,82.7,49.0,
2026-09-01 13:02:16,node,ze-worker-node,3010,2195,,75.2,27.6,
2026-09-01 13:02:24,deployment,adservice,63,95,1,,,
2026-09-01 13:02:24,deployment,cartservice,246,109,3,,,
2026-09-01 13:02:24,deployment,checkoutservice,75,31,3,,,
2026-09-01 13:02:24,deployment,currencyservice,398,187,3,,,
2026-09-01 13:02:24,deployment,emailservice,17,40,1,,,
2026-09-01 13:02:24,deployment,frontend,866,131,12,,,
2026-09-01 13:02:24,http_p95_latency,frontend,,,,,,321.4
2026-09-01 13:02:24,deployment,paymentservice,10,32,1,,,
2026-09-01 13:02:24,deployment,productcatalogservice,422,42,5,,,
2026-09-01 13:02:24,deployment,recommendationservice,340,161,4,,,
2026-09-01 13:02:24,deployment,redis-cart,20,44,1,,,
2026-09-01 13:02:24,deployment,shippingservice,35,9,1,,,
2026-09-01 13:02:24,autoscaler,customdas-cpu-queue-autoscaler-adservice,3,60,1,,,
2026-09-01 13:02:24,autoscaler,customdas-cpu-queue-autoscaler-cartservice,8,60,1,,,
2026-09-01 13:02:24,autoscaler,customdas-cpu-queue-autoscaler-checkoutservice,4,60,1,,,
2026-09-01 13:02:24,autoscaler,customdas-cpu-queue-autoscaler-currencyservice,6,60,1,,,
2026-09-01 13:02:24,autoscaler,customdas-cpu-queue-autoscaler-emailservice,12,60,1,,,
2026-09-01 13:02:24,autoscaler,customdas-cpu-queue-autoscaler-frontend,0,60,1,,,
2026-09-01 13:02:24,autoscaler,customdas-cpu-queue-autoscaler-paymentservice,8,60,1,,,
2026-09-01 13:02:24,autoscaler,customdas-cpu-queue-autoscaler-productcatalogservice,0,60,1,,,
2026-09-01 13:02:24,autoscaler,customdas-cpu-queue-autoscaler-recommendationservice,6,60,1,,,
2026-09-01 13:02:24,autoscaler,customdas-cpu-queue-autoscaler-shippingservice,4,60,1,,,
2026-09-01 13:02:24,node,ze-master-node,3307,3889,,82.7,49.0,
2026-09-01 13:02:24,node,ze-worker-node,3010,2195,,75.2,27.6,
2026-09-01 13:02:35,deployment,adservice,53,95,1,,,
2026-09-01 13:02:35,deployment,cartservice,217,110,3,,,
2026-09-01 13:02:35,deployment,checkoutservice,51,32,3,,,
2026-09-01 13:02:35,deployment,currencyservice,353,182,3,,,
2026-09-01 13:02:35,deployment,emailservice,17,40,1,,,
2026-09-01 13:02:35,deployment,frontend,760,139,12,,,
2026-09-01 13:02:35,http_p95_latency,frontend,,,,,,250.0
2026-09-01 13:02:35,deployment,paymentservice,11,32,1,,,
2026-09-01 13:02:35,deployment,productcatalogservice,398,43,5,,,
2026-09-01 13:02:35,deployment,recommendationservice,302,164,4,,,
2026-09-01 13:02:35,deployment,redis-cart,17,44,1,,,
2026-09-01 13:02:35,deployment,shippingservice,33,9,1,,,
2026-09-01 13:02:35,autoscaler,customdas-cpu-queue-autoscaler-adservice,9,60,1,,,
2026-09-01 13:02:35,autoscaler,customdas-cpu-queue-autoscaler-cartservice,0,60,1,,,
2026-09-01 13:02:35,autoscaler,customdas-cpu-queue-autoscaler-checkoutservice,8,60,1,,,
2026-09-01 13:02:35,autoscaler,customdas-cpu-queue-autoscaler-currencyservice,6,60,1,,,
2026-09-01 13:02:35,autoscaler,customdas-cpu-queue-autoscaler-emailservice,3,60,1,,,
2026-09-01 13:02:35,autoscaler,customdas-cpu-queue-autoscaler-frontend,16,60,1,,,
2026-09-01 13:02:35,autoscaler,customdas-cpu-queue-autoscaler-paymentservice,2,60,1,,,
2026-09-01 13:02:35,autoscaler,customdas-cpu-queue-autoscaler-productcatalogservice,6,60,1,,,
2026-09-01 13:02:35,autoscaler,customdas-cpu-queue-autoscaler-recommendationservice,6,60,1,,,
2026-09-01 13:02:35,autoscaler,customdas-cpu-queue-autoscaler-shippingservice,9,60,1,,,
2026-09-01 13:02:35,node,ze-master-node,3061,3860,,76.5,48.6,
2026-09-01 13:02:35,node,ze-worker-node,2569,2197,,64.2,27.7,
2026-09-01 13:02:45,deployment,adservice,53,95,1,,,
2026-09-01 13:02:45,deployment,cartservice,217,110,3,,,
2026-09-01 13:02:45,deployment,checkoutservice,51,32,3,,,
2026-09-01 13:02:45,deployment,currencyservice,353,182,3,,,
2026-09-01 13:02:45,deployment,emailservice,17,40,1,,,
2026-09-01 13:02:45,deployment,frontend,760,139,12,,,
2026-09-01 13:02:45,http_p95_latency,frontend,,,,,,241.2
2026-09-01 13:02:45,deployment,paymentservice,11,32,1,,,
2026-09-01 13:02:45,deployment,productcatalogservice,398,43,5,,,
2026-09-01 13:02:45,deployment,recommendationservice,302,164,4,,,
2026-09-01 13:02:45,deployment,redis-cart,17,44,1,,,
2026-09-01 13:02:45,deployment,shippingservice,33,9,1,,,
2026-09-01 13:02:45,autoscaler,customdas-cpu-queue-autoscaler-adservice,9,60,1,,,
2026-09-01 13:02:45,autoscaler,customdas-cpu-queue-autoscaler-cartservice,0,60,1,,,
2026-09-01 13:02:45,autoscaler,customdas-cpu-queue-autoscaler-checkoutservice,8,60,1,,,
2026-09-01 13:02:45,autoscaler,customdas-cpu-queue-autoscaler-currencyservice,6,60,1,,,
2026-09-01 13:02:45,autoscaler,customdas-cpu-queue-autoscaler-emailservice,3,60,1,,,
2026-09-01 13:02:45,autoscaler,customdas-cpu-queue-autoscaler-frontend,16,60,1,,,
2026-09-01 13:02:45,autoscaler,customdas-cpu-queue-autoscaler-paymentservice,2,60,1,,,
2026-09-01 13:02:45,autoscaler,customdas-cpu-queue-autoscaler-productcatalogservice,6,60,1,,,
2026-09-01 13:02:45,autoscaler,customdas-cpu-queue-autoscaler-recommendationservice,6,60,1,,,
2026-09-01 13:02:45,autoscaler,customdas-cpu-queue-autoscaler-shippingservice,9,60,1,,,
2026-09-01 13:02:45,node,ze-master-node,3061,3860,,76.5,48.6,
2026-09-01 13:02:45,node,ze-worker-node,2569,2197,,64.2,27.7,
2026-09-01 13:02:53,deployment,adservice,53,95,1,,,
2026-09-01 13:02:53,deployment,cartservice,203,110,3,,,
2026-09-01 13:02:53,deployment,checkoutservice,46,30,3,,,
2026-09-01 13:02:53,deployment,currencyservice,361,183,3,,,
2026-09-01 13:02:53,deployment,emailservice,17,40,1,,,
2026-09-01 13:02:53,deployment,frontend,725,140,12,,,
2026-09-01 13:02:53,http_p95_latency,frontend,,,,,,241.2
2026-09-01 13:02:53,deployment,paymentservice,11,32,1,,,
2026-09-01 13:02:53,deployment,productcatalogservice,377,43,5,,,
2026-09-01 13:02:53,deployment,recommendationservice,289,161,4,,,
2026-09-01 13:02:53,deployment,redis-cart,19,44,1,,,
2026-09-01 13:02:53,deployment,shippingservice,30,9,1,,,
2026-09-01 13:02:53,autoscaler,customdas-cpu-queue-autoscaler-adservice,3,60,1,,,
2026-09-01 13:02:53,autoscaler,customdas-cpu-queue-autoscaler-cartservice,5,60,1,,,
2026-09-01 13:02:53,autoscaler,customdas-cpu-queue-autoscaler-checkoutservice,3,60,1,,,
2026-09-01 13:02:53,autoscaler,customdas-cpu-queue-autoscaler-currencyservice,5,60,1,,,
2026-09-01 13:02:53,autoscaler,customdas-cpu-queue-autoscaler-emailservice,4,60,1,,,
2026-09-01 13:02:53,autoscaler,customdas-cpu-queue-autoscaler-frontend,0,60,1,,,
2026-09-01 13:02:53,autoscaler,customdas-cpu-queue-autoscaler-paymentservice,2,60,1,,,
2026-09-01 13:02:53,autoscaler,customdas-cpu-queue-autoscaler-productcatalogservice,6,60,1,,,
2026-09-01 13:02:53,autoscaler,customdas-cpu-queue-autoscaler-recommendationservice,10,60,1,,,
2026-09-01 13:02:53,autoscaler,customdas-cpu-queue-autoscaler-shippingservice,3,60,1,,,
2026-09-01 13:02:53,node,ze-master-node,2921,3874,,73.0,48.8,
2026-09-01 13:02:53,node,ze-worker-node,2548,2192,,63.7,27.6,
2026-09-01 13:03:02,deployment,adservice,53,95,1,,,
2026-09-01 13:03:02,deployment,cartservice,203,110,3,,,
2026-09-01 13:03:02,deployment,checkoutservice,46,30,3,,,
2026-09-01 13:03:02,deployment,currencyservice,361,183,3,,,
2026-09-01 13:03:02,deployment,emailservice,17,40,1,,,
2026-09-01 13:03:02,deployment,frontend,725,140,12,,,
2026-09-01 13:03:02,http_p95_latency,frontend,,,,,,225.5
2026-09-01 13:03:02,deployment,paymentservice,11,32,1,,,
2026-09-01 13:03:02,deployment,productcatalogservice,377,43,5,,,
2026-09-01 13:03:02,deployment,recommendationservice,289,161,4,,,
2026-09-01 13:03:02,deployment,redis-cart,19,44,1,,,
2026-09-01 13:03:02,deployment,shippingservice,30,9,1,,,
2026-09-01 13:03:02,autoscaler,customdas-cpu-queue-autoscaler-adservice,3,60,1,,,
2026-09-01 13:03:02,autoscaler,customdas-cpu-queue-autoscaler-cartservice,5,60,1,,,
2026-09-01 13:03:02,autoscaler,customdas-cpu-queue-autoscaler-checkoutservice,3,60,1,,,
2026-09-01 13:03:02,autoscaler,customdas-cpu-queue-autoscaler-currencyservice,7,60,1,,,
2026-09-01 13:03:02,autoscaler,customdas-cpu-queue-autoscaler-emailservice,6,60,1,,,
2026-09-01 13:03:02,autoscaler,customdas-cpu-queue-autoscaler-frontend,27,60,1,,,
2026-09-01 13:03:02,autoscaler,customdas-cpu-queue-autoscaler-paymentservice,4,60,1,,,
2026-09-01 13:03:02,autoscaler,customdas-cpu-queue-autoscaler-productcatalogservice,5,60,1,,,
2026-09-01 13:03:02,autoscaler,customdas-cpu-queue-autoscaler-recommendationservice,7,60,1,,,
2026-09-01 13:03:02,autoscaler,customdas-cpu-queue-autoscaler-shippingservice,3,60,1,,,
2026-09-01 13:03:02,node,ze-master-node,2930,3898,,73.2,49.1,
2026-09-01 13:03:02,node,ze-worker-node,2591,2203,,64.8,27.7,
2026-09-01 13:03:11,deployment,adservice,56,95,1,,,
2026-09-01 13:03:11,deployment,cartservice,203,110,3,,,
2026-09-01 13:03:11,deployment,checkoutservice,49,32,3,,,
2026-09-01 13:03:11,deployment,currencyservice,343,185,3,,,
2026-09-01 13:03:11,deployment,emailservice,15,40,1,,,
2026-09-01 13:03:11,deployment,frontend,724,141,12,,,
2026-09-01 13:03:11,http_p95_latency,frontend,,,,,,213.8
2026-09-01 13:03:11,deployment,paymentservice,10,32,1,,,
2026-09-01 13:03:11,deployment,productcatalogservice,376,42,5,,,
2026-09-01 13:03:11,deployment,recommendationservice,283,161,4,,,
2026-09-01 13:03:11,deployment,redis-cart,50,44,1,,,
2026-09-01 13:03:11,deployment,shippingservice,31,9,1,,,
2026-09-01 13:03:11,autoscaler,customdas-cpu-queue-autoscaler-adservice,2,60,1,,,
2026-09-01 13:03:11,autoscaler,customdas-cpu-queue-autoscaler-cartservice,5,60,1,,,
2026-09-01 13:03:11,autoscaler,customdas-cpu-queue-autoscaler-checkoutservice,6,60,1,,,
2026-09-01 13:03:11,autoscaler,customdas-cpu-queue-autoscaler-currencyservice,7,60,1,,,
2026-09-01 13:03:11,autoscaler,customdas-cpu-queue-autoscaler-emailservice,6,60,1,,,
2026-09-01 13:03:11,autoscaler,customdas-cpu-queue-autoscaler-frontend,27,60,1,,,
2026-09-01 13:03:11,autoscaler,customdas-cpu-queue-autoscaler-paymentservice,4,60,1,,,
2026-09-01 13:03:11,autoscaler,customdas-cpu-queue-autoscaler-productcatalogservice,5,60,1,,,
2026-09-01 13:03:11,autoscaler,customdas-cpu-queue-autoscaler-recommendationservice,7,60,1,,,
2026-09-01 13:03:11,autoscaler,customdas-cpu-queue-autoscaler-shippingservice,3,60,1,,,
2026-09-01 13:03:11,node,ze-master-node,2930,3898,,73.2,49.1,
2026-09-01 13:03:11,node,ze-worker-node,2591,2203,,64.8,27.7,
2026-09-01 13:03:20,deployment,adservice,53,95,1,,,
2026-09-01 13:03:20,deployment,cartservice,199,110,3,,,
2026-09-01 13:03:20,deployment,checkoutservice,44,31,3,,,
2026-09-01 13:03:20,deployment,currencyservice,344,190,3,,,
2026-09-01 13:03:20,deployment,emailservice,17,40,1,,,
2026-09-01 13:03:20,deployment,frontend,724,140,12,,,
2026-09-01 13:03:20,http_p95_latency,frontend,,,,,,213.8
2026-09-01 13:03:20,deployment,paymentservice,10,32,1,,,
2026-09-01 13:03:20,deployment,productcatalogservice,366,42,5,,,
2026-09-01 13:03:20,deployment,recommendationservice,289,161,4,,,
2026-09-01 13:03:20,deployment,redis-cart,50,44,1,,,
2026-09-01 13:03:20,deployment,shippingservice,29,9,1,,,
2026-09-01 13:03:20,autoscaler,customdas-cpu-queue-autoscaler-adservice,5,60,1,,,
2026-09-01 13:03:20,autoscaler,customdas-cpu-queue-autoscaler-cartservice,7,60,1,,,
2026-09-01 13:03:20,autoscaler,customdas-cpu-queue-autoscaler-checkoutservice,5,60,1,,,
2026-09-01 13:03:20,autoscaler,customdas-cpu-queue-autoscaler-currencyservice,0,60,1,,,
2026-09-01 13:03:20,autoscaler,customdas-cpu-queue-autoscaler-emailservice,5,60,1,,,
2026-09-01 13:03:20,autoscaler,customdas-cpu-queue-autoscaler-frontend,1,60,1,,,
2026-09-01 13:03:20,autoscaler,customdas-cpu-queue-autoscaler-paymentservice,2,60,1,,,
2026-09-01 13:03:20,autoscaler,customdas-cpu-queue-autoscaler-productcatalogservice,7,60,1,,,
2026-09-01 13:03:20,autoscaler,customdas-cpu-queue-autoscaler-recommendationservice,7,60,1,,,
2026-09-01 13:03:20,autoscaler,customdas-cpu-queue-autoscaler-shippingservice,4,60,1,,,
2026-09-01 13:03:20,node,ze-master-node,2903,3919,,72.6,49.4,
2026-09-01 13:03:20,node,ze-worker-node,2595,2199,,64.9,27.7,
2026-09-01 13:03:28,deployment,adservice,53,95,1,,,
2026-09-01 13:03:28,deployment,cartservice,199,110,3,,,
2026-09-01 13:03:28,deployment,checkoutservice,44,31,3,,,
2026-09-01 13:03:28,deployment,currencyservice,344,190,3,,,
2026-09-01 13:03:28,deployment,emailservice,17,40,1,,,
2026-09-01 13:03:28,deployment,frontend,724,140,12,,,
2026-09-01 13:03:28,http_p95_latency,frontend,,,,,,213.5
2026-09-01 13:03:28,deployment,paymentservice,10,32,1,,,
2026-09-01 13:03:28,deployment,productcatalogservice,366,42,5,,,
2026-09-01 13:03:28,deployment,recommendationservice,289,161,4,,,
2026-09-01 13:03:28,deployment,redis-cart,50,44,1,,,
2026-09-01 13:03:28,deployment,shippingservice,29,9,1,,,
2026-09-01 13:03:28,autoscaler,customdas-cpu-queue-autoscaler-adservice,5,60,1,,,
2026-09-01 13:03:28,autoscaler,customdas-cpu-queue-autoscaler-cartservice,7,60,1,,,
2026-09-01 13:03:28,autoscaler,customdas-cpu-queue-autoscaler-checkoutservice,5,60,1,,,
2026-09-01 13:03:28,autoscaler,customdas-cpu-queue-autoscaler-currencyservice,0,60,1,,,
2026-09-01 13:03:28,autoscaler,customdas-cpu-queue-autoscaler-emailservice,5,60,1,,,
2026-09-01 13:03:28,autoscaler,customdas-cpu-queue-autoscaler-frontend,1,60,1,,,
2026-09-01 13:03:28,autoscaler,customdas-cpu-queue-autoscaler-paymentservice,2,60,1,,,
2026-09-01 13:03:28,autoscaler,customdas-cpu-queue-autoscaler-productcatalogservice,7,60,1,,,
2026-09-01 13:03:28,autoscaler,customdas-cpu-queue-autoscaler-recommendationservice,7,60,1,,,
2026-09-01 13:03:28,autoscaler,customdas-cpu-queue-autoscaler-shippingservice,4,60,1,,,
2026-09-01 13:03:28,node,ze-master-node,2903,3919,,72.6,49.4,
2026-09-01 13:03:28,node,ze-worker-node,2595,2199,,64.9,27.7,
2026-09-01 13:03:37,deployment,adservice,53,95,1,,,
2026-09-01 13:03:37,deployment,cartservice,190,110,3,,,
2026-09-01 13:03:37,deployment,checkoutservice,42,33,3,,,
2026-09-01 13:03:37,deployment,currencyservice,368,188,3,,,
2026-09-01 13:03:37,deployment,emailservice,17,40,1,,,
2026-09-01 13:03:37,deployment,frontend,706,141,12,,,
2026-09-01 13:03:37,http_p95_latency,frontend,,,,,,213.5
2026-09-01 13:03:37,deployment,paymentservice,10,32,1,,,
2026-09-01 13:03:37,deployment,productcatalogservice,367,43,5,,,
2026-09-01 13:03:37,deployment,recommendationservice,276,161,4,,,
2026-09-01 13:03:37,deployment,redis-cart,18,44,1,,,
2026-09-01 13:03:37,deployment,shippingservice,33,9,1,,,
2026-09-01 13:03:37,autoscaler,customdas-cpu-queue-autoscaler-adservice,3,60,1,,,
2026-09-01 13:03:37,autoscaler,customdas-cpu-queue-autoscaler-cartservice,7,60,1,,,
2026-09-01 13:03:37,autoscaler,customdas-cpu-queue-autoscaler-checkoutservice,4,60,1,,,
2026-09-01 13:03:37,autoscaler,customdas-cpu-queue-autoscaler-currencyservice,7,60,1,,,
2026-09-01 13:03:37,autoscaler,customdas-cpu-queue-autoscaler-emailservice,4,60,1,,,
2026-09-01 13:03:37,autoscaler,customdas-cpu-queue-autoscaler-frontend,10,60,1,,,
2026-09-01 13:03:37,autoscaler,customdas-cpu-queue-autoscaler-paymentservice,2,60,1,,,
2026-09-01 13:03:37,autoscaler,customdas-cpu-queue-autoscaler-productcatalogservice,7,60,1,,,
2026-09-01 13:03:37,autoscaler,customdas-cpu-queue-autoscaler-recommendationservice,4,60,1,,,
2026-09-01 13:03:37,autoscaler,customdas-cpu-queue-autoscaler-shippingservice,4,60,1,,,
2026-09-01 13:03:37,node,ze-master-node,2894,3913,,72.4,49.3,
2026-09-01 13:03:37,node,ze-worker-node,2507,2203,,62.7,27.7,
2026-09-01 13:03:45,deployment,adservice,53,95,1,,,
2026-09-01 13:03:45,deployment,cartservice,190,110,3,,,
2026-09-01 13:03:45,deployment,checkoutservice,42,33,3,,,
2026-09-01 13:03:45,deployment,currencyservice,368,188,3,,,
2026-09-01 13:03:45,deployment,emailservice,17,40,1,,,
2026-09-01 13:03:45,deployment,frontend,706,141,12,,,
2026-09-01 13:03:45,http_p95_latency,frontend,,,,,,213.0
2026-09-01 13:03:45,deployment,paymentservice,10,32,1,,,
2026-09-01 13:03:45,deployment,productcatalogservice,367,43,5,,,
2026-09-01 13:03:45,deployment,recommendationservice,276,161,4,,,
2026-09-01 13:03:45,deployment,redis-cart,18,44,1,,,
2026-09-01 13:03:45,deployment,shippingservice,33,9,1,,,
2026-09-01 13:03:45,autoscaler,customdas-cpu-queue-autoscaler-adservice,3,60,1,,,
2026-09-01 13:03:45,autoscaler,customdas-cpu-queue-autoscaler-cartservice,7,60,1,,,
2026-09-01 13:03:45,autoscaler,customdas-cpu-queue-autoscaler-checkoutservice,4,60,1,,,
2026-09-01 13:03:45,autoscaler,customdas-cpu-queue-autoscaler-currencyservice,7,60,1,,,
2026-09-01 13:03:45,autoscaler,customdas-cpu-queue-autoscaler-emailservice,4,60,1,,,
2026-09-01 13:03:45,autoscaler,customdas-cpu-queue-autoscaler-frontend,10,60,1,,,
2026-09-01 13:03:45,autoscaler,customdas-cpu-queue-autoscaler-paymentservice,3,60,1,,,
2026-09-01 13:03:45,autoscaler,customdas-cpu-queue-autoscaler-productcatalogservice,6,60,1,,,
2026-09-01 13:03:45,autoscaler,customdas-cpu-queue-autoscaler-recommendationservice,6,60,1,,,
2026-09-01 13:03:45,autoscaler,customdas-cpu-queue-autoscaler-shippingservice,2,60,1,,,
2026-09-01 13:03:45,node,ze-master-node,2938,3918,,73.5,49.3,
2026-09-01 13:03:45,node,ze-worker-node,2458,2195,,61.5,27.6,
2026-09-01 13:03:55,deployment,adservice,52,95,1,,,
2026-09-01 13:03:55,deployment,cartservice,194,112,3,,,
2026-09-01 13:03:55,deployment,checkoutservice,51,32,3,,,
2026-09-01 13:03:55,deployment,currencyservice,357,185,3,,,
2026-09-01 13:03:55,deployment,emailservice,17,40,1,,,
2026-09-01 13:03:55,deployment,frontend,721,140,12,,,
2026-09-01 13:03:55,http_p95_latency,frontend,,,,,,213.0
2026-09-01 13:03:55,deployment,paymentservice,11,32,1,,,
2026-09-01 13:03:55,deployment,productcatalogservice,364,42,5,,,
2026-09-01 13:03:55,deployment,recommendationservice,276,161,4,,,
2026-09-01 13:03:55,deployment,redis-cart,17,44,1,,,
2026-09-01 13:03:55,deployment,shippingservice,33,9,1,,,
2026-09-01 13:03:55,autoscaler,customdas-cpu-queue-autoscaler-adservice,3,60,1,,,
2026-09-01 13:03:55,autoscaler,customdas-cpu-queue-autoscaler-cartservice,10,60,1,,,
2026-09-01 13:03:55,autoscaler,customdas-cpu-queue-autoscaler-checkoutservice,5,60,1,,,
2026-09-01 13:03:55,autoscaler,customdas-cpu-queue-autoscaler-currencyservice,10,60,1,,,
2026-09-01 13:03:55,autoscaler,customdas-cpu-queue-autoscaler-emailservice,5,60,1,,,
2026-09-01 13:03:55,autoscaler,customdas-cpu-queue-autoscaler-frontend,14,60,1,,,
2026-09-01 13:03:55,autoscaler,customdas-cpu-queue-autoscaler-paymentservice,3,60,1,,,
2026-09-01 13:03:55,autoscaler,customdas-cpu-queue-autoscaler-productcatalogservice,6,60,1,,,
2026-09-01 13:03:55,autoscaler,customdas-cpu-queue-autoscaler-recommendationservice,6,60,1,,,
2026-09-01 13:03:55,autoscaler,customdas-cpu-queue-autoscaler-shippingservice,2,60,1,,,
2026-09-01 13:03:55,node,ze-master-node,2938,3918,,73.5,49.3,
2026-09-01 13:03:55,node,ze-worker-node,2458,2195,,61.5,27.6,
2026-09-01 13:04:03,deployment,adservice,52,95,1,,,
2026-09-01 13:04:03,deployment,cartservice,194,112,3,,,
2026-09-01 13:04:03,deployment,checkoutservice,51,33,3,,,
2026-09-01 13:04:03,deployment,currencyservice,329,188,3,,,
2026-09-01 13:04:03,deployment,emailservice,19,40,1,,,
2026-09-01 13:04:03,deployment,frontend,701,141,12,,,
2026-09-01 13:04:03,http_p95_latency,frontend,,,,,,224.7
2026-09-01 13:04:03,deployment,paymentservice,11,32,1,,,
2026-09-01 13:04:03,deployment,productcatalogservice,361,41,5,,,
2026-09-01 13:04:03,deployment,recommendationservice,277,161,4,,,
2026-09-01 13:04:03,deployment,redis-cart,17,44,1,,,
2026-09-01 13:04:03,deployment,shippingservice,31,9,1,,,
2026-09-01 13:04:03,autoscaler,customdas-cpu-queue-autoscaler-adservice,4,60,1,,,
2026-09-01 13:04:03,autoscaler,customdas-cpu-queue-autoscaler-cartservice,6,60,1,,,
2026-09-01 13:04:03,autoscaler,customdas-cpu-queue-autoscaler-checkoutservice,0,60,1,,,
2026-09-01 13:04:03,autoscaler,customdas-cpu-queue-autoscaler-currencyservice,0,60,1,,,
2026-09-01 13:04:03,autoscaler,customdas-cpu-queue-autoscaler-emailservice,0,60,1,,,
2026-09-01 13:04:03,autoscaler,customdas-cpu-queue-autoscaler-frontend,18,60,1,,,
2026-09-01 13:04:03,autoscaler,customdas-cpu-queue-autoscaler-paymentservice,3,60,1,,,
2026-09-01 13:04:03,autoscaler,customdas-cpu-queue-autoscaler-productcatalogservice,6,60,1,,,
2026-09-01 13:04:03,autoscaler,customdas-cpu-queue-autoscaler-recommendationservice,6,60,1,,,
2026-09-01 13:04:03,autoscaler,customdas-cpu-queue-autoscaler-shippingservice,5,60,1,,,
2026-09-01 13:04:03,node,ze-master-node,2864,3918,,71.6,49.3,
2026-09-01 13:04:03,node,ze-worker-node,2506,2205,,62.6,27.8,
2026-09-01 13:04:13,deployment,adservice,52,95,1,,,
2026-09-01 13:04:13,deployment,cartservice,201,111,3,,,
2026-09-01 13:04:13,deployment,checkoutservice,51,33,3,,,
2026-09-01 13:04:13,deployment,currencyservice,329,188,3,,,
2026-09-01 13:04:13,deployment,emailservice,19,40,1,,,
2026-09-01 13:04:13,deployment,frontend,701,141,12,,,
2026-09-01 13:04:13,http_p95_latency,frontend,,,,,,226.9
2026-09-01 13:04:13,deployment,paymentservice,11,32,1,,,
2026-09-01 13:04:13,deployment,productcatalogservice,361,41,5,,,
2026-09-01 13:04:13,deployment,recommendationservice,277,161,4,,,
2026-09-01 13:04:13,deployment,redis-cart,17,44,1,,,
2026-09-01 13:04:13,deployment,shippingservice,31,9,1,,,
2026-09-01 13:04:13,autoscaler,customdas-cpu-queue-autoscaler-adservice,4,60,1,,,
2026-09-01 13:04:13,autoscaler,customdas-cpu-queue-autoscaler-cartservice,6,60,1,,,
2026-09-01 13:04:13,autoscaler,customdas-cpu-queue-autoscaler-checkoutservice,0,60,1,,,
2026-09-01 13:04:13,autoscaler,customdas-cpu-queue-autoscaler-currencyservice,0,60,1,,,
2026-09-01 13:04:13,autoscaler,customdas-cpu-queue-autoscaler-emailservice,0,60,1,,,
2026-09-01 13:04:13,autoscaler,customdas-cpu-queue-autoscaler-frontend,18,60,1,,,
2026-09-01 13:04:13,autoscaler,customdas-cpu-queue-autoscaler-paymentservice,3,60,1,,,
2026-09-01 13:04:13,autoscaler,customdas-cpu-queue-autoscaler-productcatalogservice,6,60,1,,,
2026-09-01 13:04:13,autoscaler,customdas-cpu-queue-autoscaler-recommendationservice,6,60,1,,,
2026-09-01 13:04:13,autoscaler,customdas-cpu-queue-autoscaler-shippingservice,5,60,1,,,
2026-09-01 13:04:13,node,ze-master-node,2864,3918,,71.6,49.3,
2026-09-01 13:04:13,node,ze-worker-node,2506,2205,,62.6,27.8,
2026-09-01 13:04:21,deployment,adservice,53,95,1,,,
2026-09-01 13:04:21,deployment,cartservice,204,110,3,,,
2026-09-01 13:04:21,deployment,checkoutservice,45,32,3,,,
2026-09-01 13:04:21,deployment,currencyservice,335,189,3,,,
2026-09-01 13:04:21,deployment,emailservice,19,40,1,,,
2026-09-01 13:04:21,deployment,frontend,726,142,12,,,
2026-09-01 13:04:21,http_p95_latency,frontend,,,,,,226.9
2026-09-01 13:04:21,deployment,paymentservice,11,32,1,,,
2026-09-01 13:04:21,deployment,productcatalogservice,370,41,5,,,
2026-09-01 13:04:21,deployment,recommendationservice,282,161,4,,,
2026-09-01 13:04:21,deployment,redis-cart,18,44,1,,,
2026-09-01 13:04:21,deployment,shippingservice,30,9,1,,,
2026-09-01 13:04:21,autoscaler,customdas-cpu-queue-autoscaler-adservice,3,60,1,,,
2026-09-01 13:04:21,autoscaler,customdas-cpu-queue-autoscaler-cartservice,4,60,1,,,
2026-09-01 13:04:21,autoscaler,customdas-cpu-queue-autoscaler-checkoutservice,4,60,1,,,
2026-09-01 13:04:21,autoscaler,customdas-cpu-queue-autoscaler-currencyservice,8,60,1,,,
2026-09-01 13:04:21,autoscaler,customdas-cpu-queue-autoscaler-emailservice,8,60,1,,,
2026-09-01 13:04:21,autoscaler,customdas-cpu-queue-autoscaler-frontend,18,60,1,,,
2026-09-01 13:04:21,autoscaler,customdas-cpu-queue-autoscaler-paymentservice,3,60,1,,,
2026-09-01 13:04:21,autoscaler,customdas-cpu-queue-autoscaler-productcatalogservice,4,60,1,,,
2026-09-01 13:04:21,autoscaler,customdas-cpu-queue-autoscaler-recommendationservice,7,60,1,,,
2026-09-01 13:04:21,autoscaler,customdas-cpu-queue-autoscaler-shippingservice,6,60,1,,,
2026-09-01 13:04:21,node,ze-master-node,2849,3919,,71.2,49.4,
2026-09-01 13:04:21,node,ze-worker-node,2637,2203,,65.9,27.7,
2026-09-01 13:04:30,deployment,adservice,53,95,1,,,
2026-09-01 13:04:30,deployment,cartservice,204,110,3,,,
2026-09-01 13:04:30,deployment,checkoutservice,45,32,3,,,
2026-09-01 13:04:30,deployment,currencyservice,335,189,3,,,
2026-09-01 13:04:30,deployment,emailservice,19,40,1,,,
2026-09-01 13:04:30,deployment,frontend,726,142,12,,,
2026-09-01 13:04:30,http_p95_latency,frontend,,,,,,217.3
2026-09-01 13:04:30,deployment,paymentservice,11,32,1,,,
2026-09-01 13:04:30,deployment,productcatalogservice,370,41,5,,,
2026-09-01 13:04:30,deployment,recommendationservice,282,161,4,,,
2026-09-01 13:04:30,deployment,redis-cart,18,44,1,,,
2026-09-01 13:04:30,deployment,shippingservice,30,9,1,,,
2026-09-01 13:04:30,autoscaler,customdas-cpu-queue-autoscaler-adservice,3,60,1,,,
2026-09-01 13:04:30,autoscaler,customdas-cpu-queue-autoscaler-cartservice,4,60,1,,,
2026-09-01 13:04:30,autoscaler,customdas-cpu-queue-autoscaler-checkoutservice,4,60,1,,,
2026-09-01 13:04:30,autoscaler,customdas-cpu-queue-autoscaler-currencyservice,8,60,1,,,
2026-09-01 13:04:30,autoscaler,customdas-cpu-queue-autoscaler-emailservice,8,60,1,,,
2026-09-01 13:04:30,autoscaler,customdas-cpu-queue-autoscaler-frontend,18,60,1,,,
2026-09-01 13:04:30,autoscaler,customdas-cpu-queue-autoscaler-paymentservice,3,60,1,,,
2026-09-01 13:04:30,autoscaler,customdas-cpu-queue-autoscaler-productcatalogservice,4,60,1,,,
2026-09-01 13:04:30,autoscaler,customdas-cpu-queue-autoscaler-recommendationservice,7,60,1,,,
2026-09-01 13:04:30,autoscaler,customdas-cpu-queue-autoscaler-shippingservice,6,60,1,,,
2026-09-01 13:04:30,node,ze-master-node,2849,3919,,71.2,49.4,
2026-09-01 13:04:30,node,ze-worker-node,2637,2203,,65.9,27.7,
2026-09-01 13:04:38,deployment,adservice,47,95,1,,,
2026-09-01 13:04:38,deployment,cartservice,182,111,3,,,
2026-09-01 13:04:38,deployment,checkoutservice,42,32,3,,,
2026-09-01 13:04:38,deployment,currencyservice,314,190,3,,,
2026-09-01 13:04:38,deployment,emailservice,17,40,1,,,
2026-09-01 13:04:38,deployment,frontend,645,142,12,,,
2026-09-01 13:04:38,http_p95_latency,frontend,,,,,,217.3
2026-09-01 13:04:38,deployment,paymentservice,9,32,1,,,
2026-09-01 13:04:38,deployment,productcatalogservice,341,41,5,,,
2026-09-01 13:04:38,deployment,recommendationservice,255,161,4,,,
2026-09-01 13:04:38,deployment,redis-cart,18,44,1,,,
2026-09-01 13:04:38,deployment,shippingservice,27,9,1,,,
2026-09-01 13:04:38,autoscaler,customdas-cpu-queue-autoscaler-adservice,2,60,1,,,
2026-09-01 13:04:38,autoscaler,customdas-cpu-queue-autoscaler-cartservice,7,60,1,,,
2026-09-01 13:04:38,autoscaler,customdas-cpu-queue-autoscaler-checkoutservice,6,60,1,,,
2026-09-01 13:04:38,autoscaler,customdas-cpu-queue-autoscaler-currencyservice,7,60,1,,,
2026-09-01 13:04:38,autoscaler,customdas-cpu-queue-autoscaler-emailservice,0,60,1,,,
2026-09-01 13:04:38,autoscaler,customdas-cpu-queue-autoscaler-frontend,0,60,1,,,
2026-09-01 13:04:38,autoscaler,customdas-cpu-queue-autoscaler-paymentservice,3,60,1,,,
2026-09-01 13:04:38,autoscaler,customdas-cpu-queue-autoscaler-productcatalogservice,5,60,1,,,
2026-09-01 13:04:38,autoscaler,customdas-cpu-queue-autoscaler-recommendationservice,7,60,1,,,
2026-09-01 13:04:38,autoscaler,customdas-cpu-queue-autoscaler-shippingservice,3,60,1,,,
2026-09-01 13:04:38,node,ze-master-node,2603,3920,,65.1,49.4,
2026-09-01 13:04:38,node,ze-worker-node,2351,2208,,58.8,27.8,
2026-09-01 13:04:45,deployment,adservice,47,95,1,,,
2026-09-01 13:04:45,deployment,cartservice,182,111,3,,,
2026-09-01 13:04:45,deployment,checkoutservice,42,32,3,,,
2026-09-01 13:04:45,deployment,currencyservice,314,190,3,,,
2026-09-01 13:04:45,deployment,emailservice,17,40,1,,,
2026-09-01 13:04:45,deployment,frontend,645,142,12,,,
2026-09-01 13:04:45,http_p95_latency,frontend,,,,,,205.8
2026-09-01 13:04:45,deployment,paymentservice,9,32,1,,,
2026-09-01 13:04:45,deployment,productcatalogservice,341,41,5,,,
2026-09-01 13:04:45,deployment,recommendationservice,255,161,4,,,
2026-09-01 13:04:45,deployment,redis-cart,18,44,1,,,
2026-09-01 13:04:45,deployment,shippingservice,27,9,1,,,
2026-09-01 13:04:45,autoscaler,customdas-cpu-queue-autoscaler-adservice,2,60,1,,,
2026-09-01 13:04:45,autoscaler,customdas-cpu-queue-autoscaler-cartservice,7,60,1,,,
2026-09-01 13:04:45,autoscaler,customdas-cpu-queue-autoscaler-checkoutservice,6,60,1,,,
2026-09-01 13:04:45,autoscaler,customdas-cpu-queue-autoscaler-currencyservice,7,60,1,,,
2026-09-01 13:04:45,autoscaler,customdas-cpu-queue-autoscaler-emailservice,0,60,1,,,
2026-09-01 13:04:45,autoscaler,customdas-cpu-queue-autoscaler-frontend,0,60,1,,,
2026-09-01 13:04:45,autoscaler,customdas-cpu-queue-autoscaler-paymentservice,3,60,1,,,
2026-09-01 13:04:45,autoscaler,customdas-cpu-queue-autoscaler-productcatalogservice,5,60,1,,,
2026-09-01 13:04:45,autoscaler,customdas-cpu-queue-autoscaler-recommendationservice,7,60,1,,,
2026-09-01 13:04:45,autoscaler,customdas-cpu-queue-autoscaler-shippingservice,3,60,1,,,
2026-09-01 13:04:45,node,ze-master-node,2603,3920,,65.1,49.4,
2026-09-01 13:04:45,node,ze-worker-node,2351,2208,,58.8,27.8,
2026-09-01 13:04:53,deployment,adservice,47,95,1,,,
2026-09-01 13:04:53,deployment,cartservice,165,110,3,,,
2026-09-01 13:04:53,deployment,checkoutservice,45,32,3,,,
2026-09-01 13:04:53,deployment,currencyservice,316,185,3,,,
2026-09-01 13:04:53,deployment,emailservice,14,40,1,,,
2026-09-01 13:04:53,deployment,frontend,624,143,12,,,
2026-09-01 13:04:53,http_p95_latency,frontend,,,,,,205.8
2026-09-01 13:04:53,deployment,paymentservice,10,32,1,,,
2026-09-01 13:04:53,deployment,productcatalogservice,320,41,5,,,
2026-09-01 13:04:53,deployment,recommendationservice,244,162,4,,,
2026-09-01 13:04:53,deployment,redis-cart,17,44,1,,,
2026-09-01 13:04:53,deployment,shippingservice,27,9,1,,,
2026-09-01 13:04:53,autoscaler,customdas-cpu-queue-autoscaler-adservice,3,60,1,,,
2026-09-01 13:04:53,autoscaler,customdas-cpu-queue-autoscaler-cartservice,5,60,1,,,
2026-09-01 13:04:53,autoscaler,customdas-cpu-queue-autoscaler-checkoutservice,5,60,1,,,
2026-09-01 13:04:53,autoscaler,customdas-cpu-queue-autoscaler-currencyservice,6,60,1,,,
2026-09-01 13:04:53,autoscaler,customdas-cpu-queue-autoscaler-emailservice,4,60,1,,,
2026-09-01 13:04:53,autoscaler,customdas-cpu-queue-autoscaler-frontend,13,60,1,,,
2026-09-01 13:04:53,autoscaler,customdas-cpu-queue-autoscaler-paymentservice,4,60,1,,,
2026-09-01 13:04:53,autoscaler,customdas-cpu-queue-autoscaler-productcatalogservice,5,60,1,,,
2026-09-01 13:04:53,autoscaler,customdas-cpu-queue-autoscaler-recommendationservice,6,60,1,,,
2026-09-01 13:04:53,autoscaler,customdas-cpu-queue-autoscaler-shippingservice,4,60,1,,,
2026-09-01 13:04:53,node,ze-master-node,2591,3912,,64.8,49.3,
2026-09-01 13:04:53,node,ze-worker-node,2318,2201,,58.0,27.7,
2026-09-01 13:05:03,deployment,adservice,45,95,1,,,
2026-09-01 13:05:03,deployment,cartservice,173,110,3,,,
2026-09-01 13:05:03,deployment,checkoutservice,44,33,3,,,
2026-09-01 13:05:03,deployment,currencyservice,301,184,3,,,
2026-09-01 13:05:03,deployment,emailservice,16,40,1,,,
2026-09-01 13:05:03,deployment,frontend,607,141,12,,,
2026-09-01 13:05:03,http_p95_latency,frontend,,,,,,188.3
2026-09-01 13:05:03,deployment,paymentservice,8,32,1,,,
2026-09-01 13:05:03,deployment,productcatalogservice,323,41,5,,,
2026-09-01 13:05:03,deployment,recommendationservice,243,161,4,,,
2026-09-01 13:05:03,deployment,redis-cart,16,44,1,,,
2026-09-01 13:05:03,deployment,shippingservice,26,9,1,,,
2026-09-01 13:05:03,autoscaler,customdas-cpu-queue-autoscaler-adservice,3,60,1,,,
2026-09-01 13:05:03,autoscaler,customdas-cpu-queue-autoscaler-cartservice,4,60,1,,,
2026-09-01 13:05:03,autoscaler,customdas-cpu-queue-autoscaler-checkoutservice,6,60,1,,,
2026-09-01 13:05:03,autoscaler,customdas-cpu-queue-autoscaler-currencyservice,9,60,1,,,
2026-09-01 13:05:03,autoscaler,customdas-cpu-queue-autoscaler-emailservice,6,60,1,,,
2026-09-01 13:05:03,autoscaler,customdas-cpu-queue-autoscaler-frontend,21,60,1,,,
2026-09-01 13:05:03,autoscaler,customdas-cpu-queue-autoscaler-paymentservice,4,60,1,,,
2026-09-01 13:05:03,autoscaler,customdas-cpu-queue-autoscaler-productcatalogservice,8,60,1,,,
2026-09-01 13:05:03,autoscaler,customdas-cpu-queue-autoscaler-recommendationservice,6,60,1,,,
2026-09-01 13:05:03,autoscaler,customdas-cpu-queue-autoscaler-shippingservice,6,60,1,,,
2026-09-01 13:05:03,node,ze-master-node,2661,3923,,66.5,49.4,
2026-09-01 13:05:03,node,ze-worker-node,2281,2207,,57.0,27.8,
2026-09-01 13:05:11,deployment,adservice,45,95,1,,,
2026-09-01 13:05:11,deployment,cartservice,173,110,3,,,
2026-09-01 13:05:11,deployment,checkoutservice,44,33,3,,,
2026-09-01 13:05:11,deployment,currencyservice,301,184,3,,,
2026-09-01 13:05:11,deployment,emailservice,16,40,1,,,
2026-09-01 13:05:11,deployment,frontend,607,141,12,,,
2026-09-01 13:05:11,http_p95_latency,frontend,,,,,,188.3
2026-09-01 13:05:11,deployment,paymentservice,8,32,1,,,
2026-09-01 13:05:11,deployment,productcatalogservice,323,41,5,,,
2026-09-01 13:05:11,deployment,recommendationservice,243,161,4,,,
2026-09-01 13:05:11,deployment,redis-cart,16,44,1,,,
2026-09-01 13:05:11,deployment,shippingservice,26,9,1,,,
2026-09-01 13:05:11,autoscaler,customdas-cpu-queue-autoscaler-adservice,3,60,1,,,
2026-09-01 13:05:11,autoscaler,customdas-cpu-queue-autoscaler-cartservice,4,60,1,,,
2026-09-01 13:05:11,autoscaler,customdas-cpu-queue-autoscaler-checkoutservice,6,60,1,,,
2026-09-01 13:05:11,autoscaler,customdas-cpu-queue-autoscaler-currencyservice,9,60,1,,,
2026-09-01 13:05:11,autoscaler,customdas-cpu-queue-autoscaler-emailservice,6,60,1,,,
2026-09-01 13:05:11,autoscaler,customdas-cpu-queue-autoscaler-frontend,21,60,1,,,
2026-09-01 13:05:11,autoscaler,customdas-cpu-queue-autoscaler-paymentservice,4,60,1,,,
2026-09-01 13:05:11,autoscaler,customdas-cpu-queue-autoscaler-productcatalogservice,8,60,1,,,
2026-09-01 13:05:11,autoscaler,customdas-cpu-queue-autoscaler-recommendationservice,6,60,1,,,
2026-09-01 13:05:11,autoscaler,customdas-cpu-queue-autoscaler-shippingservice,6,60,1,,,
2026-09-01 13:05:11,node,ze-master-node,2661,3923,,66.5,49.4,
2026-09-01 13:05:11,node,ze-worker-node,2281,2207,,57.0,27.8,
2026-09-01 13:05:18,deployment,adservice,45,95,1,,,
2026-09-01 13:05:18,deployment,cartservice,173,110,3,,,
2026-09-01 13:05:18,deployment,checkoutservice,44,33,3,,,
2026-09-01 13:05:18,deployment,currencyservice,301,184,3,,,
2026-09-01 13:05:18,deployment,emailservice,16,40,1,,,
2026-09-01 13:05:18,deployment,frontend,607,141,12,,,
2026-09-01 13:05:18,http_p95_latency,frontend,,,,,,183.0
2026-09-01 13:05:18,deployment,paymentservice,8,32,1,,,
2026-09-01 13:05:18,deployment,productcatalogservice,323,41,5,,,
2026-09-01 13:05:18,deployment,recommendationservice,243,161,4,,,
2026-09-01 13:05:18,deployment,redis-cart,16,44,1,,,
2026-09-01 13:05:18,deployment,shippingservice,26,9,1,,,
2026-09-01 13:05:18,autoscaler,customdas-cpu-queue-autoscaler-adservice,0,60,1,,,
2026-09-01 13:05:18,autoscaler,customdas-cpu-queue-autoscaler-cartservice,5,60,1,,,
2026-09-01 13:05:18,autoscaler,customdas-cpu-queue-autoscaler-checkoutservice,6,60,1,,,
2026-09-01 13:05:18,autoscaler,customdas-cpu-queue-autoscaler-currencyservice,4,60,1,,,
2026-09-01 13:05:18,autoscaler,customdas-cpu-queue-autoscaler-emailservice,4,60,1,,,
2026-09-01 13:05:18,autoscaler,customdas-cpu-queue-autoscaler-frontend,17,60,1,,,
2026-09-01 13:05:18,autoscaler,customdas-cpu-queue-autoscaler-paymentservice,3,60,1,,,
2026-09-01 13:05:18,autoscaler,customdas-cpu-queue-autoscaler-productcatalogservice,5,60,1,,,
2026-09-01 13:05:18,autoscaler,customdas-cpu-queue-autoscaler-recommendationservice,7,60,1,,,
2026-09-01 13:05:18,autoscaler,customdas-cpu-queue-autoscaler-shippingservice,4,60,1,,,
2026-09-01 13:05:18,node,ze-master-node,2690,3958,,67.2,49.8,
2026-09-01 13:05:18,node,ze-worker-node,2325,2201,,58.1,27.7,
2026-09-01 13:05:25,deployment,adservice,45,95,1,,,
2026-09-01 13:05:25,deployment,cartservice,176,110,3,,,
2026-09-01 13:05:25,deployment,checkoutservice,40,33,3,,,
2026-09-01 13:05:25,deployment,currencyservice,308,184,3,,,
2026-09-01 13:05:25,deployment,emailservice,16,40,1,,,
2026-09-01 13:05:25,deployment,frontend,629,142,12,,,
2026-09-01 13:05:25,http_p95_latency,frontend,,,,,,183.0
2026-09-01 13:05:25,deployment,paymentservice,10,32,1,,,
2026-09-01 13:05:25,deployment,productcatalogservice,331,41,5,,,
2026-09-01 13:05:25,deployment,recommendationservice,245,161,4,,,
2026-09-01 13:05:25,deployment,redis-cart,17,44,1,,,
2026-09-01 13:05:25,deployment,shippingservice,26,9,1,,,
2026-09-01 13:05:25,autoscaler,customdas-cpu-queue-autoscaler-adservice,0,60,1,,,
2026-09-01 13:05:25,autoscaler,customdas-cpu-queue-autoscaler-cartservice,5,60,1,,,
2026-09-01 13:05:25,autoscaler,customdas-cpu-queue-autoscaler-checkoutservice,6,60,1,,,
2026-09-01 13:05:25,autoscaler,customdas-cpu-queue-autoscaler-currencyservice,4,60,1,,,
2026-09-01 13:05:25,autoscaler,customdas-cpu-queue-autoscaler-emailservice,4,60,1,,,
2026-09-01 13:05:25,autoscaler,customdas-cpu-queue-autoscaler-frontend,17,60,1,,,
2026-09-01 13:05:25,autoscaler,customdas-cpu-queue-autoscaler-paymentservice,3,60,1,,,
2026-09-01 13:05:25,autoscaler,customdas-cpu-queue-autoscaler-productcatalogservice,5,60,1,,,
2026-09-01 13:05:25,autoscaler,customdas-cpu-queue-autoscaler-recommendationservice,7,60,1,,,
2026-09-01 13:05:25,autoscaler,customdas-cpu-queue-autoscaler-shippingservice,4,60,1,,,
2026-09-01 13:05:25,node,ze-master-node,2690,3958,,67.2,49.8,
2026-09-01 13:05:25,node,ze-worker-node,2325,2201,,58.1,27.7,
2026-09-01 13:05:33,deployment,adservice,45,95,1,,,
2026-09-01 13:05:33,deployment,cartservice,176,110,3,,,
2026-09-01 13:05:33,deployment,checkoutservice,40,33,3,,,
2026-09-01 13:05:33,deployment,currencyservice,290,193,3,,,
2026-09-01 13:05:33,deployment,emailservice,18,40,1,,,
2026-09-01 13:05:33,deployment,frontend,586,140,12,,,
2026-09-01 13:05:33,http_p95_latency,frontend,,,,,,179.1
2026-09-01 13:05:33,deployment,paymentservice,10,32,1,,,
2026-09-01 13:05:33,deployment,productcatalogservice,318,41,5,,,
2026-09-01 13:05:33,deployment,recommendationservice,235,161,4,,,
2026-09-01 13:05:33,deployment,redis-cart,17,44,1,,,
2026-09-01 13:05:33,deployment,shippingservice,27,9,1,,,
2026-09-01 13:05:33,autoscaler,customdas-cpu-queue-autoscaler-adservice,3,60,1,,,
2026-09-01 13:05:33,autoscaler,customdas-cpu-queue-autoscaler-cartservice,6,60,1,,,
2026-09-01 13:05:33,autoscaler,customdas-cpu-queue-autoscaler-checkoutservice,4,60,1,,,
2026-09-01 13:05:33,autoscaler,customdas-cpu-queue-autoscaler-currencyservice,4,60,1,,,
2026-09-01 13:05:33,autoscaler,customdas-cpu-queue-autoscaler-emailservice,4,60,1,,,
2026-09-01 13:05:33,autoscaler,customdas-cpu-queue-autoscaler-frontend,11,60,1,,,
2026-09-01 13:05:33,autoscaler,customdas-cpu-queue-autoscaler-paymentservice,5,60,1,,,
2026-09-01 13:05:33,autoscaler,customdas-cpu-queue-autoscaler-productcatalogservice,8,60,1,,,
2026-09-01 13:05:33,autoscaler,customdas-cpu-queue-autoscaler-recommendationservice,7,60,1,,,
2026-09-01 13:05:33,autoscaler,customdas-cpu-queue-autoscaler-shippingservice,4,60,1,,,
2026-09-01 13:05:33,node,ze-master-node,2526,3980,,63.1,50.1,
2026-09-01 13:05:33,node,ze-worker-node,2252,2210,,56.3,27.8,
2026-09-01 13:05:41,deployment,adservice,47,95,1,,,
2026-09-01 13:05:41,deployment,cartservice,169,110,3,,,
2026-09-01 13:05:41,deployment,checkoutservice,40,33,3,,,
2026-09-01 13:05:41,deployment,currencyservice,290,193,3,,,
2026-09-01 13:05:41,deployment,emailservice,18,40,1,,,
2026-09-01 13:05:41,deployment,frontend,586,140,12,,,
2026-09-01 13:05:41,http_p95_latency,frontend,,,,,,165.4
2026-09-01 13:05:41,deployment,paymentservice,10,32,1,,,
2026-09-01 13:05:41,deployment,productcatalogservice,318,41,5,,,
2026-09-01 13:05:41,deployment,recommendationservice,235,161,4,,,
2026-09-01 13:05:41,deployment,redis-cart,17,44,1,,,
2026-09-01 13:05:41,deployment,shippingservice,27,9,1,,,
2026-09-01 13:05:41,autoscaler,customdas-cpu-queue-autoscaler-adservice,3,60,1,,,
2026-09-01 13:05:41,autoscaler,customdas-cpu-queue-autoscaler-cartservice,6,60,1,,,
2026-09-01 13:05:41,autoscaler,customdas-cpu-queue-autoscaler-checkoutservice,4,60,1,,,
2026-09-01 13:05:41,autoscaler,customdas-cpu-queue-autoscaler-currencyservice,4,60,1,,,
2026-09-01 13:05:41,autoscaler,customdas-cpu-queue-autoscaler-emailservice,4,60,1,,,
2026-09-01 13:05:41,autoscaler,customdas-cpu-queue-autoscaler-frontend,11,60,1,,,
2026-09-01 13:05:41,autoscaler,customdas-cpu-queue-autoscaler-paymentservice,5,60,1,,,
2026-09-01 13:05:41,autoscaler,customdas-cpu-queue-autoscaler-productcatalogservice,8,60,1,,,
2026-09-01 13:05:41,autoscaler,customdas-cpu-queue-autoscaler-recommendationservice,7,60,1,,,
2026-09-01 13:05:41,autoscaler,customdas-cpu-queue-autoscaler-shippingservice,4,60,1,,,
2026-09-01 13:05:41,node,ze-master-node,2526,3980,,63.1,50.1,
2026-09-01 13:05:41,node,ze-worker-node,2252,2210,,56.3,27.8,
2026-09-01 13:05:49,deployment,adservice,42,95,1,,,
2026-09-01 13:05:49,deployment,cartservice,164,110,3,,,
2026-09-01 13:05:49,deployment,checkoutservice,37,33,3,,,
2026-09-01 13:05:49,deployment,currencyservice,287,187,3,,,
2026-09-01 13:05:49,deployment,emailservice,14,40,1,,,
2026-09-01 13:05:49,deployment,frontend,584,143,12,,,
2026-09-01 13:05:49,http_p95_latency,frontend,,,,,,165.4
2026-09-01 13:05:49,deployment,paymentservice,9,32,1,,,
2026-09-01 13:05:49,deployment,productcatalogservice,306,42,5,,,
2026-09-01 13:05:49,deployment,recommendationservice,223,161,4,,,
2026-09-01 13:05:49,deployment,redis-cart,17,44,1,,,
2026-09-01 13:05:49,deployment,shippingservice,25,9,1,,,
2026-09-01 13:05:49,autoscaler,customdas-cpu-queue-autoscaler-adservice,3,60,1,,,
2026-09-01 13:05:49,autoscaler,customdas-cpu-queue-autoscaler-cartservice,8,60,1,,,
2026-09-01 13:05:49,autoscaler,customdas-cpu-queue-autoscaler-checkoutservice,4,60,1,,,
2026-09-01 13:05:49,autoscaler,customdas-cpu-queue-autoscaler-currencyservice,5,60,1,,,
2026-09-01 13:05:49,autoscaler,customdas-cpu-queue-autoscaler-emailservice,3,60,1,,,
2026-09-01 13:05:49,autoscaler,customdas-cpu-queue-autoscaler-frontend,13,60,1,,,
2026-09-01 13:05:49,autoscaler,customdas-cpu-queue-autoscaler-paymentservice,0,60,1,,,
2026-09-01 13:05:49,autoscaler,customdas-cpu-queue-autoscaler-productcatalogservice,6,60,1,,,
2026-09-01 13:05:49,autoscaler,customdas-cpu-queue-autoscaler-recommendationservice,7,60,1,,,
2026-09-01 13:05:49,autoscaler,customdas-cpu-queue-autoscaler-shippingservice,3,60,1,,,
2026-09-01 13:05:49,node,ze-master-node,2525,3954,,63.1,49.8,
2026-09-01 13:05:49,node,ze-worker-node,2316,2200,,57.9,27.7,
2026-09-01 13:05:56,deployment,adservice,42,95,1,,,
2026-09-01 13:05:56,deployment,cartservice,164,110,3,,,
2026-09-01 13:05:56,deployment,checkoutservice,37,33,3,,,
2026-09-01 13:05:56,deployment,currencyservice,287,187,3,,,
2026-09-01 13:05:56,deployment,emailservice,14,40,1,,,
2026-09-01 13:05:56,deployment,frontend,584,143,12,,,
2026-09-01 13:05:56,http_p95_latency,frontend,,,,,,165.4
2026-09-01 13:05:56,deployment,paymentservice,9,32,1,,,
2026-09-01 13:05:56,deployment,productcatalogservice,306,42,5,,,
2026-09-01 13:05:56,deployment,recommendationservice,223,161,4,,,
2026-09-01 13:05:56,deployment,redis-cart,17,44,1,,,
2026-09-01 13:05:56,deployment,shippingservice,25,9,1,,,
2026-09-01 13:05:56,autoscaler,customdas-cpu-queue-autoscaler-adservice,3,60,1,,,
2026-09-01 13:05:56,autoscaler,customdas-cpu-queue-autoscaler-cartservice,8,60,1,,,
2026-09-01 13:05:56,autoscaler,customdas-cpu-queue-autoscaler-checkoutservice,4,60,1,,,
2026-09-01 13:05:56,autoscaler,customdas-cpu-queue-autoscaler-currencyservice,5,60,1,,,
2026-09-01 13:05:56,autoscaler,customdas-cpu-queue-autoscaler-emailservice,3,60,1,,,
2026-09-01 13:05:56,autoscaler,customdas-cpu-queue-autoscaler-frontend,13,60,1,,,
2026-09-01 13:05:56,autoscaler,customdas-cpu-queue-autoscaler-paymentservice,0,60,1,,,
2026-09-01 13:05:56,autoscaler,customdas-cpu-queue-autoscaler-productcatalogservice,6,60,1,,,
2026-09-01 13:05:56,autoscaler,customdas-cpu-queue-autoscaler-recommendationservice,7,60,1,,,
2026-09-01 13:05:56,autoscaler,customdas-cpu-queue-autoscaler-shippingservice,3,60,1,,,
2026-09-01 13:05:56,node,ze-master-node,2525,3954,,63.1,49.8,
2026-09-01 13:05:56,node,ze-worker-node,2316,2200,,57.9,27.7,
2026-09-01 13:06:04,deployment,adservice,45,95,1,,,
2026-09-01 13:06:04,deployment,cartservice,152,110,3,,,
2026-09-01 13:06:04,deployment,checkoutservice,40,32,3,,,
2026-09-01 13:06:04,deployment,currencyservice,284,191,3,,,
2026-09-01 13:06:04,deployment,emailservice,15,40,1,,,
2026-09-01 13:06:04,deployment,frontend,563,143,12,,,
2026-09-01 13:06:04,http_p95_latency,frontend,,,,,,170.1
2026-09-01 13:06:04,deployment,paymentservice,9,32,1,,,
2026-09-01 13:06:04,deployment,productcatalogservice,308,42,5,,,
2026-09-01 13:06:04,deployment,recommendationservice,232,161,4,,,
2026-09-01 13:06:04,deployment,redis-cart,17,44,1,,,
2026-09-01 13:06:04,deployment,shippingservice,25,9,1,,,
2026-09-01 13:06:04,autoscaler,customdas-cpu-queue-autoscaler-adservice,3,60,1,,,
2026-09-01 13:06:04,autoscaler,customdas-cpu-queue-autoscaler-cartservice,5,60,1,,,
2026-09-01 13:06:04,autoscaler,customdas-cpu-queue-autoscaler-checkoutservice,4,60,1,,,
2026-09-01 13:06:04,autoscaler,customdas-cpu-queue-autoscaler-currencyservice,5,60,1,,,
2026-09-01 13:06:04,autoscaler,customdas-cpu-queue-autoscaler-emailservice,4,60,1,,,
2026-09-01 13:06:04,autoscaler,customdas-cpu-queue-autoscaler-frontend,12,60,1,,,
2026-09-01 13:06:04,autoscaler,customdas-cpu-queue-autoscaler-paymentservice,3,60,1,,,
2026-09-01 13:06:04,autoscaler,customdas-cpu-queue-autoscaler-productcatalogservice,4,60,1,,,
2026-09-01 13:06:04,autoscaler,customdas-cpu-queue-autoscaler-recommendationservice,7,60,1,,,
2026-09-01 13:06:04,autoscaler,customdas-cpu-queue-autoscaler-shippingservice,6,60,1,,,
2026-09-01 13:06:04,node,ze-master-node,2478,3973,,62.0,50.0,
2026-09-01 13:06:04,node,ze-worker-node,2277,2214,,56.9,27.9,
2026-09-01 13:06:11,deployment,adservice,45,95,1,,,
2026-09-01 13:06:11,deployment,cartservice,152,110,3,,,
2026-09-01 13:06:11,deployment,checkoutservice,40,32,3,,,
2026-09-01 13:06:11,deployment,currencyservice,284,191,3,,,
2026-09-01 13:06:11,deployment,emailservice,15,40,1,,,
2026-09-01 13:06:11,deployment,frontend,563,143,12,,,
2026-09-01 13:06:11,http_p95_latency,frontend,,,,,,173.4
2026-09-01 13:06:11,deployment,paymentservice,9,32,1,,,
2026-09-01 13:06:11,deployment,productcatalogservice,308,42,5,,,
2026-09-01 13:06:11,deployment,recommendationservice,232,161,4,,,
2026-09-01 13:06:11,deployment,redis-cart,17,44,1,,,
2026-09-01 13:06:11,deployment,shippingservice,25,9,1,,,
2026-09-01 13:06:11,autoscaler,customdas-cpu-queue-autoscaler-adservice,3,60,1,,,
2026-09-01 13:06:11,autoscaler,customdas-cpu-queue-autoscaler-cartservice,5,60,1,,,
2026-09-01 13:06:11,autoscaler,customdas-cpu-queue-autoscaler-checkoutservice,4,60,1,,,
2026-09-01 13:06:11,autoscaler,customdas-cpu-queue-autoscaler-currencyservice,5,60,1,,,
2026-09-01 13:06:11,autoscaler,customdas-cpu-queue-autoscaler-emailservice,4,60,1,,,
2026-09-01 13:06:11,autoscaler,customdas-cpu-queue-autoscaler-frontend,12,60,1,,,
2026-09-01 13:06:11,autoscaler,customdas-cpu-queue-autoscaler-paymentservice,3,60,1,,,
2026-09-01 13:06:11,autoscaler,customdas-cpu-queue-autoscaler-productcatalogservice,4,60,1,,,
2026-09-01 13:06:11,autoscaler,customdas-cpu-queue-autoscaler-recommendationservice,7,60,1,,,
2026-09-01 13:06:11,autoscaler,customdas-cpu-queue-autoscaler-shippingservice,6,60,1,,,
2026-09-01 13:06:11,node,ze-master-node,2478,3973,,62.0,50.0,
2026-09-01 13:06:11,node,ze-worker-node,2277,2214,,56.9,27.9,
2026-09-01 13:06:20,deployment,adservice,45,95,1,,,
2026-09-01 13:06:20,deployment,cartservice,169,110,3,,,
2026-09-01 13:06:20,deployment,checkoutservice,36,33,3,,,
2026-09-01 13:06:20,deployment,currencyservice,302,189,3,,,
2026-09-01 13:06:20,deployment,emailservice,15,40,1,,,
2026-09-01 13:06:20,deployment,frontend,592,142,12,,,
2026-09-01 13:06:20,http_p95_latency,frontend,,,,,,173.4
2026-09-01 13:06:20,deployment,paymentservice,8,33,1,,,
2026-09-01 13:06:20,deployment,productcatalogservice,319,42,5,,,
2026-09-01 13:06:20,deployment,recommendationservice,239,161,4,,,
2026-09-01 13:06:20,deployment,redis-cart,46,47,1,,,
2026-09-01 13:06:20,deployment,shippingservice,25,9,1,,,
2026-09-01 13:06:20,autoscaler,customdas-cpu-queue-autoscaler-adservice,4,60,1,,,
2026-09-01 13:06:20,autoscaler,customdas-cpu-queue-autoscaler-cartservice,5,60,1,,,
2026-09-01 13:06:20,autoscaler,customdas-cpu-queue-autoscaler-checkoutservice,4,60,1,,,
2026-09-01 13:06:20,autoscaler,customdas-cpu-queue-autoscaler-currencyservice,12,60,1,,,
2026-09-01 13:06:20,autoscaler,customdas-cpu-queue-autoscaler-emailservice,4,60,1,,,
2026-09-01 13:06:20,autoscaler,customdas-cpu-queue-autoscaler-frontend,12,60,1,,,
2026-09-01 13:06:20,autoscaler,customdas-cpu-queue-autoscaler-paymentservice,3,60,1,,,
2026-09-01 13:06:20,autoscaler,customdas-cpu-queue-autoscaler-productcatalogservice,4,60,1,,,
2026-09-01 13:06:20,autoscaler,customdas-cpu-queue-autoscaler-recommendationservice,6,60,1,,,
2026-09-01 13:06:20,autoscaler,customdas-cpu-queue-autoscaler-shippingservice,6,60,1,,,
2026-09-01 13:06:20,node,ze-master-node,2589,3953,,64.7,49.8,
2026-09-01 13:06:20,node,ze-worker-node,2332,2208,,58.3,27.8,
2026-09-01 13:06:28,deployment,adservice,45,95,1,,,
2026-09-01 13:06:28,deployment,cartservice,169,110,3,,,
2026-09-01 13:06:28,deployment,checkoutservice,36,33,3,,,
2026-09-01 13:06:28,deployment,currencyservice,302,189,3,,,
2026-09-01 13:06:28,deployment,emailservice,15,40,1,,,
2026-09-01 13:06:28,deployment,frontend,592,142,12,,,
2026-09-01 13:06:28,http_p95_latency,frontend,,,,,,213.3
2026-09-01 13:06:28,deployment,paymentservice,8,33,1,,,
2026-09-01 13:06:28,deployment,productcatalogservice,319,42,5,,,
2026-09-01 13:06:28,deployment,recommendationservice,239,161,4,,,
2026-09-01 13:06:28,deployment,redis-cart,46,47,1,,,
2026-09-01 13:06:28,deployment,shippingservice,25,9,1,,,
2026-09-01 13:06:28,autoscaler,customdas-cpu-queue-autoscaler-adservice,4,60,1,,,
2026-09-01 13:06:28,autoscaler,customdas-cpu-queue-autoscaler-cartservice,5,60,1,,,
2026-09-01 13:06:28,autoscaler,customdas-cpu-queue-autoscaler-checkoutservice,4,60,1,,,
2026-09-01 13:06:28,autoscaler,customdas-cpu-queue-autoscaler-currencyservice,12,60,1,,,
2026-09-01 13:06:28,autoscaler,customdas-cpu-queue-autoscaler-emailservice,4,60,1,,,
2026-09-01 13:06:28,autoscaler,customdas-cpu-queue-autoscaler-frontend,12,60,1,,,
2026-09-01 13:06:28,autoscaler,customdas-cpu-queue-autoscaler-paymentservice,3,60,1,,,
2026-09-01 13:06:28,autoscaler,customdas-cpu-queue-autoscaler-productcatalogservice,4,60,1,,,
2026-09-01 13:06:28,autoscaler,customdas-cpu-queue-autoscaler-recommendationservice,6,60,1,,,
2026-09-01 13:06:28,autoscaler,customdas-cpu-queue-autoscaler-shippingservice,6,60,1,,,
2026-09-01 13:06:28,node,ze-master-node,2589,3953,,64.7,49.8,
2026-09-01 13:06:28,node,ze-worker-node,2332,2208,,58.3,27.8,
2026-09-01 13:06:35,deployment,adservice,51,95,1,,,
2026-09-01 13:06:35,deployment,cartservice,177,110,3,,,
2026-09-01 13:06:35,deployment,checkoutservice,43,33,3,,,
2026-09-01 13:06:35,deployment,currencyservice,320,185,3,,,
2026-09-01 13:06:35,deployment,emailservice,14,40,1,,,
2026-09-01 13:06:35,deployment,frontend,650,144,12,,,
2026-09-01 13:06:35,http_p95_latency,frontend,,,,,,213.3
2026-09-01 13:06:35,deployment,paymentservice,10,33,1,,,
2026-09-01 13:06:35,deployment,productcatalogservice,337,41,5,,,
2026-09-01 13:06:35,deployment,recommendationservice,248,161,4,,,
2026-09-01 13:06:35,deployment,redis-cart,28,44,1,,,
2026-09-01 13:06:35,deployment,shippingservice,29,9,1,,,
2026-09-01 13:06:35,autoscaler,customdas-cpu-queue-autoscaler-adservice,0,60,1,,,
2026-09-01 13:06:35,autoscaler,customdas-cpu-queue-autoscaler-cartservice,5,60,1,,,
2026-09-01 13:06:35,autoscaler,customdas-cpu-queue-autoscaler-checkoutservice,5,60,1,,,
2026-09-01 13:06:35,autoscaler,customdas-cpu-queue-autoscaler-currencyservice,5,60,1,,,
2026-09-01 13:06:35,autoscaler,customdas-cpu-queue-autoscaler-emailservice,3,60,1,,,
2026-09-01 13:06:35,autoscaler,customdas-cpu-queue-autoscaler-frontend,13,60,1,,,
2026-09-01 13:06:35,autoscaler,customdas-cpu-queue-autoscaler-paymentservice,4,60,1,,,
2026-09-01 13:06:35,autoscaler,customdas-cpu-queue-autoscaler-productcatalogservice,5,60,1,,,
2026-09-01 13:06:35,autoscaler,customdas-cpu-queue-autoscaler-recommendationservice,13,60,1,,,
2026-09-01 13:06:35,autoscaler,customdas-cpu-queue-autoscaler-shippingservice,4,60,1,,,
2026-09-01 13:06:35,node,ze-master-node,2674,3948,,66.8,49.7,
2026-09-01 13:06:35,node,ze-worker-node,2463,2208,,61.6,27.8,
2026-09-01 13:06:46,deployment,adservice,51,95,1,,,
2026-09-01 13:06:46,deployment,cartservice,177,110,3,,,
2026-09-01 13:06:46,deployment,checkoutservice,43,33,3,,,
2026-09-01 13:06:46,deployment,currencyservice,320,185,3,,,
2026-09-01 13:06:46,deployment,emailservice,14,40,1,,,
2026-09-01 13:06:46,deployment,frontend,650,144,12,,,
2026-09-01 13:06:46,http_p95_latency,frontend,,,,,,216.6
2026-09-01 13:06:46,deployment,paymentservice,10,33,1,,,
2026-09-01 13:06:46,deployment,productcatalogservice,337,41,5,,,
2026-09-01 13:06:46,deployment,recommendationservice,248,161,4,,,
2026-09-01 13:06:46,deployment,redis-cart,28,44,1,,,
2026-09-01 13:06:46,deployment,shippingservice,29,9,1,,,
2026-09-01 13:06:46,autoscaler,customdas-cpu-queue-autoscaler-adservice,0,60,1,,,
2026-09-01 13:06:46,autoscaler,customdas-cpu-queue-autoscaler-cartservice,5,60,1,,,
2026-09-01 13:06:46,autoscaler,customdas-cpu-queue-autoscaler-checkoutservice,5,60,1,,,
2026-09-01 13:06:46,autoscaler,customdas-cpu-queue-autoscaler-currencyservice,5,60,1,,,
2026-09-01 13:06:46,autoscaler,customdas-cpu-queue-autoscaler-emailservice,3,60,1,,,
2026-09-01 13:06:46,autoscaler,customdas-cpu-queue-autoscaler-frontend,13,60,1,,,
2026-09-01 13:06:46,autoscaler,customdas-cpu-queue-autoscaler-paymentservice,4,60,1,,,
2026-09-01 13:06:46,autoscaler,customdas-cpu-queue-autoscaler-productcatalogservice,5,60,1,,,
2026-09-01 13:06:46,autoscaler,customdas-cpu-queue-autoscaler-recommendationservice,13,60,1,,,
2026-09-01 13:06:46,autoscaler,customdas-cpu-queue-autoscaler-shippingservice,4,60,1,,,
2026-09-01 13:06:46,node,ze-master-node,2674,3948,,66.8,49.7,
2026-09-01 13:06:46,node,ze-worker-node,2463,2208,,61.6,27.8,
2026-09-01 13:06:54,deployment,adservice,51,95,1,,,
2026-09-01 13:06:54,deployment,cartservice,169,111,3,,,
2026-09-01 13:06:54,deployment,checkoutservice,52,32,3,,,
2026-09-01 13:06:54,deployment,currencyservice,322,186,3,,,
2026-09-01 13:06:54,deployment,emailservice,18,40,1,,,
2026-09-01 13:06:54,deployment,frontend,668,143,12,,,
2026-09-01 13:06:54,http_p95_latency,frontend,,,,,,216.6
2026-09-01 13:06:54,deployment,paymentservice,10,33,1,,,
2026-09-01 13:06:54,deployment,productcatalogservice,351,41,5,,,
2026-09-01 13:06:54,deployment,recommendationservice,262,161,4,,,
2026-09-01 13:06:54,deployment,redis-cart,19,44,1,,,
2026-09-01 13:06:54,deployment,shippingservice,27,9,1,,,
2026-09-01 13:06:54,autoscaler,customdas-cpu-queue-autoscaler-adservice,6,60,1,,,
2026-09-01 13:06:54,autoscaler,customdas-cpu-queue-autoscaler-cartservice,5,60,1,,,
2026-09-01 13:06:54,autoscaler,customdas-cpu-queue-autoscaler-checkoutservice,4,60,1,,,
2026-09-01 13:06:54,autoscaler,customdas-cpu-queue-autoscaler-currencyservice,4,60,1,,,
2026-09-01 13:06:54,autoscaler,customdas-cpu-queue-autoscaler-emailservice,4,60,1,,,
2026-09-01 13:06:54,autoscaler,customdas-cpu-queue-autoscaler-frontend,23,60,1,,,
2026-09-01 13:06:54,autoscaler,customdas-cpu-queue-autoscaler-paymentservice,3,60,1,,,
2026-09-01 13:06:54,autoscaler,customdas-cpu-queue-autoscaler-productcatalogservice,4,60,1,,,
2026-09-01 13:06:54,autoscaler,customdas-cpu-queue-autoscaler-recommendationservice,13,60,1,,,
2026-09-01 13:06:54,autoscaler,customdas-cpu-queue-autoscaler-shippingservice,4,60,1,,,
2026-09-01 13:06:54,node,ze-master-node,2720,3940,,68.0,49.6,
2026-09-01 13:06:54,node,ze-worker-node,2421,2199,,60.5,27.7,
2026-09-01 13:07:02,deployment,adservice,51,95,1,,,
2026-09-01 13:07:02,deployment,cartservice,169,111,3,,,
2026-09-01 13:07:02,deployment,checkoutservice,52,32,3,,,
2026-09-01 13:07:02,deployment,currencyservice,322,186,3,,,
2026-09-01 13:07:02,deployment,emailservice,18,40,1,,,
2026-09-01 13:07:02,deployment,frontend,668,143,12,,,
2026-09-01 13:07:02,http_p95_latency,frontend,,,,,,215.0
2026-09-01 13:07:02,deployment,paymentservice,10,33,1,,,
2026-09-01 13:07:02,deployment,productcatalogservice,350,42,5,,,
2026-09-01 13:07:02,deployment,recommendationservice,261,161,4,,,
2026-09-01 13:07:02,deployment,redis-cart,17,44,1,,,
2026-09-01 13:07:02,deployment,shippingservice,29,9,1,,,
2026-09-01 13:07:02,autoscaler,customdas-cpu-queue-autoscaler-adservice,0,60,1,,,
2026-09-01 13:07:02,autoscaler,customdas-cpu-queue-autoscaler-cartservice,5,60,1,,,
2026-09-01 13:07:02,autoscaler,customdas-cpu-queue-autoscaler-checkoutservice,6,60,1,,,
2026-09-01 13:07:02,autoscaler,customdas-cpu-queue-autoscaler-currencyservice,0,60,1,,,
2026-09-01 13:07:02,autoscaler,customdas-cpu-queue-autoscaler-emailservice,4,60,1,,,
2026-09-01 13:07:02,autoscaler,customdas-cpu-queue-autoscaler-frontend,15,60,1,,,
2026-09-01 13:07:02,autoscaler,customdas-cpu-queue-autoscaler-paymentservice,3,60,1,,,
2026-09-01 13:07:02,autoscaler,customdas-cpu-queue-autoscaler-productcatalogservice,10,60,1,,,
2026-09-01 13:07:02,autoscaler,customdas-cpu-queue-autoscaler-recommendationservice,7,60,1,,,
2026-09-01 13:07:02,autoscaler,customdas-cpu-queue-autoscaler-shippingservice,3,60,1,,,
2026-09-01 13:07:02,node,ze-master-node,2686,3951,,67.2,49.8,
2026-09-01 13:07:02,node,ze-worker-node,2414,2215,,60.4,27.9,
2026-09-01 13:07:10,deployment,adservice,52,95,1,,,
2026-09-01 13:07:10,deployment,cartservice,186,111,3,,,
2026-09-01 13:07:10,deployment,checkoutservice,41,32,3,,,
2026-09-01 13:07:10,deployment,currencyservice,319,187,3,,,
2026-09-01 13:07:10,deployment,emailservice,16,40,1,,,
2026-09-01 13:07:10,deployment,frontend,646,144,12,,,
2026-09-01 13:07:10,http_p95_latency,frontend,,,,,,215.0
2026-09-01 13:07:10,deployment,paymentservice,10,33,1,,,
2026-09-01 13:07:10,deployment,productcatalogservice,350,42,5,,,
2026-09-01 13:07:10,deployment,recommendationservice,261,161,4,,,
2026-09-01 13:07:10,deployment,redis-cart,17,44,1,,,
2026-09-01 13:07:10,deployment,shippingservice,29,9,1,,,
2026-09-01 13:07:10,autoscaler,customdas-cpu-queue-autoscaler-adservice,0,60,1,,,
2026-09-01 13:07:10,autoscaler,customdas-cpu-queue-autoscaler-cartservice,5,60,1,,,
2026-09-01 13:07:10,autoscaler,customdas-cpu-queue-autoscaler-checkoutservice,6,60,1,,,
2026-09-01 13:07:10,autoscaler,customdas-cpu-queue-autoscaler-currencyservice,0,60,1,,,
2026-09-01 13:07:10,autoscaler,customdas-cpu-queue-autoscaler-emailservice,4,60,1,,,
2026-09-01 13:07:10,autoscaler,customdas-cpu-queue-autoscaler-frontend,15,60,1,,,
2026-09-01 13:07:10,autoscaler,customdas-cpu-queue-autoscaler-paymentservice,3,60,1,,,
2026-09-01 13:07:10,autoscaler,customdas-cpu-queue-autoscaler-productcatalogservice,10,60,1,,,
2026-09-01 13:07:10,autoscaler,customdas-cpu-queue-autoscaler-recommendationservice,7,60,1,,,
2026-09-01 13:07:10,autoscaler,customdas-cpu-queue-autoscaler-shippingservice,3,60,1,,,
2026-09-01 13:07:10,node,ze-master-node,2686,3951,,67.2,49.8,
2026-09-01 13:07:10,node,ze-worker-node,2414,2215,,60.4,27.9,
2026-09-01 13:07:21,deployment,adservice,51,95,1,,,
2026-09-01 13:07:21,deployment,cartservice,190,111,3,,,
2026-09-01 13:07:21,deployment,checkoutservice,47,33,3,,,
2026-09-01 13:07:21,deployment,currencyservice,325,190,3,,,
2026-09-01 13:07:21,deployment,emailservice,16,40,1,,,
2026-09-01 13:07:21,deployment,frontend,706,145,12,,,
2026-09-01 13:07:21,http_p95_latency,frontend,,,,,,190.2
2026-09-01 13:07:21,deployment,paymentservice,10,33,1,,,
2026-09-01 13:07:21,deployment,productcatalogservice,348,41,5,,,
2026-09-01 13:07:21,deployment,recommendationservice,257,161,4,,,
2026-09-01 13:07:21,deployment,redis-cart,18,44,1,,,
2026-09-01 13:07:21,deployment,shippingservice,29,9,1,,,
2026-09-01 13:07:21,autoscaler,customdas-cpu-queue-autoscaler-adservice,4,60,1,,,
2026-09-01 13:07:21,autoscaler,customdas-cpu-queue-autoscaler-cartservice,4,60,1,,,
2026-09-01 13:07:21,autoscaler,customdas-cpu-queue-autoscaler-checkoutservice,5,60,1,,,
2026-09-01 13:07:21,autoscaler,customdas-cpu-queue-autoscaler-currencyservice,6,60,1,,,
2026-09-01 13:07:21,autoscaler,customdas-cpu-queue-autoscaler-emailservice,3,60,1,,,
2026-09-01 13:07:21,autoscaler,customdas-cpu-queue-autoscaler-frontend,0,60,1,,,
2026-09-01 13:07:21,autoscaler,customdas-cpu-queue-autoscaler-paymentservice,6,60,1,,,
2026-09-01 13:07:21,autoscaler,customdas-cpu-queue-autoscaler-productcatalogservice,4,60,1,,,
2026-09-01 13:07:21,autoscaler,customdas-cpu-queue-autoscaler-recommendationservice,5,60,1,,,
2026-09-01 13:07:21,autoscaler,customdas-cpu-queue-autoscaler-shippingservice,6,60,1,,,
2026-09-01 13:07:21,node,ze-master-node,2943,3953,,73.6,49.8,
2026-09-01 13:07:21,node,ze-worker-node,2467,2206,,61.7,27.8,
2026-09-01 13:07:31,deployment,adservice,51,95,1,,,
2026-09-01 13:07:31,deployment,cartservice,190,111,3,,,
2026-09-01 13:07:31,deployment,checkoutservice,47,33,3,,,
2026-09-01 13:07:31,deployment,currencyservice,325,190,3,,,
2026-09-01 13:07:31,deployment,emailservice,16,40,1,,,
2026-09-01 13:07:31,deployment,frontend,706,145,12,,,
2026-09-01 13:07:31,http_p95_latency,frontend,,,,,,236.1
2026-09-01 13:07:31,deployment,paymentservice,10,33,1,,,
2026-09-01 13:07:31,deployment,productcatalogservice,348,41,5,,,
2026-09-01 13:07:31,deployment,recommendationservice,257,161,4,,,
2026-09-01 13:07:31,deployment,redis-cart,18,44,1,,,
2026-09-01 13:07:31,deployment,shippingservice,29,9,1,,,
2026-09-01 13:07:31,autoscaler,customdas-cpu-queue-autoscaler-adservice,4,60,1,,,
2026-09-01 13:07:31,autoscaler,customdas-cpu-queue-autoscaler-cartservice,4,60,1,,,
2026-09-01 13:07:31,autoscaler,customdas-cpu-queue-autoscaler-checkoutservice,5,60,1,,,
2026-09-01 13:07:31,autoscaler,customdas-cpu-queue-autoscaler-currencyservice,6,60,1,,,
2026-09-01 13:07:31,autoscaler,customdas-cpu-queue-autoscaler-emailservice,3,60,1,,,
2026-09-01 13:07:31,autoscaler,customdas-cpu-queue-autoscaler-frontend,0,60,1,,,
2026-09-01 13:07:31,autoscaler,customdas-cpu-queue-autoscaler-paymentservice,6,60,1,,,
2026-09-01 13:07:31,autoscaler,customdas-cpu-queue-autoscaler-productcatalogservice,8,60,1,,,
2026-09-01 13:07:31,autoscaler,customdas-cpu-queue-autoscaler-recommendationservice,9,60,1,,,
2026-09-01 13:07:31,autoscaler,customdas-cpu-queue-autoscaler-shippingservice,1,60,1,,,
2026-09-01 13:07:31,node,ze-master-node,2915,3961,,72.9,49.9,
2026-09-01 13:07:31,node,ze-worker-node,2615,2210,,65.4,27.8,
2026-09-01 13:07:40,deployment,adservice,54,95,1,,,
2026-09-01 13:07:40,deployment,cartservice,207,110,3,,,
2026-09-01 13:07:40,deployment,checkoutservice,47,33,3,,,
2026-09-01 13:07:40,deployment,currencyservice,381,185,3,,,
2026-09-01 13:07:40,deployment,emailservice,15,40,1,,,
2026-09-01 13:07:40,deployment,frontend,750,144,12,,,
2026-09-01 13:07:40,http_p95_latency,frontend,,,,,,236.1
2026-09-01 13:07:40,deployment,paymentservice,11,33,1,,,
2026-09-01 13:07:40,deployment,productcatalogservice,370,43,5,,,
2026-09-01 13:07:40,deployment,recommendationservice,300,161,4,,,
2026-09-01 13:07:40,deployment,redis-cart,19,44,1,,,
2026-09-01 13:07:40,deployment,shippingservice,29,9,1,,,
2026-09-01 13:07:40,autoscaler,customdas-cpu-queue-autoscaler-adservice,4,60,1,,,
2026-09-01 13:07:40,autoscaler,customdas-cpu-queue-autoscaler-cartservice,4,60,1,,,
2026-09-01 13:07:40,autoscaler,customdas-cpu-queue-autoscaler-checkoutservice,5,60,1,,,
2026-09-01 13:07:40,autoscaler,customdas-cpu-queue-autoscaler-currencyservice,8,60,1,,,
2026-09-01 13:07:40,autoscaler,customdas-cpu-queue-autoscaler-emailservice,3,60,1,,,
2026-09-01 13:07:40,autoscaler,customdas-cpu-queue-autoscaler-frontend,21,60,1,,,
2026-09-01 13:07:40,autoscaler,customdas-cpu-queue-autoscaler-paymentservice,6,60,1,,,
2026-09-01 13:07:40,autoscaler,customdas-cpu-queue-autoscaler-productcatalogservice,8,60,1,,,
2026-09-01 13:07:40,autoscaler,customdas-cpu-queue-autoscaler-recommendationservice,9,60,1,,,
2026-09-01 13:07:40,autoscaler,customdas-cpu-queue-autoscaler-shippingservice,1,60,1,,,
2026-09-01 13:07:40,node,ze-master-node,2915,3961,,72.9,49.9,
2026-09-01 13:07:40,node,ze-worker-node,2615,2210,,65.4,27.8,
2026-09-01 13:07:48,deployment,adservice,54,95,1,,,
2026-09-01 13:07:48,deployment,cartservice,207,110,3,,,
2026-09-01 13:07:48,deployment,checkoutservice,47,33,3,,,
2026-09-01 13:07:48,deployment,currencyservice,381,185,3,,,
2026-09-01 13:07:48,deployment,emailservice,15,40,1,,,
2026-09-01 13:07:48,deployment,frontend,426,86,7,,,
2026-09-01 13:07:48,http_p95_latency,frontend,,,,,,246.0
2026-09-01 13:07:48,deployment,paymentservice,11,33,1,,,
2026-09-01 13:07:48,deployment,productcatalogservice,370,43,5,,,
2026-09-01 13:07:48,deployment,recommendationservice,298,161,4,,,
2026-09-01 13:07:48,deployment,redis-cart,19,44,1,,,
2026-09-01 13:07:48,deployment,shippingservice,33,9,1,,,
2026-09-01 13:07:48,autoscaler,customdas-cpu-queue-autoscaler-adservice,2,60,1,,,
2026-09-01 13:07:48,autoscaler,customdas-cpu-queue-autoscaler-cartservice,9,60,1,,,
2026-09-01 13:07:48,autoscaler,customdas-cpu-queue-autoscaler-checkoutservice,0,60,1,,,
2026-09-01 13:07:48,autoscaler,customdas-cpu-queue-autoscaler-currencyservice,6,60,1,,,
2026-09-01 13:07:48,autoscaler,customdas-cpu-queue-autoscaler-emailservice,3,60,1,,,
2026-09-01 13:07:48,autoscaler,customdas-cpu-queue-autoscaler-frontend,12,60,1,,,
2026-09-01 13:07:48,autoscaler,customdas-cpu-queue-autoscaler-paymentservice,2,60,1,,,
2026-09-01 13:07:48,autoscaler,customdas-cpu-queue-autoscaler-productcatalogservice,5,60,1,,,
2026-09-01 13:07:48,autoscaler,customdas-cpu-queue-autoscaler-recommendationservice,5,60,1,,,
2026-09-01 13:07:48,autoscaler,customdas-cpu-queue-autoscaler-shippingservice,1,60,1,,,
2026-09-01 13:07:48,node,ze-master-node,3089,3916,,77.2,49.3,
2026-09-01 13:07:48,node,ze-worker-node,2714,2175,,67.8,27.4,
2026-09-01 13:07:57,deployment,adservice,54,95,1,,,
2026-09-01 13:07:57,deployment,cartservice,202,110,3,,,
2026-09-01 13:07:57,deployment,checkoutservice,48,33,3,,,
2026-09-01 13:07:57,deployment,currencyservice,354,185,3,,,
2026-09-01 13:07:57,deployment,emailservice,18,40,1,,,
2026-09-01 13:07:57,deployment,frontend,461,86,7,,,
2026-09-01 13:07:57,http_p95_latency,frontend,,,,,,250.4
2026-09-01 13:07:57,deployment,paymentservice,11,33,1,,,
2026-09-01 13:07:57,deployment,productcatalogservice,387,41,5,,,
2026-09-01 13:07:57,deployment,recommendationservice,298,161,4,,,
2026-09-01 13:07:57,deployment,redis-cart,19,44,1,,,
2026-09-01 13:07:57,deployment,shippingservice,33,9,1,,,
2026-09-01 13:07:57,autoscaler,customdas-cpu-queue-autoscaler-adservice,2,60,1,,,
2026-09-01 13:07:57,autoscaler,customdas-cpu-queue-autoscaler-cartservice,9,60,1,,,
2026-09-01 13:07:57,autoscaler,customdas-cpu-queue-autoscaler-checkoutservice,0,60,1,,,
2026-09-01 13:07:57,autoscaler,customdas-cpu-queue-autoscaler-currencyservice,6,60,1,,,
2026-09-01 13:07:57,autoscaler,customdas-cpu-queue-autoscaler-emailservice,3,60,1,,,
2026-09-01 13:07:57,autoscaler,customdas-cpu-queue-autoscaler-frontend,12,60,1,,,
2026-09-01 13:07:57,autoscaler,customdas-cpu-queue-autoscaler-paymentservice,2,60,1,,,
2026-09-01 13:07:57,autoscaler,customdas-cpu-queue-autoscaler-productcatalogservice,5,60,1,,,
2026-09-01 13:07:57,autoscaler,customdas-cpu-queue-autoscaler-recommendationservice,5,60,1,,,
2026-09-01 13:07:57,autoscaler,customdas-cpu-queue-autoscaler-shippingservice,1,60,1,,,
2026-09-01 13:07:57,node,ze-master-node,3089,3916,,77.2,49.3,
2026-09-01 13:07:57,node,ze-worker-node,2714,2175,,67.8,27.4,
2026-09-01 13:08:06,deployment,adservice,53,95,1,,,
2026-09-01 13:08:06,deployment,cartservice,196,110,3,,,
2026-09-01 13:08:06,deployment,checkoutservice,50,32,3,,,
2026-09-01 13:08:06,deployment,currencyservice,354,185,3,,,
2026-09-01 13:08:06,deployment,emailservice,17,40,1,,,
2026-09-01 13:08:06,deployment,frontend,661,87,7,,,
2026-09-01 13:08:06,http_p95_latency,frontend,,,,,,250.4
2026-09-01 13:08:06,deployment,paymentservice,11,33,1,,,
2026-09-01 13:08:06,deployment,productcatalogservice,380,41,5,,,
2026-09-01 13:08:06,deployment,recommendationservice,296,161,4,,,
2026-09-01 13:08:06,deployment,redis-cart,17,44,1,,,
2026-09-01 13:08:06,deployment,shippingservice,34,9,1,,,
2026-09-01 13:08:06,autoscaler,customdas-cpu-queue-autoscaler-adservice,4,60,1,,,
2026-09-01 13:08:06,autoscaler,customdas-cpu-queue-autoscaler-cartservice,4,60,1,,,
2026-09-01 13:08:06,autoscaler,customdas-cpu-queue-autoscaler-checkoutservice,8,60,1,,,
2026-09-01 13:08:06,autoscaler,customdas-cpu-queue-autoscaler-currencyservice,4,60,1,,,
2026-09-01 13:08:06,autoscaler,customdas-cpu-queue-autoscaler-emailservice,3,60,1,,,
2026-09-01 13:08:06,autoscaler,customdas-cpu-queue-autoscaler-frontend,7,60,1,,,
2026-09-01 13:08:06,autoscaler,customdas-cpu-queue-autoscaler-paymentservice,3,60,1,,,
2026-09-01 13:08:06,autoscaler,customdas-cpu-queue-autoscaler-productcatalogservice,4,60,1,,,
2026-09-01 13:08:06,autoscaler,customdas-cpu-queue-autoscaler-recommendationservice,5,60,1,,,
2026-09-01 13:08:06,autoscaler,customdas-cpu-queue-autoscaler-shippingservice,7,60,1,,,
2026-09-01 13:08:06,node,ze-master-node,3024,3929,,75.6,49.5,
2026-09-01 13:08:06,node,ze-worker-node,2482,2150,,62.1,27.1,
2026-09-01 13:08:15,deployment,adservice,53,95,1,,,
2026-09-01 13:08:15,deployment,cartservice,196,110,3,,,
2026-09-01 13:08:15,deployment,checkoutservice,50,32,3,,,
2026-09-01 13:08:15,deployment,currencyservice,354,185,3,,,
2026-09-01 13:08:15,deployment,emailservice,17,40,1,,,
2026-09-01 13:08:15,deployment,frontend,661,87,8,,,
2026-09-01 13:08:15,http_p95_latency,frontend,,,,,,421.6
2026-09-01 13:08:15,deployment,paymentservice,11,33,1,,,
2026-09-01 13:08:15,deployment,productcatalogservice,380,41,5,,,
2026-09-01 13:08:15,deployment,recommendationservice,296,161,4,,,
2026-09-01 13:08:15,deployment,redis-cart,17,44,1,,,
2026-09-01 13:08:15,deployment,shippingservice,34,9,1,,,
2026-09-01 13:08:15,autoscaler,customdas-cpu-queue-autoscaler-adservice,5,60,1,,,
2026-09-01 13:08:15,autoscaler,customdas-cpu-queue-autoscaler-cartservice,5,60,1,,,
2026-09-01 13:08:15,autoscaler,customdas-cpu-queue-autoscaler-checkoutservice,8,60,1,,,
2026-09-01 13:08:15,autoscaler,customdas-cpu-queue-autoscaler-currencyservice,5,60,1,,,
2026-09-01 13:08:15,autoscaler,customdas-cpu-queue-autoscaler-emailservice,4,60,1,,,
2026-09-01 13:08:15,autoscaler,customdas-cpu-queue-autoscaler-frontend,9,60,1,,,
2026-09-01 13:08:15,autoscaler,customdas-cpu-queue-autoscaler-paymentservice,3,60,1,,,
2026-09-01 13:08:15,autoscaler,customdas-cpu-queue-autoscaler-productcatalogservice,8,60,1,,,
2026-09-01 13:08:15,autoscaler,customdas-cpu-queue-autoscaler-recommendationservice,7,60,1,,,
2026-09-01 13:08:15,autoscaler,customdas-cpu-queue-autoscaler-shippingservice,2,60,1,,,
2026-09-01 13:08:15,node,ze-master-node,3050,3932,,76.2,49.5,
2026-09-01 13:08:15,node,ze-worker-node,2226,2172,,55.6,27.4,
2026-09-01 13:08:27,deployment,adservice,54,95,1,,,
2026-09-01 13:08:27,deployment,cartservice,208,111,3,,,
2026-09-01 13:08:27,deployment,checkoutservice,47,33,3,,,
2026-09-01 13:08:27,deployment,currencyservice,362,187,3,,,
2026-09-01 13:08:27,deployment,emailservice,21,40,1,,,
2026-09-01 13:08:27,deployment,frontend,669,89,8,,,
2026-09-01 13:08:27,http_p95_latency,frontend,,,,,,670.6
2026-09-01 13:08:27,deployment,paymentservice,9,33,1,,,
2026-09-01 13:08:27,deployment,productcatalogservice,368,42,5,,,
2026-09-01 13:08:27,deployment,recommendationservice,289,167,4,,,
2026-09-01 13:08:27,deployment,redis-cart,17,44,1,,,
2026-09-01 13:08:27,deployment,shippingservice,28,9,1,,,
2026-09-01 13:08:27,autoscaler,customdas-cpu-queue-autoscaler-adservice,5,60,1,,,
2026-09-01 13:08:27,autoscaler,customdas-cpu-queue-autoscaler-cartservice,5,60,1,,,
2026-09-01 13:08:27,autoscaler,customdas-cpu-queue-autoscaler-checkoutservice,8,60,1,,,
2026-09-01 13:08:27,autoscaler,customdas-cpu-queue-autoscaler-currencyservice,5,60,1,,,
2026-09-01 13:08:27,autoscaler,customdas-cpu-queue-autoscaler-emailservice,4,60,1,,,
2026-09-01 13:08:27,autoscaler,customdas-cpu-queue-autoscaler-frontend,9,60,1,,,
2026-09-01 13:08:27,autoscaler,customdas-cpu-queue-autoscaler-paymentservice,3,60,1,,,
2026-09-01 13:08:27,autoscaler,customdas-cpu-queue-autoscaler-productcatalogservice,8,60,1,,,
2026-09-01 13:08:27,autoscaler,customdas-cpu-queue-autoscaler-recommendationservice,7,60,1,,,
2026-09-01 13:08:27,autoscaler,customdas-cpu-queue-autoscaler-shippingservice,2,60,1,,,
2026-09-01 13:08:27,node,ze-master-node,3050,3932,,76.2,49.5,
2026-09-01 13:08:27,node,ze-worker-node,2226,2172,,55.6,27.4,
2026-09-01 13:08:38,deployment,adservice,60,95,1,,,
2026-09-01 13:08:38,deployment,cartservice,209,111,3,,,
2026-09-01 13:08:38,deployment,checkoutservice,52,33,3,,,
2026-09-01 13:08:38,deployment,currencyservice,388,185,3,,,
2026-09-01 13:08:38,deployment,emailservice,19,40,1,,,
2026-09-01 13:08:38,deployment,frontend,796,100,9,,,
2026-09-01 13:08:38,http_p95_latency,frontend,,,,,,670.6
2026-09-01 13:08:38,deployment,paymentservice,13,33,1,,,
2026-09-01 13:08:38,deployment,productcatalogservice,375,42,5,,,
2026-09-01 13:08:38,deployment,recommendationservice,326,163,4,,,
2026-09-01 13:08:38,deployment,redis-cart,19,44,1,,,
2026-09-01 13:08:38,deployment,shippingservice,36,9,1,,,
2026-09-01 13:08:38,autoscaler,customdas-cpu-queue-autoscaler-adservice,5,60,1,,,
2026-09-01 13:08:38,autoscaler,customdas-cpu-queue-autoscaler-cartservice,8,60,1,,,
2026-09-01 13:08:38,autoscaler,customdas-cpu-queue-autoscaler-checkoutservice,5,60,1,,,
2026-09-01 13:08:38,autoscaler,customdas-cpu-queue-autoscaler-currencyservice,5,60,1,,,
2026-09-01 13:08:38,autoscaler,customdas-cpu-queue-autoscaler-emailservice,5,60,1,,,
2026-09-01 13:08:38,autoscaler,customdas-cpu-queue-autoscaler-frontend,12,60,1,,,
2026-09-01 13:08:38,autoscaler,customdas-cpu-queue-autoscaler-paymentservice,4,60,1,,,
2026-09-01 13:08:38,autoscaler,customdas-cpu-queue-autoscaler-productcatalogservice,7,60,1,,,
2026-09-01 13:08:38,autoscaler,customdas-cpu-queue-autoscaler-recommendationservice,5,60,1,,,
2026-09-01 13:08:38,autoscaler,customdas-cpu-queue-autoscaler-shippingservice,4,60,1,,,
2026-09-01 13:08:38,node,ze-master-node,3400,3942,,85.0,49.6,
2026-09-01 13:08:38,node,ze-worker-node,2813,2191,,70.3,27.6,
2026-09-01 13:08:48,deployment,adservice,60,95,1,,,
2026-09-01 13:08:48,deployment,cartservice,209,111,3,,,
2026-09-01 13:08:48,deployment,checkoutservice,52,33,3,,,
2026-09-01 13:08:48,deployment,currencyservice,388,185,3,,,
2026-09-01 13:08:48,deployment,emailservice,19,40,1,,,
2026-09-01 13:08:48,deployment,frontend,796,100,9,,,
2026-09-01 13:08:48,http_p95_latency,frontend,,,,,,631.7
2026-09-01 13:08:48,deployment,paymentservice,13,33,1,,,
2026-09-01 13:08:48,deployment,productcatalogservice,375,42,5,,,
2026-09-01 13:08:48,deployment,recommendationservice,340,164,4,,,
2026-09-01 13:08:48,deployment,redis-cart,20,44,1,,,
2026-09-01 13:08:48,deployment,shippingservice,37,9,1,,,
2026-09-01 13:08:48,autoscaler,customdas-cpu-queue-autoscaler-adservice,2,60,1,,,
2026-09-01 13:08:48,autoscaler,customdas-cpu-queue-autoscaler-cartservice,4,60,1,,,
2026-09-01 13:08:48,autoscaler,customdas-cpu-queue-autoscaler-checkoutservice,7,60,1,,,
2026-09-01 13:08:48,autoscaler,customdas-cpu-queue-autoscaler-currencyservice,5,60,1,,,
2026-09-01 13:08:48,autoscaler,customdas-cpu-queue-autoscaler-emailservice,4,60,1,,,
2026-09-01 13:08:48,autoscaler,customdas-cpu-queue-autoscaler-frontend,7,60,1,,,
2026-09-01 13:08:48,autoscaler,customdas-cpu-queue-autoscaler-paymentservice,2,60,1,,,
2026-09-01 13:08:48,autoscaler,customdas-cpu-queue-autoscaler-productcatalogservice,5,60,1,,,
2026-09-01 13:08:48,autoscaler,customdas-cpu-queue-autoscaler-recommendationservice,6,60,1,,,
2026-09-01 13:08:48,autoscaler,customdas-cpu-queue-autoscaler-shippingservice,5,60,1,,,
2026-09-01 13:08:48,node,ze-master-node,3204,3930,,80.1,49.5,
2026-09-01 13:08:48,node,ze-worker-node,2825,2195,,70.6,27.6,
2026-09-01 13:08:58,deployment,adservice,63,95,1,,,
2026-09-01 13:08:58,deployment,cartservice,258,110,3,,,
2026-09-01 13:08:58,deployment,checkoutservice,63,32,3,,,
2026-09-01 13:08:58,deployment,currencyservice,402,185,3,,,
2026-09-01 13:08:58,deployment,emailservice,19,40,1,,,
2026-09-01 13:08:58,deployment,frontend,857,111,9,,,
2026-09-01 13:08:58,http_p95_latency,frontend,,,,,,471.4
2026-09-01 13:08:58,deployment,paymentservice,14,33,1,,,
2026-09-01 13:08:58,deployment,productcatalogservice,422,42,5,,,
2026-09-01 13:08:58,deployment,recommendationservice,340,164,4,,,
2026-09-01 13:08:58,deployment,redis-cart,20,44,1,,,
2026-09-01 13:08:58,deployment,shippingservice,37,9,1,,,
2026-09-01 13:08:58,autoscaler,customdas-cpu-queue-autoscaler-adservice,2,60,1,,,
2026-09-01 13:08:58,autoscaler,customdas-cpu-queue-autoscaler-cartservice,4,60,1,,,
2026-09-01 13:08:58,autoscaler,customdas-cpu-queue-autoscaler-checkoutservice,7,60,1,,,
2026-09-01 13:08:58,autoscaler,customdas-cpu-queue-autoscaler-currencyservice,5,60,1,,,
2026-09-01 13:08:58,autoscaler,customdas-cpu-queue-autoscaler-emailservice,4,60,1,,,
2026-09-01 13:08:58,autoscaler,customdas-cpu-queue-autoscaler-frontend,7,60,1,,,
2026-09-01 13:08:58,autoscaler,customdas-cpu-queue-autoscaler-paymentservice,2,60,1,,,
2026-09-01 13:08:58,autoscaler,customdas-cpu-queue-autoscaler-productcatalogservice,5,60,1,,,
2026-09-01 13:08:58,autoscaler,customdas-cpu-queue-autoscaler-recommendationservice,7,60,1,,,
2026-09-01 13:08:58,autoscaler,customdas-cpu-queue-autoscaler-shippingservice,5,60,1,,,
2026-09-01 13:08:58,node,ze-master-node,3134,3869,,78.3,48.7,
2026-09-01 13:08:58,node,ze-worker-node,2911,2202,,72.8,27.7,
2026-09-01 13:09:10,deployment,adservice,63,95,1,,,
2026-09-01 13:09:10,deployment,cartservice,216,110,3,,,
2026-09-01 13:09:10,deployment,checkoutservice,54,33,3,,,
2026-09-01 13:09:10,deployment,currencyservice,394,189,3,,,
2026-09-01 13:09:10,deployment,emailservice,16,40,1,,,
2026-09-01 13:09:10,deployment,frontend,830,112,11,,,
2026-09-01 13:09:10,http_p95_latency,frontend,,,,,,471.4
2026-09-01 13:09:10,deployment,paymentservice,12,33,1,,,
2026-09-01 13:09:10,deployment,productcatalogservice,427,42,5,,,
2026-09-01 13:09:10,deployment,recommendationservice,335,165,4,,,
2026-09-01 13:09:10,deployment,redis-cart,54,44,1,,,
2026-09-01 13:09:10,deployment,shippingservice,35,9,1,,,
2026-09-01 13:09:10,autoscaler,customdas-cpu-queue-autoscaler-adservice,3,60,1,,,
2026-09-01 13:09:10,autoscaler,customdas-cpu-queue-autoscaler-cartservice,5,60,1,,,
2026-09-01 13:09:10,autoscaler,customdas-cpu-queue-autoscaler-checkoutservice,4,60,1,,,
2026-09-01 13:09:10,autoscaler,customdas-cpu-queue-autoscaler-currencyservice,5,60,1,,,
2026-09-01 13:09:10,autoscaler,customdas-cpu-queue-autoscaler-emailservice,4,60,1,,,
2026-09-01 13:09:10,autoscaler,customdas-cpu-queue-autoscaler-frontend,8,60,1,,,
2026-09-01 13:09:10,autoscaler,customdas-cpu-queue-autoscaler-paymentservice,2,60,1,,,
2026-09-01 13:09:10,autoscaler,customdas-cpu-queue-autoscaler-productcatalogservice,4,60,1,,,
2026-09-01 13:09:10,autoscaler,customdas-cpu-queue-autoscaler-recommendationservice,7,60,1,,,
2026-09-01 13:09:10,autoscaler,customdas-cpu-queue-autoscaler-shippingservice,5,60,1,,,
2026-09-01 13:09:10,node,ze-master-node,3134,3869,,78.3,48.7,
2026-09-01 13:09:10,node,ze-worker-node,2911,2202,,72.8,27.7,
2026-09-01 13:09:19,deployment,adservice,63,95,1,,,
2026-09-01 13:09:19,deployment,cartservice,216,110,3,,,
2026-09-01 13:09:19,deployment,checkoutservice,54,33,3,,,
2026-09-01 13:09:19,deployment,currencyservice,426,186,3,,,
2026-09-01 13:09:19,deployment,emailservice,20,40,1,,,
2026-09-01 13:09:19,deployment,frontend,858,127,11,,,
2026-09-01 13:09:19,http_p95_latency,frontend,,,,,,403.4
2026-09-01 13:09:19,deployment,paymentservice,13,33,1,,,
2026-09-01 13:09:19,deployment,productcatalogservice,430,42,5,,,
2026-09-01 13:09:19,deployment,recommendationservice,349,165,4,,,
2026-09-01 13:09:19,deployment,redis-cart,21,44,1,,,
2026-09-01 13:09:19,deployment,shippingservice,38,9,1,,,
2026-09-01 13:09:19,autoscaler,customdas-cpu-queue-autoscaler-adservice,4,60,1,,,
2026-09-01 13:09:19,autoscaler,customdas-cpu-queue-autoscaler-cartservice,9,60,1,,,
2026-09-01 13:09:19,autoscaler,customdas-cpu-queue-autoscaler-checkoutservice,3,60,1,,,
2026-09-01 13:09:19,autoscaler,customdas-cpu-queue-autoscaler-currencyservice,5,60,1,,,
2026-09-01 13:09:19,autoscaler,customdas-cpu-queue-autoscaler-emailservice,4,60,1,,,
2026-09-01 13:09:19,autoscaler,customdas-cpu-queue-autoscaler-frontend,21,60,1,,,
2026-09-01 13:09:19,autoscaler,customdas-cpu-queue-autoscaler-paymentservice,5,60,1,,,
2026-09-01 13:09:19,autoscaler,customdas-cpu-queue-autoscaler-productcatalogservice,8,60,1,,,
2026-09-01 13:09:19,autoscaler,customdas-cpu-queue-autoscaler-recommendationservice,6,60,1,,,
2026-09-01 13:09:19,autoscaler,customdas-cpu-queue-autoscaler-shippingservice,5,60,1,,,
2026-09-01 13:09:19,node,ze-master-node,3376,3895,,84.4,49.0,
2026-09-01 13:09:19,node,ze-worker-node,2972,2225,,74.3,28.0,
2026-09-01 13:09:28,deployment,adservice,63,95,1,,,
2026-09-01 13:09:28,deployment,cartservice,244,110,3,,,
2026-09-01 13:09:28,deployment,checkoutservice,64,33,3,,,
2026-09-01 13:09:28,deployment,currencyservice,426,186,3,,,
2026-09-01 13:09:28,deployment,emailservice,20,40,1,,,
2026-09-01 13:09:28,deployment,frontend,858,127,11,,,
2026-09-01 13:09:28,http_p95_latency,frontend,,,,,,425.5
2026-09-01 13:09:28,deployment,paymentservice,13,33,1,,,
2026-09-01 13:09:28,deployment,productcatalogservice,430,42,5,,,
2026-09-01 13:09:28,deployment,recommendationservice,349,165,4,,,
2026-09-01 13:09:28,deployment,redis-cart,21,44,1,,,
2026-09-01 13:09:28,deployment,shippingservice,38,9,1,,,
2026-09-01 13:09:28,autoscaler,customdas-cpu-queue-autoscaler-adservice,4,60,1,,,
2026-09-01 13:09:28,autoscaler,customdas-cpu-queue-autoscaler-cartservice,9,60,1,,,
2026-09-01 13:09:28,autoscaler,customdas-cpu-queue-autoscaler-checkoutservice,3,60,1,,,
2026-09-01 13:09:28,autoscaler,customdas-cpu-queue-autoscaler-currencyservice,5,60,1,,,
2026-09-01 13:09:28,autoscaler,customdas-cpu-queue-autoscaler-emailservice,4,60,1,,,
2026-09-01 13:09:28,autoscaler,customdas-cpu-queue-autoscaler-frontend,21,60,1,,,
2026-09-01 13:09:28,autoscaler,customdas-cpu-queue-autoscaler-paymentservice,5,60,1,,,
2026-09-01 13:09:28,autoscaler,customdas-cpu-queue-autoscaler-productcatalogservice,8,60,1,,,
2026-09-01 13:09:28,autoscaler,customdas-cpu-queue-autoscaler-recommendationservice,6,60,1,,,
2026-09-01 13:09:28,autoscaler,customdas-cpu-queue-autoscaler-shippingservice,5,60,1,,,
2026-09-01 13:09:28,node,ze-master-node,3376,3895,,83.9,49.0,
2026-09-01 13:09:28,node,ze-worker-node,2902,2213,,72.5,27.9,
2026-09-01 13:09:39,deployment,adservice,66,95,2,,,
2026-09-01 13:09:39,deployment,cartservice,250,114,3,,,
2026-09-01 13:09:39,deployment,checkoutservice,58,33,3,,,
2026-09-01 13:09:39,deployment,currencyservice,414,187,3,,,
2026-09-01 13:09:39,deployment,emailservice,16,40,1,,,
2026-09-01 13:09:39,deployment,frontend,910,132,11,,,
2026-09-01 13:09:39,http_p95_latency,frontend,,,,,,418.7
2026-09-01 13:09:39,deployment,paymentservice,19,31,1,,,
2026-09-01 13:09:39,deployment,productcatalogservice,437,41,5,,,
2026-09-01 13:09:39,deployment,recommendationservice,355,163,4,,,
2026-09-01 13:09:39,deployment,redis-cart,22,44,1,,,
2026-09-01 13:09:39,deployment,shippingservice,38,9,1,,,
2026-09-01 13:09:39,autoscaler,customdas-cpu-queue-autoscaler-adservice,3,60,1,,,
2026-09-01 13:09:39,autoscaler,customdas-cpu-queue-autoscaler-cartservice,3,60,1,,,
2026-09-01 13:09:39,autoscaler,customdas-cpu-queue-autoscaler-checkoutservice,3,60,1,,,
2026-09-01 13:09:39,autoscaler,customdas-cpu-queue-autoscaler-currencyservice,6,60,1,,,
2026-09-01 13:09:39,autoscaler,customdas-cpu-queue-autoscaler-emailservice,4,60,1,,,
2026-09-01 13:09:39,autoscaler,customdas-cpu-queue-autoscaler-frontend,0,60,1,,,
2026-09-01 13:09:39,autoscaler,customdas-cpu-queue-autoscaler-paymentservice,4,60,1,,,
2026-09-01 13:09:39,autoscaler,customdas-cpu-queue-autoscaler-productcatalogservice,0,60,1,,,
2026-09-01 13:09:39,autoscaler,customdas-cpu-queue-autoscaler-recommendationservice,7,60,1,,,
2026-09-01 13:09:39,autoscaler,customdas-cpu-queue-autoscaler-shippingservice,4,60,1,,,
2026-09-01 13:09:39,node,ze-master-node,3355,3893,,83.9,49.0,
2026-09-01 13:09:39,node,ze-worker-node,2902,2213,,72.5,27.9,
2026-09-01 13:09:54,deployment,adservice,359,143,2,,,
2026-09-01 13:09:54,deployment,cartservice,240,114,3,,,
2026-09-01 13:09:54,deployment,checkoutservice,66,32,3,,,
2026-09-01 13:09:54,deployment,currencyservice,404,188,3,,,
2026-09-01 13:09:54,deployment,emailservice,18,40,1,,,
2026-09-01 13:09:54,deployment,frontend,876,134,11,,,
2026-09-01 13:09:54,http_p95_latency,frontend,,,,,,418.7
2026-09-01 13:09:54,deployment,paymentservice,11,31,1,,,
2026-09-01 13:09:54,deployment,productcatalogservice,430,42,5,,,
2026-09-01 13:09:54,deployment,recommendationservice,353,163,4,,,
2026-09-01 13:09:54,deployment,redis-cart,20,44,1,,,
2026-09-01 13:09:54,deployment,shippingservice,36,9,1,,,
2026-09-01 13:09:54,autoscaler,customdas-cpu-queue-autoscaler-adservice,4,60,1,,,
2026-09-01 13:09:54,autoscaler,customdas-cpu-queue-autoscaler-cartservice,3,60,1,,,
2026-09-01 13:09:54,autoscaler,customdas-cpu-queue-autoscaler-checkoutservice,4,60,1,,,
2026-09-01 13:09:54,autoscaler,customdas-cpu-queue-autoscaler-currencyservice,4,60,1,,,
2026-09-01 13:09:54,autoscaler,customdas-cpu-queue-autoscaler-emailservice,4,60,1,,,
2026-09-01 13:09:54,autoscaler,customdas-cpu-queue-autoscaler-frontend,19,60,1,,,
2026-09-01 13:09:54,autoscaler,customdas-cpu-queue-autoscaler-paymentservice,3,60,1,,,
2026-09-01 13:09:54,autoscaler,customdas-cpu-queue-autoscaler-productcatalogservice,9,60,1,,,
2026-09-01 13:09:54,autoscaler,customdas-cpu-queue-autoscaler-recommendationservice,7,60,1,,,
2026-09-01 13:09:54,autoscaler,customdas-cpu-queue-autoscaler-shippingservice,3,60,1,,,
2026-09-01 13:09:54,node,ze-master-node,3430,3891,,85.8,49.0,
2026-09-01 13:09:54,node,ze-worker-node,2851,2210,,71.3,27.8,
2026-09-01 13:10:03,deployment,adservice,359,143,2,,,
2026-09-01 13:10:03,deployment,cartservice,228,114,3,,,
2026-09-01 13:10:03,deployment,checkoutservice,56,33,3,,,
2026-09-01 13:10:03,deployment,currencyservice,388,190,3,,,
2026-09-01 13:10:03,deployment,emailservice,19,40,1,,,
2026-09-01 13:10:03,deployment,frontend,857,134,11,,,
2026-09-01 13:10:03,http_p95_latency,frontend,,,,,,456.4
2026-09-01 13:10:03,deployment,paymentservice,14,31,1,,,
2026-09-01 13:10:03,deployment,productcatalogservice,424,43,5,,,
2026-09-01 13:10:03,deployment,recommendationservice,349,163,4,,,
2026-09-01 13:10:03,deployment,redis-cart,19,44,1,,,
2026-09-01 13:10:03,deployment,shippingservice,35,9,1,,,
2026-09-01 13:10:03,autoscaler,customdas-cpu-queue-autoscaler-adservice,4,60,1,,,
2026-09-01 13:10:03,autoscaler,customdas-cpu-queue-autoscaler-cartservice,4,60,1,,,
2026-09-01 13:10:03,autoscaler,customdas-cpu-queue-autoscaler-checkoutservice,4,60,1,,,
2026-09-01 13:10:03,autoscaler,customdas-cpu-queue-autoscaler-currencyservice,8,60,1,,,
2026-09-01 13:10:03,autoscaler,customdas-cpu-queue-autoscaler-emailservice,4,60,1,,,
2026-09-01 13:10:03,autoscaler,customdas-cpu-queue-autoscaler-frontend,12,60,1,,,
2026-09-01 13:10:03,autoscaler,customdas-cpu-queue-autoscaler-paymentservice,5,60,1,,,
2026-09-01 13:10:03,autoscaler,customdas-cpu-queue-autoscaler-productcatalogservice,4,60,1,,,
2026-09-01 13:10:03,autoscaler,customdas-cpu-queue-autoscaler-recommendationservice,6,60,1,,,
2026-09-01 13:10:03,autoscaler,customdas-cpu-queue-autoscaler-shippingservice,5,60,1,,,
2026-09-01 13:10:03,node,ze-master-node,3425,3946,,85.6,49.7,
2026-09-01 13:10:03,node,ze-worker-node,2779,2211,,69.5,27.8,
2026-09-01 13:10:15,deployment,adservice,99,149,2,,,
2026-09-01 13:10:15,deployment,cartservice,228,114,3,,,
2026-09-01 13:10:15,deployment,checkoutservice,56,33,3,,,
2026-09-01 13:10:15,deployment,currencyservice,388,190,3,,,
2026-09-01 13:10:15,deployment,emailservice,19,40,1,,,
2026-09-01 13:10:15,deployment,frontend,857,134,11,,,
2026-09-01 13:10:15,http_p95_latency,frontend,,,,,,471.2
2026-09-01 13:10:15,deployment,paymentservice,14,31,1,,,
2026-09-01 13:10:15,deployment,productcatalogservice,424,43,5,,,
2026-09-01 13:10:15,deployment,recommendationservice,349,163,4,,,
2026-09-01 13:10:15,deployment,redis-cart,19,44,1,,,
2026-09-01 13:10:15,deployment,shippingservice,35,9,1,,,
2026-09-01 13:10:15,autoscaler,customdas-cpu-queue-autoscaler-adservice,4,60,1,,,
2026-09-01 13:10:15,autoscaler,customdas-cpu-queue-autoscaler-cartservice,4,60,1,,,
2026-09-01 13:10:15,autoscaler,customdas-cpu-queue-autoscaler-checkoutservice,7,60,1,,,
2026-09-01 13:10:15,autoscaler,customdas-cpu-queue-autoscaler-currencyservice,4,60,1,,,
2026-09-01 13:10:15,autoscaler,customdas-cpu-queue-autoscaler-emailservice,5,60,1,,,
2026-09-01 13:10:15,autoscaler,customdas-cpu-queue-autoscaler-frontend,13,60,1,,,
2026-09-01 13:10:15,autoscaler,customdas-cpu-queue-autoscaler-paymentservice,4,60,1,,,
2026-09-01 13:10:15,autoscaler,customdas-cpu-queue-autoscaler-productcatalogservice,5,60,1,,,
2026-09-01 13:10:15,autoscaler,customdas-cpu-queue-autoscaler-recommendationservice,4,60,1,,,
2026-09-01 13:10:15,autoscaler,customdas-cpu-queue-autoscaler-shippingservice,4,60,1,,,
2026-09-01 13:10:15,node,ze-master-node,3529,3945,,88.2,49.7,
2026-09-01 13:10:15,node,ze-worker-node,2804,2210,,70.1,27.8,
2026-09-01 13:10:26,deployment,adservice,99,149,2,,,
2026-09-01 13:10:26,deployment,cartservice,236,114,3,,,
2026-09-01 13:10:26,deployment,checkoutservice,62,33,3,,,
2026-09-01 13:10:26,deployment,currencyservice,413,187,3,,,
2026-09-01 13:10:26,deployment,emailservice,20,40,1,,,
2026-09-01 13:10:26,deployment,frontend,883,134,11,,,
2026-09-01 13:10:26,http_p95_latency,frontend,,,,,,549.3
2026-09-01 13:10:26,deployment,paymentservice,11,31,1,,,
2026-09-01 13:10:26,deployment,productcatalogservice,444,41,5,,,
2026-09-01 13:10:26,deployment,recommendationservice,354,163,4,,,
2026-09-01 13:10:26,deployment,redis-cart,20,44,1,,,
2026-09-01 13:10:26,deployment,shippingservice,38,9,1,,,
2026-09-01 13:10:26,autoscaler,customdas-cpu-queue-autoscaler-adservice,4,60,1,,,
2026-09-01 13:10:26,autoscaler,customdas-cpu-queue-autoscaler-cartservice,6,60,1,,,
2026-09-01 13:10:26,autoscaler,customdas-cpu-queue-autoscaler-checkoutservice,7,60,1,,,
2026-09-01 13:10:26,autoscaler,customdas-cpu-queue-autoscaler-currencyservice,4,60,1,,,
2026-09-01 13:10:26,autoscaler,customdas-cpu-queue-autoscaler-emailservice,5,60,1,,,
2026-09-01 13:10:26,autoscaler,customdas-cpu-queue-autoscaler-frontend,13,60,1,,,
2026-09-01 13:10:26,autoscaler,customdas-cpu-queue-autoscaler-paymentservice,4,60,1,,,
2026-09-01 13:10:26,autoscaler,customdas-cpu-queue-autoscaler-productcatalogservice,5,60,1,,,
2026-09-01 13:10:26,autoscaler,customdas-cpu-queue-autoscaler-recommendationservice,4,60,1,,,
2026-09-01 13:10:26,autoscaler,customdas-cpu-queue-autoscaler-shippingservice,4,60,1,,,
2026-09-01 13:10:26,node,ze-master-node,3529,3945,,88.2,49.7,
2026-09-01 13:10:26,node,ze-worker-node,2804,2210,,70.1,27.8,
2026-09-01 13:10:36,deployment,adservice,283,169,2,,,
2026-09-01 13:10:36,deployment,cartservice,229,114,3,,,
2026-09-01 13:10:36,deployment,checkoutservice,64,33,3,,,
2026-09-01 13:10:36,deployment,currencyservice,381,189,3,,,
2026-09-01 13:10:36,deployment,emailservice,16,40,1,,,
2026-09-01 13:10:36,deployment,frontend,817,134,11,,,
2026-09-01 13:10:36,http_p95_latency,frontend,,,,,,549.3
2026-09-01 13:10:36,deployment,paymentservice,13,31,1,,,
2026-09-01 13:10:36,deployment,productcatalogservice,425,43,5,,,
2026-09-01 13:10:36,deployment,recommendationservice,349,163,4,,,
2026-09-01 13:10:36,deployment,redis-cart,19,44,1,,,
2026-09-01 13:10:36,deployment,shippingservice,36,9,1,,,
2026-09-01 13:10:36,autoscaler,customdas-cpu-queue-autoscaler-adservice,4,60,1,,,
2026-09-01 13:10:36,autoscaler,customdas-cpu-queue-autoscaler-cartservice,6,60,1,,,
2026-09-01 13:10:36,autoscaler,customdas-cpu-queue-autoscaler-checkoutservice,5,60,1,,,
2026-09-01 13:10:36,autoscaler,customdas-cpu-queue-autoscaler-currencyservice,4,60,1,,,
2026-09-01 13:10:36,autoscaler,customdas-cpu-queue-autoscaler-emailservice,5,60,1,,,
2026-09-01 13:10:36,autoscaler,customdas-cpu-queue-autoscaler-frontend,9,60,1,,,
2026-09-01 13:10:36,autoscaler,customdas-cpu-queue-autoscaler-paymentservice,3,60,1,,,
2026-09-01 13:10:36,autoscaler,customdas-cpu-queue-autoscaler-productcatalogservice,6,60,1,,,
2026-09-01 13:10:36,autoscaler,customdas-cpu-queue-autoscaler-recommendationservice,5,60,1,,,
2026-09-01 13:10:36,autoscaler,customdas-cpu-queue-autoscaler-shippingservice,3,60,1,,,
2026-09-01 13:10:36,node,ze-master-node,3461,3955,,86.5,49.8,
2026-09-01 13:10:36,node,ze-worker-node,2656,2217,,66.4,27.9,
2026-09-01 13:10:45,deployment,adservice,283,169,2,,,
2026-09-01 13:10:45,deployment,cartservice,229,114,3,,,
2026-09-01 13:10:45,deployment,checkoutservice,64,33,3,,,
2026-09-01 13:10:45,deployment,currencyservice,381,189,3,,,
2026-09-01 13:10:45,deployment,emailservice,16,40,1,,,
2026-09-01 13:10:45,deployment,frontend,817,134,11,,,
2026-09-01 13:10:45,http_p95_latency,frontend,,,,,,477.8
2026-09-01 13:10:45,deployment,paymentservice,13,31,1,,,
2026-09-01 13:10:45,deployment,productcatalogservice,425,43,5,,,
2026-09-01 13:10:45,deployment,recommendationservice,349,163,4,,,
2026-09-01 13:10:45,deployment,redis-cart,19,44,1,,,
2026-09-01 13:10:45,deployment,shippingservice,36,9,1,,,
2026-09-01 13:10:45,autoscaler,customdas-cpu-queue-autoscaler-adservice,4,60,1,,,
2026-09-01 13:10:45,autoscaler,customdas-cpu-queue-autoscaler-cartservice,6,60,1,,,
2026-09-01 13:10:45,autoscaler,customdas-cpu-queue-autoscaler-checkoutservice,5,60,1,,,
2026-09-01 13:10:45,autoscaler,customdas-cpu-queue-autoscaler-currencyservice,4,60,1,,,
2026-09-01 13:10:45,autoscaler,customdas-cpu-queue-autoscaler-emailservice,5,60,1,,,
2026-09-01 13:10:45,autoscaler,customdas-cpu-queue-autoscaler-frontend,9,60,1,,,
2026-09-01 13:10:45,autoscaler,customdas-cpu-queue-autoscaler-paymentservice,3,60,1,,,
2026-09-01 13:10:45,autoscaler,customdas-cpu-queue-autoscaler-productcatalogservice,6,60,1,,,
2026-09-01 13:10:45,autoscaler,customdas-cpu-queue-autoscaler-recommendationservice,5,60,1,,,
2026-09-01 13:10:45,autoscaler,customdas-cpu-queue-autoscaler-shippingservice,3,60,1,,,
2026-09-01 13:10:45,node,ze-master-node,3461,3955,,86.5,49.8,
2026-09-01 13:10:45,node,ze-worker-node,2656,2217,,66.4,27.9,
2026-09-01 13:10:54,deployment,adservice,204,175,2,,,
2026-09-01 13:10:54,deployment,cartservice,233,114,3,,,
2026-09-01 13:10:54,deployment,checkoutservice,53,33,3,,,
2026-09-01 13:10:54,deployment,currencyservice,383,190,3,,,
2026-09-01 13:10:54,deployment,emailservice,18,40,1,,,
2026-09-01 13:10:54,deployment,frontend,828,134,11,,,
2026-09-01 13:10:54,http_p95_latency,frontend,,,,,,477.8
2026-09-01 13:10:54,deployment,paymentservice,13,31,1,,,
2026-09-01 13:10:54,deployment,productcatalogservice,408,42,5,,,
2026-09-01 13:10:54,deployment,recommendationservice,326,163,4,,,
2026-09-01 13:10:54,deployment,redis-cart,19,44,1,,,
2026-09-01 13:10:54,deployment,shippingservice,34,9,1,,,
2026-09-01 13:10:54,autoscaler,customdas-cpu-queue-autoscaler-adservice,7,60,1,,,
2026-09-01 13:10:54,autoscaler,customdas-cpu-queue-autoscaler-cartservice,6,60,1,,,
2026-09-01 13:10:54,autoscaler,customdas-cpu-queue-autoscaler-checkoutservice,5,60,1,,,
2026-09-01 13:10:54,autoscaler,customdas-cpu-queue-autoscaler-currencyservice,4,60,1,,,
2026-09-01 13:10:54,autoscaler,customdas-cpu-queue-autoscaler-emailservice,4,60,1,,,
2026-09-01 13:10:54,autoscaler,customdas-cpu-queue-autoscaler-frontend,18,60,1,,,
2026-09-01 13:10:54,autoscaler,customdas-cpu-queue-autoscaler-paymentservice,2,60,1,,,
2026-09-01 13:10:54,autoscaler,customdas-cpu-queue-autoscaler-productcatalogservice,6,60,1,,,
2026-09-01 13:10:54,autoscaler,customdas-cpu-queue-autoscaler-recommendationservice,6,60,1,,,
2026-09-01 13:10:54,autoscaler,customdas-cpu-queue-autoscaler-shippingservice,3,60,1,,,
2026-09-01 13:10:54,node,ze-master-node,3308,3954,,82.7,49.8,
2026-09-01 13:10:54,node,ze-worker-node,2740,2165,,68.5,27.3,
2026-09-01 13:11:04,deployment,adservice,223,174,2,,,
2026-09-01 13:11:04,deployment,cartservice,235,114,3,,,
2026-09-01 13:11:04,deployment,checkoutservice,61,33,3,,,
2026-09-01 13:11:04,deployment,currencyservice,390,186,3,,,
2026-09-01 13:11:04,deployment,emailservice,18,40,1,,,
2026-09-01 13:11:04,deployment,frontend,810,135,11,,,
2026-09-01 13:11:04,http_p95_latency,frontend,,,,,,458.3
2026-09-01 13:11:04,deployment,paymentservice,11,31,1,,,
2026-09-01 13:11:04,deployment,productcatalogservice,404,41,5,,,
2026-09-01 13:11:04,deployment,recommendationservice,324,165,4,,,
2026-09-01 13:11:04,deployment,redis-cart,78,44,1,,,
2026-09-01 13:11:04,deployment,shippingservice,35,9,1,,,
2026-09-01 13:11:04,autoscaler,customdas-cpu-queue-autoscaler-adservice,1,60,1,,,
2026-09-01 13:11:04,autoscaler,customdas-cpu-queue-autoscaler-cartservice,6,60,1,,,
2026-09-01 13:11:04,autoscaler,customdas-cpu-queue-autoscaler-checkoutservice,7,60,1,,,
2026-09-01 13:11:04,autoscaler,customdas-cpu-queue-autoscaler-currencyservice,5,60,1,,,
2026-09-01 13:11:04,autoscaler,customdas-cpu-queue-autoscaler-emailservice,3,60,1,,,
2026-09-01 13:11:04,autoscaler,customdas-cpu-queue-autoscaler-frontend,8,60,1,,,
2026-09-01 13:11:04,autoscaler,customdas-cpu-queue-autoscaler-paymentservice,4,60,1,,,
2026-09-01 13:11:04,autoscaler,customdas-cpu-queue-autoscaler-productcatalogservice,4,60,1,,,
2026-09-01 13:11:04,autoscaler,customdas-cpu-queue-autoscaler-recommendationservice,10,60,1,,,
2026-09-01 13:11:04,autoscaler,customdas-cpu-queue-autoscaler-shippingservice,3,60,1,,,
2026-09-01 13:11:04,node,ze-master-node,3372,3980,,84.3,50.1,
2026-09-01 13:11:04,node,ze-worker-node,2748,2169,,68.7,27.3,
2026-09-01 13:11:16,deployment,adservice,223,174,2,,,
2026-09-01 13:11:16,deployment,cartservice,235,114,3,,,
2026-09-01 13:11:16,deployment,checkoutservice,61,33,3,,,
2026-09-01 13:11:16,deployment,currencyservice,390,186,3,,,
2026-09-01 13:11:16,deployment,emailservice,18,40,1,,,
2026-09-01 13:11:16,deployment,frontend,810,135,11,,,
2026-09-01 13:11:16,http_p95_latency,frontend,,,,,,262.6
2026-09-01 13:11:16,deployment,paymentservice,11,31,1,,,
2026-09-01 13:11:16,deployment,productcatalogservice,404,41,5,,,
2026-09-01 13:11:16,deployment,recommendationservice,324,165,4,,,
2026-09-01 13:11:16,deployment,redis-cart,78,44,1,,,
2026-09-01 13:11:16,deployment,shippingservice,35,9,1,,,
2026-09-01 13:11:16,autoscaler,customdas-cpu-queue-autoscaler-adservice,1,60,1,,,
2026-09-01 13:11:16,autoscaler,customdas-cpu-queue-autoscaler-cartservice,6,60,1,,,
2026-09-01 13:11:16,autoscaler,customdas-cpu-queue-autoscaler-checkoutservice,7,60,1,,,
2026-09-01 13:11:16,autoscaler,customdas-cpu-queue-autoscaler-currencyservice,7,60,1,,,
2026-09-01 13:11:16,autoscaler,customdas-cpu-queue-autoscaler-emailservice,5,60,1,,,
2026-09-01 13:11:16,autoscaler,customdas-cpu-queue-autoscaler-frontend,14,60,1,,,
2026-09-01 13:11:16,autoscaler,customdas-cpu-queue-autoscaler-paymentservice,2,60,1,,,
2026-09-01 13:11:16,autoscaler,customdas-cpu-queue-autoscaler-productcatalogservice,4,60,1,,,
2026-09-01 13:11:16,autoscaler,customdas-cpu-queue-autoscaler-recommendationservice,5,60,1,,,
2026-09-01 13:11:16,autoscaler,customdas-cpu-queue-autoscaler-shippingservice,7,60,1,,,
2026-09-01 13:11:16,node,ze-master-node,3380,3975,,84.5,50.1,
2026-09-01 13:11:16,node,ze-worker-node,2704,2169,,67.6,27.3,
2026-09-01 13:11:25,deployment,adservice,164,174,2,,,
2026-09-01 13:11:25,deployment,cartservice,250,120,3,,,
2026-09-01 13:11:25,deployment,checkoutservice,66,33,3,,,
2026-09-01 13:11:25,deployment,currencyservice,389,187,3,,,
2026-09-01 13:11:25,deployment,emailservice,19,40,1,,,
2026-09-01 13:11:25,deployment,frontend,830,135,11,,,
2026-09-01 13:11:25,http_p95_latency,frontend,,,,,,262.6
2026-09-01 13:11:25,deployment,paymentservice,13,31,1,,,
2026-09-01 13:11:25,deployment,productcatalogservice,416,41,5,,,
2026-09-01 13:11:25,deployment,recommendationservice,326,165,4,,,
2026-09-01 13:11:25,deployment,redis-cart,21,44,1,,,
2026-09-01 13:11:25,deployment,shippingservice,35,9,1,,,
2026-09-01 13:11:25,autoscaler,customdas-cpu-queue-autoscaler-adservice,4,60,1,,,
2026-09-01 13:11:25,autoscaler,customdas-cpu-queue-autoscaler-cartservice,3,60,1,,,
2026-09-01 13:11:25,autoscaler,customdas-cpu-queue-autoscaler-checkoutservice,3,60,1,,,
2026-09-01 13:11:25,autoscaler,customdas-cpu-queue-autoscaler-currencyservice,7,60,1,,,
2026-09-01 13:11:25,autoscaler,customdas-cpu-queue-autoscaler-emailservice,5,60,1,,,
2026-09-01 13:11:25,autoscaler,customdas-cpu-queue-autoscaler-frontend,14,60,1,,,
2026-09-01 13:11:25,autoscaler,customdas-cpu-queue-autoscaler-paymentservice,2,60,1,,,
2026-09-01 13:11:25,autoscaler,customdas-cpu-queue-autoscaler-productcatalogservice,4,60,1,,,
2026-09-01 13:11:25,autoscaler,customdas-cpu-queue-autoscaler-recommendationservice,5,60,1,,,
2026-09-01 13:11:25,autoscaler,customdas-cpu-queue-autoscaler-shippingservice,7,60,1,,,
2026-09-01 13:11:25,node,ze-master-node,3380,3975,,84.5,50.1,
2026-09-01 13:11:25,node,ze-worker-node,2704,2169,,67.6,27.3,
2026-09-01 13:11:34,deployment,adservice,197,177,2,,,
2026-09-01 13:11:34,deployment,cartservice,213,114,3,,,
2026-09-01 13:11:34,deployment,checkoutservice,51,32,3,,,
2026-09-01 13:11:34,deployment,currencyservice,352,189,3,,,
2026-09-01 13:11:34,deployment,emailservice,15,40,1,,,
2026-09-01 13:11:34,deployment,frontend,764,136,11,,,
2026-09-01 13:11:34,http_p95_latency,frontend,,,,,,247.5
2026-09-01 13:11:34,deployment,paymentservice,11,31,1,,,
2026-09-01 13:11:34,deployment,productcatalogservice,383,41,5,,,
2026-09-01 13:11:34,deployment,recommendationservice,305,167,4,,,
2026-09-01 13:11:34,deployment,redis-cart,19,44,1,,,
2026-09-01 13:11:34,deployment,shippingservice,33,9,1,,,
2026-09-01 13:11:34,autoscaler,customdas-cpu-queue-autoscaler-adservice,4,60,1,,,
2026-09-01 13:11:34,autoscaler,customdas-cpu-queue-autoscaler-cartservice,7,60,1,,,
2026-09-01 13:11:34,autoscaler,customdas-cpu-queue-autoscaler-checkoutservice,5,60,1,,,
2026-09-01 13:11:34,autoscaler,customdas-cpu-queue-autoscaler-currencyservice,5,60,1,,,
2026-09-01 13:11:34,autoscaler,customdas-cpu-queue-autoscaler-emailservice,4,60,1,,,
2026-09-01 13:11:34,autoscaler,customdas-cpu-queue-autoscaler-frontend,13,60,1,,,
2026-09-01 13:11:34,autoscaler,customdas-cpu-queue-autoscaler-paymentservice,2,60,1,,,
2026-09-01 13:11:34,autoscaler,customdas-cpu-queue-autoscaler-productcatalogservice,4,60,1,,,
2026-09-01 13:11:34,autoscaler,customdas-cpu-queue-autoscaler-recommendationservice,8,60,1,,,
2026-09-01 13:11:34,autoscaler,customdas-cpu-queue-autoscaler-shippingservice,2,60,1,,,
2026-09-01 13:11:34,node,ze-master-node,3087,3991,,77.2,50.3,
2026-09-01 13:11:34,node,ze-worker-node,2535,2167,,63.4,27.3,
2026-09-01 13:11:42,deployment,adservice,197,177,2,,,
2026-09-01 13:11:42,deployment,cartservice,213,114,3,,,
2026-09-01 13:11:42,deployment,checkoutservice,51,32,3,,,
2026-09-01 13:11:42,deployment,currencyservice,352,189,3,,,
2026-09-01 13:11:42,deployment,emailservice,15,40,1,,,
2026-09-01 13:11:42,deployment,frontend,764,136,11,,,
2026-09-01 13:11:42,http_p95_latency,frontend,,,,,,242.1
2026-09-01 13:11:42,deployment,paymentservice,11,31,1,,,
2026-09-01 13:11:42,deployment,productcatalogservice,383,41,5,,,
2026-09-01 13:11:42,deployment,recommendationservice,305,167,4,,,
2026-09-01 13:11:42,deployment,redis-cart,19,44,1,,,
2026-09-01 13:11:42,deployment,shippingservice,33,9,1,,,
2026-09-01 13:11:42,autoscaler,customdas-cpu-queue-autoscaler-adservice,4,60,1,,,
2026-09-01 13:11:42,autoscaler,customdas-cpu-queue-autoscaler-cartservice,7,60,1,,,
2026-09-01 13:11:42,autoscaler,customdas-cpu-queue-autoscaler-checkoutservice,5,60,1,,,
2026-09-01 13:11:42,autoscaler,customdas-cpu-queue-autoscaler-currencyservice,5,60,1,,,
2026-09-01 13:11:42,autoscaler,customdas-cpu-queue-autoscaler-emailservice,4,60,1,,,
2026-09-01 13:11:42,autoscaler,customdas-cpu-queue-autoscaler-frontend,13,60,1,,,
2026-09-01 13:11:42,autoscaler,customdas-cpu-queue-autoscaler-paymentservice,2,60,1,,,
2026-09-01 13:11:42,autoscaler,customdas-cpu-queue-autoscaler-productcatalogservice,4,60,1,,,
2026-09-01 13:11:42,autoscaler,customdas-cpu-queue-autoscaler-recommendationservice,8,60,1,,,
2026-09-01 13:11:42,autoscaler,customdas-cpu-queue-autoscaler-shippingservice,2,60,1,,,
2026-09-01 13:11:42,node,ze-master-node,3087,3991,,77.2,50.3,
2026-09-01 13:11:42,node,ze-worker-node,2535,2167,,63.4,27.3,
2026-09-01 13:11:50,deployment,adservice,126,174,2,,,
2026-09-01 13:11:50,deployment,cartservice,226,115,3,,,
2026-09-01 13:11:50,deployment,checkoutservice,52,33,3,,,
2026-09-01 13:11:50,deployment,currencyservice,345,191,3,,,
2026-09-01 13:11:50,deployment,emailservice,19,40,1,,,
2026-09-01 13:11:50,deployment,frontend,715,136,11,,,
2026-09-01 13:11:50,http_p95_latency,frontend,,,,,,242.1
2026-09-01 13:11:50,deployment,paymentservice,9,31,1,,,
2026-09-01 13:11:50,deployment,productcatalogservice,362,42,5,,,
2026-09-01 13:11:50,deployment,recommendationservice,284,163,4,,,
2026-09-01 13:11:50,deployment,redis-cart,18,44,1,,,
2026-09-01 13:11:50,deployment,shippingservice,33,9,1,,,
2026-09-01 13:11:50,autoscaler,customdas-cpu-queue-autoscaler-adservice,4,60,1,,,
2026-09-01 13:11:50,autoscaler,customdas-cpu-queue-autoscaler-cartservice,5,60,1,,,
2026-09-01 13:11:50,autoscaler,customdas-cpu-queue-autoscaler-checkoutservice,0,60,1,,,
2026-09-01 13:11:50,autoscaler,customdas-cpu-queue-autoscaler-currencyservice,5,60,1,,,
2026-09-01 13:11:50,autoscaler,customdas-cpu-queue-autoscaler-emailservice,4,60,1,,,
2026-09-01 13:11:50,autoscaler,customdas-cpu-queue-autoscaler-frontend,14,60,1,,,
2026-09-01 13:11:50,autoscaler,customdas-cpu-queue-autoscaler-paymentservice,2,60,1,,,
2026-09-01 13:11:50,autoscaler,customdas-cpu-queue-autoscaler-productcatalogservice,6,60,1,,,
2026-09-01 13:11:50,autoscaler,customdas-cpu-queue-autoscaler-recommendationservice,8,60,1,,,
2026-09-01 13:11:50,autoscaler,customdas-cpu-queue-autoscaler-shippingservice,6,60,1,,,
2026-09-01 13:11:50,node,ze-master-node,2910,3992,,72.8,50.3,
2026-09-01 13:11:50,node,ze-worker-node,2514,2166,,62.8,27.3,
2026-09-01 13:11:57,deployment,adservice,126,174,2,,,
2026-09-01 13:11:57,deployment,cartservice,226,115,3,,,
2026-09-01 13:11:57,deployment,checkoutservice,52,33,3,,,
2026-09-01 13:11:57,deployment,currencyservice,345,191,3,,,
2026-09-01 13:11:57,deployment,emailservice,19,40,1,,,
2026-09-01 13:11:57,deployment,frontend,715,136,11,,,
2026-09-01 13:11:57,http_p95_latency,frontend,,,,,,240.0
2026-09-01 13:11:57,deployment,paymentservice,9,31,1,,,
2026-09-01 13:11:57,deployment,productcatalogservice,362,42,5,,,
2026-09-01 13:11:57,deployment,recommendationservice,284,163,4,,,
2026-09-01 13:11:57,deployment,redis-cart,18,44,1,,,
2026-09-01 13:11:57,deployment,shippingservice,33,9,1,,,
2026-09-01 13:11:57,autoscaler,customdas-cpu-queue-autoscaler-adservice,4,60,1,,,
2026-09-01 13:11:57,autoscaler,customdas-cpu-queue-autoscaler-cartservice,5,60,1,,,
2026-09-01 13:11:57,autoscaler,customdas-cpu-queue-autoscaler-checkoutservice,0,60,1,,,
2026-09-01 13:11:57,autoscaler,customdas-cpu-queue-autoscaler-currencyservice,5,60,1,,,
2026-09-01 13:11:57,autoscaler,customdas-cpu-queue-autoscaler-emailservice,4,60,1,,,
2026-09-01 13:11:57,autoscaler,customdas-cpu-queue-autoscaler-frontend,14,60,1,,,
2026-09-01 13:11:57,autoscaler,customdas-cpu-queue-autoscaler-paymentservice,2,60,1,,,
2026-09-01 13:11:57,autoscaler,customdas-cpu-queue-autoscaler-productcatalogservice,6,60,1,,,
2026-09-01 13:11:57,autoscaler,customdas-cpu-queue-autoscaler-recommendationservice,8,60,1,,,
2026-09-01 13:11:57,autoscaler,customdas-cpu-queue-autoscaler-shippingservice,6,60,1,,,
2026-09-01 13:11:57,node,ze-master-node,2910,3992,,72.8,50.3,
2026-09-01 13:11:57,node,ze-worker-node,2514,2166,,62.8,27.3,
2026-09-01 13:12:08,deployment,adservice,97,174,2,,,
2026-09-01 13:12:08,deployment,cartservice,198,114,3,,,
2026-09-01 13:12:08,deployment,checkoutservice,53,33,3,,,
2026-09-01 13:12:08,deployment,currencyservice,348,187,3,,,
2026-09-01 13:12:08,deployment,emailservice,19,40,1,,,
2026-09-01 13:12:08,deployment,frontend,719,133,11,,,
2026-09-01 13:12:08,http_p95_latency,frontend,,,,,,240.0
2026-09-01 13:12:08,deployment,paymentservice,9,32,1,,,
2026-09-01 13:12:08,deployment,productcatalogservice,362,41,5,,,
2026-09-01 13:12:08,deployment,recommendationservice,281,163,4,,,
2026-09-01 13:12:08,deployment,redis-cart,18,44,1,,,
2026-09-01 13:12:08,deployment,shippingservice,28,9,1,,,
2026-09-01 13:12:08,autoscaler,customdas-cpu-queue-autoscaler-adservice,3,60,1,,,
2026-09-01 13:12:08,autoscaler,customdas-cpu-queue-autoscaler-cartservice,6,60,1,,,
2026-09-01 13:12:08,autoscaler,customdas-cpu-queue-autoscaler-checkoutservice,6,60,1,,,
2026-09-01 13:12:08,autoscaler,customdas-cpu-queue-autoscaler-currencyservice,5,60,1,,,
2026-09-01 13:12:08,autoscaler,customdas-cpu-queue-autoscaler-emailservice,4,60,1,,,
2026-09-01 13:12:08,autoscaler,customdas-cpu-queue-autoscaler-frontend,10,60,1,,,
2026-09-01 13:12:08,autoscaler,customdas-cpu-queue-autoscaler-paymentservice,2,60,1,,,
2026-09-01 13:12:08,autoscaler,customdas-cpu-queue-autoscaler-productcatalogservice,6,60,1,,,
2026-09-01 13:12:08,autoscaler,customdas-cpu-queue-autoscaler-recommendationservice,6,60,1,,,
2026-09-01 13:12:08,autoscaler,customdas-cpu-queue-autoscaler-shippingservice,4,60,1,,,
2026-09-01 13:12:08,node,ze-master-node,3013,3998,,75.3,50.3,
2026-09-01 13:12:08,node,ze-worker-node,2452,2168,,61.3,27.3,
2026-09-01 13:12:16,deployment,adservice,97,174,2,,,
2026-09-01 13:12:16,deployment,cartservice,198,114,3,,,
2026-09-01 13:12:16,deployment,checkoutservice,53,33,3,,,
2026-09-01 13:12:16,deployment,currencyservice,348,187,3,,,
2026-09-01 13:12:16,deployment,emailservice,19,40,1,,,
2026-09-01 13:12:16,deployment,frontend,719,133,11,,,
2026-09-01 13:12:16,http_p95_latency,frontend,,,,,,232.9
2026-09-01 13:12:16,deployment,paymentservice,9,32,1,,,
2026-09-01 13:12:16,deployment,productcatalogservice,362,41,5,,,
2026-09-01 13:12:16,deployment,recommendationservice,281,163,4,,,
2026-09-01 13:12:16,deployment,redis-cart,18,44,1,,,
2026-09-01 13:12:16,deployment,shippingservice,28,9,1,,,
2026-09-01 13:12:16,autoscaler,customdas-cpu-queue-autoscaler-adservice,3,60,1,,,
2026-09-01 13:12:16,autoscaler,customdas-cpu-queue-autoscaler-cartservice,6,60,1,,,
2026-09-01 13:12:16,autoscaler,customdas-cpu-queue-autoscaler-checkoutservice,6,60,1,,,
2026-09-01 13:12:16,autoscaler,customdas-cpu-queue-autoscaler-currencyservice,5,60,1,,,
2026-09-01 13:12:16,autoscaler,customdas-cpu-queue-autoscaler-emailservice,4,60,1,,,
2026-09-01 13:12:16,autoscaler,customdas-cpu-queue-autoscaler-frontend,10,60,1,,,
2026-09-01 13:12:16,autoscaler,customdas-cpu-queue-autoscaler-paymentservice,2,60,1,,,
2026-09-01 13:12:16,autoscaler,customdas-cpu-queue-autoscaler-productcatalogservice,6,60,1,,,
2026-09-01 13:12:16,autoscaler,customdas-cpu-queue-autoscaler-recommendationservice,6,60,1,,,
2026-09-01 13:12:16,autoscaler,customdas-cpu-queue-autoscaler-shippingservice,4,60,1,,,
2026-09-01 13:12:16,node,ze-master-node,3085,3995,,77.1,50.3,
2026-09-01 13:12:16,node,ze-worker-node,2377,2169,,59.4,27.3,
2026-09-01 13:12:24,deployment,adservice,96,174,2,,,
2026-09-01 13:12:24,deployment,cartservice,202,117,3,,,
2026-09-01 13:12:24,deployment,checkoutservice,49,33,3,,,
2026-09-01 13:12:24,deployment,currencyservice,333,187,3,,,
2026-09-01 13:12:24,deployment,emailservice,16,40,1,,,
2026-09-01 13:12:24,deployment,frontend,714,137,11,,,
2026-09-01 13:12:24,http_p95_latency,frontend,,,,,,232.9
2026-09-01 13:12:24,deployment,paymentservice,13,33,1,,,
2026-09-01 13:12:24,deployment,productcatalogservice,369,41,5,,,
2026-09-01 13:12:24,deployment,recommendationservice,281,163,4,,,
2026-09-01 13:12:24,deployment,redis-cart,18,44,1,,,
2026-09-01 13:12:24,deployment,shippingservice,31,9,1,,,
2026-09-01 13:12:24,autoscaler,customdas-cpu-queue-autoscaler-adservice,3,60,1,,,
2026-09-01 13:12:24,autoscaler,customdas-cpu-queue-autoscaler-cartservice,5,60,1,,,
2026-09-01 13:12:24,autoscaler,customdas-cpu-queue-autoscaler-checkoutservice,6,60,1,,,
2026-09-01 13:12:24,autoscaler,customdas-cpu-queue-autoscaler-currencyservice,6,60,1,,,
2026-09-01 13:12:24,autoscaler,customdas-cpu-queue-autoscaler-emailservice,4,60,1,,,
2026-09-01 13:12:24,autoscaler,customdas-cpu-queue-autoscaler-frontend,12,60,1,,,
2026-09-01 13:12:24,autoscaler,customdas-cpu-queue-autoscaler-paymentservice,4,60,1,,,
2026-09-01 13:12:24,autoscaler,customdas-cpu-queue-autoscaler-productcatalogservice,6,60,1,,,
2026-09-01 13:12:24,autoscaler,customdas-cpu-queue-autoscaler-recommendationservice,16,60,1,,,
2026-09-01 13:12:24,autoscaler,customdas-cpu-queue-autoscaler-shippingservice,5,60,1,,,
2026-09-01 13:12:24,node,ze-master-node,3085,3995,,77.1,50.3,
2026-09-01 13:12:24,node,ze-worker-node,2377,2169,,59.4,27.3,
2026-09-01 13:12:33,deployment,adservice,94,177,2,,,
2026-09-01 13:12:33,deployment,cartservice,199,117,3,,,
2026-09-01 13:12:33,deployment,checkoutservice,42,33,3,,,
2026-09-01 13:12:33,deployment,currencyservice,327,187,3,,,
2026-09-01 13:12:33,deployment,emailservice,19,41,1,,,
2026-09-01 13:12:33,deployment,frontend,687,135,11,,,
2026-09-01 13:12:33,http_p95_latency,frontend,,,,,,225.6
2026-09-01 13:12:33,deployment,paymentservice,10,31,1,,,
2026-09-01 13:12:33,deployment,productcatalogservice,357,41,5,,,
2026-09-01 13:12:33,deployment,recommendationservice,268,163,4,,,
2026-09-01 13:12:33,deployment,redis-cart,18,44,1,,,
2026-09-01 13:12:33,deployment,shippingservice,33,9,1,,,
2026-09-01 13:12:33,autoscaler,customdas-cpu-queue-autoscaler-adservice,4,60,1,,,
2026-09-01 13:12:33,autoscaler,customdas-cpu-queue-autoscaler-cartservice,7,60,1,,,
2026-09-01 13:12:33,autoscaler,customdas-cpu-queue-autoscaler-checkoutservice,3,60,1,,,
2026-09-01 13:12:33,autoscaler,customdas-cpu-queue-autoscaler-currencyservice,6,60,1,,,
2026-09-01 13:12:33,autoscaler,customdas-cpu-queue-autoscaler-emailservice,6,60,1,,,
2026-09-01 13:12:33,autoscaler,customdas-cpu-queue-autoscaler-frontend,8,60,1,,,
2026-09-01 13:12:33,autoscaler,customdas-cpu-queue-autoscaler-paymentservice,4,60,1,,,
2026-09-01 13:12:33,autoscaler,customdas-cpu-queue-autoscaler-productcatalogservice,8,60,1,,,
2026-09-01 13:12:33,autoscaler,customdas-cpu-queue-autoscaler-recommendationservice,7,60,1,,,
2026-09-01 13:12:33,autoscaler,customdas-cpu-queue-autoscaler-shippingservice,0,60,1,,,
2026-09-01 13:12:33,node,ze-master-node,3033,4001,,75.8,50.4,
2026-09-01 13:12:33,node,ze-worker-node,2367,2170,,59.2,27.3,
2026-09-01 13:12:42,deployment,adservice,94,177,2,,,
2026-09-01 13:12:42,deployment,cartservice,199,117,3,,,
2026-09-01 13:12:42,deployment,checkoutservice,42,33,3,,,
2026-09-01 13:12:42,deployment,currencyservice,327,187,3,,,
2026-09-01 13:12:42,deployment,emailservice,19,41,1,,,
2026-09-01 13:12:42,deployment,frontend,687,135,11,,,
2026-09-01 13:12:42,http_p95_latency,frontend,,,,,,215.8
2026-09-01 13:12:42,deployment,paymentservice,10,31,1,,,
2026-09-01 13:12:42,deployment,productcatalogservice,357,41,5,,,
2026-09-01 13:12:42,deployment,recommendationservice,268,163,4,,,
2026-09-01 13:12:42,deployment,redis-cart,18,44,1,,,
2026-09-01 13:12:42,deployment,shippingservice,33,9,1,,,
2026-09-01 13:12:42,autoscaler,customdas-cpu-queue-autoscaler-adservice,4,60,1,,,
2026-09-01 13:12:42,autoscaler,customdas-cpu-queue-autoscaler-cartservice,7,60,1,,,
2026-09-01 13:12:42,autoscaler,customdas-cpu-queue-autoscaler-checkoutservice,3,60,1,,,
2026-09-01 13:12:42,autoscaler,customdas-cpu-queue-autoscaler-currencyservice,6,60,1,,,
2026-09-01 13:12:42,autoscaler,customdas-cpu-queue-autoscaler-emailservice,6,60,1,,,
2026-09-01 13:12:42,autoscaler,customdas-cpu-queue-autoscaler-frontend,8,60,1,,,
2026-09-01 13:12:42,autoscaler,customdas-cpu-queue-autoscaler-paymentservice,4,60,1,,,
2026-09-01 13:12:42,autoscaler,customdas-cpu-queue-autoscaler-productcatalogservice,8,60,1,,,
2026-09-01 13:12:42,autoscaler,customdas-cpu-queue-autoscaler-recommendationservice,7,60,1,,,
2026-09-01 13:12:42,autoscaler,customdas-cpu-queue-autoscaler-shippingservice,0,60,1,,,
2026-09-01 13:12:42,node,ze-master-node,3033,4001,,75.8,50.4,
2026-09-01 13:12:42,node,ze-worker-node,2367,2170,,59.2,27.3,
2026-09-01 13:12:51,deployment,adservice,164,176,2,,,
2026-09-01 13:12:51,deployment,cartservice,183,114,3,,,
2026-09-01 13:12:51,deployment,checkoutservice,49,33,3,,,
2026-09-01 13:12:51,deployment,currencyservice,330,189,3,,,
2026-09-01 13:12:51,deployment,emailservice,14,40,1,,,
2026-09-01 13:12:51,deployment,frontend,701,135,11,,,
2026-09-01 13:12:51,http_p95_latency,frontend,,,,,,215.8
2026-09-01 13:12:51,deployment,paymentservice,10,31,1,,,
2026-09-01 13:12:51,deployment,productcatalogservice,356,42,5,,,
2026-09-01 13:12:51,deployment,recommendationservice,276,163,4,,,
2026-09-01 13:12:51,deployment,redis-cart,18,44,1,,,
2026-09-01 13:12:51,deployment,shippingservice,30,9,1,,,
2026-09-01 13:12:51,autoscaler,customdas-cpu-queue-autoscaler-adservice,4,60,1,,,
2026-09-01 13:12:51,autoscaler,customdas-cpu-queue-autoscaler-cartservice,5,60,1,,,
2026-09-01 13:12:51,autoscaler,customdas-cpu-queue-autoscaler-checkoutservice,5,60,1,,,
2026-09-01 13:12:51,autoscaler,customdas-cpu-queue-autoscaler-currencyservice,5,60,1,,,
2026-09-01 13:12:51,autoscaler,customdas-cpu-queue-autoscaler-emailservice,0,60,1,,,
2026-09-01 13:12:51,autoscaler,customdas-cpu-queue-autoscaler-frontend,11,60,1,,,
2026-09-01 13:12:51,autoscaler,customdas-cpu-queue-autoscaler-paymentservice,2,60,1,,,
2026-09-01 13:12:51,autoscaler,customdas-cpu-queue-autoscaler-productcatalogservice,7,60,1,,,
2026-09-01 13:12:51,autoscaler,customdas-cpu-queue-autoscaler-recommendationservice,4,60,1,,,
2026-09-01 13:12:51,autoscaler,customdas-cpu-queue-autoscaler-shippingservice,4,60,1,,,
2026-09-01 13:12:51,node,ze-master-node,2982,3992,,74.6,50.3,
2026-09-01 13:12:51,node,ze-worker-node,2363,2162,,59.1,27.2,
2026-09-01 13:13:03,deployment,adservice,164,176,2,,,
2026-09-01 13:13:03,deployment,cartservice,177,114,3,,,
2026-09-01 13:13:03,deployment,checkoutservice,42,33,3,,,
2026-09-01 13:13:03,deployment,currencyservice,344,187,3,,,
2026-09-01 13:13:03,deployment,emailservice,18,40,1,,,
2026-09-01 13:13:03,deployment,frontend,678,136,11,,,
2026-09-01 13:13:03,http_p95_latency,frontend,,,,,,216.6
2026-09-01 13:13:03,deployment,paymentservice,10,31,1,,,
2026-09-01 13:13:03,deployment,productcatalogservice,347,42,5,,,
2026-09-01 13:13:03,deployment,recommendationservice,264,163,4,,,
2026-09-01 13:13:03,deployment,redis-cart,18,44,1,,,
2026-09-01 13:13:03,deployment,shippingservice,30,9,1,,,
2026-09-01 13:13:03,autoscaler,customdas-cpu-queue-autoscaler-adservice,3,60,1,,,
2026-09-01 13:13:03,autoscaler,customdas-cpu-queue-autoscaler-cartservice,5,60,1,,,
2026-09-01 13:13:03,autoscaler,customdas-cpu-queue-autoscaler-checkoutservice,4,60,1,,,
2026-09-01 13:13:03,autoscaler,customdas-cpu-queue-autoscaler-currencyservice,5,60,1,,,
2026-09-01 13:13:03,autoscaler,customdas-cpu-queue-autoscaler-emailservice,7,60,1,,,
2026-09-01 13:13:03,autoscaler,customdas-cpu-queue-autoscaler-frontend,13,60,1,,,
2026-09-01 13:13:03,autoscaler,customdas-cpu-queue-autoscaler-paymentservice,3,60,1,,,
2026-09-01 13:13:03,autoscaler,customdas-cpu-queue-autoscaler-productcatalogservice,6,60,1,,,
2026-09-01 13:13:03,autoscaler,customdas-cpu-queue-autoscaler-recommendationservice,10,60,1,,,
2026-09-01 13:13:03,autoscaler,customdas-cpu-queue-autoscaler-shippingservice,6,60,1,,,
2026-09-01 13:13:03,node,ze-master-node,2861,4032,,71.5,50.8,
2026-09-01 13:13:03,node,ze-worker-node,2333,2161,,58.3,27.2,
2026-09-01 13:13:11,deployment,adservice,91,186,2,,,
2026-09-01 13:13:11,deployment,cartservice,177,114,3,,,
2026-09-01 13:13:11,deployment,checkoutservice,42,33,3,,,
2026-09-01 13:13:11,deployment,currencyservice,344,187,3,,,
2026-09-01 13:13:11,deployment,emailservice,18,40,1,,,
2026-09-01 13:13:11,deployment,frontend,678,136,11,,,
2026-09-01 13:13:11,http_p95_latency,frontend,,,,,,211.8
2026-09-01 13:13:11,deployment,paymentservice,10,31,1,,,
2026-09-01 13:13:11,deployment,productcatalogservice,347,42,5,,,
2026-09-01 13:13:11,deployment,recommendationservice,264,163,4,,,
2026-09-01 13:13:11,deployment,redis-cart,18,44,1,,,
2026-09-01 13:13:11,deployment,shippingservice,30,9,1,,,
2026-09-01 13:13:11,autoscaler,customdas-cpu-queue-autoscaler-adservice,3,60,1,,,
2026-09-01 13:13:11,autoscaler,customdas-cpu-queue-autoscaler-cartservice,5,60,1,,,
2026-09-01 13:13:11,autoscaler,customdas-cpu-queue-autoscaler-checkoutservice,4,60,1,,,
2026-09-01 13:13:11,autoscaler,customdas-cpu-queue-autoscaler-currencyservice,5,60,1,,,
2026-09-01 13:13:11,autoscaler,customdas-cpu-queue-autoscaler-emailservice,7,60,1,,,
2026-09-01 13:13:11,autoscaler,customdas-cpu-queue-autoscaler-frontend,13,60,1,,,
2026-09-01 13:13:11,autoscaler,customdas-cpu-queue-autoscaler-paymentservice,3,60,1,,,
2026-09-01 13:13:11,autoscaler,customdas-cpu-queue-autoscaler-productcatalogservice,6,60,1,,,
2026-09-01 13:13:11,autoscaler,customdas-cpu-queue-autoscaler-recommendationservice,10,60,1,,,
2026-09-01 13:13:11,autoscaler,customdas-cpu-queue-autoscaler-shippingservice,6,60,1,,,
2026-09-01 13:13:11,node,ze-master-node,2861,4032,,71.5,50.8,
2026-09-01 13:13:11,node,ze-worker-node,2333,2161,,58.3,27.2,
2026-09-01 13:13:18,deployment,adservice,91,186,2,,,
2026-09-01 13:13:18,deployment,cartservice,177,114,3,,,
2026-09-01 13:13:18,deployment,checkoutservice,42,33,3,,,
2026-09-01 13:13:18,deployment,currencyservice,344,187,3,,,
2026-09-01 13:13:18,deployment,emailservice,18,40,1,,,
2026-09-01 13:13:18,deployment,frontend,678,136,11,,,
2026-09-01 13:13:18,http_p95_latency,frontend,,,,,,211.8
2026-09-01 13:13:18,deployment,paymentservice,10,31,1,,,
2026-09-01 13:13:18,deployment,productcatalogservice,346,41,5,,,
2026-09-01 13:13:18,deployment,recommendationservice,256,163,4,,,
2026-09-01 13:13:18,deployment,redis-cart,18,44,1,,,
2026-09-01 13:13:18,deployment,shippingservice,27,9,1,,,
2026-09-01 13:13:18,autoscaler,customdas-cpu-queue-autoscaler-adservice,4,60,1,,,
2026-09-01 13:13:18,autoscaler,customdas-cpu-queue-autoscaler-cartservice,7,60,1,,,
2026-09-01 13:13:18,autoscaler,customdas-cpu-queue-autoscaler-checkoutservice,4,60,1,,,
2026-09-01 13:13:18,autoscaler,customdas-cpu-queue-autoscaler-currencyservice,7,60,1,,,
2026-09-01 13:13:18,autoscaler,customdas-cpu-queue-autoscaler-emailservice,3,60,1,,,
2026-09-01 13:13:18,autoscaler,customdas-cpu-queue-autoscaler-frontend,11,60,1,,,
2026-09-01 13:13:18,autoscaler,customdas-cpu-queue-autoscaler-paymentservice,3,60,1,,,
2026-09-01 13:13:18,autoscaler,customdas-cpu-queue-autoscaler-productcatalogservice,6,60,1,,,
2026-09-01 13:13:18,autoscaler,customdas-cpu-queue-autoscaler-recommendationservice,5,60,1,,,
2026-09-01 13:13:18,autoscaler,customdas-cpu-queue-autoscaler-shippingservice,7,60,1,,,
2026-09-01 13:13:18,node,ze-master-node,2756,4018,,68.9,50.6,
2026-09-01 13:13:18,node,ze-worker-node,2345,2161,,58.6,27.2,
2026-09-01 13:13:25,deployment,adservice,81,175,2,,,
2026-09-01 13:13:25,deployment,cartservice,170,114,3,,,
2026-09-01 13:13:25,deployment,checkoutservice,36,33,3,,,
2026-09-01 13:13:25,deployment,currencyservice,318,188,3,,,
2026-09-01 13:13:25,deployment,emailservice,13,40,1,,,
2026-09-01 13:13:25,deployment,frontend,653,133,11,,,
2026-09-01 13:13:25,http_p95_latency,frontend,,,,,,208.7
2026-09-01 13:13:25,deployment,paymentservice,9,31,1,,,
2026-09-01 13:13:25,deployment,productcatalogservice,346,41,5,,,
2026-09-01 13:13:25,deployment,recommendationservice,256,163,4,,,
2026-09-01 13:13:25,deployment,redis-cart,18,44,1,,,
2026-09-01 13:13:25,deployment,shippingservice,27,9,1,,,
2026-09-01 13:13:25,autoscaler,customdas-cpu-queue-autoscaler-adservice,4,60,1,,,
2026-09-01 13:13:25,autoscaler,customdas-cpu-queue-autoscaler-cartservice,7,60,1,,,
2026-09-01 13:13:25,autoscaler,customdas-cpu-queue-autoscaler-checkoutservice,4,60,1,,,
2026-09-01 13:13:25,autoscaler,customdas-cpu-queue-autoscaler-currencyservice,7,60,1,,,
2026-09-01 13:13:25,autoscaler,customdas-cpu-queue-autoscaler-emailservice,3,60,1,,,
2026-09-01 13:13:25,autoscaler,customdas-cpu-queue-autoscaler-frontend,11,60,1,,,
2026-09-01 13:13:25,autoscaler,customdas-cpu-queue-autoscaler-paymentservice,3,60,1,,,
2026-09-01 13:13:25,autoscaler,customdas-cpu-queue-autoscaler-productcatalogservice,6,60,1,,,
2026-09-01 13:13:25,autoscaler,customdas-cpu-queue-autoscaler-recommendationservice,5,60,1,,,
2026-09-01 13:13:25,autoscaler,customdas-cpu-queue-autoscaler-shippingservice,7,60,1,,,
2026-09-01 13:13:25,node,ze-master-node,2756,4018,,68.9,50.6,
2026-09-01 13:13:25,node,ze-worker-node,2345,2161,,58.6,27.2,
2026-09-01 13:13:34,deployment,adservice,58,175,2,,,
2026-09-01 13:13:34,deployment,cartservice,152,114,3,,,
2026-09-01 13:13:34,deployment,checkoutservice,34,33,3,,,
2026-09-01 13:13:34,deployment,currencyservice,288,187,3,,,
2026-09-01 13:13:34,deployment,emailservice,21,40,1,,,
2026-09-01 13:13:34,deployment,frontend,588,136,11,,,
2026-09-01 13:13:34,http_p95_latency,frontend,,,,,,208.7
2026-09-01 13:13:34,deployment,paymentservice,8,31,1,,,
2026-09-01 13:13:34,deployment,productcatalogservice,324,41,5,,,
2026-09-01 13:13:34,deployment,recommendationservice,240,163,4,,,
2026-09-01 13:13:34,deployment,redis-cart,16,44,1,,,
2026-09-01 13:13:34,deployment,shippingservice,24,9,1,,,
2026-09-01 13:13:34,autoscaler,customdas-cpu-queue-autoscaler-adservice,3,60,1,,,
2026-09-01 13:13:34,autoscaler,customdas-cpu-queue-autoscaler-cartservice,9,60,1,,,
2026-09-01 13:13:34,autoscaler,customdas-cpu-queue-autoscaler-checkoutservice,8,60,1,,,
2026-09-01 13:13:34,autoscaler,customdas-cpu-queue-autoscaler-currencyservice,5,60,1,,,
2026-09-01 13:13:34,autoscaler,customdas-cpu-queue-autoscaler-emailservice,3,60,1,,,
2026-09-01 13:13:34,autoscaler,customdas-cpu-queue-autoscaler-frontend,20,60,1,,,
2026-09-01 13:13:34,autoscaler,customdas-cpu-queue-autoscaler-paymentservice,4,60,1,,,
2026-09-01 13:13:34,autoscaler,customdas-cpu-queue-autoscaler-productcatalogservice,5,60,1,,,
2026-09-01 13:13:34,autoscaler,customdas-cpu-queue-autoscaler-recommendationservice,8,60,1,,,
2026-09-01 13:13:34,autoscaler,customdas-cpu-queue-autoscaler-shippingservice,4,60,1,,,
2026-09-01 13:13:34,node,ze-master-node,2664,4028,,66.6,50.7,
2026-09-01 13:13:34,node,ze-worker-node,2097,2158,,52.4,27.2,
2026-09-01 13:13:41,deployment,adservice,58,175,2,,,
2026-09-01 13:13:41,deployment,cartservice,152,114,3,,,
2026-09-01 13:13:41,deployment,checkoutservice,34,33,3,,,
2026-09-01 13:13:41,deployment,currencyservice,288,187,3,,,
2026-09-01 13:13:41,deployment,emailservice,21,40,1,,,
2026-09-01 13:13:41,deployment,frontend,588,136,11,,,
2026-09-01 13:13:41,http_p95_latency,frontend,,,,,,208.7
2026-09-01 13:13:41,deployment,paymentservice,8,31,1,,,
2026-09-01 13:13:41,deployment,productcatalogservice,324,41,5,,,
2026-09-01 13:13:41,deployment,recommendationservice,240,163,4,,,
2026-09-01 13:13:41,deployment,redis-cart,16,44,1,,,
2026-09-01 13:13:41,deployment,shippingservice,24,9,1,,,
2026-09-01 13:13:41,autoscaler,customdas-cpu-queue-autoscaler-adservice,3,60,1,,,
2026-09-01 13:13:41,autoscaler,customdas-cpu-queue-autoscaler-cartservice,9,60,1,,,
2026-09-01 13:13:41,autoscaler,customdas-cpu-queue-autoscaler-checkoutservice,8,60,1,,,
2026-09-01 13:13:41,autoscaler,customdas-cpu-queue-autoscaler-currencyservice,5,60,1,,,
2026-09-01 13:13:41,autoscaler,customdas-cpu-queue-autoscaler-emailservice,3,60,1,,,
2026-09-01 13:13:41,autoscaler,customdas-cpu-queue-autoscaler-frontend,20,60,1,,,
2026-09-01 13:13:41,autoscaler,customdas-cpu-queue-autoscaler-paymentservice,4,60,1,,,
2026-09-01 13:13:41,autoscaler,customdas-cpu-queue-autoscaler-productcatalogservice,5,60,1,,,
2026-09-01 13:13:41,autoscaler,customdas-cpu-queue-autoscaler-recommendationservice,8,60,1,,,
2026-09-01 13:13:41,autoscaler,customdas-cpu-queue-autoscaler-shippingservice,4,60,1,,,
2026-09-01 13:13:41,node,ze-master-node,2664,4028,,66.6,50.7,
2026-09-01 13:13:41,node,ze-worker-node,2097,2158,,52.4,27.2,
2026-09-01 13:13:48,deployment,adservice,58,175,2,,,
2026-09-01 13:13:48,deployment,cartservice,152,114,3,,,
2026-09-01 13:13:48,deployment,checkoutservice,34,33,3,,,
2026-09-01 13:13:48,deployment,currencyservice,288,187,3,,,
2026-09-01 13:13:48,deployment,emailservice,21,40,1,,,
2026-09-01 13:13:48,deployment,frontend,588,136,11,,,
2026-09-01 13:13:48,http_p95_latency,frontend,,,,,,206.0
2026-09-01 13:13:48,deployment,paymentservice,8,31,1,,,
2026-09-01 13:13:48,deployment,productcatalogservice,324,41,5,,,
2026-09-01 13:13:48,deployment,recommendationservice,240,163,4,,,
2026-09-01 13:13:48,deployment,redis-cart,16,44,1,,,
2026-09-01 13:13:48,deployment,shippingservice,24,9,1,,,
2026-09-01 13:13:48,autoscaler,customdas-cpu-queue-autoscaler-adservice,3,60,1,,,
2026-09-01 13:13:48,autoscaler,customdas-cpu-queue-autoscaler-cartservice,0,60,1,,,
2026-09-01 13:13:48,autoscaler,customdas-cpu-queue-autoscaler-checkoutservice,8,60,1,,,
2026-09-01 13:13:48,autoscaler,customdas-cpu-queue-autoscaler-currencyservice,9,60,1,,,
2026-09-01 13:13:48,autoscaler,customdas-cpu-queue-autoscaler-emailservice,0,60,1,,,
2026-09-01 13:13:48,autoscaler,customdas-cpu-queue-autoscaler-frontend,0,60,1,,,
2026-09-01 13:13:48,autoscaler,customdas-cpu-queue-autoscaler-paymentservice,3,60,1,,,
2026-09-01 13:13:48,autoscaler,customdas-cpu-queue-autoscaler-productcatalogservice,7,60,1,,,
2026-09-01 13:13:48,autoscaler,customdas-cpu-queue-autoscaler-recommendationservice,6,60,1,,,
2026-09-01 13:13:48,autoscaler,customdas-cpu-queue-autoscaler-shippingservice,5,60,1,,,
2026-09-01 13:13:48,node,ze-master-node,2607,4024,,65.2,50.7,
2026-09-01 13:13:48,node,ze-worker-node,2145,2159,,53.6,27.2,
2026-09-01 13:13:55,deployment,adservice,64,175,2,,,
2026-09-01 13:13:55,deployment,cartservice,146,114,3,,,
2026-09-01 13:13:55,deployment,checkoutservice,39,33,3,,,
2026-09-01 13:13:55,deployment,currencyservice,283,187,3,,,
2026-09-01 13:13:55,deployment,emailservice,13,40,1,,,
2026-09-01 13:13:55,deployment,frontend,573,134,11,,,
2026-09-01 13:13:55,http_p95_latency,frontend,,,,,,206.0
2026-09-01 13:13:55,deployment,paymentservice,9,31,1,,,
2026-09-01 13:13:55,deployment,productcatalogservice,303,41,5,,,
2026-09-01 13:13:55,deployment,recommendationservice,228,163,4,,,
2026-09-01 13:13:55,deployment,redis-cart,15,44,1,,,
2026-09-01 13:13:55,deployment,shippingservice,22,11,1,,,
2026-09-01 13:13:55,autoscaler,customdas-cpu-queue-autoscaler-adservice,3,60,1,,,
2026-09-01 13:13:55,autoscaler,customdas-cpu-queue-autoscaler-cartservice,0,60,1,,,
2026-09-01 13:13:55,autoscaler,customdas-cpu-queue-autoscaler-checkoutservice,8,60,1,,,
2026-09-01 13:13:55,autoscaler,customdas-cpu-queue-autoscaler-currencyservice,9,60,1,,,
2026-09-01 13:13:55,autoscaler,customdas-cpu-queue-autoscaler-emailservice,0,60,1,,,
2026-09-01 13:13:55,autoscaler,customdas-cpu-queue-autoscaler-frontend,0,60,1,,,
2026-09-01 13:13:55,autoscaler,customdas-cpu-queue-autoscaler-paymentservice,3,60,1,,,
2026-09-01 13:13:55,autoscaler,customdas-cpu-queue-autoscaler-productcatalogservice,7,60,1,,,
2026-09-01 13:13:55,autoscaler,customdas-cpu-queue-autoscaler-recommendationservice,6,60,1,,,
2026-09-01 13:13:55,autoscaler,customdas-cpu-queue-autoscaler-shippingservice,5,60,1,,,
2026-09-01 13:13:55,node,ze-master-node,2607,4024,,65.2,50.7,
2026-09-01 13:13:55,node,ze-worker-node,2145,2159,,53.6,27.2,
2026-09-01 13:14:04,deployment,adservice,66,175,2,,,
2026-09-01 13:14:04,deployment,cartservice,159,114,3,,,
2026-09-01 13:14:04,deployment,checkoutservice,41,33,3,,,
2026-09-01 13:14:04,deployment,currencyservice,276,188,3,,,
2026-09-01 13:14:04,deployment,emailservice,17,40,1,,,
2026-09-01 13:14:04,deployment,frontend,547,134,11,,,
2026-09-01 13:14:04,http_p95_latency,frontend,,,,,,192.5
2026-09-01 13:14:04,deployment,paymentservice,9,31,1,,,
2026-09-01 13:14:04,deployment,productcatalogservice,296,42,5,,,
2026-09-01 13:14:04,deployment,recommendationservice,226,163,4,,,
2026-09-01 13:14:04,deployment,redis-cart,16,44,1,,,
2026-09-01 13:14:04,deployment,shippingservice,25,9,1,,,
2026-09-01 13:14:04,autoscaler,customdas-cpu-queue-autoscaler-adservice,3,60,1,,,
2026-09-01 13:14:04,autoscaler,customdas-cpu-queue-autoscaler-cartservice,10,60,1,,,
2026-09-01 13:14:04,autoscaler,customdas-cpu-queue-autoscaler-checkoutservice,2,60,1,,,
2026-09-01 13:14:04,autoscaler,customdas-cpu-queue-autoscaler-currencyservice,0,60,1,,,
2026-09-01 13:14:04,autoscaler,customdas-cpu-queue-autoscaler-emailservice,7,60,1,,,
2026-09-01 13:14:04,autoscaler,customdas-cpu-queue-autoscaler-frontend,12,60,1,,,
2026-09-01 13:14:04,autoscaler,customdas-cpu-queue-autoscaler-paymentservice,0,60,1,,,
2026-09-01 13:14:04,autoscaler,customdas-cpu-queue-autoscaler-productcatalogservice,6,60,1,,,
2026-09-01 13:14:04,autoscaler,customdas-cpu-queue-autoscaler-recommendationservice,7,60,1,,,
2026-09-01 13:14:04,autoscaler,customdas-cpu-queue-autoscaler-shippingservice,0,60,1,,,
2026-09-01 13:14:04,node,ze-master-node,2499,3994,,62.5,50.3,
2026-09-01 13:14:04,node,ze-worker-node,2037,2160,,50.9,27.2,
2026-09-01 13:14:11,deployment,adservice,66,175,2,,,
2026-09-01 13:14:11,deployment,cartservice,159,114,3,,,
2026-09-01 13:14:11,deployment,checkoutservice,41,33,3,,,
2026-09-01 13:14:11,deployment,currencyservice,276,188,3,,,
2026-09-01 13:14:11,deployment,emailservice,17,40,1,,,
2026-09-01 13:14:11,deployment,frontend,547,134,11,,,
2026-09-01 13:14:11,http_p95_latency,frontend,,,,,,198.7
2026-09-01 13:14:11,deployment,paymentservice,9,31,1,,,
2026-09-01 13:14:11,deployment,productcatalogservice,296,42,5,,,
2026-09-01 13:14:11,deployment,recommendationservice,226,163,4,,,
2026-09-01 13:14:11,deployment,redis-cart,16,44,1,,,
2026-09-01 13:14:11,deployment,shippingservice,25,9,1,,,
2026-09-01 13:14:11,autoscaler,customdas-cpu-queue-autoscaler-adservice,3,60,1,,,
2026-09-01 13:14:11,autoscaler,customdas-cpu-queue-autoscaler-cartservice,10,60,1,,,
2026-09-01 13:14:11,autoscaler,customdas-cpu-queue-autoscaler-checkoutservice,2,60,1,,,
2026-09-01 13:14:11,autoscaler,customdas-cpu-queue-autoscaler-currencyservice,0,60,1,,,
2026-09-01 13:14:11,autoscaler,customdas-cpu-queue-autoscaler-emailservice,7,60,1,,,
2026-09-01 13:14:11,autoscaler,customdas-cpu-queue-autoscaler-frontend,12,60,1,,,
2026-09-01 13:14:11,autoscaler,customdas-cpu-queue-autoscaler-paymentservice,0,60,1,,,
2026-09-01 13:14:11,autoscaler,customdas-cpu-queue-autoscaler-productcatalogservice,6,60,1,,,
2026-09-01 13:14:11,autoscaler,customdas-cpu-queue-autoscaler-recommendationservice,7,60,1,,,
2026-09-01 13:14:11,autoscaler,customdas-cpu-queue-autoscaler-shippingservice,0,60,1,,,
2026-09-01 13:14:11,node,ze-master-node,2499,3994,,62.5,50.3,
2026-09-01 13:14:11,node,ze-worker-node,2037,2160,,50.9,27.2,
2026-09-01 13:14:20,deployment,adservice,53,175,2,,,
2026-09-01 13:14:20,deployment,cartservice,147,114,3,,,
2026-09-01 13:14:20,deployment,checkoutservice,36,33,3,,,
2026-09-01 13:14:20,deployment,currencyservice,284,190,3,,,
2026-09-01 13:14:20,deployment,emailservice,14,40,1,,,
2026-09-01 13:14:20,deployment,frontend,560,135,11,,,
2026-09-01 13:14:20,http_p95_latency,frontend,,,,,,198.7
2026-09-01 13:14:20,deployment,paymentservice,9,31,1,,,
2026-09-01 13:14:20,deployment,productcatalogservice,291,41,5,,,
2026-09-01 13:14:20,deployment,recommendationservice,213,163,4,,,
2026-09-01 13:14:20,deployment,redis-cart,71,44,1,,,
2026-09-01 13:14:20,deployment,shippingservice,25,9,1,,,
2026-09-01 13:14:20,autoscaler,customdas-cpu-queue-autoscaler-adservice,3,60,1,,,
2026-09-01 13:14:20,autoscaler,customdas-cpu-queue-autoscaler-cartservice,5,60,1,,,
2026-09-01 13:14:20,autoscaler,customdas-cpu-queue-autoscaler-checkoutservice,9,60,1,,,
2026-09-01 13:14:20,autoscaler,customdas-cpu-queue-autoscaler-currencyservice,8,60,1,,,
2026-09-01 13:14:20,autoscaler,customdas-cpu-queue-autoscaler-emailservice,4,60,1,,,
2026-09-01 13:14:20,autoscaler,customdas-cpu-queue-autoscaler-frontend,21,60,1,,,
2026-09-01 13:14:20,autoscaler,customdas-cpu-queue-autoscaler-paymentservice,3,60,1,,,
2026-09-01 13:14:20,autoscaler,customdas-cpu-queue-autoscaler-productcatalogservice,4,60,1,,,
2026-09-01 13:14:20,autoscaler,customdas-cpu-queue-autoscaler-recommendationservice,5,60,1,,,
2026-09-01 13:14:20,autoscaler,customdas-cpu-queue-autoscaler-shippingservice,6,60,1,,,
2026-09-01 13:14:20,node,ze-master-node,2572,3990,,64.3,50.2,
2026-09-01 13:14:20,node,ze-worker-node,2212,2159,,55.3,27.2,
2026-09-01 13:14:27,deployment,adservice,53,175,2,,,
2026-09-01 13:14:27,deployment,cartservice,147,114,3,,,
2026-09-01 13:14:27,deployment,checkoutservice,36,33,3,,,
2026-09-01 13:14:27,deployment,currencyservice,284,190,3,,,
2026-09-01 13:14:27,deployment,emailservice,14,40,1,,,
2026-09-01 13:14:27,deployment,frontend,560,135,11,,,
2026-09-01 13:14:27,http_p95_latency,frontend,,,,,,201.2
2026-09-01 13:14:27,deployment,paymentservice,9,31,1,,,
2026-09-01 13:14:27,deployment,productcatalogservice,291,41,5,,,
2026-09-01 13:14:27,deployment,recommendationservice,213,163,4,,,
2026-09-01 13:14:27,deployment,redis-cart,71,44,1,,,
2026-09-01 13:14:27,deployment,shippingservice,25,9,1,,,
2026-09-01 13:14:27,autoscaler,customdas-cpu-queue-autoscaler-adservice,3,60,1,,,
2026-09-01 13:14:27,autoscaler,customdas-cpu-queue-autoscaler-cartservice,5,60,1,,,
2026-09-01 13:14:27,autoscaler,customdas-cpu-queue-autoscaler-checkoutservice,9,60,1,,,
2026-09-01 13:14:27,autoscaler,customdas-cpu-queue-autoscaler-currencyservice,8,60,1,,,
2026-09-01 13:14:27,autoscaler,customdas-cpu-queue-autoscaler-emailservice,4,60,1,,,
2026-09-01 13:14:27,autoscaler,customdas-cpu-queue-autoscaler-frontend,21,60,1,,,
2026-09-01 13:14:27,autoscaler,customdas-cpu-queue-autoscaler-paymentservice,3,60,1,,,
2026-09-01 13:14:27,autoscaler,customdas-cpu-queue-autoscaler-productcatalogservice,4,60,1,,,
2026-09-01 13:14:27,autoscaler,customdas-cpu-queue-autoscaler-recommendationservice,5,60,1,,,
2026-09-01 13:14:27,autoscaler,customdas-cpu-queue-autoscaler-shippingservice,6,60,1,,,
2026-09-01 13:14:27,node,ze-master-node,2572,3990,,64.3,50.2,
2026-09-01 13:14:27,node,ze-worker-node,2212,2159,,55.3,27.2,
2026-09-01 13:14:36,deployment,adservice,67,175,2,,,
2026-09-01 13:14:36,deployment,cartservice,185,114,3,,,
2026-09-01 13:14:36,deployment,checkoutservice,44,32,3,,,
2026-09-01 13:14:36,deployment,currencyservice,305,195,3,,,
2026-09-01 13:14:36,deployment,emailservice,15,40,1,,,
2026-09-01 13:14:36,deployment,frontend,596,135,11,,,
2026-09-01 13:14:36,http_p95_latency,frontend,,,,,,201.2
2026-09-01 13:14:36,deployment,paymentservice,10,31,1,,,
2026-09-01 13:14:36,deployment,productcatalogservice,310,41,5,,,
2026-09-01 13:14:36,deployment,recommendationservice,234,163,4,,,
2026-09-01 13:14:36,deployment,redis-cart,16,44,1,,,
2026-09-01 13:14:36,deployment,shippingservice,29,9,1,,,
2026-09-01 13:14:36,autoscaler,customdas-cpu-queue-autoscaler-adservice,4,60,1,,,
2026-09-01 13:14:36,autoscaler,customdas-cpu-queue-autoscaler-cartservice,6,60,1,,,
2026-09-01 13:14:36,autoscaler,customdas-cpu-queue-autoscaler-checkoutservice,5,60,1,,,
2026-09-01 13:14:36,autoscaler,customdas-cpu-queue-autoscaler-currencyservice,4,60,1,,,
2026-09-01 13:14:36,autoscaler,customdas-cpu-queue-autoscaler-emailservice,4,60,1,,,
2026-09-01 13:14:36,autoscaler,customdas-cpu-queue-autoscaler-frontend,16,60,1,,,
2026-09-01 13:14:36,autoscaler,customdas-cpu-queue-autoscaler-paymentservice,3,60,1,,,
2026-09-01 13:14:36,autoscaler,customdas-cpu-queue-autoscaler-productcatalogservice,5,60,1,,,
2026-09-01 13:14:36,autoscaler,customdas-cpu-queue-autoscaler-recommendationservice,7,60,1,,,
2026-09-01 13:14:36,autoscaler,customdas-cpu-queue-autoscaler-shippingservice,5,60,1,,,
2026-09-01 13:14:36,node,ze-master-node,2733,3988,,68.3,50.2,
2026-09-01 13:14:36,node,ze-worker-node,2213,2161,,55.3,27.2,
2026-09-01 13:14:45,deployment,adservice,67,175,2,,,
2026-09-01 13:14:45,deployment,cartservice,185,114,3,,,
2026-09-01 13:14:45,deployment,checkoutservice,44,32,3,,,
2026-09-01 13:14:45,deployment,currencyservice,305,195,3,,,
2026-09-01 13:14:45,deployment,emailservice,15,40,1,,,
2026-09-01 13:14:45,deployment,frontend,596,135,11,,,
2026-09-01 13:14:45,http_p95_latency,frontend,,,,,,215.5
2026-09-01 13:14:45,deployment,paymentservice,10,31,1,,,
2026-09-01 13:14:45,deployment,productcatalogservice,310,41,5,,,
2026-09-01 13:14:45,deployment,recommendationservice,234,163,4,,,
2026-09-01 13:14:45,deployment,redis-cart,16,44,1,,,
2026-09-01 13:14:45,deployment,shippingservice,29,9,1,,,
2026-09-01 13:14:45,autoscaler,customdas-cpu-queue-autoscaler-adservice,4,60,1,,,
2026-09-01 13:14:45,autoscaler,customdas-cpu-queue-autoscaler-cartservice,6,60,1,,,
2026-09-01 13:14:45,autoscaler,customdas-cpu-queue-autoscaler-checkoutservice,5,60,1,,,
2026-09-01 13:14:45,autoscaler,customdas-cpu-queue-autoscaler-currencyservice,4,60,1,,,
2026-09-01 13:14:45,autoscaler,customdas-cpu-queue-autoscaler-emailservice,4,60,1,,,
2026-09-01 13:14:45,autoscaler,customdas-cpu-queue-autoscaler-frontend,16,60,1,,,
2026-09-01 13:14:45,autoscaler,customdas-cpu-queue-autoscaler-paymentservice,3,60,1,,,
2026-09-01 13:14:45,autoscaler,customdas-cpu-queue-autoscaler-productcatalogservice,5,60,1,,,
2026-09-01 13:14:45,autoscaler,customdas-cpu-queue-autoscaler-recommendationservice,7,60,1,,,
2026-09-01 13:14:45,autoscaler,customdas-cpu-queue-autoscaler-shippingservice,5,60,1,,,
2026-09-01 13:14:45,node,ze-master-node,2733,3988,,68.3,50.2,
2026-09-01 13:14:45,node,ze-worker-node,2213,2161,,55.3,27.2,
2026-09-01 13:14:52,deployment,adservice,58,175,2,,,
2026-09-01 13:14:52,deployment,cartservice,181,114,3,,,
2026-09-01 13:14:52,deployment,checkoutservice,48,32,3,,,
2026-09-01 13:14:52,deployment,currencyservice,313,186,3,,,
2026-09-01 13:14:52,deployment,emailservice,18,40,1,,,
2026-09-01 13:14:52,deployment,frontend,613,135,11,,,
2026-09-01 13:14:52,http_p95_latency,frontend,,,,,,215.5
2026-09-01 13:14:52,deployment,paymentservice,10,34,1,,,
2026-09-01 13:14:52,deployment,productcatalogservice,322,42,5,,,
2026-09-01 13:14:52,deployment,recommendationservice,249,163,4,,,
2026-09-01 13:14:52,deployment,redis-cart,17,44,1,,,
2026-09-01 13:14:52,deployment,shippingservice,29,9,1,,,
2026-09-01 13:14:52,autoscaler,customdas-cpu-queue-autoscaler-adservice,3,60,1,,,
2026-09-01 13:14:52,autoscaler,customdas-cpu-queue-autoscaler-cartservice,0,60,1,,,
2026-09-01 13:14:52,autoscaler,customdas-cpu-queue-autoscaler-checkoutservice,6,60,1,,,
2026-09-01 13:14:52,autoscaler,customdas-cpu-queue-autoscaler-currencyservice,7,60,1,,,
2026-09-01 13:14:52,autoscaler,customdas-cpu-queue-autoscaler-emailservice,3,60,1,,,
2026-09-01 13:14:52,autoscaler,customdas-cpu-queue-autoscaler-frontend,11,60,1,,,
2026-09-01 13:14:52,autoscaler,customdas-cpu-queue-autoscaler-paymentservice,4,60,1,,,
2026-09-01 13:14:52,autoscaler,customdas-cpu-queue-autoscaler-productcatalogservice,6,60,1,,,
2026-09-01 13:14:52,autoscaler,customdas-cpu-queue-autoscaler-recommendationservice,7,60,1,,,
2026-09-01 13:14:52,autoscaler,customdas-cpu-queue-autoscaler-shippingservice,0,60,1,,,
2026-09-01 13:14:52,node,ze-master-node,2608,3983,,65.2,50.2,
2026-09-01 13:14:52,node,ze-worker-node,2294,2161,,57.4,27.2,
2026-09-01 13:15:02,deployment,adservice,58,175,2,,,
2026-09-01 13:15:02,deployment,cartservice,181,114,3,,,
2026-09-01 13:15:02,deployment,checkoutservice,48,32,3,,,
2026-09-01 13:15:02,deployment,currencyservice,313,186,3,,,
2026-09-01 13:15:02,deployment,emailservice,18,40,1,,,
2026-09-01 13:15:02,deployment,frontend,613,135,11,,,
2026-09-01 13:15:02,http_p95_latency,frontend,,,,,,213.0
2026-09-01 13:15:02,deployment,paymentservice,10,34,1,,,
2026-09-01 13:15:02,deployment,productcatalogservice,322,42,5,,,
2026-09-01 13:15:02,deployment,recommendationservice,249,163,4,,,
2026-09-01 13:15:02,deployment,redis-cart,17,44,1,,,
2026-09-01 13:15:02,deployment,shippingservice,29,9,1,,,
2026-09-01 13:15:02,autoscaler,customdas-cpu-queue-autoscaler-adservice,5,60,1,,,
2026-09-01 13:15:02,autoscaler,customdas-cpu-queue-autoscaler-cartservice,7,60,1,,,
2026-09-01 13:15:02,autoscaler,customdas-cpu-queue-autoscaler-checkoutservice,0,60,1,,,
2026-09-01 13:15:02,autoscaler,customdas-cpu-queue-autoscaler-currencyservice,5,60,1,,,
2026-09-01 13:15:02,autoscaler,customdas-cpu-queue-autoscaler-emailservice,5,60,1,,,
2026-09-01 13:15:02,autoscaler,customdas-cpu-queue-autoscaler-frontend,15,60,1,,,
2026-09-01 13:15:02,autoscaler,customdas-cpu-queue-autoscaler-paymentservice,3,60,1,,,
2026-09-01 13:15:02,autoscaler,customdas-cpu-queue-autoscaler-productcatalogservice,8,60,1,,,
2026-09-01 13:15:02,autoscaler,customdas-cpu-queue-autoscaler-recommendationservice,4,60,1,,,
2026-09-01 13:15:02,autoscaler,customdas-cpu-queue-autoscaler-shippingservice,6,60,1,,,
2026-09-01 13:15:02,node,ze-master-node,2662,4004,,66.5,50.4,
2026-09-01 13:15:02,node,ze-worker-node,2218,2161,,55.5,27.2,
2026-09-01 13:15:10,deployment,adservice,71,176,2,,,
2026-09-01 13:15:10,deployment,cartservice,175,114,3,,,
2026-09-01 13:15:10,deployment,checkoutservice,37,33,3,,,
2026-09-01 13:15:10,deployment,currencyservice,301,186,3,,,
2026-09-01 13:15:10,deployment,emailservice,13,40,1,,,
2026-09-01 13:15:10,deployment,frontend,606,135,11,,,
2026-09-01 13:15:10,http_p95_latency,frontend,,,,,,207.0
2026-09-01 13:15:10,deployment,paymentservice,8,31,1,,,
2026-09-01 13:15:10,deployment,productcatalogservice,317,41,5,,,
2026-09-01 13:15:10,deployment,recommendationservice,235,163,4,,,
2026-09-01 13:15:10,deployment,redis-cart,16,44,1,,,
2026-09-01 13:15:10,deployment,shippingservice,27,9,1,,,
2026-09-01 13:15:10,autoscaler,customdas-cpu-queue-autoscaler-adservice,5,60,1,,,
2026-09-01 13:15:10,autoscaler,customdas-cpu-queue-autoscaler-cartservice,7,60,1,,,
2026-09-01 13:15:10,autoscaler,customdas-cpu-queue-autoscaler-checkoutservice,0,60,1,,,
2026-09-01 13:15:10,autoscaler,customdas-cpu-queue-autoscaler-currencyservice,5,60,1,,,
2026-09-01 13:15:10,autoscaler,customdas-cpu-queue-autoscaler-emailservice,5,60,1,,,
2026-09-01 13:15:10,autoscaler,customdas-cpu-queue-autoscaler-frontend,15,60,1,,,
2026-09-01 13:15:10,autoscaler,customdas-cpu-queue-autoscaler-paymentservice,3,60,1,,,
2026-09-01 13:15:10,autoscaler,customdas-cpu-queue-autoscaler-productcatalogservice,8,60,1,,,
2026-09-01 13:15:10,autoscaler,customdas-cpu-queue-autoscaler-recommendationservice,4,60,1,,,
2026-09-01 13:15:10,autoscaler,customdas-cpu-queue-autoscaler-shippingservice,6,60,1,,,
2026-09-01 13:15:10,node,ze-master-node,2662,4004,,66.5,50.4,
2026-09-01 13:15:10,node,ze-worker-node,2218,2161,,55.5,27.2,
2026-09-01 13:15:21,deployment,adservice,58,175,2,,,
2026-09-01 13:15:21,deployment,cartservice,157,114,3,,,
2026-09-01 13:15:21,deployment,checkoutservice,43,33,3,,,
2026-09-01 13:15:21,deployment,currencyservice,314,188,3,,,
2026-09-01 13:15:21,deployment,emailservice,16,40,1,,,
2026-09-01 13:15:21,deployment,frontend,643,136,11,,,
2026-09-01 13:15:21,http_p95_latency,frontend,,,,,,207.0
2026-09-01 13:15:21,deployment,paymentservice,13,31,1,,,
2026-09-01 13:15:21,deployment,productcatalogservice,332,43,5,,,
2026-09-01 13:15:21,deployment,recommendationservice,259,163,4,,,
2026-09-01 13:15:21,deployment,redis-cart,17,44,1,,,
2026-09-01 13:15:21,deployment,shippingservice,25,9,1,,,
2026-09-01 13:15:21,autoscaler,customdas-cpu-queue-autoscaler-adservice,4,60,1,,,
2026-09-01 13:15:21,autoscaler,customdas-cpu-queue-autoscaler-cartservice,7,60,1,,,
2026-09-01 13:15:21,autoscaler,customdas-cpu-queue-autoscaler-checkoutservice,7,60,1,,,
2026-09-01 13:15:21,autoscaler,customdas-cpu-queue-autoscaler-currencyservice,6,60,1,,,
2026-09-01 13:15:21,autoscaler,customdas-cpu-queue-autoscaler-emailservice,5,60,1,,,
2026-09-01 13:15:21,autoscaler,customdas-cpu-queue-autoscaler-frontend,7,60,1,,,
2026-09-01 13:15:21,autoscaler,customdas-cpu-queue-autoscaler-paymentservice,7,60,1,,,
2026-09-01 13:15:21,autoscaler,customdas-cpu-queue-autoscaler-productcatalogservice,7,60,1,,,
2026-09-01 13:15:21,autoscaler,customdas-cpu-queue-autoscaler-recommendationservice,7,60,1,,,
2026-09-01 13:15:21,autoscaler,customdas-cpu-queue-autoscaler-shippingservice,0,60,1,,,
2026-09-01 13:15:21,node,ze-master-node,2751,3999,,68.8,50.4,
2026-09-01 13:15:21,node,ze-worker-node,2365,2167,,59.1,27.3,
2026-09-01 13:15:30,deployment,adservice,58,175,2,,,
2026-09-01 13:15:30,deployment,cartservice,157,114,3,,,
2026-09-01 13:15:30,deployment,checkoutservice,43,33,3,,,
2026-09-01 13:15:30,deployment,currencyservice,314,188,3,,,
2026-09-01 13:15:30,deployment,emailservice,16,40,1,,,
2026-09-01 13:15:30,deployment,frontend,643,136,11,,,
2026-09-01 13:15:30,http_p95_latency,frontend,,,,,,215.0
2026-09-01 13:15:30,deployment,paymentservice,13,31,1,,,
2026-09-01 13:15:30,deployment,productcatalogservice,332,43,5,,,
2026-09-01 13:15:30,deployment,recommendationservice,259,163,4,,,
2026-09-01 13:15:30,deployment,redis-cart,17,44,1,,,
2026-09-01 13:15:30,deployment,shippingservice,25,9,1,,,
2026-09-01 13:15:30,autoscaler,customdas-cpu-queue-autoscaler-adservice,4,60,1,,,
2026-09-01 13:15:30,autoscaler,customdas-cpu-queue-autoscaler-cartservice,7,60,1,,,
2026-09-01 13:15:30,autoscaler,customdas-cpu-queue-autoscaler-checkoutservice,7,60,1,,,
2026-09-01 13:15:30,autoscaler,customdas-cpu-queue-autoscaler-currencyservice,6,60,1,,,
2026-09-01 13:15:30,autoscaler,customdas-cpu-queue-autoscaler-emailservice,5,60,1,,,
2026-09-01 13:15:30,autoscaler,customdas-cpu-queue-autoscaler-frontend,7,60,1,,,
2026-09-01 13:15:30,autoscaler,customdas-cpu-queue-autoscaler-paymentservice,7,60,1,,,
2026-09-01 13:15:30,autoscaler,customdas-cpu-queue-autoscaler-productcatalogservice,7,60,1,,,
2026-09-01 13:15:30,autoscaler,customdas-cpu-queue-autoscaler-recommendationservice,7,60,1,,,
2026-09-01 13:15:30,autoscaler,customdas-cpu-queue-autoscaler-shippingservice,5,60,1,,,
2026-09-01 13:15:30,node,ze-master-node,2948,4013,,73.7,50.5,
2026-09-01 13:15:30,node,ze-worker-node,2392,2166,,59.8,27.3,
2026-09-01 13:15:40,deployment,adservice,106,190,2,,,
2026-09-01 13:15:40,deployment,cartservice,184,114,3,,,
2026-09-01 13:15:40,deployment,checkoutservice,49,33,3,,,
2026-09-01 13:15:40,deployment,currencyservice,333,189,3,,,
2026-09-01 13:15:40,deployment,emailservice,18,40,1,,,
2026-09-01 13:15:40,deployment,frontend,688,136,11,,,
2026-09-01 13:15:40,http_p95_latency,frontend,,,,,,215.0
2026-09-01 13:15:40,deployment,paymentservice,12,31,1,,,
2026-09-01 13:15:40,deployment,productcatalogservice,340,43,5,,,
2026-09-01 13:15:40,deployment,recommendationservice,265,163,4,,,
2026-09-01 13:15:40,deployment,redis-cart,18,44,1,,,
2026-09-01 13:15:40,deployment,shippingservice,31,9,1,,,
2026-09-01 13:15:40,autoscaler,customdas-cpu-queue-autoscaler-adservice,4,60,1,,,
2026-09-01 13:15:40,autoscaler,customdas-cpu-queue-autoscaler-cartservice,6,60,1,,,
2026-09-01 13:15:40,autoscaler,customdas-cpu-queue-autoscaler-checkoutservice,7,60,1,,,
2026-09-01 13:15:40,autoscaler,customdas-cpu-queue-autoscaler-currencyservice,6,60,1,,,
2026-09-01 13:15:40,autoscaler,customdas-cpu-queue-autoscaler-emailservice,0,60,1,,,
2026-09-01 13:15:40,autoscaler,customdas-cpu-queue-autoscaler-frontend,0,60,1,,,
2026-09-01 13:15:40,autoscaler,customdas-cpu-queue-autoscaler-paymentservice,4,60,1,,,
2026-09-01 13:15:40,autoscaler,customdas-cpu-queue-autoscaler-productcatalogservice,5,60,1,,,
2026-09-01 13:15:40,autoscaler,customdas-cpu-queue-autoscaler-recommendationservice,7,60,1,,,
2026-09-01 13:15:40,autoscaler,customdas-cpu-queue-autoscaler-shippingservice,5,60,1,,,
2026-09-01 13:15:40,node,ze-master-node,2948,4013,,73.7,50.5,
2026-09-01 13:15:40,node,ze-worker-node,2392,2166,,59.8,27.3,
2026-09-01 13:15:48,deployment,adservice,106,190,2,,,
2026-09-01 13:15:48,deployment,cartservice,184,114,3,,,
2026-09-01 13:15:48,deployment,checkoutservice,49,33,3,,,
2026-09-01 13:15:48,deployment,currencyservice,333,189,3,,,
2026-09-01 13:15:48,deployment,emailservice,18,40,1,,,
2026-09-01 13:15:48,deployment,frontend,688,136,11,,,
2026-09-01 13:15:48,http_p95_latency,frontend,,,,,,223.3
2026-09-01 13:15:48,deployment,paymentservice,12,31,1,,,
2026-09-01 13:15:48,deployment,productcatalogservice,358,42,5,,,
2026-09-01 13:15:48,deployment,recommendationservice,268,163,4,,,
2026-09-01 13:15:48,deployment,redis-cart,17,44,1,,,
2026-09-01 13:15:48,deployment,shippingservice,29,9,1,,,
2026-09-01 13:15:48,autoscaler,customdas-cpu-queue-autoscaler-adservice,5,60,1,,,
2026-09-01 13:15:48,autoscaler,customdas-cpu-queue-autoscaler-cartservice,6,60,1,,,
2026-09-01 13:15:48,autoscaler,customdas-cpu-queue-autoscaler-checkoutservice,2,60,1,,,
2026-09-01 13:15:48,autoscaler,customdas-cpu-queue-autoscaler-currencyservice,4,60,1,,,
2026-09-01 13:15:48,autoscaler,customdas-cpu-queue-autoscaler-emailservice,6,60,1,,,
2026-09-01 13:15:48,autoscaler,customdas-cpu-queue-autoscaler-frontend,20,60,1,,,
2026-09-01 13:15:48,autoscaler,customdas-cpu-queue-autoscaler-paymentservice,3,60,1,,,
2026-09-01 13:15:48,autoscaler,customdas-cpu-queue-autoscaler-productcatalogservice,6,60,1,,,
2026-09-01 13:15:48,autoscaler,customdas-cpu-queue-autoscaler-recommendationservice,4,60,1,,,
2026-09-01 13:15:48,autoscaler,customdas-cpu-queue-autoscaler-shippingservice,6,60,1,,,
2026-09-01 13:15:48,node,ze-master-node,2868,4013,,71.7,50.5,
2026-09-01 13:15:48,node,ze-worker-node,2424,2165,,60.6,27.3,
2026-09-01 13:15:55,deployment,adservice,65,176,2,,,
2026-09-01 13:15:55,deployment,cartservice,192,114,3,,,
2026-09-01 13:15:55,deployment,checkoutservice,45,33,3,,,
2026-09-01 13:15:55,deployment,currencyservice,325,190,3,,,
2026-09-01 13:15:55,deployment,emailservice,16,40,1,,,
2026-09-01 13:15:55,deployment,frontend,689,138,11,,,
2026-09-01 13:15:55,http_p95_latency,frontend,,,,,,223.3
2026-09-01 13:15:55,deployment,paymentservice,12,31,1,,,
2026-09-01 13:15:55,deployment,productcatalogservice,358,42,5,,,
2026-09-01 13:15:55,deployment,recommendationservice,268,163,4,,,
2026-09-01 13:15:55,deployment,redis-cart,17,44,1,,,
2026-09-01 13:15:55,deployment,shippingservice,29,9,1,,,
2026-09-01 13:15:55,autoscaler,customdas-cpu-queue-autoscaler-adservice,5,60,1,,,
2026-09-01 13:15:55,autoscaler,customdas-cpu-queue-autoscaler-cartservice,6,60,1,,,
2026-09-01 13:15:55,autoscaler,customdas-cpu-queue-autoscaler-checkoutservice,2,60,1,,,
2026-09-01 13:15:55,autoscaler,customdas-cpu-queue-autoscaler-currencyservice,4,60,1,,,
2026-09-01 13:15:55,autoscaler,customdas-cpu-queue-autoscaler-emailservice,6,60,1,,,
2026-09-01 13:15:55,autoscaler,customdas-cpu-queue-autoscaler-frontend,20,60,1,,,
2026-09-01 13:15:55,autoscaler,customdas-cpu-queue-autoscaler-paymentservice,3,60,1,,,
2026-09-01 13:15:55,autoscaler,customdas-cpu-queue-autoscaler-productcatalogservice,6,60,1,,,
2026-09-01 13:15:55,autoscaler,customdas-cpu-queue-autoscaler-recommendationservice,4,60,1,,,
2026-09-01 13:15:55,autoscaler,customdas-cpu-queue-autoscaler-shippingservice,6,60,1,,,
2026-09-01 13:15:55,node,ze-master-node,2868,4013,,71.7,50.5,
2026-09-01 13:15:55,node,ze-worker-node,2424,2165,,60.6,27.3,
2026-09-01 13:16:03,deployment,adservice,65,176,2,,,
2026-09-01 13:16:03,deployment,cartservice,192,114,3,,,
2026-09-01 13:16:03,deployment,checkoutservice,45,33,3,,,
2026-09-01 13:16:03,deployment,currencyservice,325,190,3,,,
2026-09-01 13:16:03,deployment,emailservice,16,40,1,,,
2026-09-01 13:16:03,deployment,frontend,689,138,11,,,
2026-09-01 13:16:03,http_p95_latency,frontend,,,,,,226.1
2026-09-01 13:16:03,deployment,paymentservice,9,31,1,,,
2026-09-01 13:16:03,deployment,productcatalogservice,345,43,5,,,
2026-09-01 13:16:03,deployment,recommendationservice,257,163,4,,,
2026-09-01 13:16:03,deployment,redis-cart,18,44,1,,,
2026-09-01 13:16:03,deployment,shippingservice,29,9,1,,,
2026-09-01 13:16:03,autoscaler,customdas-cpu-queue-autoscaler-adservice,4,60,1,,,
2026-09-01 13:16:03,autoscaler,customdas-cpu-queue-autoscaler-cartservice,5,60,1,,,
2026-09-01 13:16:03,autoscaler,customdas-cpu-queue-autoscaler-checkoutservice,5,60,1,,,
2026-09-01 13:16:03,autoscaler,customdas-cpu-queue-autoscaler-currencyservice,6,60,1,,,
2026-09-01 13:16:03,autoscaler,customdas-cpu-queue-autoscaler-emailservice,0,60,1,,,
2026-09-01 13:16:03,autoscaler,customdas-cpu-queue-autoscaler-frontend,0,60,1,,,
2026-09-01 13:16:03,autoscaler,customdas-cpu-queue-autoscaler-paymentservice,2,60,1,,,
2026-09-01 13:16:03,autoscaler,customdas-cpu-queue-autoscaler-productcatalogservice,5,60,1,,,
2026-09-01 13:16:03,autoscaler,customdas-cpu-queue-autoscaler-recommendationservice,7,60,1,,,
2026-09-01 13:16:03,autoscaler,customdas-cpu-queue-autoscaler-shippingservice,5,60,1,,,
2026-09-01 13:16:03,node,ze-master-node,2787,4028,,69.7,50.7,
2026-09-01 13:16:03,node,ze-worker-node,2380,2162,,59.5,27.2,
2026-09-01 13:16:11,deployment,adservice,62,175,2,,,
2026-09-01 13:16:11,deployment,cartservice,201,115,3,,,
2026-09-01 13:16:11,deployment,checkoutservice,45,32,3,,,
2026-09-01 13:16:11,deployment,currencyservice,328,187,3,,,
2026-09-01 13:16:11,deployment,emailservice,18,40,1,,,
2026-09-01 13:16:11,deployment,frontend,663,138,11,,,
2026-09-01 13:16:11,http_p95_latency,frontend,,,,,,218.0
2026-09-01 13:16:11,deployment,paymentservice,9,31,1,,,
2026-09-01 13:16:11,deployment,productcatalogservice,345,43,5,,,
2026-09-01 13:16:11,deployment,recommendationservice,257,163,4,,,
2026-09-01 13:16:11,deployment,redis-cart,18,44,1,,,
2026-09-01 13:16:11,deployment,shippingservice,29,9,1,,,
2026-09-01 13:16:11,autoscaler,customdas-cpu-queue-autoscaler-adservice,4,60,1,,,
2026-09-01 13:16:11,autoscaler,customdas-cpu-queue-autoscaler-cartservice,5,60,1,,,
2026-09-01 13:16:11,autoscaler,customdas-cpu-queue-autoscaler-checkoutservice,5,60,1,,,
2026-09-01 13:16:11,autoscaler,customdas-cpu-queue-autoscaler-currencyservice,6,60,1,,,
2026-09-01 13:16:11,autoscaler,customdas-cpu-queue-autoscaler-emailservice,0,60,1,,,
2026-09-01 13:16:11,autoscaler,customdas-cpu-queue-autoscaler-frontend,0,60,1,,,
2026-09-01 13:16:11,autoscaler,customdas-cpu-queue-autoscaler-paymentservice,2,60,1,,,
2026-09-01 13:16:11,autoscaler,customdas-cpu-queue-autoscaler-productcatalogservice,5,60,1,,,
2026-09-01 13:16:11,autoscaler,customdas-cpu-queue-autoscaler-recommendationservice,7,60,1,,,
2026-09-01 13:16:11,autoscaler,customdas-cpu-queue-autoscaler-shippingservice,5,60,1,,,
2026-09-01 13:16:11,node,ze-master-node,2787,4028,,69.7,50.7,
2026-09-01 13:16:11,node,ze-worker-node,2380,2162,,59.5,27.2,
2026-09-01 13:16:22,deployment,adservice,62,175,2,,,
2026-09-01 13:16:22,deployment,cartservice,197,114,3,,,
2026-09-01 13:16:22,deployment,checkoutservice,49,32,3,,,
2026-09-01 13:16:22,deployment,currencyservice,336,191,3,,,
2026-09-01 13:16:22,deployment,emailservice,13,40,1,,,
2026-09-01 13:16:22,deployment,frontend,677,138,11,,,
2026-09-01 13:16:22,http_p95_latency,frontend,,,,,,218.0
2026-09-01 13:16:22,deployment,paymentservice,11,31,1,,,
2026-09-01 13:16:22,deployment,productcatalogservice,356,42,5,,,
2026-09-01 13:16:22,deployment,recommendationservice,262,163,4,,,
2026-09-01 13:16:22,deployment,redis-cart,18,44,1,,,
2026-09-01 13:16:22,deployment,shippingservice,28,9,1,,,
2026-09-01 13:16:22,autoscaler,customdas-cpu-queue-autoscaler-adservice,4,60,1,,,
2026-09-01 13:16:22,autoscaler,customdas-cpu-queue-autoscaler-cartservice,5,60,1,,,
2026-09-01 13:16:22,autoscaler,customdas-cpu-queue-autoscaler-checkoutservice,5,60,1,,,
2026-09-01 13:16:22,autoscaler,customdas-cpu-queue-autoscaler-currencyservice,4,60,1,,,
2026-09-01 13:16:22,autoscaler,customdas-cpu-queue-autoscaler-emailservice,5,60,1,,,
2026-09-01 13:16:22,autoscaler,customdas-cpu-queue-autoscaler-frontend,16,60,1,,,
2026-09-01 13:16:22,autoscaler,customdas-cpu-queue-autoscaler-paymentservice,3,60,1,,,
2026-09-01 13:16:22,autoscaler,customdas-cpu-queue-autoscaler-productcatalogservice,5,60,1,,,
2026-09-01 13:16:22,autoscaler,customdas-cpu-queue-autoscaler-recommendationservice,7,60,1,,,
2026-09-01 13:16:22,autoscaler,customdas-cpu-queue-autoscaler-shippingservice,3,60,1,,,
2026-09-01 13:16:22,node,ze-master-node,2889,4025,,72.2,50.7,
2026-09-01 13:16:22,node,ze-worker-node,2470,2164,,61.8,27.3,
2026-09-01 13:16:33,deployment,adservice,62,175,2,,,
2026-09-01 13:16:33,deployment,cartservice,197,114,3,,,
2026-09-01 13:16:33,deployment,checkoutservice,49,32,3,,,
2026-09-01 13:16:33,deployment,currencyservice,336,191,3,,,
2026-09-01 13:16:33,deployment,emailservice,13,40,1,,,
2026-09-01 13:16:33,deployment,frontend,802,139,11,,,
2026-09-01 13:16:33,http_p95_latency,frontend,,,,,,230.8
2026-09-01 13:16:33,deployment,paymentservice,10,31,1,,,
2026-09-01 13:16:33,deployment,productcatalogservice,398,43,5,,,
2026-09-01 13:16:33,deployment,recommendationservice,322,163,4,,,
2026-09-01 13:16:33,deployment,redis-cart,18,44,1,,,
2026-09-01 13:16:33,deployment,shippingservice,34,9,1,,,
2026-09-01 13:16:33,autoscaler,customdas-cpu-queue-autoscaler-adservice,4,60,1,,,
2026-09-01 13:16:33,autoscaler,customdas-cpu-queue-autoscaler-cartservice,4,60,1,,,
2026-09-01 13:16:33,autoscaler,customdas-cpu-queue-autoscaler-checkoutservice,6,60,1,,,
2026-09-01 13:16:33,autoscaler,customdas-cpu-queue-autoscaler-currencyservice,5,60,1,,,
2026-09-01 13:16:33,autoscaler,customdas-cpu-queue-autoscaler-emailservice,4,60,1,,,
2026-09-01 13:16:33,autoscaler,customdas-cpu-queue-autoscaler-frontend,19,60,1,,,
2026-09-01 13:16:33,autoscaler,customdas-cpu-queue-autoscaler-paymentservice,2,60,1,,,
2026-09-01 13:16:33,autoscaler,customdas-cpu-queue-autoscaler-productcatalogservice,5,60,1,,,
2026-09-01 13:16:33,autoscaler,customdas-cpu-queue-autoscaler-recommendationservice,5,60,1,,,
2026-09-01 13:16:33,autoscaler,customdas-cpu-queue-autoscaler-shippingservice,0,60,1,,,
2026-09-01 13:16:33,node,ze-master-node,3275,4038,,81.9,50.9,
2026-09-01 13:16:33,node,ze-worker-node,2707,2163,,67.7,27.2,
2026-09-01 13:16:43,deployment,adservice,101,176,2,,,
2026-09-01 13:16:43,deployment,cartservice,212,114,3,,,
2026-09-01 13:16:43,deployment,checkoutservice,50,33,3,,,
2026-09-01 13:16:43,deployment,currencyservice,375,189,3,,,
2026-09-01 13:16:43,deployment,emailservice,20,40,1,,,
2026-09-01 13:16:43,deployment,frontend,802,139,11,,,
2026-09-01 13:16:43,http_p95_latency,frontend,,,,,,230.3
2026-09-01 13:16:43,deployment,paymentservice,10,31,1,,,
2026-09-01 13:16:43,deployment,productcatalogservice,398,43,5,,,
2026-09-01 13:16:43,deployment,recommendationservice,322,163,4,,,
2026-09-01 13:16:43,deployment,redis-cart,18,44,1,,,
2026-09-01 13:16:43,deployment,shippingservice,34,9,1,,,
2026-09-01 13:16:43,autoscaler,customdas-cpu-queue-autoscaler-adservice,4,60,1,,,
2026-09-01 13:16:43,autoscaler,customdas-cpu-queue-autoscaler-cartservice,4,60,1,,,
2026-09-01 13:16:43,autoscaler,customdas-cpu-queue-autoscaler-checkoutservice,6,60,1,,,
2026-09-01 13:16:43,autoscaler,customdas-cpu-queue-autoscaler-currencyservice,5,60,1,,,
2026-09-01 13:16:43,autoscaler,customdas-cpu-queue-autoscaler-emailservice,4,60,1,,,
2026-09-01 13:16:43,autoscaler,customdas-cpu-queue-autoscaler-frontend,19,60,1,,,
2026-09-01 13:16:43,autoscaler,customdas-cpu-queue-autoscaler-paymentservice,2,60,1,,,
2026-09-01 13:16:43,autoscaler,customdas-cpu-queue-autoscaler-productcatalogservice,5,60,1,,,
2026-09-01 13:16:43,autoscaler,customdas-cpu-queue-autoscaler-recommendationservice,5,60,1,,,
2026-09-01 13:16:43,autoscaler,customdas-cpu-queue-autoscaler-shippingservice,0,60,1,,,
2026-09-01 13:16:43,node,ze-master-node,3275,4038,,81.9,50.9,
2026-09-01 13:16:43,node,ze-worker-node,2707,2163,,67.7,27.2,
2026-09-01 13:16:53,deployment,adservice,72,176,2,,,
2026-09-01 13:16:53,deployment,cartservice,208,114,3,,,
2026-09-01 13:16:53,deployment,checkoutservice,48,33,3,,,
2026-09-01 13:16:53,deployment,currencyservice,369,189,3,,,
2026-09-01 13:16:53,deployment,emailservice,16,40,1,,,
2026-09-01 13:16:53,deployment,frontend,801,139,11,,,
2026-09-01 13:16:53,http_p95_latency,frontend,,,,,,230.3
2026-09-01 13:16:53,deployment,paymentservice,12,31,1,,,
2026-09-01 13:16:53,deployment,productcatalogservice,408,40,5,,,
2026-09-01 13:16:53,deployment,recommendationservice,306,163,4,,,
2026-09-01 13:16:53,deployment,redis-cart,20,44,1,,,
2026-09-01 13:16:53,deployment,shippingservice,33,9,1,,,
2026-09-01 13:16:53,autoscaler,customdas-cpu-queue-autoscaler-adservice,0,60,1,,,
2026-09-01 13:16:53,autoscaler,customdas-cpu-queue-autoscaler-cartservice,4,60,1,,,
2026-09-01 13:16:53,autoscaler,customdas-cpu-queue-autoscaler-checkoutservice,5,60,1,,,
2026-09-01 13:16:53,autoscaler,customdas-cpu-queue-autoscaler-currencyservice,8,60,1,,,
2026-09-01 13:16:53,autoscaler,customdas-cpu-queue-autoscaler-emailservice,2,60,1,,,
2026-09-01 13:16:53,autoscaler,customdas-cpu-queue-autoscaler-frontend,10,60,1,,,
2026-09-01 13:16:53,autoscaler,customdas-cpu-queue-autoscaler-paymentservice,3,60,1,,,
2026-09-01 13:16:53,autoscaler,customdas-cpu-queue-autoscaler-productcatalogservice,10,60,1,,,
2026-09-01 13:16:53,autoscaler,customdas-cpu-queue-autoscaler-recommendationservice,5,60,1,,,
2026-09-01 13:16:53,autoscaler,customdas-cpu-queue-autoscaler-shippingservice,4,60,1,,,
2026-09-01 13:16:53,node,ze-master-node,3093,4026,,77.3,50.7,
2026-09-01 13:16:53,node,ze-worker-node,2634,2166,,65.8,27.3,
2026-09-01 13:17:03,deployment,adservice,72,176,2,,,
2026-09-01 13:17:03,deployment,cartservice,208,114,3,,,
2026-09-01 13:17:03,deployment,checkoutservice,48,33,3,,,
2026-09-01 13:17:03,deployment,currencyservice,388,190,3,,,
2026-09-01 13:17:03,deployment,emailservice,14,40,1,,,
2026-09-01 13:17:03,deployment,frontend,803,137,11,,,
2026-09-01 13:17:03,http_p95_latency,frontend,,,,,,239.2
2026-09-01 13:17:03,deployment,paymentservice,10,31,1,,,
2026-09-01 13:17:03,deployment,productcatalogservice,397,41,5,,,
2026-09-01 13:17:03,deployment,recommendationservice,317,163,4,,,
2026-09-01 13:17:03,deployment,redis-cart,40,44,1,,,
2026-09-01 13:17:03,deployment,shippingservice,30,9,1,,,
2026-09-01 13:17:03,autoscaler,customdas-cpu-queue-autoscaler-adservice,3,60,1,,,
2026-09-01 13:17:03,autoscaler,customdas-cpu-queue-autoscaler-cartservice,3,60,1,,,
2026-09-01 13:17:03,autoscaler,customdas-cpu-queue-autoscaler-checkoutservice,5,60,1,,,
2026-09-01 13:17:03,autoscaler,customdas-cpu-queue-autoscaler-currencyservice,5,60,1,,,
2026-09-01 13:17:03,autoscaler,customdas-cpu-queue-autoscaler-emailservice,2,60,1,,,
2026-09-01 13:17:03,autoscaler,customdas-cpu-queue-autoscaler-frontend,14,60,1,,,
2026-09-01 13:17:03,autoscaler,customdas-cpu-queue-autoscaler-paymentservice,2,60,1,,,
2026-09-01 13:17:03,autoscaler,customdas-cpu-queue-autoscaler-productcatalogservice,4,60,1,,,
2026-09-01 13:17:03,autoscaler,customdas-cpu-queue-autoscaler-recommendationservice,9,60,1,,,
2026-09-01 13:17:03,autoscaler,customdas-cpu-queue-autoscaler-shippingservice,3,60,1,,,
2026-09-01 13:17:03,node,ze-master-node,3156,3964,,78.9,49.9,
2026-09-01 13:17:03,node,ze-worker-node,2625,2166,,65.6,27.3,
2026-09-01 13:17:15,deployment,adservice,70,176,2,,,
2026-09-01 13:17:15,deployment,cartservice,231,115,3,,,
2026-09-01 13:17:15,deployment,checkoutservice,48,33,3,,,
2026-09-01 13:17:15,deployment,currencyservice,388,190,3,,,
2026-09-01 13:17:15,deployment,emailservice,14,40,1,,,
2026-09-01 13:17:15,deployment,frontend,647,113,9,,,
2026-09-01 13:17:15,http_p95_latency,frontend,,,,,,243.8
2026-09-01 13:17:15,deployment,paymentservice,10,31,1,,,
2026-09-01 13:17:15,deployment,productcatalogservice,397,41,5,,,
2026-09-01 13:17:15,deployment,recommendationservice,317,163,4,,,
2026-09-01 13:17:15,deployment,redis-cart,40,44,1,,,
2026-09-01 13:17:15,deployment,shippingservice,30,9,1,,,
2026-09-01 13:17:15,autoscaler,customdas-cpu-queue-autoscaler-adservice,4,60,1,,,
2026-09-01 13:17:15,autoscaler,customdas-cpu-queue-autoscaler-cartservice,3,60,1,,,
2026-09-01 13:17:15,autoscaler,customdas-cpu-queue-autoscaler-checkoutservice,4,60,1,,,
2026-09-01 13:17:15,autoscaler,customdas-cpu-queue-autoscaler-currencyservice,5,60,1,,,
2026-09-01 13:17:15,autoscaler,customdas-cpu-queue-autoscaler-emailservice,4,60,1,,,
2026-09-01 13:17:15,autoscaler,customdas-cpu-queue-autoscaler-frontend,6,60,1,,,
2026-09-01 13:17:15,autoscaler,customdas-cpu-queue-autoscaler-paymentservice,3,60,1,,,
2026-09-01 13:17:15,autoscaler,customdas-cpu-queue-autoscaler-productcatalogservice,6,60,1,,,
2026-09-01 13:17:15,autoscaler,customdas-cpu-queue-autoscaler-recommendationservice,5,60,1,,,
2026-09-01 13:17:15,autoscaler,customdas-cpu-queue-autoscaler-shippingservice,5,60,1,,,
2026-09-01 13:17:15,node,ze-master-node,3290,3971,,82.2,50.0,
2026-09-01 13:17:15,node,ze-worker-node,2725,2176,,68.1,27.4,
2026-09-01 13:17:26,deployment,adservice,71,176,2,,,
2026-09-01 13:17:26,deployment,cartservice,226,114,3,,,
2026-09-01 13:17:26,deployment,checkoutservice,55,33,3,,,
2026-09-01 13:17:26,deployment,currencyservice,382,187,3,,,
2026-09-01 13:17:26,deployment,emailservice,20,40,1,,,
2026-09-01 13:17:26,deployment,frontend,738,113,9,,,
2026-09-01 13:17:26,http_p95_latency,frontend,,,,,,348.3
2026-09-01 13:17:26,deployment,paymentservice,11,31,1,,,
2026-09-01 13:17:26,deployment,productcatalogservice,411,43,5,,,
2026-09-01 13:17:26,deployment,recommendationservice,319,163,4,,,
2026-09-01 13:17:26,deployment,redis-cart,20,44,1,,,
2026-09-01 13:17:26,deployment,shippingservice,35,9,1,,,
2026-09-01 13:17:26,autoscaler,customdas-cpu-queue-autoscaler-adservice,4,60,1,,,
2026-09-01 13:17:26,autoscaler,customdas-cpu-queue-autoscaler-cartservice,3,60,1,,,
2026-09-01 13:17:26,autoscaler,customdas-cpu-queue-autoscaler-checkoutservice,4,60,1,,,
2026-09-01 13:17:26,autoscaler,customdas-cpu-queue-autoscaler-currencyservice,5,60,1,,,
2026-09-01 13:17:26,autoscaler,customdas-cpu-queue-autoscaler-emailservice,4,60,1,,,
2026-09-01 13:17:26,autoscaler,customdas-cpu-queue-autoscaler-frontend,6,60,1,,,
2026-09-01 13:17:26,autoscaler,customdas-cpu-queue-autoscaler-paymentservice,3,60,1,,,
2026-09-01 13:17:26,autoscaler,customdas-cpu-queue-autoscaler-productcatalogservice,6,60,1,,,
2026-09-01 13:17:26,autoscaler,customdas-cpu-queue-autoscaler-recommendationservice,5,60,1,,,
2026-09-01 13:17:26,autoscaler,customdas-cpu-queue-autoscaler-shippingservice,5,60,1,,,
2026-09-01 13:17:26,node,ze-master-node,3290,3971,,82.2,50.0,
2026-09-01 13:17:26,node,ze-worker-node,2725,2176,,68.1,27.4,
2026-09-01 13:17:36,deployment,adservice,79,176,2,,,
2026-09-01 13:17:36,deployment,cartservice,273,114,3,,,
2026-09-01 13:17:36,deployment,checkoutservice,59,33,3,,,
2026-09-01 13:17:36,deployment,currencyservice,399,191,3,,,
2026-09-01 13:17:36,deployment,emailservice,20,40,1,,,
2026-09-01 13:17:36,deployment,frontend,818,115,9,,,
2026-09-01 13:17:36,http_p95_latency,frontend,,,,,,348.3
2026-09-01 13:17:36,deployment,paymentservice,12,31,1,,,
2026-09-01 13:17:36,deployment,productcatalogservice,427,41,5,,,
2026-09-01 13:17:36,deployment,recommendationservice,341,163,4,,,
2026-09-01 13:17:36,deployment,redis-cart,20,44,1,,,
2026-09-01 13:17:36,deployment,shippingservice,35,9,1,,,
2026-09-01 13:17:36,autoscaler,customdas-cpu-queue-autoscaler-adservice,4,60,1,,,
2026-09-01 13:17:36,autoscaler,customdas-cpu-queue-autoscaler-cartservice,8,60,1,,,
2026-09-01 13:17:36,autoscaler,customdas-cpu-queue-autoscaler-checkoutservice,10,60,1,,,
2026-09-01 13:17:36,autoscaler,customdas-cpu-queue-autoscaler-currencyservice,5,60,1,,,
2026-09-01 13:17:36,autoscaler,customdas-cpu-queue-autoscaler-emailservice,4,60,1,,,
2026-09-01 13:17:36,autoscaler,customdas-cpu-queue-autoscaler-frontend,6,60,1,,,
2026-09-01 13:17:36,autoscaler,customdas-cpu-queue-autoscaler-paymentservice,5,60,1,,,
2026-09-01 13:17:36,autoscaler,customdas-cpu-queue-autoscaler-productcatalogservice,4,60,1,,,
2026-09-01 13:17:36,autoscaler,customdas-cpu-queue-autoscaler-recommendationservice,4,60,1,,,
2026-09-01 13:17:36,autoscaler,customdas-cpu-queue-autoscaler-shippingservice,4,60,1,,,
2026-09-01 13:17:36,node,ze-master-node,3452,3982,,86.3,50.1,
2026-09-01 13:17:36,node,ze-worker-node,2683,2170,,67.1,27.3,
2026-09-01 13:17:48,deployment,adservice,79,176,2,,,
2026-09-01 13:17:48,deployment,cartservice,273,114,3,,,
2026-09-01 13:17:48,deployment,checkoutservice,59,33,3,,,
2026-09-01 13:17:48,deployment,currencyservice,419,189,3,,,
2026-09-01 13:17:48,deployment,emailservice,18,40,1,,,
2026-09-01 13:17:48,deployment,frontend,849,122,10,,,
2026-09-01 13:17:48,http_p95_latency,frontend,,,,,,378.7
2026-09-01 13:17:48,deployment,paymentservice,14,31,1,,,
2026-09-01 13:17:48,deployment,productcatalogservice,442,43,5,,,
2026-09-01 13:17:48,deployment,recommendationservice,358,163,4,,,
2026-09-01 13:17:48,deployment,redis-cart,22,44,1,,,
2026-09-01 13:17:48,deployment,shippingservice,39,9,1,,,
2026-09-01 13:17:48,autoscaler,customdas-cpu-queue-autoscaler-adservice,4,60,1,,,
2026-09-01 13:17:48,autoscaler,customdas-cpu-queue-autoscaler-cartservice,5,60,1,,,
2026-09-01 13:17:48,autoscaler,customdas-cpu-queue-autoscaler-checkoutservice,0,60,1,,,
2026-09-01 13:17:48,autoscaler,customdas-cpu-queue-autoscaler-currencyservice,4,60,1,,,
2026-09-01 13:17:48,autoscaler,customdas-cpu-queue-autoscaler-emailservice,7,60,1,,,
2026-09-01 13:17:48,autoscaler,customdas-cpu-queue-autoscaler-frontend,12,60,1,,,
2026-09-01 13:17:48,autoscaler,customdas-cpu-queue-autoscaler-paymentservice,4,60,1,,,
2026-09-01 13:17:48,autoscaler,customdas-cpu-queue-autoscaler-productcatalogservice,8,60,1,,,
2026-09-01 13:17:48,autoscaler,customdas-cpu-queue-autoscaler-recommendationservice,5,60,1,,,
2026-09-01 13:17:48,autoscaler,customdas-cpu-queue-autoscaler-shippingservice,4,60,1,,,
2026-09-01 13:17:48,node,ze-master-node,3459,3959,,86.5,49.9,
2026-09-01 13:17:48,node,ze-worker-node,2874,2193,,71.9,27.6,
2026-09-01 13:17:57,deployment,adservice,81,176,2,,,
2026-09-01 13:17:57,deployment,cartservice,278,114,3,,,
2026-09-01 13:17:57,deployment,checkoutservice,64,33,3,,,
2026-09-01 13:17:57,deployment,currencyservice,419,189,3,,,
2026-09-01 13:17:57,deployment,emailservice,18,40,1,,,
2026-09-01 13:17:57,deployment,frontend,849,122,10,,,
2026-09-01 13:17:57,http_p95_latency,frontend,,,,,,364.8
2026-09-01 13:17:57,deployment,paymentservice,14,31,1,,,
2026-09-01 13:17:57,deployment,productcatalogservice,442,43,5,,,
2026-09-01 13:17:57,deployment,recommendationservice,358,163,4,,,
2026-09-01 13:17:57,deployment,redis-cart,22,44,1,,,
2026-09-01 13:17:57,deployment,shippingservice,39,9,1,,,
2026-09-01 13:17:57,autoscaler,customdas-cpu-queue-autoscaler-adservice,4,60,1,,,
2026-09-01 13:17:57,autoscaler,customdas-cpu-queue-autoscaler-cartservice,5,60,1,,,
2026-09-01 13:17:57,autoscaler,customdas-cpu-queue-autoscaler-checkoutservice,0,60,1,,,
2026-09-01 13:17:57,autoscaler,customdas-cpu-queue-autoscaler-currencyservice,4,60,1,,,
2026-09-01 13:17:57,autoscaler,customdas-cpu-queue-autoscaler-emailservice,7,60,1,,,
2026-09-01 13:17:57,autoscaler,customdas-cpu-queue-autoscaler-frontend,12,60,1,,,
2026-09-01 13:17:57,autoscaler,customdas-cpu-queue-autoscaler-paymentservice,4,60,1,,,
2026-09-01 13:17:57,autoscaler,customdas-cpu-queue-autoscaler-productcatalogservice,8,60,1,,,
2026-09-01 13:17:57,autoscaler,customdas-cpu-queue-autoscaler-recommendationservice,5,60,1,,,
2026-09-01 13:17:57,autoscaler,customdas-cpu-queue-autoscaler-shippingservice,4,60,1,,,
2026-09-01 13:17:57,node,ze-master-node,3459,3959,,86.5,49.9,
2026-09-01 13:17:57,node,ze-worker-node,2874,2193,,71.9,27.6,
2026-09-01 13:18:05,deployment,adservice,75,176,2,,,
2026-09-01 13:18:05,deployment,cartservice,245,114,3,,,
2026-09-01 13:18:05,deployment,checkoutservice,50,33,3,,,
2026-09-01 13:18:05,deployment,currencyservice,407,187,3,,,
2026-09-01 13:18:05,deployment,emailservice,18,40,1,,,
2026-09-01 13:18:05,deployment,frontend,898,124,10,,,
2026-09-01 13:18:05,http_p95_latency,frontend,,,,,,364.8
2026-09-01 13:18:05,deployment,paymentservice,11,31,1,,,
2026-09-01 13:18:05,deployment,productcatalogservice,436,42,5,,,
2026-09-01 13:18:05,deployment,recommendationservice,332,163,4,,,
2026-09-01 13:18:05,deployment,redis-cart,20,44,1,,,
2026-09-01 13:18:05,deployment,shippingservice,36,9,1,,,
2026-09-01 13:18:05,autoscaler,customdas-cpu-queue-autoscaler-adservice,3,60,1,,,
2026-09-01 13:18:05,autoscaler,customdas-cpu-queue-autoscaler-cartservice,3,60,1,,,
2026-09-01 13:18:05,autoscaler,customdas-cpu-queue-autoscaler-checkoutservice,4,60,1,,,
2026-09-01 13:18:05,autoscaler,customdas-cpu-queue-autoscaler-currencyservice,9,60,1,,,
2026-09-01 13:18:05,autoscaler,customdas-cpu-queue-autoscaler-emailservice,1,60,1,,,
2026-09-01 13:18:05,autoscaler,customdas-cpu-queue-autoscaler-frontend,10,60,1,,,
2026-09-01 13:18:05,autoscaler,customdas-cpu-queue-autoscaler-paymentservice,3,60,1,,,
2026-09-01 13:18:05,autoscaler,customdas-cpu-queue-autoscaler-productcatalogservice,5,60,1,,,
2026-09-01 13:18:05,autoscaler,customdas-cpu-queue-autoscaler-recommendationservice,15,60,1,,,
2026-09-01 13:18:05,autoscaler,customdas-cpu-queue-autoscaler-shippingservice,5,60,1,,,
2026-09-01 13:18:05,node,ze-master-node,3312,3962,,82.8,49.9,
2026-09-01 13:18:05,node,ze-worker-node,2746,2189,,68.7,27.6,
2026-09-01 13:18:18,deployment,adservice,75,176,2,,,
2026-09-01 13:18:18,deployment,cartservice,245,114,3,,,
2026-09-01 13:18:18,deployment,checkoutservice,59,33,3,,,
2026-09-01 13:18:18,deployment,currencyservice,420,188,3,,,
2026-09-01 13:18:18,deployment,emailservice,15,40,1,,,
2026-09-01 13:18:18,deployment,frontend,879,124,11,,,
2026-09-01 13:18:18,http_p95_latency,frontend,,,,,,352.8
2026-09-01 13:18:18,deployment,paymentservice,11,32,1,,,
2026-09-01 13:18:18,deployment,productcatalogservice,433,41,5,,,
2026-09-01 13:18:18,deployment,recommendationservice,355,163,4,,,
2026-09-01 13:18:18,deployment,redis-cart,22,44,1,,,
2026-09-01 13:18:18,deployment,shippingservice,36,9,1,,,
2026-09-01 13:18:18,autoscaler,customdas-cpu-queue-autoscaler-adservice,3,60,1,,,
2026-09-01 13:18:18,autoscaler,customdas-cpu-queue-autoscaler-cartservice,5,60,1,,,
2026-09-01 13:18:18,autoscaler,customdas-cpu-queue-autoscaler-checkoutservice,7,60,1,,,
2026-09-01 13:18:18,autoscaler,customdas-cpu-queue-autoscaler-currencyservice,4,60,1,,,
2026-09-01 13:18:18,autoscaler,customdas-cpu-queue-autoscaler-emailservice,1,60,1,,,
2026-09-01 13:18:18,autoscaler,customdas-cpu-queue-autoscaler-frontend,10,60,1,,,
2026-09-01 13:18:18,autoscaler,customdas-cpu-queue-autoscaler-paymentservice,2,60,1,,,
2026-09-01 13:18:18,autoscaler,customdas-cpu-queue-autoscaler-productcatalogservice,5,60,1,,,
2026-09-01 13:18:18,autoscaler,customdas-cpu-queue-autoscaler-recommendationservice,5,60,1,,,
2026-09-01 13:18:18,autoscaler,customdas-cpu-queue-autoscaler-shippingservice,5,60,1,,,
2026-09-01 13:18:18,node,ze-master-node,3337,3958,,83.4,49.8,
2026-09-01 13:18:18,node,ze-worker-node,3093,2195,,77.3,27.6,
2026-09-01 13:18:29,deployment,adservice,80,176,2,,,
2026-09-01 13:18:29,deployment,cartservice,253,114,3,,,
2026-09-01 13:18:29,deployment,checkoutservice,59,33,3,,,
2026-09-01 13:18:29,deployment,currencyservice,420,188,3,,,
2026-09-01 13:18:29,deployment,emailservice,15,40,1,,,
2026-09-01 13:18:29,deployment,frontend,879,124,11,,,
2026-09-01 13:18:29,http_p95_latency,frontend,,,,,,327.0
2026-09-01 13:18:29,deployment,paymentservice,11,32,1,,,
2026-09-01 13:18:29,deployment,productcatalogservice,433,41,5,,,
2026-09-01 13:18:29,deployment,recommendationservice,355,163,4,,,
2026-09-01 13:18:29,deployment,redis-cart,22,44,1,,,
2026-09-01 13:18:29,deployment,shippingservice,36,9,1,,,
2026-09-01 13:18:29,autoscaler,customdas-cpu-queue-autoscaler-adservice,3,60,1,,,
2026-09-01 13:18:29,autoscaler,customdas-cpu-queue-autoscaler-cartservice,5,60,1,,,
2026-09-01 13:18:29,autoscaler,customdas-cpu-queue-autoscaler-checkoutservice,7,60,1,,,
2026-09-01 13:18:29,autoscaler,customdas-cpu-queue-autoscaler-currencyservice,4,60,1,,,
2026-09-01 13:18:29,autoscaler,customdas-cpu-queue-autoscaler-emailservice,1,60,1,,,
2026-09-01 13:18:29,autoscaler,customdas-cpu-queue-autoscaler-frontend,10,60,1,,,
2026-09-01 13:18:29,autoscaler,customdas-cpu-queue-autoscaler-paymentservice,2,60,1,,,
2026-09-01 13:18:29,autoscaler,customdas-cpu-queue-autoscaler-productcatalogservice,5,60,1,,,
2026-09-01 13:18:29,autoscaler,customdas-cpu-queue-autoscaler-recommendationservice,4,60,1,,,
2026-09-01 13:18:29,autoscaler,customdas-cpu-queue-autoscaler-shippingservice,2,60,1,,,
2026-09-01 13:18:29,node,ze-master-node,3317,3964,,82.9,49.9,
2026-09-01 13:18:29,node,ze-worker-node,2811,2211,,70.3,27.8,
2026-09-01 13:18:40,deployment,adservice,77,176,2,,,
2026-09-01 13:18:40,deployment,cartservice,259,114,3,,,
2026-09-01 13:18:40,deployment,checkoutservice,57,33,3,,,
2026-09-01 13:18:40,deployment,currencyservice,418,190,3,,,
2026-09-01 13:18:40,deployment,emailservice,16,40,1,,,
2026-09-01 13:18:40,deployment,frontend,891,135,11,,,
2026-09-01 13:18:40,http_p95_latency,frontend,,,,,,361.5
2026-09-01 13:18:40,deployment,paymentservice,9,31,1,,,
2026-09-01 13:18:40,deployment,productcatalogservice,430,41,5,,,
2026-09-01 13:18:40,deployment,recommendationservice,341,163,4,,,
2026-09-01 13:18:40,deployment,redis-cart,21,44,1,,,
2026-09-01 13:18:40,deployment,shippingservice,36,9,1,,,
2026-09-01 13:18:40,autoscaler,customdas-cpu-queue-autoscaler-adservice,3,60,1,,,
2026-09-01 13:18:40,autoscaler,customdas-cpu-queue-autoscaler-cartservice,5,60,1,,,
2026-09-01 13:18:40,autoscaler,customdas-cpu-queue-autoscaler-checkoutservice,3,60,1,,,
2026-09-01 13:18:40,autoscaler,customdas-cpu-queue-autoscaler-currencyservice,6,60,1,,,
2026-09-01 13:18:40,autoscaler,customdas-cpu-queue-autoscaler-emailservice,4,60,1,,,
2026-09-01 13:18:40,autoscaler,customdas-cpu-queue-autoscaler-frontend,13,60,1,,,
2026-09-01 13:18:40,autoscaler,customdas-cpu-queue-autoscaler-paymentservice,4,60,1,,,
2026-09-01 13:18:40,autoscaler,customdas-cpu-queue-autoscaler-productcatalogservice,4,60,1,,,
2026-09-01 13:18:40,autoscaler,customdas-cpu-queue-autoscaler-recommendationservice,4,60,1,,,
2026-09-01 13:18:40,autoscaler,customdas-cpu-queue-autoscaler-shippingservice,2,60,1,,,
2026-09-01 13:18:40,node,ze-master-node,3317,3964,,82.9,49.9,
2026-09-01 13:18:40,node,ze-worker-node,2811,2211,,70.3,27.8,
2026-09-01 13:18:52,deployment,adservice,84,176,2,,,
2026-09-01 13:18:52,deployment,cartservice,263,114,3,,,
2026-09-01 13:18:52,deployment,checkoutservice,60,33,3,,,
2026-09-01 13:18:52,deployment,currencyservice,407,187,3,,,
2026-09-01 13:18:52,deployment,emailservice,20,40,1,,,
2026-09-01 13:18:52,deployment,frontend,889,135,11,,,
2026-09-01 13:18:52,http_p95_latency,frontend,,,,,,361.5
2026-09-01 13:18:52,deployment,paymentservice,14,31,1,,,
2026-09-01 13:18:52,deployment,productcatalogservice,449,41,5,,,
2026-09-01 13:18:52,deployment,recommendationservice,352,163,4,,,
2026-09-01 13:18:52,deployment,redis-cart,20,44,1,,,
2026-09-01 13:18:52,deployment,shippingservice,37,9,1,,,
2026-09-01 13:18:52,autoscaler,customdas-cpu-queue-autoscaler-adservice,3,60,1,,,
2026-09-01 13:18:52,autoscaler,customdas-cpu-queue-autoscaler-cartservice,4,60,1,,,
2026-09-01 13:18:52,autoscaler,customdas-cpu-queue-autoscaler-checkoutservice,1,60,1,,,
2026-09-01 13:18:52,autoscaler,customdas-cpu-queue-autoscaler-currencyservice,6,60,1,,,
2026-09-01 13:18:52,autoscaler,customdas-cpu-queue-autoscaler-emailservice,4,60,1,,,
2026-09-01 13:18:52,autoscaler,customdas-cpu-queue-autoscaler-frontend,13,60,1,,,
2026-09-01 13:18:52,autoscaler,customdas-cpu-queue-autoscaler-paymentservice,4,60,1,,,
2026-09-01 13:18:52,autoscaler,customdas-cpu-queue-autoscaler-productcatalogservice,6,60,1,,,
2026-09-01 13:18:52,autoscaler,customdas-cpu-queue-autoscaler-recommendationservice,7,60,1,,,
2026-09-01 13:18:52,autoscaler,customdas-cpu-queue-autoscaler-shippingservice,6,60,1,,,
2026-09-01 13:18:52,node,ze-master-node,3447,3965,,86.2,49.9,
2026-09-01 13:18:52,node,ze-worker-node,3011,2200,,75.3,27.7,
2026-09-01 13:19:05,deployment,adservice,83,176,2,,,
2026-09-01 13:19:05,deployment,cartservice,261,114,3,,,
2026-09-01 13:19:05,deployment,checkoutservice,59,33,3,,,
2026-09-01 13:19:05,deployment,currencyservice,405,188,3,,,
2026-09-01 13:19:05,deployment,emailservice,18,40,1,,,
2026-09-01 13:19:05,deployment,frontend,871,135,11,,,
2026-09-01 13:19:05,http_p95_latency,frontend,,,,,,411.9
2026-09-01 13:19:05,deployment,paymentservice,11,31,1,,,
2026-09-01 13:19:05,deployment,productcatalogservice,432,43,5,,,
2026-09-01 13:19:05,deployment,recommendationservice,350,163,4,,,
2026-09-01 13:19:05,deployment,redis-cart,18,44,1,,,
2026-09-01 13:19:05,deployment,shippingservice,38,9,1,,,
2026-09-01 13:19:05,autoscaler,customdas-cpu-queue-autoscaler-adservice,6,60,1,,,
2026-09-01 13:19:05,autoscaler,customdas-cpu-queue-autoscaler-cartservice,7,60,1,,,
2026-09-01 13:19:05,autoscaler,customdas-cpu-queue-autoscaler-checkoutservice,6,60,1,,,
2026-09-01 13:19:05,autoscaler,customdas-cpu-queue-autoscaler-currencyservice,4,60,1,,,
2026-09-01 13:19:05,autoscaler,customdas-cpu-queue-autoscaler-emailservice,4,60,1,,,
2026-09-01 13:19:05,autoscaler,customdas-cpu-queue-autoscaler-frontend,14,60,1,,,
2026-09-01 13:19:05,autoscaler,customdas-cpu-queue-autoscaler-paymentservice,3,60,1,,,
2026-09-01 13:19:05,autoscaler,customdas-cpu-queue-autoscaler-productcatalogservice,7,60,1,,,
2026-09-01 13:19:05,autoscaler,customdas-cpu-queue-autoscaler-recommendationservice,7,60,1,,,
2026-09-01 13:19:05,autoscaler,customdas-cpu-queue-autoscaler-shippingservice,4,60,1,,,
2026-09-01 13:19:05,node,ze-master-node,3567,3969,,89.2,50.0,
2026-09-01 13:19:05,node,ze-worker-node,2731,2209,,68.3,27.8,
2026-09-01 13:19:15,deployment,adservice,83,176,2,,,
2026-09-01 13:19:15,deployment,cartservice,261,114,3,,,
2026-09-01 13:19:15,deployment,checkoutservice,59,33,3,,,
2026-09-01 13:19:15,deployment,currencyservice,405,188,3,,,
2026-09-01 13:19:15,deployment,emailservice,18,40,1,,,
2026-09-01 13:19:15,deployment,frontend,871,135,11,,,
2026-09-01 13:19:15,http_p95_latency,frontend,,,,,,402.5
2026-09-01 13:19:15,deployment,paymentservice,11,31,1,,,
2026-09-01 13:19:15,deployment,productcatalogservice,432,43,5,,,
2026-09-01 13:19:15,deployment,recommendationservice,350,163,4,,,
2026-09-01 13:19:15,deployment,redis-cart,18,44,1,,,
2026-09-01 13:19:15,deployment,shippingservice,38,9,1,,,
2026-09-01 13:19:15,autoscaler,customdas-cpu-queue-autoscaler-adservice,6,60,1,,,
2026-09-01 13:19:15,autoscaler,customdas-cpu-queue-autoscaler-cartservice,4,60,1,,,
2026-09-01 13:19:15,autoscaler,customdas-cpu-queue-autoscaler-checkoutservice,6,60,1,,,
2026-09-01 13:19:15,autoscaler,customdas-cpu-queue-autoscaler-currencyservice,4,60,1,,,
2026-09-01 13:19:15,autoscaler,customdas-cpu-queue-autoscaler-emailservice,3,60,1,,,
2026-09-01 13:19:15,autoscaler,customdas-cpu-queue-autoscaler-frontend,10,60,1,,,
2026-09-01 13:19:15,autoscaler,customdas-cpu-queue-autoscaler-paymentservice,3,60,1,,,
2026-09-01 13:19:15,autoscaler,customdas-cpu-queue-autoscaler-productcatalogservice,6,60,1,,,
2026-09-01 13:19:15,autoscaler,customdas-cpu-queue-autoscaler-recommendationservice,4,60,1,,,
2026-09-01 13:19:15,autoscaler,customdas-cpu-queue-autoscaler-shippingservice,3,60,1,,,
2026-09-01 13:19:15,node,ze-master-node,3360,3965,,84.0,49.9,
2026-09-01 13:19:15,node,ze-worker-node,2808,2203,,70.2,27.7,
2026-09-01 13:19:26,deployment,adservice,73,176,2,,,
2026-09-01 13:19:26,deployment,cartservice,241,114,3,,,
2026-09-01 13:19:26,deployment,checkoutservice,63,33,3,,,
2026-09-01 13:19:26,deployment,currencyservice,411,188,3,,,
2026-09-01 13:19:26,deployment,emailservice,18,40,1,,,
2026-09-01 13:19:26,deployment,frontend,873,138,11,,,
2026-09-01 13:19:26,http_p95_latency,frontend,,,,,,399.6
2026-09-01 13:19:26,deployment,paymentservice,15,31,1,,,
2026-09-01 13:19:26,deployment,productcatalogservice,425,41,5,,,
2026-09-01 13:19:26,deployment,recommendationservice,335,163,4,,,
2026-09-01 13:19:26,deployment,redis-cart,61,44,1,,,
2026-09-01 13:19:26,deployment,shippingservice,38,9,1,,,
2026-09-01 13:19:26,autoscaler,customdas-cpu-queue-autoscaler-adservice,6,60,1,,,
2026-09-01 13:19:26,autoscaler,customdas-cpu-queue-autoscaler-cartservice,4,60,1,,,
2026-09-01 13:19:26,autoscaler,customdas-cpu-queue-autoscaler-checkoutservice,6,60,1,,,
2026-09-01 13:19:26,autoscaler,customdas-cpu-queue-autoscaler-currencyservice,4,60,1,,,
2026-09-01 13:19:26,autoscaler,customdas-cpu-queue-autoscaler-emailservice,3,60,1,,,
2026-09-01 13:19:26,autoscaler,customdas-cpu-queue-autoscaler-frontend,10,60,1,,,
2026-09-01 13:19:26,autoscaler,customdas-cpu-queue-autoscaler-paymentservice,3,60,1,,,
2026-09-01 13:19:26,autoscaler,customdas-cpu-queue-autoscaler-productcatalogservice,6,60,1,,,
2026-09-01 13:19:26,autoscaler,customdas-cpu-queue-autoscaler-recommendationservice,4,60,1,,,
2026-09-01 13:19:26,autoscaler,customdas-cpu-queue-autoscaler-shippingservice,3,60,1,,,
2026-09-01 13:19:26,node,ze-master-node,3360,3965,,84.0,49.9,
2026-09-01 13:19:26,node,ze-worker-node,2808,2203,,70.2,27.7,
2026-09-01 13:19:34,deployment,adservice,70,176,2,,,
2026-09-01 13:19:34,deployment,cartservice,241,114,3,,,
2026-09-01 13:19:34,deployment,checkoutservice,60,33,3,,,
2026-09-01 13:19:34,deployment,currencyservice,362,188,3,,,
2026-09-01 13:19:34,deployment,emailservice,21,40,1,,,
2026-09-01 13:19:34,deployment,frontend,788,136,11,,,
2026-09-01 13:19:34,http_p95_latency,frontend,,,,,,399.6
2026-09-01 13:19:34,deployment,paymentservice,13,31,1,,,
2026-09-01 13:19:34,deployment,productcatalogservice,406,42,5,,,
2026-09-01 13:19:34,deployment,recommendationservice,316,163,4,,,
2026-09-01 13:19:34,deployment,redis-cart,20,44,1,,,
2026-09-01 13:19:34,deployment,shippingservice,35,9,1,,,
2026-09-01 13:19:34,autoscaler,customdas-cpu-queue-autoscaler-adservice,4,60,1,,,
2026-09-01 13:19:34,autoscaler,customdas-cpu-queue-autoscaler-cartservice,4,60,1,,,
2026-09-01 13:19:34,autoscaler,customdas-cpu-queue-autoscaler-checkoutservice,3,60,1,,,
2026-09-01 13:19:34,autoscaler,customdas-cpu-queue-autoscaler-currencyservice,0,60,1,,,
2026-09-01 13:19:34,autoscaler,customdas-cpu-queue-autoscaler-emailservice,4,60,1,,,
2026-09-01 13:19:34,autoscaler,customdas-cpu-queue-autoscaler-frontend,9,60,1,,,
2026-09-01 13:19:34,autoscaler,customdas-cpu-queue-autoscaler-paymentservice,3,60,1,,,
2026-09-01 13:19:34,autoscaler,customdas-cpu-queue-autoscaler-productcatalogservice,6,60,1,,,
2026-09-01 13:19:34,autoscaler,customdas-cpu-queue-autoscaler-recommendationservice,5,60,1,,,
2026-09-01 13:19:34,autoscaler,customdas-cpu-queue-autoscaler-shippingservice,1,60,1,,,
2026-09-01 13:19:34,node,ze-master-node,3179,3981,,79.5,50.1,
2026-09-01 13:19:34,node,ze-worker-node,2709,2207,,67.7,27.8,
2026-09-01 13:19:43,deployment,adservice,70,176,2,,,
2026-09-01 13:19:43,deployment,cartservice,241,114,3,,,
2026-09-01 13:19:43,deployment,checkoutservice,60,33,3,,,
2026-09-01 13:19:43,deployment,currencyservice,362,188,3,,,
2026-09-01 13:19:43,deployment,emailservice,21,40,1,,,
2026-09-01 13:19:43,deployment,frontend,788,136,11,,,
2026-09-01 13:19:43,http_p95_latency,frontend,,,,,,247.6
2026-09-01 13:19:43,deployment,paymentservice,13,31,1,,,
2026-09-01 13:19:43,deployment,productcatalogservice,406,42,5,,,
2026-09-01 13:19:43,deployment,recommendationservice,316,163,4,,,
2026-09-01 13:19:43,deployment,redis-cart,20,44,1,,,
2026-09-01 13:19:43,deployment,shippingservice,35,9,1,,,
2026-09-01 13:19:43,autoscaler,customdas-cpu-queue-autoscaler-adservice,4,60,1,,,
2026-09-01 13:19:43,autoscaler,customdas-cpu-queue-autoscaler-cartservice,4,60,1,,,
2026-09-01 13:19:43,autoscaler,customdas-cpu-queue-autoscaler-checkoutservice,3,60,1,,,
2026-09-01 13:19:43,autoscaler,customdas-cpu-queue-autoscaler-currencyservice,0,60,1,,,
2026-09-01 13:19:43,autoscaler,customdas-cpu-queue-autoscaler-emailservice,4,60,1,,,
2026-09-01 13:19:43,autoscaler,customdas-cpu-queue-autoscaler-frontend,9,60,1,,,
2026-09-01 13:19:43,autoscaler,customdas-cpu-queue-autoscaler-paymentservice,3,60,1,,,
2026-09-01 13:19:43,autoscaler,customdas-cpu-queue-autoscaler-productcatalogservice,6,60,1,,,
2026-09-01 13:19:43,autoscaler,customdas-cpu-queue-autoscaler-recommendationservice,5,60,1,,,
2026-09-01 13:19:43,autoscaler,customdas-cpu-queue-autoscaler-shippingservice,1,60,1,,,
2026-09-01 13:19:43,node,ze-master-node,3179,3981,,79.5,50.1,
2026-09-01 13:19:43,node,ze-worker-node,2709,2207,,67.7,27.8,
2026-09-01 13:19:52,deployment,adservice,69,176,2,,,
2026-09-01 13:19:52,deployment,cartservice,227,114,3,,,
2026-09-01 13:19:52,deployment,checkoutservice,44,33,3,,,
2026-09-01 13:19:52,deployment,currencyservice,346,188,3,,,
2026-09-01 13:19:52,deployment,emailservice,17,40,1,,,
2026-09-01 13:19:52,deployment,frontend,753,137,11,,,
2026-09-01 13:19:52,http_p95_latency,frontend,,,,,,247.6
2026-09-01 13:19:52,deployment,paymentservice,11,31,1,,,
2026-09-01 13:19:52,deployment,productcatalogservice,390,44,5,,,
2026-09-01 13:19:52,deployment,recommendationservice,288,163,4,,,
2026-09-01 13:19:52,deployment,redis-cart,19,44,1,,,
2026-09-01 13:19:52,deployment,shippingservice,30,9,1,,,
2026-09-01 13:19:52,autoscaler,customdas-cpu-queue-autoscaler-adservice,4,60,1,,,
2026-09-01 13:19:52,autoscaler,customdas-cpu-queue-autoscaler-cartservice,8,60,1,,,
2026-09-01 13:19:52,autoscaler,customdas-cpu-queue-autoscaler-checkoutservice,5,60,1,,,
2026-09-01 13:19:52,autoscaler,customdas-cpu-queue-autoscaler-currencyservice,7,60,1,,,
2026-09-01 13:19:52,autoscaler,customdas-cpu-queue-autoscaler-emailservice,3,60,1,,,
2026-09-01 13:19:52,autoscaler,customdas-cpu-queue-autoscaler-frontend,9,60,1,,,
2026-09-01 13:19:52,autoscaler,customdas-cpu-queue-autoscaler-paymentservice,4,60,1,,,
2026-09-01 13:19:52,autoscaler,customdas-cpu-queue-autoscaler-productcatalogservice,4,60,1,,,
2026-09-01 13:19:52,autoscaler,customdas-cpu-queue-autoscaler-recommendationservice,8,60,1,,,
2026-09-01 13:19:52,autoscaler,customdas-cpu-queue-autoscaler-shippingservice,7,60,1,,,
2026-09-01 13:19:52,node,ze-master-node,3040,3978,,76.0,50.1,
2026-09-01 13:19:52,node,ze-worker-node,2400,2203,,60.0,27.7,
2026-09-01 13:20:02,deployment,adservice,69,176,2,,,
2026-09-01 13:20:02,deployment,cartservice,227,114,3,,,
2026-09-01 13:20:02,deployment,checkoutservice,44,33,3,,,
2026-09-01 13:20:02,deployment,currencyservice,346,188,3,,,
2026-09-01 13:20:02,deployment,emailservice,17,40,1,,,
2026-09-01 13:20:02,deployment,frontend,753,137,11,,,
2026-09-01 13:20:02,http_p95_latency,frontend,,,,,,239.1
2026-09-01 13:20:02,deployment,paymentservice,11,31,1,,,
2026-09-01 13:20:02,deployment,productcatalogservice,390,44,5,,,
2026-09-01 13:20:02,deployment,recommendationservice,288,163,4,,,
2026-09-01 13:20:02,deployment,redis-cart,19,44,1,,,
2026-09-01 13:20:02,deployment,shippingservice,30,9,1,,,
2026-09-01 13:20:02,autoscaler,customdas-cpu-queue-autoscaler-adservice,5,60,1,,,
2026-09-01 13:20:02,autoscaler,customdas-cpu-queue-autoscaler-cartservice,5,60,1,,,
2026-09-01 13:20:02,autoscaler,customdas-cpu-queue-autoscaler-checkoutservice,9,60,1,,,
2026-09-01 13:20:02,autoscaler,customdas-cpu-queue-autoscaler-currencyservice,4,60,1,,,
2026-09-01 13:20:02,autoscaler,customdas-cpu-queue-autoscaler-emailservice,3,60,1,,,
2026-09-01 13:20:02,autoscaler,customdas-cpu-queue-autoscaler-frontend,11,60,1,,,
2026-09-01 13:20:02,autoscaler,customdas-cpu-queue-autoscaler-paymentservice,2,60,1,,,
2026-09-01 13:20:02,autoscaler,customdas-cpu-queue-autoscaler-productcatalogservice,6,60,1,,,
2026-09-01 13:20:02,autoscaler,customdas-cpu-queue-autoscaler-recommendationservice,9,60,1,,,
2026-09-01 13:20:02,autoscaler,customdas-cpu-queue-autoscaler-shippingservice,3,60,1,,,
2026-09-01 13:20:02,node,ze-master-node,3125,3993,,78.1,50.3,
2026-09-01 13:20:02,node,ze-worker-node,2543,2209,,63.6,27.8,
2026-09-01 13:20:10,deployment,adservice,67,176,2,,,
2026-09-01 13:20:10,deployment,cartservice,195,114,3,,,
2026-09-01 13:20:10,deployment,checkoutservice,51,33,3,,,
2026-09-01 13:20:10,deployment,currencyservice,371,190,3,,,
2026-09-01 13:20:10,deployment,emailservice,16,40,1,,,
2026-09-01 13:20:10,deployment,frontend,762,136,11,,,
2026-09-01 13:20:10,http_p95_latency,frontend,,,,,,239.1
2026-09-01 13:20:10,deployment,paymentservice,11,31,1,,,
2026-09-01 13:20:10,deployment,productcatalogservice,387,42,5,,,
2026-09-01 13:20:10,deployment,recommendationservice,298,163,4,,,
2026-09-01 13:20:10,deployment,redis-cart,18,44,1,,,
2026-09-01 13:20:10,deployment,shippingservice,30,9,1,,,
2026-09-01 13:20:10,autoscaler,customdas-cpu-queue-autoscaler-adservice,5,60,1,,,
2026-09-01 13:20:10,autoscaler,customdas-cpu-queue-autoscaler-cartservice,5,60,1,,,
2026-09-01 13:20:10,autoscaler,customdas-cpu-queue-autoscaler-checkoutservice,9,60,1,,,
2026-09-01 13:20:10,autoscaler,customdas-cpu-queue-autoscaler-currencyservice,4,60,1,,,
2026-09-01 13:20:10,autoscaler,customdas-cpu-queue-autoscaler-emailservice,3,60,1,,,
2026-09-01 13:20:10,autoscaler,customdas-cpu-queue-autoscaler-frontend,11,60,1,,,
2026-09-01 13:20:10,autoscaler,customdas-cpu-queue-autoscaler-paymentservice,2,60,1,,,
2026-09-01 13:20:10,autoscaler,customdas-cpu-queue-autoscaler-productcatalogservice,6,60,1,,,
2026-09-01 13:20:10,autoscaler,customdas-cpu-queue-autoscaler-recommendationservice,9,60,1,,,
2026-09-01 13:20:10,autoscaler,customdas-cpu-queue-autoscaler-shippingservice,3,60,1,,,
2026-09-01 13:20:10,node,ze-master-node,3125,3993,,78.1,50.3,
2026-09-01 13:20:10,node,ze-worker-node,2543,2209,,63.6,27.8,
2026-09-01 13:20:19,deployment,adservice,84,176,2,,,
2026-09-01 13:20:19,deployment,cartservice,203,114,3,,,
2026-09-01 13:20:19,deployment,checkoutservice,48,33,3,,,
2026-09-01 13:20:19,deployment,currencyservice,362,190,3,,,
2026-09-01 13:20:19,deployment,emailservice,19,40,1,,,
2026-09-01 13:20:19,deployment,frontend,750,136,11,,,
2026-09-01 13:20:19,http_p95_latency,frontend,,,,,,230.3
2026-09-01 13:20:19,deployment,paymentservice,11,31,1,,,
2026-09-01 13:20:19,deployment,productcatalogservice,385,43,5,,,
2026-09-01 13:20:19,deployment,recommendationservice,285,163,4,,,
2026-09-01 13:20:19,deployment,redis-cart,19,44,1,,,
2026-09-01 13:20:19,deployment,shippingservice,33,9,1,,,
2026-09-01 13:20:19,autoscaler,customdas-cpu-queue-autoscaler-adservice,4,60,1,,,
2026-09-01 13:20:19,autoscaler,customdas-cpu-queue-autoscaler-cartservice,5,60,1,,,
2026-09-01 13:20:19,autoscaler,customdas-cpu-queue-autoscaler-checkoutservice,0,60,1,,,
2026-09-01 13:20:19,autoscaler,customdas-cpu-queue-autoscaler-currencyservice,8,60,1,,,
2026-09-01 13:20:19,autoscaler,customdas-cpu-queue-autoscaler-emailservice,3,60,1,,,
2026-09-01 13:20:19,autoscaler,customdas-cpu-queue-autoscaler-frontend,9,60,1,,,
2026-09-01 13:20:19,autoscaler,customdas-cpu-queue-autoscaler-paymentservice,4,60,1,,,
2026-09-01 13:20:19,autoscaler,customdas-cpu-queue-autoscaler-productcatalogservice,10,60,1,,,
2026-09-01 13:20:19,autoscaler,customdas-cpu-queue-autoscaler-recommendationservice,9,60,1,,,
2026-09-01 13:20:19,autoscaler,customdas-cpu-queue-autoscaler-shippingservice,4,60,1,,,
2026-09-01 13:20:19,node,ze-master-node,2943,3994,,73.6,50.3,
2026-09-01 13:20:19,node,ze-worker-node,2549,2204,,63.7,27.8,
2026-09-01 13:20:27,deployment,adservice,84,176,2,,,
2026-09-01 13:20:27,deployment,cartservice,203,114,3,,,
2026-09-01 13:20:27,deployment,checkoutservice,48,33,3,,,
2026-09-01 13:20:27,deployment,currencyservice,362,190,3,,,
2026-09-01 13:20:27,deployment,emailservice,19,40,1,,,
2026-09-01 13:20:27,deployment,frontend,750,136,11,,,
2026-09-01 13:20:27,http_p95_latency,frontend,,,,,,232.9
2026-09-01 13:20:27,deployment,paymentservice,11,31,1,,,
2026-09-01 13:20:27,deployment,productcatalogservice,385,43,5,,,
2026-09-01 13:20:27,deployment,recommendationservice,285,163,4,,,
2026-09-01 13:20:27,deployment,redis-cart,19,44,1,,,
2026-09-01 13:20:27,deployment,shippingservice,33,9,1,,,
2026-09-01 13:20:27,autoscaler,customdas-cpu-queue-autoscaler-adservice,4,60,1,,,
2026-09-01 13:20:27,autoscaler,customdas-cpu-queue-autoscaler-cartservice,5,60,1,,,
2026-09-01 13:20:27,autoscaler,customdas-cpu-queue-autoscaler-checkoutservice,0,60,1,,,
2026-09-01 13:20:27,autoscaler,customdas-cpu-queue-autoscaler-currencyservice,8,60,1,,,
2026-09-01 13:20:27,autoscaler,customdas-cpu-queue-autoscaler-emailservice,3,60,1,,,
2026-09-01 13:20:27,autoscaler,customdas-cpu-queue-autoscaler-frontend,9,60,1,,,
2026-09-01 13:20:27,autoscaler,customdas-cpu-queue-autoscaler-paymentservice,4,60,1,,,
2026-09-01 13:20:27,autoscaler,customdas-cpu-queue-autoscaler-productcatalogservice,10,60,1,,,
2026-09-01 13:20:27,autoscaler,customdas-cpu-queue-autoscaler-recommendationservice,9,60,1,,,
2026-09-01 13:20:27,autoscaler,customdas-cpu-queue-autoscaler-shippingservice,4,60,1,,,
2026-09-01 13:20:27,node,ze-master-node,2943,3994,,73.6,50.3,
2026-09-01 13:20:27,node,ze-worker-node,2549,2204,,63.7,27.8,
2026-09-01 13:20:35,deployment,adservice,59,176,2,,,
2026-09-01 13:20:35,deployment,cartservice,208,114,3,,,
2026-09-01 13:20:35,deployment,checkoutservice,52,33,3,,,
2026-09-01 13:20:35,deployment,currencyservice,333,187,3,,,
2026-09-01 13:20:35,deployment,emailservice,15,40,1,,,
2026-09-01 13:20:35,deployment,frontend,696,137,11,,,
2026-09-01 13:20:35,http_p95_latency,frontend,,,,,,232.9
2026-09-01 13:20:35,deployment,paymentservice,11,31,1,,,
2026-09-01 13:20:35,deployment,productcatalogservice,356,41,5,,,
2026-09-01 13:20:35,deployment,recommendationservice,278,163,4,,,
2026-09-01 13:20:35,deployment,redis-cart,18,44,1,,,
2026-09-01 13:20:35,deployment,shippingservice,26,9,1,,,
2026-09-01 13:20:35,autoscaler,customdas-cpu-queue-autoscaler-adservice,4,60,1,,,
2026-09-01 13:20:35,autoscaler,customdas-cpu-queue-autoscaler-cartservice,0,60,1,,,
2026-09-01 13:20:35,autoscaler,customdas-cpu-queue-autoscaler-checkoutservice,4,60,1,,,
2026-09-01 13:20:35,autoscaler,customdas-cpu-queue-autoscaler-currencyservice,5,60,1,,,
2026-09-01 13:20:35,autoscaler,customdas-cpu-queue-autoscaler-emailservice,2,60,1,,,
2026-09-01 13:20:35,autoscaler,customdas-cpu-queue-autoscaler-frontend,15,60,1,,,
2026-09-01 13:20:35,autoscaler,customdas-cpu-queue-autoscaler-paymentservice,3,60,1,,,
2026-09-01 13:20:35,autoscaler,customdas-cpu-queue-autoscaler-productcatalogservice,5,60,1,,,
2026-09-01 13:20:35,autoscaler,customdas-cpu-queue-autoscaler-recommendationservice,4,60,1,,,
2026-09-01 13:20:35,autoscaler,customdas-cpu-queue-autoscaler-shippingservice,6,60,1,,,
2026-09-01 13:20:35,node,ze-master-node,2890,4003,,72.2,50.4,
2026-09-01 13:20:35,node,ze-worker-node,2384,2210,,59.6,27.8,
2026-09-01 13:20:43,deployment,adservice,59,176,2,,,
2026-09-01 13:20:43,deployment,cartservice,208,114,3,,,
2026-09-01 13:20:43,deployment,checkoutservice,52,33,3,,,
2026-09-01 13:20:43,deployment,currencyservice,333,187,3,,,
2026-09-01 13:20:43,deployment,emailservice,15,40,1,,,
2026-09-01 13:20:43,deployment,frontend,696,137,11,,,
2026-09-01 13:20:43,http_p95_latency,frontend,,,,,,231.9
2026-09-01 13:20:43,deployment,paymentservice,11,31,1,,,
2026-09-01 13:20:43,deployment,productcatalogservice,356,41,5,,,
2026-09-01 13:20:43,deployment,recommendationservice,278,163,4,,,
2026-09-01 13:20:43,deployment,redis-cart,18,44,1,,,
2026-09-01 13:20:43,deployment,shippingservice,26,9,1,,,
2026-09-01 13:20:43,autoscaler,customdas-cpu-queue-autoscaler-adservice,4,60,1,,,
2026-09-01 13:20:43,autoscaler,customdas-cpu-queue-autoscaler-cartservice,0,60,1,,,
2026-09-01 13:20:43,autoscaler,customdas-cpu-queue-autoscaler-checkoutservice,4,60,1,,,
2026-09-01 13:20:43,autoscaler,customdas-cpu-queue-autoscaler-currencyservice,5,60,1,,,
2026-09-01 13:20:43,autoscaler,customdas-cpu-queue-autoscaler-emailservice,2,60,1,,,
2026-09-01 13:20:43,autoscaler,customdas-cpu-queue-autoscaler-frontend,15,60,1,,,
2026-09-01 13:20:43,autoscaler,customdas-cpu-queue-autoscaler-paymentservice,3,60,1,,,
2026-09-01 13:20:43,autoscaler,customdas-cpu-queue-autoscaler-productcatalogservice,5,60,1,,,
2026-09-01 13:20:43,autoscaler,customdas-cpu-queue-autoscaler-recommendationservice,4,60,1,,,
2026-09-01 13:20:43,autoscaler,customdas-cpu-queue-autoscaler-shippingservice,6,60,1,,,
2026-09-01 13:20:43,node,ze-master-node,2890,4003,,72.2,50.4,
2026-09-01 13:20:43,node,ze-worker-node,2384,2210,,59.6,27.8,
2026-09-01 13:20:51,deployment,adservice,64,176,2,,,
2026-09-01 13:20:51,deployment,cartservice,192,114,3,,,
2026-09-01 13:20:51,deployment,checkoutservice,51,33,3,,,
2026-09-01 13:20:51,deployment,currencyservice,344,187,3,,,
2026-09-01 13:20:51,deployment,emailservice,18,40,1,,,
2026-09-01 13:20:51,deployment,frontend,691,137,11,,,
2026-09-01 13:20:51,http_p95_latency,frontend,,,,,,231.9
2026-09-01 13:20:51,deployment,paymentservice,11,31,1,,,
2026-09-01 13:20:51,deployment,productcatalogservice,359,41,5,,,
2026-09-01 13:20:51,deployment,recommendationservice,274,163,4,,,
2026-09-01 13:20:51,deployment,redis-cart,17,44,1,,,
2026-09-01 13:20:51,deployment,shippingservice,31,9,1,,,
2026-09-01 13:20:51,autoscaler,customdas-cpu-queue-autoscaler-adservice,3,60,1,,,
2026-09-01 13:20:51,autoscaler,customdas-cpu-queue-autoscaler-cartservice,7,60,1,,,
2026-09-01 13:20:51,autoscaler,customdas-cpu-queue-autoscaler-checkoutservice,7,60,1,,,
2026-09-01 13:20:51,autoscaler,customdas-cpu-queue-autoscaler-currencyservice,0,60,1,,,
2026-09-01 13:20:51,autoscaler,customdas-cpu-queue-autoscaler-emailservice,5,60,1,,,
2026-09-01 13:20:51,autoscaler,customdas-cpu-queue-autoscaler-frontend,10,60,1,,,
2026-09-01 13:20:51,autoscaler,customdas-cpu-queue-autoscaler-paymentservice,5,60,1,,,
2026-09-01 13:20:51,autoscaler,customdas-cpu-queue-autoscaler-productcatalogservice,5,60,1,,,
2026-09-01 13:20:51,autoscaler,customdas-cpu-queue-autoscaler-recommendationservice,5,60,1,,,
2026-09-01 13:20:51,autoscaler,customdas-cpu-queue-autoscaler-shippingservice,0,60,1,,,
2026-09-01 13:20:51,node,ze-master-node,2938,4024,,73.5,50.7,
2026-09-01 13:20:51,node,ze-worker-node,2445,2202,,61.1,27.7,
2026-09-01 13:21:00,deployment,adservice,64,176,2,,,
2026-09-01 13:21:00,deployment,cartservice,192,114,3,,,
2026-09-01 13:21:00,deployment,checkoutservice,51,33,3,,,
2026-09-01 13:21:00,deployment,currencyservice,344,187,3,,,
2026-09-01 13:21:00,deployment,emailservice,18,40,1,,,
2026-09-01 13:21:00,deployment,frontend,691,137,11,,,
2026-09-01 13:21:00,http_p95_latency,frontend,,,,,,221.4
2026-09-01 13:21:00,deployment,paymentservice,11,31,1,,,
2026-09-01 13:21:00,deployment,productcatalogservice,359,41,5,,,
2026-09-01 13:21:00,deployment,recommendationservice,274,163,4,,,
2026-09-01 13:21:00,deployment,redis-cart,17,44,1,,,
2026-09-01 13:21:00,deployment,shippingservice,31,9,1,,,
2026-09-01 13:21:00,autoscaler,customdas-cpu-queue-autoscaler-adservice,3,60,1,,,
2026-09-01 13:21:00,autoscaler,customdas-cpu-queue-autoscaler-cartservice,7,60,1,,,
2026-09-01 13:21:00,autoscaler,customdas-cpu-queue-autoscaler-checkoutservice,7,60,1,,,
2026-09-01 13:21:00,autoscaler,customdas-cpu-queue-autoscaler-currencyservice,0,60,1,,,
2026-09-01 13:21:00,autoscaler,customdas-cpu-queue-autoscaler-emailservice,5,60,1,,,
2026-09-01 13:21:00,autoscaler,customdas-cpu-queue-autoscaler-frontend,10,60,1,,,
2026-09-01 13:21:00,autoscaler,customdas-cpu-queue-autoscaler-paymentservice,5,60,1,,,
2026-09-01 13:21:00,autoscaler,customdas-cpu-queue-autoscaler-productcatalogservice,5,60,1,,,
2026-09-01 13:21:00,autoscaler,customdas-cpu-queue-autoscaler-recommendationservice,5,60,1,,,
2026-09-01 13:21:00,autoscaler,customdas-cpu-queue-autoscaler-shippingservice,0,60,1,,,
2026-09-01 13:21:00,node,ze-master-node,2938,4024,,73.5,50.7,
2026-09-01 13:21:00,node,ze-worker-node,2445,2202,,61.1,27.7,
2026-09-01 13:21:08,deployment,adservice,61,176,2,,,
2026-09-01 13:21:08,deployment,cartservice,191,114,3,,,
2026-09-01 13:21:08,deployment,checkoutservice,47,33,3,,,
2026-09-01 13:21:08,deployment,currencyservice,341,187,3,,,
2026-09-01 13:21:08,deployment,emailservice,18,40,1,,,
2026-09-01 13:21:08,deployment,frontend,665,137,11,,,
2026-09-01 13:21:08,http_p95_latency,frontend,,,,,,221.4
2026-09-01 13:21:08,deployment,paymentservice,10,31,1,,,
2026-09-01 13:21:08,deployment,productcatalogservice,340,41,5,,,
2026-09-01 13:21:08,deployment,recommendationservice,263,163,4,,,
2026-09-01 13:21:08,deployment,redis-cart,17,44,1,,,
2026-09-01 13:21:08,deployment,shippingservice,32,9,1,,,
2026-09-01 13:21:08,autoscaler,customdas-cpu-queue-autoscaler-adservice,4,60,1,,,
2026-09-01 13:21:08,autoscaler,customdas-cpu-queue-autoscaler-cartservice,5,60,1,,,
2026-09-01 13:21:08,autoscaler,customdas-cpu-queue-autoscaler-checkoutservice,4,60,1,,,
2026-09-01 13:21:08,autoscaler,customdas-cpu-queue-autoscaler-currencyservice,7,60,1,,,
2026-09-01 13:21:08,autoscaler,customdas-cpu-queue-autoscaler-emailservice,5,60,1,,,
2026-09-01 13:21:08,autoscaler,customdas-cpu-queue-autoscaler-frontend,10,60,1,,,
2026-09-01 13:21:08,autoscaler,customdas-cpu-queue-autoscaler-paymentservice,4,60,1,,,
2026-09-01 13:21:08,autoscaler,customdas-cpu-queue-autoscaler-productcatalogservice,5,60,1,,,
2026-09-01 13:21:08,autoscaler,customdas-cpu-queue-autoscaler-recommendationservice,6,60,1,,,
2026-09-01 13:21:08,autoscaler,customdas-cpu-queue-autoscaler-shippingservice,4,60,1,,,
2026-09-01 13:21:08,node,ze-master-node,2805,4035,,70.1,50.8,
2026-09-01 13:21:08,node,ze-worker-node,2385,2217,,59.6,27.9,
2026-09-01 13:21:18,deployment,adservice,61,176,2,,,
2026-09-01 13:21:18,deployment,cartservice,191,114,3,,,
2026-09-01 13:21:18,deployment,checkoutservice,47,33,3,,,
2026-09-01 13:21:18,deployment,currencyservice,341,187,3,,,
2026-09-01 13:21:18,deployment,emailservice,17,40,1,,,
2026-09-01 13:21:18,deployment,frontend,693,136,11,,,
2026-09-01 13:21:18,http_p95_latency,frontend,,,,,,211.9
2026-09-01 13:21:18,deployment,paymentservice,12,31,1,,,
2026-09-01 13:21:18,deployment,productcatalogservice,357,41,5,,,
2026-09-01 13:21:18,deployment,recommendationservice,275,163,4,,,
2026-09-01 13:21:18,deployment,redis-cart,18,44,1,,,
2026-09-01 13:21:18,deployment,shippingservice,31,9,1,,,
2026-09-01 13:21:18,autoscaler,customdas-cpu-queue-autoscaler-adservice,5,60,1,,,
2026-09-01 13:21:18,autoscaler,customdas-cpu-queue-autoscaler-cartservice,7,60,1,,,
2026-09-01 13:21:18,autoscaler,customdas-cpu-queue-autoscaler-checkoutservice,4,60,1,,,
2026-09-01 13:21:18,autoscaler,customdas-cpu-queue-autoscaler-currencyservice,5,60,1,,,
2026-09-01 13:21:18,autoscaler,customdas-cpu-queue-autoscaler-emailservice,4,60,1,,,
2026-09-01 13:21:18,autoscaler,customdas-cpu-queue-autoscaler-frontend,16,60,1,,,
2026-09-01 13:21:18,autoscaler,customdas-cpu-queue-autoscaler-paymentservice,3,60,1,,,
2026-09-01 13:21:18,autoscaler,customdas-cpu-queue-autoscaler-productcatalogservice,5,60,1,,,
2026-09-01 13:21:18,autoscaler,customdas-cpu-queue-autoscaler-recommendationservice,7,60,1,,,
2026-09-01 13:21:18,autoscaler,customdas-cpu-queue-autoscaler-shippingservice,5,60,1,,,
2026-09-01 13:21:18,node,ze-master-node,2849,3976,,71.2,50.1,
2026-09-01 13:21:18,node,ze-worker-node,2499,2210,,62.5,27.8,
2026-09-01 13:21:27,deployment,adservice,58,176,2,,,
2026-09-01 13:21:27,deployment,cartservice,191,114,3,,,
2026-09-01 13:21:27,deployment,checkoutservice,43,34,3,,,
2026-09-01 13:21:27,deployment,currencyservice,333,191,3,,,
2026-09-01 13:21:27,deployment,emailservice,17,40,1,,,
2026-09-01 13:21:27,deployment,frontend,693,136,11,,,
2026-09-01 13:21:27,http_p95_latency,frontend,,,,,,208.1
2026-09-01 13:21:27,deployment,paymentservice,12,31,1,,,
2026-09-01 13:21:27,deployment,productcatalogservice,357,41,5,,,
2026-09-01 13:21:27,deployment,recommendationservice,275,163,4,,,
2026-09-01 13:21:27,deployment,redis-cart,18,44,1,,,
2026-09-01 13:21:27,deployment,shippingservice,31,9,1,,,
2026-09-01 13:21:27,autoscaler,customdas-cpu-queue-autoscaler-adservice,5,60,1,,,
2026-09-01 13:21:27,autoscaler,customdas-cpu-queue-autoscaler-cartservice,7,60,1,,,
2026-09-01 13:21:27,autoscaler,customdas-cpu-queue-autoscaler-checkoutservice,4,60,1,,,
2026-09-01 13:21:27,autoscaler,customdas-cpu-queue-autoscaler-currencyservice,5,60,1,,,
2026-09-01 13:21:27,autoscaler,customdas-cpu-queue-autoscaler-emailservice,4,60,1,,,
2026-09-01 13:21:27,autoscaler,customdas-cpu-queue-autoscaler-frontend,16,60,1,,,
2026-09-01 13:21:27,autoscaler,customdas-cpu-queue-autoscaler-paymentservice,3,60,1,,,
2026-09-01 13:21:27,autoscaler,customdas-cpu-queue-autoscaler-productcatalogservice,5,60,1,,,
2026-09-01 13:21:27,autoscaler,customdas-cpu-queue-autoscaler-recommendationservice,7,60,1,,,
2026-09-01 13:21:27,autoscaler,customdas-cpu-queue-autoscaler-shippingservice,5,60,1,,,
2026-09-01 13:21:27,node,ze-master-node,2849,3976,,71.2,50.1,
2026-09-01 13:21:27,node,ze-worker-node,2499,2210,,62.5,27.8,
2026-09-01 13:21:36,deployment,adservice,52,176,2,,,
2026-09-01 13:21:36,deployment,cartservice,168,114,3,,,
2026-09-01 13:21:36,deployment,checkoutservice,40,33,3,,,
2026-09-01 13:21:36,deployment,currencyservice,298,189,3,,,
2026-09-01 13:21:36,deployment,emailservice,21,40,1,,,
2026-09-01 13:21:36,deployment,frontend,606,135,11,,,
2026-09-01 13:21:36,http_p95_latency,frontend,,,,,,208.1
2026-09-01 13:21:36,deployment,paymentservice,9,31,1,,,
2026-09-01 13:21:36,deployment,productcatalogservice,326,43,5,,,
2026-09-01 13:21:36,deployment,recommendationservice,251,163,4,,,
2026-09-01 13:21:36,deployment,redis-cart,15,44,1,,,
2026-09-01 13:21:36,deployment,shippingservice,26,9,1,,,
2026-09-01 13:21:36,autoscaler,customdas-cpu-queue-autoscaler-adservice,3,60,1,,,
2026-09-01 13:21:36,autoscaler,customdas-cpu-queue-autoscaler-cartservice,6,60,1,,,
2026-09-01 13:21:36,autoscaler,customdas-cpu-queue-autoscaler-checkoutservice,5,60,1,,,
2026-09-01 13:21:36,autoscaler,customdas-cpu-queue-autoscaler-currencyservice,7,60,1,,,
2026-09-01 13:21:36,autoscaler,customdas-cpu-queue-autoscaler-emailservice,4,60,1,,,
2026-09-01 13:21:36,autoscaler,customdas-cpu-queue-autoscaler-frontend,0,60,1,,,
2026-09-01 13:21:36,autoscaler,customdas-cpu-queue-autoscaler-paymentservice,3,60,1,,,
2026-09-01 13:21:36,autoscaler,customdas-cpu-queue-autoscaler-productcatalogservice,6,60,1,,,
2026-09-01 13:21:36,autoscaler,customdas-cpu-queue-autoscaler-recommendationservice,10,60,1,,,
2026-09-01 13:21:36,autoscaler,customdas-cpu-queue-autoscaler-shippingservice,5,60,1,,,
2026-09-01 13:21:36,node,ze-master-node,2628,3995,,65.7,50.3,
2026-09-01 13:21:36,node,ze-worker-node,2215,2214,,55.4,27.9,
2026-09-01 13:21:45,deployment,adservice,52,176,2,,,
2026-09-01 13:21:45,deployment,cartservice,168,114,3,,,
2026-09-01 13:21:45,deployment,checkoutservice,40,33,3,,,
2026-09-01 13:21:45,deployment,currencyservice,298,189,3,,,
2026-09-01 13:21:45,deployment,emailservice,21,40,1,,,
2026-09-01 13:21:45,deployment,frontend,606,135,11,,,
2026-09-01 13:21:45,http_p95_latency,frontend,,,,,,208.0
2026-09-01 13:21:45,deployment,paymentservice,9,31,1,,,
2026-09-01 13:21:45,deployment,productcatalogservice,326,43,5,,,
2026-09-01 13:21:45,deployment,recommendationservice,251,163,4,,,
2026-09-01 13:21:45,deployment,redis-cart,15,44,1,,,
2026-09-01 13:21:45,deployment,shippingservice,26,9,1,,,
2026-09-01 13:21:45,autoscaler,customdas-cpu-queue-autoscaler-adservice,3,60,1,,,
2026-09-01 13:21:45,autoscaler,customdas-cpu-queue-autoscaler-cartservice,6,60,1,,,
2026-09-01 13:21:45,autoscaler,customdas-cpu-queue-autoscaler-checkoutservice,5,60,1,,,
2026-09-01 13:21:45,autoscaler,customdas-cpu-queue-autoscaler-currencyservice,7,60,1,,,
2026-09-01 13:21:45,autoscaler,customdas-cpu-queue-autoscaler-emailservice,4,60,1,,,
2026-09-01 13:21:45,autoscaler,customdas-cpu-queue-autoscaler-frontend,0,60,1,,,
2026-09-01 13:21:45,autoscaler,customdas-cpu-queue-autoscaler-paymentservice,3,60,1,,,
2026-09-01 13:21:45,autoscaler,customdas-cpu-queue-autoscaler-productcatalogservice,6,60,1,,,
2026-09-01 13:21:45,autoscaler,customdas-cpu-queue-autoscaler-recommendationservice,10,60,1,,,
2026-09-01 13:21:45,autoscaler,customdas-cpu-queue-autoscaler-shippingservice,5,60,1,,,
2026-09-01 13:21:45,node,ze-master-node,2628,3995,,65.7,50.3,
2026-09-01 13:21:45,node,ze-worker-node,2215,2214,,55.4,27.9,
2026-09-01 13:21:52,deployment,adservice,49,176,2,,,
2026-09-01 13:21:52,deployment,cartservice,166,114,3,,,
2026-09-01 13:21:52,deployment,checkoutservice,36,35,3,,,
2026-09-01 13:21:52,deployment,currencyservice,300,189,3,,,
2026-09-01 13:21:52,deployment,emailservice,13,40,1,,,
2026-09-01 13:21:52,deployment,frontend,585,136,11,,,
2026-09-01 13:21:52,http_p95_latency,frontend,,,,,,208.0
2026-09-01 13:21:52,deployment,paymentservice,9,31,1,,,
2026-09-01 13:21:52,deployment,productcatalogservice,314,41,5,,,
2026-09-01 13:21:52,deployment,recommendationservice,238,163,4,,,
2026-09-01 13:21:52,deployment,redis-cart,16,44,1,,,
2026-09-01 13:21:52,deployment,shippingservice,27,9,1,,,
2026-09-01 13:21:52,autoscaler,customdas-cpu-queue-autoscaler-adservice,4,60,1,,,
2026-09-01 13:21:52,autoscaler,customdas-cpu-queue-autoscaler-cartservice,0,60,1,,,
2026-09-01 13:21:52,autoscaler,customdas-cpu-queue-autoscaler-checkoutservice,5,60,1,,,
2026-09-01 13:21:52,autoscaler,customdas-cpu-queue-autoscaler-currencyservice,7,60,1,,,
2026-09-01 13:21:52,autoscaler,customdas-cpu-queue-autoscaler-emailservice,4,60,1,,,
2026-09-01 13:21:52,autoscaler,customdas-cpu-queue-autoscaler-frontend,12,60,1,,,
2026-09-01 13:21:52,autoscaler,customdas-cpu-queue-autoscaler-paymentservice,3,60,1,,,
2026-09-01 13:21:52,autoscaler,customdas-cpu-queue-autoscaler-productcatalogservice,6,60,1,,,
2026-09-01 13:21:52,autoscaler,customdas-cpu-queue-autoscaler-recommendationservice,0,60,1,,,
2026-09-01 13:21:52,autoscaler,customdas-cpu-queue-autoscaler-shippingservice,3,60,1,,,
2026-09-01 13:21:52,node,ze-master-node,2634,3990,,65.8,50.2,
2026-09-01 13:21:52,node,ze-worker-node,2210,2207,,55.2,27.8,
2026-09-01 13:22:00,deployment,adservice,49,176,2,,,
2026-09-01 13:22:00,deployment,cartservice,166,114,3,,,
2026-09-01 13:22:00,deployment,checkoutservice,36,35,3,,,
2026-09-01 13:22:00,deployment,currencyservice,300,189,3,,,
2026-09-01 13:22:00,deployment,emailservice,13,40,1,,,
2026-09-01 13:22:00,deployment,frontend,585,136,11,,,
2026-09-01 13:22:00,http_p95_latency,frontend,,,,,,202.2
2026-09-01 13:22:00,deployment,paymentservice,9,31,1,,,
2026-09-01 13:22:00,deployment,productcatalogservice,314,41,5,,,
2026-09-01 13:22:00,deployment,recommendationservice,238,163,4,,,
2026-09-01 13:22:00,deployment,redis-cart,16,44,1,,,
2026-09-01 13:22:00,deployment,shippingservice,27,9,1,,,
2026-09-01 13:22:00,autoscaler,customdas-cpu-queue-autoscaler-adservice,4,60,1,,,
2026-09-01 13:22:00,autoscaler,customdas-cpu-queue-autoscaler-cartservice,0,60,1,,,
2026-09-01 13:22:00,autoscaler,customdas-cpu-queue-autoscaler-checkoutservice,5,60,1,,,
2026-09-01 13:22:00,autoscaler,customdas-cpu-queue-autoscaler-currencyservice,7,60,1,,,
2026-09-01 13:22:00,autoscaler,customdas-cpu-queue-autoscaler-emailservice,4,60,1,,,
2026-09-01 13:22:00,autoscaler,customdas-cpu-queue-autoscaler-frontend,12,60,1,,,
2026-09-01 13:22:00,autoscaler,customdas-cpu-queue-autoscaler-paymentservice,3,60,1,,,
2026-09-01 13:22:00,autoscaler,customdas-cpu-queue-autoscaler-productcatalogservice,6,60,1,,,
2026-09-01 13:22:00,autoscaler,customdas-cpu-queue-autoscaler-recommendationservice,0,60,1,,,
2026-09-01 13:22:00,autoscaler,customdas-cpu-queue-autoscaler-shippingservice,3,60,1,,,
2026-09-01 13:22:00,node,ze-master-node,2634,3990,,65.8,50.2,
2026-09-01 13:22:00,node,ze-worker-node,2210,2207,,55.2,27.8,
2026-09-01 13:22:07,deployment,adservice,49,176,2,,,
2026-09-01 13:22:07,deployment,cartservice,162,114,3,,,
2026-09-01 13:22:07,deployment,checkoutservice,40,33,3,,,
2026-09-01 13:22:07,deployment,currencyservice,293,187,3,,,
2026-09-01 13:22:07,deployment,emailservice,17,45,1,,,
2026-09-01 13:22:07,deployment,frontend,584,136,11,,,
2026-09-01 13:22:07,http_p95_latency,frontend,,,,,,202.2
2026-09-01 13:22:07,deployment,paymentservice,9,31,1,,,
2026-09-01 13:22:07,deployment,productcatalogservice,316,41,5,,,
2026-09-01 13:22:07,deployment,recommendationservice,223,163,4,,,
2026-09-01 13:22:07,deployment,redis-cart,56,46,1,,,
2026-09-01 13:22:07,deployment,shippingservice,25,9,1,,,
2026-09-01 13:22:07,autoscaler,customdas-cpu-queue-autoscaler-adservice,4,60,1,,,
2026-09-01 13:22:07,autoscaler,customdas-cpu-queue-autoscaler-cartservice,0,60,1,,,
2026-09-01 13:22:07,autoscaler,customdas-cpu-queue-autoscaler-checkoutservice,3,60,1,,,
2026-09-01 13:22:07,autoscaler,customdas-cpu-queue-autoscaler-currencyservice,4,60,1,,,
2026-09-01 13:22:07,autoscaler,customdas-cpu-queue-autoscaler-emailservice,0,60,1,,,
2026-09-01 13:22:07,autoscaler,customdas-cpu-queue-autoscaler-frontend,9,60,1,,,
2026-09-01 13:22:07,autoscaler,customdas-cpu-queue-autoscaler-paymentservice,3,60,1,,,
2026-09-01 13:22:07,autoscaler,customdas-cpu-queue-autoscaler-productcatalogservice,6,60,1,,,
2026-09-01 13:22:07,autoscaler,customdas-cpu-queue-autoscaler-recommendationservice,9,60,1,,,
2026-09-01 13:22:07,autoscaler,customdas-cpu-queue-autoscaler-shippingservice,4,60,1,,,
2026-09-01 13:22:07,node,ze-master-node,2503,4002,,62.6,50.4,
2026-09-01 13:22:07,node,ze-worker-node,2265,2210,,56.6,27.8,
2026-09-01 13:22:16,deployment,adservice,49,176,2,,,
2026-09-01 13:22:16,deployment,cartservice,162,114,3,,,
2026-09-01 13:22:16,deployment,checkoutservice,40,33,3,,,
2026-09-01 13:22:16,deployment,currencyservice,293,187,3,,,
2026-09-01 13:22:16,deployment,emailservice,17,45,1,,,
2026-09-01 13:22:16,deployment,frontend,584,136,11,,,
2026-09-01 13:22:16,http_p95_latency,frontend,,,,,,207.2
2026-09-01 13:22:16,deployment,paymentservice,9,31,1,,,
2026-09-01 13:22:16,deployment,productcatalogservice,316,41,5,,,
2026-09-01 13:22:16,deployment,recommendationservice,223,163,4,,,
2026-09-01 13:22:16,deployment,redis-cart,56,46,1,,,
2026-09-01 13:22:16,deployment,shippingservice,25,9,1,,,
2026-09-01 13:22:16,autoscaler,customdas-cpu-queue-autoscaler-adservice,4,60,1,,,
2026-09-01 13:22:16,autoscaler,customdas-cpu-queue-autoscaler-cartservice,0,60,1,,,
2026-09-01 13:22:16,autoscaler,customdas-cpu-queue-autoscaler-checkoutservice,3,60,1,,,
2026-09-01 13:22:16,autoscaler,customdas-cpu-queue-autoscaler-currencyservice,4,60,1,,,
2026-09-01 13:22:16,autoscaler,customdas-cpu-queue-autoscaler-emailservice,0,60,1,,,
2026-09-01 13:22:16,autoscaler,customdas-cpu-queue-autoscaler-frontend,9,60,1,,,
2026-09-01 13:22:16,autoscaler,customdas-cpu-queue-autoscaler-paymentservice,3,60,1,,,
2026-09-01 13:22:16,autoscaler,customdas-cpu-queue-autoscaler-productcatalogservice,6,60,1,,,
2026-09-01 13:22:16,autoscaler,customdas-cpu-queue-autoscaler-recommendationservice,9,60,1,,,
2026-09-01 13:22:16,autoscaler,customdas-cpu-queue-autoscaler-shippingservice,4,60,1,,,
2026-09-01 13:22:16,node,ze-master-node,2503,4002,,62.6,50.4,
2026-09-01 13:22:16,node,ze-worker-node,2265,2210,,56.6,27.8,
2026-09-01 13:22:23,deployment,adservice,52,176,2,,,
2026-09-01 13:22:23,deployment,cartservice,151,114,3,,,
2026-09-01 13:22:23,deployment,checkoutservice,47,32,3,,,
2026-09-01 13:22:23,deployment,currencyservice,292,187,3,,,
2026-09-01 13:22:23,deployment,emailservice,17,40,1,,,
2026-09-01 13:22:23,deployment,frontend,604,137,11,,,
2026-09-01 13:22:23,http_p95_latency,frontend,,,,,,207.2
2026-09-01 13:22:23,deployment,paymentservice,10,31,1,,,
2026-09-01 13:22:23,deployment,productcatalogservice,315,42,5,,,
2026-09-01 13:22:23,deployment,recommendationservice,242,163,4,,,
2026-09-01 13:22:23,deployment,redis-cart,24,44,1,,,
2026-09-01 13:22:23,deployment,shippingservice,26,9,1,,,
2026-09-01 13:22:23,autoscaler,customdas-cpu-queue-autoscaler-adservice,5,60,1,,,
2026-09-01 13:22:23,autoscaler,customdas-cpu-queue-autoscaler-cartservice,10,60,1,,,
2026-09-01 13:22:23,autoscaler,customdas-cpu-queue-autoscaler-checkoutservice,7,60,1,,,
2026-09-01 13:22:23,autoscaler,customdas-cpu-queue-autoscaler-currencyservice,5,60,1,,,
2026-09-01 13:22:23,autoscaler,customdas-cpu-queue-autoscaler-emailservice,5,60,1,,,
2026-09-01 13:22:23,autoscaler,customdas-cpu-queue-autoscaler-frontend,13,60,1,,,
2026-09-01 13:22:23,autoscaler,customdas-cpu-queue-autoscaler-paymentservice,3,60,1,,,
2026-09-01 13:22:23,autoscaler,customdas-cpu-queue-autoscaler-productcatalogservice,5,60,1,,,
2026-09-01 13:22:23,autoscaler,customdas-cpu-queue-autoscaler-recommendationservice,1,60,1,,,
2026-09-01 13:22:23,autoscaler,customdas-cpu-queue-autoscaler-shippingservice,3,60,1,,,
2026-09-01 13:22:23,node,ze-master-node,2723,4000,,68.1,50.4,
2026-09-01 13:22:23,node,ze-worker-node,2165,2203,,54.1,27.7,
2026-09-01 13:22:31,deployment,adservice,52,176,2,,,
2026-09-01 13:22:31,deployment,cartservice,151,114,3,,,
2026-09-01 13:22:31,deployment,checkoutservice,47,32,3,,,
2026-09-01 13:22:31,deployment,currencyservice,292,187,3,,,
2026-09-01 13:22:31,deployment,emailservice,17,40,1,,,
2026-09-01 13:22:31,deployment,frontend,604,137,11,,,
2026-09-01 13:22:31,http_p95_latency,frontend,,,,,,207.6
2026-09-01 13:22:31,deployment,paymentservice,10,31,1,,,
2026-09-01 13:22:31,deployment,productcatalogservice,315,42,5,,,
2026-09-01 13:22:31,deployment,recommendationservice,242,163,4,,,
2026-09-01 13:22:31,deployment,redis-cart,24,44,1,,,
2026-09-01 13:22:31,deployment,shippingservice,26,9,1,,,
2026-09-01 13:22:31,autoscaler,customdas-cpu-queue-autoscaler-adservice,5,60,1,,,
2026-09-01 13:22:31,autoscaler,customdas-cpu-queue-autoscaler-cartservice,10,60,1,,,
2026-09-01 13:22:31,autoscaler,customdas-cpu-queue-autoscaler-checkoutservice,7,60,1,,,
2026-09-01 13:22:31,autoscaler,customdas-cpu-queue-autoscaler-currencyservice,5,60,1,,,
2026-09-01 13:22:31,autoscaler,customdas-cpu-queue-autoscaler-emailservice,5,60,1,,,
2026-09-01 13:22:31,autoscaler,customdas-cpu-queue-autoscaler-frontend,13,60,1,,,
2026-09-01 13:22:31,autoscaler,customdas-cpu-queue-autoscaler-paymentservice,3,60,1,,,
2026-09-01 13:22:31,autoscaler,customdas-cpu-queue-autoscaler-productcatalogservice,5,60,1,,,
2026-09-01 13:22:31,autoscaler,customdas-cpu-queue-autoscaler-recommendationservice,1,60,1,,,
2026-09-01 13:22:31,autoscaler,customdas-cpu-queue-autoscaler-shippingservice,3,60,1,,,
2026-09-01 13:22:31,node,ze-master-node,2723,4000,,68.1,50.4,
2026-09-01 13:22:31,node,ze-worker-node,2165,2203,,54.1,27.7,
2026-09-01 13:22:38,deployment,adservice,48,176,2,,,
2026-09-01 13:22:38,deployment,cartservice,154,114,3,,,
2026-09-01 13:22:38,deployment,checkoutservice,36,33,3,,,
2026-09-01 13:22:38,deployment,currencyservice,268,189,3,,,
2026-09-01 13:22:38,deployment,emailservice,18,40,1,,,
2026-09-01 13:22:38,deployment,frontend,570,137,11,,,
2026-09-01 13:22:38,http_p95_latency,frontend,,,,,,207.6
2026-09-01 13:22:38,deployment,paymentservice,9,33,1,,,
2026-09-01 13:22:38,deployment,productcatalogservice,300,42,5,,,
2026-09-01 13:22:38,deployment,recommendationservice,221,163,4,,,
2026-09-01 13:22:38,deployment,redis-cart,16,44,1,,,
2026-09-01 13:22:38,deployment,shippingservice,25,9,1,,,
2026-09-01 13:22:38,autoscaler,customdas-cpu-queue-autoscaler-adservice,0,60,1,,,
2026-09-01 13:22:38,autoscaler,customdas-cpu-queue-autoscaler-cartservice,3,60,1,,,
2026-09-01 13:22:38,autoscaler,customdas-cpu-queue-autoscaler-checkoutservice,5,60,1,,,
2026-09-01 13:22:38,autoscaler,customdas-cpu-queue-autoscaler-currencyservice,3,60,1,,,
2026-09-01 13:22:38,autoscaler,customdas-cpu-queue-autoscaler-emailservice,5,60,1,,,
2026-09-01 13:22:38,autoscaler,customdas-cpu-queue-autoscaler-frontend,10,60,1,,,
2026-09-01 13:22:38,autoscaler,customdas-cpu-queue-autoscaler-paymentservice,3,60,1,,,
2026-09-01 13:22:38,autoscaler,customdas-cpu-queue-autoscaler-productcatalogservice,4,60,1,,,
2026-09-01 13:22:38,autoscaler,customdas-cpu-queue-autoscaler-recommendationservice,7,60,1,,,
2026-09-01 13:22:38,autoscaler,customdas-cpu-queue-autoscaler-shippingservice,5,60,1,,,
2026-09-01 13:22:38,node,ze-master-node,2520,3998,,63.0,50.3,
2026-09-01 13:22:38,node,ze-worker-node,2119,2210,,53.0,27.8,
2026-09-01 13:22:47,deployment,adservice,48,176,2,,,
2026-09-01 13:22:47,deployment,cartservice,154,114,3,,,
2026-09-01 13:22:47,deployment,checkoutservice,36,33,3,,,
2026-09-01 13:22:47,deployment,currencyservice,268,189,3,,,
2026-09-01 13:22:47,deployment,emailservice,18,40,1,,,
2026-09-01 13:22:47,deployment,frontend,570,137,11,,,
2026-09-01 13:22:47,http_p95_latency,frontend,,,,,,204.2
2026-09-01 13:22:47,deployment,paymentservice,9,33,1,,,
2026-09-01 13:22:47,deployment,productcatalogservice,300,42,5,,,
2026-09-01 13:22:47,deployment,recommendationservice,221,163,4,,,
2026-09-01 13:22:47,deployment,redis-cart,16,44,1,,,
2026-09-01 13:22:47,deployment,shippingservice,25,9,1,,,
2026-09-01 13:22:47,autoscaler,customdas-cpu-queue-autoscaler-adservice,0,60,1,,,
2026-09-01 13:22:47,autoscaler,customdas-cpu-queue-autoscaler-cartservice,3,60,1,,,
2026-09-01 13:22:47,autoscaler,customdas-cpu-queue-autoscaler-checkoutservice,5,60,1,,,
2026-09-01 13:22:47,autoscaler,customdas-cpu-queue-autoscaler-currencyservice,5,60,1,,,
2026-09-01 13:22:47,autoscaler,customdas-cpu-queue-autoscaler-emailservice,2,60,1,,,
2026-09-01 13:22:47,autoscaler,customdas-cpu-queue-autoscaler-frontend,17,60,1,,,
2026-09-01 13:22:47,autoscaler,customdas-cpu-queue-autoscaler-paymentservice,3,60,1,,,
2026-09-01 13:22:47,autoscaler,customdas-cpu-queue-autoscaler-productcatalogservice,12,60,1,,,
2026-09-01 13:22:47,autoscaler,customdas-cpu-queue-autoscaler-recommendationservice,13,60,1,,,
2026-09-01 13:22:47,autoscaler,customdas-cpu-queue-autoscaler-shippingservice,5,60,1,,,
2026-09-01 13:22:47,node,ze-master-node,2414,3991,,60.4,50.3,
2026-09-01 13:22:47,node,ze-worker-node,2069,2198,,51.7,27.7,
2026-09-01 13:22:55,deployment,adservice,44,176,2,,,
2026-09-01 13:22:55,deployment,cartservice,145,116,3,,,
2026-09-01 13:22:55,deployment,checkoutservice,34,33,3,,,
2026-09-01 13:22:55,deployment,currencyservice,275,190,3,,,
2026-09-01 13:22:55,deployment,emailservice,15,40,1,,,
2026-09-01 13:22:55,deployment,frontend,526,137,11,,,
2026-09-01 13:22:55,http_p95_latency,frontend,,,,,,204.2
2026-09-01 13:22:55,deployment,paymentservice,9,31,1,,,
2026-09-01 13:22:55,deployment,productcatalogservice,289,41,5,,,
2026-09-01 13:22:55,deployment,recommendationservice,220,163,4,,,
2026-09-01 13:22:55,deployment,redis-cart,15,44,1,,,
2026-09-01 13:22:55,deployment,shippingservice,25,9,1,,,
2026-09-01 13:22:55,autoscaler,customdas-cpu-queue-autoscaler-adservice,7,60,1,,,
2026-09-01 13:22:55,autoscaler,customdas-cpu-queue-autoscaler-cartservice,6,60,1,,,
2026-09-01 13:22:55,autoscaler,customdas-cpu-queue-autoscaler-checkoutservice,5,60,1,,,
2026-09-01 13:22:55,autoscaler,customdas-cpu-queue-autoscaler-currencyservice,5,60,1,,,
2026-09-01 13:22:55,autoscaler,customdas-cpu-queue-autoscaler-emailservice,2,60,1,,,
2026-09-01 13:22:55,autoscaler,customdas-cpu-queue-autoscaler-frontend,17,60,1,,,
2026-09-01 13:22:55,autoscaler,customdas-cpu-queue-autoscaler-paymentservice,3,60,1,,,
2026-09-01 13:22:55,autoscaler,customdas-cpu-queue-autoscaler-productcatalogservice,12,60,1,,,
2026-09-01 13:22:55,autoscaler,customdas-cpu-queue-autoscaler-recommendationservice,13,60,1,,,
2026-09-01 13:22:55,autoscaler,customdas-cpu-queue-autoscaler-shippingservice,5,60,1,,,
2026-09-01 13:22:55,node,ze-master-node,2414,3991,,60.4,50.3,
2026-09-01 13:22:55,node,ze-worker-node,2069,2198,,51.7,27.7,
2026-09-01 13:23:03,deployment,adservice,44,176,2,,,
2026-09-01 13:23:03,deployment,cartservice,145,116,3,,,
2026-09-01 13:23:03,deployment,checkoutservice,34,33,3,,,
2026-09-01 13:23:03,deployment,currencyservice,272,191,3,,,
2026-09-01 13:23:03,deployment,emailservice,15,40,1,,,
2026-09-01 13:23:03,deployment,frontend,537,137,11,,,
2026-09-01 13:23:03,http_p95_latency,frontend,,,,,,190.6
2026-09-01 13:23:03,deployment,paymentservice,8,31,1,,,
2026-09-01 13:23:03,deployment,productcatalogservice,293,41,5,,,
2026-09-01 13:23:03,deployment,recommendationservice,218,163,4,,,
2026-09-01 13:23:03,deployment,redis-cart,15,44,1,,,
2026-09-01 13:23:03,deployment,shippingservice,23,9,1,,,
2026-09-01 13:23:03,autoscaler,customdas-cpu-queue-autoscaler-adservice,4,60,1,,,
2026-09-01 13:23:03,autoscaler,customdas-cpu-queue-autoscaler-cartservice,8,60,1,,,
2026-09-01 13:23:03,autoscaler,customdas-cpu-queue-autoscaler-checkoutservice,5,60,1,,,
2026-09-01 13:23:03,autoscaler,customdas-cpu-queue-autoscaler-currencyservice,6,60,1,,,
2026-09-01 13:23:03,autoscaler,customdas-cpu-queue-autoscaler-emailservice,11,60,1,,,
2026-09-01 13:23:03,autoscaler,customdas-cpu-queue-autoscaler-frontend,11,60,1,,,
2026-09-01 13:23:03,autoscaler,customdas-cpu-queue-autoscaler-paymentservice,3,60,1,,,
2026-09-01 13:23:03,autoscaler,customdas-cpu-queue-autoscaler-productcatalogservice,4,60,1,,,
2026-09-01 13:23:03,autoscaler,customdas-cpu-queue-autoscaler-recommendationservice,5,60,1,,,
2026-09-01 13:23:03,autoscaler,customdas-cpu-queue-autoscaler-shippingservice,4,60,1,,,
2026-09-01 13:23:03,node,ze-master-node,2448,4000,,61.2,50.4,
2026-09-01 13:23:03,node,ze-worker-node,2126,2203,,53.1,27.7,
2026-09-01 13:23:11,deployment,adservice,50,176,2,,,
2026-09-01 13:23:11,deployment,cartservice,151,114,3,,,
2026-09-01 13:23:11,deployment,checkoutservice,45,34,3,,,
2026-09-01 13:23:11,deployment,currencyservice,272,191,3,,,
2026-09-01 13:23:11,deployment,emailservice,15,40,1,,,
2026-09-01 13:23:11,deployment,frontend,537,137,11,,,
2026-09-01 13:23:11,http_p95_latency,frontend,,,,,,190.6
2026-09-01 13:23:11,deployment,paymentservice,8,31,1,,,
2026-09-01 13:23:11,deployment,productcatalogservice,293,41,5,,,
2026-09-01 13:23:11,deployment,recommendationservice,218,163,4,,,
2026-09-01 13:23:11,deployment,redis-cart,15,44,1,,,
2026-09-01 13:23:11,deployment,shippingservice,23,9,1,,,
2026-09-01 13:23:11,autoscaler,customdas-cpu-queue-autoscaler-adservice,4,60,1,,,
2026-09-01 13:23:11,autoscaler,customdas-cpu-queue-autoscaler-cartservice,8,60,1,,,
2026-09-01 13:23:11,autoscaler,customdas-cpu-queue-autoscaler-checkoutservice,5,60,1,,,
2026-09-01 13:23:11,autoscaler,customdas-cpu-queue-autoscaler-currencyservice,6,60,1,,,
2026-09-01 13:23:11,autoscaler,customdas-cpu-queue-autoscaler-emailservice,11,60,1,,,
2026-09-01 13:23:11,autoscaler,customdas-cpu-queue-autoscaler-frontend,11,60,1,,,
2026-09-01 13:23:11,autoscaler,customdas-cpu-queue-autoscaler-paymentservice,3,60,1,,,
2026-09-01 13:23:11,autoscaler,customdas-cpu-queue-autoscaler-productcatalogservice,4,60,1,,,
2026-09-01 13:23:11,autoscaler,customdas-cpu-queue-autoscaler-recommendationservice,5,60,1,,,
2026-09-01 13:23:11,autoscaler,customdas-cpu-queue-autoscaler-shippingservice,4,60,1,,,
2026-09-01 13:23:11,node,ze-master-node,2448,4000,,61.2,50.4,
2026-09-01 13:23:11,node,ze-worker-node,2126,2203,,53.1,27.7,
2026-09-01 13:23:20,deployment,adservice,45,176,2,,,
2026-09-01 13:23:20,deployment,cartservice,178,114,3,,,
2026-09-01 13:23:20,deployment,checkoutservice,37,34,3,,,
2026-09-01 13:23:20,deployment,currencyservice,277,191,3,,,
2026-09-01 13:23:20,deployment,emailservice,16,40,1,,,
2026-09-01 13:23:20,deployment,frontend,549,136,11,,,
2026-09-01 13:23:20,http_p95_latency,frontend,,,,,,181.3
2026-09-01 13:23:20,deployment,paymentservice,8,32,1,,,
2026-09-01 13:23:20,deployment,productcatalogservice,301,42,5,,,
2026-09-01 13:23:20,deployment,recommendationservice,214,163,4,,,
2026-09-01 13:23:20,deployment,redis-cart,16,44,1,,,
2026-09-01 13:23:20,deployment,shippingservice,23,9,1,,,
2026-09-01 13:23:20,autoscaler,customdas-cpu-queue-autoscaler-adservice,4,60,1,,,
2026-09-01 13:23:20,autoscaler,customdas-cpu-queue-autoscaler-cartservice,7,60,1,,,
2026-09-01 13:23:20,autoscaler,customdas-cpu-queue-autoscaler-checkoutservice,4,60,1,,,
2026-09-01 13:23:20,autoscaler,customdas-cpu-queue-autoscaler-currencyservice,6,60,1,,,
2026-09-01 13:23:20,autoscaler,customdas-cpu-queue-autoscaler-emailservice,11,60,1,,,
2026-09-01 13:23:20,autoscaler,customdas-cpu-queue-autoscaler-frontend,13,60,1,,,
2026-09-01 13:23:20,autoscaler,customdas-cpu-queue-autoscaler-paymentservice,7,60,1,,,
2026-09-01 13:23:20,autoscaler,customdas-cpu-queue-autoscaler-productcatalogservice,9,60,1,,,
2026-09-01 13:23:20,autoscaler,customdas-cpu-queue-autoscaler-recommendationservice,4,60,1,,,
2026-09-01 13:23:20,autoscaler,customdas-cpu-queue-autoscaler-shippingservice,4,60,1,,,
2026-09-01 13:23:20,node,ze-master-node,2459,3939,,61.5,49.6,
2026-09-01 13:23:20,node,ze-worker-node,2137,2200,,53.4,27.7,
2026-09-01 13:23:28,deployment,adservice,45,176,2,,,
2026-09-01 13:23:28,deployment,cartservice,178,114,3,,,
2026-09-01 13:23:28,deployment,checkoutservice,37,34,3,,,
2026-09-01 13:23:28,deployment,currencyservice,277,191,3,,,
2026-09-01 13:23:28,deployment,emailservice,16,40,1,,,
2026-09-01 13:23:28,deployment,frontend,549,136,11,,,
2026-09-01 13:23:28,http_p95_latency,frontend,,,,,,209.5
2026-09-01 13:23:28,deployment,paymentservice,8,32,1,,,
2026-09-01 13:23:28,deployment,productcatalogservice,301,42,5,,,
2026-09-01 13:23:28,deployment,recommendationservice,214,163,4,,,
2026-09-01 13:23:28,deployment,redis-cart,16,44,1,,,
2026-09-01 13:23:28,deployment,shippingservice,23,9,1,,,
2026-09-01 13:23:28,autoscaler,customdas-cpu-queue-autoscaler-adservice,4,60,1,,,
2026-09-01 13:23:28,autoscaler,customdas-cpu-queue-autoscaler-cartservice,7,60,1,,,
2026-09-01 13:23:28,autoscaler,customdas-cpu-queue-autoscaler-checkoutservice,4,60,1,,,
2026-09-01 13:23:28,autoscaler,customdas-cpu-queue-autoscaler-currencyservice,6,60,1,,,
2026-09-01 13:23:28,autoscaler,customdas-cpu-queue-autoscaler-emailservice,11,60,1,,,
2026-09-01 13:23:28,autoscaler,customdas-cpu-queue-autoscaler-frontend,13,60,1,,,
2026-09-01 13:23:28,autoscaler,customdas-cpu-queue-autoscaler-paymentservice,7,60,1,,,
2026-09-01 13:23:28,autoscaler,customdas-cpu-queue-autoscaler-productcatalogservice,9,60,1,,,
2026-09-01 13:23:28,autoscaler,customdas-cpu-queue-autoscaler-recommendationservice,4,60,1,,,
2026-09-01 13:23:28,autoscaler,customdas-cpu-queue-autoscaler-shippingservice,4,60,1,,,
2026-09-01 13:23:28,node,ze-master-node,2459,3939,,61.5,49.6,
2026-09-01 13:23:28,node,ze-worker-node,2137,2200,,53.4,27.7,
2026-09-01 13:23:36,deployment,adservice,63,176,2,,,
2026-09-01 13:23:36,deployment,cartservice,155,114,3,,,
2026-09-01 13:23:36,deployment,checkoutservice,41,33,3,,,
2026-09-01 13:23:36,deployment,currencyservice,307,188,3,,,
2026-09-01 13:23:36,deployment,emailservice,16,40,1,,,
2026-09-01 13:23:36,deployment,frontend,611,137,11,,,
2026-09-01 13:23:36,http_p95_latency,frontend,,,,,,209.5
2026-09-01 13:23:36,deployment,paymentservice,10,32,1,,,
2026-09-01 13:23:36,deployment,productcatalogservice,326,45,5,,,
2026-09-01 13:23:36,deployment,recommendationservice,237,163,4,,,
2026-09-01 13:23:36,deployment,redis-cart,16,44,1,,,
2026-09-01 13:23:36,deployment,shippingservice,24,9,1,,,
2026-09-01 13:23:36,autoscaler,customdas-cpu-queue-autoscaler-adservice,4,60,1,,,
2026-09-01 13:23:36,autoscaler,customdas-cpu-queue-autoscaler-cartservice,4,60,1,,,
2026-09-01 13:23:36,autoscaler,customdas-cpu-queue-autoscaler-checkoutservice,4,60,1,,,
2026-09-01 13:23:36,autoscaler,customdas-cpu-queue-autoscaler-currencyservice,3,60,1,,,
2026-09-01 13:23:36,autoscaler,customdas-cpu-queue-autoscaler-emailservice,3,60,1,,,
2026-09-01 13:23:36,autoscaler,customdas-cpu-queue-autoscaler-frontend,14,60,1,,,
2026-09-01 13:23:36,autoscaler,customdas-cpu-queue-autoscaler-paymentservice,3,60,1,,,
2026-09-01 13:23:36,autoscaler,customdas-cpu-queue-autoscaler-productcatalogservice,6,60,1,,,
2026-09-01 13:23:36,autoscaler,customdas-cpu-queue-autoscaler-recommendationservice,4,60,1,,,
2026-09-01 13:23:36,autoscaler,customdas-cpu-queue-autoscaler-shippingservice,3,60,1,,,
2026-09-01 13:23:36,node,ze-master-node,2696,3932,,67.4,49.5,
2026-09-01 13:23:36,node,ze-worker-node,2296,2206,,57.4,27.8,
2026-09-01 13:23:45,deployment,adservice,63,176,2,,,
2026-09-01 13:23:45,deployment,cartservice,155,114,3,,,
2026-09-01 13:23:45,deployment,checkoutservice,41,33,3,,,
2026-09-01 13:23:45,deployment,currencyservice,307,188,3,,,
2026-09-01 13:23:45,deployment,emailservice,16,40,1,,,
2026-09-01 13:23:45,deployment,frontend,611,137,11,,,
2026-09-01 13:23:45,http_p95_latency,frontend,,,,,,215.6
2026-09-01 13:23:45,deployment,paymentservice,10,32,1,,,
2026-09-01 13:23:45,deployment,productcatalogservice,326,45,5,,,
2026-09-01 13:23:45,deployment,recommendationservice,237,163,4,,,
2026-09-01 13:23:45,deployment,redis-cart,16,44,1,,,
2026-09-01 13:23:45,deployment,shippingservice,24,9,1,,,
2026-09-01 13:23:45,autoscaler,customdas-cpu-queue-autoscaler-adservice,4,60,1,,,
2026-09-01 13:23:45,autoscaler,customdas-cpu-queue-autoscaler-cartservice,4,60,1,,,
2026-09-01 13:23:45,autoscaler,customdas-cpu-queue-autoscaler-checkoutservice,4,60,1,,,
2026-09-01 13:23:45,autoscaler,customdas-cpu-queue-autoscaler-currencyservice,3,60,1,,,
2026-09-01 13:23:45,autoscaler,customdas-cpu-queue-autoscaler-emailservice,3,60,1,,,
2026-09-01 13:23:45,autoscaler,customdas-cpu-queue-autoscaler-frontend,14,60,1,,,
2026-09-01 13:23:45,autoscaler,customdas-cpu-queue-autoscaler-paymentservice,3,60,1,,,
2026-09-01 13:23:45,autoscaler,customdas-cpu-queue-autoscaler-productcatalogservice,6,60,1,,,
2026-09-01 13:23:45,autoscaler,customdas-cpu-queue-autoscaler-recommendationservice,4,60,1,,,
2026-09-01 13:23:45,autoscaler,customdas-cpu-queue-autoscaler-shippingservice,3,60,1,,,
2026-09-01 13:23:45,node,ze-master-node,2696,3932,,67.4,49.5,
2026-09-01 13:23:45,node,ze-worker-node,2296,2206,,57.4,27.8,
2026-09-01 13:23:52,deployment,adservice,48,176,2,,,
2026-09-01 13:23:52,deployment,cartservice,155,114,3,,,
2026-09-01 13:23:52,deployment,checkoutservice,36,33,3,,,
2026-09-01 13:23:52,deployment,currencyservice,296,188,3,,,
2026-09-01 13:23:52,deployment,emailservice,14,40,1,,,
2026-09-01 13:23:52,deployment,frontend,613,137,11,,,
2026-09-01 13:23:52,http_p95_latency,frontend,,,,,,215.6
2026-09-01 13:23:52,deployment,paymentservice,10,31,1,,,
2026-09-01 13:23:52,deployment,productcatalogservice,335,42,5,,,
2026-09-01 13:23:52,deployment,recommendationservice,250,163,4,,,
2026-09-01 13:23:52,deployment,redis-cart,16,44,1,,,
2026-09-01 13:23:52,deployment,shippingservice,27,9,1,,,
2026-09-01 13:23:52,autoscaler,customdas-cpu-queue-autoscaler-adservice,5,60,1,,,
2026-09-01 13:23:52,autoscaler,customdas-cpu-queue-autoscaler-cartservice,5,60,1,,,
2026-09-01 13:23:52,autoscaler,customdas-cpu-queue-autoscaler-checkoutservice,7,60,1,,,
2026-09-01 13:23:52,autoscaler,customdas-cpu-queue-autoscaler-currencyservice,5,60,1,,,
2026-09-01 13:23:52,autoscaler,customdas-cpu-queue-autoscaler-emailservice,3,60,1,,,
2026-09-01 13:23:52,autoscaler,customdas-cpu-queue-autoscaler-frontend,17,60,1,,,
2026-09-01 13:23:52,autoscaler,customdas-cpu-queue-autoscaler-paymentservice,2,60,1,,,
2026-09-01 13:23:52,autoscaler,customdas-cpu-queue-autoscaler-productcatalogservice,7,60,1,,,
2026-09-01 13:23:52,autoscaler,customdas-cpu-queue-autoscaler-recommendationservice,4,60,1,,,
2026-09-01 13:23:52,autoscaler,customdas-cpu-queue-autoscaler-shippingservice,5,60,1,,,
2026-09-01 13:23:52,node,ze-master-node,2775,3927,,69.4,49.5,
2026-09-01 13:23:52,node,ze-worker-node,2301,2207,,57.5,27.8,
2026-09-01 13:23:59,deployment,adservice,48,176,2,,,
2026-09-01 13:23:59,deployment,cartservice,155,114,3,,,
2026-09-01 13:23:59,deployment,checkoutservice,36,33,3,,,
2026-09-01 13:23:59,deployment,currencyservice,296,188,3,,,
2026-09-01 13:23:59,deployment,emailservice,14,40,1,,,
2026-09-01 13:23:59,deployment,frontend,613,137,11,,,
2026-09-01 13:23:59,http_p95_latency,frontend,,,,,,216.4
2026-09-01 13:23:59,deployment,paymentservice,10,31,1,,,
2026-09-01 13:23:59,deployment,productcatalogservice,335,42,5,,,
2026-09-01 13:23:59,deployment,recommendationservice,250,163,4,,,
2026-09-01 13:23:59,deployment,redis-cart,16,44,1,,,
2026-09-01 13:23:59,deployment,shippingservice,27,9,1,,,
2026-09-01 13:23:59,autoscaler,customdas-cpu-queue-autoscaler-adservice,5,60,1,,,
2026-09-01 13:23:59,autoscaler,customdas-cpu-queue-autoscaler-cartservice,5,60,1,,,
2026-09-01 13:23:59,autoscaler,customdas-cpu-queue-autoscaler-checkoutservice,7,60,1,,,
2026-09-01 13:23:59,autoscaler,customdas-cpu-queue-autoscaler-currencyservice,5,60,1,,,
2026-09-01 13:23:59,autoscaler,customdas-cpu-queue-autoscaler-emailservice,3,60,1,,,
2026-09-01 13:23:59,autoscaler,customdas-cpu-queue-autoscaler-frontend,17,60,1,,,
2026-09-01 13:23:59,autoscaler,customdas-cpu-queue-autoscaler-paymentservice,2,60,1,,,
2026-09-01 13:23:59,autoscaler,customdas-cpu-queue-autoscaler-productcatalogservice,7,60,1,,,
2026-09-01 13:23:59,autoscaler,customdas-cpu-queue-autoscaler-recommendationservice,4,60,1,,,
2026-09-01 13:23:59,autoscaler,customdas-cpu-queue-autoscaler-shippingservice,5,60,1,,,
2026-09-01 13:23:59,node,ze-master-node,2775,3927,,69.4,49.5,
2026-09-01 13:23:59,node,ze-worker-node,2301,2207,,57.5,27.8,
2026-09-01 13:24:07,deployment,adservice,56,176,2,,,
2026-09-01 13:24:07,deployment,cartservice,196,114,3,,,
2026-09-01 13:24:07,deployment,checkoutservice,46,33,3,,,
2026-09-01 13:24:07,deployment,currencyservice,302,189,3,,,
2026-09-01 13:24:07,deployment,emailservice,17,40,1,,,
2026-09-01 13:24:07,deployment,frontend,649,136,11,,,
2026-09-01 13:24:07,http_p95_latency,frontend,,,,,,216.4
2026-09-01 13:24:07,deployment,paymentservice,10,31,1,,,
2026-09-01 13:24:07,deployment,productcatalogservice,332,41,5,,,
2026-09-01 13:24:07,deployment,recommendationservice,252,163,4,,,
2026-09-01 13:24:07,deployment,redis-cart,17,44,1,,,
2026-09-01 13:24:07,deployment,shippingservice,31,10,1,,,
2026-09-01 13:24:07,autoscaler,customdas-cpu-queue-autoscaler-adservice,3,60,1,,,
2026-09-01 13:24:07,autoscaler,customdas-cpu-queue-autoscaler-cartservice,3,60,1,,,
2026-09-01 13:24:07,autoscaler,customdas-cpu-queue-autoscaler-checkoutservice,6,60,1,,,
2026-09-01 13:24:07,autoscaler,customdas-cpu-queue-autoscaler-currencyservice,5,60,1,,,
2026-09-01 13:24:07,autoscaler,customdas-cpu-queue-autoscaler-emailservice,3,60,1,,,
2026-09-01 13:24:07,autoscaler,customdas-cpu-queue-autoscaler-frontend,8,60,1,,,
2026-09-01 13:24:07,autoscaler,customdas-cpu-queue-autoscaler-paymentservice,5,60,1,,,
2026-09-01 13:24:07,autoscaler,customdas-cpu-queue-autoscaler-productcatalogservice,7,60,1,,,
2026-09-01 13:24:07,autoscaler,customdas-cpu-queue-autoscaler-recommendationservice,15,60,1,,,
2026-09-01 13:24:07,autoscaler,customdas-cpu-queue-autoscaler-shippingservice,3,60,1,,,
2026-09-01 13:24:07,node,ze-master-node,2780,3931,,69.5,49.5,
2026-09-01 13:24:07,node,ze-worker-node,2311,2206,,57.8,27.8,
2026-09-01 13:24:15,deployment,adservice,56,176,2,,,
2026-09-01 13:24:15,deployment,cartservice,196,114,3,,,
2026-09-01 13:24:15,deployment,checkoutservice,46,33,3,,,
2026-09-01 13:24:15,deployment,currencyservice,302,189,3,,,
2026-09-01 13:24:15,deployment,emailservice,17,40,1,,,
2026-09-01 13:24:15,deployment,frontend,649,136,11,,,
2026-09-01 13:24:15,http_p95_latency,frontend,,,,,,207.9
2026-09-01 13:24:15,deployment,paymentservice,10,31,1,,,
2026-09-01 13:24:15,deployment,productcatalogservice,332,41,5,,,
2026-09-01 13:24:15,deployment,recommendationservice,252,163,4,,,
2026-09-01 13:24:15,deployment,redis-cart,17,44,1,,,
2026-09-01 13:24:15,deployment,shippingservice,31,10,1,,,
2026-09-01 13:24:15,autoscaler,customdas-cpu-queue-autoscaler-adservice,3,60,1,,,
2026-09-01 13:24:15,autoscaler,customdas-cpu-queue-autoscaler-cartservice,3,60,1,,,
2026-09-01 13:24:15,autoscaler,customdas-cpu-queue-autoscaler-checkoutservice,6,60,1,,,
2026-09-01 13:24:15,autoscaler,customdas-cpu-queue-autoscaler-currencyservice,5,60,1,,,
2026-09-01 13:24:15,autoscaler,customdas-cpu-queue-autoscaler-emailservice,3,60,1,,,
2026-09-01 13:24:15,autoscaler,customdas-cpu-queue-autoscaler-frontend,8,60,1,,,
2026-09-01 13:24:15,autoscaler,customdas-cpu-queue-autoscaler-paymentservice,5,60,1,,,
2026-09-01 13:24:15,autoscaler,customdas-cpu-queue-autoscaler-productcatalogservice,7,60,1,,,
2026-09-01 13:24:15,autoscaler,customdas-cpu-queue-autoscaler-recommendationservice,15,60,1,,,
2026-09-01 13:24:15,autoscaler,customdas-cpu-queue-autoscaler-shippingservice,3,60,1,,,
2026-09-01 13:24:15,node,ze-master-node,2780,3931,,69.5,49.5,
2026-09-01 13:24:15,node,ze-worker-node,2311,2206,,57.8,27.8,
2026-09-01 13:24:22,deployment,adservice,59,176,2,,,
2026-09-01 13:24:22,deployment,cartservice,190,114,3,,,
2026-09-01 13:24:22,deployment,checkoutservice,47,34,3,,,
2026-09-01 13:24:22,deployment,currencyservice,317,194,3,,,
2026-09-01 13:24:22,deployment,emailservice,17,40,1,,,
2026-09-01 13:24:22,deployment,frontend,655,137,11,,,
2026-09-01 13:24:22,http_p95_latency,frontend,,,,,,207.9
2026-09-01 13:24:22,deployment,paymentservice,11,31,1,,,
2026-09-01 13:24:22,deployment,productcatalogservice,344,41,5,,,
2026-09-01 13:24:22,deployment,recommendationservice,252,163,4,,,
2026-09-01 13:24:22,deployment,redis-cart,17,44,1,,,
2026-09-01 13:24:22,deployment,shippingservice,30,9,1,,,
2026-09-01 13:24:22,autoscaler,customdas-cpu-queue-autoscaler-adservice,6,60,1,,,
2026-09-01 13:24:22,autoscaler,customdas-cpu-queue-autoscaler-cartservice,7,60,1,,,
2026-09-01 13:24:22,autoscaler,customdas-cpu-queue-autoscaler-checkoutservice,6,60,1,,,
2026-09-01 13:24:22,autoscaler,customdas-cpu-queue-autoscaler-currencyservice,9,60,1,,,
2026-09-01 13:24:22,autoscaler,customdas-cpu-queue-autoscaler-emailservice,5,60,1,,,
2026-09-01 13:24:22,autoscaler,customdas-cpu-queue-autoscaler-frontend,17,60,1,,,
2026-09-01 13:24:22,autoscaler,customdas-cpu-queue-autoscaler-paymentservice,3,60,1,,,
2026-09-01 13:24:22,autoscaler,customdas-cpu-queue-autoscaler-productcatalogservice,4,60,1,,,
2026-09-01 13:24:22,autoscaler,customdas-cpu-queue-autoscaler-recommendationservice,5,60,1,,,
2026-09-01 13:24:22,autoscaler,customdas-cpu-queue-autoscaler-shippingservice,5,60,1,,,
2026-09-01 13:24:22,node,ze-master-node,2720,3943,,68.0,49.7,
2026-09-01 13:24:22,node,ze-worker-node,2408,2201,,60.2,27.7,
2026-09-01 13:24:30,deployment,adservice,59,176,2,,,
2026-09-01 13:24:30,deployment,cartservice,190,114,3,,,
2026-09-01 13:24:30,deployment,checkoutservice,47,34,3,,,
2026-09-01 13:24:30,deployment,currencyservice,317,194,3,,,
2026-09-01 13:24:30,deployment,emailservice,17,40,1,,,
2026-09-01 13:24:30,deployment,frontend,655,137,11,,,
2026-09-01 13:24:30,http_p95_latency,frontend,,,,,,221.5
2026-09-01 13:24:30,deployment,paymentservice,11,31,1,,,
2026-09-01 13:24:30,deployment,productcatalogservice,344,41,5,,,
2026-09-01 13:24:30,deployment,recommendationservice,252,163,4,,,
2026-09-01 13:24:30,deployment,redis-cart,17,44,1,,,
2026-09-01 13:24:30,deployment,shippingservice,30,9,1,,,
2026-09-01 13:24:30,autoscaler,customdas-cpu-queue-autoscaler-adservice,6,60,1,,,
2026-09-01 13:24:30,autoscaler,customdas-cpu-queue-autoscaler-cartservice,7,60,1,,,
2026-09-01 13:24:30,autoscaler,customdas-cpu-queue-autoscaler-checkoutservice,6,60,1,,,
2026-09-01 13:24:30,autoscaler,customdas-cpu-queue-autoscaler-currencyservice,9,60,1,,,
2026-09-01 13:24:30,autoscaler,customdas-cpu-queue-autoscaler-emailservice,5,60,1,,,
2026-09-01 13:24:30,autoscaler,customdas-cpu-queue-autoscaler-frontend,17,60,1,,,
2026-09-01 13:24:30,autoscaler,customdas-cpu-queue-autoscaler-paymentservice,3,60,1,,,
2026-09-01 13:24:30,autoscaler,customdas-cpu-queue-autoscaler-productcatalogservice,4,60,1,,,
2026-09-01 13:24:30,autoscaler,customdas-cpu-queue-autoscaler-recommendationservice,5,60,1,,,
2026-09-01 13:24:30,autoscaler,customdas-cpu-queue-autoscaler-shippingservice,5,60,1,,,
2026-09-01 13:24:30,node,ze-master-node,2720,3943,,73.0,50.1,
2026-09-01 13:24:30,node,ze-worker-node,2481,2213,,62.0,27.9,
2026-09-01 13:24:39,deployment,adservice,62,176,2,,,
2026-09-01 13:24:39,deployment,cartservice,209,114,3,,,
2026-09-01 13:24:39,deployment,checkoutservice,44,33,3,,,
2026-09-01 13:24:39,deployment,currencyservice,342,192,3,,,
2026-09-01 13:24:39,deployment,emailservice,16,40,1,,,
2026-09-01 13:24:39,deployment,frontend,705,137,11,,,
2026-09-01 13:24:39,http_p95_latency,frontend,,,,,,221.5
2026-09-01 13:24:39,deployment,paymentservice,9,32,1,,,
2026-09-01 13:24:39,deployment,productcatalogservice,355,42,5,,,
2026-09-01 13:24:39,deployment,recommendationservice,266,163,4,,,
2026-09-01 13:24:39,deployment,redis-cart,18,44,1,,,
2026-09-01 13:24:39,deployment,shippingservice,29,9,1,,,
2026-09-01 13:24:39,autoscaler,customdas-cpu-queue-autoscaler-adservice,3,60,1,,,
2026-09-01 13:24:39,autoscaler,customdas-cpu-queue-autoscaler-cartservice,2,60,1,,,
2026-09-01 13:24:39,autoscaler,customdas-cpu-queue-autoscaler-checkoutservice,4,60,1,,,
2026-09-01 13:24:39,autoscaler,customdas-cpu-queue-autoscaler-currencyservice,5,60,1,,,
2026-09-01 13:24:39,autoscaler,customdas-cpu-queue-autoscaler-emailservice,4,60,1,,,
2026-09-01 13:24:39,autoscaler,customdas-cpu-queue-autoscaler-frontend,7,60,1,,,
2026-09-01 13:24:39,autoscaler,customdas-cpu-queue-autoscaler-paymentservice,2,60,1,,,
2026-09-01 13:24:39,autoscaler,customdas-cpu-queue-autoscaler-productcatalogservice,8,60,1,,,
2026-09-01 13:24:39,autoscaler,customdas-cpu-queue-autoscaler-recommendationservice,5,60,1,,,
2026-09-01 13:24:39,autoscaler,customdas-cpu-queue-autoscaler-shippingservice,3,60,1,,,
2026-09-01 13:24:39,node,ze-master-node,2920,3976,,73.0,50.1,
2026-09-01 13:24:39,node,ze-worker-node,2481,2213,,62.0,27.9,
2026-09-01 13:24:47,deployment,adservice,62,176,2,,,
2026-09-01 13:24:47,deployment,cartservice,209,114,3,,,
2026-09-01 13:24:47,deployment,checkoutservice,44,33,3,,,
2026-09-01 13:24:47,deployment,currencyservice,342,192,3,,,
2026-09-01 13:24:47,deployment,emailservice,16,40,1,,,
2026-09-01 13:24:47,deployment,frontend,705,137,11,,,
2026-09-01 13:24:47,http_p95_latency,frontend,,,,,,225.3
2026-09-01 13:24:47,deployment,paymentservice,9,32,1,,,
2026-09-01 13:24:47,deployment,productcatalogservice,355,42,5,,,
2026-09-01 13:24:47,deployment,recommendationservice,266,163,4,,,
2026-09-01 13:24:47,deployment,redis-cart,18,44,1,,,
2026-09-01 13:24:47,deployment,shippingservice,29,9,1,,,
2026-09-01 13:24:47,autoscaler,customdas-cpu-queue-autoscaler-adservice,3,60,1,,,
2026-09-01 13:24:47,autoscaler,customdas-cpu-queue-autoscaler-cartservice,2,60,1,,,
2026-09-01 13:24:47,autoscaler,customdas-cpu-queue-autoscaler-checkoutservice,4,60,1,,,
2026-09-01 13:24:47,autoscaler,customdas-cpu-queue-autoscaler-currencyservice,5,60,1,,,
2026-09-01 13:24:47,autoscaler,customdas-cpu-queue-autoscaler-emailservice,4,60,1,,,
2026-09-01 13:24:47,autoscaler,customdas-cpu-queue-autoscaler-frontend,7,60,1,,,
2026-09-01 13:24:47,autoscaler,customdas-cpu-queue-autoscaler-paymentservice,3,60,1,,,
2026-09-01 13:24:47,autoscaler,customdas-cpu-queue-autoscaler-productcatalogservice,6,60,1,,,
2026-09-01 13:24:47,autoscaler,customdas-cpu-queue-autoscaler-recommendationservice,7,60,1,,,
2026-09-01 13:24:47,autoscaler,customdas-cpu-queue-autoscaler-shippingservice,7,60,1,,,
2026-09-01 13:24:47,node,ze-master-node,2814,3971,,70.3,50.0,
2026-09-01 13:24:47,node,ze-worker-node,2496,2210,,62.4,27.8,
2026-09-01 13:24:56,deployment,adservice,60,176,2,,,
2026-09-01 13:24:56,deployment,cartservice,196,114,3,,,
2026-09-01 13:24:56,deployment,checkoutservice,43,34,3,,,
2026-09-01 13:24:56,deployment,currencyservice,334,189,3,,,
2026-09-01 13:24:56,deployment,emailservice,16,40,1,,,
2026-09-01 13:24:56,deployment,frontend,698,137,11,,,
2026-09-01 13:24:56,http_p95_latency,frontend,,,,,,225.3
2026-09-01 13:24:56,deployment,paymentservice,12,31,1,,,
2026-09-01 13:24:56,deployment,productcatalogservice,368,42,5,,,
2026-09-01 13:24:56,deployment,recommendationservice,274,163,4,,,
2026-09-01 13:24:56,deployment,redis-cart,18,44,1,,,
2026-09-01 13:24:56,deployment,shippingservice,28,9,1,,,
2026-09-01 13:24:56,autoscaler,customdas-cpu-queue-autoscaler-adservice,5,60,1,,,
2026-09-01 13:24:56,autoscaler,customdas-cpu-queue-autoscaler-cartservice,5,60,1,,,
2026-09-01 13:24:56,autoscaler,customdas-cpu-queue-autoscaler-checkoutservice,4,60,1,,,
2026-09-01 13:24:56,autoscaler,customdas-cpu-queue-autoscaler-currencyservice,7,60,1,,,
2026-09-01 13:24:56,autoscaler,customdas-cpu-queue-autoscaler-emailservice,3,60,1,,,
2026-09-01 13:24:56,autoscaler,customdas-cpu-queue-autoscaler-frontend,7,60,1,,,
2026-09-01 13:24:56,autoscaler,customdas-cpu-queue-autoscaler-paymentservice,3,60,1,,,
2026-09-01 13:24:56,autoscaler,customdas-cpu-queue-autoscaler-productcatalogservice,6,60,1,,,
2026-09-01 13:24:56,autoscaler,customdas-cpu-queue-autoscaler-recommendationservice,7,60,1,,,
2026-09-01 13:24:56,autoscaler,customdas-cpu-queue-autoscaler-shippingservice,7,60,1,,,
2026-09-01 13:24:56,node,ze-master-node,2814,3971,,70.3,50.0,
2026-09-01 13:24:56,node,ze-worker-node,2496,2210,,62.4,27.8,
2026-09-01 13:25:03,deployment,adservice,60,176,2,,,
2026-09-01 13:25:03,deployment,cartservice,196,114,3,,,
2026-09-01 13:25:03,deployment,checkoutservice,51,33,3,,,
2026-09-01 13:25:03,deployment,currencyservice,335,190,3,,,
2026-09-01 13:25:03,deployment,emailservice,14,40,1,,,
2026-09-01 13:25:03,deployment,frontend,707,137,11,,,
2026-09-01 13:25:03,http_p95_latency,frontend,,,,,,224.4
2026-09-01 13:25:03,deployment,paymentservice,9,32,1,,,
2026-09-01 13:25:03,deployment,productcatalogservice,360,44,5,,,
2026-09-01 13:25:03,deployment,recommendationservice,280,163,4,,,
2026-09-01 13:25:03,deployment,redis-cart,19,44,1,,,
2026-09-01 13:25:03,deployment,shippingservice,29,9,1,,,
2026-09-01 13:25:03,autoscaler,customdas-cpu-queue-autoscaler-adservice,3,60,1,,,
2026-09-01 13:25:03,autoscaler,customdas-cpu-queue-autoscaler-cartservice,6,60,1,,,
2026-09-01 13:25:03,autoscaler,customdas-cpu-queue-autoscaler-checkoutservice,5,60,1,,,
2026-09-01 13:25:03,autoscaler,customdas-cpu-queue-autoscaler-currencyservice,3,60,1,,,
2026-09-01 13:25:03,autoscaler,customdas-cpu-queue-autoscaler-emailservice,3,60,1,,,
2026-09-01 13:25:03,autoscaler,customdas-cpu-queue-autoscaler-frontend,12,60,1,,,
2026-09-01 13:25:03,autoscaler,customdas-cpu-queue-autoscaler-paymentservice,3,60,1,,,
2026-09-01 13:25:03,autoscaler,customdas-cpu-queue-autoscaler-productcatalogservice,5,60,1,,,
2026-09-01 13:25:03,autoscaler,customdas-cpu-queue-autoscaler-recommendationservice,5,60,1,,,
2026-09-01 13:25:03,autoscaler,customdas-cpu-queue-autoscaler-shippingservice,0,60,1,,,
2026-09-01 13:25:03,node,ze-master-node,2797,3988,,69.9,50.2,
2026-09-01 13:25:03,node,ze-worker-node,2555,2206,,63.9,27.8,
2026-09-01 13:25:13,deployment,adservice,63,176,2,,,
2026-09-01 13:25:13,deployment,cartservice,192,114,3,,,
2026-09-01 13:25:13,deployment,checkoutservice,51,33,3,,,
2026-09-01 13:25:13,deployment,currencyservice,335,190,3,,,
2026-09-01 13:25:13,deployment,emailservice,14,40,1,,,
2026-09-01 13:25:13,deployment,frontend,419,90,7,,,
2026-09-01 13:25:13,http_p95_latency,frontend,,,,,,202.2
2026-09-01 13:25:13,deployment,paymentservice,9,32,1,,,
2026-09-01 13:25:13,deployment,productcatalogservice,360,44,5,,,
2026-09-01 13:25:13,deployment,recommendationservice,280,163,4,,,
2026-09-01 13:25:13,deployment,redis-cart,19,44,1,,,
2026-09-01 13:25:13,deployment,shippingservice,29,9,1,,,
2026-09-01 13:25:13,autoscaler,customdas-cpu-queue-autoscaler-adservice,3,60,1,,,
2026-09-01 13:25:13,autoscaler,customdas-cpu-queue-autoscaler-cartservice,6,60,1,,,
2026-09-01 13:25:13,autoscaler,customdas-cpu-queue-autoscaler-checkoutservice,5,60,1,,,
2026-09-01 13:25:13,autoscaler,customdas-cpu-queue-autoscaler-currencyservice,3,60,1,,,
2026-09-01 13:25:13,autoscaler,customdas-cpu-queue-autoscaler-emailservice,3,60,1,,,
2026-09-01 13:25:13,autoscaler,customdas-cpu-queue-autoscaler-frontend,12,60,1,,,
2026-09-01 13:25:13,autoscaler,customdas-cpu-queue-autoscaler-paymentservice,3,60,1,,,
2026-09-01 13:25:13,autoscaler,customdas-cpu-queue-autoscaler-productcatalogservice,5,60,1,,,
2026-09-01 13:25:13,autoscaler,customdas-cpu-queue-autoscaler-recommendationservice,5,60,1,,,
2026-09-01 13:25:13,autoscaler,customdas-cpu-queue-autoscaler-shippingservice,0,60,1,,,
2026-09-01 13:25:13,node,ze-master-node,2797,3988,,69.9,50.2,
2026-09-01 13:25:13,node,ze-worker-node,2555,2206,,63.9,27.8,
2026-09-01 13:25:24,deployment,adservice,65,176,2,,,
2026-09-01 13:25:24,deployment,cartservice,204,114,3,,,
2026-09-01 13:25:24,deployment,checkoutservice,43,33,3,,,
2026-09-01 13:25:24,deployment,currencyservice,368,190,3,,,
2026-09-01 13:25:24,deployment,emailservice,17,40,1,,,
2026-09-01 13:25:24,deployment,frontend,516,90,7,,,
2026-09-01 13:25:24,http_p95_latency,frontend,,,,,,202.2
2026-09-01 13:25:24,deployment,paymentservice,10,32,1,,,
2026-09-01 13:25:24,deployment,productcatalogservice,364,41,5,,,
2026-09-01 13:25:24,deployment,recommendationservice,277,163,4,,,
2026-09-01 13:25:24,deployment,redis-cart,19,44,1,,,
2026-09-01 13:25:24,deployment,shippingservice,28,9,1,,,
2026-09-01 13:25:24,autoscaler,customdas-cpu-queue-autoscaler-adservice,3,60,1,,,
2026-09-01 13:25:24,autoscaler,customdas-cpu-queue-autoscaler-cartservice,6,60,1,,,
2026-09-01 13:25:24,autoscaler,customdas-cpu-queue-autoscaler-checkoutservice,4,60,1,,,
2026-09-01 13:25:24,autoscaler,customdas-cpu-queue-autoscaler-currencyservice,8,60,1,,,
2026-09-01 13:25:24,autoscaler,customdas-cpu-queue-autoscaler-emailservice,5,60,1,,,
2026-09-01 13:25:24,autoscaler,customdas-cpu-queue-autoscaler-frontend,15,60,1,,,
2026-09-01 13:25:24,autoscaler,customdas-cpu-queue-autoscaler-paymentservice,4,60,1,,,
2026-09-01 13:25:24,autoscaler,customdas-cpu-queue-autoscaler-productcatalogservice,6,60,1,,,
2026-09-01 13:25:24,autoscaler,customdas-cpu-queue-autoscaler-recommendationservice,6,60,1,,,
2026-09-01 13:25:24,autoscaler,customdas-cpu-queue-autoscaler-shippingservice,4,60,1,,,
2026-09-01 13:25:24,node,ze-master-node,3025,3998,,75.6,50.3,
2026-09-01 13:25:24,node,ze-worker-node,2648,2139,,66.2,26.9,
2026-09-01 13:25:34,deployment,adservice,71,176,2,,,
2026-09-01 13:25:34,deployment,cartservice,215,114,3,,,
2026-09-01 13:25:34,deployment,checkoutservice,52,33,3,,,
2026-09-01 13:25:34,deployment,currencyservice,404,190,3,,,
2026-09-01 13:25:34,deployment,emailservice,17,40,1,,,
2026-09-01 13:25:34,deployment,frontend,728,90,7,,,
2026-09-01 13:25:34,http_p95_latency,frontend,,,,,,227.3
2026-09-01 13:25:34,deployment,paymentservice,11,32,1,,,
2026-09-01 13:25:34,deployment,productcatalogservice,402,41,5,,,
2026-09-01 13:25:34,deployment,recommendationservice,304,163,4,,,
2026-09-01 13:25:34,deployment,redis-cart,54,47,1,,,
2026-09-01 13:25:34,deployment,shippingservice,33,9,1,,,
2026-09-01 13:25:34,autoscaler,customdas-cpu-queue-autoscaler-adservice,3,60,1,,,
2026-09-01 13:25:34,autoscaler,customdas-cpu-queue-autoscaler-cartservice,5,60,1,,,
2026-09-01 13:25:34,autoscaler,customdas-cpu-queue-autoscaler-checkoutservice,4,60,1,,,
2026-09-01 13:25:34,autoscaler,customdas-cpu-queue-autoscaler-currencyservice,5,60,1,,,
2026-09-01 13:25:34,autoscaler,customdas-cpu-queue-autoscaler-emailservice,4,60,1,,,
2026-09-01 13:25:34,autoscaler,customdas-cpu-queue-autoscaler-frontend,6,60,1,,,
2026-09-01 13:25:34,autoscaler,customdas-cpu-queue-autoscaler-paymentservice,4,60,1,,,
2026-09-01 13:25:34,autoscaler,customdas-cpu-queue-autoscaler-productcatalogservice,5,60,1,,,
2026-09-01 13:25:34,autoscaler,customdas-cpu-queue-autoscaler-recommendationservice,6,60,1,,,
2026-09-01 13:25:34,autoscaler,customdas-cpu-queue-autoscaler-shippingservice,6,60,1,,,
2026-09-01 13:25:34,node,ze-master-node,3317,4010,,82.9,50.5,
2026-09-01 13:25:34,node,ze-worker-node,2497,2140,,62.4,26.9,
2026-09-01 13:25:45,deployment,adservice,71,176,2,,,
2026-09-01 13:25:45,deployment,cartservice,215,114,3,,,
2026-09-01 13:25:45,deployment,checkoutservice,52,33,3,,,
2026-09-01 13:25:45,deployment,currencyservice,404,190,3,,,
2026-09-01 13:25:45,deployment,emailservice,17,40,1,,,
2026-09-01 13:25:45,deployment,frontend,728,90,7,,,
2026-09-01 13:25:45,http_p95_latency,frontend,,,,,,241.4
2026-09-01 13:25:45,deployment,paymentservice,11,32,1,,,
2026-09-01 13:25:45,deployment,productcatalogservice,402,41,5,,,
2026-09-01 13:25:45,deployment,recommendationservice,304,163,4,,,
2026-09-01 13:25:45,deployment,redis-cart,29,44,1,,,
2026-09-01 13:25:45,deployment,shippingservice,32,9,1,,,
2026-09-01 13:25:45,autoscaler,customdas-cpu-queue-autoscaler-adservice,3,60,1,,,
2026-09-01 13:25:45,autoscaler,customdas-cpu-queue-autoscaler-cartservice,4,60,1,,,
2026-09-01 13:25:45,autoscaler,customdas-cpu-queue-autoscaler-checkoutservice,4,60,1,,,
2026-09-01 13:25:45,autoscaler,customdas-cpu-queue-autoscaler-currencyservice,5,60,1,,,
2026-09-01 13:25:45,autoscaler,customdas-cpu-queue-autoscaler-emailservice,3,60,1,,,
2026-09-01 13:25:45,autoscaler,customdas-cpu-queue-autoscaler-frontend,9,60,1,,,
2026-09-01 13:25:45,autoscaler,customdas-cpu-queue-autoscaler-paymentservice,4,60,1,,,
2026-09-01 13:25:45,autoscaler,customdas-cpu-queue-autoscaler-productcatalogservice,7,60,1,,,
2026-09-01 13:25:45,autoscaler,customdas-cpu-queue-autoscaler-recommendationservice,6,60,1,,,
2026-09-01 13:25:45,autoscaler,customdas-cpu-queue-autoscaler-shippingservice,5,60,1,,,
2026-09-01 13:25:45,node,ze-master-node,3509,4012,,87.7,50.5,
2026-09-01 13:25:45,node,ze-worker-node,2549,2132,,63.7,26.8,
2026-09-01 13:25:57,deployment,adservice,73,176,2,,,
2026-09-01 13:25:57,deployment,cartservice,207,115,3,,,
2026-09-01 13:25:57,deployment,checkoutservice,49,33,3,,,
2026-09-01 13:25:57,deployment,currencyservice,407,189,3,,,
2026-09-01 13:25:57,deployment,emailservice,16,40,1,,,
2026-09-01 13:25:57,deployment,frontend,755,91,8,,,
2026-09-01 13:25:57,http_p95_latency,frontend,,,,,,258.8
2026-09-01 13:25:57,deployment,paymentservice,9,32,1,,,
2026-09-01 13:25:57,deployment,productcatalogservice,419,41,5,,,
2026-09-01 13:25:57,deployment,recommendationservice,317,163,4,,,
2026-09-01 13:25:57,deployment,redis-cart,29,44,1,,,
2026-09-01 13:25:57,deployment,shippingservice,32,9,1,,,
2026-09-01 13:25:57,autoscaler,customdas-cpu-queue-autoscaler-adservice,3,60,1,,,
2026-09-01 13:25:57,autoscaler,customdas-cpu-queue-autoscaler-cartservice,4,60,1,,,
2026-09-01 13:25:57,autoscaler,customdas-cpu-queue-autoscaler-checkoutservice,4,60,1,,,
2026-09-01 13:25:57,autoscaler,customdas-cpu-queue-autoscaler-currencyservice,5,60,1,,,
2026-09-01 13:25:57,autoscaler,customdas-cpu-queue-autoscaler-emailservice,3,60,1,,,
2026-09-01 13:25:57,autoscaler,customdas-cpu-queue-autoscaler-frontend,9,60,1,,,
2026-09-01 13:25:57,autoscaler,customdas-cpu-queue-autoscaler-paymentservice,4,60,1,,,
2026-09-01 13:25:57,autoscaler,customdas-cpu-queue-autoscaler-productcatalogservice,7,60,1,,,
2026-09-01 13:25:57,autoscaler,customdas-cpu-queue-autoscaler-recommendationservice,6,60,1,,,
2026-09-01 13:25:57,autoscaler,customdas-cpu-queue-autoscaler-shippingservice,5,60,1,,,
2026-09-01 13:25:57,node,ze-master-node,3509,4012,,87.7,50.5,
2026-09-01 13:25:57,node,ze-worker-node,2549,2132,,63.7,26.8,
2026-09-01 13:26:07,deployment,adservice,74,176,2,,,
2026-09-01 13:26:07,deployment,cartservice,224,114,3,,,
2026-09-01 13:26:07,deployment,checkoutservice,51,33,3,,,
2026-09-01 13:26:07,deployment,currencyservice,404,190,3,,,
2026-09-01 13:26:07,deployment,emailservice,16,40,1,,,
2026-09-01 13:26:07,deployment,frontend,747,90,8,,,
2026-09-01 13:26:07,http_p95_latency,frontend,,,,,,258.8
2026-09-01 13:26:07,deployment,paymentservice,11,32,1,,,
2026-09-01 13:26:07,deployment,productcatalogservice,420,41,5,,,
2026-09-01 13:26:07,deployment,recommendationservice,330,163,4,,,
2026-09-01 13:26:07,deployment,redis-cart,21,44,1,,,
2026-09-01 13:26:07,deployment,shippingservice,36,9,1,,,
2026-09-01 13:26:07,autoscaler,customdas-cpu-queue-autoscaler-adservice,3,60,1,,,
2026-09-01 13:26:07,autoscaler,customdas-cpu-queue-autoscaler-cartservice,4,60,1,,,
2026-09-01 13:26:07,autoscaler,customdas-cpu-queue-autoscaler-checkoutservice,7,60,1,,,
2026-09-01 13:26:07,autoscaler,customdas-cpu-queue-autoscaler-currencyservice,4,60,1,,,
2026-09-01 13:26:07,autoscaler,customdas-cpu-queue-autoscaler-emailservice,4,60,1,,,
2026-09-01 13:26:07,autoscaler,customdas-cpu-queue-autoscaler-frontend,9,60,1,,,
2026-09-01 13:26:07,autoscaler,customdas-cpu-queue-autoscaler-paymentservice,3,60,1,,,
2026-09-01 13:26:07,autoscaler,customdas-cpu-queue-autoscaler-productcatalogservice,0,60,1,,,
2026-09-01 13:26:07,autoscaler,customdas-cpu-queue-autoscaler-recommendationservice,6,60,1,,,
2026-09-01 13:26:07,autoscaler,customdas-cpu-queue-autoscaler-shippingservice,4,60,1,,,
2026-09-01 13:26:07,node,ze-master-node,3536,4024,,88.4,50.7,
2026-09-01 13:26:07,node,ze-worker-node,2552,2155,,63.8,27.1,
2026-09-01 13:26:18,deployment,adservice,74,176,2,,,
2026-09-01 13:26:18,deployment,cartservice,224,114,3,,,
2026-09-01 13:26:18,deployment,checkoutservice,51,33,3,,,
2026-09-01 13:26:18,deployment,currencyservice,404,190,3,,,
2026-09-01 13:26:18,deployment,emailservice,16,40,1,,,
2026-09-01 13:26:18,deployment,frontend,747,90,9,,,
2026-09-01 13:26:18,http_p95_latency,frontend,,,,,,274.3
2026-09-01 13:26:18,deployment,paymentservice,11,32,1,,,
2026-09-01 13:26:18,deployment,productcatalogservice,420,41,5,,,
2026-09-01 13:26:18,deployment,recommendationservice,341,165,4,,,
2026-09-01 13:26:18,deployment,redis-cart,20,44,1,,,
2026-09-01 13:26:18,deployment,shippingservice,36,9,1,,,
2026-09-01 13:26:18,autoscaler,customdas-cpu-queue-autoscaler-adservice,4,60,1,,,
2026-09-01 13:26:18,autoscaler,customdas-cpu-queue-autoscaler-cartservice,6,60,1,,,
2026-09-01 13:26:18,autoscaler,customdas-cpu-queue-autoscaler-checkoutservice,4,60,1,,,
2026-09-01 13:26:18,autoscaler,customdas-cpu-queue-autoscaler-currencyservice,4,60,1,,,
2026-09-01 13:26:18,autoscaler,customdas-cpu-queue-autoscaler-emailservice,8,60,1,,,
2026-09-01 13:26:18,autoscaler,customdas-cpu-queue-autoscaler-frontend,9,60,1,,,
2026-09-01 13:26:18,autoscaler,customdas-cpu-queue-autoscaler-paymentservice,2,60,1,,,
2026-09-01 13:26:18,autoscaler,customdas-cpu-queue-autoscaler-productcatalogservice,6,60,1,,,
2026-09-01 13:26:18,autoscaler,customdas-cpu-queue-autoscaler-recommendationservice,8,60,1,,,
2026-09-01 13:26:18,autoscaler,customdas-cpu-queue-autoscaler-shippingservice,4,60,1,,,
2026-09-01 13:26:18,node,ze-master-node,3555,4026,,88.9,50.7,
2026-09-01 13:26:18,node,ze-worker-node,2683,2177,,67.1,27.4,
2026-09-01 13:26:27,deployment,adservice,74,176,2,,,
2026-09-01 13:26:27,deployment,cartservice,248,114,3,,,
2026-09-01 13:26:27,deployment,checkoutservice,67,34,3,,,
2026-09-01 13:26:27,deployment,currencyservice,416,192,3,,,
2026-09-01 13:26:27,deployment,emailservice,19,40,1,,,
2026-09-01 13:26:27,deployment,frontend,751,99,9,,,
2026-09-01 13:26:27,http_p95_latency,frontend,,,,,,269.9
2026-09-01 13:26:27,deployment,paymentservice,13,32,1,,,
2026-09-01 13:26:27,deployment,productcatalogservice,425,42,5,,,
2026-09-01 13:26:27,deployment,recommendationservice,341,165,4,,,
2026-09-01 13:26:27,deployment,redis-cart,20,44,1,,,
2026-09-01 13:26:27,deployment,shippingservice,36,9,1,,,
2026-09-01 13:26:27,autoscaler,customdas-cpu-queue-autoscaler-adservice,4,60,1,,,
2026-09-01 13:26:27,autoscaler,customdas-cpu-queue-autoscaler-cartservice,6,60,1,,,
2026-09-01 13:26:27,autoscaler,customdas-cpu-queue-autoscaler-checkoutservice,4,60,1,,,
2026-09-01 13:26:27,autoscaler,customdas-cpu-queue-autoscaler-currencyservice,4,60,1,,,
2026-09-01 13:26:27,autoscaler,customdas-cpu-queue-autoscaler-emailservice,8,60,1,,,
2026-09-01 13:26:27,autoscaler,customdas-cpu-queue-autoscaler-frontend,9,60,1,,,
2026-09-01 13:26:27,autoscaler,customdas-cpu-queue-autoscaler-paymentservice,2,60,1,,,
2026-09-01 13:26:27,autoscaler,customdas-cpu-queue-autoscaler-productcatalogservice,6,60,1,,,
2026-09-01 13:26:27,autoscaler,customdas-cpu-queue-autoscaler-recommendationservice,8,60,1,,,
2026-09-01 13:26:27,autoscaler,customdas-cpu-queue-autoscaler-shippingservice,4,60,1,,,
2026-09-01 13:26:27,node,ze-master-node,3555,4026,,88.9,50.7,
2026-09-01 13:26:27,node,ze-worker-node,2683,2177,,67.1,27.4,
2026-09-01 13:26:36,deployment,adservice,72,177,2,,,
2026-09-01 13:26:36,deployment,cartservice,222,114,3,,,
2026-09-01 13:26:36,deployment,checkoutservice,49,33,3,,,
2026-09-01 13:26:36,deployment,currencyservice,400,192,3,,,
2026-09-01 13:26:36,deployment,emailservice,20,40,1,,,
2026-09-01 13:26:36,deployment,frontend,768,110,9,,,
2026-09-01 13:26:36,http_p95_latency,frontend,,,,,,269.9
2026-09-01 13:26:36,deployment,paymentservice,10,32,1,,,
2026-09-01 13:26:36,deployment,productcatalogservice,414,42,5,,,
2026-09-01 13:26:36,deployment,recommendationservice,334,165,4,,,
2026-09-01 13:26:36,deployment,redis-cart,20,44,1,,,
2026-09-01 13:26:36,deployment,shippingservice,32,9,1,,,
2026-09-01 13:26:36,autoscaler,customdas-cpu-queue-autoscaler-adservice,8,60,1,,,
2026-09-01 13:26:36,autoscaler,customdas-cpu-queue-autoscaler-cartservice,6,60,1,,,
2026-09-01 13:26:36,autoscaler,customdas-cpu-queue-autoscaler-checkoutservice,4,60,1,,,
2026-09-01 13:26:36,autoscaler,customdas-cpu-queue-autoscaler-currencyservice,6,60,1,,,
2026-09-01 13:26:36,autoscaler,customdas-cpu-queue-autoscaler-emailservice,2,60,1,,,
2026-09-01 13:26:36,autoscaler,customdas-cpu-queue-autoscaler-frontend,17,60,1,,,
2026-09-01 13:26:36,autoscaler,customdas-cpu-queue-autoscaler-paymentservice,2,60,1,,,
2026-09-01 13:26:36,autoscaler,customdas-cpu-queue-autoscaler-productcatalogservice,7,60,1,,,
2026-09-01 13:26:36,autoscaler,customdas-cpu-queue-autoscaler-recommendationservice,10,60,1,,,
2026-09-01 13:26:36,autoscaler,customdas-cpu-queue-autoscaler-shippingservice,4,60,1,,,
2026-09-01 13:26:36,node,ze-master-node,3306,4054,,82.7,51.1,
2026-09-01 13:26:36,node,ze-worker-node,2578,2174,,64.5,27.4,
2026-09-01 13:26:48,deployment,adservice,72,177,2,,,
2026-09-01 13:26:48,deployment,cartservice,222,114,3,,,
2026-09-01 13:26:48,deployment,checkoutservice,49,33,3,,,
2026-09-01 13:26:48,deployment,currencyservice,400,192,3,,,
2026-09-01 13:26:48,deployment,emailservice,20,40,1,,,
2026-09-01 13:26:48,deployment,frontend,768,110,9,,,
2026-09-01 13:26:48,http_p95_latency,frontend,,,,,,249.3
2026-09-01 13:26:48,deployment,paymentservice,10,32,1,,,
2026-09-01 13:26:48,deployment,productcatalogservice,414,42,5,,,
2026-09-01 13:26:48,deployment,recommendationservice,334,165,4,,,
2026-09-01 13:26:48,deployment,redis-cart,20,44,1,,,
2026-09-01 13:26:48,deployment,shippingservice,37,9,1,,,
2026-09-01 13:26:48,autoscaler,customdas-cpu-queue-autoscaler-adservice,6,60,1,,,
2026-09-01 13:26:48,autoscaler,customdas-cpu-queue-autoscaler-cartservice,6,60,1,,,
2026-09-01 13:26:48,autoscaler,customdas-cpu-queue-autoscaler-checkoutservice,8,60,1,,,
2026-09-01 13:26:48,autoscaler,customdas-cpu-queue-autoscaler-currencyservice,5,60,1,,,
2026-09-01 13:26:48,autoscaler,customdas-cpu-queue-autoscaler-emailservice,2,60,1,,,
2026-09-01 13:26:48,autoscaler,customdas-cpu-queue-autoscaler-frontend,0,60,1,,,
2026-09-01 13:26:48,autoscaler,customdas-cpu-queue-autoscaler-paymentservice,5,60,1,,,
2026-09-01 13:26:48,autoscaler,customdas-cpu-queue-autoscaler-productcatalogservice,6,60,1,,,
2026-09-01 13:26:48,autoscaler,customdas-cpu-queue-autoscaler-recommendationservice,5,60,1,,,
2026-09-01 13:26:48,autoscaler,customdas-cpu-queue-autoscaler-shippingservice,4,60,1,,,
2026-09-01 13:26:48,node,ze-master-node,3538,4052,,88.4,51.0,
2026-09-01 13:26:48,node,ze-worker-node,2617,2166,,65.4,27.3,
2026-09-01 13:26:57,deployment,adservice,73,176,2,,,
2026-09-01 13:26:57,deployment,cartservice,228,114,3,,,
2026-09-01 13:26:57,deployment,checkoutservice,62,34,3,,,
2026-09-01 13:26:57,deployment,currencyservice,400,191,3,,,
2026-09-01 13:26:57,deployment,emailservice,20,40,1,,,
2026-09-01 13:26:57,deployment,frontend,806,111,9,,,
2026-09-01 13:26:57,http_p95_latency,frontend,,,,,,250.0
2026-09-01 13:26:57,deployment,paymentservice,13,32,1,,,
2026-09-01 13:26:57,deployment,productcatalogservice,416,42,5,,,
2026-09-01 13:26:57,deployment,recommendationservice,332,163,4,,,
2026-09-01 13:26:57,deployment,redis-cart,20,44,1,,,
2026-09-01 13:26:57,deployment,shippingservice,37,9,1,,,
2026-09-01 13:26:57,autoscaler,customdas-cpu-queue-autoscaler-adservice,6,60,1,,,
2026-09-01 13:26:57,autoscaler,customdas-cpu-queue-autoscaler-cartservice,6,60,1,,,
2026-09-01 13:26:57,autoscaler,customdas-cpu-queue-autoscaler-checkoutservice,8,60,1,,,
2026-09-01 13:26:57,autoscaler,customdas-cpu-queue-autoscaler-currencyservice,5,60,1,,,
2026-09-01 13:26:57,autoscaler,customdas-cpu-queue-autoscaler-emailservice,2,60,1,,,
2026-09-01 13:26:57,autoscaler,customdas-cpu-queue-autoscaler-frontend,0,60,1,,,
2026-09-01 13:26:57,autoscaler,customdas-cpu-queue-autoscaler-paymentservice,5,60,1,,,
2026-09-01 13:26:57,autoscaler,customdas-cpu-queue-autoscaler-productcatalogservice,6,60,1,,,
2026-09-01 13:26:57,autoscaler,customdas-cpu-queue-autoscaler-recommendationservice,5,60,1,,,
2026-09-01 13:26:57,autoscaler,customdas-cpu-queue-autoscaler-shippingservice,4,60,1,,,
2026-09-01 13:26:57,node,ze-master-node,3538,4052,,88.4,51.0,
2026-09-01 13:26:57,node,ze-worker-node,2617,2166,,65.4,27.3,
2026-09-01 13:27:06,deployment,adservice,69,176,2,,,
2026-09-01 13:27:06,deployment,cartservice,226,116,3,,,
2026-09-01 13:27:06,deployment,checkoutservice,54,34,3,,,
2026-09-01 13:27:06,deployment,currencyservice,382,189,3,,,
2026-09-01 13:27:06,deployment,emailservice,18,40,1,,,
2026-09-01 13:27:06,deployment,frontend,773,111,9,,,
2026-09-01 13:27:06,http_p95_latency,frontend,,,,,,250.0
2026-09-01 13:27:06,deployment,paymentservice,11,32,1,,,
2026-09-01 13:27:06,deployment,productcatalogservice,415,43,5,,,
2026-09-01 13:27:06,deployment,recommendationservice,324,163,4,,,
2026-09-01 13:27:06,deployment,redis-cart,20,44,1,,,
2026-09-01 13:27:06,deployment,shippingservice,34,9,1,,,
2026-09-01 13:27:06,autoscaler,customdas-cpu-queue-autoscaler-adservice,3,60,1,,,
2026-09-01 13:27:06,autoscaler,customdas-cpu-queue-autoscaler-cartservice,5,60,1,,,
2026-09-01 13:27:06,autoscaler,customdas-cpu-queue-autoscaler-checkoutservice,8,60,1,,,
2026-09-01 13:27:06,autoscaler,customdas-cpu-queue-autoscaler-currencyservice,7,60,1,,,
2026-09-01 13:27:06,autoscaler,customdas-cpu-queue-autoscaler-emailservice,7,60,1,,,
2026-09-01 13:27:06,autoscaler,customdas-cpu-queue-autoscaler-frontend,13,60,1,,,
2026-09-01 13:27:06,autoscaler,customdas-cpu-queue-autoscaler-paymentservice,2,60,1,,,
2026-09-01 13:27:06,autoscaler,customdas-cpu-queue-autoscaler-productcatalogservice,6,60,1,,,
2026-09-01 13:27:06,autoscaler,customdas-cpu-queue-autoscaler-recommendationservice,5,60,1,,,
2026-09-01 13:27:06,autoscaler,customdas-cpu-queue-autoscaler-shippingservice,4,60,1,,,
2026-09-01 13:27:06,node,ze-master-node,3226,4084,,80.7,51.4,
2026-09-01 13:27:06,node,ze-worker-node,2455,2169,,61.4,27.3,
2026-09-01 13:27:17,deployment,adservice,69,176,2,,,
2026-09-01 13:27:17,deployment,cartservice,226,116,3,,,
2026-09-01 13:27:17,deployment,checkoutservice,54,34,3,,,
2026-09-01 13:27:17,deployment,currencyservice,382,189,3,,,
2026-09-01 13:27:17,deployment,emailservice,18,40,1,,,
2026-09-01 13:27:17,deployment,frontend,773,111,9,,,
2026-09-01 13:27:17,http_p95_latency,frontend,,,,,,242.2
2026-09-01 13:27:17,deployment,paymentservice,11,32,1,,,
2026-09-01 13:27:17,deployment,productcatalogservice,415,43,5,,,
2026-09-01 13:27:17,deployment,recommendationservice,324,163,4,,,
2026-09-01 13:27:17,deployment,redis-cart,20,44,1,,,
2026-09-01 13:27:17,deployment,shippingservice,34,9,1,,,
2026-09-01 13:27:17,autoscaler,customdas-cpu-queue-autoscaler-adservice,3,60,1,,,
2026-09-01 13:27:17,autoscaler,customdas-cpu-queue-autoscaler-cartservice,5,60,1,,,
2026-09-01 13:27:17,autoscaler,customdas-cpu-queue-autoscaler-checkoutservice,8,60,1,,,
2026-09-01 13:27:17,autoscaler,customdas-cpu-queue-autoscaler-currencyservice,7,60,1,,,
2026-09-01 13:27:17,autoscaler,customdas-cpu-queue-autoscaler-emailservice,7,60,1,,,
2026-09-01 13:27:17,autoscaler,customdas-cpu-queue-autoscaler-frontend,13,60,1,,,
2026-09-01 13:27:17,autoscaler,customdas-cpu-queue-autoscaler-paymentservice,4,60,1,,,
2026-09-01 13:27:17,autoscaler,customdas-cpu-queue-autoscaler-productcatalogservice,6,60,1,,,
2026-09-01 13:27:17,autoscaler,customdas-cpu-queue-autoscaler-recommendationservice,6,60,1,,,
2026-09-01 13:27:17,autoscaler,customdas-cpu-queue-autoscaler-shippingservice,5,60,1,,,
2026-09-01 13:27:17,node,ze-master-node,3338,4089,,83.5,51.5,
2026-09-01 13:27:17,node,ze-worker-node,2437,2172,,60.9,27.4,
2026-09-01 13:27:25,deployment,adservice,69,176,2,,,
2026-09-01 13:27:25,deployment,cartservice,237,114,3,,,
2026-09-01 13:27:25,deployment,checkoutservice,54,34,3,,,
2026-09-01 13:27:25,deployment,currencyservice,378,193,3,,,
2026-09-01 13:27:25,deployment,emailservice,17,40,1,,,
2026-09-01 13:27:25,deployment,frontend,768,112,9,,,
2026-09-01 13:27:25,http_p95_latency,frontend,,,,,,241.8
2026-09-01 13:27:25,deployment,paymentservice,12,32,1,,,
2026-09-01 13:27:25,deployment,productcatalogservice,403,41,5,,,
2026-09-01 13:27:25,deployment,recommendationservice,312,163,4,,,
2026-09-01 13:27:25,deployment,redis-cart,20,44,1,,,
2026-09-01 13:27:25,deployment,shippingservice,33,9,1,,,
2026-09-01 13:27:25,autoscaler,customdas-cpu-queue-autoscaler-adservice,3,60,1,,,
2026-09-01 13:27:25,autoscaler,customdas-cpu-queue-autoscaler-cartservice,4,60,1,,,
2026-09-01 13:27:25,autoscaler,customdas-cpu-queue-autoscaler-checkoutservice,4,60,1,,,
2026-09-01 13:27:25,autoscaler,customdas-cpu-queue-autoscaler-currencyservice,4,60,1,,,
2026-09-01 13:27:25,autoscaler,customdas-cpu-queue-autoscaler-emailservice,3,60,1,,,
2026-09-01 13:27:25,autoscaler,customdas-cpu-queue-autoscaler-frontend,13,60,1,,,
2026-09-01 13:27:25,autoscaler,customdas-cpu-queue-autoscaler-paymentservice,4,60,1,,,
2026-09-01 13:27:25,autoscaler,customdas-cpu-queue-autoscaler-productcatalogservice,6,60,1,,,
2026-09-01 13:27:25,autoscaler,customdas-cpu-queue-autoscaler-recommendationservice,6,60,1,,,
2026-09-01 13:27:25,autoscaler,customdas-cpu-queue-autoscaler-shippingservice,5,60,1,,,
2026-09-01 13:27:25,node,ze-master-node,3338,4089,,83.5,51.5,
2026-09-01 13:27:25,node,ze-worker-node,2437,2172,,60.9,27.4,
2026-09-01 13:27:35,deployment,adservice,65,176,2,,,
2026-09-01 13:27:35,deployment,cartservice,218,114,3,,,
2026-09-01 13:27:35,deployment,checkoutservice,62,34,3,,,
2026-09-01 13:27:35,deployment,currencyservice,359,191,3,,,
2026-09-01 13:27:35,deployment,emailservice,18,40,1,,,
2026-09-01 13:27:35,deployment,frontend,752,112,9,,,
2026-09-01 13:27:35,http_p95_latency,frontend,,,,,,241.8
2026-09-01 13:27:35,deployment,paymentservice,11,32,1,,,
2026-09-01 13:27:35,deployment,productcatalogservice,400,43,5,,,
2026-09-01 13:27:35,deployment,recommendationservice,305,165,4,,,
2026-09-01 13:27:35,deployment,redis-cart,19,44,1,,,
2026-09-01 13:27:35,deployment,shippingservice,32,9,1,,,
2026-09-01 13:27:35,autoscaler,customdas-cpu-queue-autoscaler-adservice,0,60,1,,,
2026-09-01 13:27:35,autoscaler,customdas-cpu-queue-autoscaler-cartservice,7,60,1,,,
2026-09-01 13:27:35,autoscaler,customdas-cpu-queue-autoscaler-checkoutservice,4,60,1,,,
2026-09-01 13:27:35,autoscaler,customdas-cpu-queue-autoscaler-currencyservice,4,60,1,,,
2026-09-01 13:27:35,autoscaler,customdas-cpu-queue-autoscaler-emailservice,0,60,1,,,
2026-09-01 13:27:35,autoscaler,customdas-cpu-queue-autoscaler-frontend,8,60,1,,,
2026-09-01 13:27:35,autoscaler,customdas-cpu-queue-autoscaler-paymentservice,3,60,1,,,
2026-09-01 13:27:35,autoscaler,customdas-cpu-queue-autoscaler-productcatalogservice,9,60,1,,,
2026-09-01 13:27:35,autoscaler,customdas-cpu-queue-autoscaler-recommendationservice,6,60,1,,,
2026-09-01 13:27:35,autoscaler,customdas-cpu-queue-autoscaler-shippingservice,4,60,1,,,
2026-09-01 13:27:35,node,ze-master-node,3031,4088,,75.8,51.5,
2026-09-01 13:27:35,node,ze-worker-node,2437,2172,,60.9,27.4,
2026-09-01 13:27:43,deployment,adservice,65,176,2,,,
2026-09-01 13:27:43,deployment,cartservice,218,114,3,,,
2026-09-01 13:27:43,deployment,checkoutservice,62,34,3,,,
2026-09-01 13:27:43,deployment,currencyservice,359,191,3,,,
2026-09-01 13:27:43,deployment,emailservice,18,40,1,,,
2026-09-01 13:27:43,deployment,frontend,752,112,9,,,
2026-09-01 13:27:43,http_p95_latency,frontend,,,,,,234.2
2026-09-01 13:27:43,deployment,paymentservice,11,32,1,,,
2026-09-01 13:27:43,deployment,productcatalogservice,400,43,5,,,
2026-09-01 13:27:43,deployment,recommendationservice,305,165,4,,,
2026-09-01 13:27:43,deployment,redis-cart,19,44,1,,,
2026-09-01 13:27:43,deployment,shippingservice,32,9,1,,,
2026-09-01 13:27:43,autoscaler,customdas-cpu-queue-autoscaler-adservice,0,60,1,,,
2026-09-01 13:27:43,autoscaler,customdas-cpu-queue-autoscaler-cartservice,7,60,1,,,
2026-09-01 13:27:43,autoscaler,customdas-cpu-queue-autoscaler-checkoutservice,4,60,1,,,
2026-09-01 13:27:43,autoscaler,customdas-cpu-queue-autoscaler-currencyservice,4,60,1,,,
2026-09-01 13:27:43,autoscaler,customdas-cpu-queue-autoscaler-emailservice,0,60,1,,,
2026-09-01 13:27:43,autoscaler,customdas-cpu-queue-autoscaler-frontend,8,60,1,,,
2026-09-01 13:27:43,autoscaler,customdas-cpu-queue-autoscaler-paymentservice,3,60,1,,,
2026-09-01 13:27:43,autoscaler,customdas-cpu-queue-autoscaler-productcatalogservice,9,60,1,,,
2026-09-01 13:27:43,autoscaler,customdas-cpu-queue-autoscaler-recommendationservice,6,60,1,,,
2026-09-01 13:27:43,autoscaler,customdas-cpu-queue-autoscaler-shippingservice,4,60,1,,,
2026-09-01 13:27:43,node,ze-master-node,3031,4088,,75.8,51.5,
2026-09-01 13:27:43,node,ze-worker-node,2437,2172,,60.9,27.4,
2026-09-01 13:27:53,deployment,adservice,62,176,2,,,
2026-09-01 13:27:53,deployment,cartservice,236,114,3,,,
2026-09-01 13:27:53,deployment,checkoutservice,42,34,3,,,
2026-09-01 13:27:53,deployment,currencyservice,357,194,3,,,
2026-09-01 13:27:53,deployment,emailservice,17,40,1,,,
2026-09-01 13:27:53,deployment,frontend,725,110,9,,,
2026-09-01 13:27:53,http_p95_latency,frontend,,,,,,234.2
2026-09-01 13:27:53,deployment,paymentservice,9,32,1,,,
2026-09-01 13:27:53,deployment,productcatalogservice,391,41,5,,,
2026-09-01 13:27:53,deployment,recommendationservice,294,163,4,,,
2026-09-01 13:27:53,deployment,redis-cart,17,44,1,,,
2026-09-01 13:27:53,deployment,shippingservice,32,9,1,,,
2026-09-01 13:27:53,autoscaler,customdas-cpu-queue-autoscaler-adservice,4,60,1,,,
2026-09-01 13:27:53,autoscaler,customdas-cpu-queue-autoscaler-cartservice,0,60,1,,,
2026-09-01 13:27:53,autoscaler,customdas-cpu-queue-autoscaler-checkoutservice,6,60,1,,,
2026-09-01 13:27:53,autoscaler,customdas-cpu-queue-autoscaler-currencyservice,4,60,1,,,
2026-09-01 13:27:53,autoscaler,customdas-cpu-queue-autoscaler-emailservice,5,60,1,,,
2026-09-01 13:27:53,autoscaler,customdas-cpu-queue-autoscaler-frontend,12,60,1,,,
2026-09-01 13:27:53,autoscaler,customdas-cpu-queue-autoscaler-paymentservice,4,60,1,,,
2026-09-01 13:27:53,autoscaler,customdas-cpu-queue-autoscaler-productcatalogservice,0,60,1,,,
2026-09-01 13:27:53,autoscaler,customdas-cpu-queue-autoscaler-recommendationservice,10,60,1,,,
2026-09-01 13:27:53,autoscaler,customdas-cpu-queue-autoscaler-shippingservice,4,60,1,,,
2026-09-01 13:27:53,node,ze-master-node,3211,4089,,80.3,51.5,
2026-09-01 13:27:53,node,ze-worker-node,2451,2173,,61.3,27.4,
2026-09-01 13:28:05,deployment,adservice,67,176,2,,,
2026-09-01 13:28:05,deployment,cartservice,192,114,3,,,
2026-09-01 13:28:05,deployment,checkoutservice,45,33,3,,,
2026-09-01 13:28:05,deployment,currencyservice,367,197,3,,,
2026-09-01 13:28:05,deployment,emailservice,17,40,1,,,
2026-09-01 13:28:05,deployment,frontend,747,112,9,,,
2026-09-01 13:28:05,http_p95_latency,frontend,,,,,,239.6
2026-09-01 13:28:05,deployment,paymentservice,12,32,1,,,
2026-09-01 13:28:05,deployment,productcatalogservice,390,41,5,,,
2026-09-01 13:28:05,deployment,recommendationservice,301,164,4,,,
2026-09-01 13:28:05,deployment,redis-cart,60,44,1,,,
2026-09-01 13:28:05,deployment,shippingservice,32,9,1,,,
2026-09-01 13:28:05,autoscaler,customdas-cpu-queue-autoscaler-adservice,6,60,1,,,
2026-09-01 13:28:05,autoscaler,customdas-cpu-queue-autoscaler-cartservice,7,60,1,,,
2026-09-01 13:28:05,autoscaler,customdas-cpu-queue-autoscaler-checkoutservice,3,60,1,,,
2026-09-01 13:28:05,autoscaler,customdas-cpu-queue-autoscaler-currencyservice,5,60,1,,,
2026-09-01 13:28:05,autoscaler,customdas-cpu-queue-autoscaler-emailservice,7,60,1,,,
2026-09-01 13:28:05,autoscaler,customdas-cpu-queue-autoscaler-frontend,15,60,1,,,
2026-09-01 13:28:05,autoscaler,customdas-cpu-queue-autoscaler-paymentservice,5,60,1,,,
2026-09-01 13:28:05,autoscaler,customdas-cpu-queue-autoscaler-productcatalogservice,8,60,1,,,
2026-09-01 13:28:05,autoscaler,customdas-cpu-queue-autoscaler-recommendationservice,5,60,1,,,
2026-09-01 13:28:05,autoscaler,customdas-cpu-queue-autoscaler-shippingservice,5,60,1,,,
2026-09-01 13:28:05,node,ze-master-node,3145,4099,,78.6,51.6,
2026-09-01 13:28:05,node,ze-worker-node,2427,2178,,60.7,27.4,
2026-09-01 13:28:14,deployment,adservice,67,176,2,,,
2026-09-01 13:28:14,deployment,cartservice,192,114,3,,,
2026-09-01 13:28:14,deployment,checkoutservice,45,33,3,,,
2026-09-01 13:28:14,deployment,currencyservice,367,197,3,,,
2026-09-01 13:28:14,deployment,emailservice,17,40,1,,,
2026-09-01 13:28:14,deployment,frontend,747,112,9,,,
2026-09-01 13:28:14,http_p95_latency,frontend,,,,,,236.7
2026-09-01 13:28:14,deployment,paymentservice,12,32,1,,,
2026-09-01 13:28:14,deployment,productcatalogservice,390,41,5,,,
2026-09-01 13:28:14,deployment,recommendationservice,301,164,4,,,
2026-09-01 13:28:14,deployment,redis-cart,60,44,1,,,
2026-09-01 13:28:14,deployment,shippingservice,32,9,1,,,
2026-09-01 13:28:14,autoscaler,customdas-cpu-queue-autoscaler-adservice,6,60,1,,,
2026-09-01 13:28:14,autoscaler,customdas-cpu-queue-autoscaler-cartservice,7,60,1,,,
2026-09-01 13:28:14,autoscaler,customdas-cpu-queue-autoscaler-checkoutservice,3,60,1,,,
2026-09-01 13:28:14,autoscaler,customdas-cpu-queue-autoscaler-currencyservice,5,60,1,,,
2026-09-01 13:28:14,autoscaler,customdas-cpu-queue-autoscaler-emailservice,7,60,1,,,
2026-09-01 13:28:14,autoscaler,customdas-cpu-queue-autoscaler-frontend,15,60,1,,,
2026-09-01 13:28:14,autoscaler,customdas-cpu-queue-autoscaler-paymentservice,5,60,1,,,
2026-09-01 13:28:14,autoscaler,customdas-cpu-queue-autoscaler-productcatalogservice,8,60,1,,,
2026-09-01 13:28:14,autoscaler,customdas-cpu-queue-autoscaler-recommendationservice,5,60,1,,,
2026-09-01 13:28:14,autoscaler,customdas-cpu-queue-autoscaler-shippingservice,5,60,1,,,
2026-09-01 13:28:14,node,ze-master-node,3145,4099,,78.6,51.6,
2026-09-01 13:28:14,node,ze-worker-node,2427,2178,,60.7,27.4,
2026-09-01 13:28:23,deployment,adservice,62,176,2,,,
2026-09-01 13:28:23,deployment,cartservice,231,114,3,,,
2026-09-01 13:28:23,deployment,checkoutservice,53,33,3,,,
2026-09-01 13:28:23,deployment,currencyservice,367,205,3,,,
2026-09-01 13:28:23,deployment,emailservice,16,40,1,,,
2026-09-01 13:28:23,deployment,frontend,733,113,9,,,
2026-09-01 13:28:23,http_p95_latency,frontend,,,,,,236.7
2026-09-01 13:28:23,deployment,paymentservice,10,32,1,,,
2026-09-01 13:28:23,deployment,productcatalogservice,390,43,5,,,
2026-09-01 13:28:23,deployment,recommendationservice,298,163,4,,,
2026-09-01 13:28:23,deployment,redis-cart,20,44,1,,,
2026-09-01 13:28:23,deployment,shippingservice,32,9,1,,,
2026-09-01 13:28:23,autoscaler,customdas-cpu-queue-autoscaler-adservice,4,60,1,,,
2026-09-01 13:28:23,autoscaler,customdas-cpu-queue-autoscaler-cartservice,5,60,1,,,
2026-09-01 13:28:23,autoscaler,customdas-cpu-queue-autoscaler-checkoutservice,4,60,1,,,
2026-09-01 13:28:23,autoscaler,customdas-cpu-queue-autoscaler-currencyservice,4,60,1,,,
2026-09-01 13:28:23,autoscaler,customdas-cpu-queue-autoscaler-emailservice,5,60,1,,,
2026-09-01 13:28:23,autoscaler,customdas-cpu-queue-autoscaler-frontend,9,60,1,,,
2026-09-01 13:28:23,autoscaler,customdas-cpu-queue-autoscaler-paymentservice,3,60,1,,,
2026-09-01 13:28:23,autoscaler,customdas-cpu-queue-autoscaler-productcatalogservice,6,60,1,,,
2026-09-01 13:28:23,autoscaler,customdas-cpu-queue-autoscaler-recommendationservice,6,60,1,,,
2026-09-01 13:28:23,autoscaler,customdas-cpu-queue-autoscaler-shippingservice,4,60,1,,,
2026-09-01 13:28:23,node,ze-master-node,3150,4106,,78.8,51.7,
2026-09-01 13:28:23,node,ze-worker-node,2416,2193,,60.4,27.6,
2026-09-01 13:28:34,deployment,adservice,58,176,2,,,
2026-09-01 13:28:34,deployment,cartservice,203,114,3,,,
2026-09-01 13:28:34,deployment,checkoutservice,43,33,3,,,
2026-09-01 13:28:34,deployment,currencyservice,340,161,3,,,
2026-09-01 13:28:34,deployment,emailservice,17,40,1,,,
2026-09-01 13:28:34,deployment,frontend,641,113,9,,,
2026-09-01 13:28:34,http_p95_latency,frontend,,,,,,243.3
2026-09-01 13:28:34,deployment,paymentservice,10,32,1,,,
2026-09-01 13:28:34,deployment,productcatalogservice,357,41,5,,,
2026-09-01 13:28:34,deployment,recommendationservice,267,163,4,,,
2026-09-01 13:28:34,deployment,redis-cart,18,44,1,,,
2026-09-01 13:28:34,deployment,shippingservice,26,9,1,,,
2026-09-01 13:28:34,autoscaler,customdas-cpu-queue-autoscaler-adservice,4,60,1,,,
2026-09-01 13:28:34,autoscaler,customdas-cpu-queue-autoscaler-cartservice,9,60,1,,,
2026-09-01 13:28:34,autoscaler,customdas-cpu-queue-autoscaler-checkoutservice,7,60,1,,,
2026-09-01 13:28:34,autoscaler,customdas-cpu-queue-autoscaler-currencyservice,9,60,1,,,
2026-09-01 13:28:34,autoscaler,customdas-cpu-queue-autoscaler-emailservice,3,60,1,,,
2026-09-01 13:28:34,autoscaler,customdas-cpu-queue-autoscaler-frontend,12,60,1,,,
2026-09-01 13:28:34,autoscaler,customdas-cpu-queue-autoscaler-paymentservice,5,60,1,,,
2026-09-01 13:28:34,autoscaler,customdas-cpu-queue-autoscaler-productcatalogservice,7,60,1,,,
2026-09-01 13:28:34,autoscaler,customdas-cpu-queue-autoscaler-recommendationservice,0,60,1,,,
2026-09-01 13:28:34,autoscaler,customdas-cpu-queue-autoscaler-shippingservice,4,60,1,,,
2026-09-01 13:28:34,node,ze-master-node,2856,4095,,71.4,51.6,
2026-09-01 13:28:34,node,ze-worker-node,2249,2145,,56.2,27.0,
2026-09-01 13:28:42,deployment,adservice,58,176,2,,,
2026-09-01 13:28:42,deployment,cartservice,203,114,3,,,
2026-09-01 13:28:42,deployment,checkoutservice,43,33,3,,,
2026-09-01 13:28:42,deployment,currencyservice,340,161,3,,,
2026-09-01 13:28:42,deployment,emailservice,17,40,1,,,
2026-09-01 13:28:42,deployment,frontend,641,113,9,,,
2026-09-01 13:28:42,http_p95_latency,frontend,,,,,,238.8
2026-09-01 13:28:42,deployment,paymentservice,10,32,1,,,
2026-09-01 13:28:42,deployment,productcatalogservice,357,41,5,,,
2026-09-01 13:28:42,deployment,recommendationservice,267,163,4,,,
2026-09-01 13:28:42,deployment,redis-cart,18,44,1,,,
2026-09-01 13:28:42,deployment,shippingservice,26,9,1,,,
2026-09-01 13:28:42,autoscaler,customdas-cpu-queue-autoscaler-adservice,4,60,1,,,
2026-09-01 13:28:42,autoscaler,customdas-cpu-queue-autoscaler-cartservice,9,60,1,,,
2026-09-01 13:28:42,autoscaler,customdas-cpu-queue-autoscaler-checkoutservice,7,60,1,,,
2026-09-01 13:28:42,autoscaler,customdas-cpu-queue-autoscaler-currencyservice,9,60,1,,,
2026-09-01 13:28:42,autoscaler,customdas-cpu-queue-autoscaler-emailservice,3,60,1,,,
2026-09-01 13:28:42,autoscaler,customdas-cpu-queue-autoscaler-frontend,12,60,1,,,
2026-09-01 13:28:42,autoscaler,customdas-cpu-queue-autoscaler-paymentservice,5,60,1,,,
2026-09-01 13:28:42,autoscaler,customdas-cpu-queue-autoscaler-productcatalogservice,7,60,1,,,
2026-09-01 13:28:42,autoscaler,customdas-cpu-queue-autoscaler-recommendationservice,0,60,1,,,
2026-09-01 13:28:42,autoscaler,customdas-cpu-queue-autoscaler-shippingservice,4,60,1,,,
2026-09-01 13:28:42,node,ze-master-node,2856,4095,,71.4,51.6,
2026-09-01 13:28:42,node,ze-worker-node,2249,2145,,56.2,27.0,
2026-09-01 13:28:51,deployment,adservice,53,176,2,,,
2026-09-01 13:28:51,deployment,cartservice,216,114,3,,,
2026-09-01 13:28:51,deployment,checkoutservice,44,33,3,,,
2026-09-01 13:28:51,deployment,currencyservice,314,162,3,,,
2026-09-01 13:28:51,deployment,emailservice,16,40,1,,,
2026-09-01 13:28:51,deployment,frontend,620,113,9,,,
2026-09-01 13:28:51,http_p95_latency,frontend,,,,,,238.8
2026-09-01 13:28:51,deployment,paymentservice,10,32,1,,,
2026-09-01 13:28:51,deployment,productcatalogservice,333,41,5,,,
2026-09-01 13:28:51,deployment,recommendationservice,241,163,4,,,
2026-09-01 13:28:51,deployment,redis-cart,17,44,1,,,
2026-09-01 13:28:51,deployment,shippingservice,25,10,1,,,
2026-09-01 13:28:51,autoscaler,customdas-cpu-queue-autoscaler-adservice,0,60,1,,,
2026-09-01 13:28:51,autoscaler,customdas-cpu-queue-autoscaler-cartservice,9,60,1,,,
2026-09-01 13:28:51,autoscaler,customdas-cpu-queue-autoscaler-checkoutservice,5,60,1,,,
2026-09-01 13:28:51,autoscaler,customdas-cpu-queue-autoscaler-currencyservice,4,60,1,,,
2026-09-01 13:28:51,autoscaler,customdas-cpu-queue-autoscaler-emailservice,7,60,1,,,
2026-09-01 13:28:51,autoscaler,customdas-cpu-queue-autoscaler-frontend,15,60,1,,,
2026-09-01 13:28:51,autoscaler,customdas-cpu-queue-autoscaler-paymentservice,3,60,1,,,
2026-09-01 13:28:51,autoscaler,customdas-cpu-queue-autoscaler-productcatalogservice,6,60,1,,,
2026-09-01 13:28:51,autoscaler,customdas-cpu-queue-autoscaler-recommendationservice,8,60,1,,,
2026-09-01 13:28:51,autoscaler,customdas-cpu-queue-autoscaler-shippingservice,5,60,1,,,
2026-09-01 13:28:51,node,ze-master-node,2743,4101,,68.6,51.6,
2026-09-01 13:28:51,node,ze-worker-node,2148,2142,,53.7,27.0,
2026-09-01 13:28:58,deployment,adservice,53,176,2,,,
2026-09-01 13:28:58,deployment,cartservice,216,114,3,,,
2026-09-01 13:28:58,deployment,checkoutservice,44,33,3,,,
2026-09-01 13:28:58,deployment,currencyservice,314,162,3,,,
2026-09-01 13:28:58,deployment,emailservice,16,40,1,,,
2026-09-01 13:28:58,deployment,frontend,620,113,9,,,
2026-09-01 13:28:58,http_p95_latency,frontend,,,,,,226.5
2026-09-01 13:28:58,deployment,paymentservice,10,32,1,,,
2026-09-01 13:28:58,deployment,productcatalogservice,333,41,5,,,
2026-09-01 13:28:58,deployment,recommendationservice,241,163,4,,,
2026-09-01 13:28:58,deployment,redis-cart,17,44,1,,,
2026-09-01 13:28:58,deployment,shippingservice,25,10,1,,,
2026-09-01 13:28:58,autoscaler,customdas-cpu-queue-autoscaler-adservice,0,60,1,,,
2026-09-01 13:28:58,autoscaler,customdas-cpu-queue-autoscaler-cartservice,9,60,1,,,
2026-09-01 13:28:58,autoscaler,customdas-cpu-queue-autoscaler-checkoutservice,5,60,1,,,
2026-09-01 13:28:58,autoscaler,customdas-cpu-queue-autoscaler-currencyservice,4,60,1,,,
2026-09-01 13:28:58,autoscaler,customdas-cpu-queue-autoscaler-emailservice,7,60,1,,,
2026-09-01 13:28:58,autoscaler,customdas-cpu-queue-autoscaler-frontend,15,60,1,,,
2026-09-01 13:28:58,autoscaler,customdas-cpu-queue-autoscaler-paymentservice,3,60,1,,,
2026-09-01 13:28:58,autoscaler,customdas-cpu-queue-autoscaler-productcatalogservice,6,60,1,,,
2026-09-01 13:28:58,autoscaler,customdas-cpu-queue-autoscaler-recommendationservice,8,60,1,,,
2026-09-01 13:28:58,autoscaler,customdas-cpu-queue-autoscaler-shippingservice,5,60,1,,,
2026-09-01 13:28:58,node,ze-master-node,2743,4101,,68.6,51.6,
2026-09-01 13:28:58,node,ze-worker-node,2148,2142,,53.7,27.0,
2026-09-01 13:29:06,deployment,adservice,52,176,2,,,
2026-09-01 13:29:06,deployment,cartservice,195,114,3,,,
2026-09-01 13:29:06,deployment,checkoutservice,46,33,3,,,
2026-09-01 13:29:06,deployment,currencyservice,317,163,3,,,
2026-09-01 13:29:06,deployment,emailservice,17,40,1,,,
2026-09-01 13:29:06,deployment,frontend,583,113,9,,,
2026-09-01 13:29:06,http_p95_latency,frontend,,,,,,226.5
2026-09-01 13:29:06,deployment,paymentservice,9,33,1,,,
2026-09-01 13:29:06,deployment,productcatalogservice,319,42,5,,,
2026-09-01 13:29:06,deployment,recommendationservice,241,163,4,,,
2026-09-01 13:29:06,deployment,redis-cart,16,44,1,,,
2026-09-01 13:29:06,deployment,shippingservice,26,9,1,,,
2026-09-01 13:29:06,autoscaler,customdas-cpu-queue-autoscaler-adservice,5,60,1,,,
2026-09-01 13:29:06,autoscaler,customdas-cpu-queue-autoscaler-cartservice,5,60,1,,,
2026-09-01 13:29:06,autoscaler,customdas-cpu-queue-autoscaler-checkoutservice,6,60,1,,,
2026-09-01 13:29:06,autoscaler,customdas-cpu-queue-autoscaler-currencyservice,6,60,1,,,
2026-09-01 13:29:06,autoscaler,customdas-cpu-queue-autoscaler-emailservice,5,60,1,,,
2026-09-01 13:29:06,autoscaler,customdas-cpu-queue-autoscaler-frontend,15,60,1,,,
2026-09-01 13:29:06,autoscaler,customdas-cpu-queue-autoscaler-paymentservice,5,60,1,,,
2026-09-01 13:29:06,autoscaler,customdas-cpu-queue-autoscaler-productcatalogservice,6,60,1,,,
2026-09-01 13:29:06,autoscaler,customdas-cpu-queue-autoscaler-recommendationservice,11,60,1,,,
2026-09-01 13:29:06,autoscaler,customdas-cpu-queue-autoscaler-shippingservice,4,60,1,,,
2026-09-01 13:29:06,node,ze-master-node,2713,4103,,67.8,51.7,
2026-09-01 13:29:06,node,ze-worker-node,2084,2144,,52.1,27.0,
2026-09-01 13:29:16,deployment,adservice,52,176,2,,,
2026-09-01 13:29:16,deployment,cartservice,195,114,3,,,
2026-09-01 13:29:16,deployment,checkoutservice,46,33,3,,,
2026-09-01 13:29:16,deployment,currencyservice,317,163,3,,,
2026-09-01 13:29:16,deployment,emailservice,17,40,1,,,
2026-09-01 13:29:16,deployment,frontend,583,113,9,,,
2026-09-01 13:29:16,http_p95_latency,frontend,,,,,,198.0
2026-09-01 13:29:16,deployment,paymentservice,9,33,1,,,
2026-09-01 13:29:16,deployment,productcatalogservice,319,42,5,,,
2026-09-01 13:29:16,deployment,recommendationservice,241,163,4,,,
2026-09-01 13:29:16,deployment,redis-cart,16,44,1,,,
2026-09-01 13:29:16,deployment,shippingservice,26,9,1,,,
2026-09-01 13:29:16,autoscaler,customdas-cpu-queue-autoscaler-adservice,5,60,1,,,
2026-09-01 13:29:16,autoscaler,customdas-cpu-queue-autoscaler-cartservice,5,60,1,,,
2026-09-01 13:29:16,autoscaler,customdas-cpu-queue-autoscaler-checkoutservice,6,60,1,,,
2026-09-01 13:29:16,autoscaler,customdas-cpu-queue-autoscaler-currencyservice,6,60,1,,,
2026-09-01 13:29:16,autoscaler,customdas-cpu-queue-autoscaler-emailservice,5,60,1,,,
2026-09-01 13:29:16,autoscaler,customdas-cpu-queue-autoscaler-frontend,15,60,1,,,
2026-09-01 13:29:16,autoscaler,customdas-cpu-queue-autoscaler-paymentservice,5,60,1,,,
2026-09-01 13:29:16,autoscaler,customdas-cpu-queue-autoscaler-productcatalogservice,6,60,1,,,
2026-09-01 13:29:16,autoscaler,customdas-cpu-queue-autoscaler-recommendationservice,11,60,1,,,
2026-09-01 13:29:16,autoscaler,customdas-cpu-queue-autoscaler-shippingservice,4,60,1,,,
2026-09-01 13:29:16,node,ze-master-node,2713,4103,,67.8,51.7,
2026-09-01 13:29:16,node,ze-worker-node,2084,2144,,52.1,27.0,
2026-09-01 13:29:24,deployment,adservice,56,176,2,,,
2026-09-01 13:29:24,deployment,cartservice,193,114,3,,,
2026-09-01 13:29:24,deployment,checkoutservice,40,34,3,,,
2026-09-01 13:29:24,deployment,currencyservice,321,166,3,,,
2026-09-01 13:29:24,deployment,emailservice,14,40,1,,,
2026-09-01 13:29:24,deployment,frontend,612,113,9,,,
2026-09-01 13:29:24,http_p95_latency,frontend,,,,,,198.0
2026-09-01 13:29:24,deployment,paymentservice,10,32,1,,,
2026-09-01 13:29:24,deployment,productcatalogservice,328,42,5,,,
2026-09-01 13:29:24,deployment,recommendationservice,242,163,4,,,
2026-09-01 13:29:24,deployment,redis-cart,18,44,1,,,
2026-09-01 13:29:24,deployment,shippingservice,28,9,1,,,
2026-09-01 13:29:24,autoscaler,customdas-cpu-queue-autoscaler-adservice,7,60,1,,,
2026-09-01 13:29:24,autoscaler,customdas-cpu-queue-autoscaler-cartservice,6,60,1,,,
2026-09-01 13:29:24,autoscaler,customdas-cpu-queue-autoscaler-checkoutservice,3,60,1,,,
2026-09-01 13:29:24,autoscaler,customdas-cpu-queue-autoscaler-currencyservice,9,60,1,,,
2026-09-01 13:29:24,autoscaler,customdas-cpu-queue-autoscaler-emailservice,3,60,1,,,
2026-09-01 13:29:24,autoscaler,customdas-cpu-queue-autoscaler-frontend,7,60,1,,,
2026-09-01 13:29:24,autoscaler,customdas-cpu-queue-autoscaler-paymentservice,5,60,1,,,
2026-09-01 13:29:24,autoscaler,customdas-cpu-queue-autoscaler-productcatalogservice,5,60,1,,,
2026-09-01 13:29:24,autoscaler,customdas-cpu-queue-autoscaler-recommendationservice,6,60,1,,,
2026-09-01 13:29:24,autoscaler,customdas-cpu-queue-autoscaler-shippingservice,4,60,1,,,
2026-09-01 13:29:24,node,ze-master-node,2743,4111,,68.6,51.8,
2026-09-01 13:29:24,node,ze-worker-node,2171,2146,,54.3,27.0,
2026-09-01 13:29:33,deployment,adservice,56,176,2,,,
2026-09-01 13:29:33,deployment,cartservice,193,114,3,,,
2026-09-01 13:29:33,deployment,checkoutservice,42,33,3,,,
2026-09-01 13:29:33,deployment,currencyservice,299,170,3,,,
2026-09-01 13:29:33,deployment,emailservice,19,40,1,,,
2026-09-01 13:29:33,deployment,frontend,587,113,9,,,
2026-09-01 13:29:33,http_p95_latency,frontend,,,,,,201.6
2026-09-01 13:29:33,deployment,paymentservice,10,33,1,,,
2026-09-01 13:29:33,deployment,productcatalogservice,328,41,5,,,
2026-09-01 13:29:33,deployment,recommendationservice,234,163,4,,,
2026-09-01 13:29:33,deployment,redis-cart,17,44,1,,,
2026-09-01 13:29:33,deployment,shippingservice,28,9,1,,,
2026-09-01 13:29:33,autoscaler,customdas-cpu-queue-autoscaler-adservice,0,60,1,,,
2026-09-01 13:29:33,autoscaler,customdas-cpu-queue-autoscaler-cartservice,4,60,1,,,
2026-09-01 13:29:33,autoscaler,customdas-cpu-queue-autoscaler-checkoutservice,8,60,1,,,
2026-09-01 13:29:33,autoscaler,customdas-cpu-queue-autoscaler-currencyservice,5,60,1,,,
2026-09-01 13:29:33,autoscaler,customdas-cpu-queue-autoscaler-emailservice,4,60,1,,,
2026-09-01 13:29:33,autoscaler,customdas-cpu-queue-autoscaler-frontend,7,60,1,,,
2026-09-01 13:29:33,autoscaler,customdas-cpu-queue-autoscaler-paymentservice,0,60,1,,,
2026-09-01 13:29:33,autoscaler,customdas-cpu-queue-autoscaler-productcatalogservice,5,60,1,,,
2026-09-01 13:29:33,autoscaler,customdas-cpu-queue-autoscaler-recommendationservice,7,60,1,,,
2026-09-01 13:29:33,autoscaler,customdas-cpu-queue-autoscaler-shippingservice,5,60,1,,,
2026-09-01 13:29:33,node,ze-master-node,2742,4103,,68.5,51.7,
2026-09-01 13:29:33,node,ze-worker-node,2051,2150,,51.3,27.1,
2026-09-01 13:29:42,deployment,adservice,50,176,2,,,
2026-09-01 13:29:42,deployment,cartservice,183,114,3,,,
2026-09-01 13:29:42,deployment,checkoutservice,42,33,3,,,
2026-09-01 13:29:42,deployment,currencyservice,299,170,3,,,
2026-09-01 13:29:42,deployment,emailservice,19,40,1,,,
2026-09-01 13:29:42,deployment,frontend,587,113,9,,,
2026-09-01 13:29:42,http_p95_latency,frontend,,,,,,205.3
2026-09-01 13:29:42,deployment,paymentservice,10,33,1,,,
2026-09-01 13:29:42,deployment,productcatalogservice,328,41,5,,,
2026-09-01 13:29:42,deployment,recommendationservice,234,163,4,,,
2026-09-01 13:29:42,deployment,redis-cart,17,44,1,,,
2026-09-01 13:29:42,deployment,shippingservice,28,9,1,,,
2026-09-01 13:29:42,autoscaler,customdas-cpu-queue-autoscaler-adservice,0,60,1,,,
2026-09-01 13:29:42,autoscaler,customdas-cpu-queue-autoscaler-cartservice,4,60,1,,,
2026-09-01 13:29:42,autoscaler,customdas-cpu-queue-autoscaler-checkoutservice,8,60,1,,,
2026-09-01 13:29:42,autoscaler,customdas-cpu-queue-autoscaler-currencyservice,5,60,1,,,
2026-09-01 13:29:42,autoscaler,customdas-cpu-queue-autoscaler-emailservice,4,60,1,,,
2026-09-01 13:29:42,autoscaler,customdas-cpu-queue-autoscaler-frontend,7,60,1,,,
2026-09-01 13:29:42,autoscaler,customdas-cpu-queue-autoscaler-paymentservice,0,60,1,,,
2026-09-01 13:29:42,autoscaler,customdas-cpu-queue-autoscaler-productcatalogservice,5,60,1,,,
2026-09-01 13:29:42,autoscaler,customdas-cpu-queue-autoscaler-recommendationservice,7,60,1,,,
2026-09-01 13:29:42,autoscaler,customdas-cpu-queue-autoscaler-shippingservice,5,60,1,,,
2026-09-01 13:29:42,node,ze-master-node,2742,4103,,68.5,51.7,
2026-09-01 13:29:42,node,ze-worker-node,2051,2150,,51.3,27.1,
2026-09-01 13:29:51,deployment,adservice,52,176,2,,,
2026-09-01 13:29:51,deployment,cartservice,150,114,3,,,
2026-09-01 13:29:51,deployment,checkoutservice,39,34,3,,,
2026-09-01 13:29:51,deployment,currencyservice,281,174,3,,,
2026-09-01 13:29:51,deployment,emailservice,15,40,1,,,
2026-09-01 13:29:51,deployment,frontend,546,112,9,,,
2026-09-01 13:29:51,http_p95_latency,frontend,,,,,,205.3
2026-09-01 13:29:51,deployment,paymentservice,9,33,1,,,
2026-09-01 13:29:51,deployment,productcatalogservice,304,41,5,,,
2026-09-01 13:29:51,deployment,recommendationservice,231,163,4,,,
2026-09-01 13:29:51,deployment,redis-cart,17,44,1,,,
2026-09-01 13:29:51,deployment,shippingservice,25,9,1,,,
2026-09-01 13:29:51,autoscaler,customdas-cpu-queue-autoscaler-adservice,4,60,1,,,
2026-09-01 13:29:51,autoscaler,customdas-cpu-queue-autoscaler-cartservice,5,60,1,,,
2026-09-01 13:29:51,autoscaler,customdas-cpu-queue-autoscaler-checkoutservice,5,60,1,,,
2026-09-01 13:29:51,autoscaler,customdas-cpu-queue-autoscaler-currencyservice,5,60,1,,,
2026-09-01 13:29:51,autoscaler,customdas-cpu-queue-autoscaler-emailservice,5,60,1,,,
2026-09-01 13:29:51,autoscaler,customdas-cpu-queue-autoscaler-frontend,13,60,1,,,
2026-09-01 13:29:51,autoscaler,customdas-cpu-queue-autoscaler-paymentservice,4,60,1,,,
2026-09-01 13:29:51,autoscaler,customdas-cpu-queue-autoscaler-productcatalogservice,8,60,1,,,
2026-09-01 13:29:51,autoscaler,customdas-cpu-queue-autoscaler-recommendationservice,9,60,1,,,
2026-09-01 13:29:51,autoscaler,customdas-cpu-queue-autoscaler-shippingservice,3,60,1,,,
2026-09-01 13:29:51,node,ze-master-node,2667,4076,,66.7,51.3,
2026-09-01 13:29:51,node,ze-worker-node,2022,2156,,50.5,27.2,
2026-09-01 13:29:59,deployment,adservice,52,176,2,,,
2026-09-01 13:29:59,deployment,cartservice,150,114,3,,,
2026-09-01 13:29:59,deployment,checkoutservice,39,34,3,,,
2026-09-01 13:29:59,deployment,currencyservice,281,174,3,,,
2026-09-01 13:29:59,deployment,emailservice,15,40,1,,,
2026-09-01 13:29:59,deployment,frontend,546,112,9,,,
2026-09-01 13:29:59,http_p95_latency,frontend,,,,,,205.0
2026-09-01 13:29:59,deployment,paymentservice,9,33,1,,,
2026-09-01 13:29:59,deployment,productcatalogservice,304,41,5,,,
2026-09-01 13:29:59,deployment,recommendationservice,231,163,4,,,
2026-09-01 13:29:59,deployment,redis-cart,17,44,1,,,
2026-09-01 13:29:59,deployment,shippingservice,25,9,1,,,
2026-09-01 13:29:59,autoscaler,customdas-cpu-queue-autoscaler-adservice,4,60,1,,,
2026-09-01 13:29:59,autoscaler,customdas-cpu-queue-autoscaler-cartservice,5,60,1,,,
2026-09-01 13:29:59,autoscaler,customdas-cpu-queue-autoscaler-checkoutservice,5,60,1,,,
2026-09-01 13:29:59,autoscaler,customdas-cpu-queue-autoscaler-currencyservice,5,60,1,,,
2026-09-01 13:29:59,autoscaler,customdas-cpu-queue-autoscaler-emailservice,5,60,1,,,
2026-09-01 13:29:59,autoscaler,customdas-cpu-queue-autoscaler-frontend,13,60,1,,,
2026-09-01 13:29:59,autoscaler,customdas-cpu-queue-autoscaler-paymentservice,4,60,1,,,
2026-09-01 13:29:59,autoscaler,customdas-cpu-queue-autoscaler-productcatalogservice,8,60,1,,,
2026-09-01 13:29:59,autoscaler,customdas-cpu-queue-autoscaler-recommendationservice,9,60,1,,,
2026-09-01 13:29:59,autoscaler,customdas-cpu-queue-autoscaler-shippingservice,3,60,1,,,
2026-09-01 13:29:59,node,ze-master-node,2667,4076,,66.7,51.3,
2026-09-01 13:29:59,node,ze-worker-node,2022,2156,,50.5,27.2,
2026-09-01 13:30:06,deployment,adservice,49,176,2,,,
2026-09-01 13:30:06,deployment,cartservice,156,114,3,,,
2026-09-01 13:30:06,deployment,checkoutservice,43,33,3,,,
2026-09-01 13:30:06,deployment,currencyservice,283,173,3,,,
2026-09-01 13:30:06,deployment,emailservice,18,40,1,,,
2026-09-01 13:30:06,deployment,frontend,546,113,9,,,
2026-09-01 13:30:06,http_p95_latency,frontend,,,,,,205.0
2026-09-01 13:30:06,deployment,paymentservice,10,33,1,,,
2026-09-01 13:30:06,deployment,productcatalogservice,308,41,5,,,
2026-09-01 13:30:06,deployment,recommendationservice,236,163,4,,,
2026-09-01 13:30:06,deployment,redis-cart,17,44,1,,,
2026-09-01 13:30:06,deployment,shippingservice,25,9,1,,,
2026-09-01 13:30:06,autoscaler,customdas-cpu-queue-autoscaler-adservice,4,60,1,,,
2026-09-01 13:30:06,autoscaler,customdas-cpu-queue-autoscaler-cartservice,8,60,1,,,
2026-09-01 13:30:06,autoscaler,customdas-cpu-queue-autoscaler-checkoutservice,5,60,1,,,
2026-09-01 13:30:06,autoscaler,customdas-cpu-queue-autoscaler-currencyservice,6,60,1,,,
2026-09-01 13:30:06,autoscaler,customdas-cpu-queue-autoscaler-emailservice,5,60,1,,,
2026-09-01 13:30:06,autoscaler,customdas-cpu-queue-autoscaler-frontend,9,60,1,,,
2026-09-01 13:30:06,autoscaler,customdas-cpu-queue-autoscaler-paymentservice,6,60,1,,,
2026-09-01 13:30:06,autoscaler,customdas-cpu-queue-autoscaler-productcatalogservice,5,60,1,,,
2026-09-01 13:30:06,autoscaler,customdas-cpu-queue-autoscaler-recommendationservice,11,60,1,,,
2026-09-01 13:30:06,autoscaler,customdas-cpu-queue-autoscaler-shippingservice,7,60,1,,,
2026-09-01 13:30:06,node,ze-master-node,2553,4072,,63.8,51.3,
2026-09-01 13:30:06,node,ze-worker-node,2060,2156,,51.5,27.2,
2026-09-01 13:30:16,deployment,adservice,49,176,2,,,
2026-09-01 13:30:16,deployment,cartservice,156,114,3,,,
2026-09-01 13:30:16,deployment,checkoutservice,43,33,3,,,
2026-09-01 13:30:16,deployment,currencyservice,283,173,3,,,
2026-09-01 13:30:16,deployment,emailservice,18,40,1,,,
2026-09-01 13:30:16,deployment,frontend,546,113,9,,,
2026-09-01 13:30:16,http_p95_latency,frontend,,,,,,200.5
2026-09-01 13:30:16,deployment,paymentservice,10,33,1,,,
2026-09-01 13:30:16,deployment,productcatalogservice,308,41,5,,,
2026-09-01 13:30:16,deployment,recommendationservice,236,163,4,,,
2026-09-01 13:30:16,deployment,redis-cart,17,44,1,,,
2026-09-01 13:30:16,deployment,shippingservice,25,9,1,,,
2026-09-01 13:30:16,autoscaler,customdas-cpu-queue-autoscaler-adservice,4,60,1,,,
2026-09-01 13:30:16,autoscaler,customdas-cpu-queue-autoscaler-cartservice,8,60,1,,,
2026-09-01 13:30:16,autoscaler,customdas-cpu-queue-autoscaler-checkoutservice,5,60,1,,,
2026-09-01 13:30:16,autoscaler,customdas-cpu-queue-autoscaler-currencyservice,6,60,1,,,
2026-09-01 13:30:16,autoscaler,customdas-cpu-queue-autoscaler-emailservice,5,60,1,,,
2026-09-01 13:30:16,autoscaler,customdas-cpu-queue-autoscaler-frontend,9,60,1,,,
2026-09-01 13:30:16,autoscaler,customdas-cpu-queue-autoscaler-paymentservice,6,60,1,,,
2026-09-01 13:30:16,autoscaler,customdas-cpu-queue-autoscaler-productcatalogservice,5,60,1,,,
2026-09-01 13:30:16,autoscaler,customdas-cpu-queue-autoscaler-recommendationservice,11,60,1,,,
2026-09-01 13:30:16,autoscaler,customdas-cpu-queue-autoscaler-shippingservice,7,60,1,,,
2026-09-01 13:30:16,node,ze-master-node,2553,4072,,63.8,51.3,
2026-09-01 13:30:16,node,ze-worker-node,2060,2156,,51.5,27.2,
2026-09-01 13:30:23,deployment,adservice,49,176,2,,,
2026-09-01 13:30:23,deployment,cartservice,152,114,3,,,
2026-09-01 13:30:23,deployment,checkoutservice,39,34,3,,,
2026-09-01 13:30:23,deployment,currencyservice,296,174,3,,,
2026-09-01 13:30:23,deployment,emailservice,18,40,1,,,
2026-09-01 13:30:23,deployment,frontend,558,112,9,,,
2026-09-01 13:30:23,http_p95_latency,frontend,,,,,,200.5
2026-09-01 13:30:23,deployment,paymentservice,10,33,1,,,
2026-09-01 13:30:23,deployment,productcatalogservice,304,41,5,,,
2026-09-01 13:30:23,deployment,recommendationservice,217,163,4,,,
2026-09-01 13:30:23,deployment,redis-cart,16,44,1,,,
2026-09-01 13:30:23,deployment,shippingservice,26,9,1,,,
2026-09-01 13:30:23,autoscaler,customdas-cpu-queue-autoscaler-adservice,4,60,1,,,
2026-09-01 13:30:23,autoscaler,customdas-cpu-queue-autoscaler-cartservice,7,60,1,,,
2026-09-01 13:30:23,autoscaler,customdas-cpu-queue-autoscaler-checkoutservice,5,60,1,,,
2026-09-01 13:30:23,autoscaler,customdas-cpu-queue-autoscaler-currencyservice,7,60,1,,,
2026-09-01 13:30:23,autoscaler,customdas-cpu-queue-autoscaler-emailservice,5,60,1,,,
2026-09-01 13:30:23,autoscaler,customdas-cpu-queue-autoscaler-frontend,9,60,1,,,
2026-09-01 13:30:23,autoscaler,customdas-cpu-queue-autoscaler-paymentservice,5,60,1,,,
2026-09-01 13:30:23,autoscaler,customdas-cpu-queue-autoscaler-productcatalogservice,4,60,1,,,
2026-09-01 13:30:23,autoscaler,customdas-cpu-queue-autoscaler-recommendationservice,5,60,1,,,
2026-09-01 13:30:23,autoscaler,customdas-cpu-queue-autoscaler-shippingservice,0,60,1,,,
2026-09-01 13:30:23,node,ze-master-node,2603,4076,,65.1,51.3,
2026-09-01 13:30:23,node,ze-worker-node,2045,2158,,51.1,27.2,
2026-09-01 13:30:32,deployment,adservice,49,176,2,,,
2026-09-01 13:30:32,deployment,cartservice,152,114,3,,,
2026-09-01 13:30:32,deployment,checkoutservice,39,34,3,,,
2026-09-01 13:30:32,deployment,currencyservice,296,174,3,,,
2026-09-01 13:30:32,deployment,emailservice,18,40,1,,,
2026-09-01 13:30:32,deployment,frontend,558,112,9,,,
2026-09-01 13:30:32,http_p95_latency,frontend,,,,,,199.3
2026-09-01 13:30:32,deployment,paymentservice,10,33,1,,,
2026-09-01 13:30:32,deployment,productcatalogservice,304,41,5,,,
2026-09-01 13:30:32,deployment,recommendationservice,217,163,4,,,
2026-09-01 13:30:32,deployment,redis-cart,16,44,1,,,
2026-09-01 13:30:32,deployment,shippingservice,26,9,1,,,
2026-09-01 13:30:32,autoscaler,customdas-cpu-queue-autoscaler-adservice,4,60,1,,,
2026-09-01 13:30:32,autoscaler,customdas-cpu-queue-autoscaler-cartservice,7,60,1,,,
2026-09-01 13:30:32,autoscaler,customdas-cpu-queue-autoscaler-checkoutservice,5,60,1,,,
2026-09-01 13:30:32,autoscaler,customdas-cpu-queue-autoscaler-currencyservice,5,60,1,,,
2026-09-01 13:30:32,autoscaler,customdas-cpu-queue-autoscaler-emailservice,4,60,1,,,
2026-09-01 13:30:32,autoscaler,customdas-cpu-queue-autoscaler-frontend,10,60,1,,,
2026-09-01 13:30:32,autoscaler,customdas-cpu-queue-autoscaler-paymentservice,5,60,1,,,
2026-09-01 13:30:32,autoscaler,customdas-cpu-queue-autoscaler-productcatalogservice,7,60,1,,,
2026-09-01 13:30:32,autoscaler,customdas-cpu-queue-autoscaler-recommendationservice,6,60,1,,,
2026-09-01 13:30:32,autoscaler,customdas-cpu-queue-autoscaler-shippingservice,6,60,1,,,
2026-09-01 13:30:32,node,ze-master-node,2587,4066,,64.7,51.2,
2026-09-01 13:30:32,node,ze-worker-node,1976,2160,,49.4,27.2,
2026-09-01 13:30:40,deployment,adservice,44,176,2,,,
2026-09-01 13:30:40,deployment,cartservice,147,114,3,,,
2026-09-01 13:30:40,deployment,checkoutservice,37,34,3,,,
2026-09-01 13:30:40,deployment,currencyservice,276,176,3,,,
2026-09-01 13:30:40,deployment,emailservice,11,40,1,,,
2026-09-01 13:30:40,deployment,frontend,514,113,9,,,
2026-09-01 13:30:40,http_p95_latency,frontend,,,,,,199.3
2026-09-01 13:30:40,deployment,paymentservice,10,33,1,,,
2026-09-01 13:30:40,deployment,productcatalogservice,284,42,5,,,
2026-09-01 13:30:40,deployment,recommendationservice,214,163,4,,,
2026-09-01 13:30:40,deployment,redis-cart,15,44,1,,,
2026-09-01 13:30:40,deployment,shippingservice,22,9,1,,,
2026-09-01 13:30:40,autoscaler,customdas-cpu-queue-autoscaler-adservice,5,60,1,,,
2026-09-01 13:30:40,autoscaler,customdas-cpu-queue-autoscaler-cartservice,8,60,1,,,
2026-09-01 13:30:40,autoscaler,customdas-cpu-queue-autoscaler-checkoutservice,8,60,1,,,
2026-09-01 13:30:40,autoscaler,customdas-cpu-queue-autoscaler-currencyservice,5,60,1,,,
2026-09-01 13:30:40,autoscaler,customdas-cpu-queue-autoscaler-emailservice,4,60,1,,,
2026-09-01 13:30:40,autoscaler,customdas-cpu-queue-autoscaler-frontend,10,60,1,,,
2026-09-01 13:30:40,autoscaler,customdas-cpu-queue-autoscaler-paymentservice,5,60,1,,,
2026-09-01 13:30:40,autoscaler,customdas-cpu-queue-autoscaler-productcatalogservice,7,60,1,,,
2026-09-01 13:30:40,autoscaler,customdas-cpu-queue-autoscaler-recommendationservice,6,60,1,,,
2026-09-01 13:30:40,autoscaler,customdas-cpu-queue-autoscaler-shippingservice,6,60,1,,,
2026-09-01 13:30:40,node,ze-master-node,2587,4066,,64.7,51.2,
2026-09-01 13:30:40,node,ze-worker-node,1976,2160,,49.4,27.2,
2026-09-01 13:30:48,deployment,adservice,44,176,2,,,
2026-09-01 13:30:48,deployment,cartservice,147,114,3,,,
2026-09-01 13:30:48,deployment,checkoutservice,37,34,3,,,
2026-09-01 13:30:48,deployment,currencyservice,276,176,3,,,
2026-09-01 13:30:48,deployment,emailservice,11,40,1,,,
2026-09-01 13:30:48,deployment,frontend,514,113,9,,,
2026-09-01 13:30:48,http_p95_latency,frontend,,,,,,194.8
2026-09-01 13:30:48,deployment,paymentservice,10,33,1,,,
2026-09-01 13:30:48,deployment,productcatalogservice,284,42,5,,,
2026-09-01 13:30:48,deployment,recommendationservice,214,163,4,,,
2026-09-01 13:30:48,deployment,redis-cart,15,44,1,,,
2026-09-01 13:30:48,deployment,shippingservice,22,9,1,,,
2026-09-01 13:30:48,autoscaler,customdas-cpu-queue-autoscaler-adservice,5,60,1,,,
2026-09-01 13:30:48,autoscaler,customdas-cpu-queue-autoscaler-cartservice,8,60,1,,,
2026-09-01 13:30:48,autoscaler,customdas-cpu-queue-autoscaler-checkoutservice,6,60,1,,,
2026-09-01 13:30:48,autoscaler,customdas-cpu-queue-autoscaler-currencyservice,7,60,1,,,
2026-09-01 13:30:48,autoscaler,customdas-cpu-queue-autoscaler-emailservice,6,60,1,,,
2026-09-01 13:30:48,autoscaler,customdas-cpu-queue-autoscaler-frontend,13,60,1,,,
2026-09-01 13:30:48,autoscaler,customdas-cpu-queue-autoscaler-paymentservice,3,60,1,,,
2026-09-01 13:30:48,autoscaler,customdas-cpu-queue-autoscaler-productcatalogservice,9,60,1,,,
2026-09-01 13:30:48,autoscaler,customdas-cpu-queue-autoscaler-recommendationservice,10,60,1,,,
2026-09-01 13:30:48,autoscaler,customdas-cpu-queue-autoscaler-shippingservice,6,60,1,,,
2026-09-01 13:30:48,node,ze-master-node,2433,4060,,60.8,51.1,
2026-09-01 13:30:48,node,ze-worker-node,1892,2159,,47.3,27.2,
2026-09-01 13:30:56,deployment,adservice,42,176,2,,,
2026-09-01 13:30:56,deployment,cartservice,171,114,3,,,
2026-09-01 13:30:56,deployment,checkoutservice,38,36,3,,,
2026-09-01 13:30:56,deployment,currencyservice,248,178,3,,,
2026-09-01 13:30:56,deployment,emailservice,18,40,1,,,
2026-09-01 13:30:56,deployment,frontend,473,112,9,,,
2026-09-01 13:30:56,http_p95_latency,frontend,,,,,,194.8
2026-09-01 13:30:56,deployment,paymentservice,10,33,1,,,
2026-09-01 13:30:56,deployment,productcatalogservice,275,41,5,,,
2026-09-01 13:30:56,deployment,recommendationservice,203,163,4,,,
2026-09-01 13:30:56,deployment,redis-cart,15,44,1,,,
2026-09-01 13:30:56,deployment,shippingservice,23,9,1,,,
2026-09-01 13:30:56,autoscaler,customdas-cpu-queue-autoscaler-adservice,5,60,1,,,
2026-09-01 13:30:56,autoscaler,customdas-cpu-queue-autoscaler-cartservice,8,60,1,,,
2026-09-01 13:30:56,autoscaler,customdas-cpu-queue-autoscaler-checkoutservice,6,60,1,,,
2026-09-01 13:30:56,autoscaler,customdas-cpu-queue-autoscaler-currencyservice,7,60,1,,,
2026-09-01 13:30:56,autoscaler,customdas-cpu-queue-autoscaler-emailservice,6,60,1,,,
2026-09-01 13:30:56,autoscaler,customdas-cpu-queue-autoscaler-frontend,13,60,1,,,
2026-09-01 13:30:56,autoscaler,customdas-cpu-queue-autoscaler-paymentservice,3,60,1,,,
2026-09-01 13:30:56,autoscaler,customdas-cpu-queue-autoscaler-productcatalogservice,9,60,1,,,
2026-09-01 13:30:56,autoscaler,customdas-cpu-queue-autoscaler-recommendationservice,10,60,1,,,
2026-09-01 13:30:56,autoscaler,customdas-cpu-queue-autoscaler-shippingservice,6,60,1,,,
2026-09-01 13:30:56,node,ze-master-node,2433,4060,,60.8,51.1,
2026-09-01 13:30:56,node,ze-worker-node,1892,2159,,47.3,27.2,
2026-09-01 13:31:04,deployment,adservice,47,176,2,,,
2026-09-01 13:31:04,deployment,cartservice,168,116,3,,,
2026-09-01 13:31:04,deployment,checkoutservice,42,33,3,,,
2026-09-01 13:31:04,deployment,currencyservice,257,181,3,,,
2026-09-01 13:31:04,deployment,emailservice,18,40,1,,,
2026-09-01 13:31:04,deployment,frontend,505,112,9,,,
2026-09-01 13:31:04,http_p95_latency,frontend,,,,,,184.8
2026-09-01 13:31:04,deployment,paymentservice,9,32,1,,,
2026-09-01 13:31:04,deployment,productcatalogservice,279,42,5,,,
2026-09-01 13:31:04,deployment,recommendationservice,218,163,4,,,
2026-09-01 13:31:04,deployment,redis-cart,15,44,1,,,
2026-09-01 13:31:04,deployment,shippingservice,25,9,1,,,
2026-09-01 13:31:04,autoscaler,customdas-cpu-queue-autoscaler-adservice,8,60,1,,,
2026-09-01 13:31:04,autoscaler,customdas-cpu-queue-autoscaler-cartservice,9,60,1,,,
2026-09-01 13:31:04,autoscaler,customdas-cpu-queue-autoscaler-checkoutservice,5,60,1,,,
2026-09-01 13:31:04,autoscaler,customdas-cpu-queue-autoscaler-currencyservice,5,60,1,,,
2026-09-01 13:31:04,autoscaler,customdas-cpu-queue-autoscaler-emailservice,6,60,1,,,
2026-09-01 13:31:04,autoscaler,customdas-cpu-queue-autoscaler-frontend,11,60,1,,,
2026-09-01 13:31:04,autoscaler,customdas-cpu-queue-autoscaler-paymentservice,3,60,1,,,
2026-09-01 13:31:04,autoscaler,customdas-cpu-queue-autoscaler-productcatalogservice,6,60,1,,,
2026-09-01 13:31:04,autoscaler,customdas-cpu-queue-autoscaler-recommendationservice,7,60,1,,,
2026-09-01 13:31:04,autoscaler,customdas-cpu-queue-autoscaler-shippingservice,8,60,1,,,
2026-09-01 13:31:04,node,ze-master-node,2492,3975,,62.3,50.1,
2026-09-01 13:31:04,node,ze-worker-node,1986,2164,,49.6,27.3,
2026-09-01 13:31:12,deployment,adservice,47,176,2,,,
2026-09-01 13:31:12,deployment,cartservice,168,116,3,,,
2026-09-01 13:31:12,deployment,checkoutservice,42,33,3,,,
2026-09-01 13:31:12,deployment,currencyservice,257,181,3,,,
2026-09-01 13:31:12,deployment,emailservice,18,40,1,,,
2026-09-01 13:31:12,deployment,frontend,505,112,9,,,
2026-09-01 13:31:12,http_p95_latency,frontend,,,,,,183.2
2026-09-01 13:31:12,deployment,paymentservice,9,32,1,,,
2026-09-01 13:31:12,deployment,productcatalogservice,279,42,5,,,
2026-09-01 13:31:12,deployment,recommendationservice,218,163,4,,,
2026-09-01 13:31:12,deployment,redis-cart,15,44,1,,,
2026-09-01 13:31:12,deployment,shippingservice,25,9,1,,,
2026-09-01 13:31:12,autoscaler,customdas-cpu-queue-autoscaler-adservice,8,60,1,,,
2026-09-01 13:31:12,autoscaler,customdas-cpu-queue-autoscaler-cartservice,9,60,1,,,
2026-09-01 13:31:12,autoscaler,customdas-cpu-queue-autoscaler-checkoutservice,5,60,1,,,
2026-09-01 13:31:12,autoscaler,customdas-cpu-queue-autoscaler-currencyservice,5,60,1,,,
2026-09-01 13:31:12,autoscaler,customdas-cpu-queue-autoscaler-emailservice,6,60,1,,,
2026-09-01 13:31:12,autoscaler,customdas-cpu-queue-autoscaler-frontend,11,60,1,,,
2026-09-01 13:31:12,autoscaler,customdas-cpu-queue-autoscaler-paymentservice,3,60,1,,,
2026-09-01 13:31:12,autoscaler,customdas-cpu-queue-autoscaler-productcatalogservice,6,60,1,,,
2026-09-01 13:31:12,autoscaler,customdas-cpu-queue-autoscaler-recommendationservice,7,60,1,,,
2026-09-01 13:31:12,autoscaler,customdas-cpu-queue-autoscaler-shippingservice,8,60,1,,,
2026-09-01 13:31:12,node,ze-master-node,2492,3975,,62.3,50.1,
2026-09-01 13:31:12,node,ze-worker-node,1986,2164,,49.6,27.3,
2026-09-01 13:31:21,deployment,adservice,47,176,2,,,
2026-09-01 13:31:21,deployment,cartservice,169,114,3,,,
2026-09-01 13:31:21,deployment,checkoutservice,37,33,3,,,
2026-09-01 13:31:21,deployment,currencyservice,271,183,3,,,
2026-09-01 13:31:21,deployment,emailservice,16,40,1,,,
2026-09-01 13:31:21,deployment,frontend,528,113,9,,,
2026-09-01 13:31:21,http_p95_latency,frontend,,,,,,183.2
2026-09-01 13:31:21,deployment,paymentservice,9,33,1,,,
2026-09-01 13:31:21,deployment,productcatalogservice,294,42,5,,,
2026-09-01 13:31:21,deployment,recommendationservice,216,163,4,,,
2026-09-01 13:31:21,deployment,redis-cart,16,44,1,,,
2026-09-01 13:31:21,deployment,shippingservice,23,9,1,,,
2026-09-01 13:31:21,autoscaler,customdas-cpu-queue-autoscaler-adservice,5,60,1,,,
2026-09-01 13:31:21,autoscaler,customdas-cpu-queue-autoscaler-cartservice,6,60,1,,,
2026-09-01 13:31:21,autoscaler,customdas-cpu-queue-autoscaler-checkoutservice,4,60,1,,,
2026-09-01 13:31:21,autoscaler,customdas-cpu-queue-autoscaler-currencyservice,10,60,1,,,
2026-09-01 13:31:21,autoscaler,customdas-cpu-queue-autoscaler-emailservice,4,60,1,,,
2026-09-01 13:31:21,autoscaler,customdas-cpu-queue-autoscaler-frontend,15,60,1,,,
2026-09-01 13:31:21,autoscaler,customdas-cpu-queue-autoscaler-paymentservice,2,60,1,,,
2026-09-01 13:31:21,autoscaler,customdas-cpu-queue-autoscaler-productcatalogservice,8,60,1,,,
2026-09-01 13:31:21,autoscaler,customdas-cpu-queue-autoscaler-recommendationservice,6,60,1,,,
2026-09-01 13:31:21,autoscaler,customdas-cpu-queue-autoscaler-shippingservice,0,60,1,,,
2026-09-01 13:31:21,node,ze-master-node,2532,3980,,63.3,50.1,
2026-09-01 13:31:21,node,ze-worker-node,2033,2179,,50.8,27.4,
2026-09-01 13:31:28,deployment,adservice,47,176,2,,,
2026-09-01 13:31:28,deployment,cartservice,169,114,3,,,
2026-09-01 13:31:28,deployment,checkoutservice,37,33,3,,,
2026-09-01 13:31:28,deployment,currencyservice,271,183,3,,,
2026-09-01 13:31:28,deployment,emailservice,16,40,1,,,
2026-09-01 13:31:28,deployment,frontend,528,113,9,,,
2026-09-01 13:31:28,http_p95_latency,frontend,,,,,,189.2
2026-09-01 13:31:28,deployment,paymentservice,9,33,1,,,
2026-09-01 13:31:28,deployment,productcatalogservice,294,42,5,,,
2026-09-01 13:31:28,deployment,recommendationservice,216,163,4,,,
2026-09-01 13:31:28,deployment,redis-cart,16,44,1,,,
2026-09-01 13:31:28,deployment,shippingservice,23,9,1,,,
2026-09-01 13:31:28,autoscaler,customdas-cpu-queue-autoscaler-adservice,5,60,1,,,
2026-09-01 13:31:28,autoscaler,customdas-cpu-queue-autoscaler-cartservice,6,60,1,,,
2026-09-01 13:31:28,autoscaler,customdas-cpu-queue-autoscaler-checkoutservice,4,60,1,,,
2026-09-01 13:31:28,autoscaler,customdas-cpu-queue-autoscaler-currencyservice,10,60,1,,,
2026-09-01 13:31:28,autoscaler,customdas-cpu-queue-autoscaler-emailservice,4,60,1,,,
2026-09-01 13:31:28,autoscaler,customdas-cpu-queue-autoscaler-frontend,15,60,1,,,
2026-09-01 13:31:28,autoscaler,customdas-cpu-queue-autoscaler-paymentservice,2,60,1,,,
2026-09-01 13:31:28,autoscaler,customdas-cpu-queue-autoscaler-productcatalogservice,8,60,1,,,
2026-09-01 13:31:28,autoscaler,customdas-cpu-queue-autoscaler-recommendationservice,6,60,1,,,
2026-09-01 13:31:28,autoscaler,customdas-cpu-queue-autoscaler-shippingservice,0,60,1,,,
2026-09-01 13:31:28,node,ze-master-node,2532,3980,,63.3,50.1,
2026-09-01 13:31:28,node,ze-worker-node,2033,2179,,50.8,27.4,
2026-09-01 13:31:35,deployment,adservice,47,176,2,,,
2026-09-01 13:31:35,deployment,cartservice,152,114,3,,,
2026-09-01 13:31:35,deployment,checkoutservice,38,33,3,,,
2026-09-01 13:31:35,deployment,currencyservice,258,186,3,,,
2026-09-01 13:31:35,deployment,emailservice,16,40,1,,,
2026-09-01 13:31:35,deployment,frontend,506,113,9,,,
2026-09-01 13:31:35,http_p95_latency,frontend,,,,,,189.2
2026-09-01 13:31:35,deployment,paymentservice,8,33,1,,,
2026-09-01 13:31:35,deployment,productcatalogservice,292,43,5,,,
2026-09-01 13:31:35,deployment,recommendationservice,225,163,4,,,
2026-09-01 13:31:35,deployment,redis-cart,16,44,1,,,
2026-09-01 13:31:35,deployment,shippingservice,25,9,1,,,
2026-09-01 13:31:35,autoscaler,customdas-cpu-queue-autoscaler-adservice,4,60,1,,,
2026-09-01 13:31:35,autoscaler,customdas-cpu-queue-autoscaler-cartservice,7,60,1,,,
2026-09-01 13:31:35,autoscaler,customdas-cpu-queue-autoscaler-checkoutservice,7,60,1,,,
2026-09-01 13:31:35,autoscaler,customdas-cpu-queue-autoscaler-currencyservice,4,60,1,,,
2026-09-01 13:31:35,autoscaler,customdas-cpu-queue-autoscaler-emailservice,5,60,1,,,
2026-09-01 13:31:35,autoscaler,customdas-cpu-queue-autoscaler-frontend,15,60,1,,,
2026-09-01 13:31:35,autoscaler,customdas-cpu-queue-autoscaler-paymentservice,3,60,1,,,
2026-09-01 13:31:35,autoscaler,customdas-cpu-queue-autoscaler-productcatalogservice,5,60,1,,,
2026-09-01 13:31:35,autoscaler,customdas-cpu-queue-autoscaler-recommendationservice,6,60,1,,,
2026-09-01 13:31:35,autoscaler,customdas-cpu-queue-autoscaler-shippingservice,5,60,1,,,
2026-09-01 13:31:35,node,ze-master-node,2660,3987,,66.5,50.2,
2026-09-01 13:31:35,node,ze-worker-node,2023,2170,,50.6,27.3,
2026-09-01 13:31:43,deployment,adservice,47,176,2,,,
2026-09-01 13:31:43,deployment,cartservice,152,114,3,,,
2026-09-01 13:31:43,deployment,checkoutservice,38,33,3,,,
2026-09-01 13:31:43,deployment,currencyservice,258,186,3,,,
2026-09-01 13:31:43,deployment,emailservice,16,40,1,,,
2026-09-01 13:31:43,deployment,frontend,506,113,9,,,
2026-09-01 13:31:43,http_p95_latency,frontend,,,,,,196.6
2026-09-01 13:31:43,deployment,paymentservice,8,33,1,,,
2026-09-01 13:31:43,deployment,productcatalogservice,292,43,5,,,
2026-09-01 13:31:43,deployment,recommendationservice,225,163,4,,,
2026-09-01 13:31:43,deployment,redis-cart,16,44,1,,,
2026-09-01 13:31:43,deployment,shippingservice,25,9,1,,,
2026-09-01 13:31:43,autoscaler,customdas-cpu-queue-autoscaler-adservice,4,60,1,,,
2026-09-01 13:31:43,autoscaler,customdas-cpu-queue-autoscaler-cartservice,7,60,1,,,
2026-09-01 13:31:43,autoscaler,customdas-cpu-queue-autoscaler-checkoutservice,7,60,1,,,
2026-09-01 13:31:43,autoscaler,customdas-cpu-queue-autoscaler-currencyservice,4,60,1,,,
2026-09-01 13:31:43,autoscaler,customdas-cpu-queue-autoscaler-emailservice,5,60,1,,,
2026-09-01 13:31:43,autoscaler,customdas-cpu-queue-autoscaler-frontend,15,60,1,,,
2026-09-01 13:31:43,autoscaler,customdas-cpu-queue-autoscaler-paymentservice,3,60,1,,,
2026-09-01 13:31:43,autoscaler,customdas-cpu-queue-autoscaler-productcatalogservice,5,60,1,,,
2026-09-01 13:31:43,autoscaler,customdas-cpu-queue-autoscaler-recommendationservice,6,60,1,,,
2026-09-01 13:31:43,autoscaler,customdas-cpu-queue-autoscaler-shippingservice,5,60,1,,,
2026-09-01 13:31:43,node,ze-master-node,2660,3987,,66.5,50.2,
2026-09-01 13:31:43,node,ze-worker-node,2023,2170,,50.6,27.3,
2026-09-01 13:31:51,deployment,adservice,42,176,2,,,
2026-09-01 13:31:51,deployment,cartservice,152,114,3,,,
2026-09-01 13:31:51,deployment,checkoutservice,37,33,3,,,
2026-09-01 13:31:51,deployment,currencyservice,281,157,3,,,
2026-09-01 13:31:51,deployment,emailservice,15,40,1,,,
2026-09-01 13:31:51,deployment,frontend,510,113,9,,,
2026-09-01 13:31:51,http_p95_latency,frontend,,,,,,196.6
2026-09-01 13:31:51,deployment,paymentservice,12,33,1,,,
2026-09-01 13:31:51,deployment,productcatalogservice,282,42,5,,,
2026-09-01 13:31:51,deployment,recommendationservice,213,165,4,,,
2026-09-01 13:31:51,deployment,redis-cart,25,46,1,,,
2026-09-01 13:31:51,deployment,shippingservice,24,9,1,,,
2026-09-01 13:31:51,autoscaler,customdas-cpu-queue-autoscaler-adservice,3,60,1,,,
2026-09-01 13:31:51,autoscaler,customdas-cpu-queue-autoscaler-cartservice,5,60,1,,,
2026-09-01 13:31:51,autoscaler,customdas-cpu-queue-autoscaler-checkoutservice,4,60,1,,,
2026-09-01 13:31:51,autoscaler,customdas-cpu-queue-autoscaler-currencyservice,6,60,1,,,
2026-09-01 13:31:51,autoscaler,customdas-cpu-queue-autoscaler-emailservice,5,60,1,,,
2026-09-01 13:31:51,autoscaler,customdas-cpu-queue-autoscaler-frontend,11,60,1,,,
2026-09-01 13:31:51,autoscaler,customdas-cpu-queue-autoscaler-paymentservice,5,60,1,,,
2026-09-01 13:31:51,autoscaler,customdas-cpu-queue-autoscaler-productcatalogservice,5,60,1,,,
2026-09-01 13:31:51,autoscaler,customdas-cpu-queue-autoscaler-recommendationservice,5,60,1,,,
2026-09-01 13:31:51,autoscaler,customdas-cpu-queue-autoscaler-shippingservice,5,60,1,,,
2026-09-01 13:31:51,node,ze-master-node,2491,3925,,62.3,49.4,
2026-09-01 13:31:51,node,ze-worker-node,1966,2167,,49.1,27.3,
2026-09-01 13:32:00,deployment,adservice,42,176,2,,,
2026-09-01 13:32:00,deployment,cartservice,152,114,3,,,
2026-09-01 13:32:00,deployment,checkoutservice,37,33,3,,,
2026-09-01 13:32:00,deployment,currencyservice,281,157,3,,,
2026-09-01 13:32:00,deployment,emailservice,15,40,1,,,
2026-09-01 13:32:00,deployment,frontend,510,113,9,,,
2026-09-01 13:32:00,http_p95_latency,frontend,,,,,,206.4
2026-09-01 13:32:00,deployment,paymentservice,12,33,1,,,
2026-09-01 13:32:00,deployment,productcatalogservice,282,42,5,,,
2026-09-01 13:32:00,deployment,recommendationservice,213,165,4,,,
2026-09-01 13:32:00,deployment,redis-cart,25,46,1,,,
2026-09-01 13:32:00,deployment,shippingservice,24,9,1,,,
2026-09-01 13:32:00,autoscaler,customdas-cpu-queue-autoscaler-adservice,3,60,1,,,
2026-09-01 13:32:00,autoscaler,customdas-cpu-queue-autoscaler-cartservice,5,60,1,,,
2026-09-01 13:32:00,autoscaler,customdas-cpu-queue-autoscaler-checkoutservice,3,60,1,,,
2026-09-01 13:32:00,autoscaler,customdas-cpu-queue-autoscaler-currencyservice,7,60,1,,,
2026-09-01 13:32:00,autoscaler,customdas-cpu-queue-autoscaler-emailservice,5,60,1,,,
2026-09-01 13:32:00,autoscaler,customdas-cpu-queue-autoscaler-frontend,10,60,1,,,
2026-09-01 13:32:00,autoscaler,customdas-cpu-queue-autoscaler-paymentservice,5,60,1,,,
2026-09-01 13:32:00,autoscaler,customdas-cpu-queue-autoscaler-productcatalogservice,5,60,1,,,
2026-09-01 13:32:00,autoscaler,customdas-cpu-queue-autoscaler-recommendationservice,5,60,1,,,
2026-09-01 13:32:00,autoscaler,customdas-cpu-queue-autoscaler-shippingservice,9,60,1,,,
2026-09-01 13:32:00,node,ze-master-node,2559,3920,,64.0,49.4,
2026-09-01 13:32:00,node,ze-worker-node,2063,2168,,51.6,27.3,
2026-09-01 13:32:12,deployment,adservice,45,176,2,,,
2026-09-01 13:32:12,deployment,cartservice,164,121,3,,,
2026-09-01 13:32:12,deployment,checkoutservice,40,33,3,,,
2026-09-01 13:32:12,deployment,currencyservice,277,160,3,,,
2026-09-01 13:32:12,deployment,emailservice,16,40,1,,,
2026-09-01 13:32:12,deployment,frontend,506,113,9,,,
2026-09-01 13:32:12,http_p95_latency,frontend,,,,,,203.9
2026-09-01 13:32:12,deployment,paymentservice,8,33,1,,,
2026-09-01 13:32:12,deployment,productcatalogservice,293,42,5,,,
2026-09-01 13:32:12,deployment,recommendationservice,215,163,4,,,
2026-09-01 13:32:12,deployment,redis-cart,56,44,1,,,
2026-09-01 13:32:12,deployment,shippingservice,21,9,1,,,
2026-09-01 13:32:12,autoscaler,customdas-cpu-queue-autoscaler-adservice,3,60,1,,,
2026-09-01 13:32:12,autoscaler,customdas-cpu-queue-autoscaler-cartservice,6,60,1,,,
2026-09-01 13:32:12,autoscaler,customdas-cpu-queue-autoscaler-checkoutservice,3,60,1,,,
2026-09-01 13:32:12,autoscaler,customdas-cpu-queue-autoscaler-currencyservice,7,60,1,,,
2026-09-01 13:32:12,autoscaler,customdas-cpu-queue-autoscaler-emailservice,5,60,1,,,
2026-09-01 13:32:12,autoscaler,customdas-cpu-queue-autoscaler-frontend,10,60,1,,,
2026-09-01 13:32:12,autoscaler,customdas-cpu-queue-autoscaler-paymentservice,5,60,1,,,
2026-09-01 13:32:12,autoscaler,customdas-cpu-queue-autoscaler-productcatalogservice,5,60,1,,,
2026-09-01 13:32:12,autoscaler,customdas-cpu-queue-autoscaler-recommendationservice,5,60,1,,,
2026-09-01 13:32:12,autoscaler,customdas-cpu-queue-autoscaler-shippingservice,9,60,1,,,
2026-09-01 13:32:12,node,ze-master-node,2559,3920,,64.0,49.4,
2026-09-01 13:32:12,node,ze-worker-node,2063,2168,,51.6,27.3,
2026-09-01 13:32:21,deployment,adservice,50,176,2,,,
2026-09-01 13:32:21,deployment,cartservice,164,114,3,,,
2026-09-01 13:32:21,deployment,checkoutservice,41,33,3,,,
2026-09-01 13:32:21,deployment,currencyservice,298,164,3,,,
2026-09-01 13:32:21,deployment,emailservice,14,40,1,,,
2026-09-01 13:32:21,deployment,frontend,538,114,9,,,
2026-09-01 13:32:21,http_p95_latency,frontend,,,,,,203.9
2026-09-01 13:32:21,deployment,paymentservice,9,32,1,,,
2026-09-01 13:32:21,deployment,productcatalogservice,287,43,5,,,
2026-09-01 13:32:21,deployment,recommendationservice,217,163,4,,,
2026-09-01 13:32:21,deployment,redis-cart,17,44,1,,,
2026-09-01 13:32:21,deployment,shippingservice,25,9,1,,,
2026-09-01 13:32:21,autoscaler,customdas-cpu-queue-autoscaler-adservice,4,60,1,,,
2026-09-01 13:32:21,autoscaler,customdas-cpu-queue-autoscaler-cartservice,5,60,1,,,
2026-09-01 13:32:21,autoscaler,customdas-cpu-queue-autoscaler-checkoutservice,4,60,1,,,
2026-09-01 13:32:21,autoscaler,customdas-cpu-queue-autoscaler-currencyservice,0,60,1,,,
2026-09-01 13:32:21,autoscaler,customdas-cpu-queue-autoscaler-emailservice,5,60,1,,,
2026-09-01 13:32:21,autoscaler,customdas-cpu-queue-autoscaler-frontend,12,60,1,,,
2026-09-01 13:32:21,autoscaler,customdas-cpu-queue-autoscaler-paymentservice,3,60,1,,,
2026-09-01 13:32:21,autoscaler,customdas-cpu-queue-autoscaler-productcatalogservice,9,60,1,,,
2026-09-01 13:32:21,autoscaler,customdas-cpu-queue-autoscaler-recommendationservice,6,60,1,,,
2026-09-01 13:32:21,autoscaler,customdas-cpu-queue-autoscaler-shippingservice,6,60,1,,,
2026-09-01 13:32:21,node,ze-master-node,2546,3869,,63.6,48.7,
2026-09-01 13:32:21,node,ze-worker-node,2060,2176,,51.5,27.4,
2026-09-01 13:32:30,deployment,adservice,50,176,2,,,
2026-09-01 13:32:30,deployment,cartservice,164,114,3,,,
2026-09-01 13:32:30,deployment,checkoutservice,41,33,3,,,
2026-09-01 13:32:30,deployment,currencyservice,298,164,3,,,
2026-09-01 13:32:30,deployment,emailservice,14,40,1,,,
2026-09-01 13:32:30,deployment,frontend,538,114,9,,,
2026-09-01 13:32:30,http_p95_latency,frontend,,,,,,210.9
2026-09-01 13:32:30,deployment,paymentservice,9,32,1,,,
2026-09-01 13:32:30,deployment,productcatalogservice,287,43,5,,,
2026-09-01 13:32:30,deployment,recommendationservice,217,163,4,,,
2026-09-01 13:32:30,deployment,redis-cart,17,44,1,,,
2026-09-01 13:32:30,deployment,shippingservice,25,9,1,,,
2026-09-01 13:32:30,autoscaler,customdas-cpu-queue-autoscaler-adservice,4,60,1,,,
2026-09-01 13:32:30,autoscaler,customdas-cpu-queue-autoscaler-cartservice,5,60,1,,,
2026-09-01 13:32:30,autoscaler,customdas-cpu-queue-autoscaler-checkoutservice,4,60,1,,,
2026-09-01 13:32:30,autoscaler,customdas-cpu-queue-autoscaler-currencyservice,0,60,1,,,
2026-09-01 13:32:30,autoscaler,customdas-cpu-queue-autoscaler-emailservice,5,60,1,,,
2026-09-01 13:32:30,autoscaler,customdas-cpu-queue-autoscaler-frontend,12,60,1,,,
2026-09-01 13:32:30,autoscaler,customdas-cpu-queue-autoscaler-paymentservice,3,60,1,,,
2026-09-01 13:32:30,autoscaler,customdas-cpu-queue-autoscaler-productcatalogservice,9,60,1,,,
2026-09-01 13:32:30,autoscaler,customdas-cpu-queue-autoscaler-recommendationservice,6,60,1,,,
2026-09-01 13:32:30,autoscaler,customdas-cpu-queue-autoscaler-shippingservice,6,60,1,,,
2026-09-01 13:32:30,node,ze-master-node,2672,3887,,66.8,48.9,
2026-09-01 13:32:30,node,ze-worker-node,2202,2162,,55.0,27.2,
2026-09-01 13:32:39,deployment,adservice,51,176,2,,,
2026-09-01 13:32:39,deployment,cartservice,169,114,3,,,
2026-09-01 13:32:39,deployment,checkoutservice,34,33,3,,,
2026-09-01 13:32:39,deployment,currencyservice,296,147,3,,,
2026-09-01 13:32:39,deployment,emailservice,15,40,1,,,
2026-09-01 13:32:39,deployment,frontend,592,114,9,,,
2026-09-01 13:32:39,http_p95_latency,frontend,,,,,,210.9
2026-09-01 13:32:39,deployment,paymentservice,7,33,1,,,
2026-09-01 13:32:39,deployment,productcatalogservice,317,41,5,,,
2026-09-01 13:32:39,deployment,recommendationservice,234,163,4,,,
2026-09-01 13:32:39,deployment,redis-cart,18,44,1,,,
2026-09-01 13:32:39,deployment,shippingservice,24,9,1,,,
2026-09-01 13:32:39,autoscaler,customdas-cpu-queue-autoscaler-adservice,4,60,1,,,
2026-09-01 13:32:39,autoscaler,customdas-cpu-queue-autoscaler-cartservice,9,60,1,,,
2026-09-01 13:32:39,autoscaler,customdas-cpu-queue-autoscaler-checkoutservice,7,60,1,,,
2026-09-01 13:32:39,autoscaler,customdas-cpu-queue-autoscaler-currencyservice,10,60,1,,,
2026-09-01 13:32:39,autoscaler,customdas-cpu-queue-autoscaler-emailservice,2,60,1,,,
2026-09-01 13:32:39,autoscaler,customdas-cpu-queue-autoscaler-frontend,12,60,1,,,
2026-09-01 13:32:39,autoscaler,customdas-cpu-queue-autoscaler-paymentservice,3,60,1,,,
2026-09-01 13:32:39,autoscaler,customdas-cpu-queue-autoscaler-productcatalogservice,7,60,1,,,
2026-09-01 13:32:39,autoscaler,customdas-cpu-queue-autoscaler-recommendationservice,9,60,1,,,
2026-09-01 13:32:39,autoscaler,customdas-cpu-queue-autoscaler-shippingservice,6,60,1,,,
2026-09-01 13:32:39,node,ze-master-node,2672,3887,,66.8,48.9,
2026-09-01 13:32:39,node,ze-worker-node,2202,2162,,55.0,27.2,
2026-09-01 13:32:47,deployment,adservice,51,176,2,,,
2026-09-01 13:32:47,deployment,cartservice,169,114,3,,,
2026-09-01 13:32:47,deployment,checkoutservice,34,33,3,,,
2026-09-01 13:32:47,deployment,currencyservice,296,147,3,,,
2026-09-01 13:32:47,deployment,emailservice,15,40,1,,,
2026-09-01 13:32:47,deployment,frontend,592,114,9,,,
2026-09-01 13:32:47,http_p95_latency,frontend,,,,,,202.2
2026-09-01 13:32:47,deployment,paymentservice,7,33,1,,,
2026-09-01 13:32:47,deployment,productcatalogservice,319,42,5,,,
2026-09-01 13:32:47,deployment,recommendationservice,245,163,4,,,
2026-09-01 13:32:47,deployment,redis-cart,18,44,1,,,
2026-09-01 13:32:47,deployment,shippingservice,27,9,1,,,
2026-09-01 13:32:47,autoscaler,customdas-cpu-queue-autoscaler-adservice,6,60,1,,,
2026-09-01 13:32:47,autoscaler,customdas-cpu-queue-autoscaler-cartservice,5,60,1,,,
2026-09-01 13:32:47,autoscaler,customdas-cpu-queue-autoscaler-checkoutservice,4,60,1,,,
2026-09-01 13:32:47,autoscaler,customdas-cpu-queue-autoscaler-currencyservice,4,60,1,,,
2026-09-01 13:32:47,autoscaler,customdas-cpu-queue-autoscaler-emailservice,5,60,1,,,
2026-09-01 13:32:47,autoscaler,customdas-cpu-queue-autoscaler-frontend,13,60,1,,,
2026-09-01 13:32:47,autoscaler,customdas-cpu-queue-autoscaler-paymentservice,2,60,1,,,
2026-09-01 13:32:47,autoscaler,customdas-cpu-queue-autoscaler-productcatalogservice,5,60,1,,,
2026-09-01 13:32:47,autoscaler,customdas-cpu-queue-autoscaler-recommendationservice,6,60,1,,,
2026-09-01 13:32:47,autoscaler,customdas-cpu-queue-autoscaler-shippingservice,3,60,1,,,
2026-09-01 13:32:47,node,ze-master-node,2601,3890,,65.0,49.0,
2026-09-01 13:32:47,node,ze-worker-node,2236,2156,,55.9,27.2,
2026-09-01 13:32:56,deployment,adservice,50,176,2,,,
2026-09-01 13:32:56,deployment,cartservice,171,114,3,,,
2026-09-01 13:32:56,deployment,checkoutservice,46,34,3,,,
2026-09-01 13:32:56,deployment,currencyservice,297,149,3,,,
2026-09-01 13:32:56,deployment,emailservice,17,40,1,,,
2026-09-01 13:32:56,deployment,frontend,588,112,9,,,
2026-09-01 13:32:56,http_p95_latency,frontend,,,,,,203.4
2026-09-01 13:32:56,deployment,paymentservice,10,33,1,,,
2026-09-01 13:32:56,deployment,productcatalogservice,319,42,5,,,
2026-09-01 13:32:56,deployment,recommendationservice,245,163,4,,,
2026-09-01 13:32:56,deployment,redis-cart,18,44,1,,,
2026-09-01 13:32:56,deployment,shippingservice,27,9,1,,,
2026-09-01 13:32:56,autoscaler,customdas-cpu-queue-autoscaler-adservice,6,60,1,,,
2026-09-01 13:32:56,autoscaler,customdas-cpu-queue-autoscaler-cartservice,5,60,1,,,
2026-09-01 13:32:56,autoscaler,customdas-cpu-queue-autoscaler-checkoutservice,4,60,1,,,
2026-09-01 13:32:56,autoscaler,customdas-cpu-queue-autoscaler-currencyservice,4,60,1,,,
2026-09-01 13:32:56,autoscaler,customdas-cpu-queue-autoscaler-emailservice,5,60,1,,,
2026-09-01 13:32:56,autoscaler,customdas-cpu-queue-autoscaler-frontend,13,60,1,,,
2026-09-01 13:32:56,autoscaler,customdas-cpu-queue-autoscaler-paymentservice,2,60,1,,,
2026-09-01 13:32:56,autoscaler,customdas-cpu-queue-autoscaler-productcatalogservice,5,60,1,,,
2026-09-01 13:32:56,autoscaler,customdas-cpu-queue-autoscaler-recommendationservice,6,60,1,,,
2026-09-01 13:32:56,autoscaler,customdas-cpu-queue-autoscaler-shippingservice,3,60,1,,,
2026-09-01 13:32:56,node,ze-master-node,2601,3890,,65.0,49.0,
2026-09-01 13:32:56,node,ze-worker-node,2236,2156,,55.9,27.2,
2026-09-01 13:33:04,deployment,adservice,53,176,2,,,
2026-09-01 13:33:04,deployment,cartservice,186,115,3,,,
2026-09-01 13:33:04,deployment,checkoutservice,46,33,3,,,
2026-09-01 13:33:04,deployment,currencyservice,303,150,3,,,
2026-09-01 13:33:04,deployment,emailservice,18,40,1,,,
2026-09-01 13:33:04,deployment,frontend,599,113,9,,,
2026-09-01 13:33:04,http_p95_latency,frontend,,,,,,203.4
2026-09-01 13:33:04,deployment,paymentservice,10,33,1,,,
2026-09-01 13:33:04,deployment,productcatalogservice,340,42,5,,,
2026-09-01 13:33:04,deployment,recommendationservice,248,163,4,,,
2026-09-01 13:33:04,deployment,redis-cart,19,44,1,,,
2026-09-01 13:33:04,deployment,shippingservice,28,9,1,,,
2026-09-01 13:33:04,autoscaler,customdas-cpu-queue-autoscaler-adservice,3,60,1,,,
2026-09-01 13:33:04,autoscaler,customdas-cpu-queue-autoscaler-cartservice,8,60,1,,,
2026-09-01 13:33:04,autoscaler,customdas-cpu-queue-autoscaler-checkoutservice,3,60,1,,,
2026-09-01 13:33:04,autoscaler,customdas-cpu-queue-autoscaler-currencyservice,6,60,1,,,
2026-09-01 13:33:04,autoscaler,customdas-cpu-queue-autoscaler-emailservice,5,60,1,,,
2026-09-01 13:33:04,autoscaler,customdas-cpu-queue-autoscaler-frontend,8,60,1,,,
2026-09-01 13:33:04,autoscaler,customdas-cpu-queue-autoscaler-paymentservice,3,60,1,,,
2026-09-01 13:33:04,autoscaler,customdas-cpu-queue-autoscaler-productcatalogservice,3,60,1,,,
2026-09-01 13:33:04,autoscaler,customdas-cpu-queue-autoscaler-recommendationservice,5,60,1,,,
2026-09-01 13:33:04,autoscaler,customdas-cpu-queue-autoscaler-shippingservice,4,60,1,,,
2026-09-01 13:33:04,node,ze-master-node,2674,3886,,66.8,48.9,
2026-09-01 13:33:04,node,ze-worker-node,2297,2157,,57.4,27.2,
2026-09-01 13:33:12,deployment,adservice,53,176,2,,,
2026-09-01 13:33:12,deployment,cartservice,186,115,3,,,
2026-09-01 13:33:12,deployment,checkoutservice,46,33,3,,,
2026-09-01 13:33:12,deployment,currencyservice,303,150,3,,,
2026-09-01 13:33:12,deployment,emailservice,18,40,1,,,
2026-09-01 13:33:12,deployment,frontend,599,113,9,,,
2026-09-01 13:33:12,http_p95_latency,frontend,,,,,,188.3
2026-09-01 13:33:12,deployment,paymentservice,10,33,1,,,
2026-09-01 13:33:12,deployment,productcatalogservice,340,42,5,,,
2026-09-01 13:33:12,deployment,recommendationservice,248,163,4,,,
2026-09-01 13:33:12,deployment,redis-cart,19,44,1,,,
2026-09-01 13:33:12,deployment,shippingservice,28,9,1,,,
2026-09-01 13:33:12,autoscaler,customdas-cpu-queue-autoscaler-adservice,3,60,1,,,
2026-09-01 13:33:12,autoscaler,customdas-cpu-queue-autoscaler-cartservice,8,60,1,,,
2026-09-01 13:33:12,autoscaler,customdas-cpu-queue-autoscaler-checkoutservice,3,60,1,,,
2026-09-01 13:33:12,autoscaler,customdas-cpu-queue-autoscaler-currencyservice,6,60,1,,,
2026-09-01 13:33:12,autoscaler,customdas-cpu-queue-autoscaler-emailservice,5,60,1,,,
2026-09-01 13:33:12,autoscaler,customdas-cpu-queue-autoscaler-frontend,8,60,1,,,
2026-09-01 13:33:12,autoscaler,customdas-cpu-queue-autoscaler-paymentservice,3,60,1,,,
2026-09-01 13:33:12,autoscaler,customdas-cpu-queue-autoscaler-productcatalogservice,3,60,1,,,
2026-09-01 13:33:12,autoscaler,customdas-cpu-queue-autoscaler-recommendationservice,5,60,1,,,
2026-09-01 13:33:12,autoscaler,customdas-cpu-queue-autoscaler-shippingservice,4,60,1,,,
2026-09-01 13:33:12,node,ze-master-node,2674,3886,,66.8,48.9,
2026-09-01 13:33:12,node,ze-worker-node,2297,2157,,57.4,27.2,
2026-09-01 13:33:21,deployment,adservice,49,176,2,,,
2026-09-01 13:33:21,deployment,cartservice,183,114,3,,,
2026-09-01 13:33:21,deployment,checkoutservice,45,33,3,,,
2026-09-01 13:33:21,deployment,currencyservice,302,156,3,,,
2026-09-01 13:33:21,deployment,emailservice,16,40,1,,,
2026-09-01 13:33:21,deployment,frontend,599,114,9,,,
2026-09-01 13:33:21,http_p95_latency,frontend,,,,,,188.3
2026-09-01 13:33:21,deployment,paymentservice,9,33,1,,,
2026-09-01 13:33:21,deployment,productcatalogservice,317,42,5,,,
2026-09-01 13:33:21,deployment,recommendationservice,242,164,4,,,
2026-09-01 13:33:21,deployment,redis-cart,19,44,1,,,
2026-09-01 13:33:21,deployment,shippingservice,25,9,1,,,
2026-09-01 13:33:21,autoscaler,customdas-cpu-queue-autoscaler-adservice,4,60,1,,,
2026-09-01 13:33:21,autoscaler,customdas-cpu-queue-autoscaler-cartservice,5,60,1,,,
2026-09-01 13:33:21,autoscaler,customdas-cpu-queue-autoscaler-checkoutservice,3,60,1,,,
2026-09-01 13:33:21,autoscaler,customdas-cpu-queue-autoscaler-currencyservice,6,60,1,,,
2026-09-01 13:33:21,autoscaler,customdas-cpu-queue-autoscaler-emailservice,5,60,1,,,
2026-09-01 13:33:21,autoscaler,customdas-cpu-queue-autoscaler-frontend,11,60,1,,,
2026-09-01 13:33:21,autoscaler,customdas-cpu-queue-autoscaler-paymentservice,5,60,1,,,
2026-09-01 13:33:21,autoscaler,customdas-cpu-queue-autoscaler-productcatalogservice,5,60,1,,,
2026-09-01 13:33:21,autoscaler,customdas-cpu-queue-autoscaler-recommendationservice,10,60,1,,,
2026-09-01 13:33:21,autoscaler,customdas-cpu-queue-autoscaler-shippingservice,3,60,1,,,
2026-09-01 13:33:21,node,ze-master-node,2788,3886,,69.7,48.9,
2026-09-01 13:33:21,node,ze-worker-node,2255,2156,,56.4,27.2,
2026-09-01 13:33:29,deployment,adservice,49,176,2,,,
2026-09-01 13:33:29,deployment,cartservice,183,114,3,,,
2026-09-01 13:33:29,deployment,checkoutservice,45,33,3,,,
2026-09-01 13:33:29,deployment,currencyservice,302,156,3,,,
2026-09-01 13:33:29,deployment,emailservice,16,40,1,,,
2026-09-01 13:33:29,deployment,frontend,599,114,9,,,
2026-09-01 13:33:29,http_p95_latency,frontend,,,,,,210.6
2026-09-01 13:33:29,deployment,paymentservice,9,33,1,,,
2026-09-01 13:33:29,deployment,productcatalogservice,317,42,5,,,
2026-09-01 13:33:29,deployment,recommendationservice,242,164,4,,,
2026-09-01 13:33:29,deployment,redis-cart,19,44,1,,,
2026-09-01 13:33:29,deployment,shippingservice,25,9,1,,,
2026-09-01 13:33:29,autoscaler,customdas-cpu-queue-autoscaler-adservice,4,60,1,,,
2026-09-01 13:33:29,autoscaler,customdas-cpu-queue-autoscaler-cartservice,5,60,1,,,
2026-09-01 13:33:29,autoscaler,customdas-cpu-queue-autoscaler-checkoutservice,3,60,1,,,
2026-09-01 13:33:29,autoscaler,customdas-cpu-queue-autoscaler-currencyservice,6,60,1,,,
2026-09-01 13:33:29,autoscaler,customdas-cpu-queue-autoscaler-emailservice,5,60,1,,,
2026-09-01 13:33:29,autoscaler,customdas-cpu-queue-autoscaler-frontend,11,60,1,,,
2026-09-01 13:33:29,autoscaler,customdas-cpu-queue-autoscaler-paymentservice,5,60,1,,,
2026-09-01 13:33:29,autoscaler,customdas-cpu-queue-autoscaler-productcatalogservice,5,60,1,,,
2026-09-01 13:33:29,autoscaler,customdas-cpu-queue-autoscaler-recommendationservice,10,60,1,,,
2026-09-01 13:33:29,autoscaler,customdas-cpu-queue-autoscaler-shippingservice,3,60,1,,,
2026-09-01 13:33:29,node,ze-master-node,2788,3886,,69.7,48.9,
2026-09-01 13:33:29,node,ze-worker-node,2255,2156,,56.4,27.2,
2026-09-01 13:33:36,deployment,adservice,61,176,2,,,
2026-09-01 13:33:36,deployment,cartservice,196,114,3,,,
2026-09-01 13:33:36,deployment,checkoutservice,40,34,3,,,
2026-09-01 13:33:36,deployment,currencyservice,326,162,3,,,
2026-09-01 13:33:36,deployment,emailservice,18,40,1,,,
2026-09-01 13:33:36,deployment,frontend,670,112,9,,,
2026-09-01 13:33:36,http_p95_latency,frontend,,,,,,210.6
2026-09-01 13:33:36,deployment,paymentservice,9,33,1,,,
2026-09-01 13:33:36,deployment,productcatalogservice,357,43,5,,,
2026-09-01 13:33:36,deployment,recommendationservice,268,163,4,,,
2026-09-01 13:33:36,deployment,redis-cart,19,44,1,,,
2026-09-01 13:33:36,deployment,shippingservice,29,9,1,,,
2026-09-01 13:33:36,autoscaler,customdas-cpu-queue-autoscaler-adservice,4,60,1,,,
2026-09-01 13:33:36,autoscaler,customdas-cpu-queue-autoscaler-cartservice,6,60,1,,,
2026-09-01 13:33:36,autoscaler,customdas-cpu-queue-autoscaler-checkoutservice,4,60,1,,,
2026-09-01 13:33:36,autoscaler,customdas-cpu-queue-autoscaler-currencyservice,0,60,1,,,
2026-09-01 13:33:36,autoscaler,customdas-cpu-queue-autoscaler-emailservice,5,60,1,,,
2026-09-01 13:33:36,autoscaler,customdas-cpu-queue-autoscaler-frontend,9,60,1,,,
2026-09-01 13:33:36,autoscaler,customdas-cpu-queue-autoscaler-paymentservice,3,60,1,,,
2026-09-01 13:33:36,autoscaler,customdas-cpu-queue-autoscaler-productcatalogservice,5,60,1,,,
2026-09-01 13:33:36,autoscaler,customdas-cpu-queue-autoscaler-recommendationservice,8,60,1,,,
2026-09-01 13:33:36,autoscaler,customdas-cpu-queue-autoscaler-shippingservice,3,60,1,,,
2026-09-01 13:33:36,node,ze-master-node,2903,3908,,72.6,49.2,
2026-09-01 13:33:36,node,ze-worker-node,2373,2159,,59.3,27.2,
2026-09-01 13:33:44,deployment,adservice,61,176,2,,,
2026-09-01 13:33:44,deployment,cartservice,196,114,3,,,
2026-09-01 13:33:44,deployment,checkoutservice,40,34,3,,,
2026-09-01 13:33:44,deployment,currencyservice,326,162,3,,,
2026-09-01 13:33:44,deployment,emailservice,18,40,1,,,
2026-09-01 13:33:44,deployment,frontend,539,88,7,,,
2026-09-01 13:33:44,http_p95_latency,frontend,,,,,,218.6
2026-09-01 13:33:44,deployment,paymentservice,9,33,1,,,
2026-09-01 13:33:44,deployment,productcatalogservice,228,26,3,,,
2026-09-01 13:33:44,deployment,recommendationservice,268,163,4,,,
2026-09-01 13:33:44,deployment,redis-cart,19,44,1,,,
2026-09-01 13:33:44,deployment,shippingservice,29,9,1,,,
2026-09-01 13:33:44,autoscaler,customdas-cpu-queue-autoscaler-adservice,4,60,1,,,
2026-09-01 13:33:44,autoscaler,customdas-cpu-queue-autoscaler-cartservice,6,60,1,,,
2026-09-01 13:33:44,autoscaler,customdas-cpu-queue-autoscaler-checkoutservice,4,60,1,,,
2026-09-01 13:33:44,autoscaler,customdas-cpu-queue-autoscaler-currencyservice,0,60,1,,,
2026-09-01 13:33:44,autoscaler,customdas-cpu-queue-autoscaler-emailservice,5,60,1,,,
2026-09-01 13:33:44,autoscaler,customdas-cpu-queue-autoscaler-frontend,9,60,1,,,
2026-09-01 13:33:44,autoscaler,customdas-cpu-queue-autoscaler-paymentservice,3,60,1,,,
2026-09-01 13:33:44,autoscaler,customdas-cpu-queue-autoscaler-productcatalogservice,5,60,1,,,
2026-09-01 13:33:44,autoscaler,customdas-cpu-queue-autoscaler-recommendationservice,8,60,1,,,
2026-09-01 13:33:44,autoscaler,customdas-cpu-queue-autoscaler-shippingservice,3,60,1,,,
2026-09-01 13:33:44,node,ze-master-node,2903,3908,,72.6,49.2,
2026-09-01 13:33:44,node,ze-worker-node,2373,2159,,59.3,27.2,
2026-09-01 13:33:53,deployment,adservice,57,176,2,,,
2026-09-01 13:33:53,deployment,cartservice,219,114,3,,,
2026-09-01 13:33:53,deployment,checkoutservice,51,34,3,,,
2026-09-01 13:33:53,deployment,currencyservice,343,161,3,,,
2026-09-01 13:33:53,deployment,emailservice,15,40,1,,,
2026-09-01 13:33:53,deployment,frontend,556,89,7,,,
2026-09-01 13:33:53,http_p95_latency,frontend,,,,,,218.6
2026-09-01 13:33:53,deployment,paymentservice,11,33,1,,,
2026-09-01 13:33:53,deployment,productcatalogservice,243,26,3,,,
2026-09-01 13:33:53,deployment,recommendationservice,280,164,4,,,
2026-09-01 13:33:53,deployment,redis-cart,19,44,1,,,
2026-09-01 13:33:53,deployment,shippingservice,29,9,1,,,
2026-09-01 13:33:53,autoscaler,customdas-cpu-queue-autoscaler-adservice,4,60,1,,,
2026-09-01 13:33:53,autoscaler,customdas-cpu-queue-autoscaler-cartservice,10,60,1,,,
2026-09-01 13:33:53,autoscaler,customdas-cpu-queue-autoscaler-checkoutservice,6,60,1,,,
2026-09-01 13:33:53,autoscaler,customdas-cpu-queue-autoscaler-currencyservice,9,60,1,,,
2026-09-01 13:33:53,autoscaler,customdas-cpu-queue-autoscaler-emailservice,4,60,1,,,
2026-09-01 13:33:53,autoscaler,customdas-cpu-queue-autoscaler-frontend,16,60,1,,,
2026-09-01 13:33:53,autoscaler,customdas-cpu-queue-autoscaler-paymentservice,4,60,1,,,
2026-09-01 13:33:53,autoscaler,customdas-cpu-queue-autoscaler-productcatalogservice,7,60,1,,,
2026-09-01 13:33:53,autoscaler,customdas-cpu-queue-autoscaler-recommendationservice,0,60,1,,,
2026-09-01 13:33:53,autoscaler,customdas-cpu-queue-autoscaler-shippingservice,8,60,1,,,
2026-09-01 13:33:53,node,ze-master-node,3022,3894,,75.5,49.0,
2026-09-01 13:33:53,node,ze-worker-node,2468,2174,,61.7,27.4,
2026-09-01 13:34:02,deployment,adservice,57,176,2,,,
2026-09-01 13:34:02,deployment,cartservice,219,114,3,,,
2026-09-01 13:34:02,deployment,checkoutservice,51,34,3,,,
2026-09-01 13:34:02,deployment,currencyservice,343,161,3,,,
2026-09-01 13:34:02,deployment,emailservice,15,40,1,,,
2026-09-01 13:34:02,deployment,frontend,556,89,7,,,
2026-09-01 13:34:02,http_p95_latency,frontend,,,,,,221.3
2026-09-01 13:34:02,deployment,paymentservice,11,33,1,,,
2026-09-01 13:34:02,deployment,productcatalogservice,243,26,3,,,
2026-09-01 13:34:02,deployment,recommendationservice,280,164,4,,,
2026-09-01 13:34:02,deployment,redis-cart,19,44,1,,,
2026-09-01 13:34:02,deployment,shippingservice,29,9,1,,,
2026-09-01 13:34:02,autoscaler,customdas-cpu-queue-autoscaler-adservice,4,60,1,,,
2026-09-01 13:34:02,autoscaler,customdas-cpu-queue-autoscaler-cartservice,5,60,1,,,
2026-09-01 13:34:02,autoscaler,customdas-cpu-queue-autoscaler-checkoutservice,5,60,1,,,
2026-09-01 13:34:02,autoscaler,customdas-cpu-queue-autoscaler-currencyservice,5,60,1,,,
2026-09-01 13:34:02,autoscaler,customdas-cpu-queue-autoscaler-emailservice,4,60,1,,,
2026-09-01 13:34:02,autoscaler,customdas-cpu-queue-autoscaler-frontend,0,60,1,,,
2026-09-01 13:34:02,autoscaler,customdas-cpu-queue-autoscaler-paymentservice,0,60,1,,,
2026-09-01 13:34:02,autoscaler,customdas-cpu-queue-autoscaler-productcatalogservice,4,60,1,,,
2026-09-01 13:34:02,autoscaler,customdas-cpu-queue-autoscaler-recommendationservice,7,60,1,,,
2026-09-01 13:34:02,autoscaler,customdas-cpu-queue-autoscaler-shippingservice,3,60,1,,,
2026-09-01 13:34:02,node,ze-master-node,2667,3909,,66.7,49.2,
2026-09-01 13:34:02,node,ze-worker-node,2447,2174,,61.2,27.4,
2026-09-01 13:34:11,deployment,adservice,59,176,2,,,
2026-09-01 13:34:11,deployment,cartservice,211,114,3,,,
2026-09-01 13:34:11,deployment,checkoutservice,52,34,3,,,
2026-09-01 13:34:11,deployment,currencyservice,323,165,3,,,
2026-09-01 13:34:11,deployment,emailservice,15,40,1,,,
2026-09-01 13:34:11,deployment,frontend,608,89,7,,,
2026-09-01 13:34:11,http_p95_latency,frontend,,,,,,212.0
2026-09-01 13:34:11,deployment,paymentservice,12,33,1,,,
2026-09-01 13:34:11,deployment,productcatalogservice,307,26,3,,,
2026-09-01 13:34:11,deployment,recommendationservice,261,163,4,,,
2026-09-01 13:34:11,deployment,redis-cart,19,44,1,,,
2026-09-01 13:34:11,deployment,shippingservice,29,9,1,,,
2026-09-01 13:34:11,autoscaler,customdas-cpu-queue-autoscaler-adservice,4,60,1,,,
2026-09-01 13:34:11,autoscaler,customdas-cpu-queue-autoscaler-cartservice,5,60,1,,,
2026-09-01 13:34:11,autoscaler,customdas-cpu-queue-autoscaler-checkoutservice,5,60,1,,,
2026-09-01 13:34:11,autoscaler,customdas-cpu-queue-autoscaler-currencyservice,5,60,1,,,
2026-09-01 13:34:11,autoscaler,customdas-cpu-queue-autoscaler-emailservice,4,60,1,,,
2026-09-01 13:34:11,autoscaler,customdas-cpu-queue-autoscaler-frontend,0,60,1,,,
2026-09-01 13:34:11,autoscaler,customdas-cpu-queue-autoscaler-paymentservice,0,60,1,,,
2026-09-01 13:34:11,autoscaler,customdas-cpu-queue-autoscaler-productcatalogservice,4,60,1,,,
2026-09-01 13:34:11,autoscaler,customdas-cpu-queue-autoscaler-recommendationservice,7,60,1,,,
2026-09-01 13:34:11,autoscaler,customdas-cpu-queue-autoscaler-shippingservice,3,60,1,,,
2026-09-01 13:34:11,node,ze-master-node,2667,3909,,66.7,49.2,
2026-09-01 13:34:11,node,ze-worker-node,2447,2174,,61.2,27.4,
2026-09-01 13:34:20,deployment,adservice,62,176,2,,,
2026-09-01 13:34:20,deployment,cartservice,193,114,3,,,
2026-09-01 13:34:20,deployment,checkoutservice,45,34,3,,,
2026-09-01 13:34:20,deployment,currencyservice,341,168,3,,,
2026-09-01 13:34:20,deployment,emailservice,16,40,1,,,
2026-09-01 13:34:20,deployment,frontend,682,89,7,,,
2026-09-01 13:34:20,http_p95_latency,frontend,,,,,,212.0
2026-09-01 13:34:20,deployment,paymentservice,9,33,1,,,
2026-09-01 13:34:20,deployment,productcatalogservice,345,26,3,,,
2026-09-01 13:34:20,deployment,recommendationservice,274,163,4,,,
2026-09-01 13:34:20,deployment,redis-cart,18,44,1,,,
2026-09-01 13:34:20,deployment,shippingservice,30,9,1,,,
2026-09-01 13:34:20,autoscaler,customdas-cpu-queue-autoscaler-adservice,3,60,1,,,
2026-09-01 13:34:20,autoscaler,customdas-cpu-queue-autoscaler-cartservice,6,60,1,,,
2026-09-01 13:34:20,autoscaler,customdas-cpu-queue-autoscaler-checkoutservice,5,60,1,,,
2026-09-01 13:34:20,autoscaler,customdas-cpu-queue-autoscaler-currencyservice,5,60,1,,,
2026-09-01 13:34:20,autoscaler,customdas-cpu-queue-autoscaler-emailservice,3,60,1,,,
2026-09-01 13:34:20,autoscaler,customdas-cpu-queue-autoscaler-frontend,9,60,1,,,
2026-09-01 13:34:20,autoscaler,customdas-cpu-queue-autoscaler-paymentservice,6,60,1,,,
2026-09-01 13:34:20,autoscaler,customdas-cpu-queue-autoscaler-productcatalogservice,6,60,1,,,
2026-09-01 13:34:20,autoscaler,customdas-cpu-queue-autoscaler-recommendationservice,5,60,1,,,
2026-09-01 13:34:20,autoscaler,customdas-cpu-queue-autoscaler-shippingservice,3,60,1,,,
2026-09-01 13:34:20,node,ze-master-node,2781,3906,,69.5,49.2,
2026-09-01 13:34:20,node,ze-worker-node,2660,2166,,66.5,27.3,
2026-09-01 13:34:28,deployment,adservice,62,176,2,,,
2026-09-01 13:34:28,deployment,cartservice,193,114,3,,,
2026-09-01 13:34:28,deployment,checkoutservice,45,34,3,,,
2026-09-01 13:34:28,deployment,currencyservice,341,168,3,,,
2026-09-01 13:34:28,deployment,emailservice,16,40,1,,,
2026-09-01 13:34:28,deployment,frontend,682,89,7,,,
2026-09-01 13:34:28,http_p95_latency,frontend,,,,,,217.3
2026-09-01 13:34:28,deployment,paymentservice,9,33,1,,,
2026-09-01 13:34:28,deployment,productcatalogservice,345,26,3,,,
2026-09-01 13:34:28,deployment,recommendationservice,274,163,4,,,
2026-09-01 13:34:28,deployment,redis-cart,18,44,1,,,
2026-09-01 13:34:28,deployment,shippingservice,30,9,1,,,
2026-09-01 13:34:28,autoscaler,customdas-cpu-queue-autoscaler-adservice,3,60,1,,,
2026-09-01 13:34:28,autoscaler,customdas-cpu-queue-autoscaler-cartservice,6,60,1,,,
2026-09-01 13:34:28,autoscaler,customdas-cpu-queue-autoscaler-checkoutservice,5,60,1,,,
2026-09-01 13:34:28,autoscaler,customdas-cpu-queue-autoscaler-currencyservice,5,60,1,,,
2026-09-01 13:34:28,autoscaler,customdas-cpu-queue-autoscaler-emailservice,3,60,1,,,
2026-09-01 13:34:28,autoscaler,customdas-cpu-queue-autoscaler-frontend,9,60,1,,,
2026-09-01 13:34:28,autoscaler,customdas-cpu-queue-autoscaler-paymentservice,6,60,1,,,
2026-09-01 13:34:28,autoscaler,customdas-cpu-queue-autoscaler-productcatalogservice,6,60,1,,,
2026-09-01 13:34:28,autoscaler,customdas-cpu-queue-autoscaler-recommendationservice,5,60,1,,,
2026-09-01 13:34:28,autoscaler,customdas-cpu-queue-autoscaler-shippingservice,3,60,1,,,
2026-09-01 13:34:28,node,ze-master-node,2781,3906,,69.5,49.2,
2026-09-01 13:34:28,node,ze-worker-node,2660,2166,,66.5,27.3,
2026-09-01 13:34:36,deployment,adservice,63,176,2,,,
2026-09-01 13:34:36,deployment,cartservice,202,114,3,,,
2026-09-01 13:34:36,deployment,checkoutservice,53,34,3,,,
2026-09-01 13:34:36,deployment,currencyservice,384,177,3,,,
2026-09-01 13:34:36,deployment,emailservice,18,40,1,,,
2026-09-01 13:34:36,deployment,frontend,741,88,7,,,
2026-09-01 13:34:36,http_p95_latency,frontend,,,,,,217.3
2026-09-01 13:34:36,deployment,paymentservice,18,31,1,,,
2026-09-01 13:34:36,deployment,productcatalogservice,368,26,4,,,
2026-09-01 13:34:36,deployment,recommendationservice,302,163,4,,,
2026-09-01 13:34:36,deployment,redis-cart,20,44,1,,,
2026-09-01 13:34:36,deployment,shippingservice,31,9,1,,,
2026-09-01 13:34:36,autoscaler,customdas-cpu-queue-autoscaler-adservice,3,60,1,,,
2026-09-01 13:34:36,autoscaler,customdas-cpu-queue-autoscaler-cartservice,6,60,1,,,
2026-09-01 13:34:36,autoscaler,customdas-cpu-queue-autoscaler-checkoutservice,0,60,1,,,
2026-09-01 13:34:36,autoscaler,customdas-cpu-queue-autoscaler-currencyservice,4,60,1,,,
2026-09-01 13:34:36,autoscaler,customdas-cpu-queue-autoscaler-emailservice,6,60,1,,,
2026-09-01 13:34:36,autoscaler,customdas-cpu-queue-autoscaler-frontend,8,60,1,,,
2026-09-01 13:34:36,autoscaler,customdas-cpu-queue-autoscaler-paymentservice,2,60,1,,,
2026-09-01 13:34:36,autoscaler,customdas-cpu-queue-autoscaler-productcatalogservice,4,60,1,,,
2026-09-01 13:34:36,autoscaler,customdas-cpu-queue-autoscaler-recommendationservice,8,60,1,,,
2026-09-01 13:34:36,autoscaler,customdas-cpu-queue-autoscaler-shippingservice,3,60,1,,,
2026-09-01 13:34:36,node,ze-master-node,2843,3936,,71.1,49.6,
2026-09-01 13:34:36,node,ze-worker-node,2677,2162,,66.9,27.2,
2026-09-01 13:34:45,deployment,adservice,63,176,2,,,
2026-09-01 13:34:45,deployment,cartservice,202,114,3,,,
2026-09-01 13:34:45,deployment,checkoutservice,53,34,3,,,
2026-09-01 13:34:45,deployment,currencyservice,384,177,3,,,
2026-09-01 13:34:45,deployment,emailservice,18,40,1,,,
2026-09-01 13:34:45,deployment,frontend,741,88,7,,,
2026-09-01 13:34:45,http_p95_latency,frontend,,,,,,220.0
2026-09-01 13:34:45,deployment,paymentservice,18,31,1,,,
2026-09-01 13:34:45,deployment,productcatalogservice,368,26,4,,,
2026-09-01 13:34:45,deployment,recommendationservice,302,163,4,,,
2026-09-01 13:34:45,deployment,redis-cart,20,44,1,,,
2026-09-01 13:34:45,deployment,shippingservice,31,9,1,,,
2026-09-01 13:34:45,autoscaler,customdas-cpu-queue-autoscaler-adservice,3,60,1,,,
2026-09-01 13:34:45,autoscaler,customdas-cpu-queue-autoscaler-cartservice,6,60,1,,,
2026-09-01 13:34:45,autoscaler,customdas-cpu-queue-autoscaler-checkoutservice,0,60,1,,,
2026-09-01 13:34:45,autoscaler,customdas-cpu-queue-autoscaler-currencyservice,4,60,1,,,
2026-09-01 13:34:45,autoscaler,customdas-cpu-queue-autoscaler-emailservice,6,60,1,,,
2026-09-01 13:34:45,autoscaler,customdas-cpu-queue-autoscaler-frontend,8,60,1,,,
2026-09-01 13:34:45,autoscaler,customdas-cpu-queue-autoscaler-paymentservice,2,60,1,,,
2026-09-01 13:34:45,autoscaler,customdas-cpu-queue-autoscaler-productcatalogservice,4,60,1,,,
2026-09-01 13:34:45,autoscaler,customdas-cpu-queue-autoscaler-recommendationservice,8,60,1,,,
2026-09-01 13:34:45,autoscaler,customdas-cpu-queue-autoscaler-shippingservice,3,60,1,,,
2026-09-01 13:34:45,node,ze-master-node,2843,3936,,71.1,49.6,
2026-09-01 13:34:45,node,ze-worker-node,2677,2162,,66.9,27.2,
2026-09-01 13:34:52,deployment,adservice,63,176,2,,,
2026-09-01 13:34:52,deployment,cartservice,188,114,3,,,
2026-09-01 13:34:52,deployment,checkoutservice,49,34,3,,,
2026-09-01 13:34:52,deployment,currencyservice,354,177,3,,,
2026-09-01 13:34:52,deployment,emailservice,18,40,1,,,
2026-09-01 13:34:52,deployment,frontend,721,90,7,,,
2026-09-01 13:34:52,http_p95_latency,frontend,,,,,,220.0
2026-09-01 13:34:52,deployment,paymentservice,11,30,1,,,
2026-09-01 13:34:52,deployment,productcatalogservice,387,33,4,,,
2026-09-01 13:34:52,deployment,recommendationservice,298,163,4,,,
2026-09-01 13:34:52,deployment,redis-cart,19,44,1,,,
2026-09-01 13:34:52,deployment,shippingservice,31,9,1,,,
2026-09-01 13:34:52,autoscaler,customdas-cpu-queue-autoscaler-adservice,3,60,1,,,
2026-09-01 13:34:52,autoscaler,customdas-cpu-queue-autoscaler-cartservice,5,60,1,,,
2026-09-01 13:34:52,autoscaler,customdas-cpu-queue-autoscaler-checkoutservice,7,60,1,,,
2026-09-01 13:34:52,autoscaler,customdas-cpu-queue-autoscaler-currencyservice,4,60,1,,,
2026-09-01 13:34:52,autoscaler,customdas-cpu-queue-autoscaler-emailservice,5,60,1,,,
2026-09-01 13:34:52,autoscaler,customdas-cpu-queue-autoscaler-frontend,14,60,1,,,
2026-09-01 13:34:52,autoscaler,customdas-cpu-queue-autoscaler-paymentservice,4,60,1,,,
2026-09-01 13:34:52,autoscaler,customdas-cpu-queue-autoscaler-productcatalogservice,4,60,1,,,
2026-09-01 13:34:52,autoscaler,customdas-cpu-queue-autoscaler-recommendationservice,7,60,1,,,
2026-09-01 13:34:52,autoscaler,customdas-cpu-queue-autoscaler-shippingservice,6,60,1,,,
2026-09-01 13:34:52,node,ze-master-node,2921,3922,,73.0,49.4,
2026-09-01 13:34:52,node,ze-worker-node,2661,2162,,66.5,27.2,
2026-09-01 13:35:01,deployment,adservice,63,176,2,,,
2026-09-01 13:35:01,deployment,cartservice,188,114,3,,,
2026-09-01 13:35:01,deployment,checkoutservice,49,34,3,,,
2026-09-01 13:35:01,deployment,currencyservice,354,177,3,,,
2026-09-01 13:35:01,deployment,emailservice,18,40,1,,,
2026-09-01 13:35:01,deployment,frontend,721,90,7,,,
2026-09-01 13:35:01,http_p95_latency,frontend,,,,,,233.7
2026-09-01 13:35:01,deployment,paymentservice,11,30,1,,,
2026-09-01 13:35:01,deployment,productcatalogservice,387,33,4,,,
2026-09-01 13:35:01,deployment,recommendationservice,298,163,4,,,
2026-09-01 13:35:01,deployment,redis-cart,19,44,1,,,
2026-09-01 13:35:01,deployment,shippingservice,31,9,1,,,
2026-09-01 13:35:01,autoscaler,customdas-cpu-queue-autoscaler-adservice,5,60,1,,,
2026-09-01 13:35:01,autoscaler,customdas-cpu-queue-autoscaler-cartservice,5,60,1,,,
2026-09-01 13:35:01,autoscaler,customdas-cpu-queue-autoscaler-checkoutservice,4,60,1,,,
2026-09-01 13:35:01,autoscaler,customdas-cpu-queue-autoscaler-currencyservice,9,60,1,,,
2026-09-01 13:35:01,autoscaler,customdas-cpu-queue-autoscaler-emailservice,0,60,1,,,
2026-09-01 13:35:01,autoscaler,customdas-cpu-queue-autoscaler-frontend,0,60,1,,,
2026-09-01 13:35:01,autoscaler,customdas-cpu-queue-autoscaler-paymentservice,3,60,1,,,
2026-09-01 13:35:01,autoscaler,customdas-cpu-queue-autoscaler-productcatalogservice,4,60,1,,,
2026-09-01 13:35:01,autoscaler,customdas-cpu-queue-autoscaler-recommendationservice,15,60,1,,,
2026-09-01 13:35:01,autoscaler,customdas-cpu-queue-autoscaler-shippingservice,3,60,1,,,
2026-09-01 13:35:01,node,ze-master-node,2751,3919,,68.8,49.4,
2026-09-01 13:35:01,node,ze-worker-node,2506,2158,,62.6,27.2,
2026-09-01 13:35:12,deployment,adservice,65,176,2,,,
2026-09-01 13:35:12,deployment,cartservice,201,114,3,,,
2026-09-01 13:35:12,deployment,checkoutservice,44,34,3,,,
2026-09-01 13:35:12,deployment,currencyservice,354,161,3,,,
2026-09-01 13:35:12,deployment,emailservice,17,40,1,,,
2026-09-01 13:35:12,deployment,frontend,704,90,8,,,
2026-09-01 13:35:12,http_p95_latency,frontend,,,,,,235.1
2026-09-01 13:35:12,deployment,paymentservice,10,30,1,,,
2026-09-01 13:35:12,deployment,productcatalogservice,369,33,4,,,
2026-09-01 13:35:12,deployment,recommendationservice,292,163,4,,,
2026-09-01 13:35:12,deployment,redis-cart,19,44,1,,,
2026-09-01 13:35:12,deployment,shippingservice,30,9,1,,,
2026-09-01 13:35:12,autoscaler,customdas-cpu-queue-autoscaler-adservice,5,60,1,,,
2026-09-01 13:35:12,autoscaler,customdas-cpu-queue-autoscaler-cartservice,5,60,1,,,
2026-09-01 13:35:12,autoscaler,customdas-cpu-queue-autoscaler-checkoutservice,4,60,1,,,
2026-09-01 13:35:12,autoscaler,customdas-cpu-queue-autoscaler-currencyservice,9,60,1,,,
2026-09-01 13:35:12,autoscaler,customdas-cpu-queue-autoscaler-emailservice,0,60,1,,,
2026-09-01 13:35:12,autoscaler,customdas-cpu-queue-autoscaler-frontend,0,60,1,,,
2026-09-01 13:35:12,autoscaler,customdas-cpu-queue-autoscaler-paymentservice,3,60,1,,,
2026-09-01 13:35:12,autoscaler,customdas-cpu-queue-autoscaler-productcatalogservice,4,60,1,,,
2026-09-01 13:35:12,autoscaler,customdas-cpu-queue-autoscaler-recommendationservice,15,60,1,,,
2026-09-01 13:35:12,autoscaler,customdas-cpu-queue-autoscaler-shippingservice,3,60,1,,,
2026-09-01 13:35:12,node,ze-master-node,2751,3919,,68.8,49.4,
2026-09-01 13:35:12,node,ze-worker-node,2506,2158,,62.6,27.2,
2026-09-01 13:35:22,deployment,adservice,64,176,2,,,
2026-09-01 13:35:22,deployment,cartservice,194,117,3,,,
2026-09-01 13:35:22,deployment,checkoutservice,45,33,3,,,
2026-09-01 13:35:22,deployment,currencyservice,350,163,3,,,
2026-09-01 13:35:22,deployment,emailservice,17,40,1,,,
2026-09-01 13:35:22,deployment,frontend,730,99,8,,,
2026-09-01 13:35:22,http_p95_latency,frontend,,,,,,235.1
2026-09-01 13:35:22,deployment,paymentservice,10,31,1,,,
2026-09-01 13:35:22,deployment,productcatalogservice,362,33,4,,,
2026-09-01 13:35:22,deployment,recommendationservice,289,165,4,,,
2026-09-01 13:35:22,deployment,redis-cart,64,47,1,,,
2026-09-01 13:35:22,deployment,shippingservice,27,9,1,,,
2026-09-01 13:35:22,autoscaler,customdas-cpu-queue-autoscaler-adservice,3,60,1,,,
2026-09-01 13:35:22,autoscaler,customdas-cpu-queue-autoscaler-cartservice,4,60,1,,,
2026-09-01 13:35:22,autoscaler,customdas-cpu-queue-autoscaler-checkoutservice,3,60,1,,,
2026-09-01 13:35:22,autoscaler,customdas-cpu-queue-autoscaler-currencyservice,4,60,1,,,
2026-09-01 13:35:22,autoscaler,customdas-cpu-queue-autoscaler-emailservice,0,60,1,,,
2026-09-01 13:35:22,autoscaler,customdas-cpu-queue-autoscaler-frontend,10,60,1,,,
2026-09-01 13:35:22,autoscaler,customdas-cpu-queue-autoscaler-paymentservice,5,60,1,,,
2026-09-01 13:35:22,autoscaler,customdas-cpu-queue-autoscaler-productcatalogservice,5,60,1,,,
2026-09-01 13:35:22,autoscaler,customdas-cpu-queue-autoscaler-recommendationservice,0,60,1,,,
2026-09-01 13:35:22,autoscaler,customdas-cpu-queue-autoscaler-shippingservice,3,60,1,,,
2026-09-01 13:35:22,node,ze-master-node,2780,3929,,69.5,49.5,
2026-09-01 13:35:22,node,ze-worker-node,2643,2161,,66.1,27.2,
2026-09-01 13:35:30,deployment,adservice,64,176,2,,,
2026-09-01 13:35:30,deployment,cartservice,194,117,3,,,
2026-09-01 13:35:30,deployment,checkoutservice,45,33,3,,,
2026-09-01 13:35:30,deployment,currencyservice,350,163,3,,,
2026-09-01 13:35:30,deployment,emailservice,17,40,1,,,
2026-09-01 13:35:30,deployment,frontend,730,99,8,,,
2026-09-01 13:35:30,http_p95_latency,frontend,,,,,,232.6
2026-09-01 13:35:30,deployment,paymentservice,10,31,1,,,
2026-09-01 13:35:30,deployment,productcatalogservice,362,33,4,,,
2026-09-01 13:35:30,deployment,recommendationservice,289,165,4,,,
2026-09-01 13:35:30,deployment,redis-cart,64,47,1,,,
2026-09-01 13:35:30,deployment,shippingservice,27,9,1,,,
2026-09-01 13:35:30,autoscaler,customdas-cpu-queue-autoscaler-adservice,3,60,1,,,
2026-09-01 13:35:30,autoscaler,customdas-cpu-queue-autoscaler-cartservice,4,60,1,,,
2026-09-01 13:35:30,autoscaler,customdas-cpu-queue-autoscaler-checkoutservice,3,60,1,,,
2026-09-01 13:35:30,autoscaler,customdas-cpu-queue-autoscaler-currencyservice,4,60,1,,,
2026-09-01 13:35:30,autoscaler,customdas-cpu-queue-autoscaler-emailservice,0,60,1,,,
2026-09-01 13:35:30,autoscaler,customdas-cpu-queue-autoscaler-frontend,10,60,1,,,
2026-09-01 13:35:30,autoscaler,customdas-cpu-queue-autoscaler-paymentservice,5,60,1,,,
2026-09-01 13:35:30,autoscaler,customdas-cpu-queue-autoscaler-productcatalogservice,5,60,1,,,
2026-09-01 13:35:30,autoscaler,customdas-cpu-queue-autoscaler-recommendationservice,0,60,1,,,
2026-09-01 13:35:30,autoscaler,customdas-cpu-queue-autoscaler-shippingservice,3,60,1,,,
2026-09-01 13:35:30,node,ze-master-node,2780,3929,,69.5,49.5,
2026-09-01 13:35:30,node,ze-worker-node,2643,2161,,66.1,27.2,
2026-09-01 13:35:38,deployment,adservice,58,176,2,,,
2026-09-01 13:35:38,deployment,cartservice,206,114,3,,,
2026-09-01 13:35:38,deployment,checkoutservice,48,33,3,,,
2026-09-01 13:35:38,deployment,currencyservice,353,156,3,,,
2026-09-01 13:35:38,deployment,emailservice,17,40,1,,,
2026-09-01 13:35:38,deployment,frontend,711,100,8,,,
2026-09-01 13:35:38,http_p95_latency,frontend,,,,,,232.6
2026-09-01 13:35:38,deployment,paymentservice,10,31,1,,,
2026-09-01 13:35:38,deployment,productcatalogservice,363,35,4,,,
2026-09-01 13:35:38,deployment,recommendationservice,286,165,4,,,
2026-09-01 13:35:38,deployment,redis-cart,25,44,1,,,
2026-09-01 13:35:38,deployment,shippingservice,31,9,1,,,
2026-09-01 13:35:38,autoscaler,customdas-cpu-queue-autoscaler-adservice,4,60,1,,,
2026-09-01 13:35:38,autoscaler,customdas-cpu-queue-autoscaler-cartservice,5,60,1,,,
2026-09-01 13:35:38,autoscaler,customdas-cpu-queue-autoscaler-checkoutservice,3,60,1,,,
2026-09-01 13:35:38,autoscaler,customdas-cpu-queue-autoscaler-currencyservice,4,60,1,,,
2026-09-01 13:35:38,autoscaler,customdas-cpu-queue-autoscaler-emailservice,6,60,1,,,
2026-09-01 13:35:38,autoscaler,customdas-cpu-queue-autoscaler-frontend,9,60,1,,,
2026-09-01 13:35:38,autoscaler,customdas-cpu-queue-autoscaler-paymentservice,4,60,1,,,
2026-09-01 13:35:38,autoscaler,customdas-cpu-queue-autoscaler-productcatalogservice,5,60,1,,,
2026-09-01 13:35:38,autoscaler,customdas-cpu-queue-autoscaler-recommendationservice,8,60,1,,,
2026-09-01 13:35:38,autoscaler,customdas-cpu-queue-autoscaler-shippingservice,5,60,1,,,
2026-09-01 13:35:38,node,ze-master-node,2914,3939,,72.9,49.6,
2026-09-01 13:35:38,node,ze-worker-node,2514,2162,,62.8,27.2,
2026-09-01 13:35:47,deployment,adservice,58,176,2,,,
2026-09-01 13:35:47,deployment,cartservice,206,114,3,,,
2026-09-01 13:35:47,deployment,checkoutservice,48,33,3,,,
2026-09-01 13:35:47,deployment,currencyservice,353,156,3,,,
2026-09-01 13:35:47,deployment,emailservice,17,40,1,,,
2026-09-01 13:35:47,deployment,frontend,711,100,8,,,
2026-09-01 13:35:47,http_p95_latency,frontend,,,,,,219.2
2026-09-01 13:35:47,deployment,paymentservice,10,31,1,,,
2026-09-01 13:35:47,deployment,productcatalogservice,363,35,4,,,
2026-09-01 13:35:47,deployment,recommendationservice,286,165,4,,,
2026-09-01 13:35:47,deployment,redis-cart,25,44,1,,,
2026-09-01 13:35:47,deployment,shippingservice,31,9,1,,,
2026-09-01 13:35:47,autoscaler,customdas-cpu-queue-autoscaler-adservice,4,60,1,,,
2026-09-01 13:35:47,autoscaler,customdas-cpu-queue-autoscaler-cartservice,3,60,1,,,
2026-09-01 13:35:47,autoscaler,customdas-cpu-queue-autoscaler-checkoutservice,5,60,1,,,
2026-09-01 13:35:47,autoscaler,customdas-cpu-queue-autoscaler-currencyservice,8,60,1,,,
2026-09-01 13:35:47,autoscaler,customdas-cpu-queue-autoscaler-emailservice,2,60,1,,,
2026-09-01 13:35:47,autoscaler,customdas-cpu-queue-autoscaler-frontend,9,60,1,,,
2026-09-01 13:35:47,autoscaler,customdas-cpu-queue-autoscaler-paymentservice,4,60,1,,,
2026-09-01 13:35:47,autoscaler,customdas-cpu-queue-autoscaler-productcatalogservice,0,60,1,,,
2026-09-01 13:35:47,autoscaler,customdas-cpu-queue-autoscaler-recommendationservice,7,60,1,,,
2026-09-01 13:35:47,autoscaler,customdas-cpu-queue-autoscaler-shippingservice,6,60,1,,,
2026-09-01 13:35:47,node,ze-master-node,2970,3943,,74.2,49.7,
2026-09-01 13:35:47,node,ze-worker-node,2600,2157,,65.0,27.2,
2026-09-01 13:35:55,deployment,adservice,63,176,2,,,
2026-09-01 13:35:55,deployment,cartservice,207,114,3,,,
2026-09-01 13:35:55,deployment,checkoutservice,44,34,3,,,
2026-09-01 13:35:55,deployment,currencyservice,357,159,3,,,
2026-09-01 13:35:55,deployment,emailservice,19,40,1,,,
2026-09-01 13:35:55,deployment,frontend,713,100,8,,,
2026-09-01 13:35:55,http_p95_latency,frontend,,,,,,208.7
2026-09-01 13:35:55,deployment,paymentservice,13,31,1,,,
2026-09-01 13:35:55,deployment,productcatalogservice,368,34,4,,,
2026-09-01 13:35:55,deployment,recommendationservice,281,163,4,,,
2026-09-01 13:35:55,deployment,redis-cart,18,44,1,,,
2026-09-01 13:35:55,deployment,shippingservice,31,9,1,,,
2026-09-01 13:35:55,autoscaler,customdas-cpu-queue-autoscaler-adservice,4,60,1,,,
2026-09-01 13:35:55,autoscaler,customdas-cpu-queue-autoscaler-cartservice,3,60,1,,,
2026-09-01 13:35:55,autoscaler,customdas-cpu-queue-autoscaler-checkoutservice,5,60,1,,,
2026-09-01 13:35:55,autoscaler,customdas-cpu-queue-autoscaler-currencyservice,8,60,1,,,
2026-09-01 13:35:55,autoscaler,customdas-cpu-queue-autoscaler-emailservice,2,60,1,,,
2026-09-01 13:35:55,autoscaler,customdas-cpu-queue-autoscaler-frontend,9,60,1,,,
2026-09-01 13:35:55,autoscaler,customdas-cpu-queue-autoscaler-paymentservice,4,60,1,,,
2026-09-01 13:35:55,autoscaler,customdas-cpu-queue-autoscaler-productcatalogservice,0,60,1,,,
2026-09-01 13:35:55,autoscaler,customdas-cpu-queue-autoscaler-recommendationservice,7,60,1,,,
2026-09-01 13:35:55,autoscaler,customdas-cpu-queue-autoscaler-shippingservice,6,60,1,,,
2026-09-01 13:35:55,node,ze-master-node,2970,3943,,74.2,49.7,
2026-09-01 13:35:55,node,ze-worker-node,2600,2157,,65.0,27.2,
2026-09-01 13:36:06,deployment,adservice,63,176,2,,,
2026-09-01 13:36:06,deployment,cartservice,216,114,3,,,
2026-09-01 13:36:06,deployment,checkoutservice,48,33,3,,,
2026-09-01 13:36:06,deployment,currencyservice,352,159,3,,,
2026-09-01 13:36:06,deployment,emailservice,17,40,1,,,
2026-09-01 13:36:06,deployment,frontend,709,101,8,,,
2026-09-01 13:36:06,http_p95_latency,frontend,,,,,,208.7
2026-09-01 13:36:06,deployment,paymentservice,11,31,1,,,
2026-09-01 13:36:06,deployment,productcatalogservice,366,34,4,,,
2026-09-01 13:36:06,deployment,recommendationservice,286,163,4,,,
2026-09-01 13:36:06,deployment,redis-cart,20,44,1,,,
2026-09-01 13:36:06,deployment,shippingservice,33,9,1,,,
2026-09-01 13:36:06,autoscaler,customdas-cpu-queue-autoscaler-adservice,4,60,1,,,
2026-09-01 13:36:06,autoscaler,customdas-cpu-queue-autoscaler-cartservice,5,60,1,,,
2026-09-01 13:36:06,autoscaler,customdas-cpu-queue-autoscaler-checkoutservice,5,60,1,,,
2026-09-01 13:36:06,autoscaler,customdas-cpu-queue-autoscaler-currencyservice,0,60,1,,,
2026-09-01 13:36:06,autoscaler,customdas-cpu-queue-autoscaler-emailservice,3,60,1,,,
2026-09-01 13:36:06,autoscaler,customdas-cpu-queue-autoscaler-frontend,14,60,1,,,
2026-09-01 13:36:06,autoscaler,customdas-cpu-queue-autoscaler-paymentservice,3,60,1,,,
2026-09-01 13:36:06,autoscaler,customdas-cpu-queue-autoscaler-productcatalogservice,4,60,1,,,
2026-09-01 13:36:06,autoscaler,customdas-cpu-queue-autoscaler-recommendationservice,5,60,1,,,
2026-09-01 13:36:06,autoscaler,customdas-cpu-queue-autoscaler-shippingservice,5,60,1,,,
2026-09-01 13:36:06,node,ze-master-node,2942,3941,,73.6,49.6,
2026-09-01 13:36:06,node,ze-worker-node,2473,2159,,61.8,27.2,
2026-09-01 13:36:14,deployment,adservice,63,176,2,,,
2026-09-01 13:36:14,deployment,cartservice,216,114,3,,,
2026-09-01 13:36:14,deployment,checkoutservice,48,33,3,,,
2026-09-01 13:36:14,deployment,currencyservice,352,159,3,,,
2026-09-01 13:36:14,deployment,emailservice,17,40,1,,,
2026-09-01 13:36:14,deployment,frontend,709,101,8,,,
2026-09-01 13:36:14,http_p95_latency,frontend,,,,,,211.1
2026-09-01 13:36:14,deployment,paymentservice,11,31,1,,,
2026-09-01 13:36:14,deployment,productcatalogservice,366,34,4,,,
2026-09-01 13:36:14,deployment,recommendationservice,286,163,4,,,
2026-09-01 13:36:14,deployment,redis-cart,20,44,1,,,
2026-09-01 13:36:14,deployment,shippingservice,33,9,1,,,
2026-09-01 13:36:14,autoscaler,customdas-cpu-queue-autoscaler-adservice,4,60,1,,,
2026-09-01 13:36:14,autoscaler,customdas-cpu-queue-autoscaler-cartservice,5,60,1,,,
2026-09-01 13:36:14,autoscaler,customdas-cpu-queue-autoscaler-checkoutservice,5,60,1,,,
2026-09-01 13:36:14,autoscaler,customdas-cpu-queue-autoscaler-currencyservice,0,60,1,,,
2026-09-01 13:36:14,autoscaler,customdas-cpu-queue-autoscaler-emailservice,3,60,1,,,
2026-09-01 13:36:14,autoscaler,customdas-cpu-queue-autoscaler-frontend,14,60,1,,,
2026-09-01 13:36:14,autoscaler,customdas-cpu-queue-autoscaler-paymentservice,3,60,1,,,
2026-09-01 13:36:14,autoscaler,customdas-cpu-queue-autoscaler-productcatalogservice,4,60,1,,,
2026-09-01 13:36:14,autoscaler,customdas-cpu-queue-autoscaler-recommendationservice,5,60,1,,,
2026-09-01 13:36:14,autoscaler,customdas-cpu-queue-autoscaler-shippingservice,5,60,1,,,
2026-09-01 13:36:14,node,ze-master-node,2942,3941,,73.6,49.6,
2026-09-01 13:36:14,node,ze-worker-node,2473,2159,,61.8,27.2,
2026-09-01 13:36:21,deployment,adservice,64,176,2,,,
2026-09-01 13:36:21,deployment,cartservice,210,114,3,,,
2026-09-01 13:36:21,deployment,checkoutservice,48,33,3,,,
2026-09-01 13:36:21,deployment,currencyservice,349,161,3,,,
2026-09-01 13:36:21,deployment,emailservice,17,40,1,,,
2026-09-01 13:36:21,deployment,frontend,704,100,8,,,
2026-09-01 13:36:21,http_p95_latency,frontend,,,,,,211.1
2026-09-01 13:36:21,deployment,paymentservice,11,31,1,,,
2026-09-01 13:36:21,deployment,productcatalogservice,363,33,4,,,
2026-09-01 13:36:21,deployment,recommendationservice,281,166,4,,,
2026-09-01 13:36:21,deployment,redis-cart,19,44,1,,,
2026-09-01 13:36:21,deployment,shippingservice,31,9,1,,,
2026-09-01 13:36:21,autoscaler,customdas-cpu-queue-autoscaler-adservice,3,60,1,,,
2026-09-01 13:36:21,autoscaler,customdas-cpu-queue-autoscaler-cartservice,6,60,1,,,
2026-09-01 13:36:21,autoscaler,customdas-cpu-queue-autoscaler-checkoutservice,0,60,1,,,
2026-09-01 13:36:21,autoscaler,customdas-cpu-queue-autoscaler-currencyservice,9,60,1,,,
2026-09-01 13:36:21,autoscaler,customdas-cpu-queue-autoscaler-emailservice,4,60,1,,,
2026-09-01 13:36:21,autoscaler,customdas-cpu-queue-autoscaler-frontend,7,60,1,,,
2026-09-01 13:36:21,autoscaler,customdas-cpu-queue-autoscaler-paymentservice,3,60,1,,,
2026-09-01 13:36:21,autoscaler,customdas-cpu-queue-autoscaler-productcatalogservice,11,60,1,,,
2026-09-01 13:36:21,autoscaler,customdas-cpu-queue-autoscaler-recommendationservice,5,60,1,,,
2026-09-01 13:36:21,autoscaler,customdas-cpu-queue-autoscaler-shippingservice,6,60,1,,,
2026-09-01 13:36:21,node,ze-master-node,3039,3938,,76.0,49.6,
2026-09-01 13:36:21,node,ze-worker-node,2524,2162,,63.1,27.2,
2026-09-01 13:36:28,deployment,adservice,64,176,2,,,
2026-09-01 13:36:28,deployment,cartservice,210,114,3,,,
2026-09-01 13:36:28,deployment,checkoutservice,48,33,3,,,
2026-09-01 13:36:28,deployment,currencyservice,349,161,3,,,
2026-09-01 13:36:28,deployment,emailservice,17,40,1,,,
2026-09-01 13:36:28,deployment,frontend,704,100,8,,,
2026-09-01 13:36:28,http_p95_latency,frontend,,,,,,201.2
2026-09-01 13:36:28,deployment,paymentservice,11,31,1,,,
2026-09-01 13:36:28,deployment,productcatalogservice,363,33,4,,,
2026-09-01 13:36:28,deployment,recommendationservice,281,166,4,,,
2026-09-01 13:36:28,deployment,redis-cart,19,44,1,,,
2026-09-01 13:36:28,deployment,shippingservice,31,9,1,,,
2026-09-01 13:36:28,autoscaler,customdas-cpu-queue-autoscaler-adservice,3,60,1,,,
2026-09-01 13:36:28,autoscaler,customdas-cpu-queue-autoscaler-cartservice,6,60,1,,,
2026-09-01 13:36:28,autoscaler,customdas-cpu-queue-autoscaler-checkoutservice,0,60,1,,,
2026-09-01 13:36:28,autoscaler,customdas-cpu-queue-autoscaler-currencyservice,9,60,1,,,
2026-09-01 13:36:28,autoscaler,customdas-cpu-queue-autoscaler-emailservice,4,60,1,,,
2026-09-01 13:36:28,autoscaler,customdas-cpu-queue-autoscaler-frontend,7,60,1,,,
2026-09-01 13:36:28,autoscaler,customdas-cpu-queue-autoscaler-paymentservice,3,60,1,,,
2026-09-01 13:36:28,autoscaler,customdas-cpu-queue-autoscaler-productcatalogservice,11,60,1,,,
2026-09-01 13:36:28,autoscaler,customdas-cpu-queue-autoscaler-recommendationservice,5,60,1,,,
2026-09-01 13:36:28,autoscaler,customdas-cpu-queue-autoscaler-shippingservice,6,60,1,,,
2026-09-01 13:36:28,node,ze-master-node,3039,3938,,76.0,49.6,
2026-09-01 13:36:28,node,ze-worker-node,2524,2162,,63.1,27.2,
2026-09-01 13:36:38,deployment,adservice,59,176,2,,,
2026-09-01 13:36:38,deployment,cartservice,195,114,3,,,
2026-09-01 13:36:38,deployment,checkoutservice,46,33,3,,,
2026-09-01 13:36:38,deployment,currencyservice,336,162,3,,,
2026-09-01 13:36:38,deployment,emailservice,17,40,1,,,
2026-09-01 13:36:38,deployment,frontend,667,101,8,,,
2026-09-01 13:36:38,http_p95_latency,frontend,,,,,,201.2
2026-09-01 13:36:38,deployment,paymentservice,11,31,1,,,
2026-09-01 13:36:38,deployment,productcatalogservice,355,34,4,,,
2026-09-01 13:36:38,deployment,recommendationservice,271,163,4,,,
2026-09-01 13:36:38,deployment,redis-cart,18,44,1,,,
2026-09-01 13:36:38,deployment,shippingservice,31,9,1,,,
2026-09-01 13:36:38,autoscaler,customdas-cpu-queue-autoscaler-adservice,5,60,1,,,
2026-09-01 13:36:38,autoscaler,customdas-cpu-queue-autoscaler-cartservice,4,60,1,,,
2026-09-01 13:36:38,autoscaler,customdas-cpu-queue-autoscaler-checkoutservice,5,60,1,,,
2026-09-01 13:36:38,autoscaler,customdas-cpu-queue-autoscaler-currencyservice,4,60,1,,,
2026-09-01 13:36:38,autoscaler,customdas-cpu-queue-autoscaler-emailservice,3,60,1,,,
2026-09-01 13:36:38,autoscaler,customdas-cpu-queue-autoscaler-frontend,4,60,1,,,
2026-09-01 13:36:38,autoscaler,customdas-cpu-queue-autoscaler-paymentservice,3,60,1,,,
2026-09-01 13:36:38,autoscaler,customdas-cpu-queue-autoscaler-productcatalogservice,10,60,1,,,
2026-09-01 13:36:38,autoscaler,customdas-cpu-queue-autoscaler-recommendationservice,6,60,1,,,
2026-09-01 13:36:38,autoscaler,customdas-cpu-queue-autoscaler-shippingservice,3,60,1,,,
2026-09-01 13:36:38,node,ze-master-node,2832,3925,,70.8,49.4,
2026-09-01 13:36:38,node,ze-worker-node,2381,2166,,59.5,27.3,
2026-09-01 13:36:45,deployment,adservice,59,176,2,,,
2026-09-01 13:36:45,deployment,cartservice,195,114,3,,,
2026-09-01 13:36:45,deployment,checkoutservice,46,33,3,,,
2026-09-01 13:36:45,deployment,currencyservice,336,162,3,,,
2026-09-01 13:36:45,deployment,emailservice,17,40,1,,,
2026-09-01 13:36:45,deployment,frontend,667,101,8,,,
2026-09-01 13:36:45,http_p95_latency,frontend,,,,,,202.2
2026-09-01 13:36:45,deployment,paymentservice,11,31,1,,,
2026-09-01 13:36:45,deployment,productcatalogservice,355,34,4,,,
2026-09-01 13:36:45,deployment,recommendationservice,271,163,4,,,
2026-09-01 13:36:45,deployment,redis-cart,18,44,1,,,
2026-09-01 13:36:45,deployment,shippingservice,31,9,1,,,
2026-09-01 13:36:45,autoscaler,customdas-cpu-queue-autoscaler-adservice,5,60,1,,,
2026-09-01 13:36:45,autoscaler,customdas-cpu-queue-autoscaler-cartservice,4,60,1,,,
2026-09-01 13:36:45,autoscaler,customdas-cpu-queue-autoscaler-checkoutservice,5,60,1,,,
2026-09-01 13:36:45,autoscaler,customdas-cpu-queue-autoscaler-currencyservice,4,60,1,,,
2026-09-01 13:36:45,autoscaler,customdas-cpu-queue-autoscaler-emailservice,3,60,1,,,
2026-09-01 13:36:45,autoscaler,customdas-cpu-queue-autoscaler-frontend,4,60,1,,,
2026-09-01 13:36:45,autoscaler,customdas-cpu-queue-autoscaler-paymentservice,3,60,1,,,
2026-09-01 13:36:45,autoscaler,customdas-cpu-queue-autoscaler-productcatalogservice,10,60,1,,,
2026-09-01 13:36:45,autoscaler,customdas-cpu-queue-autoscaler-recommendationservice,6,60,1,,,
2026-09-01 13:36:45,autoscaler,customdas-cpu-queue-autoscaler-shippingservice,3,60,1,,,
2026-09-01 13:36:45,node,ze-master-node,2832,3925,,70.8,49.4,
2026-09-01 13:36:45,node,ze-worker-node,2381,2166,,59.5,27.3,
2026-09-01 13:36:54,deployment,adservice,60,176,2,,,
2026-09-01 13:36:54,deployment,cartservice,195,114,3,,,
2026-09-01 13:36:54,deployment,checkoutservice,50,33,3,,,
2026-09-01 13:36:54,deployment,currencyservice,340,161,3,,,
2026-09-01 13:36:54,deployment,emailservice,15,40,1,,,
2026-09-01 13:36:54,deployment,frontend,666,101,8,,,
2026-09-01 13:36:54,http_p95_latency,frontend,,,,,,202.2
2026-09-01 13:36:54,deployment,paymentservice,11,31,1,,,
2026-09-01 13:36:54,deployment,productcatalogservice,341,34,4,,,
2026-09-01 13:36:54,deployment,recommendationservice,266,163,4,,,
2026-09-01 13:36:54,deployment,redis-cart,18,44,1,,,
2026-09-01 13:36:54,deployment,shippingservice,28,9,1,,,
2026-09-01 13:36:54,autoscaler,customdas-cpu-queue-autoscaler-adservice,4,60,1,,,
2026-09-01 13:36:54,autoscaler,customdas-cpu-queue-autoscaler-cartservice,9,60,1,,,
2026-09-01 13:36:54,autoscaler,customdas-cpu-queue-autoscaler-checkoutservice,7,60,1,,,
2026-09-01 13:36:54,autoscaler,customdas-cpu-queue-autoscaler-currencyservice,7,60,1,,,
2026-09-01 13:36:54,autoscaler,customdas-cpu-queue-autoscaler-emailservice,3,60,1,,,
2026-09-01 13:36:54,autoscaler,customdas-cpu-queue-autoscaler-frontend,11,60,1,,,
2026-09-01 13:36:54,autoscaler,customdas-cpu-queue-autoscaler-paymentservice,3,60,1,,,
2026-09-01 13:36:54,autoscaler,customdas-cpu-queue-autoscaler-productcatalogservice,4,60,1,,,
2026-09-01 13:36:54,autoscaler,customdas-cpu-queue-autoscaler-recommendationservice,7,60,1,,,
2026-09-01 13:36:54,autoscaler,customdas-cpu-queue-autoscaler-shippingservice,3,60,1,,,
2026-09-01 13:36:54,node,ze-master-node,2838,3918,,71.0,49.3,
2026-09-01 13:36:54,node,ze-worker-node,2418,2153,,60.5,27.1,
2026-09-01 13:37:04,deployment,adservice,57,176,2,,,
2026-09-01 13:37:04,deployment,cartservice,201,114,3,,,
2026-09-01 13:37:04,deployment,checkoutservice,53,34,3,,,
2026-09-01 13:37:04,deployment,currencyservice,335,158,3,,,
2026-09-01 13:37:04,deployment,emailservice,18,40,1,,,
2026-09-01 13:37:04,deployment,frontend,647,100,8,,,
2026-09-01 13:37:04,http_p95_latency,frontend,,,,,,205.5
2026-09-01 13:37:04,deployment,paymentservice,12,31,1,,,
2026-09-01 13:37:04,deployment,productcatalogservice,354,34,4,,,
2026-09-01 13:37:04,deployment,recommendationservice,274,163,4,,,
2026-09-01 13:37:04,deployment,redis-cart,17,44,1,,,
2026-09-01 13:37:04,deployment,shippingservice,31,9,1,,,
2026-09-01 13:37:04,autoscaler,customdas-cpu-queue-autoscaler-adservice,4,60,1,,,
2026-09-01 13:37:04,autoscaler,customdas-cpu-queue-autoscaler-cartservice,9,60,1,,,
2026-09-01 13:37:04,autoscaler,customdas-cpu-queue-autoscaler-checkoutservice,5,60,1,,,
2026-09-01 13:37:04,autoscaler,customdas-cpu-queue-autoscaler-currencyservice,4,60,1,,,
2026-09-01 13:37:04,autoscaler,customdas-cpu-queue-autoscaler-emailservice,3,60,1,,,
2026-09-01 13:37:04,autoscaler,customdas-cpu-queue-autoscaler-frontend,11,60,1,,,
2026-09-01 13:37:04,autoscaler,customdas-cpu-queue-autoscaler-paymentservice,3,60,1,,,
2026-09-01 13:37:04,autoscaler,customdas-cpu-queue-autoscaler-productcatalogservice,5,60,1,,,
2026-09-01 13:37:04,autoscaler,customdas-cpu-queue-autoscaler-recommendationservice,5,60,1,,,
2026-09-01 13:37:04,autoscaler,customdas-cpu-queue-autoscaler-shippingservice,3,60,1,,,
2026-09-01 13:37:04,node,ze-master-node,2841,3900,,71.0,49.1,
2026-09-01 13:37:04,node,ze-worker-node,2442,2156,,61.1,27.2,
2026-09-01 13:37:12,deployment,adservice,57,176,2,,,
2026-09-01 13:37:12,deployment,cartservice,201,114,3,,,
2026-09-01 13:37:12,deployment,checkoutservice,53,34,3,,,
2026-09-01 13:37:12,deployment,currencyservice,335,158,3,,,
2026-09-01 13:37:12,deployment,emailservice,18,40,1,,,
2026-09-01 13:37:12,deployment,frontend,647,100,8,,,
2026-09-01 13:37:12,http_p95_latency,frontend,,,,,,207.5
2026-09-01 13:37:12,deployment,paymentservice,12,31,1,,,
2026-09-01 13:37:12,deployment,productcatalogservice,354,34,4,,,
2026-09-01 13:37:12,deployment,recommendationservice,274,163,4,,,
2026-09-01 13:37:12,deployment,redis-cart,17,44,1,,,
2026-09-01 13:37:12,deployment,shippingservice,31,9,1,,,
2026-09-01 13:37:12,autoscaler,customdas-cpu-queue-autoscaler-adservice,4,60,1,,,
2026-09-01 13:37:12,autoscaler,customdas-cpu-queue-autoscaler-cartservice,9,60,1,,,
2026-09-01 13:37:12,autoscaler,customdas-cpu-queue-autoscaler-checkoutservice,5,60,1,,,
2026-09-01 13:37:12,autoscaler,customdas-cpu-queue-autoscaler-currencyservice,4,60,1,,,
2026-09-01 13:37:12,autoscaler,customdas-cpu-queue-autoscaler-emailservice,3,60,1,,,
2026-09-01 13:37:12,autoscaler,customdas-cpu-queue-autoscaler-frontend,11,60,1,,,
2026-09-01 13:37:12,autoscaler,customdas-cpu-queue-autoscaler-paymentservice,3,60,1,,,
2026-09-01 13:37:12,autoscaler,customdas-cpu-queue-autoscaler-productcatalogservice,5,60,1,,,
2026-09-01 13:37:12,autoscaler,customdas-cpu-queue-autoscaler-recommendationservice,5,60,1,,,
2026-09-01 13:37:12,autoscaler,customdas-cpu-queue-autoscaler-shippingservice,3,60,1,,,
2026-09-01 13:37:12,node,ze-master-node,2841,3900,,71.0,49.1,
2026-09-01 13:37:12,node,ze-worker-node,2442,2156,,61.1,27.2,
2026-09-01 13:37:20,deployment,adservice,56,176,2,,,
2026-09-01 13:37:20,deployment,cartservice,192,114,3,,,
2026-09-01 13:37:20,deployment,checkoutservice,46,34,3,,,
2026-09-01 13:37:20,deployment,currencyservice,330,159,3,,,
2026-09-01 13:37:20,deployment,emailservice,16,40,1,,,
2026-09-01 13:37:20,deployment,frontend,666,100,8,,,
2026-09-01 13:37:20,http_p95_latency,frontend,,,,,,207.5
2026-09-01 13:37:20,deployment,paymentservice,10,31,1,,,
2026-09-01 13:37:20,deployment,productcatalogservice,338,35,4,,,
2026-09-01 13:37:20,deployment,recommendationservice,264,163,4,,,
2026-09-01 13:37:20,deployment,redis-cart,18,44,1,,,
2026-09-01 13:37:20,deployment,shippingservice,30,9,1,,,
2026-09-01 13:37:20,autoscaler,customdas-cpu-queue-autoscaler-adservice,4,60,1,,,
2026-09-01 13:37:20,autoscaler,customdas-cpu-queue-autoscaler-cartservice,4,60,1,,,
2026-09-01 13:37:20,autoscaler,customdas-cpu-queue-autoscaler-checkoutservice,6,60,1,,,
2026-09-01 13:37:20,autoscaler,customdas-cpu-queue-autoscaler-currencyservice,5,60,1,,,
2026-09-01 13:37:20,autoscaler,customdas-cpu-queue-autoscaler-emailservice,4,60,1,,,
2026-09-01 13:37:20,autoscaler,customdas-cpu-queue-autoscaler-frontend,17,60,1,,,
2026-09-01 13:37:20,autoscaler,customdas-cpu-queue-autoscaler-paymentservice,3,60,1,,,
2026-09-01 13:37:20,autoscaler,customdas-cpu-queue-autoscaler-productcatalogservice,5,60,1,,,
2026-09-01 13:37:20,autoscaler,customdas-cpu-queue-autoscaler-recommendationservice,6,60,1,,,
2026-09-01 13:37:20,autoscaler,customdas-cpu-queue-autoscaler-shippingservice,5,60,1,,,
2026-09-01 13:37:20,node,ze-master-node,2758,3859,,69.0,48.6,
2026-09-01 13:37:20,node,ze-worker-node,2377,2155,,59.4,27.1,
2026-09-01 13:37:28,deployment,adservice,56,176,2,,,
2026-09-01 13:37:28,deployment,cartservice,192,114,3,,,
2026-09-01 13:37:28,deployment,checkoutservice,46,34,3,,,
2026-09-01 13:37:28,deployment,currencyservice,330,159,3,,,
2026-09-01 13:37:28,deployment,emailservice,16,40,1,,,
2026-09-01 13:37:28,deployment,frontend,666,100,8,,,
2026-09-01 13:37:28,http_p95_latency,frontend,,,,,,198.5
2026-09-01 13:37:28,deployment,paymentservice,10,31,1,,,
2026-09-01 13:37:28,deployment,productcatalogservice,338,35,4,,,
2026-09-01 13:37:28,deployment,recommendationservice,264,163,4,,,
2026-09-01 13:37:28,deployment,redis-cart,18,44,1,,,
2026-09-01 13:37:28,deployment,shippingservice,30,9,1,,,
2026-09-01 13:37:28,autoscaler,customdas-cpu-queue-autoscaler-adservice,4,60,1,,,
2026-09-01 13:37:28,autoscaler,customdas-cpu-queue-autoscaler-cartservice,4,60,1,,,
2026-09-01 13:37:28,autoscaler,customdas-cpu-queue-autoscaler-checkoutservice,6,60,1,,,
2026-09-01 13:37:28,autoscaler,customdas-cpu-queue-autoscaler-currencyservice,5,60,1,,,
2026-09-01 13:37:28,autoscaler,customdas-cpu-queue-autoscaler-emailservice,4,60,1,,,
2026-09-01 13:37:28,autoscaler,customdas-cpu-queue-autoscaler-frontend,17,60,1,,,
2026-09-01 13:37:28,autoscaler,customdas-cpu-queue-autoscaler-paymentservice,3,60,1,,,
2026-09-01 13:37:28,autoscaler,customdas-cpu-queue-autoscaler-productcatalogservice,5,60,1,,,
2026-09-01 13:37:28,autoscaler,customdas-cpu-queue-autoscaler-recommendationservice,6,60,1,,,
2026-09-01 13:37:28,autoscaler,customdas-cpu-queue-autoscaler-shippingservice,5,60,1,,,
2026-09-01 13:37:28,node,ze-master-node,2758,3859,,69.0,48.6,
2026-09-01 13:37:28,node,ze-worker-node,2377,2155,,59.4,27.1,
2026-09-01 13:37:36,deployment,adservice,53,176,2,,,
2026-09-01 13:37:36,deployment,cartservice,181,114,3,,,
2026-09-01 13:37:36,deployment,checkoutservice,46,33,3,,,
2026-09-01 13:37:36,deployment,currencyservice,309,159,3,,,
2026-09-01 13:37:36,deployment,emailservice,19,42,1,,,
2026-09-01 13:37:36,deployment,frontend,611,101,8,,,
2026-09-01 13:37:36,http_p95_latency,frontend,,,,,,198.5
2026-09-01 13:37:36,deployment,paymentservice,11,30,1,,,
2026-09-01 13:37:36,deployment,productcatalogservice,321,33,4,,,
2026-09-01 13:37:36,deployment,recommendationservice,239,163,4,,,
2026-09-01 13:37:36,deployment,redis-cart,17,44,1,,,
2026-09-01 13:37:36,deployment,shippingservice,29,9,1,,,
2026-09-01 13:37:36,autoscaler,customdas-cpu-queue-autoscaler-adservice,4,60,1,,,
2026-09-01 13:37:36,autoscaler,customdas-cpu-queue-autoscaler-cartservice,7,60,1,,,
2026-09-01 13:37:36,autoscaler,customdas-cpu-queue-autoscaler-checkoutservice,9,60,1,,,
2026-09-01 13:37:36,autoscaler,customdas-cpu-queue-autoscaler-currencyservice,5,60,1,,,
2026-09-01 13:37:36,autoscaler,customdas-cpu-queue-autoscaler-emailservice,4,60,1,,,
2026-09-01 13:37:36,autoscaler,customdas-cpu-queue-autoscaler-frontend,10,60,1,,,
2026-09-01 13:37:36,autoscaler,customdas-cpu-queue-autoscaler-paymentservice,3,60,1,,,
2026-09-01 13:37:36,autoscaler,customdas-cpu-queue-autoscaler-productcatalogservice,8,60,1,,,
2026-09-01 13:37:36,autoscaler,customdas-cpu-queue-autoscaler-recommendationservice,8,60,1,,,
2026-09-01 13:37:36,autoscaler,customdas-cpu-queue-autoscaler-shippingservice,5,60,1,,,
2026-09-01 13:37:36,node,ze-master-node,2684,3887,,67.1,48.9,
2026-09-01 13:37:36,node,ze-worker-node,2261,2157,,56.5,27.2,
2026-09-01 13:37:43,deployment,adservice,53,176,2,,,
2026-09-01 13:37:43,deployment,cartservice,181,114,3,,,
2026-09-01 13:37:43,deployment,checkoutservice,46,33,3,,,
2026-09-01 13:37:43,deployment,currencyservice,309,159,3,,,
2026-09-01 13:37:43,deployment,emailservice,19,42,1,,,
2026-09-01 13:37:43,deployment,frontend,611,101,8,,,
2026-09-01 13:37:43,http_p95_latency,frontend,,,,,,182.5
2026-09-01 13:37:43,deployment,paymentservice,11,30,1,,,
2026-09-01 13:37:43,deployment,productcatalogservice,321,33,4,,,
2026-09-01 13:37:43,deployment,recommendationservice,239,163,4,,,
2026-09-01 13:37:43,deployment,redis-cart,17,44,1,,,
2026-09-01 13:37:43,deployment,shippingservice,29,9,1,,,
2026-09-01 13:37:43,autoscaler,customdas-cpu-queue-autoscaler-adservice,4,60,1,,,
2026-09-01 13:37:43,autoscaler,customdas-cpu-queue-autoscaler-cartservice,7,60,1,,,
2026-09-01 13:37:43,autoscaler,customdas-cpu-queue-autoscaler-checkoutservice,9,60,1,,,
2026-09-01 13:37:43,autoscaler,customdas-cpu-queue-autoscaler-currencyservice,5,60,1,,,
2026-09-01 13:37:43,autoscaler,customdas-cpu-queue-autoscaler-emailservice,4,60,1,,,
2026-09-01 13:37:43,autoscaler,customdas-cpu-queue-autoscaler-frontend,10,60,1,,,
2026-09-01 13:37:43,autoscaler,customdas-cpu-queue-autoscaler-paymentservice,3,60,1,,,
2026-09-01 13:37:43,autoscaler,customdas-cpu-queue-autoscaler-productcatalogservice,8,60,1,,,
2026-09-01 13:37:43,autoscaler,customdas-cpu-queue-autoscaler-recommendationservice,8,60,1,,,
2026-09-01 13:37:43,autoscaler,customdas-cpu-queue-autoscaler-shippingservice,5,60,1,,,
2026-09-01 13:37:43,node,ze-master-node,2684,3887,,67.1,48.9,
2026-09-01 13:37:43,node,ze-worker-node,2261,2157,,56.5,27.2,
2026-09-01 13:37:51,deployment,adservice,51,176,2,,,
2026-09-01 13:37:51,deployment,cartservice,169,114,3,,,
2026-09-01 13:37:51,deployment,checkoutservice,40,34,3,,,
2026-09-01 13:37:51,deployment,currencyservice,293,162,3,,,
2026-09-01 13:37:51,deployment,emailservice,16,40,1,,,
2026-09-01 13:37:51,deployment,frontend,585,101,8,,,
2026-09-01 13:37:51,http_p95_latency,frontend,,,,,,182.5
2026-09-01 13:37:51,deployment,paymentservice,10,31,1,,,
2026-09-01 13:37:51,deployment,productcatalogservice,313,34,4,,,
2026-09-01 13:37:51,deployment,recommendationservice,236,163,4,,,
2026-09-01 13:37:51,deployment,redis-cart,16,44,1,,,
2026-09-01 13:37:51,deployment,shippingservice,27,11,1,,,
2026-09-01 13:37:51,autoscaler,customdas-cpu-queue-autoscaler-adservice,8,60,1,,,
2026-09-01 13:37:51,autoscaler,customdas-cpu-queue-autoscaler-cartservice,8,60,1,,,
2026-09-01 13:37:51,autoscaler,customdas-cpu-queue-autoscaler-checkoutservice,4,60,1,,,
2026-09-01 13:37:51,autoscaler,customdas-cpu-queue-autoscaler-currencyservice,7,60,1,,,
2026-09-01 13:37:51,autoscaler,customdas-cpu-queue-autoscaler-emailservice,4,60,1,,,
2026-09-01 13:37:51,autoscaler,customdas-cpu-queue-autoscaler-frontend,9,60,1,,,
2026-09-01 13:37:51,autoscaler,customdas-cpu-queue-autoscaler-paymentservice,3,60,1,,,
2026-09-01 13:37:51,autoscaler,customdas-cpu-queue-autoscaler-productcatalogservice,6,60,1,,,
2026-09-01 13:37:51,autoscaler,customdas-cpu-queue-autoscaler-recommendationservice,5,60,1,,,
2026-09-01 13:37:51,autoscaler,customdas-cpu-queue-autoscaler-shippingservice,4,60,1,,,
2026-09-01 13:37:51,node,ze-master-node,2460,3881,,61.5,48.9,
2026-09-01 13:37:51,node,ze-worker-node,2230,2156,,55.8,27.2,
2026-09-01 13:38:00,deployment,adservice,51,176,2,,,
2026-09-01 13:38:00,deployment,cartservice,169,114,3,,,
2026-09-01 13:38:00,deployment,checkoutservice,40,34,3,,,
2026-09-01 13:38:00,deployment,currencyservice,293,162,3,,,
2026-09-01 13:38:00,deployment,emailservice,16,40,1,,,
2026-09-01 13:38:00,deployment,frontend,585,101,8,,,
2026-09-01 13:38:00,http_p95_latency,frontend,,,,,,180.0
2026-09-01 13:38:00,deployment,paymentservice,10,31,1,,,
2026-09-01 13:38:00,deployment,productcatalogservice,313,34,4,,,
2026-09-01 13:38:00,deployment,recommendationservice,236,163,4,,,
2026-09-01 13:38:00,deployment,redis-cart,16,44,1,,,
2026-09-01 13:38:00,deployment,shippingservice,27,11,1,,,
2026-09-01 13:38:00,autoscaler,customdas-cpu-queue-autoscaler-adservice,8,60,1,,,
2026-09-01 13:38:00,autoscaler,customdas-cpu-queue-autoscaler-cartservice,8,60,1,,,
2026-09-01 13:38:00,autoscaler,customdas-cpu-queue-autoscaler-checkoutservice,4,60,1,,,
2026-09-01 13:38:00,autoscaler,customdas-cpu-queue-autoscaler-currencyservice,7,60,1,,,
2026-09-01 13:38:00,autoscaler,customdas-cpu-queue-autoscaler-emailservice,4,60,1,,,
2026-09-01 13:38:00,autoscaler,customdas-cpu-queue-autoscaler-frontend,9,60,1,,,
2026-09-01 13:38:00,autoscaler,customdas-cpu-queue-autoscaler-paymentservice,3,60,1,,,
2026-09-01 13:38:00,autoscaler,customdas-cpu-queue-autoscaler-productcatalogservice,6,60,1,,,
2026-09-01 13:38:00,autoscaler,customdas-cpu-queue-autoscaler-recommendationservice,5,60,1,,,
2026-09-01 13:38:00,autoscaler,customdas-cpu-queue-autoscaler-shippingservice,4,60,1,,,
2026-09-01 13:38:00,node,ze-master-node,2460,3881,,61.5,48.9,
2026-09-01 13:38:00,node,ze-worker-node,2230,2156,,55.8,27.2,
2026-09-01 13:38:07,deployment,adservice,51,176,2,,,
2026-09-01 13:38:07,deployment,cartservice,185,114,3,,,
2026-09-01 13:38:07,deployment,checkoutservice,42,33,3,,,
2026-09-01 13:38:07,deployment,currencyservice,286,164,3,,,
2026-09-01 13:38:07,deployment,emailservice,21,40,1,,,
2026-09-01 13:38:07,deployment,frontend,587,101,8,,,
2026-09-01 13:38:07,http_p95_latency,frontend,,,,,,180.0
2026-09-01 13:38:07,deployment,paymentservice,10,31,1,,,
2026-09-01 13:38:07,deployment,productcatalogservice,313,33,4,,,
2026-09-01 13:38:07,deployment,recommendationservice,242,163,4,,,
2026-09-01 13:38:07,deployment,redis-cart,16,44,1,,,
2026-09-01 13:38:07,deployment,shippingservice,26,9,1,,,
2026-09-01 13:38:07,autoscaler,customdas-cpu-queue-autoscaler-adservice,3,60,1,,,
2026-09-01 13:38:07,autoscaler,customdas-cpu-queue-autoscaler-cartservice,0,60,1,,,
2026-09-01 13:38:07,autoscaler,customdas-cpu-queue-autoscaler-checkoutservice,5,60,1,,,
2026-09-01 13:38:07,autoscaler,customdas-cpu-queue-autoscaler-currencyservice,5,60,1,,,
2026-09-01 13:38:07,autoscaler,customdas-cpu-queue-autoscaler-emailservice,4,60,1,,,
2026-09-01 13:38:07,autoscaler,customdas-cpu-queue-autoscaler-frontend,10,60,1,,,
2026-09-01 13:38:07,autoscaler,customdas-cpu-queue-autoscaler-paymentservice,5,60,1,,,
2026-09-01 13:38:07,autoscaler,customdas-cpu-queue-autoscaler-productcatalogservice,6,60,1,,,
2026-09-01 13:38:07,autoscaler,customdas-cpu-queue-autoscaler-recommendationservice,5,60,1,,,
2026-09-01 13:38:07,autoscaler,customdas-cpu-queue-autoscaler-shippingservice,4,60,1,,,
2026-09-01 13:38:07,node,ze-master-node,2640,3889,,66.0,49.0,
2026-09-01 13:38:07,node,ze-worker-node,2232,2161,,55.8,27.2,
2026-09-01 13:38:15,deployment,adservice,51,176,2,,,
2026-09-01 13:38:15,deployment,cartservice,185,114,3,,,
2026-09-01 13:38:15,deployment,checkoutservice,42,33,3,,,
2026-09-01 13:38:15,deployment,currencyservice,286,164,3,,,
2026-09-01 13:38:15,deployment,emailservice,21,40,1,,,
2026-09-01 13:38:15,deployment,frontend,587,101,8,,,
2026-09-01 13:38:15,http_p95_latency,frontend,,,,,,193.6
2026-09-01 13:38:15,deployment,paymentservice,10,31,1,,,
2026-09-01 13:38:15,deployment,productcatalogservice,313,33,4,,,
2026-09-01 13:38:15,deployment,recommendationservice,242,163,4,,,
2026-09-01 13:38:15,deployment,redis-cart,16,44,1,,,
2026-09-01 13:38:15,deployment,shippingservice,26,9,1,,,
2026-09-01 13:38:15,autoscaler,customdas-cpu-queue-autoscaler-adservice,3,60,1,,,
2026-09-01 13:38:15,autoscaler,customdas-cpu-queue-autoscaler-cartservice,0,60,1,,,
2026-09-01 13:38:15,autoscaler,customdas-cpu-queue-autoscaler-checkoutservice,5,60,1,,,
2026-09-01 13:38:15,autoscaler,customdas-cpu-queue-autoscaler-currencyservice,5,60,1,,,
2026-09-01 13:38:15,autoscaler,customdas-cpu-queue-autoscaler-emailservice,4,60,1,,,
2026-09-01 13:38:15,autoscaler,customdas-cpu-queue-autoscaler-frontend,10,60,1,,,
2026-09-01 13:38:15,autoscaler,customdas-cpu-queue-autoscaler-paymentservice,5,60,1,,,
2026-09-01 13:38:15,autoscaler,customdas-cpu-queue-autoscaler-productcatalogservice,6,60,1,,,
2026-09-01 13:38:15,autoscaler,customdas-cpu-queue-autoscaler-recommendationservice,5,60,1,,,
2026-09-01 13:38:15,autoscaler,customdas-cpu-queue-autoscaler-shippingservice,4,60,1,,,
2026-09-01 13:38:15,node,ze-master-node,2640,3889,,66.0,49.0,
2026-09-01 13:38:15,node,ze-worker-node,2232,2161,,55.8,27.2,
2026-09-01 13:38:22,deployment,adservice,50,176,2,,,
2026-09-01 13:38:22,deployment,cartservice,163,114,3,,,
2026-09-01 13:38:22,deployment,checkoutservice,42,34,3,,,
2026-09-01 13:38:22,deployment,currencyservice,311,163,3,,,
2026-09-01 13:38:22,deployment,emailservice,16,40,1,,,
2026-09-01 13:38:22,deployment,frontend,553,100,8,,,
2026-09-01 13:38:22,http_p95_latency,frontend,,,,,,193.6
2026-09-01 13:38:22,deployment,paymentservice,9,32,1,,,
2026-09-01 13:38:22,deployment,productcatalogservice,306,33,4,,,
2026-09-01 13:38:22,deployment,recommendationservice,225,163,4,,,
2026-09-01 13:38:22,deployment,redis-cart,59,46,1,,,
2026-09-01 13:38:22,deployment,shippingservice,27,9,1,,,
2026-09-01 13:38:22,autoscaler,customdas-cpu-queue-autoscaler-adservice,0,60,1,,,
2026-09-01 13:38:22,autoscaler,customdas-cpu-queue-autoscaler-cartservice,7,60,1,,,
2026-09-01 13:38:22,autoscaler,customdas-cpu-queue-autoscaler-checkoutservice,9,60,1,,,
2026-09-01 13:38:22,autoscaler,customdas-cpu-queue-autoscaler-currencyservice,5,60,1,,,
2026-09-01 13:38:22,autoscaler,customdas-cpu-queue-autoscaler-emailservice,5,60,1,,,
2026-09-01 13:38:22,autoscaler,customdas-cpu-queue-autoscaler-frontend,10,60,1,,,
2026-09-01 13:38:22,autoscaler,customdas-cpu-queue-autoscaler-paymentservice,5,60,1,,,
2026-09-01 13:38:22,autoscaler,customdas-cpu-queue-autoscaler-productcatalogservice,5,60,1,,,
2026-09-01 13:38:22,autoscaler,customdas-cpu-queue-autoscaler-recommendationservice,5,60,1,,,
2026-09-01 13:38:22,autoscaler,customdas-cpu-queue-autoscaler-shippingservice,4,60,1,,,
2026-09-01 13:38:22,node,ze-master-node,2600,3889,,65.0,49.0,
2026-09-01 13:38:22,node,ze-worker-node,2255,2162,,56.4,27.2,
2026-09-01 13:38:32,deployment,adservice,50,176,2,,,
2026-09-01 13:38:32,deployment,cartservice,163,114,3,,,
2026-09-01 13:38:32,deployment,checkoutservice,42,34,3,,,
2026-09-01 13:38:32,deployment,currencyservice,311,163,3,,,
2026-09-01 13:38:32,deployment,emailservice,16,40,1,,,
2026-09-01 13:38:32,deployment,frontend,553,100,8,,,
2026-09-01 13:38:32,http_p95_latency,frontend,,,,,,214.4
2026-09-01 13:38:32,deployment,paymentservice,9,32,1,,,
2026-09-01 13:38:32,deployment,productcatalogservice,306,33,4,,,
2026-09-01 13:38:32,deployment,recommendationservice,225,163,4,,,
2026-09-01 13:38:32,deployment,redis-cart,59,46,1,,,
2026-09-01 13:38:32,deployment,shippingservice,28,9,1,,,
2026-09-01 13:38:32,autoscaler,customdas-cpu-queue-autoscaler-adservice,14,60,1,,,
2026-09-01 13:38:32,autoscaler,customdas-cpu-queue-autoscaler-cartservice,7,60,1,,,
2026-09-01 13:38:32,autoscaler,customdas-cpu-queue-autoscaler-checkoutservice,5,60,1,,,
2026-09-01 13:38:32,autoscaler,customdas-cpu-queue-autoscaler-currencyservice,5,60,1,,,
2026-09-01 13:38:32,autoscaler,customdas-cpu-queue-autoscaler-emailservice,4,60,1,,,
2026-09-01 13:38:32,autoscaler,customdas-cpu-queue-autoscaler-frontend,8,60,1,,,
2026-09-01 13:38:32,autoscaler,customdas-cpu-queue-autoscaler-paymentservice,3,60,1,,,
2026-09-01 13:38:32,autoscaler,customdas-cpu-queue-autoscaler-productcatalogservice,7,60,1,,,
2026-09-01 13:38:32,autoscaler,customdas-cpu-queue-autoscaler-recommendationservice,11,60,1,,,
2026-09-01 13:38:32,autoscaler,customdas-cpu-queue-autoscaler-shippingservice,9,60,1,,,
2026-09-01 13:38:32,node,ze-master-node,2564,3909,,64.1,49.2,
2026-09-01 13:38:32,node,ze-worker-node,2145,2162,,53.6,27.2,
2026-09-01 13:38:41,deployment,adservice,53,176,2,,,
2026-09-01 13:38:41,deployment,cartservice,172,114,3,,,
2026-09-01 13:38:41,deployment,checkoutservice,39,34,3,,,
2026-09-01 13:38:41,deployment,currencyservice,283,160,3,,,
2026-09-01 13:38:41,deployment,emailservice,18,40,1,,,
2026-09-01 13:38:41,deployment,frontend,539,101,8,,,
2026-09-01 13:38:41,http_p95_latency,frontend,,,,,,215.4
2026-09-01 13:38:41,deployment,paymentservice,11,31,1,,,
2026-09-01 13:38:41,deployment,productcatalogservice,286,33,4,,,
2026-09-01 13:38:41,deployment,recommendationservice,220,163,4,,,
2026-09-01 13:38:41,deployment,redis-cart,27,44,1,,,
2026-09-01 13:38:41,deployment,shippingservice,28,9,1,,,
2026-09-01 13:38:41,autoscaler,customdas-cpu-queue-autoscaler-adservice,14,60,1,,,
2026-09-01 13:38:41,autoscaler,customdas-cpu-queue-autoscaler-cartservice,7,60,1,,,
2026-09-01 13:38:41,autoscaler,customdas-cpu-queue-autoscaler-checkoutservice,5,60,1,,,
2026-09-01 13:38:41,autoscaler,customdas-cpu-queue-autoscaler-currencyservice,5,60,1,,,
2026-09-01 13:38:41,autoscaler,customdas-cpu-queue-autoscaler-emailservice,4,60,1,,,
2026-09-01 13:38:41,autoscaler,customdas-cpu-queue-autoscaler-frontend,8,60,1,,,
2026-09-01 13:38:41,autoscaler,customdas-cpu-queue-autoscaler-paymentservice,3,60,1,,,
2026-09-01 13:38:41,autoscaler,customdas-cpu-queue-autoscaler-productcatalogservice,7,60,1,,,
2026-09-01 13:38:41,autoscaler,customdas-cpu-queue-autoscaler-recommendationservice,11,60,1,,,
2026-09-01 13:38:41,autoscaler,customdas-cpu-queue-autoscaler-shippingservice,9,60,1,,,
2026-09-01 13:38:41,node,ze-master-node,2564,3909,,64.1,49.2,
2026-09-01 13:38:41,node,ze-worker-node,2145,2162,,53.6,27.2,
2026-09-01 13:38:50,deployment,adservice,54,176,2,,,
2026-09-01 13:38:50,deployment,cartservice,159,114,3,,,
2026-09-01 13:38:50,deployment,checkoutservice,36,33,3,,,
2026-09-01 13:38:50,deployment,currencyservice,274,160,3,,,
2026-09-01 13:38:50,deployment,emailservice,12,40,1,,,
2026-09-01 13:38:50,deployment,frontend,547,100,8,,,
2026-09-01 13:38:50,http_p95_latency,frontend,,,,,,215.4
2026-09-01 13:38:50,deployment,paymentservice,8,31,1,,,
2026-09-01 13:38:50,deployment,productcatalogservice,293,33,4,,,
2026-09-01 13:38:50,deployment,recommendationservice,234,166,4,,,
2026-09-01 13:38:50,deployment,redis-cart,16,44,1,,,
2026-09-01 13:38:50,deployment,shippingservice,23,9,1,,,
2026-09-01 13:38:50,autoscaler,customdas-cpu-queue-autoscaler-adservice,0,60,1,,,
2026-09-01 13:38:50,autoscaler,customdas-cpu-queue-autoscaler-cartservice,5,60,1,,,
2026-09-01 13:38:50,autoscaler,customdas-cpu-queue-autoscaler-checkoutservice,5,60,1,,,
2026-09-01 13:38:50,autoscaler,customdas-cpu-queue-autoscaler-currencyservice,5,60,1,,,
2026-09-01 13:38:50,autoscaler,customdas-cpu-queue-autoscaler-emailservice,3,60,1,,,
2026-09-01 13:38:50,autoscaler,customdas-cpu-queue-autoscaler-frontend,11,60,1,,,
2026-09-01 13:38:50,autoscaler,customdas-cpu-queue-autoscaler-paymentservice,3,60,1,,,
2026-09-01 13:38:50,autoscaler,customdas-cpu-queue-autoscaler-productcatalogservice,4,60,1,,,
2026-09-01 13:38:50,autoscaler,customdas-cpu-queue-autoscaler-recommendationservice,0,60,1,,,
2026-09-01 13:38:50,autoscaler,customdas-cpu-queue-autoscaler-shippingservice,4,60,1,,,
2026-09-01 13:38:50,node,ze-master-node,2491,3923,,62.3,49.4,
2026-09-01 13:38:50,node,ze-worker-node,2133,2157,,53.3,27.2,
2026-09-01 13:38:58,deployment,adservice,54,176,2,,,
2026-09-01 13:38:58,deployment,cartservice,159,114,3,,,
2026-09-01 13:38:58,deployment,checkoutservice,36,33,3,,,
2026-09-01 13:38:58,deployment,currencyservice,274,160,3,,,
2026-09-01 13:38:58,deployment,emailservice,12,40,1,,,
2026-09-01 13:38:58,deployment,frontend,547,100,8,,,
2026-09-01 13:38:58,http_p95_latency,frontend,,,,,,210.9
2026-09-01 13:38:58,deployment,paymentservice,8,31,1,,,
2026-09-01 13:38:58,deployment,productcatalogservice,293,33,4,,,
2026-09-01 13:38:58,deployment,recommendationservice,234,166,4,,,
2026-09-01 13:38:58,deployment,redis-cart,16,44,1,,,
2026-09-01 13:38:58,deployment,shippingservice,23,9,1,,,
2026-09-01 13:38:58,autoscaler,customdas-cpu-queue-autoscaler-adservice,0,60,1,,,
2026-09-01 13:38:58,autoscaler,customdas-cpu-queue-autoscaler-cartservice,5,60,1,,,
2026-09-01 13:38:58,autoscaler,customdas-cpu-queue-autoscaler-checkoutservice,5,60,1,,,
2026-09-01 13:38:58,autoscaler,customdas-cpu-queue-autoscaler-currencyservice,5,60,1,,,
2026-09-01 13:38:58,autoscaler,customdas-cpu-queue-autoscaler-emailservice,3,60,1,,,
2026-09-01 13:38:58,autoscaler,customdas-cpu-queue-autoscaler-frontend,11,60,1,,,
2026-09-01 13:38:58,autoscaler,customdas-cpu-queue-autoscaler-paymentservice,3,60,1,,,
2026-09-01 13:38:58,autoscaler,customdas-cpu-queue-autoscaler-productcatalogservice,4,60,1,,,
2026-09-01 13:38:58,autoscaler,customdas-cpu-queue-autoscaler-recommendationservice,0,60,1,,,
2026-09-01 13:38:58,autoscaler,customdas-cpu-queue-autoscaler-shippingservice,4,60,1,,,
2026-09-01 13:38:58,node,ze-master-node,2491,3923,,62.3,49.4,
2026-09-01 13:38:58,node,ze-worker-node,2133,2157,,53.3,27.2,
2026-09-01 13:39:06,deployment,adservice,49,176,2,,,
2026-09-01 13:39:06,deployment,cartservice,161,114,3,,,
2026-09-01 13:39:06,deployment,checkoutservice,42,33,3,,,
2026-09-01 13:39:06,deployment,currencyservice,278,161,3,,,
2026-09-01 13:39:06,deployment,emailservice,22,40,1,,,
2026-09-01 13:39:06,deployment,frontend,556,101,8,,,
2026-09-01 13:39:06,http_p95_latency,frontend,,,,,,210.9
2026-09-01 13:39:06,deployment,paymentservice,9,31,1,,,
2026-09-01 13:39:06,deployment,productcatalogservice,297,34,4,,,
2026-09-01 13:39:06,deployment,recommendationservice,225,163,4,,,
2026-09-01 13:39:06,deployment,redis-cart,15,44,1,,,
2026-09-01 13:39:06,deployment,shippingservice,30,9,1,,,
2026-09-01 13:39:06,autoscaler,customdas-cpu-queue-autoscaler-adservice,8,60,1,,,
2026-09-01 13:39:06,autoscaler,customdas-cpu-queue-autoscaler-cartservice,5,60,1,,,
2026-09-01 13:39:06,autoscaler,customdas-cpu-queue-autoscaler-checkoutservice,5,60,1,,,
2026-09-01 13:39:06,autoscaler,customdas-cpu-queue-autoscaler-currencyservice,7,60,1,,,
2026-09-01 13:39:06,autoscaler,customdas-cpu-queue-autoscaler-emailservice,3,60,1,,,
2026-09-01 13:39:06,autoscaler,customdas-cpu-queue-autoscaler-frontend,14,60,1,,,
2026-09-01 13:39:06,autoscaler,customdas-cpu-queue-autoscaler-paymentservice,3,60,1,,,
2026-09-01 13:39:06,autoscaler,customdas-cpu-queue-autoscaler-productcatalogservice,9,60,1,,,
2026-09-01 13:39:06,autoscaler,customdas-cpu-queue-autoscaler-recommendationservice,11,60,1,,,
2026-09-01 13:39:06,autoscaler,customdas-cpu-queue-autoscaler-shippingservice,3,60,1,,,
2026-09-01 13:39:06,node,ze-master-node,2547,3940,,63.7,49.6,
2026-09-01 13:39:06,node,ze-worker-node,2095,2160,,52.4,27.2,
2026-09-01 13:39:13,deployment,adservice,49,176,2,,,
2026-09-01 13:39:13,deployment,cartservice,161,114,3,,,
2026-09-01 13:39:13,deployment,checkoutservice,42,33,3,,,
2026-09-01 13:39:13,deployment,currencyservice,278,161,3,,,
2026-09-01 13:39:13,deployment,emailservice,22,40,1,,,
2026-09-01 13:39:13,deployment,frontend,556,101,8,,,
2026-09-01 13:39:13,http_p95_latency,frontend,,,,,,189.8
2026-09-01 13:39:13,deployment,paymentservice,9,31,1,,,
2026-09-01 13:39:13,deployment,productcatalogservice,297,34,4,,,
2026-09-01 13:39:13,deployment,recommendationservice,225,163,4,,,
2026-09-01 13:39:13,deployment,redis-cart,15,44,1,,,
2026-09-01 13:39:13,deployment,shippingservice,30,9,1,,,
2026-09-01 13:39:13,autoscaler,customdas-cpu-queue-autoscaler-adservice,8,60,1,,,
2026-09-01 13:39:13,autoscaler,customdas-cpu-queue-autoscaler-cartservice,5,60,1,,,
2026-09-01 13:39:13,autoscaler,customdas-cpu-queue-autoscaler-checkoutservice,5,60,1,,,
2026-09-01 13:39:13,autoscaler,customdas-cpu-queue-autoscaler-currencyservice,7,60,1,,,
2026-09-01 13:39:13,autoscaler,customdas-cpu-queue-autoscaler-emailservice,3,60,1,,,
2026-09-01 13:39:13,autoscaler,customdas-cpu-queue-autoscaler-frontend,14,60,1,,,
2026-09-01 13:39:13,autoscaler,customdas-cpu-queue-autoscaler-paymentservice,3,60,1,,,
2026-09-01 13:39:13,autoscaler,customdas-cpu-queue-autoscaler-productcatalogservice,9,60,1,,,
2026-09-01 13:39:13,autoscaler,customdas-cpu-queue-autoscaler-recommendationservice,11,60,1,,,
2026-09-01 13:39:13,autoscaler,customdas-cpu-queue-autoscaler-shippingservice,3,60,1,,,
2026-09-01 13:39:13,node,ze-master-node,2547,3940,,63.7,49.6,
2026-09-01 13:39:13,node,ze-worker-node,2095,2160,,52.4,27.2,
2026-09-01 13:39:21,deployment,adservice,41,176,2,,,
2026-09-01 13:39:21,deployment,cartservice,148,114,3,,,
2026-09-01 13:39:21,deployment,checkoutservice,35,33,3,,,
2026-09-01 13:39:21,deployment,currencyservice,272,163,3,,,
2026-09-01 13:39:21,deployment,emailservice,16,40,1,,,
2026-09-01 13:39:21,deployment,frontend,534,101,8,,,
2026-09-01 13:39:21,http_p95_latency,frontend,,,,,,189.8
2026-09-01 13:39:21,deployment,paymentservice,10,31,1,,,
2026-09-01 13:39:21,deployment,productcatalogservice,293,33,4,,,
2026-09-01 13:39:21,deployment,recommendationservice,229,165,4,,,
2026-09-01 13:39:21,deployment,redis-cart,15,44,1,,,
2026-09-01 13:39:21,deployment,shippingservice,25,9,1,,,
2026-09-01 13:39:21,autoscaler,customdas-cpu-queue-autoscaler-adservice,3,60,1,,,
2026-09-01 13:39:21,autoscaler,customdas-cpu-queue-autoscaler-cartservice,10,60,1,,,
2026-09-01 13:39:21,autoscaler,customdas-cpu-queue-autoscaler-checkoutservice,4,60,1,,,
2026-09-01 13:39:21,autoscaler,customdas-cpu-queue-autoscaler-currencyservice,6,60,1,,,
2026-09-01 13:39:21,autoscaler,customdas-cpu-queue-autoscaler-emailservice,4,60,1,,,
2026-09-01 13:39:21,autoscaler,customdas-cpu-queue-autoscaler-frontend,9,60,1,,,
2026-09-01 13:39:21,autoscaler,customdas-cpu-queue-autoscaler-paymentservice,5,60,1,,,
2026-09-01 13:39:21,autoscaler,customdas-cpu-queue-autoscaler-productcatalogservice,8,60,1,,,
2026-09-01 13:39:21,autoscaler,customdas-cpu-queue-autoscaler-recommendationservice,5,60,1,,,
2026-09-01 13:39:21,autoscaler,customdas-cpu-queue-autoscaler-shippingservice,6,60,1,,,
2026-09-01 13:39:21,node,ze-master-node,2596,3935,,64.9,49.6,
2026-09-01 13:39:21,node,ze-worker-node,2106,2155,,52.6,27.1,
2026-09-01 13:39:28,deployment,adservice,41,176,2,,,
2026-09-01 13:39:28,deployment,cartservice,148,114,3,,,
2026-09-01 13:39:28,deployment,checkoutservice,35,33,3,,,
2026-09-01 13:39:28,deployment,currencyservice,272,163,3,,,
2026-09-01 13:39:28,deployment,emailservice,16,40,1,,,
2026-09-01 13:39:28,deployment,frontend,534,101,8,,,
2026-09-01 13:39:28,http_p95_latency,frontend,,,,,,190.1
2026-09-01 13:39:28,deployment,paymentservice,10,31,1,,,
2026-09-01 13:39:28,deployment,productcatalogservice,293,33,4,,,
2026-09-01 13:39:28,deployment,recommendationservice,229,165,4,,,
2026-09-01 13:39:28,deployment,redis-cart,15,44,1,,,
2026-09-01 13:39:28,deployment,shippingservice,25,9,1,,,
2026-09-01 13:39:28,autoscaler,customdas-cpu-queue-autoscaler-adservice,3,60,1,,,
2026-09-01 13:39:28,autoscaler,customdas-cpu-queue-autoscaler-cartservice,10,60,1,,,
2026-09-01 13:39:28,autoscaler,customdas-cpu-queue-autoscaler-checkoutservice,4,60,1,,,
2026-09-01 13:39:28,autoscaler,customdas-cpu-queue-autoscaler-currencyservice,6,60,1,,,
2026-09-01 13:39:28,autoscaler,customdas-cpu-queue-autoscaler-emailservice,4,60,1,,,
2026-09-01 13:39:28,autoscaler,customdas-cpu-queue-autoscaler-frontend,9,60,1,,,
2026-09-01 13:39:28,autoscaler,customdas-cpu-queue-autoscaler-paymentservice,5,60,1,,,
2026-09-01 13:39:28,autoscaler,customdas-cpu-queue-autoscaler-productcatalogservice,8,60,1,,,
2026-09-01 13:39:28,autoscaler,customdas-cpu-queue-autoscaler-recommendationservice,5,60,1,,,
2026-09-01 13:39:28,autoscaler,customdas-cpu-queue-autoscaler-shippingservice,6,60,1,,,
2026-09-01 13:39:28,node,ze-master-node,2596,3935,,64.9,49.6,
2026-09-01 13:39:28,node,ze-worker-node,2106,2155,,52.6,27.1,
2026-09-01 13:39:37,deployment,adservice,42,176,2,,,
2026-09-01 13:39:37,deployment,cartservice,135,114,3,,,
2026-09-01 13:39:37,deployment,checkoutservice,43,34,3,,,
2026-09-01 13:39:37,deployment,currencyservice,268,170,3,,,
2026-09-01 13:39:37,deployment,emailservice,16,40,1,,,
2026-09-01 13:39:37,deployment,frontend,501,100,8,,,
2026-09-01 13:39:37,http_p95_latency,frontend,,,,,,190.1
2026-09-01 13:39:37,deployment,paymentservice,11,31,1,,,
2026-09-01 13:39:37,deployment,productcatalogservice,277,34,4,,,
2026-09-01 13:39:37,deployment,recommendationservice,211,163,4,,,
2026-09-01 13:39:37,deployment,redis-cart,15,44,1,,,
2026-09-01 13:39:37,deployment,shippingservice,24,9,1,,,
2026-09-01 13:39:37,autoscaler,customdas-cpu-queue-autoscaler-adservice,3,60,1,,,
2026-09-01 13:39:37,autoscaler,customdas-cpu-queue-autoscaler-cartservice,6,60,1,,,
2026-09-01 13:39:37,autoscaler,customdas-cpu-queue-autoscaler-checkoutservice,4,60,1,,,
2026-09-01 13:39:37,autoscaler,customdas-cpu-queue-autoscaler-currencyservice,11,60,1,,,
2026-09-01 13:39:37,autoscaler,customdas-cpu-queue-autoscaler-emailservice,3,60,1,,,
2026-09-01 13:39:37,autoscaler,customdas-cpu-queue-autoscaler-frontend,9,60,1,,,
2026-09-01 13:39:37,autoscaler,customdas-cpu-queue-autoscaler-paymentservice,3,60,1,,,
2026-09-01 13:39:37,autoscaler,customdas-cpu-queue-autoscaler-productcatalogservice,5,60,1,,,
2026-09-01 13:39:37,autoscaler,customdas-cpu-queue-autoscaler-recommendationservice,6,60,1,,,
2026-09-01 13:39:37,autoscaler,customdas-cpu-queue-autoscaler-shippingservice,7,60,1,,,
2026-09-01 13:39:37,node,ze-master-node,2318,3938,,58.0,49.6,
2026-09-01 13:39:37,node,ze-worker-node,2030,2163,,50.7,27.2,
2026-09-01 13:39:44,deployment,adservice,42,176,2,,,
2026-09-01 13:39:44,deployment,cartservice,135,114,3,,,
2026-09-01 13:39:44,deployment,checkoutservice,43,34,3,,,
2026-09-01 13:39:44,deployment,currencyservice,268,170,3,,,
2026-09-01 13:39:44,deployment,emailservice,16,40,1,,,
2026-09-01 13:39:44,deployment,frontend,501,100,8,,,
2026-09-01 13:39:44,http_p95_latency,frontend,,,,,,197.4
2026-09-01 13:39:44,deployment,paymentservice,11,31,1,,,
2026-09-01 13:39:44,deployment,productcatalogservice,277,34,4,,,
2026-09-01 13:39:44,deployment,recommendationservice,211,163,4,,,
2026-09-01 13:39:44,deployment,redis-cart,15,44,1,,,
2026-09-01 13:39:44,deployment,shippingservice,24,9,1,,,
2026-09-01 13:39:44,autoscaler,customdas-cpu-queue-autoscaler-adservice,3,60,1,,,
2026-09-01 13:39:44,autoscaler,customdas-cpu-queue-autoscaler-cartservice,6,60,1,,,
2026-09-01 13:39:44,autoscaler,customdas-cpu-queue-autoscaler-checkoutservice,4,60,1,,,
2026-09-01 13:39:44,autoscaler,customdas-cpu-queue-autoscaler-currencyservice,11,60,1,,,
2026-09-01 13:39:44,autoscaler,customdas-cpu-queue-autoscaler-emailservice,3,60,1,,,
2026-09-01 13:39:44,autoscaler,customdas-cpu-queue-autoscaler-frontend,9,60,1,,,
2026-09-01 13:39:44,autoscaler,customdas-cpu-queue-autoscaler-paymentservice,3,60,1,,,
2026-09-01 13:39:44,autoscaler,customdas-cpu-queue-autoscaler-productcatalogservice,5,60,1,,,
2026-09-01 13:39:44,autoscaler,customdas-cpu-queue-autoscaler-recommendationservice,6,60,1,,,
2026-09-01 13:39:44,autoscaler,customdas-cpu-queue-autoscaler-shippingservice,7,60,1,,,
2026-09-01 13:39:44,node,ze-master-node,2318,3938,,58.0,49.6,
2026-09-01 13:39:44,node,ze-worker-node,2030,2163,,50.7,27.2,
2026-09-01 13:39:51,deployment,adservice,44,176,2,,,
2026-09-01 13:39:51,deployment,cartservice,133,114,3,,,
2026-09-01 13:39:51,deployment,checkoutservice,36,34,3,,,
2026-09-01 13:39:51,deployment,currencyservice,262,177,3,,,
2026-09-01 13:39:51,deployment,emailservice,18,40,1,,,
2026-09-01 13:39:51,deployment,frontend,490,101,8,,,
2026-09-01 13:39:51,http_p95_latency,frontend,,,,,,197.4
2026-09-01 13:39:51,deployment,paymentservice,9,31,1,,,
2026-09-01 13:39:51,deployment,productcatalogservice,276,33,4,,,
2026-09-01 13:39:51,deployment,recommendationservice,210,163,4,,,
2026-09-01 13:39:51,deployment,redis-cart,15,44,1,,,
2026-09-01 13:39:51,deployment,shippingservice,24,9,1,,,
2026-09-01 13:39:51,autoscaler,customdas-cpu-queue-autoscaler-adservice,3,60,1,,,
2026-09-01 13:39:51,autoscaler,customdas-cpu-queue-autoscaler-cartservice,6,60,1,,,
2026-09-01 13:39:51,autoscaler,customdas-cpu-queue-autoscaler-checkoutservice,2,60,1,,,
2026-09-01 13:39:51,autoscaler,customdas-cpu-queue-autoscaler-currencyservice,6,60,1,,,
2026-09-01 13:39:51,autoscaler,customdas-cpu-queue-autoscaler-emailservice,6,60,1,,,
2026-09-01 13:39:51,autoscaler,customdas-cpu-queue-autoscaler-frontend,10,60,1,,,
2026-09-01 13:39:51,autoscaler,customdas-cpu-queue-autoscaler-paymentservice,3,60,1,,,
2026-09-01 13:39:51,autoscaler,customdas-cpu-queue-autoscaler-productcatalogservice,0,60,1,,,
2026-09-01 13:39:51,autoscaler,customdas-cpu-queue-autoscaler-recommendationservice,9,60,1,,,
2026-09-01 13:39:51,autoscaler,customdas-cpu-queue-autoscaler-shippingservice,7,60,1,,,
2026-09-01 13:39:51,node,ze-master-node,2339,3934,,58.5,49.5,
2026-09-01 13:39:51,node,ze-worker-node,1971,2170,,49.3,27.3,
2026-09-01 13:40:00,deployment,adservice,44,176,2,,,
2026-09-01 13:40:00,deployment,cartservice,133,114,3,,,
2026-09-01 13:40:00,deployment,checkoutservice,36,34,3,,,
2026-09-01 13:40:00,deployment,currencyservice,262,177,3,,,
2026-09-01 13:40:00,deployment,emailservice,18,40,1,,,
2026-09-01 13:40:00,deployment,frontend,490,101,8,,,
2026-09-01 13:40:00,http_p95_latency,frontend,,,,,,200.8
2026-09-01 13:40:00,deployment,paymentservice,9,31,1,,,
2026-09-01 13:40:00,deployment,productcatalogservice,276,33,4,,,
2026-09-01 13:40:00,deployment,recommendationservice,210,163,4,,,
2026-09-01 13:40:00,deployment,redis-cart,15,44,1,,,
2026-09-01 13:40:00,deployment,shippingservice,24,9,1,,,
2026-09-01 13:40:00,autoscaler,customdas-cpu-queue-autoscaler-adservice,3,60,1,,,
2026-09-01 13:40:00,autoscaler,customdas-cpu-queue-autoscaler-cartservice,6,60,1,,,
2026-09-01 13:40:00,autoscaler,customdas-cpu-queue-autoscaler-checkoutservice,2,60,1,,,
2026-09-01 13:40:00,autoscaler,customdas-cpu-queue-autoscaler-currencyservice,6,60,1,,,
2026-09-01 13:40:00,autoscaler,customdas-cpu-queue-autoscaler-emailservice,6,60,1,,,
2026-09-01 13:40:00,autoscaler,customdas-cpu-queue-autoscaler-frontend,16,60,1,,,
2026-09-01 13:40:00,autoscaler,customdas-cpu-queue-autoscaler-paymentservice,0,60,1,,,
2026-09-01 13:40:00,autoscaler,customdas-cpu-queue-autoscaler-productcatalogservice,5,60,1,,,
2026-09-01 13:40:00,autoscaler,customdas-cpu-queue-autoscaler-recommendationservice,6,60,1,,,
2026-09-01 13:40:00,autoscaler,customdas-cpu-queue-autoscaler-shippingservice,0,60,1,,,
2026-09-01 13:40:00,node,ze-master-node,2381,3926,,59.5,49.4,
2026-09-01 13:40:00,node,ze-worker-node,1982,2176,,49.5,27.4,
2026-09-01 13:40:10,deployment,adservice,42,176,2,,,
2026-09-01 13:40:10,deployment,cartservice,152,114,3,,,
2026-09-01 13:40:10,deployment,checkoutservice,35,33,3,,,
2026-09-01 13:40:10,deployment,currencyservice,255,175,3,,,
2026-09-01 13:40:10,deployment,emailservice,15,40,1,,,
2026-09-01 13:40:10,deployment,frontend,486,101,8,,,
2026-09-01 13:40:10,http_p95_latency,frontend,,,,,,200.8
2026-09-01 13:40:10,deployment,paymentservice,8,30,1,,,
2026-09-01 13:40:10,deployment,productcatalogservice,266,33,4,,,
2026-09-01 13:40:10,deployment,recommendationservice,201,166,4,,,
2026-09-01 13:40:10,deployment,redis-cart,14,44,1,,,
2026-09-01 13:40:10,deployment,shippingservice,21,9,1,,,
2026-09-01 13:40:10,autoscaler,customdas-cpu-queue-autoscaler-adservice,3,60,1,,,
2026-09-01 13:40:10,autoscaler,customdas-cpu-queue-autoscaler-cartservice,5,60,1,,,
2026-09-01 13:40:10,autoscaler,customdas-cpu-queue-autoscaler-checkoutservice,7,60,1,,,
2026-09-01 13:40:10,autoscaler,customdas-cpu-queue-autoscaler-currencyservice,5,60,1,,,
2026-09-01 13:40:10,autoscaler,customdas-cpu-queue-autoscaler-emailservice,5,60,1,,,
2026-09-01 13:40:10,autoscaler,customdas-cpu-queue-autoscaler-frontend,16,60,1,,,
2026-09-01 13:40:10,autoscaler,customdas-cpu-queue-autoscaler-paymentservice,0,60,1,,,
2026-09-01 13:40:10,autoscaler,customdas-cpu-queue-autoscaler-productcatalogservice,5,60,1,,,
2026-09-01 13:40:10,autoscaler,customdas-cpu-queue-autoscaler-recommendationservice,6,60,1,,,
2026-09-01 13:40:10,autoscaler,customdas-cpu-queue-autoscaler-shippingservice,0,60,1,,,
2026-09-01 13:40:10,node,ze-master-node,2381,3926,,59.5,49.4,
2026-09-01 13:40:10,node,ze-worker-node,1982,2176,,49.5,27.4,
2026-09-01 13:40:18,deployment,adservice,46,176,2,,,
2026-09-01 13:40:18,deployment,cartservice,145,114,3,,,
2026-09-01 13:40:18,deployment,checkoutservice,37,34,3,,,
2026-09-01 13:40:18,deployment,currencyservice,280,173,3,,,
2026-09-01 13:40:18,deployment,emailservice,17,40,1,,,
2026-09-01 13:40:18,deployment,frontend,512,101,8,,,
2026-09-01 13:40:18,http_p95_latency,frontend,,,,,,202.1
2026-09-01 13:40:18,deployment,paymentservice,10,31,1,,,
2026-09-01 13:40:18,deployment,productcatalogservice,285,33,4,,,
2026-09-01 13:40:18,deployment,recommendationservice,213,166,4,,,
2026-09-01 13:40:18,deployment,redis-cart,15,44,1,,,
2026-09-01 13:40:18,deployment,shippingservice,26,9,1,,,
2026-09-01 13:40:18,autoscaler,customdas-cpu-queue-autoscaler-adservice,3,60,1,,,
2026-09-01 13:40:18,autoscaler,customdas-cpu-queue-autoscaler-cartservice,8,60,1,,,
2026-09-01 13:40:18,autoscaler,customdas-cpu-queue-autoscaler-checkoutservice,7,60,1,,,
2026-09-01 13:40:18,autoscaler,customdas-cpu-queue-autoscaler-currencyservice,5,60,1,,,
2026-09-01 13:40:18,autoscaler,customdas-cpu-queue-autoscaler-emailservice,4,60,1,,,
2026-09-01 13:40:18,autoscaler,customdas-cpu-queue-autoscaler-frontend,11,60,1,,,
2026-09-01 13:40:18,autoscaler,customdas-cpu-queue-autoscaler-paymentservice,5,60,1,,,
2026-09-01 13:40:18,autoscaler,customdas-cpu-queue-autoscaler-productcatalogservice,5,60,1,,,
2026-09-01 13:40:18,autoscaler,customdas-cpu-queue-autoscaler-recommendationservice,9,60,1,,,
2026-09-01 13:40:18,autoscaler,customdas-cpu-queue-autoscaler-shippingservice,5,60,1,,,
2026-09-01 13:40:18,node,ze-master-node,2416,3921,,60.4,49.4,
2026-09-01 13:40:18,node,ze-worker-node,2031,2174,,50.8,27.4,
2026-09-01 13:40:26,deployment,adservice,46,176,2,,,
2026-09-01 13:40:26,deployment,cartservice,145,114,3,,,
2026-09-01 13:40:26,deployment,checkoutservice,37,34,3,,,
2026-09-01 13:40:26,deployment,currencyservice,280,173,3,,,
2026-09-01 13:40:26,deployment,emailservice,17,40,1,,,
2026-09-01 13:40:26,deployment,frontend,512,101,8,,,
2026-09-01 13:40:26,http_p95_latency,frontend,,,,,,212.2
2026-09-01 13:40:26,deployment,paymentservice,10,31,1,,,
2026-09-01 13:40:26,deployment,productcatalogservice,285,33,4,,,
2026-09-01 13:40:26,deployment,recommendationservice,213,166,4,,,
2026-09-01 13:40:26,deployment,redis-cart,15,44,1,,,
2026-09-01 13:40:26,deployment,shippingservice,26,9,1,,,
2026-09-01 13:40:26,autoscaler,customdas-cpu-queue-autoscaler-adservice,3,60,1,,,
2026-09-01 13:40:26,autoscaler,customdas-cpu-queue-autoscaler-cartservice,8,60,1,,,
2026-09-01 13:40:26,autoscaler,customdas-cpu-queue-autoscaler-checkoutservice,7,60,1,,,
2026-09-01 13:40:26,autoscaler,customdas-cpu-queue-autoscaler-currencyservice,5,60,1,,,
2026-09-01 13:40:26,autoscaler,customdas-cpu-queue-autoscaler-emailservice,4,60,1,,,
2026-09-01 13:40:26,autoscaler,customdas-cpu-queue-autoscaler-frontend,11,60,1,,,
2026-09-01 13:40:26,autoscaler,customdas-cpu-queue-autoscaler-paymentservice,5,60,1,,,
2026-09-01 13:40:26,autoscaler,customdas-cpu-queue-autoscaler-productcatalogservice,5,60,1,,,
2026-09-01 13:40:26,autoscaler,customdas-cpu-queue-autoscaler-recommendationservice,9,60,1,,,
2026-09-01 13:40:26,autoscaler,customdas-cpu-queue-autoscaler-shippingservice,5,60,1,,,
2026-09-01 13:40:26,node,ze-master-node,2416,3921,,60.4,49.4,
2026-09-01 13:40:26,node,ze-worker-node,2031,2174,,50.8,27.4,
2026-09-01 13:40:34,deployment,adservice,78,177,2,,,
2026-09-01 13:40:34,deployment,cartservice,162,114,3,,,
2026-09-01 13:40:34,deployment,checkoutservice,39,34,3,,,
2026-09-01 13:40:34,deployment,currencyservice,289,173,3,,,
2026-09-01 13:40:34,deployment,emailservice,18,40,1,,,
2026-09-01 13:40:34,deployment,frontend,596,101,8,,,
2026-09-01 13:40:34,http_p95_latency,frontend,,,,,,212.2
2026-09-01 13:40:34,deployment,paymentservice,11,30,1,,,
2026-09-01 13:40:34,deployment,productcatalogservice,312,36,4,,,
2026-09-01 13:40:34,deployment,recommendationservice,256,163,4,,,
2026-09-01 13:40:34,deployment,redis-cart,18,44,1,,,
2026-09-01 13:40:34,deployment,shippingservice,25,13,1,,,
2026-09-01 13:40:34,autoscaler,customdas-cpu-queue-autoscaler-adservice,5,60,1,,,
2026-09-01 13:40:34,autoscaler,customdas-cpu-queue-autoscaler-cartservice,7,60,1,,,
2026-09-01 13:40:34,autoscaler,customdas-cpu-queue-autoscaler-checkoutservice,4,60,1,,,
2026-09-01 13:40:34,autoscaler,customdas-cpu-queue-autoscaler-currencyservice,6,60,1,,,
2026-09-01 13:40:34,autoscaler,customdas-cpu-queue-autoscaler-emailservice,6,60,1,,,
2026-09-01 13:40:34,autoscaler,customdas-cpu-queue-autoscaler-frontend,0,60,1,,,
2026-09-01 13:40:34,autoscaler,customdas-cpu-queue-autoscaler-paymentservice,3,60,1,,,
2026-09-01 13:40:34,autoscaler,customdas-cpu-queue-autoscaler-productcatalogservice,9,60,1,,,
2026-09-01 13:40:34,autoscaler,customdas-cpu-queue-autoscaler-recommendationservice,0,60,1,,,
2026-09-01 13:40:34,autoscaler,customdas-cpu-queue-autoscaler-shippingservice,5,60,1,,,
2026-09-01 13:40:34,node,ze-master-node,2587,3880,,64.7,48.9,
2026-09-01 13:40:34,node,ze-worker-node,2277,2171,,56.9,27.3,
2026-09-01 13:40:43,deployment,adservice,78,177,2,,,
2026-09-01 13:40:43,deployment,cartservice,162,114,3,,,
2026-09-01 13:40:43,deployment,checkoutservice,39,34,3,,,
2026-09-01 13:40:43,deployment,currencyservice,289,173,3,,,
2026-09-01 13:40:43,deployment,emailservice,18,40,1,,,
2026-09-01 13:40:43,deployment,frontend,596,101,8,,,
2026-09-01 13:40:43,http_p95_latency,frontend,,,,,,211.9
2026-09-01 13:40:43,deployment,paymentservice,11,30,1,,,
2026-09-01 13:40:43,deployment,productcatalogservice,312,36,4,,,
2026-09-01 13:40:43,deployment,recommendationservice,256,163,4,,,
2026-09-01 13:40:43,deployment,redis-cart,18,44,1,,,
2026-09-01 13:40:43,deployment,shippingservice,25,13,1,,,
2026-09-01 13:40:43,autoscaler,customdas-cpu-queue-autoscaler-adservice,5,60,1,,,
2026-09-01 13:40:43,autoscaler,customdas-cpu-queue-autoscaler-cartservice,7,60,1,,,
2026-09-01 13:40:43,autoscaler,customdas-cpu-queue-autoscaler-checkoutservice,4,60,1,,,
2026-09-01 13:40:43,autoscaler,customdas-cpu-queue-autoscaler-currencyservice,6,60,1,,,
2026-09-01 13:40:43,autoscaler,customdas-cpu-queue-autoscaler-emailservice,6,60,1,,,
2026-09-01 13:40:43,autoscaler,customdas-cpu-queue-autoscaler-frontend,0,60,1,,,
2026-09-01 13:40:43,autoscaler,customdas-cpu-queue-autoscaler-paymentservice,3,60,1,,,
2026-09-01 13:40:43,autoscaler,customdas-cpu-queue-autoscaler-productcatalogservice,9,60,1,,,
2026-09-01 13:40:43,autoscaler,customdas-cpu-queue-autoscaler-recommendationservice,0,60,1,,,
2026-09-01 13:40:43,autoscaler,customdas-cpu-queue-autoscaler-shippingservice,5,60,1,,,
2026-09-01 13:40:43,node,ze-master-node,2587,3880,,64.7,48.9,
2026-09-01 13:40:43,node,ze-worker-node,2277,2171,,56.9,27.3,
2026-09-01 13:40:52,deployment,adservice,51,177,2,,,
2026-09-01 13:40:52,deployment,cartservice,156,114,3,,,
2026-09-01 13:40:52,deployment,checkoutservice,43,34,3,,,
2026-09-01 13:40:52,deployment,currencyservice,297,175,3,,,
2026-09-01 13:40:52,deployment,emailservice,15,40,1,,,
2026-09-01 13:40:52,deployment,frontend,564,101,8,,,
2026-09-01 13:40:52,http_p95_latency,frontend,,,,,,211.9
2026-09-01 13:40:52,deployment,paymentservice,9,31,1,,,
2026-09-01 13:40:52,deployment,productcatalogservice,310,33,4,,,
2026-09-01 13:40:52,deployment,recommendationservice,239,163,4,,,
2026-09-01 13:40:52,deployment,redis-cart,16,44,1,,,
2026-09-01 13:40:52,deployment,shippingservice,28,9,1,,,
2026-09-01 13:40:52,autoscaler,customdas-cpu-queue-autoscaler-adservice,3,60,1,,,
2026-09-01 13:40:52,autoscaler,customdas-cpu-queue-autoscaler-cartservice,7,60,1,,,
2026-09-01 13:40:52,autoscaler,customdas-cpu-queue-autoscaler-checkoutservice,6,60,1,,,
2026-09-01 13:40:52,autoscaler,customdas-cpu-queue-autoscaler-currencyservice,5,60,1,,,
2026-09-01 13:40:52,autoscaler,customdas-cpu-queue-autoscaler-emailservice,4,60,1,,,
2026-09-01 13:40:52,autoscaler,customdas-cpu-queue-autoscaler-frontend,13,60,1,,,
2026-09-01 13:40:52,autoscaler,customdas-cpu-queue-autoscaler-paymentservice,5,60,1,,,
2026-09-01 13:40:52,autoscaler,customdas-cpu-queue-autoscaler-productcatalogservice,5,60,1,,,
2026-09-01 13:40:52,autoscaler,customdas-cpu-queue-autoscaler-recommendationservice,12,60,1,,,
2026-09-01 13:40:52,autoscaler,customdas-cpu-queue-autoscaler-shippingservice,6,60,1,,,
2026-09-01 13:40:52,node,ze-master-node,2555,3876,,63.9,48.8,
2026-09-01 13:40:52,node,ze-worker-node,2168,2171,,54.2,27.3,
2026-09-01 13:41:01,deployment,adservice,51,177,2,,,
2026-09-01 13:41:01,deployment,cartservice,156,114,3,,,
2026-09-01 13:41:01,deployment,checkoutservice,43,34,3,,,
2026-09-01 13:41:01,deployment,currencyservice,297,175,3,,,
2026-09-01 13:41:01,deployment,emailservice,15,40,1,,,
2026-09-01 13:41:01,deployment,frontend,564,101,8,,,
2026-09-01 13:41:01,http_p95_latency,frontend,,,,,,207.8
2026-09-01 13:41:01,deployment,paymentservice,9,31,1,,,
2026-09-01 13:41:01,deployment,productcatalogservice,310,33,4,,,
2026-09-01 13:41:01,deployment,recommendationservice,239,163,4,,,
2026-09-01 13:41:01,deployment,redis-cart,16,44,1,,,
2026-09-01 13:41:01,deployment,shippingservice,28,9,1,,,
2026-09-01 13:41:01,autoscaler,customdas-cpu-queue-autoscaler-adservice,3,60,1,,,
2026-09-01 13:41:01,autoscaler,customdas-cpu-queue-autoscaler-cartservice,7,60,1,,,
2026-09-01 13:41:01,autoscaler,customdas-cpu-queue-autoscaler-checkoutservice,6,60,1,,,
2026-09-01 13:41:01,autoscaler,customdas-cpu-queue-autoscaler-currencyservice,5,60,1,,,
2026-09-01 13:41:01,autoscaler,customdas-cpu-queue-autoscaler-emailservice,4,60,1,,,
2026-09-01 13:41:01,autoscaler,customdas-cpu-queue-autoscaler-frontend,13,60,1,,,
2026-09-01 13:41:01,autoscaler,customdas-cpu-queue-autoscaler-paymentservice,5,60,1,,,
2026-09-01 13:41:01,autoscaler,customdas-cpu-queue-autoscaler-productcatalogservice,5,60,1,,,
2026-09-01 13:41:01,autoscaler,customdas-cpu-queue-autoscaler-recommendationservice,12,60,1,,,
2026-09-01 13:41:01,autoscaler,customdas-cpu-queue-autoscaler-shippingservice,6,60,1,,,
2026-09-01 13:41:01,node,ze-master-node,2555,3876,,63.9,48.8,
2026-09-01 13:41:01,node,ze-worker-node,2168,2171,,54.2,27.3,
2026-09-01 13:41:09,deployment,adservice,49,177,2,,,
2026-09-01 13:41:09,deployment,cartservice,173,114,3,,,
2026-09-01 13:41:09,deployment,checkoutservice,38,34,3,,,
2026-09-01 13:41:09,deployment,currencyservice,292,176,3,,,
2026-09-01 13:41:09,deployment,emailservice,17,40,1,,,
2026-09-01 13:41:09,deployment,frontend,549,101,8,,,
2026-09-01 13:41:09,http_p95_latency,frontend,,,,,,207.8
2026-09-01 13:41:09,deployment,paymentservice,10,30,1,,,
2026-09-01 13:41:09,deployment,productcatalogservice,303,33,4,,,
2026-09-01 13:41:09,deployment,recommendationservice,227,163,4,,,
2026-09-01 13:41:09,deployment,redis-cart,16,44,1,,,
2026-09-01 13:41:09,deployment,shippingservice,27,9,1,,,
2026-09-01 13:41:09,autoscaler,customdas-cpu-queue-autoscaler-adservice,6,60,1,,,
2026-09-01 13:41:09,autoscaler,customdas-cpu-queue-autoscaler-cartservice,4,60,1,,,
2026-09-01 13:41:09,autoscaler,customdas-cpu-queue-autoscaler-checkoutservice,6,60,1,,,
2026-09-01 13:41:09,autoscaler,customdas-cpu-queue-autoscaler-currencyservice,7,60,1,,,
2026-09-01 13:41:09,autoscaler,customdas-cpu-queue-autoscaler-emailservice,4,60,1,,,
2026-09-01 13:41:09,autoscaler,customdas-cpu-queue-autoscaler-frontend,10,60,1,,,
2026-09-01 13:41:09,autoscaler,customdas-cpu-queue-autoscaler-paymentservice,0,60,1,,,
2026-09-01 13:41:09,autoscaler,customdas-cpu-queue-autoscaler-productcatalogservice,4,60,1,,,
2026-09-01 13:41:09,autoscaler,customdas-cpu-queue-autoscaler-recommendationservice,0,60,1,,,
2026-09-01 13:41:09,autoscaler,customdas-cpu-queue-autoscaler-shippingservice,4,60,1,,,
2026-09-01 13:41:09,node,ze-master-node,2556,3910,,63.9,49.2,
2026-09-01 13:41:09,node,ze-worker-node,2164,2171,,54.1,27.3,
2026-09-01 13:41:16,deployment,adservice,49,177,2,,,
2026-09-01 13:41:16,deployment,cartservice,173,114,3,,,
2026-09-01 13:41:16,deployment,checkoutservice,38,34,3,,,
2026-09-01 13:41:16,deployment,currencyservice,292,176,3,,,
2026-09-01 13:41:16,deployment,emailservice,17,40,1,,,
2026-09-01 13:41:16,deployment,frontend,549,101,8,,,
2026-09-01 13:41:16,http_p95_latency,frontend,,,,,,199.2
2026-09-01 13:41:16,deployment,paymentservice,10,30,1,,,
2026-09-01 13:41:16,deployment,productcatalogservice,303,33,4,,,
2026-09-01 13:41:16,deployment,recommendationservice,227,163,4,,,
2026-09-01 13:41:16,deployment,redis-cart,16,44,1,,,
2026-09-01 13:41:16,deployment,shippingservice,27,9,1,,,
2026-09-01 13:41:16,autoscaler,customdas-cpu-queue-autoscaler-adservice,6,60,1,,,
2026-09-01 13:41:16,autoscaler,customdas-cpu-queue-autoscaler-cartservice,4,60,1,,,
2026-09-01 13:41:16,autoscaler,customdas-cpu-queue-autoscaler-checkoutservice,6,60,1,,,
2026-09-01 13:41:16,autoscaler,customdas-cpu-queue-autoscaler-currencyservice,7,60,1,,,
2026-09-01 13:41:16,autoscaler,customdas-cpu-queue-autoscaler-emailservice,4,60,1,,,
2026-09-01 13:41:16,autoscaler,customdas-cpu-queue-autoscaler-frontend,10,60,1,,,
2026-09-01 13:41:16,autoscaler,customdas-cpu-queue-autoscaler-paymentservice,0,60,1,,,
2026-09-01 13:41:16,autoscaler,customdas-cpu-queue-autoscaler-productcatalogservice,4,60,1,,,
2026-09-01 13:41:16,autoscaler,customdas-cpu-queue-autoscaler-recommendationservice,0,60,1,,,
2026-09-01 13:41:16,autoscaler,customdas-cpu-queue-autoscaler-shippingservice,4,60,1,,,
2026-09-01 13:41:16,node,ze-master-node,2556,3910,,63.9,49.2,
2026-09-01 13:41:16,node,ze-worker-node,2164,2171,,54.1,27.3,
2026-09-01 13:41:23,deployment,adservice,54,177,2,,,
2026-09-01 13:41:23,deployment,cartservice,174,114,3,,,
2026-09-01 13:41:23,deployment,checkoutservice,44,33,3,,,
2026-09-01 13:41:23,deployment,currencyservice,308,177,3,,,
2026-09-01 13:41:23,deployment,emailservice,17,40,1,,,
2026-09-01 13:41:23,deployment,frontend,593,101,8,,,
2026-09-01 13:41:23,http_p95_latency,frontend,,,,,,199.2
2026-09-01 13:41:23,deployment,paymentservice,10,30,1,,,
2026-09-01 13:41:23,deployment,productcatalogservice,317,33,4,,,
2026-09-01 13:41:23,deployment,recommendationservice,243,163,4,,,
2026-09-01 13:41:23,deployment,redis-cart,17,44,1,,,
2026-09-01 13:41:23,deployment,shippingservice,25,9,1,,,
2026-09-01 13:41:23,autoscaler,customdas-cpu-queue-autoscaler-adservice,6,60,1,,,
2026-09-01 13:41:23,autoscaler,customdas-cpu-queue-autoscaler-cartservice,4,60,1,,,
2026-09-01 13:41:23,autoscaler,customdas-cpu-queue-autoscaler-checkoutservice,5,60,1,,,
2026-09-01 13:41:23,autoscaler,customdas-cpu-queue-autoscaler-currencyservice,11,60,1,,,
2026-09-01 13:41:23,autoscaler,customdas-cpu-queue-autoscaler-emailservice,5,60,1,,,
2026-09-01 13:41:23,autoscaler,customdas-cpu-queue-autoscaler-frontend,13,60,1,,,
2026-09-01 13:41:23,autoscaler,customdas-cpu-queue-autoscaler-paymentservice,4,60,1,,,
2026-09-01 13:41:23,autoscaler,customdas-cpu-queue-autoscaler-productcatalogservice,0,60,1,,,
2026-09-01 13:41:23,autoscaler,customdas-cpu-queue-autoscaler-recommendationservice,8,60,1,,,
2026-09-01 13:41:23,autoscaler,customdas-cpu-queue-autoscaler-shippingservice,4,60,1,,,
2026-09-01 13:41:23,node,ze-master-node,2751,3905,,68.8,49.2,
2026-09-01 13:41:23,node,ze-worker-node,2250,2169,,56.2,27.3,
2026-09-01 13:41:32,deployment,adservice,54,177,2,,,
2026-09-01 13:41:32,deployment,cartservice,174,114,3,,,
2026-09-01 13:41:32,deployment,checkoutservice,44,33,3,,,
2026-09-01 13:41:32,deployment,currencyservice,323,174,3,,,
2026-09-01 13:41:32,deployment,emailservice,17,40,1,,,
2026-09-01 13:41:32,deployment,frontend,680,101,8,,,
2026-09-01 13:41:32,http_p95_latency,frontend,,,,,,214.2
2026-09-01 13:41:32,deployment,paymentservice,11,31,1,,,
2026-09-01 13:41:32,deployment,productcatalogservice,335,33,4,,,
2026-09-01 13:41:32,deployment,recommendationservice,271,166,4,,,
2026-09-01 13:41:32,deployment,redis-cart,18,44,1,,,
2026-09-01 13:41:32,deployment,shippingservice,32,9,1,,,
2026-09-01 13:41:32,autoscaler,customdas-cpu-queue-autoscaler-adservice,2,60,1,,,
2026-09-01 13:41:32,autoscaler,customdas-cpu-queue-autoscaler-cartservice,4,60,1,,,
2026-09-01 13:41:32,autoscaler,customdas-cpu-queue-autoscaler-checkoutservice,5,60,1,,,
2026-09-01 13:41:32,autoscaler,customdas-cpu-queue-autoscaler-currencyservice,6,60,1,,,
2026-09-01 13:41:32,autoscaler,customdas-cpu-queue-autoscaler-emailservice,3,60,1,,,
2026-09-01 13:41:32,autoscaler,customdas-cpu-queue-autoscaler-frontend,7,60,1,,,
2026-09-01 13:41:32,autoscaler,customdas-cpu-queue-autoscaler-paymentservice,2,60,1,,,
2026-09-01 13:41:32,autoscaler,customdas-cpu-queue-autoscaler-productcatalogservice,10,60,1,,,
2026-09-01 13:41:32,autoscaler,customdas-cpu-queue-autoscaler-recommendationservice,8,60,1,,,
2026-09-01 13:41:32,autoscaler,customdas-cpu-queue-autoscaler-shippingservice,5,60,1,,,
2026-09-01 13:41:32,node,ze-master-node,2820,3920,,70.5,49.4,
2026-09-01 13:41:32,node,ze-worker-node,2392,2173,,59.8,27.4,
2026-09-01 13:41:43,deployment,adservice,57,177,2,,,
2026-09-01 13:41:43,deployment,cartservice,211,114,3,,,
2026-09-01 13:41:43,deployment,checkoutservice,42,34,3,,,
2026-09-01 13:41:43,deployment,currencyservice,323,174,3,,,
2026-09-01 13:41:43,deployment,emailservice,17,40,1,,,
2026-09-01 13:41:43,deployment,frontend,680,101,8,,,
2026-09-01 13:41:43,http_p95_latency,frontend,,,,,,219.7
2026-09-01 13:41:43,deployment,paymentservice,11,31,1,,,
2026-09-01 13:41:43,deployment,productcatalogservice,335,33,4,,,
2026-09-01 13:41:43,deployment,recommendationservice,271,166,4,,,
2026-09-01 13:41:43,deployment,redis-cart,18,44,1,,,
2026-09-01 13:41:43,deployment,shippingservice,32,9,1,,,
2026-09-01 13:41:43,autoscaler,customdas-cpu-queue-autoscaler-adservice,2,60,1,,,
2026-09-01 13:41:43,autoscaler,customdas-cpu-queue-autoscaler-cartservice,4,60,1,,,
2026-09-01 13:41:43,autoscaler,customdas-cpu-queue-autoscaler-checkoutservice,5,60,1,,,
2026-09-01 13:41:43,autoscaler,customdas-cpu-queue-autoscaler-currencyservice,6,60,1,,,
2026-09-01 13:41:43,autoscaler,customdas-cpu-queue-autoscaler-emailservice,3,60,1,,,
2026-09-01 13:41:43,autoscaler,customdas-cpu-queue-autoscaler-frontend,7,60,1,,,
2026-09-01 13:41:43,autoscaler,customdas-cpu-queue-autoscaler-paymentservice,2,60,1,,,
2026-09-01 13:41:43,autoscaler,customdas-cpu-queue-autoscaler-productcatalogservice,10,60,1,,,
2026-09-01 13:41:43,autoscaler,customdas-cpu-queue-autoscaler-recommendationservice,8,60,1,,,
2026-09-01 13:41:43,autoscaler,customdas-cpu-queue-autoscaler-shippingservice,5,60,1,,,
2026-09-01 13:41:43,node,ze-master-node,2820,3920,,70.5,49.4,
2026-09-01 13:41:43,node,ze-worker-node,2392,2173,,59.8,27.4,
2026-09-01 13:41:53,deployment,adservice,59,177,2,,,
2026-09-01 13:41:53,deployment,cartservice,215,114,3,,,
2026-09-01 13:41:53,deployment,checkoutservice,50,36,3,,,
2026-09-01 13:41:53,deployment,currencyservice,328,174,3,,,
2026-09-01 13:41:53,deployment,emailservice,18,40,1,,,
2026-09-01 13:41:53,deployment,frontend,648,101,8,,,
2026-09-01 13:41:53,http_p95_latency,frontend,,,,,,219.7
2026-09-01 13:41:53,deployment,paymentservice,10,31,1,,,
2026-09-01 13:41:53,deployment,productcatalogservice,343,36,4,,,
2026-09-01 13:41:53,deployment,recommendationservice,272,163,4,,,
2026-09-01 13:41:53,deployment,redis-cart,18,44,1,,,
2026-09-01 13:41:53,deployment,shippingservice,31,9,1,,,
2026-09-01 13:41:53,autoscaler,customdas-cpu-queue-autoscaler-adservice,3,60,1,,,
2026-09-01 13:41:53,autoscaler,customdas-cpu-queue-autoscaler-cartservice,8,60,1,,,
2026-09-01 13:41:53,autoscaler,customdas-cpu-queue-autoscaler-checkoutservice,3,60,1,,,
2026-09-01 13:41:53,autoscaler,customdas-cpu-queue-autoscaler-currencyservice,4,60,1,,,
2026-09-01 13:41:53,autoscaler,customdas-cpu-queue-autoscaler-emailservice,4,60,1,,,
2026-09-01 13:41:53,autoscaler,customdas-cpu-queue-autoscaler-frontend,7,60,1,,,
2026-09-01 13:41:53,autoscaler,customdas-cpu-queue-autoscaler-paymentservice,5,60,1,,,
2026-09-01 13:41:53,autoscaler,customdas-cpu-queue-autoscaler-productcatalogservice,0,60,1,,,
2026-09-01 13:41:53,autoscaler,customdas-cpu-queue-autoscaler-recommendationservice,7,60,1,,,
2026-09-01 13:41:53,autoscaler,customdas-cpu-queue-autoscaler-shippingservice,5,60,1,,,
2026-09-01 13:41:53,node,ze-master-node,2721,3917,,68.0,49.3,
2026-09-01 13:41:53,node,ze-worker-node,2415,2171,,60.4,27.3,
2026-09-01 13:42:01,deployment,adservice,59,177,2,,,
2026-09-01 13:42:01,deployment,cartservice,215,114,3,,,
2026-09-01 13:42:01,deployment,checkoutservice,50,36,3,,,
2026-09-01 13:42:01,deployment,currencyservice,328,174,3,,,
2026-09-01 13:42:01,deployment,emailservice,18,40,1,,,
2026-09-01 13:42:01,deployment,frontend,648,101,8,,,
2026-09-01 13:42:01,http_p95_latency,frontend,,,,,,224.2
2026-09-01 13:42:01,deployment,paymentservice,10,31,1,,,
2026-09-01 13:42:01,deployment,productcatalogservice,343,36,4,,,
2026-09-01 13:42:01,deployment,recommendationservice,272,163,4,,,
2026-09-01 13:42:01,deployment,redis-cart,18,44,1,,,
2026-09-01 13:42:01,deployment,shippingservice,31,9,1,,,
2026-09-01 13:42:01,autoscaler,customdas-cpu-queue-autoscaler-adservice,3,60,1,,,
2026-09-01 13:42:01,autoscaler,customdas-cpu-queue-autoscaler-cartservice,8,60,1,,,
2026-09-01 13:42:01,autoscaler,customdas-cpu-queue-autoscaler-checkoutservice,3,60,1,,,
2026-09-01 13:42:01,autoscaler,customdas-cpu-queue-autoscaler-currencyservice,4,60,1,,,
2026-09-01 13:42:01,autoscaler,customdas-cpu-queue-autoscaler-emailservice,4,60,1,,,
2026-09-01 13:42:01,autoscaler,customdas-cpu-queue-autoscaler-frontend,7,60,1,,,
2026-09-01 13:42:01,autoscaler,customdas-cpu-queue-autoscaler-paymentservice,5,60,1,,,
2026-09-01 13:42:01,autoscaler,customdas-cpu-queue-autoscaler-productcatalogservice,0,60,1,,,
2026-09-01 13:42:01,autoscaler,customdas-cpu-queue-autoscaler-recommendationservice,7,60,1,,,
2026-09-01 13:42:01,autoscaler,customdas-cpu-queue-autoscaler-shippingservice,5,60,1,,,
2026-09-01 13:42:01,node,ze-master-node,2721,3917,,68.0,49.3,
2026-09-01 13:42:01,node,ze-worker-node,2415,2171,,60.4,27.3,
2026-09-01 13:42:08,deployment,adservice,63,177,2,,,
2026-09-01 13:42:08,deployment,cartservice,188,114,3,,,
2026-09-01 13:42:08,deployment,checkoutservice,52,34,3,,,
2026-09-01 13:42:08,deployment,currencyservice,324,175,3,,,
2026-09-01 13:42:08,deployment,emailservice,15,40,1,,,
2026-09-01 13:42:08,deployment,frontend,670,101,8,,,
2026-09-01 13:42:08,http_p95_latency,frontend,,,,,,224.2
2026-09-01 13:42:08,deployment,paymentservice,10,31,1,,,
2026-09-01 13:42:08,deployment,productcatalogservice,364,35,4,,,
2026-09-01 13:42:08,deployment,recommendationservice,283,163,4,,,
2026-09-01 13:42:08,deployment,redis-cart,19,45,1,,,
2026-09-01 13:42:08,deployment,shippingservice,29,9,1,,,
2026-09-01 13:42:08,autoscaler,customdas-cpu-queue-autoscaler-adservice,5,60,1,,,
2026-09-01 13:42:08,autoscaler,customdas-cpu-queue-autoscaler-cartservice,8,60,1,,,
2026-09-01 13:42:08,autoscaler,customdas-cpu-queue-autoscaler-checkoutservice,9,60,1,,,
2026-09-01 13:42:08,autoscaler,customdas-cpu-queue-autoscaler-currencyservice,9,60,1,,,
2026-09-01 13:42:08,autoscaler,customdas-cpu-queue-autoscaler-emailservice,5,60,1,,,
2026-09-01 13:42:08,autoscaler,customdas-cpu-queue-autoscaler-frontend,12,60,1,,,
2026-09-01 13:42:08,autoscaler,customdas-cpu-queue-autoscaler-paymentservice,3,60,1,,,
2026-09-01 13:42:08,autoscaler,customdas-cpu-queue-autoscaler-productcatalogservice,6,60,1,,,
2026-09-01 13:42:08,autoscaler,customdas-cpu-queue-autoscaler-recommendationservice,0,60,1,,,
2026-09-01 13:42:08,autoscaler,customdas-cpu-queue-autoscaler-shippingservice,3,60,1,,,
2026-09-01 13:42:08,node,ze-master-node,2642,3914,,66.0,49.3,
2026-09-01 13:42:08,node,ze-worker-node,2546,2176,,63.6,27.4,
2026-09-01 13:42:15,deployment,adservice,63,177,2,,,
2026-09-01 13:42:15,deployment,cartservice,188,114,3,,,
2026-09-01 13:42:15,deployment,checkoutservice,52,34,3,,,
2026-09-01 13:42:15,deployment,currencyservice,324,175,3,,,
2026-09-01 13:42:15,deployment,emailservice,15,40,1,,,
2026-09-01 13:42:15,deployment,frontend,670,101,8,,,
2026-09-01 13:42:15,http_p95_latency,frontend,,,,,,223.6
2026-09-01 13:42:15,deployment,paymentservice,10,31,1,,,
2026-09-01 13:42:15,deployment,productcatalogservice,364,35,4,,,
2026-09-01 13:42:15,deployment,recommendationservice,283,163,4,,,
2026-09-01 13:42:15,deployment,redis-cart,19,45,1,,,
2026-09-01 13:42:15,deployment,shippingservice,29,9,1,,,
2026-09-01 13:42:15,autoscaler,customdas-cpu-queue-autoscaler-adservice,5,60,1,,,
2026-09-01 13:42:15,autoscaler,customdas-cpu-queue-autoscaler-cartservice,8,60,1,,,
2026-09-01 13:42:15,autoscaler,customdas-cpu-queue-autoscaler-checkoutservice,9,60,1,,,
2026-09-01 13:42:15,autoscaler,customdas-cpu-queue-autoscaler-currencyservice,9,60,1,,,
2026-09-01 13:42:15,autoscaler,customdas-cpu-queue-autoscaler-emailservice,5,60,1,,,
2026-09-01 13:42:15,autoscaler,customdas-cpu-queue-autoscaler-frontend,12,60,1,,,
2026-09-01 13:42:15,autoscaler,customdas-cpu-queue-autoscaler-paymentservice,3,60,1,,,
2026-09-01 13:42:15,autoscaler,customdas-cpu-queue-autoscaler-productcatalogservice,6,60,1,,,
2026-09-01 13:42:15,autoscaler,customdas-cpu-queue-autoscaler-recommendationservice,8,60,1,,,
2026-09-01 13:42:15,autoscaler,customdas-cpu-queue-autoscaler-shippingservice,4,60,1,,,
2026-09-01 13:42:15,node,ze-master-node,2901,3917,,72.5,49.3,
2026-09-01 13:42:15,node,ze-worker-node,2544,2173,,63.6,27.4,
2026-09-01 13:42:24,deployment,adservice,58,177,2,,,
2026-09-01 13:42:24,deployment,cartservice,206,114,3,,,
2026-09-01 13:42:24,deployment,checkoutservice,50,34,3,,,
2026-09-01 13:42:24,deployment,currencyservice,347,175,3,,,
2026-09-01 13:42:24,deployment,emailservice,18,40,1,,,
2026-09-01 13:42:24,deployment,frontend,687,101,8,,,
2026-09-01 13:42:24,http_p95_latency,frontend,,,,,,223.6
2026-09-01 13:42:24,deployment,paymentservice,11,31,1,,,
2026-09-01 13:42:24,deployment,productcatalogservice,359,36,4,,,
2026-09-01 13:42:24,deployment,recommendationservice,294,163,4,,,
2026-09-01 13:42:24,deployment,redis-cart,47,47,1,,,
2026-09-01 13:42:24,deployment,shippingservice,28,9,1,,,
2026-09-01 13:42:24,autoscaler,customdas-cpu-queue-autoscaler-adservice,4,60,1,,,
2026-09-01 13:42:24,autoscaler,customdas-cpu-queue-autoscaler-cartservice,4,60,1,,,
2026-09-01 13:42:24,autoscaler,customdas-cpu-queue-autoscaler-checkoutservice,0,60,1,,,
2026-09-01 13:42:24,autoscaler,customdas-cpu-queue-autoscaler-currencyservice,7,60,1,,,
2026-09-01 13:42:24,autoscaler,customdas-cpu-queue-autoscaler-emailservice,3,60,1,,,
2026-09-01 13:42:24,autoscaler,customdas-cpu-queue-autoscaler-frontend,11,60,1,,,
2026-09-01 13:42:24,autoscaler,customdas-cpu-queue-autoscaler-paymentservice,3,60,1,,,
2026-09-01 13:42:24,autoscaler,customdas-cpu-queue-autoscaler-productcatalogservice,6,60,1,,,
2026-09-01 13:42:24,autoscaler,customdas-cpu-queue-autoscaler-recommendationservice,8,60,1,,,
2026-09-01 13:42:24,autoscaler,customdas-cpu-queue-autoscaler-shippingservice,4,60,1,,,
2026-09-01 13:42:24,node,ze-master-node,2901,3917,,72.5,49.3,
2026-09-01 13:42:24,node,ze-worker-node,2544,2173,,63.6,27.4,
2026-09-01 13:42:34,deployment,adservice,66,177,2,,,
2026-09-01 13:42:34,deployment,cartservice,231,114,3,,,
2026-09-01 13:42:34,deployment,checkoutservice,51,34,3,,,
2026-09-01 13:42:34,deployment,currencyservice,374,181,3,,,
2026-09-01 13:42:34,deployment,emailservice,15,40,1,,,
2026-09-01 13:42:34,deployment,frontend,731,101,8,,,
2026-09-01 13:42:34,http_p95_latency,frontend,,,,,,238.1
2026-09-01 13:42:34,deployment,paymentservice,11,31,1,,,
2026-09-01 13:42:34,deployment,productcatalogservice,372,35,4,,,
2026-09-01 13:42:34,deployment,recommendationservice,297,163,4,,,
2026-09-01 13:42:34,deployment,redis-cart,40,44,1,,,
2026-09-01 13:42:34,deployment,shippingservice,32,9,1,,,
2026-09-01 13:42:34,autoscaler,customdas-cpu-queue-autoscaler-adservice,5,60,1,,,
2026-09-01 13:42:34,autoscaler,customdas-cpu-queue-autoscaler-cartservice,3,60,1,,,
2026-09-01 13:42:34,autoscaler,customdas-cpu-queue-autoscaler-checkoutservice,8,60,1,,,
2026-09-01 13:42:34,autoscaler,customdas-cpu-queue-autoscaler-currencyservice,5,60,1,,,
2026-09-01 13:42:34,autoscaler,customdas-cpu-queue-autoscaler-emailservice,3,60,1,,,
2026-09-01 13:42:34,autoscaler,customdas-cpu-queue-autoscaler-frontend,9,60,1,,,
2026-09-01 13:42:34,autoscaler,customdas-cpu-queue-autoscaler-paymentservice,3,60,1,,,
2026-09-01 13:42:34,autoscaler,customdas-cpu-queue-autoscaler-productcatalogservice,7,60,1,,,
2026-09-01 13:42:34,autoscaler,customdas-cpu-queue-autoscaler-recommendationservice,8,60,1,,,
2026-09-01 13:42:34,autoscaler,customdas-cpu-queue-autoscaler-shippingservice,4,60,1,,,
2026-09-01 13:42:34,node,ze-master-node,2824,3928,,70.6,49.5,
2026-09-01 13:42:34,node,ze-worker-node,2661,2173,,66.5,27.4,
2026-09-01 13:42:43,deployment,adservice,66,177,2,,,
2026-09-01 13:42:43,deployment,cartservice,231,114,3,,,
2026-09-01 13:42:43,deployment,checkoutservice,51,34,3,,,
2026-09-01 13:42:43,deployment,currencyservice,374,181,3,,,
2026-09-01 13:42:43,deployment,emailservice,15,40,1,,,
2026-09-01 13:42:43,deployment,frontend,731,101,8,,,
2026-09-01 13:42:43,http_p95_latency,frontend,,,,,,236.1
2026-09-01 13:42:43,deployment,paymentservice,11,31,1,,,
2026-09-01 13:42:43,deployment,productcatalogservice,372,35,4,,,
2026-09-01 13:42:43,deployment,recommendationservice,297,163,4,,,
2026-09-01 13:42:43,deployment,redis-cart,40,44,1,,,
2026-09-01 13:42:43,deployment,shippingservice,32,9,1,,,
2026-09-01 13:42:43,autoscaler,customdas-cpu-queue-autoscaler-adservice,5,60,1,,,
2026-09-01 13:42:43,autoscaler,customdas-cpu-queue-autoscaler-cartservice,3,60,1,,,
2026-09-01 13:42:43,autoscaler,customdas-cpu-queue-autoscaler-checkoutservice,8,60,1,,,
2026-09-01 13:42:43,autoscaler,customdas-cpu-queue-autoscaler-currencyservice,5,60,1,,,
2026-09-01 13:42:43,autoscaler,customdas-cpu-queue-autoscaler-emailservice,3,60,1,,,
2026-09-01 13:42:43,autoscaler,customdas-cpu-queue-autoscaler-frontend,9,60,1,,,
2026-09-01 13:42:43,autoscaler,customdas-cpu-queue-autoscaler-paymentservice,3,60,1,,,
2026-09-01 13:42:43,autoscaler,customdas-cpu-queue-autoscaler-productcatalogservice,7,60,1,,,
2026-09-01 13:42:43,autoscaler,customdas-cpu-queue-autoscaler-recommendationservice,8,60,1,,,
2026-09-01 13:42:43,autoscaler,customdas-cpu-queue-autoscaler-shippingservice,4,60,1,,,
2026-09-01 13:42:43,node,ze-master-node,2824,3928,,70.6,49.5,
2026-09-01 13:42:43,node,ze-worker-node,2661,2173,,66.5,27.4,
2026-09-01 13:42:53,deployment,adservice,66,177,2,,,
2026-09-01 13:42:53,deployment,cartservice,253,114,3,,,
2026-09-01 13:42:53,deployment,checkoutservice,45,33,3,,,
2026-09-01 13:42:53,deployment,currencyservice,361,186,3,,,
2026-09-01 13:42:53,deployment,emailservice,19,40,1,,,
2026-09-01 13:42:53,deployment,frontend,729,102,8,,,
2026-09-01 13:42:53,http_p95_latency,frontend,,,,,,236.1
2026-09-01 13:42:53,deployment,paymentservice,11,31,1,,,
2026-09-01 13:42:53,deployment,productcatalogservice,374,34,4,,,
2026-09-01 13:42:53,deployment,recommendationservice,293,163,4,,,
2026-09-01 13:42:53,deployment,redis-cart,21,44,1,,,
2026-09-01 13:42:53,deployment,shippingservice,32,9,1,,,
2026-09-01 13:42:53,autoscaler,customdas-cpu-queue-autoscaler-adservice,5,60,1,,,
2026-09-01 13:42:53,autoscaler,customdas-cpu-queue-autoscaler-cartservice,14,60,1,,,
2026-09-01 13:42:53,autoscaler,customdas-cpu-queue-autoscaler-checkoutservice,3,60,1,,,
2026-09-01 13:42:53,autoscaler,customdas-cpu-queue-autoscaler-currencyservice,8,60,1,,,
2026-09-01 13:42:53,autoscaler,customdas-cpu-queue-autoscaler-emailservice,4,60,1,,,
2026-09-01 13:42:53,autoscaler,customdas-cpu-queue-autoscaler-frontend,9,60,1,,,
2026-09-01 13:42:53,autoscaler,customdas-cpu-queue-autoscaler-paymentservice,0,60,1,,,
2026-09-01 13:42:53,autoscaler,customdas-cpu-queue-autoscaler-productcatalogservice,4,60,1,,,
2026-09-01 13:42:53,autoscaler,customdas-cpu-queue-autoscaler-recommendationservice,4,60,1,,,
2026-09-01 13:42:53,autoscaler,customdas-cpu-queue-autoscaler-shippingservice,6,60,1,,,
2026-09-01 13:42:53,node,ze-master-node,2923,3934,,73.1,49.5,
2026-09-01 13:42:53,node,ze-worker-node,2597,2170,,64.9,27.3,
2026-09-01 13:43:02,deployment,adservice,66,177,2,,,
2026-09-01 13:43:02,deployment,cartservice,253,114,3,,,
2026-09-01 13:43:02,deployment,checkoutservice,45,33,3,,,
2026-09-01 13:43:02,deployment,currencyservice,361,186,3,,,
2026-09-01 13:43:02,deployment,emailservice,19,40,1,,,
2026-09-01 13:43:02,deployment,frontend,729,102,8,,,
2026-09-01 13:43:02,http_p95_latency,frontend,,,,,,236.1
2026-09-01 13:43:02,deployment,paymentservice,11,31,1,,,
2026-09-01 13:43:02,deployment,productcatalogservice,374,34,4,,,
2026-09-01 13:43:02,deployment,recommendationservice,293,163,4,,,
2026-09-01 13:43:02,deployment,redis-cart,21,44,1,,,
2026-09-01 13:43:02,deployment,shippingservice,32,9,1,,,
2026-09-01 13:43:02,autoscaler,customdas-cpu-queue-autoscaler-adservice,5,60,1,,,
2026-09-01 13:43:02,autoscaler,customdas-cpu-queue-autoscaler-cartservice,14,60,1,,,
2026-09-01 13:43:02,autoscaler,customdas-cpu-queue-autoscaler-checkoutservice,5,60,1,,,
2026-09-01 13:43:02,autoscaler,customdas-cpu-queue-autoscaler-currencyservice,6,60,1,,,
2026-09-01 13:43:02,autoscaler,customdas-cpu-queue-autoscaler-emailservice,0,60,1,,,
2026-09-01 13:43:02,autoscaler,customdas-cpu-queue-autoscaler-frontend,9,60,1,,,
2026-09-01 13:43:02,autoscaler,customdas-cpu-queue-autoscaler-paymentservice,6,60,1,,,
2026-09-01 13:43:02,autoscaler,customdas-cpu-queue-autoscaler-productcatalogservice,4,60,1,,,
2026-09-01 13:43:02,autoscaler,customdas-cpu-queue-autoscaler-recommendationservice,6,60,1,,,
2026-09-01 13:43:02,autoscaler,customdas-cpu-queue-autoscaler-shippingservice,3,60,1,,,
2026-09-01 13:43:02,node,ze-master-node,3006,3932,,75.1,49.5,
2026-09-01 13:43:02,node,ze-worker-node,2611,2175,,65.3,27.4,
2026-09-01 13:43:11,deployment,adservice,65,177,2,,,
2026-09-01 13:43:11,deployment,cartservice,238,114,3,,,
2026-09-01 13:43:11,deployment,checkoutservice,50,33,3,,,
2026-09-01 13:43:11,deployment,currencyservice,356,189,3,,,
2026-09-01 13:43:11,deployment,emailservice,17,40,1,,,
2026-09-01 13:43:11,deployment,frontend,745,102,8,,,
2026-09-01 13:43:11,http_p95_latency,frontend,,,,,,229.2
2026-09-01 13:43:11,deployment,paymentservice,12,31,1,,,
2026-09-01 13:43:11,deployment,productcatalogservice,377,34,4,,,
2026-09-01 13:43:11,deployment,recommendationservice,304,163,4,,,
2026-09-01 13:43:11,deployment,redis-cart,20,44,1,,,
2026-09-01 13:43:11,deployment,shippingservice,35,9,1,,,
2026-09-01 13:43:11,autoscaler,customdas-cpu-queue-autoscaler-adservice,0,60,1,,,
2026-09-01 13:43:11,autoscaler,customdas-cpu-queue-autoscaler-cartservice,7,60,1,,,
2026-09-01 13:43:11,autoscaler,customdas-cpu-queue-autoscaler-checkoutservice,5,60,1,,,
2026-09-01 13:43:11,autoscaler,customdas-cpu-queue-autoscaler-currencyservice,6,60,1,,,
2026-09-01 13:43:11,autoscaler,customdas-cpu-queue-autoscaler-emailservice,0,60,1,,,
2026-09-01 13:43:11,autoscaler,customdas-cpu-queue-autoscaler-frontend,9,60,1,,,
2026-09-01 13:43:11,autoscaler,customdas-cpu-queue-autoscaler-paymentservice,6,60,1,,,
2026-09-01 13:43:11,autoscaler,customdas-cpu-queue-autoscaler-productcatalogservice,4,60,1,,,
2026-09-01 13:43:11,autoscaler,customdas-cpu-queue-autoscaler-recommendationservice,6,60,1,,,
2026-09-01 13:43:11,autoscaler,customdas-cpu-queue-autoscaler-shippingservice,3,60,1,,,
2026-09-01 13:43:11,node,ze-master-node,3006,3932,,75.1,49.5,
2026-09-01 13:43:11,node,ze-worker-node,2611,2175,,65.3,27.4,
2026-09-01 13:43:22,deployment,adservice,65,177,2,,,
2026-09-01 13:43:22,deployment,cartservice,221,114,3,,,
2026-09-01 13:43:22,deployment,checkoutservice,60,34,3,,,
2026-09-01 13:43:22,deployment,currencyservice,383,191,3,,,
2026-09-01 13:43:22,deployment,emailservice,17,40,1,,,
2026-09-01 13:43:22,deployment,frontend,716,102,8,,,
2026-09-01 13:43:22,http_p95_latency,frontend,,,,,,229.2
2026-09-01 13:43:22,deployment,paymentservice,12,31,1,,,
2026-09-01 13:43:22,deployment,productcatalogservice,372,33,4,,,
2026-09-01 13:43:22,deployment,recommendationservice,302,163,4,,,
2026-09-01 13:43:22,deployment,redis-cart,19,44,1,,,
2026-09-01 13:43:22,deployment,shippingservice,35,9,1,,,
2026-09-01 13:43:22,autoscaler,customdas-cpu-queue-autoscaler-adservice,8,60,1,,,
2026-09-01 13:43:22,autoscaler,customdas-cpu-queue-autoscaler-cartservice,5,60,1,,,
2026-09-01 13:43:22,autoscaler,customdas-cpu-queue-autoscaler-checkoutservice,4,60,1,,,
2026-09-01 13:43:22,autoscaler,customdas-cpu-queue-autoscaler-currencyservice,2,60,1,,,
2026-09-01 13:43:22,autoscaler,customdas-cpu-queue-autoscaler-emailservice,5,60,1,,,
2026-09-01 13:43:22,autoscaler,customdas-cpu-queue-autoscaler-frontend,14,60,1,,,
2026-09-01 13:43:22,autoscaler,customdas-cpu-queue-autoscaler-paymentservice,3,60,1,,,
2026-09-01 13:43:22,autoscaler,customdas-cpu-queue-autoscaler-productcatalogservice,5,60,1,,,
2026-09-01 13:43:22,autoscaler,customdas-cpu-queue-autoscaler-recommendationservice,5,60,1,,,
2026-09-01 13:43:22,autoscaler,customdas-cpu-queue-autoscaler-shippingservice,2,60,1,,,
2026-09-01 13:43:22,node,ze-master-node,3057,3937,,76.4,49.6,
2026-09-01 13:43:22,node,ze-worker-node,2575,2173,,64.4,27.4,
2026-09-01 13:43:35,deployment,adservice,71,177,2,,,
2026-09-01 13:43:35,deployment,cartservice,258,114,3,,,
2026-09-01 13:43:35,deployment,checkoutservice,53,34,3,,,
2026-09-01 13:43:35,deployment,currencyservice,404,186,3,,,
2026-09-01 13:43:35,deployment,emailservice,18,40,1,,,
2026-09-01 13:43:35,deployment,frontend,788,102,8,,,
2026-09-01 13:43:35,http_p95_latency,frontend,,,,,,239.8
2026-09-01 13:43:35,deployment,paymentservice,11,31,1,,,
2026-09-01 13:43:35,deployment,productcatalogservice,395,33,4,,,
2026-09-01 13:43:35,deployment,recommendationservice,319,163,4,,,
2026-09-01 13:43:35,deployment,redis-cart,20,44,1,,,
2026-09-01 13:43:35,deployment,shippingservice,35,9,1,,,
2026-09-01 13:43:35,autoscaler,customdas-cpu-queue-autoscaler-adservice,4,60,1,,,
2026-09-01 13:43:35,autoscaler,customdas-cpu-queue-autoscaler-cartservice,0,60,1,,,
2026-09-01 13:43:35,autoscaler,customdas-cpu-queue-autoscaler-checkoutservice,5,60,1,,,
2026-09-01 13:43:35,autoscaler,customdas-cpu-queue-autoscaler-currencyservice,6,60,1,,,
2026-09-01 13:43:35,autoscaler,customdas-cpu-queue-autoscaler-emailservice,6,60,1,,,
2026-09-01 13:43:35,autoscaler,customdas-cpu-queue-autoscaler-frontend,6,60,1,,,
2026-09-01 13:43:35,autoscaler,customdas-cpu-queue-autoscaler-paymentservice,3,60,1,,,
2026-09-01 13:43:35,autoscaler,customdas-cpu-queue-autoscaler-productcatalogservice,6,60,1,,,
2026-09-01 13:43:35,autoscaler,customdas-cpu-queue-autoscaler-recommendationservice,6,60,1,,,
2026-09-01 13:43:35,autoscaler,customdas-cpu-queue-autoscaler-shippingservice,3,60,1,,,
2026-09-01 13:43:35,node,ze-master-node,3079,3952,,77.0,49.8,
2026-09-01 13:43:35,node,ze-worker-node,2717,2181,,67.9,27.5,
2026-09-01 13:43:45,deployment,adservice,71,177,2,,,
2026-09-01 13:43:45,deployment,cartservice,258,114,3,,,
2026-09-01 13:43:45,deployment,checkoutservice,53,34,3,,,
2026-09-01 13:43:45,deployment,currencyservice,404,186,3,,,
2026-09-01 13:43:45,deployment,emailservice,18,40,1,,,
2026-09-01 13:43:45,deployment,frontend,788,102,9,,,
2026-09-01 13:43:45,http_p95_latency,frontend,,,,,,247.1
2026-09-01 13:43:45,deployment,paymentservice,11,31,1,,,
2026-09-01 13:43:45,deployment,productcatalogservice,395,33,4,,,
2026-09-01 13:43:45,deployment,recommendationservice,319,163,4,,,
2026-09-01 13:43:45,deployment,redis-cart,20,44,1,,,
2026-09-01 13:43:45,deployment,shippingservice,35,9,1,,,
2026-09-01 13:43:45,autoscaler,customdas-cpu-queue-autoscaler-adservice,4,60,1,,,
2026-09-01 13:43:45,autoscaler,customdas-cpu-queue-autoscaler-cartservice,0,60,1,,,
2026-09-01 13:43:45,autoscaler,customdas-cpu-queue-autoscaler-checkoutservice,5,60,1,,,
2026-09-01 13:43:45,autoscaler,customdas-cpu-queue-autoscaler-currencyservice,6,60,1,,,
2026-09-01 13:43:45,autoscaler,customdas-cpu-queue-autoscaler-emailservice,6,60,1,,,
2026-09-01 13:43:45,autoscaler,customdas-cpu-queue-autoscaler-frontend,6,60,1,,,
2026-09-01 13:43:45,autoscaler,customdas-cpu-queue-autoscaler-paymentservice,3,60,1,,,
2026-09-01 13:43:45,autoscaler,customdas-cpu-queue-autoscaler-productcatalogservice,6,60,1,,,
2026-09-01 13:43:45,autoscaler,customdas-cpu-queue-autoscaler-recommendationservice,6,60,1,,,
2026-09-01 13:43:45,autoscaler,customdas-cpu-queue-autoscaler-shippingservice,3,60,1,,,
2026-09-01 13:43:45,node,ze-master-node,3079,3952,,77.0,49.8,
2026-09-01 13:43:45,node,ze-worker-node,2717,2181,,67.6,27.6,
2026-09-01 13:43:54,deployment,adservice,69,177,2,,,
2026-09-01 13:43:54,deployment,cartservice,252,114,3,,,
2026-09-01 13:43:54,deployment,checkoutservice,52,34,3,,,
2026-09-01 13:43:54,deployment,currencyservice,388,187,3,,,
2026-09-01 13:43:54,deployment,emailservice,21,40,1,,,
2026-09-01 13:43:54,deployment,frontend,782,109,9,,,
2026-09-01 13:43:54,http_p95_latency,frontend,,,,,,247.1
2026-09-01 13:43:54,deployment,paymentservice,12,30,1,,,
2026-09-01 13:43:54,deployment,productcatalogservice,387,33,4,,,
2026-09-01 13:43:54,deployment,recommendationservice,330,163,4,,,
2026-09-01 13:43:54,deployment,redis-cart,19,44,1,,,
2026-09-01 13:43:54,deployment,shippingservice,37,9,1,,,
2026-09-01 13:43:54,autoscaler,customdas-cpu-queue-autoscaler-adservice,0,60,1,,,
2026-09-01 13:43:54,autoscaler,customdas-cpu-queue-autoscaler-cartservice,6,60,1,,,
2026-09-01 13:43:54,autoscaler,customdas-cpu-queue-autoscaler-checkoutservice,5,60,1,,,
2026-09-01 13:43:54,autoscaler,customdas-cpu-queue-autoscaler-currencyservice,6,60,1,,,
2026-09-01 13:43:54,autoscaler,customdas-cpu-queue-autoscaler-emailservice,3,60,1,,,
2026-09-01 13:43:54,autoscaler,customdas-cpu-queue-autoscaler-frontend,10,60,1,,,
2026-09-01 13:43:54,autoscaler,customdas-cpu-queue-autoscaler-paymentservice,0,60,1,,,
2026-09-01 13:43:54,autoscaler,customdas-cpu-queue-autoscaler-productcatalogservice,5,60,1,,,
2026-09-01 13:43:54,autoscaler,customdas-cpu-queue-autoscaler-recommendationservice,6,60,1,,,
2026-09-01 13:43:54,autoscaler,customdas-cpu-queue-autoscaler-shippingservice,3,60,1,,,
2026-09-01 13:43:54,node,ze-master-node,3145,3958,,78.6,49.8,
2026-09-01 13:43:54,node,ze-worker-node,2705,2188,,67.6,27.6,
2026-09-01 13:44:04,deployment,adservice,71,177,2,,,
2026-09-01 13:44:04,deployment,cartservice,247,114,3,,,
2026-09-01 13:44:04,deployment,checkoutservice,54,34,3,,,
2026-09-01 13:44:04,deployment,currencyservice,387,188,3,,,
2026-09-01 13:44:04,deployment,emailservice,16,40,1,,,
2026-09-01 13:44:04,deployment,frontend,840,111,9,,,
2026-09-01 13:44:04,http_p95_latency,frontend,,,,,,243.7
2026-09-01 13:44:04,deployment,paymentservice,11,31,1,,,
2026-09-01 13:44:04,deployment,productcatalogservice,389,33,4,,,
2026-09-01 13:44:04,deployment,recommendationservice,321,163,4,,,
2026-09-01 13:44:04,deployment,redis-cart,19,44,1,,,
2026-09-01 13:44:04,deployment,shippingservice,36,9,1,,,
2026-09-01 13:44:04,autoscaler,customdas-cpu-queue-autoscaler-adservice,3,60,1,,,
2026-09-01 13:44:04,autoscaler,customdas-cpu-queue-autoscaler-cartservice,5,60,1,,,
2026-09-01 13:44:04,autoscaler,customdas-cpu-queue-autoscaler-checkoutservice,6,60,1,,,
2026-09-01 13:44:04,autoscaler,customdas-cpu-queue-autoscaler-currencyservice,8,60,1,,,
2026-09-01 13:44:04,autoscaler,customdas-cpu-queue-autoscaler-emailservice,3,60,1,,,
2026-09-01 13:44:04,autoscaler,customdas-cpu-queue-autoscaler-frontend,9,60,1,,,
2026-09-01 13:44:04,autoscaler,customdas-cpu-queue-autoscaler-paymentservice,0,60,1,,,
2026-09-01 13:44:04,autoscaler,customdas-cpu-queue-autoscaler-productcatalogservice,5,60,1,,,
2026-09-01 13:44:04,autoscaler,customdas-cpu-queue-autoscaler-recommendationservice,6,60,1,,,
2026-09-01 13:44:04,autoscaler,customdas-cpu-queue-autoscaler-shippingservice,3,60,1,,,
2026-09-01 13:44:04,node,ze-master-node,3079,3979,,77.0,50.1,
2026-09-01 13:44:04,node,ze-worker-node,2689,2191,,67.2,27.6,
2026-09-01 13:44:16,deployment,adservice,71,177,2,,,
2026-09-01 13:44:16,deployment,cartservice,247,114,3,,,
2026-09-01 13:44:16,deployment,checkoutservice,54,34,3,,,
2026-09-01 13:44:16,deployment,currencyservice,387,188,3,,,
2026-09-01 13:44:16,deployment,emailservice,16,40,1,,,
2026-09-01 13:44:16,deployment,frontend,840,111,10,,,
2026-09-01 13:44:16,http_p95_latency,frontend,,,,,,307.3
2026-09-01 13:44:16,deployment,paymentservice,11,31,1,,,
2026-09-01 13:44:16,deployment,productcatalogservice,389,33,4,,,
2026-09-01 13:44:16,deployment,recommendationservice,321,163,4,,,
2026-09-01 13:44:16,deployment,redis-cart,19,44,1,,,
2026-09-01 13:44:16,deployment,shippingservice,36,9,1,,,
2026-09-01 13:44:16,autoscaler,customdas-cpu-queue-autoscaler-adservice,3,60,1,,,
2026-09-01 13:44:16,autoscaler,customdas-cpu-queue-autoscaler-cartservice,5,60,1,,,
2026-09-01 13:44:16,autoscaler,customdas-cpu-queue-autoscaler-checkoutservice,6,60,1,,,
2026-09-01 13:44:16,autoscaler,customdas-cpu-queue-autoscaler-currencyservice,8,60,1,,,
2026-09-01 13:44:16,autoscaler,customdas-cpu-queue-autoscaler-emailservice,3,60,1,,,
2026-09-01 13:44:16,autoscaler,customdas-cpu-queue-autoscaler-frontend,9,60,1,,,
2026-09-01 13:44:16,autoscaler,customdas-cpu-queue-autoscaler-paymentservice,5,60,1,,,
2026-09-01 13:44:16,autoscaler,customdas-cpu-queue-autoscaler-productcatalogservice,5,60,1,,,
2026-09-01 13:44:16,autoscaler,customdas-cpu-queue-autoscaler-recommendationservice,9,60,1,,,
2026-09-01 13:44:16,autoscaler,customdas-cpu-queue-autoscaler-shippingservice,4,60,1,,,
2026-09-01 13:44:16,node,ze-master-node,3200,3971,,80.0,50.0,
2026-09-01 13:44:16,node,ze-worker-node,2690,2192,,67.2,27.6,
2026-09-01 13:44:25,deployment,adservice,73,177,2,,,
2026-09-01 13:44:25,deployment,cartservice,217,116,3,,,
2026-09-01 13:44:25,deployment,checkoutservice,58,34,3,,,
2026-09-01 13:44:25,deployment,currencyservice,394,191,3,,,
2026-09-01 13:44:25,deployment,emailservice,20,40,1,,,
2026-09-01 13:44:25,deployment,frontend,789,117,10,,,
2026-09-01 13:44:25,http_p95_latency,frontend,,,,,,307.3
2026-09-01 13:44:25,deployment,paymentservice,14,31,1,,,
2026-09-01 13:44:25,deployment,productcatalogservice,382,33,4,,,
2026-09-01 13:44:25,deployment,recommendationservice,315,163,4,,,
2026-09-01 13:44:25,deployment,redis-cart,18,44,1,,,
2026-09-01 13:44:25,deployment,shippingservice,34,9,1,,,
2026-09-01 13:44:25,autoscaler,customdas-cpu-queue-autoscaler-adservice,5,60,1,,,
2026-09-01 13:44:25,autoscaler,customdas-cpu-queue-autoscaler-cartservice,4,60,1,,,
2026-09-01 13:44:25,autoscaler,customdas-cpu-queue-autoscaler-checkoutservice,4,60,1,,,
2026-09-01 13:44:25,autoscaler,customdas-cpu-queue-autoscaler-currencyservice,4,60,1,,,
2026-09-01 13:44:25,autoscaler,customdas-cpu-queue-autoscaler-emailservice,3,60,1,,,
2026-09-01 13:44:25,autoscaler,customdas-cpu-queue-autoscaler-frontend,10,60,1,,,
2026-09-01 13:44:25,autoscaler,customdas-cpu-queue-autoscaler-paymentservice,5,60,1,,,
2026-09-01 13:44:25,autoscaler,customdas-cpu-queue-autoscaler-productcatalogservice,5,60,1,,,
2026-09-01 13:44:25,autoscaler,customdas-cpu-queue-autoscaler-recommendationservice,9,60,1,,,
2026-09-01 13:44:25,autoscaler,customdas-cpu-queue-autoscaler-shippingservice,4,60,1,,,
2026-09-01 13:44:25,node,ze-master-node,3200,3971,,80.0,50.0,
2026-09-01 13:44:25,node,ze-worker-node,2690,2192,,67.2,27.6,
2026-09-01 13:44:34,deployment,adservice,67,177,2,,,
2026-09-01 13:44:34,deployment,cartservice,223,114,3,,,
2026-09-01 13:44:34,deployment,checkoutservice,54,34,3,,,
2026-09-01 13:44:34,deployment,currencyservice,391,189,3,,,
2026-09-01 13:44:34,deployment,emailservice,20,40,1,,,
2026-09-01 13:44:34,deployment,frontend,810,122,10,,,
2026-09-01 13:44:34,http_p95_latency,frontend,,,,,,248.6
2026-09-01 13:44:34,deployment,paymentservice,12,31,1,,,
2026-09-01 13:44:34,deployment,productcatalogservice,385,33,4,,,
2026-09-01 13:44:34,deployment,recommendationservice,317,163,4,,,
2026-09-01 13:44:34,deployment,redis-cart,19,44,1,,,
2026-09-01 13:44:34,deployment,shippingservice,34,9,1,,,
2026-09-01 13:44:34,autoscaler,customdas-cpu-queue-autoscaler-adservice,7,60,1,,,
2026-09-01 13:44:34,autoscaler,customdas-cpu-queue-autoscaler-cartservice,7,60,1,,,
2026-09-01 13:44:34,autoscaler,customdas-cpu-queue-autoscaler-checkoutservice,7,60,1,,,
2026-09-01 13:44:34,autoscaler,customdas-cpu-queue-autoscaler-currencyservice,12,60,1,,,
2026-09-01 13:44:34,autoscaler,customdas-cpu-queue-autoscaler-emailservice,5,60,1,,,
2026-09-01 13:44:34,autoscaler,customdas-cpu-queue-autoscaler-frontend,10,60,1,,,
2026-09-01 13:44:34,autoscaler,customdas-cpu-queue-autoscaler-paymentservice,4,60,1,,,
2026-09-01 13:44:34,autoscaler,customdas-cpu-queue-autoscaler-productcatalogservice,5,60,1,,,
2026-09-01 13:44:34,autoscaler,customdas-cpu-queue-autoscaler-recommendationservice,3,60,1,,,
2026-09-01 13:44:34,autoscaler,customdas-cpu-queue-autoscaler-shippingservice,6,60,1,,,
2026-09-01 13:44:34,node,ze-master-node,3111,3973,,77.8,50.0,
2026-09-01 13:44:34,node,ze-worker-node,2672,2191,,66.8,27.6,
2026-09-01 13:44:45,deployment,adservice,67,177,2,,,
2026-09-01 13:44:45,deployment,cartservice,223,114,3,,,
2026-09-01 13:44:45,deployment,checkoutservice,54,34,3,,,
2026-09-01 13:44:45,deployment,currencyservice,391,189,3,,,
2026-09-01 13:44:45,deployment,emailservice,20,40,1,,,
2026-09-01 13:44:45,deployment,frontend,810,122,10,,,
2026-09-01 13:44:45,http_p95_latency,frontend,,,,,,265.5
2026-09-01 13:44:45,deployment,paymentservice,12,31,1,,,
2026-09-01 13:44:45,deployment,productcatalogservice,385,33,4,,,
2026-09-01 13:44:45,deployment,recommendationservice,317,163,4,,,
2026-09-01 13:44:45,deployment,redis-cart,19,44,1,,,
2026-09-01 13:44:45,deployment,shippingservice,34,9,1,,,
2026-09-01 13:44:45,autoscaler,customdas-cpu-queue-autoscaler-adservice,7,60,1,,,
2026-09-01 13:44:45,autoscaler,customdas-cpu-queue-autoscaler-cartservice,7,60,1,,,
2026-09-01 13:44:45,autoscaler,customdas-cpu-queue-autoscaler-checkoutservice,7,60,1,,,
2026-09-01 13:44:45,autoscaler,customdas-cpu-queue-autoscaler-currencyservice,12,60,1,,,
2026-09-01 13:44:45,autoscaler,customdas-cpu-queue-autoscaler-emailservice,5,60,1,,,
2026-09-01 13:44:45,autoscaler,customdas-cpu-queue-autoscaler-frontend,10,60,1,,,
2026-09-01 13:44:45,autoscaler,customdas-cpu-queue-autoscaler-paymentservice,4,60,1,,,
2026-09-01 13:44:45,autoscaler,customdas-cpu-queue-autoscaler-productcatalogservice,5,60,1,,,
2026-09-01 13:44:45,autoscaler,customdas-cpu-queue-autoscaler-recommendationservice,3,60,1,,,
2026-09-01 13:44:45,autoscaler,customdas-cpu-queue-autoscaler-shippingservice,6,60,1,,,
2026-09-01 13:44:45,node,ze-master-node,3111,3973,,77.8,50.0,
2026-09-01 13:44:45,node,ze-worker-node,2672,2191,,66.8,27.6,
2026-09-01 13:44:54,deployment,adservice,66,177,2,,,
2026-09-01 13:44:54,deployment,cartservice,229,114,3,,,
2026-09-01 13:44:54,deployment,checkoutservice,50,34,3,,,
2026-09-01 13:44:54,deployment,currencyservice,381,188,3,,,
2026-09-01 13:44:54,deployment,emailservice,16,40,1,,,
2026-09-01 13:44:54,deployment,frontend,788,122,10,,,
2026-09-01 13:44:54,http_p95_latency,frontend,,,,,,265.5
2026-09-01 13:44:54,deployment,paymentservice,10,31,1,,,
2026-09-01 13:44:54,deployment,productcatalogservice,382,33,4,,,
2026-09-01 13:44:54,deployment,recommendationservice,306,163,4,,,
2026-09-01 13:44:54,deployment,redis-cart,50,44,1,,,
2026-09-01 13:44:54,deployment,shippingservice,33,9,1,,,
2026-09-01 13:44:54,autoscaler,customdas-cpu-queue-autoscaler-adservice,5,60,1,,,
2026-09-01 13:44:54,autoscaler,customdas-cpu-queue-autoscaler-cartservice,6,60,1,,,
2026-09-01 13:44:54,autoscaler,customdas-cpu-queue-autoscaler-checkoutservice,4,60,1,,,
2026-09-01 13:44:54,autoscaler,customdas-cpu-queue-autoscaler-currencyservice,12,60,1,,,
2026-09-01 13:44:54,autoscaler,customdas-cpu-queue-autoscaler-emailservice,0,60,1,,,
2026-09-01 13:44:54,autoscaler,customdas-cpu-queue-autoscaler-frontend,14,60,1,,,
2026-09-01 13:44:54,autoscaler,customdas-cpu-queue-autoscaler-paymentservice,2,60,1,,,
2026-09-01 13:44:54,autoscaler,customdas-cpu-queue-autoscaler-productcatalogservice,12,60,1,,,
2026-09-01 13:44:54,autoscaler,customdas-cpu-queue-autoscaler-recommendationservice,6,60,1,,,
2026-09-01 13:44:54,autoscaler,customdas-cpu-queue-autoscaler-shippingservice,3,60,1,,,
2026-09-01 13:44:54,node,ze-master-node,3116,3965,,77.9,49.9,
2026-09-01 13:44:54,node,ze-worker-node,2665,2188,,66.6,27.6,
2026-09-01 13:45:04,deployment,adservice,67,177,2,,,
2026-09-01 13:45:04,deployment,cartservice,226,114,3,,,
2026-09-01 13:45:04,deployment,checkoutservice,53,34,3,,,
2026-09-01 13:45:04,deployment,currencyservice,376,192,3,,,
2026-09-01 13:45:04,deployment,emailservice,19,40,1,,,
2026-09-01 13:45:04,deployment,frontend,777,123,10,,,
2026-09-01 13:45:04,http_p95_latency,frontend,,,,,,231.0
2026-09-01 13:45:04,deployment,paymentservice,12,31,1,,,
2026-09-01 13:45:04,deployment,productcatalogservice,395,33,4,,,
2026-09-01 13:45:04,deployment,recommendationservice,315,163,4,,,
2026-09-01 13:45:04,deployment,redis-cart,20,44,1,,,
2026-09-01 13:45:04,deployment,shippingservice,34,9,1,,,
2026-09-01 13:45:04,autoscaler,customdas-cpu-queue-autoscaler-adservice,5,60,1,,,
2026-09-01 13:45:04,autoscaler,customdas-cpu-queue-autoscaler-cartservice,7,60,1,,,
2026-09-01 13:45:04,autoscaler,customdas-cpu-queue-autoscaler-checkoutservice,4,60,1,,,
2026-09-01 13:45:04,autoscaler,customdas-cpu-queue-autoscaler-currencyservice,6,60,1,,,
2026-09-01 13:45:04,autoscaler,customdas-cpu-queue-autoscaler-emailservice,5,60,1,,,
2026-09-01 13:45:04,autoscaler,customdas-cpu-queue-autoscaler-frontend,14,60,1,,,
2026-09-01 13:45:04,autoscaler,customdas-cpu-queue-autoscaler-paymentservice,2,60,1,,,
2026-09-01 13:45:04,autoscaler,customdas-cpu-queue-autoscaler-productcatalogservice,5,60,1,,,
2026-09-01 13:45:04,autoscaler,customdas-cpu-queue-autoscaler-recommendationservice,10,60,1,,,
2026-09-01 13:45:04,autoscaler,customdas-cpu-queue-autoscaler-shippingservice,4,60,1,,,
2026-09-01 13:45:04,node,ze-master-node,3046,3988,,76.1,50.2,
2026-09-01 13:45:04,node,ze-worker-node,2714,2197,,67.8,27.7,
2026-09-01 13:45:14,deployment,adservice,67,177,2,,,
2026-09-01 13:45:14,deployment,cartservice,226,114,3,,,
2026-09-01 13:45:14,deployment,checkoutservice,53,34,3,,,
2026-09-01 13:45:14,deployment,currencyservice,376,192,3,,,
2026-09-01 13:45:14,deployment,emailservice,19,40,1,,,
2026-09-01 13:45:14,deployment,frontend,777,123,10,,,
2026-09-01 13:45:14,http_p95_latency,frontend,,,,,,236.2
2026-09-01 13:45:14,deployment,paymentservice,12,31,1,,,
2026-09-01 13:45:14,deployment,productcatalogservice,395,33,4,,,
2026-09-01 13:45:14,deployment,recommendationservice,315,163,4,,,
2026-09-01 13:45:14,deployment,redis-cart,20,44,1,,,
2026-09-01 13:45:14,deployment,shippingservice,34,9,1,,,
2026-09-01 13:45:14,autoscaler,customdas-cpu-queue-autoscaler-adservice,5,60,1,,,
2026-09-01 13:45:14,autoscaler,customdas-cpu-queue-autoscaler-cartservice,7,60,1,,,
2026-09-01 13:45:14,autoscaler,customdas-cpu-queue-autoscaler-checkoutservice,4,60,1,,,
2026-09-01 13:45:14,autoscaler,customdas-cpu-queue-autoscaler-currencyservice,6,60,1,,,
2026-09-01 13:45:14,autoscaler,customdas-cpu-queue-autoscaler-emailservice,5,60,1,,,
2026-09-01 13:45:14,autoscaler,customdas-cpu-queue-autoscaler-frontend,14,60,1,,,
2026-09-01 13:45:14,autoscaler,customdas-cpu-queue-autoscaler-paymentservice,2,60,1,,,
2026-09-01 13:45:14,autoscaler,customdas-cpu-queue-autoscaler-productcatalogservice,5,60,1,,,
2026-09-01 13:45:14,autoscaler,customdas-cpu-queue-autoscaler-recommendationservice,10,60,1,,,
2026-09-01 13:45:14,autoscaler,customdas-cpu-queue-autoscaler-shippingservice,4,60,1,,,
2026-09-01 13:45:14,node,ze-master-node,3046,3988,,76.1,50.2,
2026-09-01 13:45:14,node,ze-worker-node,2714,2197,,67.8,27.7,
2026-09-01 13:45:22,deployment,adservice,68,177,2,,,
2026-09-01 13:45:22,deployment,cartservice,227,114,3,,,
2026-09-01 13:45:22,deployment,checkoutservice,48,34,3,,,
2026-09-01 13:45:22,deployment,currencyservice,375,189,3,,,
2026-09-01 13:45:22,deployment,emailservice,14,40,1,,,
2026-09-01 13:45:22,deployment,frontend,780,122,10,,,
2026-09-01 13:45:22,http_p95_latency,frontend,,,,,,236.2
2026-09-01 13:45:22,deployment,paymentservice,11,30,1,,,
2026-09-01 13:45:22,deployment,productcatalogservice,390,34,4,,,
2026-09-01 13:45:22,deployment,recommendationservice,307,163,4,,,
2026-09-01 13:45:22,deployment,redis-cart,19,44,1,,,
2026-09-01 13:45:22,deployment,shippingservice,30,9,1,,,
2026-09-01 13:45:22,autoscaler,customdas-cpu-queue-autoscaler-adservice,3,60,1,,,
2026-09-01 13:45:22,autoscaler,customdas-cpu-queue-autoscaler-cartservice,5,60,1,,,
2026-09-01 13:45:22,autoscaler,customdas-cpu-queue-autoscaler-checkoutservice,4,60,1,,,
2026-09-01 13:45:22,autoscaler,customdas-cpu-queue-autoscaler-currencyservice,6,60,1,,,
2026-09-01 13:45:22,autoscaler,customdas-cpu-queue-autoscaler-emailservice,4,60,1,,,
2026-09-01 13:45:22,autoscaler,customdas-cpu-queue-autoscaler-frontend,11,60,1,,,
2026-09-01 13:45:22,autoscaler,customdas-cpu-queue-autoscaler-paymentservice,5,60,1,,,
2026-09-01 13:45:22,autoscaler,customdas-cpu-queue-autoscaler-productcatalogservice,6,60,1,,,
2026-09-01 13:45:22,autoscaler,customdas-cpu-queue-autoscaler-recommendationservice,5,60,1,,,
2026-09-01 13:45:22,autoscaler,customdas-cpu-queue-autoscaler-shippingservice,4,60,1,,,
2026-09-01 13:45:22,node,ze-master-node,3025,3987,,75.6,50.2,
2026-09-01 13:45:22,node,ze-worker-node,2675,2193,,66.9,27.6,
2026-09-01 13:45:31,deployment,adservice,68,177,2,,,
2026-09-01 13:45:31,deployment,cartservice,227,114,3,,,
2026-09-01 13:45:31,deployment,checkoutservice,48,34,3,,,
2026-09-01 13:45:31,deployment,currencyservice,375,189,3,,,
2026-09-01 13:45:31,deployment,emailservice,14,40,1,,,
2026-09-01 13:45:31,deployment,frontend,780,122,10,,,
2026-09-01 13:45:31,http_p95_latency,frontend,,,,,,224.9
2026-09-01 13:45:31,deployment,paymentservice,11,30,1,,,
2026-09-01 13:45:31,deployment,productcatalogservice,390,34,4,,,
2026-09-01 13:45:31,deployment,recommendationservice,307,163,4,,,
2026-09-01 13:45:31,deployment,redis-cart,19,44,1,,,
2026-09-01 13:45:31,deployment,shippingservice,30,9,1,,,
2026-09-01 13:45:31,autoscaler,customdas-cpu-queue-autoscaler-adservice,3,60,1,,,
2026-09-01 13:45:31,autoscaler,customdas-cpu-queue-autoscaler-cartservice,5,60,1,,,
2026-09-01 13:45:31,autoscaler,customdas-cpu-queue-autoscaler-checkoutservice,4,60,1,,,
2026-09-01 13:45:31,autoscaler,customdas-cpu-queue-autoscaler-currencyservice,6,60,1,,,
2026-09-01 13:45:31,autoscaler,customdas-cpu-queue-autoscaler-emailservice,4,60,1,,,
2026-09-01 13:45:31,autoscaler,customdas-cpu-queue-autoscaler-frontend,11,60,1,,,
2026-09-01 13:45:31,autoscaler,customdas-cpu-queue-autoscaler-paymentservice,5,60,1,,,
2026-09-01 13:45:31,autoscaler,customdas-cpu-queue-autoscaler-productcatalogservice,6,60,1,,,
2026-09-01 13:45:31,autoscaler,customdas-cpu-queue-autoscaler-recommendationservice,5,60,1,,,
2026-09-01 13:45:31,autoscaler,customdas-cpu-queue-autoscaler-shippingservice,4,60,1,,,
2026-09-01 13:45:31,node,ze-master-node,2949,3985,,73.7,50.2,
2026-09-01 13:45:31,node,ze-worker-node,2447,2196,,61.2,27.7,
2026-09-01 13:45:39,deployment,adservice,63,177,2,,,
2026-09-01 13:45:39,deployment,cartservice,219,114,3,,,
2026-09-01 13:45:39,deployment,checkoutservice,47,33,3,,,
2026-09-01 13:45:39,deployment,currencyservice,328,189,3,,,
2026-09-01 13:45:39,deployment,emailservice,19,40,1,,,
2026-09-01 13:45:39,deployment,frontend,704,123,10,,,
2026-09-01 13:45:39,http_p95_latency,frontend,,,,,,224.9
2026-09-01 13:45:39,deployment,paymentservice,11,32,1,,,
2026-09-01 13:45:39,deployment,productcatalogservice,362,36,4,,,
2026-09-01 13:45:39,deployment,recommendationservice,286,165,4,,,
2026-09-01 13:45:39,deployment,redis-cart,18,45,1,,,
2026-09-01 13:45:39,deployment,shippingservice,32,11,1,,,
2026-09-01 13:45:39,autoscaler,customdas-cpu-queue-autoscaler-adservice,3,60,1,,,
2026-09-01 13:45:39,autoscaler,customdas-cpu-queue-autoscaler-cartservice,0,60,1,,,
2026-09-01 13:45:39,autoscaler,customdas-cpu-queue-autoscaler-checkoutservice,6,60,1,,,
2026-09-01 13:45:39,autoscaler,customdas-cpu-queue-autoscaler-currencyservice,6,60,1,,,
2026-09-01 13:45:39,autoscaler,customdas-cpu-queue-autoscaler-emailservice,6,60,1,,,
2026-09-01 13:45:39,autoscaler,customdas-cpu-queue-autoscaler-frontend,6,60,1,,,
2026-09-01 13:45:39,autoscaler,customdas-cpu-queue-autoscaler-paymentservice,2,60,1,,,
2026-09-01 13:45:39,autoscaler,customdas-cpu-queue-autoscaler-productcatalogservice,8,60,1,,,
2026-09-01 13:45:39,autoscaler,customdas-cpu-queue-autoscaler-recommendationservice,5,60,1,,,
2026-09-01 13:45:39,autoscaler,customdas-cpu-queue-autoscaler-shippingservice,4,60,1,,,
2026-09-01 13:45:39,node,ze-master-node,2949,3985,,73.7,50.2,
2026-09-01 13:45:39,node,ze-worker-node,2447,2196,,61.2,27.7,
2026-09-01 13:45:48,deployment,adservice,63,177,2,,,
2026-09-01 13:45:48,deployment,cartservice,219,114,3,,,
2026-09-01 13:45:48,deployment,checkoutservice,47,33,3,,,
2026-09-01 13:45:48,deployment,currencyservice,337,189,3,,,
2026-09-01 13:45:48,deployment,emailservice,17,40,1,,,
2026-09-01 13:45:48,deployment,frontend,709,122,10,,,
2026-09-01 13:45:48,http_p95_latency,frontend,,,,,,226.4
2026-09-01 13:45:48,deployment,paymentservice,11,31,1,,,
2026-09-01 13:45:48,deployment,productcatalogservice,363,36,4,,,
2026-09-01 13:45:48,deployment,recommendationservice,290,164,4,,,
2026-09-01 13:45:48,deployment,redis-cart,17,44,1,,,
2026-09-01 13:45:48,deployment,shippingservice,31,9,1,,,
2026-09-01 13:45:48,autoscaler,customdas-cpu-queue-autoscaler-adservice,4,60,1,,,
2026-09-01 13:45:48,autoscaler,customdas-cpu-queue-autoscaler-cartservice,8,60,1,,,
2026-09-01 13:45:48,autoscaler,customdas-cpu-queue-autoscaler-checkoutservice,8,60,1,,,
2026-09-01 13:45:48,autoscaler,customdas-cpu-queue-autoscaler-currencyservice,6,60,1,,,
2026-09-01 13:45:48,autoscaler,customdas-cpu-queue-autoscaler-emailservice,3,60,1,,,
2026-09-01 13:45:48,autoscaler,customdas-cpu-queue-autoscaler-frontend,14,60,1,,,
2026-09-01 13:45:48,autoscaler,customdas-cpu-queue-autoscaler-paymentservice,2,60,1,,,
2026-09-01 13:45:48,autoscaler,customdas-cpu-queue-autoscaler-productcatalogservice,5,60,1,,,
2026-09-01 13:45:48,autoscaler,customdas-cpu-queue-autoscaler-recommendationservice,6,60,1,,,
2026-09-01 13:45:48,autoscaler,customdas-cpu-queue-autoscaler-shippingservice,4,60,1,,,
2026-09-01 13:45:48,node,ze-master-node,2940,3981,,73.5,50.1,
2026-09-01 13:45:48,node,ze-worker-node,2443,2194,,61.1,27.6,
2026-09-01 13:45:58,deployment,adservice,61,177,2,,,
2026-09-01 13:45:58,deployment,cartservice,199,114,3,,,
2026-09-01 13:45:58,deployment,checkoutservice,48,34,3,,,
2026-09-01 13:45:58,deployment,currencyservice,337,189,3,,,
2026-09-01 13:45:58,deployment,emailservice,17,40,1,,,
2026-09-01 13:45:58,deployment,frontend,709,122,10,,,
2026-09-01 13:45:58,http_p95_latency,frontend,,,,,,211.7
2026-09-01 13:45:58,deployment,paymentservice,11,31,1,,,
2026-09-01 13:45:58,deployment,productcatalogservice,363,36,4,,,
2026-09-01 13:45:58,deployment,recommendationservice,290,164,4,,,
2026-09-01 13:45:58,deployment,redis-cart,17,44,1,,,
2026-09-01 13:45:58,deployment,shippingservice,31,9,1,,,
2026-09-01 13:45:58,autoscaler,customdas-cpu-queue-autoscaler-adservice,4,60,1,,,
2026-09-01 13:45:58,autoscaler,customdas-cpu-queue-autoscaler-cartservice,8,60,1,,,
2026-09-01 13:45:58,autoscaler,customdas-cpu-queue-autoscaler-checkoutservice,8,60,1,,,
2026-09-01 13:45:58,autoscaler,customdas-cpu-queue-autoscaler-currencyservice,6,60,1,,,
2026-09-01 13:45:58,autoscaler,customdas-cpu-queue-autoscaler-emailservice,3,60,1,,,
2026-09-01 13:45:58,autoscaler,customdas-cpu-queue-autoscaler-frontend,14,60,1,,,
2026-09-01 13:45:58,autoscaler,customdas-cpu-queue-autoscaler-paymentservice,2,60,1,,,
2026-09-01 13:45:58,autoscaler,customdas-cpu-queue-autoscaler-productcatalogservice,5,60,1,,,
2026-09-01 13:45:58,autoscaler,customdas-cpu-queue-autoscaler-recommendationservice,6,60,1,,,
2026-09-01 13:45:58,autoscaler,customdas-cpu-queue-autoscaler-shippingservice,4,60,1,,,
2026-09-01 13:45:58,node,ze-master-node,2940,3981,,73.5,50.1,
2026-09-01 13:45:58,node,ze-worker-node,2443,2194,,61.1,27.6,
2026-09-01 13:46:06,deployment,adservice,59,177,2,,,
2026-09-01 13:46:06,deployment,cartservice,181,114,3,,,
2026-09-01 13:46:06,deployment,checkoutservice,49,34,3,,,
2026-09-01 13:46:06,deployment,currencyservice,329,191,3,,,
2026-09-01 13:46:06,deployment,emailservice,18,40,1,,,
2026-09-01 13:46:06,deployment,frontend,695,124,10,,,
2026-09-01 13:46:06,http_p95_latency,frontend,,,,,,211.7
2026-09-01 13:46:06,deployment,paymentservice,10,31,1,,,
2026-09-01 13:46:06,deployment,productcatalogservice,357,34,4,,,
2026-09-01 13:46:06,deployment,recommendationservice,275,165,4,,,
2026-09-01 13:46:06,deployment,redis-cart,17,44,1,,,
2026-09-01 13:46:06,deployment,shippingservice,29,9,1,,,
2026-09-01 13:46:06,autoscaler,customdas-cpu-queue-autoscaler-adservice,3,60,1,,,
2026-09-01 13:46:06,autoscaler,customdas-cpu-queue-autoscaler-cartservice,0,60,1,,,
2026-09-01 13:46:06,autoscaler,customdas-cpu-queue-autoscaler-checkoutservice,4,60,1,,,
2026-09-01 13:46:06,autoscaler,customdas-cpu-queue-autoscaler-currencyservice,5,60,1,,,
2026-09-01 13:46:06,autoscaler,customdas-cpu-queue-autoscaler-emailservice,6,60,1,,,
2026-09-01 13:46:06,autoscaler,customdas-cpu-queue-autoscaler-frontend,14,60,1,,,
2026-09-01 13:46:06,autoscaler,customdas-cpu-queue-autoscaler-paymentservice,3,60,1,,,
2026-09-01 13:46:06,autoscaler,customdas-cpu-queue-autoscaler-productcatalogservice,6,60,1,,,
2026-09-01 13:46:06,autoscaler,customdas-cpu-queue-autoscaler-recommendationservice,6,60,1,,,
2026-09-01 13:46:06,autoscaler,customdas-cpu-queue-autoscaler-shippingservice,4,60,1,,,
2026-09-01 13:46:06,node,ze-master-node,2766,3999,,69.2,50.4,
2026-09-01 13:46:06,node,ze-worker-node,2431,2201,,60.8,27.7,
